0
0
0
0
0
0
0
1787.84
151475
380726
357710
791591
780760
486704
398463
270894
17752
1819.6
24081
15065.8
15154.3
8790.24
13036.2
17776.2
22864.8
39337.7
45301.3
59355.4
59354
63024.2
55775.7
108533
66199
58825
98031.9
51057.4
84101.7
111042
83012.3
64184.2
124118
52410.5
77923
70160.6
58315.8
41116.3
55182.4
63866.6
60991.3
50067.9
70957.8
57067.7
41395
60955.7
65675.7
62169.8
69319.7
77083
77358.6
29474.6
56201.9
55078.2
55644.7
79879.9
52304.4
52881.8
101207
79982.6
60678.4
86511.7
71400.9
80662.3
69790.8
61634.2
53192.4
57087.1
68986
50999.7
47892.9
44988.2
34878.7
47283
67462.8
74296.2
62137.5
38932.5
84231.9
55052.6
42432.2
50039.4
86749.2
46642.1
55025.7
61550
42350.2
81970.3
51601.5
74896.2
55322.5
75340.2
53734.4
38117.1
75781.7
71361.8
69112.2
75205
73688.9
77286.6
63685.7
60077.9
76416.5
70042.9
66479.2
85304.2
75423.4
31870.3
58960.6
68333.1
66756.8
49152.8
73492.2
86728
61689.4
59279.6
99580.2
69665.2
105597
47937.8
84296.3
64847.6
77813.2
34585.2
67236.5
64456.5
53200.9
74946.5
73549.8
94498.1
62085.1
47162.8
59112.9
52762.2
63080.6
51408.2
102748
79255
50345.4
65620.6
77808.7
56652.6
118164
66449.9
66951.7
85285.1
57825
73837.5
30183
101084
91392.4
60892.6
86880.4
45384.8
47173.7
64580.7
82914.8
58369.1
68130.4
60388.9
74041.5
76750.5
63486.6
60276.8
80587.9
51219.5
43995
88409.2
91765.8
44070.6
63507.2
59193.4
72220.3
55153.9
70260.1
86093.4
70801.5
64754.6
89476.2
66181
41172.2
58417.6
51841.5
78385
54199.7
42498.9
70825
56183.7
64857.8
70555.8
40342.3
61384.8
82269.3
58431.4
52119.5
62459.4
37587.2
65365.3
50901.3
69665
74365.5
56964.8
35179.5
46104.5
71600.5
50696.5
47806.6
88249.8
72146.2
75271.8
35788.9
27590.6
40997.2
60067.8
71961.3
34724.4
58840
76968.6
35679.9
39483.5
53072.6
70524.7
90742.6
67926.9
58416.2
50894.5
40993.8
76927.4
33315.5
71176.3
78468.3
56264.8
45583.3
50114.3
63282.5
68074.3
80912.6
58724.4
62262.4
60417.1
37327.5
36968.2
25727.2
58612
83182.7
57381.8
27494
39305
51421.4
58403
52597
38263.4
81208.7
39586.7
64241.6
48230.8
59573.4
66611.1
55005.8
91465.3
59098.7
35040.9
35021.4
53068.5
63160.5
39655.3
57627
46257.9
45074.5
74653.4
54180
38911.8
72478.8
85502
47508.1
44364
45987.8
64333.8
43525.4
54157.1
44392.3
50121.5
47610.6
80720.2
27510.2
55482.8
78046.6
41365.9
30576.4
67713.8
36558.1
31004.6
54672.6
50312.9
54641.3
61427.2
29624.9
29617.8
38285.4
50862.7
74039.8
50580.5
42817
68649.5
62128.7
63844.8
68232.2
48503.4
53099.5
48819.8
31853.9
64652.1
49958.6
57821.6
79612.1
61853.9
28552.5
32327
50081
48791.1
41376.5
80222.7
45120
37431
37696.6
66495.3
31085.8
39031.8
38352.4
59704.7
39686
57499.5
36423.4
68592.2
66589.4
66567.1
74872.5
75002.3
41245.6
32867
47827.1
70368.8
17558.6
32895.3
43337.7
81503.8
43855.3
61926.7
55464.2
56893.9
39767.8
56289.2
53162.9
63077
59831.2
28348.2
57110.4
63090.2
49366.8
53393.4
48024.9
48045.4
55821
56389.1
32246.9
47070.1
51251.9
56301
51172.4
94150
45778.7
55256.8
50515.8
53973.4
61729.1
61663.8
61030.6
54188.9
71777.7
26151.4
52875.1
57828.3
54295.9
46192.9
47366.7
76807.1
64301.6
60057
55206.9
60861.9
38277.2
44256
51531.3
53715.6
48588.6
49508.5
54301.6
33503.4
39815
56316.4
45037.5
37201.6
54882.8
34723.8
35463.3
38697.1
49594
51248.6
55169.7
46267
65168.6
66148.6
44082.8
70325.9
42541.8
50641.7
49630.1
50826.3
44275.8
48403.9
56253.6
55819.4
34187.8
48145
50156.6
44916.2
55883.7
76403.8
45637.5
49298.4
45187.4
61755.4
66533.7
71798.6
35955.3
44692.6
59286.7
49871
40300.6
40088.8
43549.7
51063.7
66529
79761.1
47375.3
40862
39669
38503.4
26544.8
49177.4
51869.8
37189.4
20685.5
45041.4
39313.3
37612.8
63973.8
40077
33960.9
42686.1
45047.4
37751.1
62591.2
44326.8
43417.1
57067.4
49918.6
36823.8
42495.2
37311.4
38116.9
57981.1
40477.9
53510.9
38287.8
47124.7
59397.1
48874.2
60655.8
67638.8
52697.4
29574
31913.1
44621
46429.2
42217.4
59833.3
40986
34674.6
47831.9
53029.2
28567.7
70925.4
44923.9
38571.1
61938.8
33426.2
41731.6
42476.8
35650.6
36925.4
44781.1
43625.4
73233.3
30596.4
19243.8
56463.2
17745.1
33177.7
55425.8
54786.7
51861
43014.2
53352.7
39690
40217
37017.7
34015.4
36744.6
29930.2
56883.8
39071.8
25282.2
33557.8
40460.6
85108.9
44264.8
51055.7
44404.7
40538.2
42901.3
58341.2
47729
63470.1
24612.6
54635.1
47978.4
36287.5
47958.7
39333.1
58474.6
61115.9
45779.1
33161.7
24317.8
43216.3
64477.7
36430.1
46349
26638.2
47183
42667.3
56032.2
51665.8
67133.2
43351.5
36483.5
48071.4
63095.4
42350.1
54981.8
69261.4
42845
49851.3
33344.8
41557
64401.1
52077.1
25564.6
39728
55297.9
47392.5
70076.3
36302.6
33983.7
41544
56366
46479.9
40655.8
25911.2
63857.1
50839
40317.5
61870.4
94010.9
47552.7
61168.7
37014.1
39356.7
40274.1
39331.4
48959.6
52766
34371.1
61950.2
52651.8
43960.5
45589.2
48059.9
41966.4
70099.4
37415.7
50115.2
56106
45086.1
86329.4
34764.9
41351
33325.6
31555.1
43064.8
47332.3
61325.5
45114.2
34151.1
61536.2
39846.6
79650.6
71556.6
51299.6
51745
36290.1
44715.5
54418
40670.5
40975.8
30824
29200.9
42416.9
73294.9
60112.4
46219.3
60414.4
56067.4
28914.3
31614.8
68485.5
28752.6
56272.2
47923.8
43266.4
71617.6
35205.9
55344.3
49548.5
31897.3
31579.4
66822.8
19195.1
49787.3
41874.9
59307
23462.6
23484.9
54884.2
44049
29692.3
50791.4
50690.2
35663.9
74635
55659.8
41712.5
60399
46485.8
66026.2
45141.6
73427
52609.4
58284.6
59192.9
25594.8
73855
32306.6
48033.3
38650.6
49581.4
43474.6
57794.3
76199.4
53857.8
55833.5
59059
41359.7
37020.5
76057.4
41433.1
79821.5
58653.2
58452.6
34429.2
50429.3
72927.8
47975
47551
38677.4
44869
64527.5
88013.7
69642.7
52773.3
45772.6
60227.6
51354
57801
39549.5
60861.3
56755.4
68465.8
27442.8
37763.4
29655.5
67381.3
27511.9
46589.7
27738.8
47394.6
29753.6
33474.2
41153.3
48715.2
55962.2
56496.6
54413
39937.9
42991.1
64071.6
29427.9
45237.8
44102.8
53690.4
23962.1
38276.2
44926.2
38717.9
20135.3
53267.4
30226.5
53435.8
32280.3
62187.1
24900.9
29709.3
27181
33654.6
34618.3
62833
61753.4
33335.2
59247.4
41913.6
46076
39536.1
47932.1
27103.6
39163
36332.2
45043.5
36825.8
63059.2
47620.7
47142.8
67295.1
28250.4
46731.4
47378.6
39874.9
54609.4
39672.7
46079.6
38367.8
33532.2
30092.2
45660
66366.2
61343
34664
47187.3
49043.5
40518.1
39673.9
55282.8
59318.1
32023.4
35568.8
58937.9
48058.9
35318.6
32919.4
48819.6
29437.6
47048.9
46555.1
28911.8
45486.6
56534.8
81272.2
29236.6
43369.9
51076.6
47364.4
61086.7
45201.9
48815.4
46564.5
48557.1
52881.8
31363.4
52040.3
63207.9
21888.2
41835.6
39992.7
47586.4
72635.7
39524.9
35756.9
40868
54453
54499.1
55085.4
54527.4
44761.8
37695.1
23531.5
63072.5
45449
52763.8
44115
55753
50367.2
71439.6
59544.3
20277.4
50736
22842.8
37481
49464.2
46431.8
36931
37695.8
61354.8
43628.8
47624.1
41854.7
35921
28138.5
37389.7
49398
43529
32567.5
45977.9
56913.1
33390.4
31284.3
28539.4
29568.6
35773.2
63272.2
57981.2
33286.3
33638.7
46550.5
39616.9
54867.1
34548.5
38338.6
50477
30828.8
61721
43917.8
37474.8
39477
55972.2
43875.6
37241
59769.1
38507.4
51536.7
43976.2
50008.4
43407.4
53955.3
25444.6
34280.8
42946.1
31969.8
40531.7
59783.2
45033
54682.2
31656.8
41430
31718.8
55392.1
54260.4
61006.5
34535.8
49157.5
40431.3
27100
33423.7
69072.2
36783.8
63022.8
30219.3
55994.1
41389.5
50778.6
59317.4
38680
47492.5
46532.6
32936.9
44210.2
46715.8
30232.8
28422.6
55395.4
35936.6
32997.4
68081.8
32159.9
33913.7
62771.3
55654.9
40394.2
58627.2
53333.8
32269
28131
63813.4
30430.2
58137.3
36678.9
49312.8
48959.4
33407.6
32342.6
35000.7
57094.5
52826
37203
57668.4
43458.4
37316.4
30052.7
25700.3
31401.9
48404.1
49157.3
39499.4
42525.8
73610.1
55962.5
69228.6
43444.4
60023.1
52889.2
50096.1
34763.8
38268.1
37985.9
38169
63890.8
33938.1
55774.7
50226.3
44800.6
32387.5
51229.5
44658.1
56546.1
37259.2
50765.4
39192.9
44262.5
33187
59573.2
39757.6
42581.4
37876.1
34986.5
42186.9
56167.3
67749.6
50087.6
41214.9
69581
46290.6
39217.9
23423.9
44380.7
42072.2
55491.2
54036.8
40536.9
54090.2
59079
69465
40114.4
20954.1
40901.7
42268.9
41831.4
62851.2
35574.6
59808.1
30021.4
48074.4
25201.3
43681
28621.3
35027.4
41855.4
44541.4
47845.8
54728.6
46846.8
42413
50665.8
28971.6
44014
78731.8
60543
36587.4
55274
53299.1
29611
35482.3
47717.7
54729
53310.7
36051.4
47515.1
55332.7
27628.6
36524.4
32640.9
50736.4
23750.1
45821.7
71164.9
35696.1
51966.9
30970.9
55163.8
47892.6
28834.1
30032
31396.1
28837.8
53245
40040.2
55750.2
31490.6
38504.2
58479.4
61095.5
36176.2
37593.4
80958.8
37083.7
41067.4
33307.2
41441.2
44908.5
47057.9
59169.6
54765.4
38252.8
57613.5
59043
46044.4
43649.4
37349.7
67142
56315
63009.7
57712.7
28978.8
30057.5
51920.9
43335
62427
73905.2
44068.6
31499
59791.6
46910.2
43399.5
44817.5
37633.1
46020.4
72512.9
45773.7
36123.8
26643.6
35112.1
43828.6
27194.1
33002.2
53633.6
83502.9
56485.8
41415.9
46094.2
50034.1
32030.7
55280.9
31606.6
75662.8
49055
68880.5
56184
42667.8
64058.5
38563.4
27119
34400
34325
43295
49332.7
33979.4
47353.6
63943.5
38206.6
37466.2
24850.2
28508.1
48319.7
38317.5
36193.3
55327.5
43143.7
60046.3
38820.7
43685.8
27228.5
35420.5
22043.8
50743.2
38505.8
54203.3
39096.8
44149
29700.3
49833.9
27713.9
46059
42629.4
47936.5
31961.8
33588.9
30935.7
48367.5
62781.9
40047.1
34469.5
56790.3
25997.9
40094.5
48342.7
24335.4
42161.1
51338.4
44491.5
57524.7
38111.6
41318.7
50585.2
44801.8
22632
52257.9
66143.3
48136.6
34510.8
42458.4
33697.3
54109.1
47863.4
22518
43017.8
37091.2
49889.9
52215.4
28722.5
38815.1
36369.4
41498.3
45009.7
52883.7
36467.8
48341.9
31508.5
44006
41596.9
49249.4
41313.8
42357.8
73282.2
37478.6
42895
50471.8
33208.7
38510.3
32441.5
53003
41006.9
27027.4
81563.5
55466.6
34153.8
34468.6
44214.7
48901.6
53421.7
52638.2
39042.6
43230.2
52100.9
29292.3
31686.2
42248.9
30082.9
45034.8
46343.9
27275.4
49028
39850
51663
61134
52116.7
46969
42315.1
53501
39219.9
49195
47220.1
52009.1
60064.8
28426
45036
23616.6
42424.6
43235.2
53773.5
42083.4
53067.4
31434.4
40589.5
57525.5
39042.4
35033.9
45283.8
59682.2
39067.8
32088.3
34166.5
53680.5
30897
38348.3
58614.6
39753.8
52783.9
46373.7
60030
67798.2
51075.4
64243.2
60830.2
37685.7
33066.5
34960
39265.5
52125
43975.3
22896.6
45109
41593.8
25114.5
39433.4
24034.5
42895.7
42569.3
47526.3
42364.7
44296.7
35832.2
46221
55653.4
59449.2
28516.6
25248.6
38669.6
47126.3
26392.5
24749.5
39929.6
60145.6
41934.9
18635
25648.4
40774.2
50325.4
38257.8
26598.5
46660.9
35944.4
38379.3
42592.7
41721.6
87137.5
51518.5
64993.1
45645.8
43261.4
59528.1
37457.8
56086.8
22414.6
23492.9
50606
54185.6
48926.2
58663
56946.9
32957
53715.5
71997
34952.2
60645.5
48528.2
22777.7
66043.4
36283.1
48563.5
28541
52917.5
33587.7
34089
46372.5
43300.5
76203.4
54115.4
56157.8
24922.8
45405.7
47243.8
44868.3
38286.3
36423.4
47553.4
65140.6
38303.8
42216.8
60964.2
39163.4
16961.3
26306.2
31840.7
78393.8
34503.7
62994.4
30737
60072.8
40046.7
51658.4
33278.7
33432.7
28456.6
30914.9
45200.7
52682
33521.8
73032.1
29785.6
27998
37405.7
44877.8
51149.6
45233.6
53263.5
43373.5
40737
44237.2
49525
50016.3
55381.1
47625.9
63305.8
24540
37937
22334.1
36070.8
35282.5
57339
14896.2
27547.2
36338.2
61117.2
47837.8
67070.1
47625
37689.4
61060.2
45098.9
24783.4
37696.8
21481.1
59308.9
28913.8
24931
47203.4
22587
31392.5
35464.8
44491.1
36365
38514.9
39923.9
22462.5
43107.4
38507.3
38471.6
46705.7
49138.1
21359
51762.6
35729.6
37137
46967.6
20427.6
29999
51772
37898.3
57414.5
27118.4
54554.4
27448.2
50355.2
38794.8
22512.4
26159.4
40577.1
36842.1
43609.3
34323.8
27006.3
46152.6
51829.2
35503
65430.7
33020.2
64159.6
45406.8
38994.2
46062.9
42351.1
40883.6
64948.2
21142.7
46096.1
46529.8
24626.9
42522.9
29870.3
53014.2
45951
42135.5
52911.8
46762.5
52756
25887.4
43185.6
41220.7
69967.4
40915.1
43320.9
28522.4
27618.8
38797.4
43991.9
47430.2
30915.1
29900.7
25259.7
46283
45180.2
27027.2
31646.3
43353.5
29128.2
45280.8
33828.8
38844.6
59668.1
48321.4
32491.6
39868.7
27252.7
52919.4
40705.3
39661
32916.7
30772.4
37814
52465.3
16012.3
42204.7
24541.3
54665.8
33890.2
56888.3
24888.1
40951.4
48058
58017
47582.2
26623.3
41571.8
56350.3
54324.4
42697.4
49781
31965.2
42071.8
48086.4
46196.6
31780.7
54614.4
39233.8
39712.4
29184.2
33003.4
41031
31609.7
39664.2
68955.7
50047.3
36344.7
46010.4
53924.3
35479.8
33135.9
42892.6
47957.3
33508.6
39456.4
41983
40879.5
46590.7
44347.6
33928
69095.4
39999.1
49878.2
47076.3
51195.6
43905.8
33400.5
52469.4
34189
60076.2
43019.6
57570.5
77045
58410.2
70549.8
50991.3
66567.2
35543.8
48656.9
34576
32218.9
33618.4
45567.4
47057.4
36249.4
24597.8
46326.2
41720.2
37763.4
33787.9
33889.5
65858.9
38701
42152.8
46305.7
28783.6
50753.7
57273.6
26048.9
24721.7
25567.4
49205.9
46165.3
35091.4
39311.6
16591
42642.8
37298.8
38881.5
47862.2
82773
33669.2
41694.6
69871.8
42596.9
34253.9
32147.5
28381
45403.2
24986
61230.2
39790.4
26027.8
26092.6
53058.6
50779
71854.7
47839.1
31087.8
46982.7
23027.9
39665.2
36517.7
38461.6
36366
26907.8
38386
47914.5
27115.9
59209
53765.1
35744.7
49430.6
41461.8
40617.7
37514.5
41085.8
32604.2
39830.7
54165.3
26220.1
36083
55111.8
50061.8
36348.2
28990.6
40706.2
54466.3
38235.4
56666.1
24102.5
50645.8
36868.2
52377.6
63036.6
41095.8
31477.8
34248.6
30751.8
38595.4
38710.2
51932.4
44951
38559.5
40410.5
41229.1
31707.4
45801.9
47164.8
35533.4
30063.3
46725.9
35602.2
49516.5
36844.6
40166
17972.9
44543.4
54692.8
52589.5
26874.9
70764.7
37053.7
40805.5
68178.9
30046.3
45031.7
42192.1
47398.3
32443.2
84973.4
38419.4
36805.7
40766.6
29961
62382.9
54098.4
56367.8
71148.5
34075.4
43228.5
18654.1
43116.7
61341
52996.5
40959.1
63577.4
34511.6
58320.9
62891.7
58118.4
51485.4
58371.5
39952.1
44274.4
28609
58431.1
57897.1
55707.6
43931
59096.8
58195
28074.9
64176.1
58871.4
39730.2
51155.3
28380.9
25460.9
43410.8
36870.6
69505.8
43797.8
56567
28587.9
34679.7
55383.9
43426.2
38780
30451.8
24180.3
49751.8
23229.6
31549.8
25227.4
49242.5
39178.8
46233.8
37478.4
21418.4
32706.8
35001.5
46848.6
23464.6
18786.5
45923.5
31978.3
28362.6
26287
59927.4
49429.5
36312.7
53873
47553.8
31353.7
38577.6
57566.2
59708.1
41101.1
39985.5
29637.6
22543.2
37860.7
54735.4
40177.8
46784.1
41829.8
21089.7
46686.5
57575.1
50025.3
42559.3
21356.6
43828.6
42134.4
40759.8
24362.6
45505.4
43249
52912.8
57782.8
40731.3
69862.2
72206.4
27164.3
34805.1
32722.8
48989.2
68970.2
61002.2
45088.1
58929.2
29150.9
54262.3
53563.7
76837.8
43947.9
33807
65040.4
30993.6
66310.2
53905.4
45990.7
39138.2
59311.1
60463.4
30650.5
44592.6
53999.2
50903.7
56331.8
47128.6
38842.2
48296.7
35092.8
35972.6
39922.6
43507
52102.2
39582.6
31104.2
49382.4
50745.8
34116.8
50396.9
40907.3
32276.5
69129.2
62433.8
63105.5
51276.2
48995
71107
62201.7
73007.2
56843.4
39158.6
34333.7
66962.7
62499.4
56915.8
49683.7
51378.6
28762.6
54639
33263.9
76241.9
49360.3
37851
35127.2
36481.4
65629.1
43111.5
40275.5
31375
38342.8
55113.9
43374
47037.2
29472.3
35697.1
33991.4
37922.4
51801.3
43481.5
40697
32755.1
56071
52153.6
47448.5
28652.5
51385.4
55781.1
40185
63831.4
43148.3
31243.4
46751.9
51089.5
42994.2
45105.1
51895.8
31051.8
26188.2
47945
71766.4
57216.3
66860.6
42038.3
62986.6
27239.9
44758.5
42336.6
31549.3
36761.9
41100.6
54777.1
45658
55522.1
71169
48444.4
38021.7
45776.4
51764.2
43242.6
82154.8
44830.6
60268.3
44087.7
48243.4
43892
29429.7
44246.1
52436.1
52964.2
63234.2
100606
94333.4
39467.2
44118.2
48561.4
65692
33929.2
79038.4
56724.8
60705
46570.2
66196.1
62006
65136.6
72088.8
48921.2
72782.9
46654.6
58926.7
52936.1
40006.1
49665.5
31583.3
83767.3
30806.6
61411
59425.6
48227
62082
55079.3
86559.4
47037.9
52004.7
51331.5
31444.1
71758.2
35896.2
53028.2
33589
55178.1
44885.1
44442.2
48064.6
51193.3
48195.8
41597.1
29621.6
74461
41053.4
66527.7
47243.7
47634.3
40019.8
25131.9
49212.7
36615.4
64446.6
63928.2
31713.3
28831.3
63053
46811.1
28222.8
36029.3
58384.8
35280.7
41919.3
41909.2
36323
34047.7
46546.3
48139
47147
38743.1
62420
66435
60652.5
47190.9
38435.1
51262
40512.3
36170.5
67621.4
55863.8
47497.4
49063.8
39592.1
65520.6
65577.4
60385.4
44706.9
49004.3
74703.8
37509.9
61917.4
40701.5
48278.7
29005.4
18056.3
43689.4
89080.1
63696.2
57330.6
32355.3
49839.8
41374.4
53677.5
45021
53657.4
53579.5
43557.3
52563.2
32900.6
63515.8
28428.1
48515.1
36635.8
44626.6
25776.1
17937.4
39229.4
63166.1
45312.2
24185.8
31274.4
57397.9
47583.7
28211.1
46319.1
41111.8
25655.3
38863
41243.4
32135.8
37671.4
41720.4
42965
36562.9
32245
33447.8
33519.7
46945.4
35845.4
35921.2
52019.8
47412.3
30815.7
40160.5
50123.2
64619
47242.1
24215.1
45979.4
32085
34542
45669.4
58797
39810.7
36986.9
36668.5
43392.7
71846.6
49254.5
47496.7
33499.2
59313.3
36766.2
49846.6
45012.1
40604
30585.7
60847
42314.7
34456.2
49701.8
39374.3
46105.4
40855.2
33657.8
45985.5
40945.4
52218.6
29551
28991.8
55191.8
48367.2
37575.7
67587.4
58816.9
46974.3
34110.2
27954.5
50104.8
46166.7
63097.6
59052.6
64978.4
40355.4
42631.9
35110.3
47775.7
35181.8
39147.4
27735.8
51729.1
57670
46371.3
49467.8
49574.7
47657.5
38105.6
44109
77398.4
52900.6
41199.8
62124.3
47276.3
36881.8
84457.3
33956.3
53305.3
52795.5
38816.8
59029.6
54646.9
59951.8
44834.6
43556.5
31082.3
56347.8
40915.4
62033.9
61031
44148.2
43032.2
40982.3
36862.9
37516.2
43522.3
43107.8
55006
65769
45099
52035.3
42367
43224.7
41602.3
67041.2
29097.2
31642.1
43437.7
57860.4
43732
54332
62639.2
61202.8
73655.4
34407.9
30329.7
71475.8
44532.6
43071.8
46215.1
41121.4
76990.1
57596.7
54793.5
42227.4
33832.2
61264.1
42110
53260.6
36181.2
39390.5
32655.9
85026.7
59311.2
27955.6
49206.3
38945.8
46568.4
71861.4
45105.1
32112.1
48670.2
28683.7
38579.4
79457.4
43713.3
50449.8
31870.4
23905.7
35073.2
50269.9
35178.2
71401.1
65822.9
42226.9
60222.5
40108.6
54583.5
68021.2
34698.4
56442.4
48035.5
61330.5
60872.8
44845.8
36860.7
60665.9
33528.6
36041
59978.3
32604.9
54691.8
55447.4
33431.7
58178.2
42543.5
44893.5
49480.6
48504.4
46993.8
58760
28166.6
70208.5
54432.7
39855
31414.3
53004.7
28097
47409.4
37954.3
51806.7
58014.3
42391
87007.4
44118.8
64295.3
58171.4
37831.1
38717.2
55133.5
43200.5
52727.4
47395.4
51334.5
38964.9
54044.3
64946.5
50364.7
65455.4
40095.9
40495.9
47396.2
46468
29547.3
43117.1
39522.7
50175.5
23240.5
48419
44120.1
47261.8
45155.8
41821
69694
43598.2
59473.6
36954.4
68029.6
49809.7
32133
60065.4
41132.3
28529.3
51498.5
53537.4
32130.6
58314.4
54947.8
55958.1
38247.8
40611.4
30475.5
55520.4
61397.6
65842
59147.3
45607.4
44562.4
52616.8
78258.1
51810.6
54062.7
53450.1
50601.4
48085
39296.9
53050
64248.6
43560.6
80389.8
41845.3
57581.3
51014.5
69215.8
57121.9
62546.6
49850.8
57454.9
38101.1
71162.6
34364.8
52509.4
54458.4
53877.8
37448.9
59913.5
39524.2
46812.6
48010.7
33964.6
47286.7
67357
62572.8
36478.5
59728.3
69015.5
45996.1
46986.2
44192.6
60652.3
56397.8
80181.7
50649
48908.8
48273
48733.5
49733.1
40088.1
67516.3
56124.2
30866.2
51252.3
29674.9
51320.4
26863.4
50041.3
47754.4
54824.7
51093
42652.3
33828.2
47278.3
38096.6
45654
40459
38825.7
44967
21276.2
54159
31817.6
61186.2
34441.2
24546.2
78763.9
25744
41412.4
43224.2
55583
39388.6
58404.6
47886.9
22888.9
73262.9
63567.2
74847.6
42169.8
56764.1
68090.6
32979.8
30974.6
53406.6
69383.4
40081.4
68509.9
25812.2
32983.1
75961.6
57271.3
65616.6
58831.4
61548.9
50731.4
66947.8
39170.7
48900.8
60337.4
38091.6
47133.3
54377.9
37486
55977
45766.9
53433.4
36663.4
43075.5
58294
27553.6
57550.2
48464.4
68459
64819
70787.2
30270.6
30233.6
33699.9
41367.5
83178.3
47414
50022.2
31230.2
47656.2
47153
47373.8
49324.7
68447
60909.7
44844.4
46880
60857.6
41981.2
54880.7
40167.9
21490.3
41028.2
41703.9
53840.3
36901
49527.5
45503.1
69207
39122.3
58125.2
45608.4
49502.4
61731.9
58487.8
55855.8
38476.9
43575.4
75348.7
70203.8
67431.1
63293
57483
54568.8
57564.6
71204.1
49110.6
58614.2
50705.2
46894.7
87807.4
34825
46160.3
46939.4
53323
55300.2
53246.2
57927.8
84301.4
49167.3
67903.8
53675.5
64756.3
25084.6
29272.6
40643.7
40049.9
31999.8
49029.1
35992.2
49743.8
50192.2
61443.8
31613.5
46373
34569.8
26863.1
27552.6
44890.6
43485.4
49482.7
23933.8
60897.6
76919.9
60919.5
55307.1
51314.8
57283.8
59100.6
63767.4
36458.3
68626.4
47391.8
58613.3
41427.4
31970.2
67269.8
41598.2
54966.7
67991.3
58567.5
57794.2
72493.1
30425.6
47247
44593.4
41784.1
36523.4
28331.7
27146.4
59263.1
45969
54179.4
46507.4
70383.4
55076.2
49192.8
70423.6
56668.7
43604.2
44745.8
71015.8
52862.2
40787.8
49253.5
39093.4
30453.4
41174
49563.6
67472
70832.2
42925.2
26626.5
35739.1
57686.9
48844
32782.3
66188.6
56141.3
45546
29782.1
56655.6
42328.6
48765.4
54278.6
48654.2
28089.9
34061.5
26111.4
46919.1
54936.9
38967
47023.4
79403.8
54308.6
46101.1
54029.8
46305.4
48876.3
59940.6
59165.7
86718.6
26492.1
28432
30675
29507.1
44358.8
53931.2
41640.9
42421.2
71615.8
57689.9
39909.8
36682.6
56850.8
72141.4
45064.5
51221.3
51555.2
65623.8
46211.4
39747.8
57957.3
65837.3
54078.6
39336.9
32134
58488.2
60106.2
56513.4
63773.8
42130.8
48328.4
37530.5
69801
67929.6
36386.6
67908.2
63581.4
40296.2
26069.4
43507.3
53834.6
57671.6
36630.6
35985.4
70514.1
64068.6
47611.9
76798.1
39224.1
41487.4
62340.2
26737.5
53643.7
69865.4
44364.4
57656.8
34793.5
73189.8
60752
41003.6
45636.6
70339.4
37819.9
28492.6
54145.3
56432.3
46972.4
73524
49186.8
55604
41541.8
47799.2
56924
54674.5
54344.2
58174.9
72785.6
35211.5
37815
66154.6
43071.1
73374.8
61970.8
46611.4
78324.1
53078
30131.6
54145.8
53334.7
55094.6
54707.1
69398.5
69984.5
64530.1
41936.9
54170.6
73023.2
30673.3
51988.4
68622.2
34813.4
58246.2
59875.6
69589.4
53561.7
29137.3
59626.6
56934.5
44897.6
43079.3
43814.6
63985.9
35126.6
38385.4
39209
46991.4
50938.8
54163.3
45493.8
60517.4
35602.2
47449.4
45104.6
45323.5
34808.5
46227.1
34887.4
29886.9
45211
40060.3
37205.4
48365.7
39961.5
38007.7
25389
35755.6
71013
57845.5
28331.7
37297.1
43210.5
54440.6
31855.2
37508.7
43232
44430.3
37907
49269.7
58852.2
46527.8
36715.4
36701.7
81743
50335.6
46247.4
29551.8
37689.4
23096.4
41800.4
36266.9
57540.5
35504.2
35406.5
30828
50959.3
36337.7
59833.2
34267.8
33810.4
38748.6
49991.3
75763.6
53050.6
68520.9
44805.8
43681.8
33965.2
37209.8
60167.8
54049
35260.8
57664.8
36839.2
41417.7
50920.2
64982.2
49667.1
47280.5
33756.9
18888.8
51466.8
41858.6
68799.7
61597.1
44409.5
41708.1
35302.6
64448.9
61463
38290.8
62487.3
56512.6
40313
36089
54837.7
35653.4
57182.2
43945.8
38860.8
37123.4
54220
34774.6
62248.7
31676.2
38695.9
39977.7
34391.5
32670.4
50709.1
53875.1
37852.8
42026.9
32966.3
36872.2
45303.8
63043
60840.7
41953
50704.8
32326.2
38648.4
68194.6
30499.7
34492.4
65159.7
25714.7
37550.6
84260.8
64835.7
57506.6
28538.5
31626.6
61797.7
38929.5
37175.8
65223.5
50686.6
39962.2
60305
54003.7
41964.6
36965.1
50829.2
41790.3
41465.8
49459.1
42036.1
32041
44998.3
68401.6
46489
47894.3
38893.4
16261
39837
51180.3
42318.1
45977
35296.1
63766.2
43325
38031.4
24934.3
50074.9
53449.7
38367.9
89107.6
34710.1
52063.5
48766.1
70430.2
39773.2
56956.6
47455.3
43392.5
39042.4
82493.4
63526.8
44805
41264.9
27160
40482.5
44832
57340.6
42005.8
26400.2
36944.8
45939.3
47285.4
59476.6
56109.3
57946.5
45795.1
51972.2
31716.4
28466
36473.8
49895.5
58756.8
45808.7
63831.8
29942.2
38049.7
48410.4
30451.1
51614.3
43225.4
57053.4
72723.1
50748
45984.7
43558.8
43053.7
46455.9
62975
46541.7
48767.8
29616.8
41176.1
42552.3
70084
45817.5
44821.8
44947
47462.4
55181.3
22686.3
54301.8
42554.8
25564.2
37819.4
60513.4
39161.4
69887.4
83896
54685.8
56782.2
34439.4
64091.4
54996.8
45061.8
79415.4
48079.4
57736.7
54484.1
73013.3
80208.8
35651.7
44235.4
64550.9
45489.5
39313.5
58173
53733
60819.4
41624.6
46448.2
66404.9
55186
34695.1
36340.1
67743.1
61811
52169.2
58945.9
62698.1
40423
45340.5
84826.2
61451.5
76784.2
38815.1
42593
29298.6
56508.9
40775
52295.5
59899.7
58398.6
60568.9
53254.9
38660.2
58283.1
83094.3
41855.4
62860.3
20251.6
36555.8
22177.8
44063.2
44094.7
48291.5
37644.1
56141
47037.7
41811.8
52685.3
32492.6
26456.5
49889.1
26526.2
46868.3
66990.3
30701.4
65594.5
34189
38649.8
26683.3
41967.7
36184.4
45084.9
57264.9
25940.2
41717.9
94666.6
47186.6
85066.2
41537.3
44728
35598.2
50701.4
44106.2
63555.5
32036.2
54667.4
50678.3
35652.3
78410.2
31850.7
62020.1
45881.6
45838.4
26694.8
57306.6
55550.5
30424
36385.8
67915.1
24979.2
39807.3
42307.8
53055.7
39377.7
35614.2
33419.5
51631.8
52165.4
39689.7
60061.7
39188
31652.7
66595.8
33782.1
37534.5
28967.4
45874
29437.7
65629.2
44722.5
50468.6
77657
65372.5
26992.8
47459.1
63054
32849.3
50681.4
40330
60158
39787.4
21723.8
44783.7
36944
57887.1
74272.4
44907
40083.8
63990.6
49173.8
51847.2
43983.1
62704.5
48127.7
29114.9
27273.4
35946
40565.6
40245.1
68574.8
32541.2
35533.7
40159.4
46772.9
46277.7
34729.8
25003.3
74781
31442.3
44460.4
40568.8
38598.1
41937.8
35787.8
29072.4
27091.8
34507.2
72772.6
46883.4
51921
45219.5
59570.2
28125.8
45266.1
37908.8
53573.5
41640.2
54019.9
34076
37718
64486.2
55017
50660.7
58462.9
61168
51698.3
46473.1
36652.6
54433
39621.5
35605.6
47296.6
46061.4
63025
65150
45176.4
45066.6
58178.6
44971
45124.8
39466.1
23773.8
60404.7
49595
51565.8
38729.3
65687.4
34124.6
42389.4
68559.3
44281
58734.7
49106
42586.6
47140.2
35462.6
32835.1
63479.4
63857.8
42252.6
37878.6
51109
71791.1
58892.5
62069.8
45365
78519.9
72542.7
28797.2
32517.7
46859.4
44798.1
31603.3
34363.4
33213.4
78461.1
54408.2
63745.6
30576.8
38025.3
48358.6
80376.6
69650.8
56019.4
33152.2
31467.4
69034.6
52657.6
75999.8
57899.5
29947.1
36852.6
43789.4
36457.8
37677.8
84995.7
40498.4
47863.4
42346.1
58857.1
70256.6
56307.4
62780.6
37259
33123.8
27409.2
56313.8
42511.2
67078.7
33137.3
44067.4
30844.8
49599.7
49225.5
38899.5
50736.4
34221.6
42633.8
34090.6
47243.8
30071.1
71982.5
35444.4
37336.7
40292.6
76800.6
50341
50184.2
65054.5
51152.5
35875.8
35765.6
37013.9
56107.7
53508.7
34955
49480.2
54539
40922.1
35630.5
39673.4
30960.4
35546.6
47193.8
36117.4
52356.1
30921.6
24402.2
56767.2
29563.4
37559.2
43751.4
45851.9
47735
44829.3
46879.4
17014
39912.2
40719.8
40545.7
59326.2
49114.6
14703.6
46365.7
54524.6
68186.2
33761.8
44344.9
42737.1
48326.2
48335.3
42988.6
73827.1
40725.8
45863.8
64376.8
41727.7
49946.1
44780
89080.6
50009.8
38460.3
65185.3
29099.4
46939.7
67371.6
59988.7
55829.7
85922.1
45928.1
44936.5
43421.1
59544.6
69475.3
45325
52521.4
67974.7
73667.8
44592.3
71969
31624.3
43335.5
59787.4
58154.2
51661.9
26615.1
43812.9
35617.9
39889.4
54379.4
34037.8
28942.4
51009.8
41283.4
59078.9
65327.4
47555.7
62752.3
63448.6
21553.4
51448.4
43121.9
74022.5
66682.7
73942.8
57038.6
44015.9
45582.6
77625.9
35276.2
58070.2
44618.7
51743.7
36945.4
40888.2
55787.5
54562.2
39265.5
42650.1
48958.6
25966.2
38965.2
65830.2
33033.3
33274.1
34303.1
61263.9
35304
33451.4
46424.4
33788.6
36237.7
44199.4
48740.6
50075.5
33189.8
48110.4
47124.2
30164.2
39729
49764.1
26264.2
45391.7
32382.4
47792.3
41432.2
53664.8
31810.5
24070
42764.5
41620.4
68346.1
44438.6
30414.7
36774.9
30440.1
23762
34305
33222.3
62302.6
40342.2
27955
27476.4
41980.2
38057
64391.5
28039.9
31307.8
21627.5
35988.8
34832.4
30807.6
30121.4
36011.8
34441.8
31644.8
57879.7
60423.4
44563.4
26327.5
42037.2
53456.7
21745.1
50396.1
48561
33243
47194.8
36007.6
56239.8
45693.5
73255
31795.4
47066.9
35968.4
41864.6
39468.6
67717
67354.1
52909.3
26898.6
44726.5
38949.3
47641.8
48497.6
69791.8
43958.9
30877.8
42971.2
58593.1
58948.5
34612.5
47394
51216.6
57830.8
36117
34276.1
58324.4
36486.9
51888.4
37267.1
56290.2
49889.6
44374.6
57101.6
69670.1
37493.8
39380.9
97460.7
34638.5
60024
38604.3
46749.8
26295.8
30243
50746.2
58218.2
38733.9
70155.7
64384.2
44108.1
45553.4
33715.4
37596.5
49187.1
53492.6
48968.8
32839.2
56147.9
46013
68981.7
57356.8
57103.7
57361.1
64211.8
85298.3
47257
33792.7
63131.1
52645.8
72989.8
37911.1
92619
54488.6
57138.8
37555.1
29344.5
35548
37107.8
46480.8
50655.7
57934.2
75711
52486.2
24888.2
63957.8
67402.6
57212.2
54920
65635.4
69825.8
62508.9
58055.4
45271.6
44750.6
67763.2
49126.6
55676.3
61942.7
28578.1
50253.7
66213.8
57152.4
40893.8
31708.4
59878.6
71456.7
61624
47565.8
32432.2
46401
77657.8
52815.4
47032.7
52307.8
55890.6
63986.7
31825.9
58730.7
73303
54424.9
32018.3
39486.4
28414.6
61592.7
49292.1
40336
52353.8
53003.8
47349.8
30489.9
44834.2
38281.6
46689.5
44528.9
33113.5
22810.5
57552.5
38066.5
27943.8
34222.6
29992.7
48099.6
39180.9
41927.5
49921.9
51699.5
38443.6
25839.7
44802.3
49436.1
36681.5
36235.9
29910.9
41425.2
22263.8
54737.7
56469.8
38871.2
31608.7
61037.5
37150.6
74552.7
40660.5
64362.7
35684.2
41782.3
40329.4
60332.9
31539.4
44021.4
43896.2
51331
43779.8
44370.6
55878.6
44434.7
61573.4
56501.8
39042.6
37840.3
32619.2
27616.4
50626.5
36817.4
55852.5
44648.5
42361.5
49454.4
41017
46063
57000.6
54307.7
22697.2
39393.4
44750.8
41959.3
26885.7
52834.7
40869.2
55328.2
52773.4
31050.6
58017.9
40533.8
30398.1
50492.6
53775.8
54633.5
24612.2
34428.7
49033
36052.8
25110.7
36277
43633.1
29387.5
40875.4
53265.4
34268.2
35014.6
37103
34310.1
50925.8
40788.4
47933.8
46277.9
43403.4
27964.4
46968.1
28298.7
25166.4
52975
47642.9
43856.7
61571.9
48245.3
43806.7
24495.2
40073
40549.8
46541.1
35407.2
47617.5
56635.3
41521.8
42988.3
36330
51360
40719.5
35633.6
28830.6
31396.8
34791
44603.7
57592.9
64422.3
33634.3
78694.8
49343.7
47632
40431.9
54854.3
42570.6
60889.2
50256.4
50001
33870.1
34569.9
74038.1
53819
34124.2
28466.5
44226.2
40814.1
52312.6
44347
58805
49466.1
29907.2
56423.4
47647.5
54914.4
53148.4
39369.5
28055.3
57009.7
50596.2
47418.8
53916.4
77276.5
38065.6
48037.1
28471.7
62344.8
64915.3
39688.2
63408.4
29727.9
44132.2
36035.4
57665.6
31436.9
70451.8
46453.1
30484.8
81377.3
69345.1
49022.7
49243.8
50193.2
74426.6
41317.8
61046
47059.1
35090.7
74329.5
42004.4
49536.8
63119.6
23324.2
32806
73725.3
32611.9
48866.5
42597.8
49526.9
30884.2
42195.4
36074.2
60428.2
46872.2
32811.5
63753.2
36798.9
53965.8
36399.9
59439.9
36447.7
19532.2
54896.7
43147.8
52773.1
49768.4
35986.2
41831
43713.2
61881.6
64607
47333
37128.6
39461.4
34510.9
43339
71468.6
50772.9
45046.8
27467.9
36947.5
39365.4
56188
49595
42497.8
38730.9
47909.7
33405.5
43703.2
43404.4
39635.6
51380.6
43352.5
46099.8
48166.6
48647.7
30267.2
43497
78419.2
35209
22306.6
81936.2
38304.3
54001.4
65859.7
41383.1
38417.8
46980.2
42197.4
39640
43268.7
32077.6
40270.4
21544.1
53060.4
43018.6
35145.8
34452.6
56069.5
47863.4
62229.1
32089.8
33052.2
31178
39238.1
42905.6
45867.3
43274.4
43450.5
34587.8
32717.4
59983.4
35897.7
49374.8
44792.5
59853.4
39452.8
54992.9
35608.3
22386.6
57662.7
50582.6
25356.3
35767.4
56176.3
49585.9
49266.7
38128.2
68510.6
34861.4
33029.4
44218.6
41529.5
35235.9
57027.7
42302.5
56395
51712
70432.5
58929.5
61968
32940.9
30542.7
80544.6
55300.2
44526.3
57043.9
44940.8
42831.7
64074.6
71446.6
47485.6
56183.4
61015.3
32336.5
64987.1
70136.2
33241
58060.2
44885.2
65903.8
54961.4
44863.5
49981.8
33332.8
37975.2
55123
38033.2
41396.2
42036.2
59353.9
40711
44499.9
44621.5
49829.3
44691.5
32472.9
49414
32121.2
64154.2
46169.2
41384
30591.2
40507.3
47153
68693.9
33904
77956.7
36757.1
50880.1
64093.8
45375.9
53491
36699.2
46237.8
28449.6
31636
47682.2
68129.9
41881.7
44895.6
54717
44901.9
43873.3
59482.4
45402.2
59492.1
52017.7
62521
29019.8
73188.2
68487.7
58330.6
68441.6
54432.5
53622.5
47208
59672
56568.5
31096
30832.4
47149.6
39884.6
43799.5
65134.6
43662.6
43742.5
30593
60980.4
52430
69954.7
57757.7
47259
44703.1
31012.7
53865.2
35783.6
45563.1
62435.5
49562.6
53388
51747.4
49832.2
38227.5
47459.8
34169.1
29709.7
41864.5
35231.4
34565
45370.2
35970.9
32282.8
26654.1
44052.7
34918.6
34294.2
31206.3
74037.1
24313.6
35952.4
32948.9
38066.9
65649.6
59012
44176.1
31504.2
45394.2
40098.8
53558.7
30904.2
41308.8
34490.2
37512.8
28654.6
31503.2
30712.5
31059.2
33856.4
50106.5
66022.5
24665
42847.9
46129
37339.3
46954.5
46805.5
53583
22889.5
77442.7
44280.2
22844.1
26768.2
31187.6
41292.6
33359.1
34119
43811.8
29567.5
34302.4
54243.8
27204
48460.9
57255.1
34185.8
24091.3
34467.3
39054.8
35133.3
33849.7
36110.6
44333.1
25566.7
27166.8
33529.4
53929
28821.5
34927.9
28203.8
23546.9
30598.6
80699.3
49572.5
21762
35039.9
23327.8
20470.7
28897.3
43562.5
41083
55034.3
29319.7
43670.2
54726.6
50553
34981.5
37694
38301.8
29863
39840
18908.6
52258.2
64948.3
48376.3
54885.3
31312.9
26232.6
33996.3
27933.2
37129.9
39728
77105.8
53176
50749.4
37333.7
41922.5
32962.3
66396
35672
31185.5
55620.9
41052.7
37015.1
53090.9
31119.4
60076.5
49834.7
53661.7
40591.4
41304.4
36605.4
59142.9
48670
60012.5
42530.2
52390
33428.8
38207.9
40275.9
51468.2
29426.3
27448.6
42614.1
42830.5
38014.1
55453.8
36060.4
47782.8
20602.6
20706.4
29624.8
31469.9
33125.8
40673.4
43839.9
53753.1
40905.4
50183.9
49747
49951.7
31876.8
35398.6
27799.7
43601.4
37864.2
54653.8
45054.3
38647.7
60435
55357.5
36163.9
33655.3
23759.8
28036.1
23358.6
46711
35975
26204.3
26131
37665.1
33725.4
31645.8
60275.8
46064.4
21049.8
31790.1
15145.1
36648
21784.3
41211.7
49151.9
28783.4
25399.8
72357.6
48839.2
36615.8
35946.2
72139.1
36771.4
63720.2
34865.1
24905
41223.8
61430.5
44313.3
43177.6
52853.5
39659.5
35933.8
40830.3
26231.7
32597.2
38736.8
43628
59479.4
46645.3
45375
67225.1
61054
39972.6
25681.1
72302.6
58773.1
27870
36873.6
35032
22949
52220.1
47151.9
41241.7
53976.2
41620.6
32030
46436.2
48543.8
50823.7
70993.4
33742.6
32186.1
52806.7
42582.5
60769.9
67495.6
37135.7
36790.8
48262.9
22966.2
38133.7
71568.7
27117
63302.7
54597.8
30291
57625
49924.2
39877.1
64492.6
42398.9
41861
48332.1
61543.7
50766.6
28336.9
33356.6
45520.2
52758.5
44868.2
50053
52799
50483.6
42115.8
35429.4
53490.7
43421.6
48560.2
29062.1
48234.4
41995.3
49333.4
40837.4
48069.6
19714.3
50968.6
34048
35737.3
60299
44801.2
28483.8
51925.8
48301.2
36795.7
28924.4
36258.4
48018.2
30612
31634.9
66446.6
46984.5
31518.2
82352.2
55034.8
49201.8
57557.2
55372.4
46205.1
55530.2
77810.5
56401
49872.2
72290.9
69565.6
36114.1
80125.8
72878.1
40862.6
56603.7
75987.8
43117.2
43385.9
40383.9
50618.5
64099
57087.5
56877
53196.6
38701.7
53349.7
61864.2
62542.4
38933.5
55510.1
57131.9
58868.3
33728.9
72511
38852.8
42097
32398.1
54349.4
60752.9
42301
52941.5
60735
37128.3
48132.8
53564.2
64431.6
33315.7
54879.7
50687.7
29275.8
25468.5
39955.8
60106.8
18161
35812.3
37181
65929.5
44807.6
48076.3
81558.8
24773.9
28565.1
20377.4
40072.6
56648.1
40652.4
46276.2
71516.6
59292.4
45487.9
37375.2
46990.1
51281.3
39295
26280.2
37329.8
50529.8
28607
52750.6
40116.8
58934.9
72775.5
20726.5
30480.2
43560.4
51490.8
40432.6
72332.6
52503.7
35203.7
40698.6
34752.6
29390.2
40293.1
73517.1
80850.6
38089.2
59349.7
40217.4
46490.7
49613.8
49649.9
20696
46589.6
52997.3
56119.5
36185
59174.8
43775.7
67529.8
43754.4
64278.4
51952.8
45762.8
32004.7
31468.2
59046.2
57028.7
88776.3
49714.4
59758.7
67614.3
36827.4
31206.2
64227.5
44799.4
58329
44171
46310
51749.5
54469.8
59380.6
44295
63092.4
34967.8
62785.1
42028.4
34639.4
50282.8
69022.8
47360.5
35463.2
42979.7
54341.4
32637
47714.6
71061.4
32151.8
66787.5
40856.6
30719.3
32024.3
61921.7
51426.7
38846.1
55103.5
74892.8
75534.2
40495.8
36880.6
62189.4
50095.7
61320.7
45394.3
34421.4
38078.4
37729
53804.3
73359
68895.2
66574.6
25530.4
54405
65950.4
44296.2
71013.7
40793.6
74341.9
62368.2
50174.6
38271.6
42920.6
66691
51231.2
58306.3
55588.8
49428
66150.1
35363.4
61206.2
67894.5
67612.6
66632.6
54776.4
71289.2
61091.9
76275.1
63461.7
40891.9
71610.7
56955.8
46947.2
52989
61918.6
50813.5
47742.3
85899.5
40092
33015.1
66914.6
50762.6
84140.1
62509.4
44461.4
36911.3
63133.8
39824.5
36436.8
54746.6
43590
44271.7
38112
59107.6
57312.7
35440.6
55996.5
61446
42546.6
50732.3
41311.4
33181.5
41025
26644.9
51511
91280.2
40497.6
39479.8
57835.7
28692.2
36109.9
31924.6
34099.4
33894.4
31988.1
50639.3
45316
29264.6
41364.6
36994.4
36251.3
63363.8
41227.5
39786.8
43693.1
39842.5
42439.8
51529.1
27944.6
48771.9
57872.5
54012.6
48572
84662.1
60010.4
27122.6
28239.6
50974.3
42715.6
38138.5
64480.2
39188.3
43379.8
60790.8
31049.7
44717.1
61286.7
48719.3
48381.9
70550.2
35533.8
58727
30255
50806.4
57145.8
46967.4
42387.8
68078.4
66216.5
43026.2
47665.6
29506.5
45202.8
39018.9
46593.1
50853.4
40743.7
53415.8
35998.7
72583.4
52312.5
64766.1
51159.3
39065.6
45916.5
29596.6
68415.4
56206.6
49142.3
48164.2
57000.2
40289.9
44687.5
42244
62563
38516.2
56303.8
89474.2
57863.8
41289.1
52065.3
63107.6
42205.2
46961
64419.4
53887.8
44018.2
39727.9
40417.4
57641
65311.6
67625.3
45666.2
75289.8
71935.3
42526.9
80019.4
61361.5
44672
76387.3
59442.4
44373.9
57310
68378.3
63998.3
67877.1
60318.3
33160.1
39791
65770
85664.5
57719.7
50167.5
38405.3
40755.4
39380.7
39626.8
63056.8
72562.3
43802.1
57596
60800.8
28883
45961.3
53302.2
27664.6
36687.1
37451
49036.8
35951.4
41162.6
40707.8
94446.8
40143.6
43907.2
42578.2
49549
57828.1
29261.1
61631
65810.6
41874.6
32823.5
23603.8
43572.5
44198.4
42632.2
37368.4
32700
43056
45307.9
44001.9
28540.7
37326.3
62755.8
45153
38039
29213.7
40363.1
67779.9
66171.9
33668.6
63275.3
57773.7
40861
75915.2
78305.1
37663.8
45079.9
35923.5
42876.5
49307
58181.6
45841
52126.6
44298.4
37494.2
32906.9
55378.8
30385.9
44647.5
34576.1
39442.5
46468.8
49053.8
33951.5
75910.9
63218.8
47091.2
53769.6
28592.6
57491.1
49649.5
33798.6
60344.1
48112.5
37906.6
51424.5
52200.5
36092.9
51077.4
40608
46533.5
61829.7
46140.5
37628.8
61139.7
44357.4
57353
23775
57724.6
34365.7
63814.6
28286.7
43257.9
47203.1
36953.8
52820.9
62023.8
56932.5
48602.7
34245.5
33388.1
38947.8
26685.6
62535.4
68049.8
39408.2
29098.2
21079.5
56595.5
59066.2
51878.6
49309
45086.7
37644.2
51529.6
60578.2
39453.2
35432.9
41867.5
52358.6
45515.2
66948
59685.1
53992.2
53840.7
43976.7
91362.8
58757.4
41635.9
59439.5
37350
65273.1
60653.1
53456.2
54994.5
44329.2
23323
55433.1
45828.2
58056.6
58111.2
45860.6
33682.2
47818.4
36207.6
58583.5
71619.5
65843.8
53336.2
47787
54725.4
69331.4
41871.2
56076.9
37523.4
55443.7
44565.8
43258
33428.8
27341.2
40918.4
57654
34159.2
53291.3
68013.9
49917.8
55947.5
55827.9
26442.4
73615.7
67759.6
42743.5
45809.6
42939.9
49686.2
43908.4
40873.5
55046.2
40840.3
43820.5
33320.4
51210.1
41627
24887.2
64522.6
56373
23878.2
42671.3
72900.8
62739.9
44410
34560.1
40532.7
41990.7
46238.5
57049.4
61699
50007.2
39475.8
17468.5
31749.8
51029.2
38748.4
39387.8
45553.7
23577.8
37161.5
82116.9
52221.2
35900
52245
33298.3
34878.6
38911.7
64593.6
55154.5
38954
51842.2
54367.3
32365
59746.7
64223.4
47803
48853.3
71085.8
25765.4
30906.4
35792.2
46316.2
31757.4
79250.6
44834.5
48966.7
45223
35864.3
62758.1
55321.4
74898.2
61224.2
40990.8
29029.4
53518.4
66034.6
44096.4
48204
54281.4
43463.8
42456.4
47255
71792.2
72464.6
53305.4
32779.8
44588.4
35483.3
36787
58989.8
47319
40121.5
37805
33386.4
56508.2
32574.7
68613.9
34895.5
51263.7
36831.8
32819.2
39693.4
50717.1
35543.7
53864.2
26661.4
49871
72665.8
45649.8
32504.2
38657.8
59675.5
23242.5
44478.4
44005.2
41997.8
47960.4
38487.9
67907.3
71742.8
29875.1
54470.9
37596.1
42676.3
45328.4
58929
49049
48996
59358.1
42514.2
21580.9
36296.2
50819
24098.1
70593
33757.6
31127.4
35857.7
45340.4
37100.1
45730.5
44041.8
60383.5
36975.9
44823
31765.6
33214.7
74102.1
35018.4
30661.9
63058.3
49045
15305.6
34567.4
22023.1
34475.2
31511
61503.9
33328.3
49871
22535.3
31837
29081.8
41787.5
40375.4
35559
57769.5
69555.8
24942.1
53133.5
32301.4
26994.6
53451.9
29402.2
84059.2
41235.7
36155.4
43034.6
38580.3
53347.5
27289.3
37965.9
73108.1
49699.5
37231.3
49549.6
33802.6
42118.6
63815.4
49093
64967.1
38402.1
31938
40392.9
60364.6
56812
76808.3
24621.5
56466.8
71220.6
30834.3
36894.6
37360.2
51264.1
41782.6
37456.6
36324.9
38484.4
69752.2
77173.2
54234.2
51433.5
57085.5
41219.1
45836.6
40011.1
62863.2
52163.4
37676.9
47754.1
64033.6
37515.8
48908.6
36921.8
58347.1
48488.2
55823.2
31973
43883.8
26917.4
47080.3
52061.5
55251.8
64699.5
28866.8
57442.9
40725.3
57733.4
65942
53129.3
81168.2
42967.4
38418.4
45224.2
51044.7
49933
60816.9
47949.8
44929.4
21510.1
30959.2
63321.8
38523.4
26039
33659.4
74051.3
46754.6
52402.8
40416
80036.6
43731.6
27034
40926.5
59511.4
54419
45952
51524.6
35637.6
26296.2
41294.9
68362.6
52603.2
54372.6
32832.6
52004.3
52666.1
38318.7
32768.6
37218.2
53995.8
50277.4
53296.6
43574.6
59316.3
51271.5
42430
41290.6
66263.7
79547.1
76321.4
58547.8
44796.3
64187.2
43906.3
35666.5
44167.5
52939.6
51847.9
51010.6
57467.3
51440.5
30561.8
48895.7
56480.5
63508.2
58401.4
40243.3
68926.5
87205.6
45716.6
71499.2
38068.8
38169.3
39848.1
55828.6
52722.1
68865.4
53513.9
46630.2
68160.6
50787.9
50281.1
43146.6
33466.4
85956.8
51838.6
51481
33117
48627.6
35100.7
41391.4
48733.8
45043.5
64625.3
50505.6
30132.7
42532.6
52024.7
72849.2
56928.3
52428.3
39347.8
49997.1
39687.3
58412.2
39156.4
84382.9
83309
31837.9
66236.2
42469.7
43839
75535.4
26318.8
39775.5
59258.9
43172.5
63934.1
27881.8
57143.2
57711.8
62960.6
44982.6
55845.8
60929.4
58187
51700.3
48557
50705.1
70321.1
53252.7
44806.8
47175.4
40818.4
40187.8
57427.6
68667.7
57911.5
52559.2
34917.4
45883.4
57348.5
47899.7
64573.9
57301
83398.5
38497
53894.9
42970.2
38244.4
30909.4
26268.6
41711
50785.1
40117.2
52779.9
44747.5
77476.7
56375.9
87259
62141.5
37682.6
60478.3
47965
41531.4
45038.2
70150.9
64600.2
44245
27982.2
35589.7
51229.8
63685
49134.1
46729.4
27230.1
38024.2
47169.7
40916.9
84407
41339.7
45308.9
31890.6
46759.9
23727.3
61017.8
45550.8
59510.6
53310.1
34407
26698
37071.8
33957.3
56689.8
49013
62962.9
26214.1
22007.8
37673
31500.3
56642.4
49202.6
39795.7
32743
20854.9
46484.2
27775.3
29244.8
28886
28176.9
28661.8
36937.4
21222.1
49822.6
37249
27550.1
39271.7
36943.9
31554.6
42213.4
26061.1
57952.7
47868.3
18660.6
55192.2
44450.2
43649.1
49659.9
28627.4
29605.7
31633
26867.9
72226.8
31329.9
81243
51825.6
71238.9
36872.2
39789.8
52459.7
57581
18059.2
51626.1
38006.1
31292.2
41557.4
51313.8
67872.2
39012.7
51548.7
39319.9
33620.4
72502.9
40538.3
56375.4
42827.1
39626.4
49923.5
46526.2
38461.4
29241
34909.7
62086.8
54874.9
49762.5
39261.8
54467.2
48217.8
30982.9
60611.3
54656.8
53849
48598.8
50913.2
60096.4
37243
34627.1
44116.4
34271.5
48762.2
72617.2
42134.6
41537
50393.1
47840.8
28933
36203.6
50548.1
44174
56683.4
51318.6
44597.7
46169.8
29198.2
59000.6
68473.2
42580.8
55315.4
23419.4
39665.4
46233
44232.6
52954.7
46396.4
64810
36163
36887.6
32808.6
49651.1
43128.6
54663
34350.2
47559.9
40593.7
85983.1
46460.6
61211.8
47065.2
44096.7
42864.5
48528.2
22294.2
43678.9
55724.2
30577.7
46739
40215.3
38642.5
46435.2
60864.2
35482.5
42050.6
54654.7
61586.6
60230.6
65408.5
35764.9
81737.6
46864.1
32812.5
32934.4
52863
36935.1
37417.5
43236.8
62153.9
54263.9
57390.6
37668.6
42970.6
68003
53817
42207.4
51344
61430
30048.3
46874.2
38860.5
29108.8
64082.8
31296.7
65925
54575
44888.9
30572.6
47476.1
44971.6
57537.1
37314.7
52049.4
45569.4
47465.5
37799.9
48782.4
52502.6
47624.6
54939.4
40977.1
28877.4
56515
39534.2
39716.1
42329.9
41630.6
78355
53937.2
54490.4
54987.3
57196.9
40865.1
53656.1
50168.2
55324.6
50775.5
47238
55032.6
38509.2
42781.1
50945.4
30931.3
62816.1
34734
39905.2
46765.3
75558.7
43752.7
35791.8
59348.1
32267.7
36102.1
71118.6
39834.3
31194.7
49768.5
79235.1
68530.4
62033.7
40475.1
44878.5
33599.9
53041.8
58515
52999.1
49625.8
38063.4
69240.8
55891
67606.2
52677.2
49640.4
36507.8
54581.2
39492.6
40329.9
41152.1
56262.6
39428.5
64320.7
64055.1
67051.8
59336.8
53314.5
39637.5
46917.4
47478.4
50820.1
30129
50031.5
48106.5
59139
62583.9
59938.6
35267
52143.4
29600.4
37916.2
55612.5
67858.2
39970.5
83190.9
41206.9
41042.2
47536.9
27132.5
50980.1
47231.2
35857.6
54964.6
34362
40042.5
43081.8
41825.4
53439.4
44738.2
58131.8
36118.9
18527.6
45339.9
50205.8
32051
55724.9
32688.6
97548.7
46931.5
59366.2
44327.8
67999.3
38455
52829.4
59549.4
56286.4
32997.7
70158.3
45032
40748
36521.4
40646.6
39187.3
51313.8
67334.6
47182.6
70182.6
65037
45247
62434.9
82652.2
60754
68974.6
45407.1
42594.1
51461
66094.3
49610.4
29661.8
33738.1
50208.2
43741
41347.7
44562.2
49125
43822.6
52698.6
55293.4
29938.9
37565.3
59069.3
48117.4
59990.3
51424.5
64759.4
37655.8
42888.4
60725.7
28907
47868.2
59905.9
46488.5
36157.6
50943.6
69148.3
53976.9
72566.9
33199.9
37791.8
51539.5
40647.8
37871.3
46296.4
35035.3
71047.5
32288.2
34146.3
57760.9
43938.1
33275.8
31030.6
50274.6
42165.2
64853.3
55169.3
73193
37499.8
36125.7
46201
27099
52282.6
40565.6
49603.4
32719.8
34091.8
52124.3
41555
31385.7
33770.7
48643.8
59438.4
42090.2
37536.4
104787
37212.8
48764.6
45994.9
55223.2
38374.8
68950.3
80835
52084.1
67703.9
75511.7
49541
46493.2
30633.4
63838.2
72626
45564.4
48234.6
62429
52690.3
73540.2
37174.1
56376.2
29272.6
52531.9
47611
52934.1
51051.2
54642.5
55897.5
34328.4
60468.1
48681.7
62868.4
35387
46078.6
50981.3
41997.8
68679.2
42750.9
42633.2
44500.5
45069.7
36220.2
42109.9
42132.8
64529.9
26484.4
36481
56320
70151.2
38711.3
76631.6
54772.4
34879.5
45517
58773.6
50891.8
34917.3
54915
60924.1
44523.9
35544.6
41287.9
43505.4
34768.2
44297.1
39603.5
50738.4
46243.4
34752.6
40937.7
46654.6
39393.2
46243.8
52558.6
29549
49324.7
33820.4
33400.3
29938.8
50434.6
42701
35515.8
45400.1
31118
35056
40024.1
36115.6
37766.5
50744.1
46734.4
40738
40784.2
32459.6
33195.4
55683.2
39939.4
48617.5
19365
45891.5
56204.4
37915.4
29211
32653.5
42290.2
27535.8
53024.2
48425.8
53668.2
41063.5
26589.8
43726.6
27820.2
31894.2
46685.2
52581.8
40562.3
60410.2
46111
30742.1
13594.6
35342.1
36452.9
34371.5
45106.7
41341.3
37501
30053.3
44057.4
31596.4
44764.8
32506.9
41499.6
51439.7
36540.2
22507.2
38915.8
43643.8
42430.9
46431.4
44338.2
32850.1
40087.8
43151.7
51377.7
51469.4
60269.4
77193
47721.5
25382.6
39760.6
33866.9
56718.5
47275.8
47481
40693.6
26887.8
47856.6
43581
26721.4
57885.2
32239
30276.7
37097.4
40954.7
44403.4
44540.6
37148.9
37641.6
34286.3
50496.9
34870.7
39018.7
41535.1
52212.4
57750.2
34216.4
45722.8
48667.7
55697.3
44138.7
54652.9
47682.9
61222.8
88059
50082.1
39379.6
38589.6
44901.2
42493
43787.1
44806.2
34460
61644.1
32816.9
35850.3
34164.9
31812.6
40476.9
59092.1
59732.4
48583.4
28588.2
20114.2
40450.9
61470
45936.4
31402.6
43042.2
54001.8
48013.4
24061.1
47105.7
68968
25635.6
21680.9
50247.3
34952.3
49930.8
72092.2
42364.5
52224.6
30710
39670.9
50905.6
66765.4
31070.3
45406.6
49410.7
57810.3
64706.9
39717.5
47128.1
53259
54926.2
47679.6
38199.4
45389.8
76882.8
31881.7
54155.2
26368
35929.7
51059
52008.1
53325.9
65366.2
31903.3
43107.4
26170.1
21396.3
60345.6
46637.5
52070.8
69563.4
30899.1
33190.9
49532.6
72277.8
66235.4
40276
38713.2
64385.1
36869.7
26384.3
46340.1
51058.6
41300.1
15749.3
45405.7
45894.2
46404.6
31155.5
49946.6
61960
44882.2
47306.9
53656
48781.8
27992.1
64355.1
35943.4
72718.2
42512.9
72538.3
40462.5
28754.7
43165.8
74615
52280.3
43415.6
37290.2
45093.4
31326
60133.9
83309
57943.6
38473.4
34779.4
48971.1
43555.8
42220.4
32121.1
60181.9
43933
41550.2
36446.4
30409.8
73715.9
36778.9
49935.8
31300
32236.5
37966.6
29190.2
57832.6
47640.5
49831.8
54137
30540.1
31844.2
50045.2
51366.2
52488.2
38170
62689.8
58085
42188.6
41294.5
37997.7
48895
42447.4
47618.8
38629.8
45756.8
74653.8
33072.9
44629.9
33834.6
63461.7
44650.1
53042.2
74506
56019.9
33851
36396.1
89610.3
47325.3
57081.9
32187.5
34826.3
27994.7
84153.9
39738.5
38669
76168.7
77688
41681.1
36027
30641.3
49346.1
27125.8
31016.3
60239.1
42432.3
30330.4
49407
42176.4
42565.8
45953.7
41600.1
43467.6
34819
40487.1
50434.9
36133.8
45881
43530.9
31014.2
37633
44968.6
28325.7
32954
42400.6
38481.6
36133.4
34375
27041.2
46477.7
34085.5
78816.6
34733.2
31514.6
33647.9
32050.2
54553.2
44258.3
40856.9
47230.5
35219.7
65149.9
33337.4
51616.4
39613.2
35143.4
49259.2
39604.6
42669.2
43757
32736.6
57509.4
28026.8
55419.4
44554.6
53619.1
28066.9
62241
43802.6
51665.7
67388.5
48412.7
42453.6
60539.1
40322.2
42057.8
33390.1
64602.6
48169.4
56759.4
43685.2
48743.7
38933.1
53652
62269.1
52835.6
38913.2
67507.8
52829.4
49108.7
39151.3
48687.5
26353
40883.8
47426.3
47664.2
34834.4
49791.7
29190.7
33097
35853.4
52630.3
44054.6
48797
65609.9
35337.8
36573.4
68642.1
61101
41558
31692.8
64815.4
52275.1
56014.4
39620.1
72942.2
42027.8
44301.1
53818.2
59835
54497.7
53427.7
46794.4
33267.2
51287.7
34686.6
20449.8
57085
47333.1
57149.3
49420.9
53222.3
53340.2
65277.1
43448.1
70216.9
53927.5
39469.7
38742.6
64711.4
49524.9
58580.8
46834.9
48047.4
40226.1
52192.6
71421.4
32808.9
58080.4
46671.8
40845.9
35434.7
65055.3
33341.2
60867.8
56009
34385.4
34300.6
36514.8
76698.8
41910
30852.6
51952.8
23872.8
30907.1
63385.8
49472.9
51357.8
58597.7
57930
42613.8
56840.8
55676.9
51100.4
38472.3
30820.4
60439.4
54557.8
40180
58005.5
50103.5
38099.6
59426.3
37770
26402.6
67018.5
33225.2
33959.7
45551.7
48303.5
55889.4
39116.2
49218.9
50148.7
50054
38595.8
45946.8
35449
59267.4
37397.8
44886.2
47770.1
40565.6
63003.4
48826.7
50919.2
43066.3
52813
46265.6
56861.8
44079.9
51332.2
59293.8
61396
47385.4
67191.5
40947.5
53528.2
70799.7
54496.3
73507.5
78009.4
23123.5
33703.8
47302.6
23195.4
60659.7
44130.6
39754
54488.3
37237.4
47084.9
39243.4
66653.3
26569.5
97304.1
47531.8
83029.9
45073.5
34125.1
31172.4
35352.1
44919.2
36649.9
46617.8
56120.2
72481.4
27654.1
35525.5
36880
104756
49479.6
35081.7
60032
41662.2
46345.7
39450.9
75371.5
51469.7
71409.6
51338.8
47325.5
40697.9
67822.1
53114.6
79130.8
54695.1
51899.2
29386.4
45877.4
56517
63215.4
45282.5
54354.7
44559.8
33425.7
54309.2
65505
51472.4
44555.7
70211.4
68592.6
38623.1
42718.3
20340.2
33933.7
46605.1
44073.6
32799.8
54993.4
47894.4
49515.8
76199
53560.4
55546.7
69813.6
37668.6
63840.4
37097.2
37620.1
49331.7
38263.7
52174.6
33721.1
53526.5
59605.5
62897.8
45024.9
33203.2
32662.5
41640.3
34883.8
46394.1
57966.6
35568.5
40845.1
52215.3
41984.4
39311.1
50000
53711.9
57593.7
54276.6
33751.1
49502.6
42564.7
38354.6
34242.2
74809.5
38059.6
67398.6
55168.9
50220.2
28373
28935.1
87696.5
55271.8
34494.4
53685.5
69323.2
50162.6
40535
48731.8
46288.5
46322.5
37514.7
53570.2
57358.5
30664.4
45930.3
53018.2
55170.4
38176.9
21745.1
33136.1
44583.8
61292.4
54490.9
57601.6
30711.4
27205.2
37916.2
40302.9
22637.4
62692.8
54186.1
36598.8
32067.1
58765.8
23053.8
51871.4
63958.6
53868.5
46358.8
61439.7
76760.4
42585.7
67158.7
37791.3
24214.7
51584
45442.3
39234.7
41919.5
56453.1
25334.9
32873.6
34292.7
41571.9
37343.7
59602.2
26681.2
27157.2
49932.9
40517
36148.3
30491.4
61619
44736.5
52526.8
31671
28738.9
22582.9
26936.4
32885.8
43530.2
51263.2
69003.8
49450.1
71009
38452
53967.4
34325.3
30779.3
39351
32563.4
28718
73350.3
32519.3
42036.1
48999.4
32044.7
31177.8
50196.3
52490.6
20127.5
59051
51619.4
44649
18759
38170.2
32762.9
30423
24598.4
51074.1
29793.7
30046.8
48576.8
43069.7
51523.8
49752.2
45814.4
57574.8
64010.2
55391.2
64834.8
38318
54907.4
43685.4
65141.5
44303.4
52680.2
50317.6
40157.6
50951.8
45696.4
43064.9
48166.3
33841.1
38261.9
55786.3
37674.6
51227.7
39906.2
70132
45227.6
33279.7
42535.9
57291.3
33669.3
37134.3
48261.1
31865.9
71992.7
36704.4
34443
47647.8
40352.4
34384.2
33581.4
66401.8
27952.7
36275.4
35591.5
32356.5
75174.9
31908.6
42966.3
50833.5
44320.2
46832.5
41604.2
36050.2
29125
54896.6
38507
39578.1
32965.8
45256.9
31623.6
65982
48004
30225.2
57420.6
43291.4
48727.1
28831.4
35944.8
36354.1
29528.2
33052.8
51397.1
38585.4
48516
30635.4
54346.5
36479.9
35100.3
45106.2
71000.9
48304.2
53614.2
57370.8
41786.1
52030.6
50534.2
48263.8
45048.7
41105.1
41114.7
50937.1
37790.3
48991
51479
58572.6
31854.6
33356.8
36689.4
45018.7
55494.6
29201.4
37576.3
41982.3
24853.2
32886.5
35177.3
61506.1
66731.5
34787.1
24491.7
51477.5
75136.6
29721
47502
28413.4
52048.2
39760.1
65164.9
64631.4
63081.4
35846.3
23294
46469.9
65662.3
38617.6
39746.4
74211.4
41132.3
53380.3
55105
32625.5
45657.3
54641.5
87379.7
60400.7
35098.2
47537.8
44409
63773.4
64214.8
55217.4
40145.3
48862.1
26447.1
57660
48364.6
51014.5
56385.8
46524.9
47802.1
61393.1
55943.7
85059.8
35089.4
51299
53241.7
64070.8
47405.2
48429.8
62957
46962.1
37576.8
65056.4
64228.4
39100.2
62952.8
33182.6
42326.8
40353
40788.8
63086
36475.6
29909.7
43737.1
51741.8
54658.1
34299.5
45000.9
50608.2
52874.2
51700.7
47060.3
32928.2
51800
33088.8
47401
31639.7
67281.9
55773.8
66447.3
24494.6
43613.4
41418.6
57235.7
52579.8
60268.2
54835.7
29116.3
44051.5
33581.8
60328.5
44825.3
45517.1
62737.4
45245.8
41285.1
61058.2
46668.6
35641
79845.8
71005.5
54649.7
41091
40230.5
31231.4
32106.9
34782.4
56899.9
55160.8
47008.3
40404.6
34107.4
37203.7
38792.3
37603.5
62601.7
70728.8
44558.3
55580
50276.4
40989.4
54947.8
65167
59399.4
52468
46339.3
47616.7
39621.3
56323
57489.3
49178.6
36573.9
44776.4
45286.1
41750.5
67960.6
79287.9
65593.4
43916
56590.3
63626.5
44329.2
53056.6
29618.8
51735.8
43556.1
46244
77440.2
53070.7
57894.5
52384.5
33678.8
45910.9
57918.9
49599.9
55723.8
34906.2
52266.6
40638.7
39801.4
39797
70963
66885.4
36727.1
33520.5
50117.1
37341.4
37395.8
48908.6
49843.4
39301
47094.8
47432.4
34517
35065
28083
42842.3
39883.9
39103
34422
63114.6
31101.6
37705.8
46200.8
53950.4
28416.2
42569.4
43773
42776.2
41014.9
34647
32165.8
32539.4
64139.9
22556.8
67525.7
48183.7
45282.6
44251.4
36531
37693.3
52374.2
36300
50036.6
33452.1
27655
22006.1
37372.7
26808
47213.8
44653.6
43882.2
30789.6
29307.1
43470.5
63371
39213.4
54130.8
45013.6
29876.5
36179
44304.6
59937.6
47412.3
15338.1
47522.9
74400.2
54941
29543.4
67861.8
29841.3
24217.9
40578.3
54569.9
47691.4
41588.7
32334.3
53843.1
56565.7
46066.7
28731.8
55656.1
80624.2
41608.4
51011.6
52226.2
51184.2
39329.1
43288.7
68451.3
37515.8
37413.4
59220.2
53632.9
60649.4
59385.8
49203.3
46749.6
57618.5
32752.8
40188.6
62138.4
33293.4
58597.3
51292.2
37523.9
58777.4
44273.5
40170.3
24555.3
41295.8
61916.8
42143.7
50304.2
47586.3
44041.8
54710.2
31953.4
38721.4
37711.5
42271.5
72417.8
38532.2
33659.9
63121.4
53127.8
52798.8
38719.4
51585.2
31600.4
50585.5
35328.2
61938.3
62296.8
47904.2
32820.1
46529.4
29862
21619.4
34921.7
46890.6
36825.1
43473.8
22111.4
34549.4
52148.1
53884.2
27238.5
54718.5
31162.2
28864.6
28409
55247.1
56965.4
46390.2
61089
37875.4
32193.4
40691.5
46508.6
55051.4
40041.3
57093.5
37095.1
39707
34551.8
47463.8
38914.6
45962.2
31249.4
39976.2
44593.7
46006.6
29225.4
55767.3
56264
46593.4
34070.1
37985
45868.7
33607.3
38245
30040.1
22662.5
49309.9
59584.2
22619.2
36403.1
54970.8
22984.2
37808
32698.3
32736.8
39486.3
63742.9
52196.5
38346
37055.4
45641.4
44933.2
50030
51027
24716.5
54878.9
72754.7
39604.6
67104.8
43562.4
101725
37510.2
22671
31287
57570.6
38465.5
50601
38464.9
48984.2
72616.3
33054.2
46865.4
51252.9
51026
39579.6
64346.6
29071.4
53953
59904.3
52673.8
40657.2
29790.6
56060.3
80810.5
41796.4
39801.6
19985.9
20633
41280.5
55680.2
65194.2
66261.4
41886.2
33189.1
39625.6
38291.4
36453.9
53044.3
60847.8
43703.9
39407
47345
81618.1
49639
46943.3
27134.2
39228
44698.2
72721.7
74931.1
56744.7
60104.7
32415.4
39234.1
56239.2
44414.7
47264.9
46921.6
40748.6
65302
67873.5
34225.8
38417.4
60794.4
39040.4
34872.5
52886
39725.7
65934.9
58707.1
22048.2
38927
60281.4
32838
48196.7
79377.2
67143.4
30654
39174.1
23245.1
45739.3
39321.8
32794.4
31925
47096.6
41945.4
49856.8
47718.5
52039.4
53042.9
59059.9
40255.3
60149.4
39065.4
28979.4
68427.3
52304.6
35312.9
30089.6
35202.7
47519.7
30688.2
37389
40197
36011.9
51448.4
43825.4
43813.2
47452.2
37007.4
49484.1
46260.6
69102
49966.8
33801.6
36948.6
40585.3
40370.7
31764.3
50691.8
44305.5
31864.5
55491
42289.4
41892.6
38431
32013.3
46967.9
15298.6
48303.4
52978.6
36734.6
24776.2
50200.2
31451
27423.3
64314
53837.3
46236.2
29671.9
25766.6
39272.6
38107.3
72050.2
56129.1
50636.7
54947
13390
18168.8
67919.8
41943.4
60275.7
42143.7
36139.3
43917.4
52837.1
53019.8
38560.2
29009.8
42339.3
52996.1
52564.7
53247.3
41583.9
60043.2
58699.7
51786.6
32030
31542.1
55528
58640.7
48155.9
49238
37723
25893
45989.8
45595.8
58891.4
90007.2
40014.5
36789.1
67781.8
49692.5
73392.5
32444.1
59306.6
43399.5
19419.5
43649.1
67048.7
41416.7
37518.6
47399.5
38948.9
54546.4
55508.4
62599.8
46434.2
22387.6
51144.6
36566.4
52632
47382.1
35635.6
34752.1
60135.7
55308.1
43503.8
50286.6
39959
49659.8
29456.5
34088.2
39802
21038.5
42946.6
29584.4
61059.1
30963.7
45741.6
54763.2
44990.6
35854.9
42377.7
47761.6
23836.2
65014.5
47453.4
35909.9
56590.6
32073.1
71918.9
48493.6
52297.4
34192.4
34345.9
70025.4
41883
32371.1
32757.8
37388.3
69258.6
37306.2
58447.4
32253
43477.8
45892
42052.5
47332.9
76356.6
53094.1
49146
40906.6
57318
61714.6
47939.4
35883.8
42858.6
36019.4
68572.9
41515.1
56758.3
29939
51884.1
42451.3
32133.9
54506.3
46577.2
46429.3
56476.4
55081.4
37706.5
42462.3
72601.4
56874.5
40050.1
39355.3
28936.6
31388.6
24664.6
51425.9
34851.7
40244.2
59981.4
59933
46598.8
54596.8
23813
40268.7
30052.2
23401.4
32548
31132.8
42073.8
38242.1
53096.8
20765
29066.6
58219.8
19041.4
19381.3
53675
33859.6
64576.3
46619.4
47299
54846.9
36083.5
56251.2
52194.3
24016.1
30700.6
55052.5
49574.4
37113.8
35939.4
44536.9
42903.7
34992.5
64124.2
66929.7
41892.6
42182.6
54892.6
46473.4
31984.7
52671.4
50229.2
59679.8
35053.7
64389.8
38328.2
43205.7
76612.1
50561.8
44967.4
30119.2
50596.3
76757.8
29279.3
44138.7
31561.8
49575.7
59975.8
51289.8
49441.8
27571.8
87874.7
21519.7
52622.6
40174.4
59360.4
28480.8
50258.1
48936.2
27853.8
48054
35148.7
45250.9
48922.2
47649.2
46269.8
49469.9
38698.9
50523.8
32597
27297.9
42953.5
30359
24685.8
38492.7
44703.4
48530.2
57082.2
41924.7
56290.4
28458.4
59400.2
51043.8
36111.3
60276.7
26403
67632
47188.2
36888.9
86596
46531.8
28185.7
37962.1
51277
35650.4
45659.4
47877.5
45396.8
69082.5
36299.4
38534.1
53622.6
74604.8
32123.9
52089.4
43629.8
34008.4
39671.5
55059.1
42681.5
44338.5
56487.3
40364.6
30437.2
20997.5
62054.9
57856.5
56636.6
44241.6
38144.8
24635.6
76411
67288.5
41928.8
27750.9
42587.9
48573.1
59371.4
36425.8
67990.2
24692.4
61122.7
40312.5
36925.5
61184.9
70856.2
35717.6
31831.9
33623.4
54617.5
42430.1
59845.4
33576.4
55582.2
63259.9
26001.4
34927.4
71626.1
55211.2
17483.8
39613.4
44461.6
18195.2
40068.6
50077.8
40371
47289.1
31367
79424.6
27437.5
21252.4
45578.5
33603.5
34565.8
34039.4
65331
47731.2
27927.2
44233
30756.4
61334.1
51691.7
63440.5
46470.2
48222.6
45682.3
50828.5
41274
40158.8
37762.7
38700.6
29622.6
46545.4
38657.4
40751.4
19448.6
44214.3
36770.5
34443.4
37984.6
23563.2
63100.5
38431.4
32083.1
48928.9
60127.6
40055.9
35306
50709
24635.8
37421.4
22369
25403.7
43059.5
71909.8
38358.1
34197.9
32345.8
33902
34537.2
63451.4
62568.6
34669
41322.3
40437
37746.2
49135
30915.8
79673
18955.5
33838.2
51889
42639.4
52117.7
37290.2
42946.7
17251.4
33408.7
41987.1
47426.4
29618.3
42840.8
47492.2
45624.2
37292.9
49716.7
42046.6
46095
41151.6
38017
66052.8
44873.2
51313.9
40531.8
36971.1
37006.3
52020.4
63000.6
55420
54923
45859.4
42818.9
38585.8
47529.2
53923
51037.8
44789.8
42034.8
45267.8
48825.7
62431.9
55768.9
49171.5
57200.7
68498.2
57312
85004.1
53425.1
36563.6
33363.9
35185.6
47204.8
43044.6
73963.9
43260.9
43649.9
32844.1
52526.2
58032.6
38861.8
62440.5
56193.6
64759.6
60433
40451.3
35698
49815
88433.6
78097.4
58384.7
56865.8
36424.6
29273.4
68081.8
28958.6
68849.5
62598.6
42603.7
28600
53445.9
44181.5
49922.9
60614
27602.6
37057.1
26565.7
54041.8
62618.8
57860.8
68965
37997.6
46288.9
46893.4
47475.3
42310.2
67437.4
51151.5
47182.2
43373.1
52251.4
46443.4
50847.3
65290.2
34612.6
26911.7
51985.2
47186.4
53402.8
40220.9
33797.8
51299.8
55560.2
28379.8
53784.5
54974.4
46712.6
79771.1
41198.4
73106.2
33016
39266.6
43857.9
60826.1
39644.7
50148.3
44131.6
28314.8
51617.2
55309.6
38654.2
37519.8
38310.6
42772.9
52332.1
65757.1
64523.8
48512.6
26687.9
44624.5
42035.8
80521.9
30735.5
35497.8
36173
37807.3
36061.8
44392.2
45718.3
73742.9
41433.8
49047.2
30361.6
62470.6
52449.4
36629.4
62540.2
64788.2
45090.6
42981
29527.3
40813.3
38093.4
45744.2
39003.9
30079.5
59984.2
41109.2
45632.4
49437.5
31287.6
35698.2
26377.2
51462.4
76430.6
34113.9
59795
46453.4
34699
41137.7
42831.7
29701.5
52220.5
36362
29370.6
29408.3
50875.4
24526.6
25712
44910.9
20752.5
38658.1
22369.6
44574.6
47895.1
40245.4
37639.3
61442.9
74077.8
26211
29191.5
36367.8
45916.2
31691.7
52037.5
31386.4
61593.8
24693.4
48132.5
33105.2
27463
36314.5
35426.9
51196.8
43798.6
70595.7
28632.9
32713.4
43175
55729.8
42104.5
45412.6
44528.4
52597.4
42024
55392.1
54462.6
56462.5
31178.3
36165
61595.3
65201.2
27605.6
46717.8
33663.7
40575.1
63254.8
45868.2
23126.6
33768.8
65431.2
35211.3
59123.5
32078.1
48485.1
60944.6
28547.1
38311.3
39538.6
46359.6
45440.2
26173.2
71309.1
57722.4
37696
58043.8
45454.9
46793.4
45177.1
43635.9
44699.8
55001.4
55359.8
74724.6
49804.3
44583
55897.4
47323.4
59437.2
48922.6
34075.9
60847.8
31273
57778.6
48871.8
22735.5
35973.5
53625.2
49057.6
26211.5
36212.5
63283.3
27497.4
44748.3
47910.9
30056.3
44740.6
50135.6
53385.4
41433.6
35861.5
27780
56183.2
50412.4
40214.2
48943.5
71337.3
29185.6
52598.3
48143.8
40464
58080.3
46299.3
25221.8
37707.3
30140.4
38695.5
39292.2
23396.8
33455
60809
50766.8
41060.1
42023.4
93457.5
56117
25901.7
37834.6
24556.6
50659
59121.8
37821.5
36297
25539.1
45754.1
50334.7
43821.4
76952.2
47646.6
31679.2
34120.3
44658.6
66141
36589.1
32666.9
48581.8
20889.4
40196.7
52315.8
50028.4
59323.5
51862.8
18272.4
37286
40480.2
40935.9
40853.4
38529.4
30759.7
37276.8
51224.2
38832
33943.3
51410
72996.9
38325
61400.3
50762.7
42596
42407
43434.7
63851.4
87601.4
41962.5
27824.7
25260.3
55125.3
40489.8
54394.1
47457.4
38473.5
32531.2
67097.6
46111.6
39203.8
56603.1
27124.1
67848.9
44695
52105.4
37720.2
44986.6
36179.6
37875.7
55183.6
41817.7
39953.4
50117.1
64182.6
35323.9
48957
53238.9
30193.9
19996.4
36975.7
46138.6
61703.8
36776.1
71973.4
54790.1
35433.4
30759.8
34268.8
23262.7
47940.8
30542.6
30412
49657.8
39760.9
54236.2
35743.2
44167.1
33238
47168.8
55602.6
31369.4
45955.4
64611.1
64950.2
29525.6
39679.9
28987
33451.7
49959.2
40859.8
30378.2
39371.9
57027
25031.4
44030.3
28276.2
37096.4
47368.9
20576.3
62168.7
35522.4
30946.2
49668.6
28480.6
44228
43432.5
38624.2
53581.9
57708.8
33066.5
49061.3
53183.5
60437.9
41874.1
27060.4
57597.4
49773.2
60206.3
43875.8
50761.9
58212.5
32678.2
32910
43072.2
51282.9
50831.1
70433.8
54347.4
32457.4
58503.6
39523.9
28728.1
25263.1
46391.7
35418.7
45312.2
33292.3
68185.4
46219
42567.5
63854.8
30212.4
59123.8
41197.8
76309.8
43546.8
33753.4
69110.2
51021
25719.9
38643
30261
48539.3
71189
37537.8
33356
29395.6
40249
58711.2
46649.9
51563.7
21997.5
46431.4
38836.1
32613.4
47261.4
32231.7
68798.9
46623
37234.2
49443.8
33727
51444.4
35764.2
51826.6
54694.3
33851.4
46231.8
24208.4
49264.5
46534
53618.7
74065.5
28823.7
38231.1
38615
43987.9
39420.6
43367
33020.5
54224.1
28419.6
62611.7
35446.3
59813.2
46132.9
50538.6
33953.8
30057.2
20689.7
72881.4
42374.1
29836.2
23561.8
40894.9
60511.5
35672.8
39959.9
47664.6
44139.3
28643.1
46151
48107.4
79353.5
44453
51930
37487.6
32373.8
38481.2
48560.5
42796.5
41437.5
48340.6
26672
54675.5
32474
59750.3
53354.4
40281.1
37925
28571.8
48431.8
45077.8
56492.2
86204.9
45756.5
47901.2
40364.7
78579.8
46290.1
43939
82101.4
36668
45605.4
47070.4
44862.9
39479.2
40836.2
37790
47820.2
57159.5
85264.3
54423.8
46133.9
40983.6
54391.8
66990.9
57303.5
40831
60048.7
54879.6
60812.2
62487.2
33643.9
32283.4
79864.6
31537.2
63770.3
53884.9
44405.2
60127.9
35220.2
33396.2
37673.3
50320.1
39515.1
30261
38299.4
39769.9
60069.2
57140.8
40976.9
49957
77641.8
39058
42087.2
51312.2
30208.6
41823.3
32742.2
27290.8
38838.9
50708.2
48918.4
30618.3
48144
50089.7
52074.1
36173.4
44379.8
67311.7
31849.5
66219.2
80953.4
41173.7
34486.1
48191.3
27669.5
37274.2
62187
41635.3
43103.8
36518.1
46729
43507.4
51549
52791
34174.4
41347
30379.5
55740.6
43361.5
63011
54696.1
44335.3
63295
35875.7
48038.5
57188.9
66028.1
55600.5
41202.4
70233
69011
42887.8
50183.5
40865.2
37507
34078.8
42349
59697
50031.9
71872.9
35278.4
50537.8
35957.8
34966.3
29663.2
48943.8
57597.1
72132.9
29441.3
37958.9
44940.1
36090.1
52863
66833.5
63054.9
45975.4
29119.4
25544.7
41485.4
41808.8
86856.6
60885.8
48994.5
41190.6
54446.6
36052.1
57174.2
57770.8
51227.2
47370.6
39612.6
34685.4
41843.4
40451.9
52446.2
40946.3
20774.9
37255.7
54945.1
70722.2
51367.8
38549.3
38544.9
63811.8
66707.7
38782.8
52287.3
32944.3
31188.7
32189.9
31936.3
43259.9
54244.2
48520.7
91148.5
53502.7
51887.2
50230.5
63171.4
28660.3
72428
65104.7
54099.4
55362.2
43402.3
46053.1
53524.8
49607.5
43475.8
55319.4
71872.4
25660.9
38485
45531.8
41238.8
78455.5
83761
30397.6
43242
72208.1
56513.8
52534.8
56405
47725.3
34670
49442.4
62785.8
48142.3
33748.2
37333.4
45430.9
70705.1
41608.9
39892.6
37831.3
25686.6
48706
56196.4
42416.5
37716.6
36831.7
59183.4
38268.2
49559.3
49100.9
67009.4
43898.6
53045.3
54334
41255.2
59691.4
54868.8
62424.2
48538.1
48184
31805.5
56427.3
47998.4
52674.6
41460.7
63362.6
47115.9
37103.7
52203
28439.4
21310
47843.2
32311.3
42087.4
62190
40309.9
51579.5
39200.4
54915.8
51400.2
47213.3
33260.4
26272.4
43514.2
47834.6
54196.6
35300.7
38476.6
46786.2
51531.9
30310.3
34274.2
68372.6
57790.9
44472.5
41822.9
81829.8
50742.3
57509.7
55247.6
31062.6
60159.2
64464.6
20427.8
66470
36515.8
35457.8
36190.2
77244.6
54111.5
66970.6
36460.8
44859.9
73188.3
53921.4
54089.8
70446.7
43621.6
59023.8
39790.1
45629.8
37417
93227.7
63551
53570.3
70462.6
41794.1
52876.6
31985.7
32353.3
41331.9
54698.3
44547.9
42082.3
36326.2
46071.8
44709.4
46650.3
76304
38141.1
48785.2
37648.5
53260
41015.7
41012.7
54546.2
44598.5
40921.4
48342
39646.6
41060.6
41377.6
56896.2
61595.4
47656.1
41893
44895.9
52793
30390.8
42680.3
59002.5
38889.7
64016.7
50764.5
50729.8
40733.9
28764.1
61397.5
33008.9
43368.2
67799.4
48948.6
65011.7
25640.5
39568.3
28580.4
74051.6
65657.1
51969.8
38217.3
26603
53640.1
32554.6
66738.4
80526.7
63992.2
53925.4
59703.1
63769.2
25402.6
34970.4
49643.2
78229.6
47016
31844.6
42055.1
62479.4
37261.9
34305.1
46972.1
37667
24357.6
34821.4
69061.1
48976.1
48765.8
46665.3
38256.3
52578.3
77353.4
41044.6
38508.6
53790.6
37786.7
37012.2
60036
51633.9
33261.8
61135.7
40551.4
45388.3
45256.6
38267.9
40140.6
37685.4
36273.4
20019.6
32816.9
63365.8
58782.9
43206.1
84861.8
46179.4
37302.3
40235
46620.1
56082.1
62236.6
42045.5
37831.2
29490.6
36729
38109
40900.7
60349
47334.4
62093.7
47017.8
60246.7
68065.2
58557.7
49851.6
41637.9
51078.6
42138.4
90308.6
48844.6
28852.6
39344.6
48611.5
56203.5
46296.2
68164.7
66762.6
46177.3
47554.2
44240.5
60207.4
56590.2
52177.5
55973.6
55070.9
40693.4
57901.8
44978.2
49914.6
53536.7
61855
30892.8
69111
67211.2
43238
44646.2
55059.5
49332.6
57109.8
72234.3
56311.8
40745.6
50226.1
59123
51821.8
34216.2
35147.4
59252.9
38677.2
37008.6
37874
30580.2
39476.3
51126.9
51008.7
37630.3
48926.2
61605.8
74293.1
46752.1
64179
71891.3
48433.4
47231.9
71246.5
52089.8
38756.5
56987.9
58549
54197
25535.1
32084.5
54986
34135.9
50040.6
59265.1
37899.8
33569.6
44991.3
55931.8
33760.6
31616.7
41260.1
32947
43701
35851.3
25905
86883.8
58525
59563.7
38454.8
48749
24789.2
42542
39224.6
35459
45015
56580.3
39475
55224.2
52122
48285
61403.8
37684.6
41090.8
40245
37913
44679.3
42690.8
28115.9
31831.6
25670.9
42706.5
42049.8
33499
44568.6
39486.2
70854.1
45584.6
40525
35563.8
44502.1
56227.8
43348.9
53527.9
40565.2
35082.4
43366.3
32080
58637.3
42311.2
46051.9
37763.8
45993.7
55607.2
31587.2
39146.6
84680.6
57737
44928.2
45027.3
60210.3
39537.5
52849.2
42205
27528.3
50246.3
84416.2
64095.8
23232.2
52698.6
65491.2
35217.7
27777.3
32750.2
23971
35742.1
40054.6
33499.4
31455.3
21519.4
82033.6
63320.6
52977
29802.8
30716
57228.7
43166.2
46313.6
43261.7
30479.3
66178.5
40203.1
47055.3
42519.4
41577.7
40821
65475.5
54633.8
26977.9
61920.2
37700.6
48907
39142.8
42042
33436.6
44005.7
45244.7
36040.5
47626.9
33909
71915.1
56380.7
62484.9
60658.1
33848.4
30262.1
36596.4
44799.8
61014.9
52071.6
57877.5
61401.4
31786.3
44423.2
30808.9
35512.2
55688.5
51678.5
89154.2
54218.6
36247.5
60004.2
27059.4
56804.1
28807.6
32386.6
50623.8
61906.4
31175.9
41804.2
45153.6
49987.1
49471.6
55753.8
38758.9
50453
56599.2
57019.3
46811.3
39074.1
27963.8
43461.9
51649.9
48049.5
55680.9
55246.2
46420.4
44506.7
40813.2
39540.2
86929.4
27796.7
28045.9
77057.1
40992.3
57636.5
75322.9
38912
37428.1
63670.3
52720.6
50849
44481.8
44845.4
62873.4
39025.9
59470.6
35122.3
40434.5
59267
46594.4
24669.2
59825.2
45931.2
47530.3
50288.7
59100.9
42974.2
39557.4
59777.1
45581.8
41525.4
28714.7
58930.5
75136.3
41033
68561.8
51814.3
36993.2
35990
39831.4
34338.7
53198.5
35763.2
43940.9
61956.3
32715
52385.1
66155.5
38839
34488.3
76148.8
50498.5
46196.6
73864.6
61834
44692.6
29205.8
61664.1
40377.4
35678.2
35281.1
36375.9
27579.2
41026.6
38656
47109
45605
46860.2
50958.9
54177.3
40643.8
54482.6
49754.2
28372.9
57982.4
30587.2
37510.2
54652.6
31680.1
48402.9
30424.5
44853.2
46243.7
39368.6
32382.4
48003.4
55118.3
43255.4
55216.5
46819.2
38468.9
40533.9
54906.9
32275.5
34175.1
87447
59517.8
39052.9
35019.9
39506.9
64519.4
44987.2
30807.3
52793.7
53559.4
52170.3
45020.6
38822.1
50470
67263.6
49888.2
56037.8
44084.8
50707.2
37449.9
36468.5
39976.2
64639.2
44088
37656.5
23699.5
28397.2
39553.6
44157.4
38693.2
28379.2
27175
35516.6
34265.5
74948.5
22907.4
36783.8
28422.9
20775.8
26997.6
70018.2
22646.3
37677.9
27427.5
49666.9
66730.3
49948.5
31345.8
26506.9
46832.6
54770
48442
62286.5
43378.3
32300.2
25368.1
30234.2
40995.5
52178.8
74225.8
52198.9
53209
60911.7
35846.2
46745
39342.2
66049.4
61894.8
57007
46910.2
48016
49478.2
38290.2
49716.7
29616.3
51467.4
68182.1
56398.7
62711
40858.9
40918.3
41984.6
60141.2
68311.4
48356.5
70527.4
59429.3
45013.6
48261.8
49772.5
73442.5
28552.7
49660
29554.6
44418.3
56727.1
40939.6
59966.7
29456.3
61338.2
74884.2
26828.3
50250.7
76248.4
30324.2
46974.2
58122.2
54647.4
50593
62619
69815.2
35153.9
48409
63316.2
60644.6
62182.8
60271.9
42802.4
62041.4
54264.1
42012
56058.5
58289.2
64767.4
78375.8
40286.2
51740.2
32997.1
45534.5
37452
69501.9
40090
34887.4
69788.8
57226.8
30827.4
46892.8
54730.8
48267.8
44808.8
61364.2
45097.2
56418.7
50544.6
70243.8
34770.5
62317
47198.6
57056.4
53485.9
75142
35658
59497.4
60880.9
45018.6
44417.2
38297
54980.6
63483.6
40229
79506.5
41658.6
77890
52393.8
33678.7
67871.9
47561.3
71354.4
71439.9
57020.6
41641.8
40827.3
71678.4
55458.2
94960.2
74477.7
40930.1
49820
71710.1
47812
71761
87594.8
58545.4
60725.4
50185.8
75036.2
55177.7
46611.3
59327.4
44328.2
56493.7
29180
46827.3
44293.8
50081.7
60405.7
41795.4
53171.6
68643.9
35805.4
58725.6
34242.9
47105.8
54038.6
63635.2
30279.3
35037.1
57646.7
72474.4
69307.8
48491.8
51725.5
53830.7
41057
47541.9
90156.3
76421.6
33200.4
49578.2
48115.5
57424.6
59554.7
39724.6
61203.3
60428.3
54038.8
61775.8
33637.4
49889.1
36126.5
44441
82123.6
52617.6
40354.7
62452
46437
67873.4
42196.9
77773.4
31125
55214
45230
28603.8
42395.4
38095.9
49233.2
33827.1
58618.2
36333
42676.8
37645
50987
32459.6
58389.8
31512.6
31933
59246.9
57198.9
39141.4
69056.7
47004.6
55965.6
62096.7
60802.7
45949.9
34064.2
46700.7
53992.2
34583.1
52922.2
45569
45123.6
35196.7
33390.4
36323.4
32838.9
64495.4
38731.7
50674.6
41120
21789.2
41098.2
64176.3
66334.2
54630.6
76902.1
34341.4
29657
35961.8
61180.2
43361
43621.4
32865
28372.7
39925.4
47272.9
35676.2
30576.6
56856.8
34872
34972.9
54825.4
26485.5
30577.6
40691.3
36157.4
52001.9
37094.8
56185.8
54683.2
27000.6
39350.4
54921
44961.4
45850
38375.3
50467.5
40348.8
43379
41728.2
38606.4
42327.6
40397
37642.2
29845.2
47646.2
42423.5
27962.8
57281
47624.2
56190.7
45233.6
36063.6
41943.8
32427
58968.3
51488.4
41066.5
56277
46937.3
40631.8
31542.3
53154
67402
49954.6
69595
47417.6
40444
58541.8
42771.8
46006.4
46937.4
64607
68041
31347.3
24855.1
44658.2
38918.6
58501
71868.8
25647.8
52034.6
51703.3
53144.5
42609.5
53042.1
39772.4
40725.1
41262.9
73240.5
60076.9
40996.7
79168
56803.8
37928.5
27614.1
66173.8
37794.6
35043.3
38455.3
46923
47710
55752.6
44129.8
36762.8
50805.5
37813.2
58083.4
46309.9
40804.2
32519.6
33102.2
77072.4
53213
48714.2
38969.4
49735.7
71655.7
42315.8
57571.3
40298
55455.2
61194
53160.7
64278.6
47725.7
73394.8
51441.3
50150.9
46222.8
32109.3
56686.7
53585.9
59085.3
40478.1
34041.1
45773
35646.2
83401.8
28441.8
34478.2
50013.5
31617.8
47418.4
43608
28731.9
58191.8
66550.2
40261
37378.8
42556
23639.4
24313.3
50739.5
36339.4
78865.4
47562.2
43913.4
18206.1
46731.8
36628.3
73053.8
26145.4
39584.2
27382.2
45444.1
39979.4
48031.9
25084.6
57721.2
32726
24803
27291.4
41124.7
47245
36691
38222.2
38995.3
39208.6
38864.6
40024.1
64620.2
46301.4
37731.8
60200.5
40468.4
74099.3
42209.4
49434.8
57337.9
35857.6
28283.7
52055.6
58550
56906
51945.6
61375
35982.9
45111.8
52881.8
47898.1
35034.6
28392.5
39140.6
23186
31883.8
42568.6
49207.4
57965.4
39638.9
22101.4
39567.8
54757.5
51333
34312.7
44605.4
43467
39201.4
62004.6
28098.6
87423.5
38465.1
36720.8
47535.4
36799.3
41439.2
28846.6
38707.2
30418.1
43332
41253.3
37221.2
34714.9
26704.4
37496.2
28913.4
73688.3
26212.2
50192.8
25097.8
31562
42526.8
45175.2
30782.1
44106.6
24604.8
25104.2
34505.6
38932
34697.7
33020.6
30913
38522.7
34989.9
29036.2
65863.7
40741
41160.2
47379.8
50537.5
46622.4
60541.6
37462.2
45844.1
32255.1
44951.1
49555.7
73661
41614.6
40244.2
58530.6
31172.1
42643.8
47080.8
32687.5
53860.3
37271.5
41950.6
22301.8
46279
65978.8
33155.9
47952.1
49902.8
44188.3
50742.6
43338.6
71225.9
56048.8
30401.6
33332.3
39291.8
39586.5
55638.4
53377.8
50541.8
46950.7
30519.7
36071
30427.9
51697.6
47289.1
52773.2
57874.5
36848.6
35188.4
28625.3
59953.7
54237.2
36612.3
37398.5
23329.5
31660.3
29170.1
25734.2
45603.6
63535
43492.1
50191.5
35747
64339
63253
49794.6
45674.6
58524
28680.7
32170.6
23913
49014.6
38082.3
47056.1
41581.4
55403.5
42490.1
47402.4
40941.6
50045
42938.3
22554.6
48683
44727
40219.4
40421.8
47944.2
40109.3
33423.1
25820.8
29883.6
53149.1
40283.8
53156.4
43882.1
28893.4
19704.2
36692
38791.6
48851.3
65958
60428.9
36097.6
59836.7
24021.2
36855.2
33888.3
32033.7
54228.2
42816
40541.1
33210.8
64746.6
39323.6
34278.3
54514.8
37915.2
31974.6
43954.6
39838.7
54897.6
60488
44373
47403.4
56639.4
38850.1
54707.6
55157.8
58620.3
25047
49107.6
46433.4
34556.5
54093.6
33579
45871.7
38440.5
67907.8
51940.5
50554.2
48264.5
42649.5
37296.4
59099.9
70264.7
46187
35807.4
45411.6
41353.3
48005.6
73323.4
56496.9
60563.5
30938
36845
25212.4
49283.4
46342.6
45456.5
53901.5
53884.6
48894.5
57070.5
42610
34152.4
44419.7
27752.3
61470.3
32870.5
32836.9
40325.4
37312.3
38552.7
103441
57964.4
43495.5
41885.8
26265
51590.2
36926.1
64780.2
45190.5
41863.1
37778.4
40506.8
52107.4
32911.6
63907.8
43509.4
74011.7
39643.4
49792.2
51790.7
30903.4
38822.7
50971.4
54290.7
55721.7
38391.5
43643.4
48500
29715.1
44643.9
49379.9
64558
18217.2
34878.6
44320.2
36080.6
56612.3
36943.3
36721.3
30214.9
52965.6
52842.5
46259.8
32896.3
31610.6
30272.1
44319
57682.4
22280.6
54856.1
61793.5
26654.9
51903.6
71303.4
55746.6
33137.8
40799.4
29907.6
73717.6
39725.3
41832
60917.8
26214.9
21393.7
64979.3
61447.6
44900.1
55068.1
59149.9
61813
55232.3
38738.9
44055.7
33711.7
66615
42617.3
35089.4
37315.6
55242.9
56413.6
49018.7
75279
26684.2
50338.6
42371.6
43472.1
25402.2
50717.9
60469.7
66542.4
43078.8
59770.2
33719.2
59519.9
56150.6
49109.7
37368.5
61536.4
74700
47470.2
42030.6
32571
43578.4
31485.4
26629.9
35080.8
61762.2
37145.7
62488
34899.4
43736.2
31525.6
44364.5
41486.3
29325.5
39623
40531.3
39829
52982.9
54177.5
47434.2
39025.2
32710.1
35311.4
47201.2
28976.5
34901
37552.6
51143.8
41087
19772
56242.6
55192.8
41954.9
32181
34864.4
47749.8
39730.4
40828.6
24616.5
55022.8
35264.2
44578.6
50757
42371.1
38057.7
44026.5
35898.1
32109.5
47563.9
58939.8
42751.9
46070
51421.7
34638.2
36370.3
62708.1
51330.6
56125
36787.7
55788.7
39887
52758.7
37646.2
56827.4
56938
25416.5
54171.8
42086.6
33952.5
65712.8
24769.2
25406.6
63150
61599.1
50741.2
61200.6
44016.8
54644.4
71495
46013.4
49589.5
53332.4
44527.9
46558.7
47239.1
47487.3
42237.3
63830.8
24280.8
50956.2
54116.9
75201.9
30380
58229.6
48973.2
43959.9
37724.4
37903.1
56402
58535
37979.1
53662.8
57303.1
33458.1
67622
45932
50699.1
31210.6
31127.6
54671.9
40599.1
28831.7
47407.8
62192.2
43113.9
44809.4
73288.8
50779.8
53150.2
47191.7
29825.4
44659.8
65906.6
68625.9
56049.7
46811.9
37003.8
52107.2
34687.1
48177.5
37922.7
73927
63934.7
49684.5
42236.4
57779.3
46601.5
46688.1
43447.8
55797.8
43183.5
52393.6
43275.1
44631.2
58300.7
51467.7
34549.1
58921.1
45790.1
31540.7
59786.8
56496
68075.4
39109.1
44993.6
58314.5
40386.6
37520.1
81026
37898.7
49330.6
44764.6
35076.6
30187.7
52768.2
60334.4
45017.5
35687.6
72719.8
51766.9
48063.9
40470.9
43044.5
74101
47201.4
83416.4
56490.4
76725.4
50205.8
34346.1
43485.8
55624.2
36996.2
65676.2
58678.6
53098.8
49851.4
64725.8
55940.2
53749.4
43691.5
47872.1
58735.6
72037.6
49347.5
59612.6
36327.8
49461.8
52593.6
38898.6
33146.1
39323.2
52737
55903.2
56803.6
28335.8
40603
41996.6
46544.6
41897.8
31541.9
37661.4
64404.9
29070.2
63397.7
43841.2
30249.4
41587.4
50071
24893.1
49198.7
44485.6
58401.7
48026.2
30537.8
15975
29048.6
33725.3
50419.4
24032
24258.6
32406.6
43507.3
38755.7
32809.8
45664
38350
36184.3
24956.5
44228.3
32497.8
27907.7
55010.1
58845.4
50392.5
26766.8
39695.2
35353.2
38950
39669.3
62187.3
55736
26856.6
40687.7
66665.8
40870.1
40549.2
50857
22204.4
27256.7
40577.4
72213.8
50933.4
40044.2
27665.2
38324.8
46249.7
55581.5
37519.4
44707.1
49958.4
22794.3
42625.9
33840.6
49083.8
49618.5
45595.2
52820.7
29990.2
46043.5
52022.4
49063.5
62285.1
30245.8
27465.3
32925.1
41067.8
58337.3
39541.8
29874.4
62262
35199.8
34773.7
49224.1
52501.6
49370.9
37713.7
53802.2
54305.1
52731
39499.8
44294
41085.4
47803.3
41114.6
29142.6
34158.8
27705
37705.5
22464.6
45793
77549.1
57478.9
49522.2
50334.7
40458.7
37785.4
73203.3
62946
38747.2
65619.5
44255
34165.5
53858
43705.3
50414.6
43121.9
51984
31550.2
34086.7
37800.1
36602.2
47698.5
23393.2
50137.7
43235.2
26287.7
55458.1
21413.3
73312
50904.5
51578
48327.6
49489.4
37705.8
38481
44248
47743
25015.4
29812.6
27717.4
29147.9
36992.9
25424.2
48027.2
63245.4
56150.6
39697.8
64537
32777.5
49878.4
48800
34354.6
35727.5
69889.8
51863.8
52346.7
57521.9
45308.2
51258
24403.6
63262.9
48883.5
31155.9
47518
36590.1
25071.9
31753
45527
53630.3
54943.4
40696.6
48726.5
36116.7
27701.4
58268.6
42700.6
32509.4
48630.6
48790.6
55181.7
65615.8
57215.8
56532.1
38874.1
42820.2
58253
45494.5
35239
59343
46767.7
69446.1
67629
27342.7
23054.7
43930.5
39214.7
30665.6
46256
50920.8
28892.9
26636.6
32087.8
30450.2
36843.7
64221
39537.5
50327.4
54071.1
37819.4
52830.3
69605.5
78619.7
28102.7
56059.4
44305.1
51276.8
54262.3
74928.8
55654.3
26947.5
62686.2
45638.7
33063.5
52031.2
44946.6
42225.6
39595.7
31646.2
42037.8
31419.2
53862
39216.2
36733.4
36360.7
37154.6
30579.4
52416.5
46973
34686.6
21913.4
28707.6
53301.4
33359.4
34174.5
38495.6
35937.1
35499.5
39296.9
43212.7
33992.1
45006.4
34440.9
56744.2
22032.1
69157.9
42100.5
44524.3
75274.8
44863.8
33409.4
43360.5
37613.9
41235.2
28453
30458.1
30220.9
44513.2
35449.6
41355.3
18678.7
39950.3
33103.4
37678
25402.7
39015.4
28384.2
68946.4
28246
37089.8
66598.1
19320.2
39192
50503.6
45986.6
47858.5
61625.4
38626.9
30581
32073.7
60402.2
46299.6
63773.6
26931.9
64145
53987
44465.8
36424.5
44616.1
54383
29421
48197.4
25528.2
31524.2
52155
55745
55040.3
25998.8
33130
47428.3
29103.8
48902.2
51233.4
73919.6
51834.2
37123.3
50845.4
29338.2
47557.4
52195.4
52848.9
76387
47015.3
38337.1
36471.4
58183.6
48076.2
27260.2
53576.1
45077
38514.5
53810.5
62208.8
61076
28879.8
26051.8
51695.7
42834.5
32019
48665.5
54041.3
37221.4
44563.8
47004.6
53043.1
38090.1
34699.7
31158.2
32643.3
45340.1
29475.2
53488.9
31362.3
50939
58783.1
32742.8
46663
60341.4
48521.2
37845.3
50521.7
71161
38743
60047.5
52779.5
51485.6
53443.6
36573.1
63116
27087.7
45847
41890.2
60099.4
53212.2
48606.2
31479
42646.6
67459.5
44595
42423.8
115613
73768.8
60472.1
59752.8
37809.3
30195.1
53280.1
46430.8
24863.3
57183.6
39480.6
39131.2
57546
56190.7
37221
81769.8
77281.1
32675.2
90518.8
42160.7
48624
49273.4
38653.6
51422.3
61801.2
64857.6
38371.5
60504.8
83881
57185.8
50505
62302.7
58398.5
25060.4
34389.5
46374.6
51565
42995.9
54911.5
47223.5
57929.3
49663.6
63596.8
39466.7
60708.3
41959
25694.8
62629.8
80891.4
37447.6
53922
41579.4
37184.8
40056.6
55370.4
54640.6
40224.8
59399.8
43466.8
24888
44612.1
54881.5
41690.7
66428.4
45369.2
44173.5
46231.5
35143.5
74065.6
42605.8
39139.1
45537.3
39642.7
63158.5
36017.8
25188.4
42703.3
21434.6
40871.6
47720.8
68166.9
24139.8
36215.7
31175.1
40099.5
32520.6
109655
45588.6
31530.6
49706.5
53707.9
35648.6
35133
62029.3
47910.6
51653.7
37395
44405.4
53235.4
44926.5
51610.8
43219.7
42028.6
60476.6
70397.4
41158.6
24161.5
44173.3
36390.3
40388.9
77174.5
40027.8
58760.2
43463.8
56064.2
79694
48165.1
50864
27999
48037.4
44489.2
44230.1
57858.6
48391.2
49541.2
49866.6
35966.6
41759.4
34454.5
48124.8
53196.8
63331.8
43333.9
51843.8
54460.2
42433.4
56391.3
50513.1
52545.6
43062.5
47568.9
45925
42484.7
44198.5
65885.4
41910.9
39891.6
57213
75215.4
28958.6
66357.2
35940.6
41822
46928.3
69375.4
41010.6
47367.9
51529.4
21800.8
41481.6
43173.2
46266
70331
43859.1
40479.6
25295.9
46474.6
40955.1
39461
50352.2
60091.5
55746.2
46450.3
36605
51582.6
41261.1
70006.3
68490.4
29869.4
47049.7
39982.7
39342.6
78422.1
54833.4
50791.3
51082.9
48478.5
49199.6
51945.8
63935.7
52360.6
60032.6
48650.7
36287.6
30219.4
74661.9
36406.9
48762.6
46592.3
51957.8
50043.4
47131.4
58091.5
41423.4
41526.8
38085.8
69306.2
48806
42244.1
65662.5
52691
62720.4
75019.4
50894.8
39549
58287.4
65640.5
51319.8
37741.3
43397.1
54887.2
63369.2
51524.5
44233.3
67731
50223.9
46862.6
47730.5
48484.8
50197.1
72785.7
55525.7
48892.2
45433.4
69597.4
44960.6
33066.2
49890.2
43662.6
63362.2
67461.1
32150.7
56596.6
40675.8
37359.8
52872.4
47480.8
38592.9
101906
56552
51140.2
42024.3
42934.6
35789
73937.3
32797.7
61890.7
44336.7
28763.7
39362.2
41202.3
69319.4
38539.7
44655.5
25292.1
53333.9
38523
40762.8
49891.8
57888.6
37883.3
41842.2
39986.2
52093.7
41849.1
39495.4
44056.2
32149.7
37883.9
57469.4
35948.5
56507.6
46235.9
38544.9
64620.9
41745
51933.9
28250
53719.3
36034.2
60189.1
38781.2
61368.4
52897.4
56962.8
32645
37791
40109.8
72292.7
42687.7
38594.7
55519.4
38102
51237.1
38436.8
40205.4
41657
37214.9
50482.8
52292.3
63682.6
47041.6
38417.1
28037.6
45823
37441.3
46134.3
44694.8
27136.2
43174.6
48975.4
37342
34339.3
32882.7
25050.9
23116.7
28501.3
59359.6
36991.8
45921.7
28063.9
34215.2
21012.4
39743.3
27913
40225.1
29291.5
32725.4
38265.8
44670.2
51248.2
51950.1
30480.1
23301.8
45457.8
26259.3
59228.3
33368.3
43516.4
62018.9
44591.5
34776.6
25794.3
31102.5
84316.9
67255.5
56880.4
32634.4
65059.7
56528.5
45474.1
33733
32960.8
42113.8
43781.8
27297
40391.9
62575
35285.7
26427.3
47020.7
35241.2
34796.5
28564.2
23553.7
28629
42232
23553.6
22278
84653.5
26624.8
36905.9
26259.4
38583.4
28950.9
37815.3
44407.4
32340.5
48145.3
36866.7
32142.6
28784.7
51352.2
53807.8
39377.4
34360.6
48053.8
45805.4
41166.9
45782.9
43213.9
35509
37175.9
38167.1
21493.9
56281.4
38399.9
57027.9
27986.2
36601.7
28655.8
60656.6
58992.7
48694.6
40424.4
26514.2
36268.7
40937.5
54509.8
54710.5
50824.5
67094.6
42930.3
44382.5
36918.7
34174
40257.5
41640.8
42529.8
45055.9
37249.8
42181.8
65084.9
61270.2
32824.5
50094.8
82973.4
46580.3
40361
45071.4
46598.6
40028.8
25512.2
47072.5
36801.8
59951.5
57860.9
43575.1
49297.8
32504.4
54566.6
57369.8
39146.6
38165.8
47334
34707
29474.5
49960.2
68495.4
46630.6
55990
77741.4
38497.4
51352.3
53314.2
41526.7
21483.6
39155.4
50743.7
42988.8
51940.6
59343.2
59341.5
73086.7
37207.7
64498.2
57483.8
76057.3
64434
67580.8
44208.2
29258
45110.7
43315.5
58256
57117.3
50298.2
46071.2
63097.6
57005.3
55935.5
63115.7
52987.4
49468.6
39128.1
67803
60950.6
53173
54869.4
45305.8
47909.4
33235.3
53666
65388.7
54373.8
35592.6
37620.5
38843.9
32282.2
53876.2
62875.6
104132
58727.9
48337.6
63119.2
36846.2
40903.6
56363.5
59234.6
50866.3
53234.3
64447.4
33989.1
56159.1
69218.6
54609
73259.6
36782.9
65293
41570.9
48690.7
64342.2
67966.9
56365
35581.6
57877.8
49094
53517.8
56444.9
50743.1
48059.6
41738.3
48003
36155
47956.5
64060.2
53645.1
78573.2
45884
64301.3
44802.8
45496.6
34129.3
36407.8
26030.8
65734.6
43773.6
30772.2
45409
51320.6
79334.9
25699.6
70802.2
45904.9
45856.7
45480.8
48739.6
48092
73478
77221.7
39979.7
49676.7
60643.1
39483.8
48647.4
37683.7
47386.1
35675.1
70878.3
34101.3
64886.4
44362.9
65792.2
48592.4
39976
58947.4
36344.8
44728.2
51981.4
36222.4
31630.6
36724.6
49229.9
43999.8
28470.8
69988
42966.1
45052
51622.3
61518.7
22951.3
51290.5
52102.4
70177
27113.3
54096.4
45254.7
51356.6
64730
38403.3
57846.8
64022.7
56076.6
44686.9
32150.7
32572.6
48533.1
38272.2
61226.5
39627
34350.7
43166.8
35217.8
57192.2
55253.7
43997.6
47668.2
58006.3
37341
54569
38855.6
53442.6
52190.4
41903.4
49860.8
42166.6
50242.2
36858
42270.6
49374
38330.9
43262.9
60127.3
36258.2
55755.1
20669.8
29581.1
44484.2
58623.6
47827.4
66309.2
45244.2
36841
47921.3
58321
70147
50920.9
16619.6
45168.7
28104.2
39011.6
41952
30103.1
28337.7
20810.7
39978.4
20101.1
41590.6
42235.2
33740.3
35725.4
31644.4
24772.2
50895.5
50989.3
50032.8
48060.9
37951.7
63948.3
77243.5
53132.8
41364.9
60795
47308.6
52151.7
48184.2
37281.2
40769.2
58931
43086.7
52267.2
42337.4
42797.2
35070.4
41074.1
46416.6
36075.2
53694.3
29921.6
40285.8
38444.2
37463.8
40694.6
58188.7
46701.2
27262.6
55946.9
47867.2
26214.6
72712.1
33241
40533.9
41457
23006.6
44871.4
54415.9
32945.3
43028.2
42963.5
43507
50370.8
48201.4
30773.1
46700.8
36463
43748.6
37129.6
47332.4
24311.6
21807.8
50985
80186.9
36930.9
41832.6
66953.9
64798.7
35264.2
61629.4
66383
58247
57576.5
52421.9
50096.9
45098.5
46819.9
44327.4
83026.8
40137.4
38196.1
33025.9
41599.5
44991
40235.1
46441.8
56015.8
37454.6
31819.1
43947.8
60355.7
24776.6
40834.7
28342.3
31126.4
62917.3
43016
43751.4
32355.3
51918.2
44684.6
42962.2
58103.8
53203.3
29079.4
56553.7
33409.5
41039.2
46366.2
36287.7
60666.4
42131.4
28419
25463.4
42844.8
61410.6
38973.4
42104.3
56890.7
40827.6
60914.3
33476.3
42572.7
29473.4
49284.2
63289.2
50494.2
76759.4
47161.8
57260.4
47191.7
54559
47900.8
52284.8
52593
39801.6
63268.2
43088.8
55880.7
33217.2
52163.2
39867.8
56621.2
64536.6
43738.2
43998.2
39016.4
49842.6
28395.7
50292.6
44795.5
65261.3
86400.5
59488.6
56412.8
51954.6
48491.1
38731
20458.9
36763.4
49704.2
50496.4
49684.9
47980.2
63785.4
36144
50087.7
33059.3
53184.9
78331.9
55528.3
57771.4
33370.6
42668.3
36385.8
48953.8
44476.8
65196.9
43310.2
55211.4
31533.8
44299.6
52704.3
84137
34499.8
42761.5
62431.4
34282.8
49895.8
58714.2
42868.6
72349.8
54760.3
51394.6
62148.4
55399
44135.9
46886.5
64382
50357
41806.5
73285.4
50154.7
50429.1
48798.8
66317.4
59326.2
33891.2
40437.1
67522.2
59013.8
62625.8
44432.2
40346.6
32110.6
53888.6
49339.2
35550.3
52609.4
57658.8
58902.8
50583.9
58949.2
50107.7
56411
33732.4
33501.8
39894.4
54655
50434
80912.2
19361.4
58470.7
43881.4
49507.7
35558.6
34991
53340.9
42148.8
49747.6
23387
44671.4
34347.8
26045.9
33748.1
45101
49974.2
38791
38761.4
25875
35288.2
35047.9
52766.7
27574
41701.2
28169.4
29973.2
33449.4
41648.1
36119.4
60922.4
68307.8
24578.4
53306.8
46640.2
46665.5
28446.2
42586.8
59184.6
46888.9
37489.7
39261.8
38238.6
35721.5
44393
74090.4
32772.9
39427
41521.1
52659.9
52982.5
58123.3
29057.5
31999.3
49405
55326.1
32743
18339.8
33157.8
53144.8
37426.7
30210.3
56908.2
39344.4
29795.9
49392.3
26759.9
39231
47392.9
58436.4
29392.6
42728.6
75617.6
42775
38171.9
45875.8
35088.8
42229
45137.8
44844.9
30005.2
36422.6
18604.8
52611.4
18947
41760.4
69038.1
47390.8
47224.6
40968.2
47510.3
61181
33737.4
48554.6
52717.2
74960.2
77072.3
27089.8
52703.5
37399.8
40975.4
56188.8
23900.9
39812.6
41183.1
50893.2
38579.8
29868.3
67593.4
64239.2
32316.6
35240.9
47181.8
59474.2
46414.9
38339.4
35188
45859.7
36852.6
48935.8
41008.1
52256.7
60759.7
59950.2
43101.4
33048.1
32296.5
54959.4
42472.3
63863.5
44389.2
47922.4
34069.1
34582.9
51935
47569.6
40488.1
29235.8
58332.2
44165.3
78935
66145.2
57664.8
37453.8
44708
38520.3
43764.9
85704
48681.7
77138.2
39625.8
30217.5
48956.3
33234
57855.3
65402.3
38352.8
33980.3
54216.3
46781.4
44546.1
31222.4
65528.6
48589.8
35116.8
37379.1
57148.9
39310.2
57338.1
43203.4
47378.5
30192.7
37984.8
48382.2
21746.6
41627
41813.8
45294.4
65373
47058.9
32687.2
45515.8
44718.9
27147.9
42501.5
61257
52515.4
48508.2
35818.6
30207.4
57068.1
22186.8
32063.6
30431.3
28560.6
47734.6
40642.2
46758.1
53454.7
57631.4
30623.4
41587.3
35125.6
49761.9
42907.6
35412.7
30150
19460.3
58013.4
36489.6
47524.8
47222.8
25053.9
48196.1
39799
59401.5
86592.4
45527.3
33366.1
26609.4
37894.7
49515.3
22403.9
47178.7
41628.5
56248.1
48074.6
39452.1
24757.4
32752.6
40703.4
31925.4
50573.1
83937.2
59442.3
35584.7
48796
51344.7
57995.3
38652.5
42949.8
32069.2
38535.2
53331.6
37760.5
46531.2
41451.6
61609.2
51940.2
20962.9
42231.9
36539.4
42603.6
35379.6
38035.5
22770.8
45355.6
30645
36284.6
43886.6
54442.8
81175.5
30253
37212.1
36967.8
43975.1
56442.4
41793.3
47654.2
81155.4
73793.5
80522.8
60306.5
66134.6
44883.8
44183.2
48156.6
79019.9
57973.1
45920.7
43868.3
42431.8
57059.8
41678.6
62579.9
58987.2
73525.4
54467.1
33660.2
55248.3
71681.4
44154.2
40520.1
66552.8
46889.3
35701.4
49447.4
47555.1
49111.6
66835
68884.1
55996.6
39331.3
32401.5
46377.1
41061
45952.2
51106.8
56998.4
37712.6
43886.6
40702.5
46753.4
48213.7
52434.6
48335.8
45192.7
40944.8
49510.6
43705
39454.1
26402.8
71185.8
41271.4
51128.6
47332.4
57517.8
55127.8
75080.7
73188.6
38102.5
37190.9
29775.8
46657.7
40688.7
39612.6
59296.9
36042.3
40318.4
24149.5
44265.8
50579.5
37892.3
49483.8
40805.7
48876.2
26096
31997
45999.7
61899.8
39970.3
28178.2
52671.4
34217.7
52392.6
52935
41220.8
46756
46856.5
45221.7
46815.6
33051.4
28232.1
40732.9
25327.1
26415.8
49555.2
47779.9
39014.1
45834.6
37557.3
41346.5
43189.1
42698.6
53069.8
45215.9
38675.2
24248.1
44390.9
37989.8
44045.2
59764
37602.3
30315.9
31949.1
26117
38199.6
29163
47394.5
73442.6
37666.3
38316.7
44191.3
34658.6
52797
34701.7
56243
37833.2
47072.2
57835.7
53259.8
31522.3
58264.8
45011.7
51403.8
44474.6
34753.7
55493.3
46988.6
76204.6
42173.9
34388.9
40625
78138.6
62605.1
51211
63642.9
57955.8
31183.3
34250.1
45232.6
55817.5
54842.1
46231.7
34810.7
75558.7
38314.8
68446.7
41998.5
75244.7
52701.3
41735.3
46701.4
52201.9
24176.1
65538.8
53657.8
74523.1
49470.2
35481.8
30090.4
27011
30194.7
46107.8
43133.1
55373.4
69373.8
44349.6
42365.4
39200
44597
24695
50952.9
43251.4
39861
50483.7
65826.3
27859.8
58839.9
77162.6
51137.6
31973.8
51510.3
55135.5
34220.3
37180.2
48710.8
64131.9
32338.3
57218.2
58677
20847.9
46936.6
54707.3
39854.4
33987.5
38008.6
30091.8
38989.6
35720.5
59271
33874.4
47929.8
48356.4
28842.5
40544.2
44139.7
37039.2
41487.8
40723.5
31332.5
39673.6
44639.2
32413
43793.1
51265.4
34498.6
42290.6
66229.3
43980.4
38799.9
20333.2
53211.1
55071.1
39820.2
43863.7
52599.8
22985.6
34092
59507.1
50983.6
57209
40057.2
36559.2
52132.6
39681.5
58983.2
41677.2
73776.7
53060.7
53676.2
45804.6
52938.6
31192.9
49137.6
65056.8
71235.8
54096
41871.4
34863.6
38366.2
30440.7
32082.2
22933.4
55310.9
25829.3
46709.2
40559.7
43832.9
52618.7
57410.9
69170.1
47076
27507.4
60629.5
45441.1
36309.4
29527.9
33084.8
34615.2
33800.6
60772.6
41470.6
40781.6
29583.7
21835.3
61612.8
48868.6
72571
26441.8
43792.5
32264.7
62328.6
21220.8
46475.8
64153
46330
59344.6
59652.5
72435.8
45640.7
53423.1
34627.8
41757.9
38671.7
38703
38893.1
47435
42741
53140.2
31441.8
46696.6
31858.2
46938.2
43008.6
77877.8
44601.1
61788.3
38007.8
49089.4
45867
45959.1
35635
55641.1
72173
63662.3
49274.9
53373.2
34003.6
47064.2
51470.3
36971
47626.6
47391.4
50774.7
38117.3
41060.5
37160
56140.1
58438
34081.5
66512.2
49261.7
31518.3
60087.4
45475.9
34776
31462.6
46965.9
58674.9
77155.5
36565.8
48478.2
57063
34655.4
52781.2
56888.9
46602.2
48415
54034.9
38257.4
53776.6
43753.8
35789
30308.3
36189.4
47014.6
52152.6
49300.6
47913.1
30276.7
24365
60321
26530.5
21640.5
33359.3
64279.7
44635.8
32955.2
47767.3
37779
29396.6
35917.2
40628.1
40497.2
35046.1
69821.8
48573
33188.9
31487.8
29700.2
66948.6
33948.8
36155.4
28704.7
37487.5
57992.9
25423.3
40817.7
58021.8
51827.7
48574.2
43065.1
48470.2
31458.4
60628.2
32598.8
56174.5
22602.7
49228.9
35116.4
40363.5
62720.7
44651.3
61820.8
42778.5
33173.9
40013.3
40450.9
44891.4
34347.4
39623
51156.6
34343.4
43660
48225.8
54057.8
58899.3
40090.2
48088.3
42427.2
56114.9
33203.5
33401.9
32770.6
32566
50874.1
40207.2
31053.4
43946.5
43830.2
43469.7
36693.9
47969.9
54327.1
50101.5
31319.2
77285.4
66929
32811.3
48371.7
63433.9
32952.3
46343.1
49886
68945.4
53934.5
45210.2
65201
46436.1
53092.7
74269.7
50678.4
59825.6
41752.2
44746.1
41913.8
46821.6
62627.8
42712
32626.3
31393.7
30665.3
29627.1
31725.6
33303.2
37691.8
42556.6
62697.8
40257.8
50086.6
37331.8
52190.2
29505.8
46141.1
40615.5
36749.4
44083.4
36055
37707
41217.9
64924
79669.4
49912.6
44936.1
58373.3
49816.7
35956.1
35080.1
57060.4
55505.4
54035.5
54054
44950.4
39128.9
26821.4
38548.5
42573.4
49650.2
51199.4
39675.9
55069.7
71417.9
45470
36724.6
67980.6
57208.5
47047.9
40049.1
36425
40996.3
43686.1
75738.8
73965.3
31796.4
40080.4
56306.7
54616.5
34559.4
75743.4
33715.2
35812.9
40900.8
58775
54294.9
44552.9
28247.9
70711.4
48864.2
44519.8
50173.4
46018
32221.8
59715
61116.6
42561.8
37375.8
37179.4
34246.4
38177.3
43561.7
46693.8
57231.8
55467.5
26876.6
55979.8
56924.2
46228.6
28594.7
49407
55602.2
49008.8
30229.6
44263.8
37976.6
74980.6
60417.6
58594.1
65259.1
46643.4
53232.9
36757
28891.6
38467.8
41036.6
77144.8
75736.2
89469.6
41860.6
32327.4
28049.3
33792.9
38197.5
59962.6
38728.2
67003.3
58809.7
44532.2
35695.4
60944.6
28828.8
54789.3
43735.8
50643
41482.7
33951.9
50948.1
66635.4
60939.2
38848.6
23547.7
47499
37807
43946.3
60768.2
41750.6
40019.6
43859.4
29058.6
49678.6
33522.3
54203.5
51787
45394
52954.1
50275.1
64946.1
34754.4
47659
46901.6
58486.6
37263
55066
53808.4
50105.7
38711
38375.8
47170.4
55981.2
53082
64398.7
41786.5
38757.8
37672.1
34972.6
45029.8
55171.6
41189.5
37453
44306.3
42699.4
41312.8
70726.2
47867.6
49659
54336.2
37570.2
38870.3
87771.4
69586.5
38190.5
29785.4
66856
47875
33293.5
57989.8
47300.9
64447.7
26107.6
54331.4
47543.8
48135.3
39524.6
54231.4
53186.2
39183.4
60375.4
54877
34360.9
32910.5
47950.3
43000.2
62243.4
41591.4
42948.7
32053.4
31662
51290.6
33076.5
25681
59131.4
36134.6
23552.2
45287.5
45116.3
42536.8
41457.8
22457.2
49664.2
42753.4
47525.6
47315.5
36629.9
53305.8
36645.5
47358.4
33886
51000.5
30323.9
48217.4
53806.6
19987.2
65673.4
51220.6
36482.1
48732.7
46062.3
20287.3
51556
33566.1
69902.4
82403.3
54185.8
64219.6
30049
65661.4
87697
55548.6
30129.6
63072.4
56036.6
31194.2
28217.4
37618.9
48859
34466
29801.8
37136.6
26505.4
34027
37715.6
50063.8
36009.2
49355.8
40691.2
48989.9
17180.8
40555
50523.4
29417.7
30601.5
58638.3
39703.7
50389.3
51203.3
47377.2
63349.5
38685.1
70545.1
29438.5
35323.7
49902.5
43094.5
40442.2
29227
86657.8
63761.8
54372.3
53702
56489.7
20663
32237.8
60971.1
43855.2
39293.4
49963.5
33826.3
25040.8
42601.2
38368
33646.3
62919.8
38955.2
69962.1
31618.2
52337.7
46886.9
49500.3
57373.4
42858.7
49877
40947.8
29950.1
74483.3
45895.4
41922.6
50041.4
67630.4
33058.3
34887.1
65534.6
42525.4
50939
42451.5
55102.6
63887.4
45395.8
82659
67631.8
43895.5
49297
47366.6
52718.6
37006
60443.3
57641.6
67439.2
70493.1
60557.2
72266.7
69747.4
53648.1
46703.8
68999.4
80733.6
74925.9
48091.4
53924.2
56695
32492
47390.7
49283.1
40537.8
76172.3
28220.4
56069
33997.4
34311.1
36730.1
66802.4
35768.6
38394.2
45443.8
38180.2
57282.5
39497.1
58419
48916.5
32743.6
38708.2
42242.4
53956.1
44092.9
79179.4
34398.5
71422.1
39115
29382.6
33366.6
47665.2
36968.2
65228.8
65550.2
63613.7
34158.7
45262.6
46487.1
35179.1
54086.2
31548.7
48806.5
57508.1
33729.8
50115
54847
31885.6
55742.6
44392.8
51945.5
51592.6
32789.8
37872
51388
35936.8
48518.4
38445.3
37203.5
44587.2
74692
66223.3
35968.2
51562.8
45351
25037.9
63742.2
63980.2
37101.8
54497.8
36267.7
68633.9
35501.9
62949.3
59701.7
53023.1
36359
37419.8
58116.4
29828.1
50798.1
60482.6
44495.4
49162.7
53876.4
45266.4
50945.5
54766
39692.7
38146.5
28186.7
60262.3
48925.9
37666
30185.4
44889.2
51292.2
44535.5
34133.3
76073.2
57064.2
47023.6
42466.1
33973.9
33603.3
41296.3
51627.9
57291.8
39351.1
46786.6
40280.6
40795.4
42889.2
78573.9
47555.1
42209.8
58568.1
60837.6
70842.1
38218.6
38166.8
74741
37217.9
70996.2
60265
69321
51683.8
56455.8
46334.5
53025.7
68561.6
43342.4
52797.9
55014.9
24048.8
35479
73242.8
81291.9
81971.7
38705.8
48656.6
29644.6
39675.6
59328.4
44618.2
70719.6
43032.6
41491.3
53683.8
77762.8
63692.1
51369
60404.4
54745.7
53090.6
66149.2
51063.4
64603.6
42151
67908.2
74050.4
71350
63836.2
70852.8
42610
64135.7
44925.9
52568.9
47428.9
60899.3
37940.6
83778.1
45066.8
61055
102188
61643
63764.7
50435
37252.2
62129.2
42102.9
43219.3
60112.9
56149.1
40434.2
66944.6
57219.9
52529
68866.6
94823.4
39047.7
53046.7
59848.5
56085.3
61930.1
53696.5
55204.7
53082.2
51371
58349.4
58675.6
71757.8
64258
64517.8
61588.7
52739.7
45032.2
56662.9
78968.2
56776
47790.3
67438.1
42237.8
43532.3
78339.4
73095
34219.6
66253.9
63824.6
61596.8
37233.1
58034.4
43008.8
65797.8
72607.4
102580
60234.4
49768
53154.7
69204.3
61317.8
54197.8
57024.6
27553.8
30686.3
45444.8
57936
64437.7
42224.6
36407.2
35754.6
54280.2
66138
54707.3
66346.4
41202.6
55403.8
50673.6
40446.4
57985
93588.3
48997.2
33171.4
66204.6
23249.2
51568.3
51014.3
49188.2
40184.2
47495.6
60257
32454.2
31502.7
48644.3
34714.8
45294.7
56922.6
22535.1
26077.3
28608.7
45656.8
38799.8
46866.6
34268.1
45177.8
26157
61540.5
47738.5
45856.5
56451.1
48876.8
39423.5
51371.7
37678.6
49672.7
36085.2
41022.1
42850
42868
73327.7
54279.1
41751.2
53893.4
37654.2
45298.6
42628.6
33211.4
32926.9
27851
41395.6
69126.6
56294.1
48769.7
45493.1
22699.9
51596.6
53084.6
50171.3
32378.2
57665.3
71984.6
54793.8
48481.9
52050.9
45127.3
61264.2
27975.3
50703.6
58285.3
56560.3
41525.8
44129.4
35525.3
42696.6
51118
43969.6
71608.6
32366.5
26591.9
28153.8
47822.9
41857
64571.8
53803.3
79157.4
43713.5
32269.2
50055.9
49268.7
27396.1
63183.9
63070.1
30240
52004.7
23699.5
74277.8
50838.8
61830.3
51153
51579.1
36097.5
40442.1
44889.8
66651.9
36340.9
44833
54115.8
55031.4
37926.3
51475.3
40490.6
58012.1
49030
66446.6
46195.9
25627.4
43841.6
71023.4
60090.1
34958.7
42199.7
53029.8
49716.3
71361.7
76027.4
42026.1
41787.5
41845.7
48681
41389.3
47013.3
60926.1
64758.7
30973.7
36917.8
35572.6
38600.3
64077.4
72433.7
66421.4
20942.9
46118.4
55862.8
41558.2
27980.4
60655
54169.4
25873.8
51665.8
68657.6
38742.6
32156.7
53584.1
48770.1
45552.9
35318.5
45660.1
38912.2
78859.5
41448.5
35756.3
45426.4
28325
26062.6
45378.8
38651
72455.6
34982.7
46442.1
52751.2
34441.4
61066.8
70513.4
58157.1
28024.6
46551.3
34188.2
32316.6
39079
62489.4
42775
36157
30690.2
44500.5
36210.1
57005.4
35625
37983.1
42857.1
53631.3
33839
22467
32181
24973.8
44643
41743.8
53384
39571.2
67726.2
62926.2
30310.7
17982.2
34219.8
56565.8
50987.4
42292.8
42591.9
30585
42684.3
58126.7
40154.5
30477
47611
27099
41351.1
52728.3
56667.4
26919
49123.6
35985.4
56346.2
42048.2
32042.4
45762.6
39378.3
35219.9
44302.7
37933
35187.8
31094.2
44967.7
46280.3
27755.8
27131
57886.2
35640.3
43325.3
36972.2
32489.8
39791.8
77037.4
54227
42733.5
34409.2
70836
42531
40152.9
88241
38213.4
33585.4
49020.3
31044.8
64213.8
40100.4
51356.2
34352.6
78441.1
56629.9
49127.5
60235.9
53460.3
31286.8
45577.2
55004.2
62306.2
49531.4
82244.2
57284.9
48814.1
39445.2
51347.7
49765.1
60024.6
50445.8
36466.1
70584.7
62148.8
36453
43729.3
24987.4
35117
44737.2
44875.2
27720.4
88718.6
32468.1
48747.3
42085.6
50242
42416
45241.1
31864.2
66287.6
37362.3
41087.6
47786.2
48010.2
35179.4
33854
25754.9
37855.8
48975.2
38955.7
44961.4
28228.2
50685.6
33083.5
36062
54166.4
66222.4
34940.1
24571.1
36999.4
28593.9
73822.7
59463.8
40565.4
46118.5
37695
63852.6
57035
45716.2
34393.4
52879.4
35556.9
50134.6
48529.1
39545.6
57408.1
45877.5
44221.7
22944.5
49085.8
47886.5
59023.4
49435.5
56915
41130.2
63211.7
29362.6
45216.9
75678.5
45564.1
48233.4
49868.6
42395.3
63474.2
37159.4
36405.7
56984.3
31098.5
42470.3
73242.9
48090.4
41098
34392.2
44962.4
61041.5
35579.9
48923.8
35965
43748.6
32190.6
33100.6
47747.8
41851.2
44476.3
32896.3
23363.7
56409.9
30115.1
36315.9
37795.4
30381.6
39280.1
40400.1
45793.3
41960.6
32594.3
40538.4
29130.8
58281.9
58780.4
47568.2
36249.2
21700.4
29752
34291.9
37695.5
44135.4
34198.4
31787
30983.8
63044.1
27124.2
41572.4
31133.4
37081.3
33065.6
53894.6
26707.7
49615.4
73673.5
30901.6
53013.2
44593.9
46419.6
52052.2
30120.2
69481.5
57585.8
54472.3
39702
49620.5
30122.2
38261.1
47577.4
27269
51626.7
67590.8
45744
49219.9
54088.2
44843.9
45070.8
72559.8
55515.4
45374.7
71962
45100.2
45323.2
63627.5
44045
61884.1
70777
65954.7
50536.6
50075.6
67997.8
57233.8
51798.2
46733.4
40502.1
52004
64179.9
43036.6
42453.6
46706.6
60728.2
42761.4
69502.6
48452.1
62132.1
54930.6
45030.1
45278.2
41431.8
75872.6
46884.2
47266.8
35876.2
36740.3
56552.5
47284
42749.5
63368.2
31955.9
35034.7
36813.3
40827.5
45410.4
56240.6
36885.6
42169.8
55256.5
39920.2
49266.9
43530.6
49465
33546.8
50249.7
21778.7
54350
45004.1
46375.9
33973.2
52934.6
56211.8
23765
25361.7
64752.9
35197.8
41889.7
62367.7
30633.4
39480.2
59359.4
44200.1
33060.6
37431.1
38961.1
29966.2
32372.5
34437.9
46622.5
28885.5
73967.8
32276.6
46093.1
41500.2
29072.9
48681
25880.7
30485.8
21109
24253
22054.5
43867.5
25363.7
45382.3
32075.9
61371.4
39803
22934.6
40695.4
48192.9
31914.9
62177
33404.3
58281.5
44186.4
72419.9
35050.6
46741.4
61224.2
51718.1
31321.4
36369.1
49165
59118.4
45286.3
58675
50041.4
48261
48609.6
54261.8
37326.9
63176.2
51250.8
41733.3
80011
54253.5
40573.3
35478.5
58597
55149.2
63585.9
54184.4
58428.7
36571.4
59791.4
31182.3
50097.4
35386.5
50887.1
24127.4
62115.2
36289
47963
53729.9
57328
34107.1
61835.1
45197.4
45538.3
34770.2
50768.8
38583.4
52069.1
68334.3
41813.8
70321.4
58431.8
58643.4
35164.2
44843.6
41675.1
62998.1
44775.2
26052.3
47025.2
35279.4
27060.1
44035.8
56953.7
61184.4
28310.6
47333
72033
28523.8
65363.5
52079.5
54688.3
60801.2
58536.8
51591.4
49881.2
73626.6
46806.5
46316.2
68543
46257.6
36507.4
54372.1
60156.6
39344.4
48818.2
38256.7
36461.4
56793.8
65398.9
29275
37710.5
31091.9
47093.8
45825
68138.6
60486.5
39552.9
60022.6
43055.1
46049.8
68423.1
43136.7
36069
44845.2
58855.7
39528.1
45843.7
49315.8
42543.5
71334.2
48791
36866.7
67647.8
46955.8
45257
56893.3
57015
41495.3
59258.3
61201.2
72409.8
54787
38794.2
28496.4
39648.5
49199.1
78798.2
42483.4
50725.2
44824.5
29531.4
34160.2
43602.2
34063.4
60419.3
33788.2
62460.6
50995.5
50753.2
53912.2
47917.8
28289.2
43562.2
59513.5
62210.5
56989.7
45785.8
66876.7
56689.4
57415.5
57908
76801.4
61665.6
61571
38944.1
39034.5
54770.6
40254.7
61584.4
44585.4
40837.9
47705.4
53990.9
33692.6
41883.2
40170.6
41035
63866.1
53578.3
36405.9
48997.3
38219.7
59162.8
54078.2
34569.9
49991.6
63298.4
26337.5
38816.9
55284.4
28487.3
71975.5
63407.2
32733.5
39466.3
34529.8
66943.2
25931.1
69084.5
32037.3
43741.5
29646.4
58489.8
30157.6
65528.8
38770.9
64307.9
38231.4
38275.3
41100.8
43751.8
36311.1
65199.1
30925.9
44015.9
26716.6
34076.2
38618.6
44019
47063.6
54189.6
42482.2
58110.6
21371.8
36119.4
30729.7
25654.6
60907.7
44217.8
63035.9
56776.6
33760.4
38614.4
17014.8
38690.2
49169
39548.2
74329.4
31785.7
53093.4
37104.1
35765.7
67726.6
61919.2
41109.5
35233.4
48963.4
78764.1
37814.6
57777.2
65591.5
19622
32594.6
47531.8
75573
39721.3
38973.3
69432.3
41187.2
44527.8
38813.3
46792.9
37405.3
34520.9
35589.1
46028.3
30396
48905.2
44834
30786.5
56169.8
38285.4
46765.7
33985.8
51169.9
40037.8
35637.1
48930
52227.9
58850.9
57142.2
38108.4
60685.9
33195.6
55812.7
41032.2
44092
42228.6
31500.7
47980.4
60601.4
32813.5
43896.4
54913.4
48842
48976.2
45279.9
71387.6
45287.5
32519.6
50660.3
45605.8
46088.2
33569.7
56352.4
41110.2
38922.1
62508.9
46035.7
49542.6
50925.2
32773.2
45336.4
35734.8
64955.6
56404.5
51079.4
34460.6
39567.6
63827.5
61346.8
69993.7
46508.1
58809.6
41067
61690.2
50873.2
43414.8
43596.5
56591.5
38293.1
37439.8
40933.4
68932
43124.9
54235.6
38376.8
48129.4
70932.8
29476.4
64841.8
40690.1
43274.7
43717.2
51625.4
37558.9
54423.7
27634.8
67468.4
68837.9
48403.1
36635.4
37358.1
40118.3
26711.6
74615
38382.7
38455
21309.5
51784.4
50433.5
39016.2
43188.1
47395.4
25596.2
42686
54593
21393.1
43242.7
46036.6
39455
33972.6
31570.7
48975.8
39360
55132.2
52719.1
45079.4
42422.6
49851.8
22114.2
46445
21815
27875.2
33189.9
29045.1
58496.9
36355.6
46375.9
29566
44133.5
28108.3
41217.3
74073.1
46036.6
42884.8
42380.9
25873.9
27790.6
25040.8
70013.3
58461
64761
42528.1
33019.8
33157
51391.8
38237.6
46528.5
38209.9
56976.2
49138.2
40800.2
40636
19987
62140.4
54566.6
35316.4
50951.8
37807.2
25507.2
34762.8
48847.4
25659.4
48995.7
53675
45161.4
40289.9
78306.8
42486.7
40967.9
41186.9
40509.9
46813.5
58564.9
54445.8
35029
34788.4
40365.4
37215.9
41726.7
35081.7
49865.3
28510.6
72156.5
47189.3
36374.4
36137.9
24222.3
51674.7
18552
47455.3
28069
46566.1
45245.8
73962.7
43789.1
38079
42237.3
27380.8
42338.2
38067.4
49479.4
61431.8
65671.4
64419.2
63398.2
30650.9
64812.9
59221
84614.6
62946.7
34308.6
27823.3
43216.5
46631.4
47123
69674.4
47779.8
53349.1
55838.3
67141.4
47880.6
65665.7
42663.2
60146.9
32321.9
34978.8
65679.2
37553.7
34457.3
36497.5
39922.1
77378.9
66292.4
34411.3
43235.8
48939.5
47808.8
72048.8
35446.9
43404.2
75626.2
34884.1
26936.2
40374.9
58824.8
44511.9
46418.1
59047.9
62933.9
68839.1
72649.1
54739.8
41078
58275.4
45793.2
62840.1
39022.8
35732.7
38824.9
58414.9
47917.2
31536.3
63474.2
58774.2
38239.6
60581.6
38623.4
30479
39175.3
62419.8
40491.4
47428.2
51965
58951
62919.5
44824.9
49277.8
38183.6
56183.7
36133
56400.2
36931
52180
57906.6
69490.8
44417.8
57317.2
27483.4
45477.2
44815
33678.1
42575.1
52304.4
41199.9
56586.6
46274.8
47967.4
52725.5
85677.4
30012.6
36224.6
46929
69054.7
59062.8
55526.2
46195.4
63953.7
64206.6
48585.8
38306.3
24678.2
53686.7
38327
39919.8
36871
46604.5
37782.8
41915.2
44533.8
35854.9
36856.8
43772
53790.1
23278.6
51591
37483.1
55358.6
51412.3
54291.8
45510.6
32651.8
47310.6
44118.2
30687.2
42116.8
49427
50494.5
55616.1
39476.8
40599.8
20921.2
32365.9
25316.8
18648.7
56108.1
56084
49819.6
50832.4
50756.6
34200.9
57845
34408.2
29884.1
40584.2
23177.8
27859.3
37630.2
46369.4
34693
59596.6
51576.7
33078.3
38073.8
42832.5
78118
24177.4
38096.7
50915.8
19302.7
26958.9
54941.9
74144.5
35304.8
35051.9
33473.9
27920.2
27930.2
52432.6
47230.2
38803.1
28157
44925.1
52290.6
20486.3
45252
40725.1
24952.3
29585.8
46988.7
27959.8
39674.8
53884.4
34832.6
44901.2
39646.3
51580.9
27034.7
37652.9
28656.6
43230.2
56851.9
39450.8
40347.4
29283.4
34684.7
41461.1
30317.4
33988.4
26781.9
42100.4
43415.4
31722.2
41925.7
42194
41799.6
44089.9
47726.9
36766
43903.7
35848.1
33272.8
58031.8
33215.9
41756.9
36960.2
47184.2
47494.2
37478.3
49383.5
45740.6
69877.1
49065.9
43152.6
36521.2
71627
54584.2
47785
32377.8
37638.4
37581.4
28017.4
38954.5
40411.4
66728.6
33313.3
39361.7
30177.8
52557.8
68490.8
33379.8
56611.6
43642.9
49366.5
35242.9
24201.5
39115.8
33787
40263
56168.9
48090.8
28538.2
44309.3
45062.3
57735.1
20099
37705.3
31208.2
61227.4
50321.5
47301.2
48573.4
62354.2
30896.5
43429.6
53219.8
30136.6
52932.6
33430.4
32866.1
42388.1
43060.3
51822.2
54377.9
36354.4
52889.5
35026.7
30452.3
39568.1
46195.7
81899.8
37712.6
20700.8
24846.7
38457.8
31978.3
34581
47621.6
39717.6
35430.1
41752.6
37130.1
52665.3
29640.8
47521.4
43056.7
37591
70824
50039.2
24579.7
35924.2
39970.2
51615
41788
43253.7
29952.8
79747.2
48125.2
54386.2
31735.6
47740.6
46997
48951.7
41113.6
63211.7
72666.4
33160.6
35034
36888.4
40203.8
56727
53756.1
26773.5
50434.9
25842.4
37529.4
73102.1
36334.9
39712.6
29828
57661.9
52854.6
39958.3
70037.5
70975.6
53690.6
45345.4
63669.2
37435.6
61085.4
38424.4
66888.7
87907.3
64118
46517.1
56499.7
55511.2
57079.4
45087.5
64376.8
53233.5
63379.6
37492.1
66097
44878.3
50824.1
56134.5
54514.9
32279.2
78401.4
53472
52444.4
45855.2
47207
60484.8
33710.6
53230.8
58209.9
65810.6
36461.7
65997.4
44840.4
61451.8
50236.3
48193.8
56353.1
52082.7
27818.2
33434.7
39949.7
16963.8
33498.1
59509.2
22110.4
39550.9
29120.3
44444.5
37584.2
31973.4
50581
46623.6
51914.2
42529.1
25835.7
43856.2
59565.1
65934.6
32234.4
54982.4
32599
57683.9
20454.6
51445.7
56980.2
35145
69100.2
46410.6
42712.4
45788.2
49977.4
41142.4
41695.7
37283.6
43706.5
32421
50431.7
53258.4
49464.4
30537.4
50562.3
34114.6
41823.3
35981.4
31960.7
32306.1
32841.2
43474.9
42518.2
27552.2
38513.4
48041.5
50172.7
22529.6
44311.4
40019.8
36996.5
66197.2
50086.9
47386.5
42723.7
31154.9
30719
61939.3
52307.8
35445.1
29938.8
37737.4
43486.1
33495.8
32409.5
45004.6
37762.6
38048.3
47795.8
37042.1
49289.5
65665.3
39858.5
40860.3
27861.5
29586.7
45338.6
34095.2
53740.9
64133.2
53518.1
38273.7
39900
55623.3
50465.9
64958.6
56208.5
43781.4
70771.8
45901.4
35315.8
49785.5
65385.7
53380.8
73980.2
28596.1
47535.1
30587.1
31689.7
57096.2
60432.7
40534.2
69384.4
42878.8
69683.1
43152.4
66606.6
63082.2
41804.3
48381.1
35578.6
46205.7
64382.9
55640.5
42697.8
45026.2
62219.8
55900.8
31146.6
37719.3
38105.5
26744.4
51642.2
34953.3
41212.4
75899.8
43109.8
22922.5
61638.4
37413
38281.3
42117.4
36142.5
40920.5
35983
37646.6
64494.5
49738.9
77512.2
50075.5
64552.9
28053.9
78132.5
29071.4
26427.6
59087.8
38581.1
69718.2
35824
29812.7
25490.1
62400.9
60199.5
35496.2
41096.1
58853.2
16706.6
55163.6
34675.8
27908.1
45773.8
22894.9
41816.3
49653.5
37535.4
56661
47487.6
26564.3
49592.3
48785.4
31773
33624.2
69341.7
30798.5
32873.4
42189.3
50736.6
49071.9
63452.7
32172.4
33508.8
37017.8
52451.8
36608.3
36321.3
34956.1
43909.6
49993.8
27512.6
52943.8
35388.5
46879.1
52097.4
35664.6
38833
56896.6
58095.4
46149
56252.4
49501.2
55124
55447.8
61475.9
70263
50551.2
74123.1
39300.6
46533.4
66843.6
31553.4
49367.2
64996.8
61967.4
39941.6
39969.5
35439.4
55073.1
30850.2
45964.8
54324.3
48807.8
63483.3
40430.7
56088
46179.2
34118.4
54002.9
37139.4
51714.8
57516.9
46711
49604
41291.3
76562.9
56621.8
30014.1
27451.7
59932.6
59871.3
38324
56820.7
44930.4
63313.6
37840.2
48078.6
63336.9
45303
46124.7
47877.8
55108.6
57442
42651.5
61216.2
43531
47087
49051.3
49545
33918.6
31450.8
47691.5
39339.7
44759.3
37621.8
27258.7
60659.9
34440.2
48413.4
37033.9
63359.3
52693
41438.2
68018.9
62972.3
67147.5
40621
45189.1
61481.2
68995.2
64750.6
26935.7
64884.6
56237.2
47323.4
35007.9
64589
42346.1
40976.6
48913.4
49451.7
34095.2
69590
44687.8
69708.3
32913.9
32110.4
46055.4
73945.5
59913.6
65736.1
49777.9
39814.8
45254.6
44108.6
45562.8
51856.5
38265.8
42062.6
53906.4
55119.4
29701.8
35996.2
36445
50565
35786.4
46099.2
68767.5
37319
24100.8
72322.7
39293.1
41799.8
54668.3
27561.8
31019
39920.2
41607.8
53604.6
45396.9
37792.8
59402.4
54795.8
67111.4
43545.5
39031.7
63541.7
61559.1
52770.8
47884.6
51213.1
48022.9
17226.4
56526.6
40629.8
58334
93745.5
33806.5
36148.3
54151.8
42907.7
62268.8
36633.1
35756.6
51651
31078.5
64770.1
70317
35353.9
42227.2
44572.4
48775.5
39596.5
40988.2
66128.7
50125
65574.4
42563.3
41844.3
75116.6
32652.2
68098.2
60968
46218.2
55655.5
41500
32066.6
31881.4
57374.1
79047
47356.7
40142.6
62599.2
41412
35946
57160.5
50401.4
43742.1
47471.1
35763.4
33649.5
39506.5
57680.5
54793.6
49203.6
39048.5
58903.6
25516.1
31684.5
48766.6
64679.7
57112.9
39907.9
52007.6
54667.9
27716.7
70906.7
61586.2
41056.8
63822
44667
41225.2
30073.5
48854.4
49746.5
63813.7
86203.6
33364.7
53247.4
47014.2
51305.2
33861
48032.1
41221.3
37684.6
35460.8
41795.1
53696.6
55975.3
56629.7
44090.5
87605.4
66122.2
37328.2
45673
31848.6
44414.4
42390.8
35654.7
68156.6
66706.5
37067.2
52380.4
40006.7
67693.8
37553.2
49818
38336.5
35929
37591.8
43276.1
42297
49428.6
37864.1
35519.4
37158.7
57082
47453
35852.2
44025.9
65943.2
49927.4
26158.3
53665.4
47769.8
67239.3
42775.4
54957.8
41497.6
61282.7
42443
60741.3
52175.1
62446.2
56984.3
48418.5
34822.2
92818.1
36288
26381
47017
37783
38286.7
37138.4
67642.6
65024.5
39156.2
55666.1
67983.5
46887.8
55967
36831.1
46468.4
46965.4
54223.8
80540
42818
70890.1
51255
40439.9
30339.2
39185
65997.9
60281.8
44143.8
67558.6
49090.7
44398.9
85089.8
48385
71032.6
42489.7
55592.8
89502.3
40095.1
49871.4
44244
47151.4
54792.1
85770.7
40280.9
60606.2
40510
55859.9
72820.6
57791.3
74358.8
50609.7
48789
34508.6
36854.2
36240.5
68032.9
49278.1
46236.6
32862.6
53974.5
57136
52307.7
51483.9
92037.1
57340.2
48850.1
33270.4
53056.3
80262.7
61744
66120.6
55541
62961
62290.6
44989.5
68165.8
99535.4
47577.2
60214.2
70702.2
53796.6
40044.8
67326.8
71133.4
42276.6
45771.3
58011.4
41392.3
58839.5
61003.4
61391.2
50428.7
84856.4
51214.4
25413.5
35159.8
56235.8
41313.2
37369.8
46464.8
55183.6
63524.6
67290.8
55580.2
67216.2
59403
51713.9
41233.7
38106.1
57292.6
49575.4
51301.8
50989.7
34627.9
34404.5
58249
43142.2
38532.8
66488.2
67729.8
34319.9
79185.2
54627.8
57838.1
40823.4
45465
43765
74781.4
44649
78022.4
58317.5
34660.2
43483.4
55163.9
41026.5
41647.3
26902.3
30546.6
49954.7
33661.4
56745
48466
33936.1
41520.3
51621
63834.3
71990.6
46519.5
37760.9
27772.8
40764.1
48527.3
60326.2
49179
73715.1
47090.1
66847
18634
39666.4
55804.6
36892.1
67623.9
79995.5
43729.3
36592.3
47828.5
30605
83430.3
39118.4
46345.8
59213.5
35057.9
55941.8
45030.3
30140.9
71298.7
51922.6
37504.1
32550.8
64994.2
28584.5
43612.1
43929
45972.4
37353.4
34073.9
47235.7
53242.9
53064.9
75881.9
43786.6
30460.6
45561.4
33180.5
57880.7
54685.6
51372.4
40222.4
35339.4
54963.8
29892.2
61303
49194.3
50935.4
41382.6
48525.7
27551.4
46829.3
21533.8
52767
45664.2
56789.8
23620.7
58875.3
31002.3
47688.5
45093.6
56943.5
72328
50499.8
63841.9
36399.8
54500.2
56992.7
80367.9
49783.4
41995.7
31885.4
39909.4
48609.5
73408.9
61792
67787.5
39207.6
57639.4
50549
60013.4
50161.8
45867.5
37937.6
41970.9
31538.4
57758.3
31092.5
32702.7
46760.6
21907.9
41854.8
73684.3
42467.6
24335.7
56520.3
46171.7
45524.2
54947
71626.8
48492.2
29364.5
54149.3
33727.5
59451.8
68005
44716.9
53028.7
40497.8
31610.6
41921
63630.1
61006.2
68072.2
41765.8
30433.8
52370.5
64942.9
53957.1
77468.3
61916.6
38423.4
40352
59198.6
35323.3
56980
62856.2
60290.2
44683.6
42046.2
52189.3
33933.8
40698.7
52499.3
82491.9
40656.3
45519.6
40876.7
56491.5
33004.8
53650.7
46676.6
73831
36288.9
31742.7
31465.4
38392.3
58527.4
53853.2
47927.6
38917.8
57705.1
22745
30564.7
62914.2
60487.4
53895
48396.2
52898.6
43481
59897.1
69175.2
43751
43684.8
49531.7
39622.5
37041.5
56523.3
55006.6
35916.9
67836.2
81042.1
27039.9
47694.7
36834.8
69130.7
43683
46384.3
64403.9
64259.3
51557.2
63697.4
34380.2
62446.9
53953.2
65723
45667
40495.8
44643.6
74068.2
62835.8
54967.5
59251.4
68185.4
66845
60666.5
71258.9
54474.2
56974.5
47132.1
50344.3
62691.2
52820.3
49202.2
61678.1
47799.5
50447.4
60887.4
53569.8
64633.8
68895.6
54818.6
32519.7
57563.3
73507.7
55290.5
55938
62357.1
41657.5
39275.8
71449.5
79046.4
47525.4
53692.2
34659.9
43530.7
69981.8
49144.3
73747
61520.7
48125
52878.5
49158.2
68206.7
78647.4
100684
50153.6
37975.4
45145.3
25594.6
60336.2
82335.4
42817
56605.3
47994.8
49377
48905.6
52229.6
74842.8
65776.2
55317.2
47053
43545
43347.5
47058.3
52473.4
63980.5
62377.5
24466.7
47869.1
54606.7
62095.8
46441.8
65484.4
51950.8
42098.6
57043.4
66203.2
70464.4
55747.8
48053.4
43697.7
37377.7
43681.5
67494.4
52740.1
67205.5
45963.8
49667
53437.9
51041.8
33375.4
38914.2
32977.7
43893.4
53228.2
49616.2
52752.4
52771.1
30458.6
83071.2
35366.9
63761.5
45868.9
73574
49141.1
36671.4
52654.2
49684.2
51320.6
36328.1
51513
48894.3
44793.4
52488.4
50807
51894.7
40032.1
33368.9
35159
44953.9
56429
33032.5
57446.2
58513
47085.4
63911.2
63082.7
54079.6
72303.3
57356.7
33535.1
55602.7
66214.7
60981.4
54754.9
49133.5
48695.8
52556.9
62857.4
23961.8
56971.1
51277.6
57311
44893
43673
52120.2
53386.9
64799.8
87005.1
71366.6
55993.2
37211.5
53905
44737.8
61602.5
47970.2
60204.6
54140.3
58649.8
64073
54496.9
67063.7
55808.8
57589.8
55973
40361.5
55441.3
46750.5
45629.8
62101.4
74579.4
64266
38724.4
46666.2
48509.6
61839.9
52332.4
43086.4
33200.2
44257.5
46013
70678.6
42983.3
62774
34712.2
28498.9
51785.8
49878.5
48853.8
51517.8
48222.3
24910.1
66155.1
57176.2
47711.8
33148.1
37750.2
28919.7
42709.9
39802
68373.4
18033.7
32900.6
33886.1
44170.8
40623.1
43831.7
50532
31818.7
39838.5
43598.8
39429.9
52182.7
48445
52174.2
39469.5
58541.6
40099.5
54429.1
48258.6
53500.2
32828.2
42639.8
60410.2
38372.1
35763.5
73908.5
45390
73619.9
40896.8
31480.4
56713
55620.6
41962.1
35096.4
49622
42926.2
51916.1
60022.9
67980.7
40994.6
51741.2
40314
42743.4
30778.7
43661.8
47291.8
28710.7
35877.5
29824.3
47611.4
50718.4
47405.5
51416.9
47775
35776
53453.7
49329.5
36838.7
43793.4
40703.6
59054.8
58221.8
48507.4
55955.4
40392.6
41038.3
59090.2
21129.6
33697.2
28062.8
56418.2
47934.5
51160.9
40819.6
35151.8
47165.3
49856.7
45901.5
63788.8
19930.4
43505.5
38361.7
28467.8
73613.1
48287.4
41819.9
50984.6
51168.2
58235.4
75202.9
65155.9
55818.8
44595
38301.9
31729.4
35391.7
53760.6
29412.2
37399.2
45217.1
38040
58608.2
44618.3
30105.8
23647.7
23734.3
40471.8
23728.2
52369.5
33072.2
20900.5
41927.4
28076.1
29042.4
42535.4
46796.8
70241
33945.2
43999.9
67629
17556.1
26512.8
39444.1
35706.1
27905.4
49063.9
44322.6
25228.6
49002.4
41551
36058.9
69515
45447
47437.6
42245
70254.1
28165.9
80905.9
68925.8
43065.5
41106.8
49594.5
29213.2
44775.4
52773.8
54832.8
27583.4
56890.6
42153.4
60965.3
45798.6
42428.6
56744.2
49813.7
41653.4
89427.8
42954.6
31832.8
45091.4
34199
30443.5
91909.4
51583.3
53998.6
62040.5
26796.6
57114.7
43862.2
45763.9
49884.3
48325.3
46096.6
60141
79823
63933.6
55298.5
53007.1
40066.2
51625.4
48391.2
48611.4
27555.2
45346.6
37132.2
41925.1
59434.9
57041.3
31489.8
43905.8
42073.8
42103.9
45328.6
47067
56171.8
36377.5
52388.4
40343.6
43123.4
49525
38065.9
35015.8
63408.1
44067.7
37808.2
47136.8
41696.2
35927
51940.9
44067.4
54916.6
35667.9
57216.9
29802.6
23949.1
24628.4
44153.2
32518
38405.2
37038.9
43619.8
55782.2
60968.7
71225.1
29306.3
38756
50611.6
53540.2
35956.5
88377.7
57040
38088.2
59930.7
65845.1
60877.6
44505
50300
51150.5
31491.7
26376.5
46805.8
64009
24709.2
48110
24795.8
34713.3
31400.5
37039.4
25411
69110.6
68401.8
70980
37711.1
43801.8
46814.4
49346.2
58652.8
60122.2
30895.9
44473.6
42333.4
35469.6
40853.4
68227.7
60909.9
52478.6
32527.2
47351.6
48473
31850.3
72928.4
46290
56104.5
31106.2
39268.2
30296.3
65992
49394.2
44243.9
54826.9
39194.8
49363
25766.2
35214.9
45062.5
49381.8
36266.1
63356.4
38657.7
38250.4
58670.9
35991.4
42017.8
46290.1
50425.4
93330.4
71034.2
45356.3
36436.3
55941.7
38959.7
58416.3
53413.2
38755.7
40001.1
60682
47453.3
22641.4
40981.8
32424
30484.6
46615
44126
66571.3
23652.3
41099
37009.8
21145.4
53380.7
37768.8
48661.1
39187
33175.6
36445.6
51379.3
26606.2
74468.1
22774.3
55986.6
35898.5
35612.5
41284.9
48245.4
44621.7
45558.6
67806.2
61348.8
37441.8
36660.8
43411
21804.4
54457.8
37533.8
48540.1
42286.7
21845.4
32913.8
41261.2
44771.3
48626
46288.9
43349.2
49435.3
52206.2
42618.5
24795.8
37365.9
50675.1
45980.7
36539
51101.9
48581.8
56613.2
50235
45539.6
25681
25823
66659
32722.3
83584.5
48236.8
88470.5
50275.8
51703.4
66762.4
54743.1
51303.7
72041.2
55057.7
42612.8
48093.1
34225.8
30585.8
40617.4
36576.6
38437
56080.7
44070.8
28148.7
49944.1
51469
35902
31479
49795.1
42231.4
23983
64851
38331.7
40265
39816.6
52378.2
35985.7
50580.6
43732.2
57689.2
50082.5
49515.4
52686
47895.7
54729.9
54666
60559.8
57704.1
48071.1
39324.6
64441.5
46169.3
45284.7
37634.2
43140.4
55340.6
61105.6
45945.5
38268.7
49592.4
38343.3
51375.7
85954.2
49236.2
44835.8
116171
34955.8
48735.8
71838.6
49424.1
78587.2
54588.6
36136.3
82276.2
57302.3
69691.8
47403.3
55301
38965.3
43750.3
58517.1
35157.2
46618.2
44129.2
45485.2
49786.8
29450.2
60696.9
45947.8
48744.4
51013.4
31430.6
64001.9
34188.4
41061.2
61367
73869.9
58697.1
42862.4
34596.9
41503.8
41095.4
47231
46248.1
54749.5
52543.8
48745
32896
38316.3
42639.5
46184.5
37108.5
21997.8
51101.3
38469
76654.2
77395.4
51507.7
48276.1
47154.2
59317.6
37624.8
30312.8
75330
41735.4
35842.7
34797.2
33448.1
34716.2
94605
45032.1
37894
54142.4
52427.4
50664
43709.5
61571.6
69237.2
45240.8
40335
62972.6
39774.6
47206.9
74338.2
68761.8
45676.6
27943
61920.2
61694.1
53667
39839.1
53841.7
31950.8
67429.4
38511.4
40685.8
44617.4
53446.4
62314.3
71811.5
45560.6
53196.3
22716.6
42092
31839.6
53531.4
61883.6
57119.6
60113
47547.1
47464
45409.7
56007.6
41271.8
82489.9
41412.6
38078.9
41037
62937.9
33667.1
39505.1
33849.8
23753.4
59543.8
81965
31051
65024.9
25237.4
53459.8
38594.1
53105
46953.1
63684.7
48460.3
39992
51860.2
60213.7
16565.1
35953.5
59099.4
68747.9
58751.4
48435.4
44259.9
56810.6
58684.6
50681.5
78667.2
57183
58197.8
40531.4
61741.2
40967.6
58741.3
70462.7
37238.1
43877.8
35677
48578.9
19822.7
62173.9
63226.7
69227.5
33845.1
68309.4
35205
68481.8
41839
27426.6
38837.8
51606.6
43577.5
67792
39013.8
41302.5
60781.8
61115.4
29299.8
42149.8
31707
34705
49980
38571.7
36851.7
48028
32662.2
49175.8
36373.8
41357.2
31860.9
51531.4
40459.2
53105.2
33947.4
35786.9
37238.6
34494.3
53324.8
50042.7
36734.6
49318.6
31574.6
51413.1
42723.7
38480.2
55227
46437.4
42245.8
41902.8
45448.4
38389.4
50340
36026.3
51501.8
30507.3
20364.3
56314
56297
43569.6
57427.4
36670.3
55687
38815.5
49944.3
46879.9
45024.2
60622
42135.1
65953.8
34176.6
53205.4
53906.6
27736.2
54008.1
68077
35036.1
52046.9
31984.8
27515.5
59071.7
76589.5
34481
38184.5
52882
63769.5
31719.6
50435.4
77696.9
28435.7
29804.3
47719.1
53287.4
45837
44649.6
35925.2
43347.1
37970.4
42222.5
31054.7
42915.5
61645.7
70378.1
39425.4
26431.1
43574.5
37739.2
41148.8
55394.7
54372.2
44087.7
68922.1
53404
63773.3
41262.2
43294.7
50689.6
46814.8
31261.8
61527.3
19531
57730
47488.8
59364
36141.3
34126.7
65920.4
59259
55977.2
38104.3
66080.4
36436.2
38926.2
44052.8
52874.7
42970
38272.9
35946.2
48636.6
60444.6
73358.7
49943.9
56369
48458.5
22205.8
29322.6
31578.2
52707
39817.9
51660.4
54191.2
59687
53688.1
51616.2
52104.2
44383.6
43265
52703.2
53080.3
48081.4
53171.5
71690.1
29625.7
36087.8
58402.6
36967
51490.7
35292.7
56644.3
62236.4
37105.8
47681.9
26434.6
60565.8
64663
34794.1
72494.2
64778.6
61027.3
42099.6
32188.6
49681.4
42288.2
65283.6
46008
59454.6
78488.5
51433.5
52661.7
52297.9
41361.4
38054.5
64486.1
34932.2
74770.5
36285.8
53904.2
65049.5
60202.6
72713.7
48308.2
36448
55564.7
49239.9
72036.4
42071
44157.2
54366.1
52274.2
67464.6
39415.4
53778.2
73651.2
40386.2
54648
35297.5
36866.6
67597.4
36943.7
45554.5
39406.6
44128.7
41021.7
40955.4
85101.8
51203.4
44368.9
37579
83639
53147.9
54795.1
54430.7
74126.9
58899.3
43004.2
60439.4
34750.6
63925.8
46536.1
70019
57127
70051.7
40038.2
65455.4
40078.6
48527.1
52998.3
52541.5
44494.6
41605.4
59612.8
59797.2
57318.8
40047.6
49150.6
48700.7
39319.6
61555.8
59239.4
42656.1
39240
33440.7
51125.1
61731.4
58992.8
55535.8
15173.2
51169.8
61470
23567.9
48257.7
63278.6
41748.6
32830.2
26416
53167
68624.6
34273.2
51157.7
72330.2
33364.4
30139
57321.4
49090.9
70523
57338.4
33932.3
45728.4
66733.6
58535.4
30117.1
45107
29256.4
58304.3
56360.2
50286.4
62971.9
55200.3
59141.4
35504.2
46446.7
34217.1
48201
65972.6
40101
58820.5
61060.1
45099.5
53740.6
74545.4
71189.4
60121.9
31835.4
62918.8
63786.9
61747.8
74917.8
55311.1
40016.3
37121.9
56358.2
63979.6
58367
48862.1
44973.2
37621.1
34177.8
60587.1
48510.4
73242.6
59201.2
40557.4
22506.6
59633.1
38446
49278.6
72679.6
81853.6
60964.9
47935.8
50126.2
64277
66149.8
44518.5
37634.6
51374.8
34609.1
54789
51921.9
40999.8
36760
44126.7
56876
46167.5
47251
33049.1
66364.1
48046.2
20825.3
49048.8
37373.8
45845
45780.4
50580.9
71165.6
34475.7
46858.6
50755.4
47292.8
58627.1
31366.7
51178.7
63639.9
67663.6
28394.6
40817.8
56197.5
66009.2
51106.2
38101.8
39027.4
59166
29459.3
45199.2
27458.7
36570.6
39250.1
44098.9
36594.6
83868.4
58904.8
48734.9
49264.1
44008.9
41637
39048.5
78373
62966.3
57050.5
17081.7
57991.6
48634.7
39807.7
37095.3
52956.2
67320.7
24530.6
51160.8
52412.4
54821.3
55563.1
57522.6
50899
57340.3
70531.6
65126.4
62518.2
53680.9
53674.9
44955.4
64016.7
52276.9
51674.3
56437.8
48137.7
67476.2
58463.6
63391.4
72128.7
47858.6
46286.9
41575.8
49844.2
41235.9
61408.3
45229.6
59380
64475.1
57361.3
50026.3
49750.3
79044.6
60985.7
34842.6
49057.6
59143
75593.8
47969
42039.4
47880.5
51984.1
31303.9
55468.3
40324.4
41630.6
75844.8
52632.6
48755.3
43747.8
47199.5
24603
62556.5
52571.9
47730.1
25840.5
40908.7
54149.4
46597.3
46380.6
61114.2
43876.6
53468.9
44709.4
34723.9
45132.8
41098.6
31442.1
28514.2
34672.2
45966.2
59916.9
58868.9
65887.9
45725.6
50492.5
22528.8
45950.8
37658.1
42431.4
21342.1
46524.3
31628.8
27296.4
68319.3
29849.8
51215
60205.8
55438.2
44775.9
67037.4
48230.2
57227.6
66043
54943.7
46076.2
38407.1
75735.6
63060.5
37934.8
42746.6
89798.1
45549
68146.6
48505.6
73270.4
66149.1
29395.7
31200.6
54680.6
70644.2
59449
68416.8
58258.5
33378.4
76575.9
75427.2
30556.1
47585.8
69439.1
31193.5
47388.9
44055
60357.8
43562.3
59305
55958.6
52826.8
31086.2
51667.4
50965.4
51294.1
38685.5
47070.3
69615
35442.6
63240.6
41359.7
37922.8
39177.4
52940.9
46707.9
42985.4
91953.4
50066.4
40040.6
43663.9
58986.2
50651.5
55983.6
29808.1
51011.3
47194.4
39197.1
66861.2
55129.7
36082.1
50269.9
51202.2
60404.2
84455.4
53608.4
54798.3
44298.2
55011.8
37362.3
34752.8
57491.4
52729.1
61581
33217.3
38015.8
47518.3
43314.9
51714.4
58461.5
67583.8
58594
32837.8
58415.1
44127.9
53042
40613.9
68255
44820.3
38132
56326.5
43595.8
38998.2
33711.5
58372.9
43065.8
51045.8
82890.2
48318
43823.6
59554.5
42441.8
54787.9
48039.5
56500
69671.8
33594.3
50270.2
69612.1
48585.8
39569.6
72492.3
50184.4
48434.3
46810.7
56035.8
50725.7
59000
76128.9
48662.4
66452.6
28732.5
59346.2
55113
63454.8
53587.9
40154.6
51177.3
74995.1
25325.2
71874.1
51940.6
41968.1
60981.4
51211.8
30130.2
42216
66852.6
54907
49275.5
36615.8
66402.6
48550.8
53162
59243.7
54866.2
45380.6
36648.2
56668.7
37559.1
33909.4
52455.4
41020.2
53043.4
53389.6
39749
58924.7
56094.6
64084
34920.2
50122.7
39059.7
72145
23158.2
56274.6
23756.2
56233.5
44447.1
48723.4
50767.2
34841.8
35265.9
47267.2
33184.2
32935.9
50860.2
54800.1
52466.1
43071.7
39889
43836.8
29208.6
72708.2
47488.3
30278.6
51676.2
54718.3
29367.4
48169.9
40275.4
44360.7
33506.7
29318.7
65959.3
45694.6
45446.4
38759.2
41275.2
35230.8
34791.8
65268
72173.8
56472.2
31156.1
58568.8
30948.2
26355.4
52251.1
68711.1
72864.2
33506.3
40808.6
39599.5
49909.5
36985.1
47315.4
29853.1
29807.7
49585.5
48941
73812.8
27453.1
63424.7
28877.1
39875.8
43832.5
56889.6
68989
39010.3
28851.8
21947.5
34159.4
43692.2
42440.5
60922.4
54428.2
57649.4
30937.8
44739.9
35998.5
33301.4
25951.8
45199.3
42859.2
32777.8
31922.3
49635.7
26884.7
36155.1
61872.1
68718
47995.2
54603.4
27247.9
64875.9
42294.8
74386.3
36369
55245.4
26057.2
48709.3
49737
47418
59723.8
62974.6
57995.4
48460.3
26615
30738.4
47444.8
61455.4
48116.3
36842.1
35946.5
37919.8
49199.8
22480.8
54653
69808
40067.9
44318.1
27866.2
28280.4
68367.5
58232.4
57282.8
31630.2
18768.9
22432.6
42849
30238.1
63406.7
46827.4
32350
60170.8
31129
30993.6
28630.7
38230.6
63999
69566.2
44729.4
36031.6
52317.8
37572
23923.4
46555
41539.4
34619.8
43315.3
45646.7
21213.8
26631.7
66416.2
41187
50053
36026.7
54953
38768.7
45349.3
35297.5
47174.8
36867.1
44675.9
39213.8
36462.9
49451.2
58504.4
33294
53913.5
56889.6
36269
27726.4
36612.3
56434.9
44350.9
45505.2
51872.9
32675.8
45132.6
50677.4
39289.8
41484.2
31941.3
80588.1
46629.5
38321.4
61912
67677.5
37603.5
39795.6
58374.3
41161.6
60341.5
53213.4
60203.4
37144.4
53261.2
81785.5
68973
54302.7
48109.5
40872.8
57970.9
40333.4
45833.7
43422.7
41161.5
52982.8
44588.7
49000.9
89489.2
48424.9
50973
45784.6
43850.8
40967
43338.2
69905
56096.2
41106.9
57054.8
51119.6
41151.6
52271.8
55943.8
37914
50598.6
68268.4
64702.5
36149.5
31138.6
43667.5
39588.9
30153.4
42191.1
37732.1
28578.6
37597.8
60516.7
44917.6
36876
28380.9
42443.8
40924.2
47354.3
26558.6
79413.3
33938.7
45351.3
31755.6
64451.5
83903.6
43224.2
37784.2
42960.6
29464.4
40665.6
58334.7
32363.2
60790.5
56360
65658.6
41794.6
42964.3
44697.3
71687.1
53905.8
40413.8
48271.7
51245.3
40100.1
92811.8
50137.6
34570.7
34673
41922.4
55005
59066.1
46878.6
38901.3
53189
57994.5
83308.5
67639
74864
30736.4
43773.8
51261.1
54549.8
50869.9
25537
37038.2
32415.6
51990
48292.2
84538.7
43734.2
36662.7
55007.4
30172.5
50777.4
51221.4
45185.4
42329.4
66337
27705.1
53494
57169.6
54568.6
48995.6
45592.3
57291.8
32314.3
27844.6
32360.4
51170.9
43065
46497.8
76890.2
57283.4
46158.1
47221.5
44787.9
51972.6
32068.3
32844.9
38814.4
55735
26523.3
39206.4
72914.4
39584.1
47437.2
45281.5
52019
29711.2
52838
45905.8
44651.5
52199.5
27038.2
29325.8
42365.8
51853.4
51648
45340.3
27921.5
40242.5
33789.5
39717
35877.1
46658.7
42286.4
35877.5
74132.2
42852.2
45199.8
44933.6
36732.2
50108.6
44292.2
43414.9
43239
33024.4
56752.2
49213.9
66854.6
39295.9
38242.2
47241.4
27006.2
32069
46709
48315.4
50867.5
36432.4
88955.9
48142
64251.4
43372.4
33783.8
29905.8
52071.8
56815.3
45096.3
52757.5
61150.8
42043.7
51178.1
64002.6
50359.7
37995.4
43355.7
34680.9
50451.1
43825.1
41745.1
55450.4
71779.4
68910.7
39002.2
44074.2
36356.4
30257.5
49059.1
60068.6
33160.5
48558.6
36803.1
69747.9
36230.2
38965.4
42048.2
41715.1
43378.6
44418.2
66646
31230.9
46414.1
43814.2
44182.2
36771.9
43877.7
42895.4
45656.6
42061.4
45623.1
56883
27657.8
43945.9
36105.6
59950.8
65120
56933.8
31534.1
40469.1
31307.7
35951.7
38097.6
52575.8
42950.5
63088.1
60466.3
39280.4
38024
27867.8
52398.3
36402.9
35742.6
51811.7
44753.4
47582.2
52468.1
59433.2
36251.2
30420.7
77783.8
27987.2
38675.4
52334.2
59018
45206.4
38064.7
34815.5
47065.6
54944.6
65893.3
39847.7
49294.1
37222.6
60083.2
60358
38682.2
34594.6
31122.4
58853.8
45639.4
57824.3
77485.4
32296.7
48612.7
51878.3
34223.9
68792
39703.7
56518.8
35071.4
58815.7
38689
50338.6
72632.3
69138.1
66825
43614.6
54263
32472.2
56582.6
42188.6
86187.1
92491.2
47290.6
92038.8
49358.7
52019.7
60219.7
44096.2
69203.4
41978.2
53863.3
36640.2
35600
42267.9
52144.2
45444.6
56680.1
47253.3
43588.2
54831.8
26383.1
51840.9
46022.9
47735.3
27280.7
48980.5
39264.3
27308.2
33460.2
52904.6
59937.7
28967.9
25545.8
39535.7
34509.4
58589.5
45572.9
36465.6
33131.8
45788.3
70939.4
34583.3
25526.9
57494.6
40722.1
34177.6
42274.6
55024.2
58402.5
59829
69257.8
39703.4
62703.3
91198.4
47079
44552.7
65956.4
44469.3
51416.9
45757
45760.2
39978.1
80707.5
43244.9
76982.5
71281
44754.9
64300.6
50368.1
63183.8
56677.3
52706.2
50186.5
56223
38187.4
68519
39757
57146.5
47514.4
60035.6
65608.5
55677.8
51623.6
45104.6
55976.8
50440.3
55527.9
56438.9
45104.7
48922.2
62711.4
36175.8
57734
35131.1
37713.4
69565
30854.6
62212
46362.3
35995.7
27280.5
55835.5
48460.6
49958.8
63161.4
46905.7
53522.5
23540
42489.1
60715.8
25369.2
53760.1
31913.2
41400.4
26702.7
56813.8
49330.8
26186.5
32544.3
35282.8
57096.2
37680.9
48383.8
65415.4
34371
48217.6
39106.3
45361.8
51286.9
76884.1
43260.3
43456.2
37447.8
35428.6
79922.1
30338.3
38159.9
34138.7
35809.1
23665.7
37453.4
56242.8
42329.8
37907.1
26616.6
23393.1
33831.4
38234.6
39417.9
30568.1
36047
30488.1
43920.6
41895.4
53460
43720.6
41518.8
20053.2
10499.5
42752.3
61265.9
33747.3
35008.9
73827.4
14383.3
39883.7
30795.5
37208
28246.6
30450.6
46168.2
32465.1
44972.6
87715.5
28115
60424.9
54031
36031.8
17504.6
41400.8
67936.3
40165.1
38682.9
36372.8
39459.4
76167.6
60092.2
58335.5
54890.8
58458.3
38208.9
36213.2
58261.4
61783.3
61542
47138.9
66060.6
58454.4
43109.1
32847
53709.4
43045.1
67839.2
59567.1
57504.6
58480.1
54157.4
44445
53112.6
45778.3
39147
21947.9
82201
43248.4
54580.1
18095.1
36675.4
58677.9
40503.4
57307
36709.5
48721.9
22453
44505.7
44499.2
50616.2
50746.5
55429.8
53884.7
29456.3
42451.3
59628.7
32390.2
31240.2
77782.7
57534.7
55835.3
35678.9
63161.6
38058.9
55267
68532.9
55240.2
67270.9
56487.6
62683.7
75229.4
38734.2
41489.8
45852.3
85408.5
66657
67510.2
45975.8
64741.5
58024.1
52586.6
55262.9
76128.7
34316
42413.2
55008.4
45430.8
62608
58056.8
41210.6
53629.8
65210.7
65665.8
32528.1
61277.9
38358.5
35235.7
62563.1
44192
61110
38318.6
73535
47423.8
45425
45967.2
58699.7
64245.4
65414.9
53522.4
73331.5
46204.2
48731.5
57775.4
56134.9
60531
41043.3
68101.9
42148.2
29959.8
67147.6
74102.2
51360.7
50414.2
42352
46700.5
56466.7
39222.8
59498.7
56702.7
36025
41582.9
59687.7
35449.1
68888.1
40541.2
71680.4
67852.2
37351.6
38655.2
32892.2
37275.1
67198
36399.4
64571.1
69056.4
51619.5
40345.5
40251.8
24242.1
33086.5
44515.3
47181.4
59011
51689.4
33145.4
36642.4
51183.3
38053.4
47113
46996
63424.3
49719.3
32649.8
21710.6
42332.2
28427.3
69073.5
46929.3
58909
70686.8
48922.9
40210.5
36232.8
56333.2
40113.8
49771.4
53737.8
45773.7
63398.4
35624.2
33506.4
43034.5
63198.9
46004.2
42476.2
41019.1
27448.1
39824.2
45992.7
48864.7
54118.6
55521.8
44436.6
33899.4
62748.5
82092.6
52704.2
85325
30883
37102
27679.1
36703.4
32112.4
41290
30940.2
57259.4
46275.4
45257.5
56608.5
59408.2
31804.2
39526.6
49468.8
36527.9
53128.8
56018.3
52675.2
45618.7
33554.1
50894.1
51482.1
63099.2
39204.4
47099.6
61756.7
51812
31361
56271.6
51564.9
53370.5
40683
61757
44309.8
45206.5
70955.1
42289.4
49175.8
48930.2
40138.2
45901.7
40444.1
72102.9
34275
41117.8
34111.3
34087.7
36622.4
55017.4
45339.2
32012.2
51047.1
54117.4
48372.3
52946.1
23615.1
36441.8
41885.6
64481.5
52340.3
37160.4
43032.2
41634.7
28034.2
40214.7
53678.6
47387.5
45894.4
35526.2
69552.6
40594.2
35520.6
38746.4
52707.3
62397.9
40608.1
79251.8
43263.1
40877.8
43931
35924.8
33539
75262.6
33010.1
76540.2
48963.8
36371.4
62677.3
36067.8
48834.6
59887.2
32357
42749.8
40426.2
71403.8
32233.5
33278.4
35003.7
39194.9
35011.3
44705
35807.4
50670.6
79045
39237.1
31982.9
36903.4
47716.2
74564.6
45301.8
42118.8
47835.9
47566.3
36271.8
61976.3
46149.8
80844.2
31529.6
46454.9
47889
30167.9
39628.4
81240.2
65060.8
44038.3
46608.2
42936.3
62631
46723.4
66482.8
36597.7
49816.3
31455.4
62674.2
47150.5
42905.1
53556.9
45581.3
43322.2
36515
36312.5
62400.4
52108.8
78727.8
36601.5
34141.9
52104.2
73917
56846.6
35672.5
36377.2
49763.1
44006.6
82212.2
56074.2
31343.8
61523
39012.6
44732.8
61243.3
29896.9
34097.2
37225.6
52073.9
43338.2
56294.7
50885
61139.8
28889.1
26093.8
43830.2
77394.1
38555
58559.6
49610.6
31999
37774
63837.4
70454.2
51737
50651.6
69242.3
25524.8
53875.8
49328.9
31053.7
59302
68550.8
56350.2
71123.5
29245.2
41151.8
72918.7
76046.6
39126.6
59700
47926.3
51958.5
65983.7
65095
67608.4
53864.6
47530.8
69112.3
55255.7
86449.5
87069.6
48421
37778.5
59774.8
43066.2
58513.1
31725.4
46108.6
42639.5
42423.6
40813.4
40291.7
44816
34955.9
61770
52354.2
27651.8
41199.6
47492.3
45544.2
46312.7
62255.2
70727.5
58292.8
49473.3
64650.3
32103.1
36095.9
33598
45112.6
51589.4
56968.4
58543.8
53735.9
36440.7
27939.2
50465.8
30361.1
40207.1
73298.5
47741
45944.8
45959.2
41150.6
48987.4
73240
59180
27953.1
50004.7
27469.1
71385.3
43034.2
59632.4
46533.8
25443.4
49647.5
29696.4
36242.1
49584.2
38886.5
30556.3
47879
35884.1
41880.1
54916.4
47232.8
34862.5
44062.1
54677
36354.1
63304.2
33944.7
59947.2
32416.1
34121.2
67999
45913.9
46710
28486.4
48136
32629.6
35532.6
35147
24624.8
43032.1
24683.7
58770.6
53725.1
35078.6
35164.4
50909.4
33026.3
52044.1
37494.1
57536.1
65389.4
20346.1
21122.2
64825.4
54596.8
32545.1
27602.8
52113.7
35991.7
29346.6
38691.1
49263.3
50395.3
39955.4
17801.7
45778.4
34928
50646.3
33777.5
37073.2
61331.3
54023.9
39035.8
48629.8
27482.3
70368.4
44496.6
35652.5
65697.8
38324.2
41879.8
58181.5
43607.1
55751.4
43856.8
45943.8
55877.6
46221.8
34139.6
86309.2
50643.8
45613
77262.1
54311.5
73636.9
42326.9
38577
61196.2
34337.1
24016.6
59451.1
37967.4
60442.7
36122.6
39139.4
43888.2
45147.7
39099.1
36972.7
78231
39534.3
62739.5
30386.6
37425.4
45928.5
43456.2
49687.8
53926.4
70889
41296.9
31611
40132.2
37565.5
30792.7
72259.3
45134.5
41945.4
42890.7
31799.8
45221.8
34432.3
49170.9
62459.3
55530.7
24415
55488.1
38548.6
53387.7
70265.2
44986.6
46393.3
37551.6
22937.6
34166.4
34051
56200.8
48578.4
51031.7
55087.9
28649.4
24603
30902.2
70825
65332.3
49756
42966.2
46733.8
21145
55568.6
57363.9
41412.4
35158.2
24494.2
54081
50485.9
30962
42233
59277.8
39058.8
32256
42385
53468
53174.1
33894.2
26270.5
36218.5
53598.5
34165.4
55928.7
60126.4
60882.1
57669.8
60611
41201.8
29778.7
54220
73688.3
41513.1
31724.5
60505.2
55451
44163.7
52619
52744.3
63665
62069.3
43005.8
48251.2
37131.8
21158.9
40925.6
45482.9
41624.4
41189.4
46866.2
43610.1
51692.7
33410.8
45952.1
52644.9
32398.7
52832.6
61010.8
38873.3
27202.8
68440.7
43425.2
46039
39704.2
62212.3
32678.3
37405.4
75306.2
50097.9
57692.5
49345.4
69552.6
52701.5
54400
66394.6
52260.2
41339.5
45954.2
59167
47879.4
43648.9
46735.7
26258.1
52599.5
56087.8
85130.6
34760.2
42085
51433.3
48120.6
40590.1
59133.4
69574.5
39479.5
44309.2
41219.4
45430.7
50270
53013
58601.5
44658.8
71495.6
40397.4
32746.5
54078.4
59205
65122.2
80762.8
32780
67013
63229.2
32740.8
57633.9
48661.2
66928.9
51833.5
75949.2
52154.6
34582.3
58207.7
35264.5
40576
47723.2
42177.8
22698.4
27361
39613.8
38180.7
39813.8
50805.8
32361.6
44269.4
40247.5
41898
31920.6
40015.8
33480.6
36438.6
30242.2
55230.9
33871.4
35545
82520.6
53038.6
47134.3
38552.2
33337
28403.4
32963.5
63653
47022.2
65882.6
51002.3
38815.8
43064
47548
80956.3
31663
36722.2
54300
20448.9
35093.6
43859.8
64719.3
62562.9
46189.8
60898.7
42297.8
45820.5
49388.3
29105.5
78798.2
51002.4
24786
35627.9
53514.1
44633.6
49735.8
44227.4
33117.6
55784.2
42154.8
39017.2
43884.6
48266.2
20244.2
62530.8
45409.8
41279.9
40942.6
25559
36227.9
41684.2
29790.6
31359.4
31296.7
43997.8
45053.9
47778.7
24454.2
26864.1
31153.8
39333.1
31770.1
31742.8
41154.4
39283.8
46590
27867.5
46122.8
38585.4
24038.7
45306.6
41524.4
48660.1
35775
57356.5
34488.5
51865
39324.8
65686.1
47950.6
58819
55064.6
43787
37694.2
37636.3
58520.2
42459.7
43871
23643.8
47175.1
27964
40372.9
39483.9
27495.1
41064.1
40614.2
87454.7
45846.2
29609.7
55254.4
31381.3
45918.6
34074.2
63748.8
35410.8
33243.4
80055.5
49490.3
61864.7
47878.7
66911.6
52810.8
36362
48693.8
41276.2
56639.1
37598.1
50234
39502.6
40746.6
53768
30050.6
36997.4
65962.7
59802.4
54071
52118.2
71392.6
39816.5
36887.3
43022.6
47816.6
35562.6
77352.3
40067.2
50394.1
37903.8
82258.2
56940.1
74427.8
67972.2
77596.1
42765.4
29293.8
52746.2
53965.4
32277.8
45559.5
54141.7
50826.8
48478.5
56191.1
63296.4
56437.8
65677.2
42423.4
64542
75426.2
51614.5
31798.1
47208
36969
67588.2
31025.8
59605.7
39696.3
18841
38135.7
41371.8
55907.8
43142.6
39908
44296.2
56150.6
29786.6
29742.2
53081.5
75212.6
37326
26080.3
51881.4
43003.4
54297
64843.8
46247.7
82432.6
35057
49051.8
36937.4
79926.2
50975.8
53514.8
40701.6
58718.3
29334.7
68900.6
58017.7
42022.7
27995.5
44291.8
26707.7
49577.3
50927.8
35236.3
33010.7
47693
49419.6
39784.9
41072.6
56334.7
52251.9
26110.6
34835.8
24498.6
77504
36052.2
68903.3
60639.8
39327.9
56761.4
31131.9
41529.4
51440.8
38037.5
75847.5
44169
56344
36142.9
65416.5
46220.6
57597.3
45855.9
37964.6
53025.1
35987.2
31911
51907.2
63132.9
46679
33355.8
92901.5
40893
63605.8
56307.1
52281.6
46430.2
38394.2
37427
56536.7
40779.8
14894.4
46786.3
54566.1
56007.7
33469.3
44816.2
57294.4
58265.9
47862.2
30877.2
25811.8
102890
30088.5
52222.8
62927.8
34413.7
30960.6
42073
41742.9
51473.6
68416.7
49451.8
82680.2
20357.1
45558.5
45873.8
51661.9
72773.8
59654.5
30035.9
53301.4
40127.7
58601.8
38683.7
31471
58379.8
41727.8
37835.8
35613.5
39077.4
51525.3
52997.6
61150.3
25792.6
56662.4
41314
44107.9
56570.2
48483.4
57222.8
37366.7
32129.5
38706.5
35539.9
89061
41266
21319.5
35495.6
30350.1
65756.3
47724.7
37483.5
65533.8
30709.2
71862.9
27911.8
46893.7
42442
42939
51320.2
40489.7
42593.5
41700.6
35491.3
45269.6
63013.6
60481.5
60833.7
50712.2
39967.2
65185.4
56279
40632.8
25764.6
57700.2
49993.1
37462.1
58844.3
48060.6
36356.6
32923.8
46818.3
44431.2
46358.2
71773.1
44745.5
67219
40799.8
72594.8
48571
60931.6
41348.8
47304.5
50668.5
41068.6
40105.4
51403
39978.9
54795
31107
35216.5
40454.9
36074.3
37574.3
46553.8
53833.3
41862.2
37674.8
30322.6
68200.8
41971.8
46628.5
54889.8
24039.5
41076.1
45104.6
46695.1
52199.5
42685
58954.7
49330.5
54235.2
34293.3
57493
78378.8
53320.6
22714.8
48158.6
58786
63467
60692.1
32293.6
31278.6
30002.1
57732.2
44113.1
40668.1
25333
38893.5
52439.5
36621.7
32216.2
52979.4
29895.4
43650.4
55763
36336.8
33064
51523.1
76369.4
42553.4
24692.9
36109.2
31753.3
38945.2
65191.4
54361.4
67381.5
32247.4
29499.9
56801.5
56193.8
56756
34487.5
24832.4
55919.7
55742.5
32835.2
30882.6
40755.2
57906.8
53208.3
44932.9
70351.1
47856
69441.2
47938.6
33320.2
13230.4
68065.5
57813.4
63847.1
41287.8
50892.2
33822.9
29170.2
34460.6
48895.1
31816.9
60371.1
54805.8
43475.8
31938.4
85987.5
55180.4
49955.8
40983.8
34974.6
28109.8
55195.5
44198.6
48593.3
47375.6
82454.2
58344.5
33601.7
58254.6
57346.3
28702.4
45443.4
82575
38350.8
45437.6
51791.4
52254.9
60533.9
61723.7
32379
61928
50504.3
59334
45130.1
49311.7
50432.6
78726.4
43804.8
59168.2
43348.1
50094.2
70803.1
56417.9
55403.2
76822.7
51751.5
54729.2
47627.5
74583.5
41077.1
59780.6
57782.6
32925.1
42804.6
43472
47165.1
51234.6
72601.8
46160.7
66228.1
54759.8
45925.8
33841
47599.2
40195.4
79264.6
34219.9
63145.3
37758.3
68172.2
42554.2
49860.4
59200.6
59740.3
68829.9
46147.9
43229.2
61151.6
37167.4
54147.6
45702.6
57104.4
67600.5
29822.4
55606.2
66055.2
40994.5
70019.7
66770.6
29760.3
55298.9
71782.8
67133.2
38913.2
53340.8
35954.7
78244.4
43907.5
75469.8
47131
36980.2
45286.5
39136.4
32124
50806.6
37093.6
72716.8
34546.5
34930.9
37375.7
57359.8
46199.4
52500.6
42335.3
35023
52732.7
38282.3
74715.5
68105.5
51532.9
35968.6
46792.7
44793.9
63614.7
53907
45714.2
41861.7
57972.5
54184.9
39789.3
81615
64920.4
71637.8
49522.4
40222.4
56144.7
47039.3
69433.2
49336.4
71104
35962.2
55524.9
41031.2
61740.4
48499.9
38108.6
60007
30684.5
67407.5
77584.1
60679.7
43725.3
55561.2
84825.7
30894.6
52371.8
40500.8
57934.3
65997.8
42798.2
62718.3
47641
79117
60072
63273.6
49249.3
30052.1
44341.5
48993.1
44848.4
47522.8
37572
49748.4
24533.5
70620.6
51510.4
29789.2
68264.1
34502.6
45996.2
56728.8
47748.8
50083.4
46402.2
48633.4
57461.4
53584.3
51356.2
31732.3
91798.8
53526.2
69410.4
29588.6
63573.8
56515.7
41912.9
32628.1
70601.1
43203.7
39469.4
45943.6
54514.6
28378.4
48951.6
77907.9
56021.4
31092.8
43002.7
77875.8
52204.3
35581.8
32859.4
55445
40555.1
41510.4
45044.2
29327.7
56613.7
61934.2
27073.9
61425.8
48942.1
46625.8
57794.6
70773.4
59694.9
50407.4
43326.7
48708
58434.9
42487.2
56097.3
29239.7
43258.6
37051.1
42489.6
27474.6
46409.7
29363.4
83159.9
51844.9
46430
47907
60116.1
38068.4
51255.6
26220.1
68066.7
45203.2
50671.8
31510.8
46907.8
37781
61735.9
35223.8
53586.7
63384.8
49845.2
59776.5
57039
58382.6
46573.5
53710.6
60159.8
52760.6
46150.4
67576.8
53327.7
32862.6
35178.2
73626
42301.9
38100.3
43892
74047.9
64342.8
26868.8
44822.3
49588.1
61197.7
42056.6
51713
58601.1
72606.2
67265
43912.9
52970.8
28918.6
43164.6
41860.4
57759.1
66469
64684.3
77595.7
31408.8
50542.7
44635.6
54326.2
43901.2
66584
60517.6
36484.3
38936.8
35932.6
36876.2
71591.2
28047.8
38733.3
40310.4
45631.4
58172.6
75196.6
57822.6
41013.3
54951.4
58947
48356
37674.2
46171.6
39868.4
59130.1
38381.8
63052.7
35436.2
44845.7
78804.5
53312.5
49376.6
43664.6
55331
35155.5
38376
54734.3
29639.3
73677.6
44627.3
47679.4
35174.1
56596.1
38353
71474.5
61830.7
48645
34158.5
48151.1
52882.1
59800.2
27862.6
56942.8
57093.4
39313
44044.7
59719
48646.7
39043.4
67712.9
41436.5
52802.7
46919.2
58495.6
54655.8
45624.6
41182.7
41980.5
50829.8
42171
49471.6
45654.6
50278.9
35607.4
31547.7
48776.6
49775.3
46062
49472.6
72666.1
71079.2
55144.8
33274.1
50716.7
40396.3
58041
43007
68982.2
46561.8
60182.6
35143.3
38163.8
35000
25718.3
46902.6
47161.5
53122.7
62242.9
47448.6
37085.4
72276.1
34976.2
44635
37695.8
36754.2
76981.7
51978.3
53703.8
67715.7
50947.3
65476.2
44684.2
61020.8
52242
61116.4
44352.6
52753.1
24866.4
64573
74553.4
60866
73084.2
44893.9
44463
49348.2
79009.3
52681.2
60004.9
60585.6
54001.8
45229.8
62030.7
45540.8
54538.2
52883.8
49523.7
55038.4
37271.7
35745.9
46917
57627.4
63934.6
52130.5
61794
52777.8
53955.5
52496.6
25779
47622.5
57849.3
45718.5
36980.6
59522.2
61345.6
46645.8
33201.1
74342.6
65484.6
35127.4
67659.2
47769.6
41194.7
41927.5
65355.7
51240.2
50770.1
55906
54260.2
27500.5
73725
47470.6
59485.4
48296.7
90422.1
45373.4
62751.4
36939.7
66019.9
43481.1
47087.6
53758.7
34127
32312.6
52903.8
66029.4
39095
85618.2
45415.2
58283
27371
25791.6
56942.6
59332.1
30801.6
64880.8
36136.2
45954.5
38713.4
60338.8
75906.8
42089.8
30954.1
58105.4
53315.6
47412.5
37823
34033
39949.3
59461
57762
67510.7
69727.4
61855.2
46198.6
50429.3
61197.4
52899.4
64137.6
48804.4
40114.2
34486.4
41709.8
43180.8
45091.8
49223
52664.8
35144.6
80659.8
48767.6
47228.4
37408.6
47817.8
40402.3
55763.1
58230.6
38599.7
37412
74262.8
33335.4
64603.3
66164.1
38583.4
44405.5
47030.3
35892.1
48217.6
56734.8
35827.4
58234.5
57892
39982.2
49118.1
50482
81859
27449.2
42563.7
29434.8
21543.3
72630.2
45584.6
52484.6
28379
78275.2
37789.5
35676.5
72729.3
40589
44857.8
51007.1
46824
59313.6
49472.6
54719.5
44772.4
34096.6
55116.5
34584.9
68213.8
67430.2
43114.3
43494.1
41104.2
54227
51752.6
44367.1
39780.1
65502.2
32039.9
45327.8
59905.5
48712.7
58384.6
33322.3
48908.7
48430.5
58328.6
31491.8
43346.1
52297.4
39417.5
48876.9
61500
34363
72123.8
50111.7
40054.7
69775.4
47998.6
41812.9
49793.5
27606.7
27479.1
52299
45539.8
48061.8
31574.6
45892.6
53052.6
60781.4
58907
42724.4
51396.2
31980.8
39151.5
39375.2
44508.3
50146.4
44572.6
52001.3
35537
70494.5
59331.4
67387
33280.4
39844.4
36029.1
38161.9
67933.8
49480.2
47808.4
65627.2
65613.4
58985.7
40284.9
55305
55095.3
71765.3
27827.9
38568.6
47038.2
67599.6
52338.9
40973.3
49051.5
35717.6
44340.2
42613.2
43804
40008.5
59655.4
58247
55311.8
57101
49739.2
54987.6
47999.7
53577.8
48163.8
58869.8
54049.1
41446.7
30056.6
43842.9
30304.2
63447.3
66422.5
44434.7
35206
48724.6
48961.7
42615.3
34095.8
38333
50870.9
29776.2
43394.2
96839.6
54364.2
35990.5
47693.2
56734
37393.4
46225.9
40667.6
64521.9
41588.8
29872.5
69145.6
86562.5
62581
45345.8
27403.6
47832.7
47554.3
46034.2
42311.6
59726.2
39842.6
54037.6
77115.8
46057.7
21621.9
40983.5
40230.1
33739.8
31146.5
64405.8
30221.6
34942
62770.4
70260.8
33901.2
47718.2
38258.6
34001.6
28765.4
40771.5
61186.5
50002.1
47283.5
30322.9
36476.1
35644.2
31837
38148.9
23606.2
70115.9
30809.5
36642
39971.7
37405.8
28709.9
47480.9
49679.8
53545.5
37158.4
46159.1
41672.8
40742.5
57781.1
34881
47249.4
24722.2
37982.6
52251
37448.4
39478
60842.6
34507
41888
53203.8
43091
73395.1
35551
43450.2
48611.4
48079.7
36732.2
44370.9
65521.8
34527.5
75479.4
43763.5
22563.6
31137.8
29513.3
69520.6
45832.8
58011
52329
25750.2
41179.2
26230.8
43868.2
45807.3
34021.7
46564.6
27871.4
46223.6
28294.6
47477.7
45639.8
46655.5
57786.6
58090.3
37552.9
37914.9
42424.5
87425
47602.2
69271.4
46446.4
43640.6
45965.1
48898.7
36422.8
35638.4
48928.8
38220.5
44547
20341.4
30058.6
67073.1
42901.3
24415.4
65156.7
31621
44219.3
40441
56995.3
37625.4
42169.2
54812
51628.3
49362.2
45157
79932.2
46088.2
34292.6
60026.9
46591.4
52854.7
34650.5
46608.6
59167
81221
48606.2
45493.9
60430.9
64232.1
41627.8
36077
39777.6
56397.7
60900.4
27937.8
49353.8
53278.4
52625.7
45528.4
67191.7
38877.3
27402.9
38129
49253.8
43535.5
41513.2
47921
37768.9
62711.9
77581.3
48955.8
35924
56924.2
59617.8
34970.9
55688.7
71430.4
60535.5
36044.8
45376.7
53833
79701.8
68477.4
37586
44692.4
63458.9
49576.4
40064.5
48594.7
64385.8
17827.9
42137.8
60519.3
42787.6
35724.2
48272.6
59014.3
50643.1
53295.7
48099
49413
43597
45339.8
41808.4
43582.2
43221.8
55183.7
59528.3
41434.4
30824.7
62090.9
46632.3
59294.2
36864.5
81608.8
41105.6
43145.5
54254.5
35651
81302.2
41634.9
45630.9
40483.9
48770.6
79923.4
51915.1
40788.2
50364.9
43946
41583.1
65924.4
52162.2
31163.6
32710.7
54351
48486.5
47525
54070.2
48433.6
54335.2
57536.2
58021.6
39190.9
24479
50111.2
35012.2
42387.2
45596
32961.2
30139.2
39811.9
36551.4
49157.9
48034.2
46910.4
45234.5
53759.7
49010.6
27797.5
43451.8
52525.8
23667.9
44612.4
49146.6
37837.3
23146.3
41987.4
52006.9
42618.8
52282.4
59116.6
52435.8
45092.2
60338.6
53901.8
34344.2
53250.6
31040.5
39756.8
40511.3
32120.1
62394.2
30387.3
53732.3
52413.6
70754.7
41771.9
27386.9
71528.3
28011.2
52915.3
48738.5
38617.4
23583.2
44983.8
44718.2
53406.4
26415.6
53878.1
67923.8
38664.5
50618.6
43450.5
47293.5
61085.5
36413.4
60945
39167
48195
58971.9
43992.5
39835.6
56908.9
18325.5
40236.6
38026.1
75055
39183.8
51481.5
39848.6
38700.7
57903.8
31269.8
72382.2
33428.8
56181.1
46808.7
40125.8
41212
55341.1
59447
58686.7
35651.3
51535.4
51729.5
28184
52020.5
93905.4
47533.4
71645.1
67611.9
43243.9
35693
66498.8
46321.3
51409.5
52615.9
47941.6
31716.2
92855
60239.8
50907.3
63440.4
48610.8
54213.4
53835.9
66688.6
86709.3
51244.3
41333.2
30136.4
66190
62957.4
74525.5
59417.4
40968.9
27828.1
28433.2
40051.3
49456.5
46093
61933.4
32338.5
38805.7
58397.4
69474.6
60900.7
45323.6
34640.7
39183.7
51835.8
45066.3
59888.6
34929.7
50450.8
41891.8
30072.9
41067.8
75521.5
61954.7
49034
46365.6
48262.2
31546
40235.9
54711.6
66400.3
56894.6
62794.4
43930.8
63235.2
63439.1
35639
52469
30474.8
40401.2
36326.7
38795.2
34260.5
71412.2
45142.4
53856.1
37111.9
64868.3
56166.2
46211.7
28470.5
75015.9
43265.7
54328.4
48706.8
44484.1
66403.1
50411.6
71322.1
52900.8
48081.9
42801.9
38226.6
59952.3
42270.3
62891.9
47862.8
68202.2
65354.5
69921.6
36039.5
69167.4
48384.5
50820.3
35764.8
64707.5
50542.4
63076.6
66393.8
85139.8
33741.7
69207
42446.5
51974.7
92068.9
65091.1
56583.2
53194.6
35639.9
53674.2
68389
36000.1
72809.4
61233.4
67158.7
52821.4
66035.4
48348.1
50679.8
46619.1
76256.6
50319.4
36090.8
42184.7
44848.1
42086.9
49601.9
45709.3
59077.4
43067.9
41265.9
35927
38491.6
59454.6
38744.5
41275.1
60056.9
55960.7
36954.2
45864
44043
81354.2
51017.7
59969.4
35354
60149.5
30430.7
44769.8
51613
51752.7
48602.3
66893.4
53171
44131
61235.3
31001.6
43707.6
32217.4
44582.1
25573
29632.8
49181.4
37464
48576.6
38706.9
30598.6
63965.4
38710.6
31658.2
43417.8
67691.7
59973.3
75868.1
47611.5
34953.8
45884.7
35169.4
45116
54007.1
58377.8
26038.2
77727.5
36837.2
36920.4
40224.7
87273.2
34682.2
46817.8
45200.1
56233.5
58106
50835.7
55979.2
36892.6
45076.3
61413.3
52241.4
48819.2
42804.6
25827.4
34045.9
50819.5
35619.5
33676.2
61271.3
28216.6
57805.9
29996.7
31505.4
35435.8
32266.6
38340
37076.1
41288.4
31409.4
60839.2
32560.2
29611
48273
46024.2
45359.9
45645.2
41931.3
47302.9
42575.8
50169.8
42953.5
31323.3
48573
39854.2
52106.6
69955.4
56050.3
29799.8
50025.3
75891.4
46812.4
62806.3
45185.1
50761.2
77137.7
50997
28716.3
54516.2
20311.6
49845.7
76324.3
60830.5
54647.5
27805.2
24358.2
45535.3
35292.2
60166.4
33973.9
56508.6
77660
36435.2
55635.4
64132.3
44592.9
64272.3
60220.3
33846.6
48989
63671.4
40320.6
45970.8
48178.7
44129.8
54529.4
58459.3
35774.9
54704.2
53013
61211.4
46696.8
72749.6
55210.4
32820.7
39761.8
42277.2
45031.6
66831.3
53580.6
23167
52944.2
48115
34323
54924.7
40246.6
50768.5
52811.8
43620.7
40345.5
62055.1
19965.1
22894.3
65167
40196.3
56985.8
28373.3
74432
47959.2
39452.9
37075.4
63810.1
47123.4
43234.2
48873.4
54317.5
43415.5
40034.9
49517.1
42674.2
28943.4
50661
48150.2
30493.2
45770.2
28713
37631.1
30320.2
34819.8
35310.4
54484.6
37682.2
52028.2
22218.3
27256.4
43716.1
60266.1
29442.6
40391
60703.9
41548.9
51428.3
66875.9
44158.7
56682.4
40665
53477
47521.7
37377.4
69708.9
38378.1
53233.3
43688.1
73741.5
33337
29846.4
44359.2
55795.6
24996.9
54558.1
48753.3
49182.1
33614.2
59568.9
38770.6
34489
42401.9
56380.3
44235.4
41596.6
46976.5
38741.9
31528.9
58508.4
41404.2
54143.6
36438.9
39389.9
47303.8
38336.6
59233.4
57855.1
28230.8
35097.5
44614.3
38340.4
47747.8
55864.4
48305
35589
72742.3
53156.2
69994
58720.7
54635.5
44640.2
44210.4
47928.6
27506.4
38803.4
44736.1
64677.5
52525
47368.4
47613.5
47555.6
52129.3
67257.3
41240.3
59919.6
58120
40948.5
38211.6
52981.2
54974.7
35124.2
47441
59756.3
41066.6
56089
33370.5
50083.9
39539.5
29961.2
25024.9
42178.9
60982.7
28630.6
42650.2
41808.2
35175.7
24635
41519.2
38150.2
30767.8
41322.8
28476.5
27327
73726
73232.9
66573.5
36914.7
22731.8
45414.2
49140.5
50402.5
63017.8
74996.2
40898.2
31813.9
74445.4
59971.1
40512
56163.8
50929.4
47447
56015.8
70415.7
46755.7
51041.7
27717.9
25901.6
47277
35643.6
41484.9
44646.6
54743.3
39688.9
37263.4
43379.8
39205.4
47653.8
55534.1
32944
31735.4
33908.5
50535.8
35079.8
53800.6
34381.8
58385.7
34318.6
33537.1
29653.4
28276.8
36796.3
42063
30862.4
40648.3
38625.5
29711.6
39948.6
45236.7
57494.4
28776.6
36014.2
58629.1
44566.3
29103.8
40422.1
31683.6
46344.2
64463.6
49089.8
48672.1
29464.2
43638
75481
55462
58196.6
86256.1
46262.9
51987.6
37423.8
42725.1
39774.4
32259.7
45593.2
33718.3
37733
26658
41027.4
62763.6
52655.5
40008.7
54550
24969.8
83211.8
54179.3
40783.2
55358.9
60234.2
58250.1
33098.4
43255.5
50754.5
57812.4
44321.4
41076.3
50273.1
86884
44845
58186.2
34220.5
61649.3
51186.1
39027.4
17382.3
39025
46027.8
52615.5
42734.4
44199.7
32577
37770.3
56573.6
44418.1
27457.8
67200.3
33459.3
36547.4
34005.6
50444.9
34971.2
44021.6
43897
44434.6
36538.6
43571.1
36524.1
38155
66636.4
50233
25198.5
78568.2
39777.5
61099
88318.6
69920.4
51720.4
67854.1
30725.8
49571.5
47194.6
67783.3
43586.7
37625
67497.1
39542
45763.4
75315.3
48127
58142.2
48114
62421.1
46115.7
42939.5
46813.2
63972.2
81171.9
46152.6
42917.4
69790.2
53465.5
32936.9
60418.3
73164.2
69869
45199.7
35119.4
46203.1
59455.2
44243.1
66256.3
75895.7
49846.1
31864.5
52708.6
57150.7
51151.7
92032.8
67006.9
61099.8
89092.2
54412.6
67689.3
35801.9
62746.6
52189
63078.1
70821.6
67572.1
68203.9
62819.2
60661.3
61848.9
41515
77989.6
78302.9
67502.8
51323.9
51751.9
56839.6
50403.3
68244.6
46972.2
47556.6
70055.7
45371.3
51295.3
85689
34271.4
32195.4
75191.2
74762.3
44352.7
50828.6
39395.2
56485.1
59440.2
73433.6
81265.8
50956
30776.4
54824.7
52001.3
35827
84837.9
60493.8
42115.6
34397.1
60614.5
46989
62868.4
71809.4
37651
38491.2
67754.2
39401.6
43433.9
58954.5
50976.2
41383
46036.2
69480.6
37746.5
68480.8
48687.9
42624.6
40428.4
71761.7
38236.7
75685.5
69737.7
60948.8
67430.8
47933.6
56744.9
65721.6
66157
50761.3
49986
57263.8
63869.4
86358.6
54481.8
75545.3
57886.1
74671.6
46897.1
73752.9
46660
66258.1
71103.1
60669.6
50307.7
65881.4
49768.6
40104
60837.8
70549.8
58498.3
60415.5
48869.4
58775.7
51173
51939.4
55504.6
80317.9
54379.4
77447.8
87619.4
61473.9
73056.6
72501.4
44387.8
56453.7
52048.7
41508.6
91215.5
34933
70361.4
42645.6
63170.1
52598.5
63193.7
70551.8
59056.2
39722.7
86348.4
70085.3
43205.4
40813.9
51939.6
39782.5
53430.1
43291.9
40961.9
40544.6
54177.4
49887.4
44705.8
53790.2
57827.1
27339.2
44347.6
60849.3
42325.1
33180.5
48296.8
22149
33888.6
44090.6
87677
34837.8
50833
33704.6
70779.9
43285.9
40138.3
39458.2
64010.3
64052.4
68751.2
38544.2
54489.4
30544.2
38361.3
53280.5
63407.8
35186.2
44671.6
42091.8
48788.4
45609.5
66293.3
60750.8
57590.3
57251.6
41986.9
43283
57955.5
65557
69786.2
37141.8
68637.4
56147.4
74280.8
63099.4
41235.7
44857.5
54056.1
76930.8
77200.6
94082.6
34778.4
37327.8
70536.7
48084.6
86290.4
52080.9
41842.1
38720.6
64539
47387.4
57879.5
68122.1
55919.8
36665.7
60785.4
49575.9
50178.6
57643.4
40645.8
24007
37211.1
41013.8
44233.1
52388.2
44418.8
60657.2
58535.6
64906.2
39912.4
68081.3
49691.8
56777.8
60449.4
52322.2
61509
64855.8
38555.4
67477.2
34675.9
35940.4
41255
20864.7
41800.2
45497.3
43403.8
34404
42225.2
41310.2
48702.5
37891.9
40629.8
55018.5
41497.4
49553
67479
51989.7
38571.1
35589.4
32992
58507.8
16760.2
44832.2
28485.2
62214.8
46954.9
48963.8
54394
58641.3
46251.8
66433
85651.2
33785.8
44137.5
49272.9
39391.1
21353.1
42207
42565.4
56924.6
26891.4
43359.6
72432.9
56615.1
23450
25019.5
37284.1
56740.7
50355.5
30040.8
40996.1
37290.6
34093.8
37008.8
32294.6
54354.3
42275.8
36314.6
46210.1
50760.6
51182.2
44481.5
28881
61663.5
27468.7
24934.7
51014.3
51857.3
50724.4
41156.6
49460.6
54713.8
46027.8
67625.6
43122
21752.8
22745.4
42076.9
38794
54553.6
52309.7
50401
30779.6
24697.5
68032.9
39317.7
53661.8
45363.2
48255.8
36678.1
22556.6
36913
30601.7
27349
47453.6
39544.6
28546.2
41276.5
32450.6
21204.4
49689.8
18331.4
41276.5
34365.8
43769.7
53333
52474.8
58944
47177.4
35908.5
55679
33377.4
30991.7
49611
47114
50166.8
65723.6
33041.6
40532.5
43004.8
39323.4
47607
28512.3
59590.6
47650.7
28554.5
52853.4
46450.7
36636.9
57208.5
48966.6
65608.4
46240.2
55521.5
38022.9
42904.9
19173.9
41445.5
42281.5
44347.7
59273.8
42839.6
51408.8
24505.8
38363.2
55138.6
33727.8
58704.3
57133.9
24361
81007
52326.2
73454.5
24209.5
34853.4
46964.2
48890.8
50601.4
36803.8
44516.4
58635.7
62584.6
42372.2
34478.1
62516.1
22627.9
66287.6
55346.6
61757.3
50657.7
49868.9
31439.7
43998.9
30748.3
41962.9
50878.7
28880.6
58720.6
39410.3
36243.2
54925.1
59948.8
41670.1
43389.8
65892.1
64923.5
32444
59138
48634.2
46083.3
51802.2
26882.7
64190.7
38706.6
59179.9
46045
40196.6
74796.2
70118.2
20554.2
52765.5
54267.6
38060.7
51978.8
48110.8
77849.6
46090.1
45871.2
43168.4
41420.5
54380.5
55082.7
54568.9
35195.6
32254
60327
45296.2
57722.5
67492.6
38785.5
49798
57243.2
57111.8
39867
54634.9
42609
73828.9
37091.2
57136.9
32584.6
36219.8
41829.8
35774.5
47861.8
37320.2
36923.8
33284.5
41050.5
71322.8
40960.9
30926.1
47593
57854.3
45657.9
32676.6
43649.4
44458.7
38614.8
38768.2
29080.2
19722.3
27337.2
40970.9
49968.5
48495.8
50754.6
43662.6
26535.2
23538.4
35522.5
39689.8
58700.2
51835.1
67057.7
29651
69712.4
39122.7
45765.8
53051.5
40515
41521.7
45813.2
38071.5
39161.1
47180.3
60927.3
71663.4
58861.5
43668.2
37822.9
40683.3
41741.4
54846.8
50422.6
67076
44475.4
36321.5
49217.8
66170.9
55790.8
88912.1
49788.5
43498.2
51117.8
48125.8
55202.9
44079.3
29566.1
74905.5
59166.2
57740
32415.4
54034.2
47133.5
63814.3
52841.4
72107
54203
45683.8
57659.6
54618.1
54012.2
56151.8
50809.1
39072.4
61699.4
48279.8
40135.5
47943.6
43790.4
66047.8
54461
30353.4
47569.7
43258.5
38690
48119
37715.4
38713.4
36403.2
53783.8
35287.5
50581
63105
33938.5
34212.3
22711.4
52456.1
72568.2
48069
37807.2
55068.6
52852.8
48976.2
56218.5
27189.7
50026.2
58259.1
58380.2
53780.4
79177.3
67147.2
52820.1
65706.5
59913.5
47676.7
54638.4
72914.6
45818
66437.1
47100.6
52183.4
25508.9
23964.4
79047.4
76558
63679.4
43153.4
75244.7
43133.3
29327.4
27719.1
39337.4
56779.6
87678.6
52334.8
45550.4
37285.8
43041.6
38036.8
54900.1
35463.3
40548.5
60833.5
32288
47478.9
39547.9
31061
26436.2
35899.8
48981
63134.8
48590.9
54512.6
48588.8
45098.1
41676.3
61155.8
85056.6
58934.2
61139
32768.2
62741.6
38131.4
51896.9
67221.4
58012.2
57081.8
57345
44333.8
41220.8
38248.4
66743.9
49157.3
25188.3
54488.2
57906.6
59932.5
64242.9
57345.8
70712.1
45610.7
40884.6
50657
48201.6
28943.8
63340.5
32036.2
47821.2
41192
91090.6
35526.7
49060
27010.6
46035.4
56731.5
85301
58312.3
46056.2
37133.2
27300
38165
49303.1
46924.5
48877.4
51752.4
40441.8
47661
48096.3
32539.7
40559.9
78438.2
59977
40495.6
43243
48141
69251
29613.4
50749.8
83600.6
36404.8
58009.6
38730.3
45060.1
59919
62314.9
41891.2
40577.4
42334.6
36455.7
48324.2
43001.8
32012.5
59581.5
37013.7
51341.4
50997.8
46070.7
44490.5
82608.3
39753.9
52368.5
30831
44795.2
49013.9
38264.5
61130.2
64264.2
50131.8
43116.3
41243.8
52914.3
62171.5
57899.1
46085.1
36502.7
56161.3
85057.4
47609
60859
43622.2
45845.7
45634.9
71508.7
70965.5
45605.3
46779.6
37414.2
25733
38971.6
52054
51087.2
35193.5
60447.5
51806.6
23821
49905
31249.3
39466.7
36415.9
43268.4
44132.1
50922
33921.4
46772.9
37730.2
32781.7
57210
60021
34429.7
51090.6
48503.4
35495.4
37676.3
51585.5
32980.5
20188.7
43006.3
66729
74099.1
33715
26815.2
46542.1
53968.3
36091.4
57681.6
64077.8
58158.6
41646.1
26607.6
43665.2
50483.9
54149.6
46641
46191
45270.6
43977.3
57284.3
35819.8
50858.2
24664.6
41440.4
36168.2
40731.4
42188.5
58208.6
38410.6
47437.4
35752.2
34160.8
45029.3
59852.3
38258.9
34582.9
46879.6
37482.5
60773
33035.4
35820
68161.8
56675.8
74471
50463.7
61508
36943.3
33996.5
49989.5
56486.7
57636.4
54965.8
37026.8
54347.3
52617.8
59665.8
75521.4
44740.4
58977.8
54080.2
41849
52747
53336.2
50705.6
40807.1
50374.3
53959.1
65487.8
92892.4
64119
52522.2
41171.5
35354.4
59949.6
82593.8
74268.7
51971.8
44230
52477.4
70129
70884.5
64523
81515.4
85694.6
49194.3
66789.1
38559
57901.9
77543.1
70665
60984.4
58971.2
56384.4
67663.2
49185.6
45292.5
46054.7
42413.4
25161.4
52256.8
61685.4
56540.7
61799.8
72598
85791
58280.4
17427.8
36694.6
33803.8
58368.5
100861
37917
26342.9
41814.1
47483.9
38148.4
71153.8
51831.1
41685
58849
45308.2
50538.9
53510.7
54784.8
41774.4
36789.4
29680.4
67915.1
47731.3
54308.3
32285.4
57517.2
46589.2
41152.7
43876.9
42328.7
53187.5
33546.8
52130.3
77932.2
42598.6
49825
44991.6
42344.2
62268.5
39050
37626.5
30983.2
55210.8
38977.4
45160.2
52956.5
47030.3
61083.2
45437.1
48422.4
34914.6
61669.9
38781.9
61455.4
59742.2
33954.2
63835.9
74940.7
45239.7
41917.4
43839.2
61924.2
73433
44311.3
25114
55443.4
52475.8
76223.7
53799.7
47273
54306
49333.2
36413
53305.8
63578.1
67131.4
45518.9
27122
49036.6
43593.5
47360.2
89962.2
65103
64795.3
27763.4
66333.1
35742.7
58957.4
59797.8
51082.3
48412.6
39056.6
55034.2
76308.9
47222.3
36170.5
40207.4
43905.4
41097.4
34023
50988.4
30911.9
68222.6
73011.8
50443.2
42738.2
34753.6
60764.8
62508.3
49251
62934.3
35616.5
42813.8
39518.9
50083.1
49029.1
42004
38938.3
37410.6
24529.5
70109.9
39974.6
57034.5
56428
39959
39626.3
40094.2
41556.6
64532.2
35198.5
48919.1
59807.4
48668.2
34616.8
55061.4
45640.6
45500.2
55020.7
62310.2
56328.5
46603.3
75447.4
81617.4
59896.2
47486.9
52587
45637.7
44713.3
52710.5
76013.9
45546.4
35214.2
39922.8
45053.4
47906.2
54462.9
61461
44811.5
42648.7
52233.2
45824.2
48988
50382.6
40932
58568.3
46561.8
67045.6
39813.1
75845.1
44995.8
56623.4
47827.5
41004.2
71174.2
54625.6
39423.9
59800.6
80495.7
48029.8
63857.4
51728
56921.6
34035.4
31614.9
43243.1
43638.2
50848.7
60609.2
60822.6
35225.6
49095.7
69295.5
32986.6
38180.9
76244.1
43004.4
55363.5
43200.6
46687.6
59999.6
39615.5
36714.1
35939.8
26827
35818.2
50679.8
47962.4
54706.9
47776
49363.8
44675.4
41772.8
42095.4
31043.1
53105.5
25356.7
62529.4
33043.2
71035.1
33910.4
39496.2
29838.1
53961.9
30057.4
59881.5
48180.5
40056
57399.4
61379
68653.7
31161.8
37726.5
22414.9
27354.8
36651
73443.8
51855
58345.8
57147.7
51077.1
33729.5
27429.2
52856.3
36191.2
36728.2
44197.9
46369.7
65933.4
60511.7
110822
56102.6
31773.8
51655.2
55222.6
47453.6
33204.9
63346.2
33820.5
57740.6
40147.9
67216.7
42886.8
82469.6
37780.6
65880.7
58162
32162.6
40541
54748.1
50028.6
42812.3
80213.1
65693.6
26720.7
42729.7
48645.8
63699.1
55284.1
30179.8
60303.5
37488
60231.7
44205
32004.2
46640.6
52502.6
61204.2
37543.3
54162.9
34066.6
66156.5
60697.3
35242.8
41596
50415.8
37787.6
40514.9
56157
31535.5
29411.8
39051.9
26595.8
60087.5
66975.5
75446.9
35834.3
86689
52842.7
72723.2
58158.6
55050.4
35722.3
32987.6
43409.7
59814.7
47664.6
77621.8
48177.8
33864.5
39131.8
39021.4
52267
77604.9
44740.2
62342.7
62374
50219.1
47547.8
52159.9
54661.8
43904.9
72512.4
47873.4
41623.6
44519.5
69670.4
60065.8
30271.9
43494.6
64367.8
46597.8
47916.4
45641
47550.2
28013.8
50118.3
46396.2
70797.8
50356.4
61297.8
51727.9
51055.2
50550.9
44611.4
75665.7
55321.7
73943
47165.2
46018.3
61438.8
74736.2
57545
67792.6
34330.9
44378.5
38977.8
64197
62451
75005.4
34045.3
55823.8
44015.8
77533
60225.7
44806.3
64506.5
43069.1
59369.8
24081.4
50393.6
46545.8
35994
40422.1
32304
35094.8
45558.2
32829.2
36347.1
38714.3
47815.4
60059
41283.6
44940
55971
55590.5
44932.3
56557.8
36906.2
48011.2
29716
33201
50716.2
44939.3
35523.5
38351.9
46260.4
52636.5
51547.6
32284.7
60206
41027.1
37198.4
44908.3
38320.2
41741.7
48744.6
64346.6
48787.8
43252.8
37725
61154.4
25920
70048.6
32320.6
28890.8
38757.9
51231.8
40420.1
38734.1
68493.3
28155.5
39189.7
33013.8
37890.2
81078
53681.7
39249.5
35866.5
58926.5
50164.3
47429.4
40534
47517.4
52956.8
27812.9
48438.1
23873.9
60486.8
32351
34216
48890.7
57771.7
60971.8
52749.4
58282.8
40867
35963
23454
38343.4
45074.2
33085.8
51355.7
40779.1
71971.9
26137.2
47032.6
50850.6
46918.6
53808.9
52846
48439.3
49537.5
63565.2
31959.6
31602.9
50202.4
80502
45444.7
48176.2
56775.8
30524.4
49891.3
53524.9
55912.6
57034.7
59073.4
30500.9
48513.7
44478.4
51915.5
57121.1
63167.3
71153.4
34368.2
34206.6
47344.2
77593.6
46126.7
67438.2
54195.4
48706
45979.8
60005.5
43220.8
67736.6
63334.7
62316.2
32393.6
30502.6
65271.8
52390.4
71649
52386.2
47038.3
54909.5
45932.2
66745.9
63515.8
49900.8
66011.7
36573.8
54843.6
67818.2
47582.1
51335.2
80054.9
54839.2
36483.7
59427.3
57572.4
37135.7
44555
46360.6
50453
83186.1
46638.7
82512.8
63411
31070.9
44662.7
35689.3
42458.3
38808.6
53216.2
40293.8
38131.3
54386.2
48333.7
83874.5
41518.2
53224.8
68352.1
53409.9
68962.7
56787.4
54631.8
53555
57592.3
36890.3
40290.9
44014.6
50653.3
45530.6
67514.9
64226.6
99693.8
37456.8
69464.2
44995.3
47910.6
52240.8
61634.6
47888.2
49143.7
43860.7
48065.4
66559.4
50191.6
79247.5
56104.8
66634.8
57003.9
51094.2
75331.3
62758.5
73465.8
43156.2
63545.9
53260.6
31381
43923.2
76436.5
38152.6
28656.2
58481.1
46120.2
38948.5
47577.5
44477.7
80937.7
39767.8
63193
37472.6
56342.3
59419.1
32974.6
78529.5
36259.4
44927.3
46332.7
54760
54010.4
73604.5
38299.4
64723.6
42292.2
67129.3
44976.8
41328.3
36058.1
66236.2
48574.2
46501.2
27146.2
42850.5
31810.1
41218.2
36471.4
32612.3
67213.7
45456.4
24019.9
46747
29309.7
34091.9
41725.2
42053.2
67344.2
40120.2
39398.9
39870.5
39814.8
66448.7
48944.4
44448.8
28462.9
45079.9
39923.3
68463.2
36803.5
42652.6
37704.4
67140.1
47511.1
50609.8
48516.5
64938.2
35706.2
32705.8
66506
49190.2
42958.8
38407
61276.6
52256.5
46206.3
66390.7
38231.6
31341.8
30153.6
40008.8
70784.4
43456.6
51315.8
45286.6
44362.9
50447.4
53645.4
73989.3
37812.2
32729.4
47344.6
53657.9
65009
48361.4
32914.8
50877.8
47668.2
62791
39011.8
47717.7
66802.3
46604.7
21286.6
25355.2
41860.4
45204.3
45918.2
26806.6
52164.5
67169.1
50484.8
47415.4
38070.8
36253.8
23613.5
52018.9
33155.4
73014.4
30910.2
46232.8
32976.6
78384.9
71483.1
33113
55084.1
34483.2
45238.2
41787.2
51786.9
43605.4
26185.8
33907.5
32004.2
39740.5
51156.5
34727.4
42773.3
30911.9
33873
64475.2
44303.4
32570.7
53711.2
35989.7
46295
42620.6
44953.3
71129.4
48653.1
49926.7
38013.3
45640.8
70261.6
41516.2
33361.8
43800.3
51413.4
56497.1
73490.4
52118.2
44201.7
42960.8
88468.6
72456.1
37013.7
56462.6
37429.1
51034.5
61084.3
78064.3
78439.4
60873.5
42498.8
69779.4
37902
49383.1
46543.7
58077.8
35717.8
37221.8
77576.1
77666.6
59419
36257
31977.8
51397
40391
62241
63011.6
66346.1
51961.7
40954.2
49258.2
53647.5
59699.5
79343.8
68176.6
57709
62250.2
51164.5
66990.6
60286.2
54357.7
50613.7
58417.5
50352.6
68680.4
52864.2
43126.9
44961.2
41304.3
34220.6
54380.6
41395
52697.4
63730.4
48101.4
30827.1
48723.8
41732.5
48024.2
43765.1
61587.5
38668.4
57168
25639.8
41983.9
48076
34310.5
50110.3
45222.8
39307.4
35474.1
56160
57823.8
57560.4
28488.2
40834
49623.7
21371.8
58393.1
77975.5
51369
35378.8
29159
36315.8
47601.2
58187.2
60165.3
70758.6
48991
45102.4
37115.3
41993
45194.6
38876.4
48024.4
31989.4
43772.6
54845.3
41398.6
40704.5
43976.7
46568.5
47193
41400.2
42341.1
37055
38732.2
44803.7
34284.8
39489
38723.7
41482.8
48347
75034.2
32645.8
40059.6
33438.5
79949.2
48786.2
38103.1
66064.2
41646.5
62454
62507
71715.9
42739.7
40158.9
54370.3
61492.1
45169.4
58569.4
56191
29214.2
59822.9
46477.8
46325.8
46295.7
44838.6
41614.7
66885.1
59250.9
53220.1
48495.1
53690.2
54893.4
40920.9
54115.4
71274.2
54571.9
24360.2
51095.1
52450.8
50942.4
47215.8
63490.6
61246.1
38060.1
28894.6
75561.4
29024.2
43549
34159.2
63825.8
41723.4
42270.6
69095.1
29880.7
32673
39989.2
45382.6
34933.4
28617.8
49530.6
71035.8
33171.2
37095.5
29845.2
38281.5
52787.8
55444.2
33815.6
50022.8
43029.2
40525.1
26957.5
58968
76485.1
64733.8
59011.8
26215.8
73354.1
71272.7
63140.3
47393.8
62720.8
42628.6
28290.6
87734
28564.7
52417.1
73960.2
47281.9
65050.6
35852.2
39547.7
44714.6
61085.1
33087.1
50262.7
86149.8
81062.6
72758.4
44728.8
70156.9
52419.8
57298
66311
81125.3
57089.6
57936.7
60776
35103.8
43154.9
67859.8
36585.4
54147.4
42979.2
61240.5
53316.8
72061.1
72215.3
51577.4
81996.8
58613.3
35600.6
65347
39489.8
62476.2
33696.6
43244.3
42067.3
43630
52091.1
57894.3
39682.1
41651.7
37331.7
60137.6
30944.9
60242.2
67073.7
22298.8
45418.8
41086.9
22895.6
50410.6
55821.1
50631
36178.4
34855.5
42413.5
41881
35977.4
56408.4
54930.9
42014.2
54857
46350.3
30241.6
42034.5
50316.2
52527.4
43801.1
43236.9
63088.3
63078.4
38472.4
38930.3
52835.1
46662.6
72021
36163.7
36390.1
36602.8
47192.8
62274.2
33955
51672.6
38656.2
42787.9
64460.2
50622.5
59631.3
37997.5
69805.9
43566.5
58455.2
54323.3
55244.2
80392.9
39412.3
53771.9
43898
64046.8
50760.9
72287.8
29313
35385.8
40251.9
68055.4
45909.6
49477.2
33211.9
60365.9
37421.2
46825.7
67731.3
44427.3
57319.8
41706.3
43078.4
43522.6
65743.9
53532
50587.6
53664.8
35206.9
47630.6
43670.2
47147.6
34842.8
27083.4
43303.4
53855.1
30848.3
58867
40383.9
32203.7
42665.6
26037.4
36303.5
41147.5
34607.2
45670.2
66594
49729.8
59866.7
48201.9
32913.9
54890.6
39286.9
41753.8
50321.4
40006.6
67037.3
57898
48209.8
29854.3
40332.7
47820.1
37500.6
52370.3
43911.4
79136.2
41563.6
69327.7
73316.2
38542.9
77725.9
51064.3
47233
53200.3
77322.3
47951.3
47516.4
62716.2
32597.4
51231.2
52193.2
34883.4
27968.9
45680.3
34583.1
65083.8
39377.4
45121.2
68506.7
21272.1
47771.6
72463.4
43722.8
32061.1
52547.5
48393.1
48795.8
56375.3
53737.6
66085.6
40724.3
37490.6
46033
57941
75407.3
39108.3
56511.6
58095.3
43706.7
72603.7
57586.6
63407.9
45082.5
36308.6
43832.1
56201.4
57884.3
52106.1
53358.4
62376
38555
40150.6
57151.2
48652.1
65832.1
39392
35870.2
55084.7
54972.6
48552.2
74216.2
62641.7
61976.3
33139.9
60892.5
39758
45852.1
35898.6
57355
61426
34985
25534.5
43735.3
49644.6
47017.2
67873
40328
58400.7
35324.5
47776
30642.6
70614.6
37743.5
44191.8
65847.9
63215
58483.9
37993.1
45019.9
37690.6
47000.9
49070.6
49030.2
36552.2
33919.3
57499
56708
37803.5
52412.7
73567.3
30394.5
55515.8
36052.2
59856.5
33340.6
87251.8
26265.8
30255.6
31686
44551.4
40399.5
57260.6
43315.7
73977.4
38699.2
40568.8
33057.3
33398.2
23867.2
50074.1
81687.8
45076.4
60906
67968.7
40013.8
53249
30050.2
40206.9
26033.2
35097.5
65949
61446
31197.4
39379
82309.4
36424
31655.2
49128.2
53229.8
30840.6
26497.8
51578.9
43798.9
49273.5
22461
46096
49201.7
52173.7
62645.1
39476.5
28222.2
54736.6
68070.3
50649.9
63353.8
36669.9
46733.9
42917
43092.5
37722.1
39098.6
38125.9
49099.1
38487.9
35272.1
47742.1
58415.2
53744
48610.3
39167.5
47092.3
41347.4
43935.8
46995.8
72503.6
60853.1
54534.1
39035.6
39496.4
64147.7
68757.4
74562.9
40552.5
60921.8
32124.7
34661.8
47476.7
63843.2
51070.9
56288.2
36724.7
43526.6
44163.4
54235.4
41047.8
69313.8
46532
35778.7
43868.6
43604.7
57309.8
40673.2
24367
40774.2
34161
43937.8
36094.9
41698.1
33895.7
21837.5
33885.5
41076.8
30791.8
57516.4
40411.3
28753.5
44059.4
38378.3
35572.6
39205
50996.4
20530.1
28907.9
47139.5
47572.6
34910.7
65983.9
45073.4
33702.2
43932.6
50255.2
62831.9
35618.5
30011
18130.6
34898.4
62634.4
54352.8
60144.6
65241.8
65562.3
26863.5
58287
69250.1
43946.8
38796.2
47379
53185
33250.8
52860.9
62389.4
55765.7
53576.2
25032.6
58485.4
46660.3
36125.6
70273
32639.4
51858.1
49675.1
28018.6
33416.6
41697.3
32872.5
46442.3
29159.6
34174.1
38086.6
45115.2
36858.6
66753.7
65005.8
44845.4
36541.8
31569.1
22310.5
81580.1
35112.8
53480.7
25128.2
54949.4
52937.2
74637.3
41639.2
69695.4
45539.2
70625.4
41837.2
43412.6
55754.6
54294.5
39537.8
30670.6
39511.6
38500.8
55407
48893.9
31200.4
44183
45843
31801.3
53364.6
54481.6
54040.6
29306.9
61691.6
79466.3
37676.5
53805.6
81842.1
46369.3
56265.7
33887.9
65147
71824.6
40079.8
57310.6
62405.8
42436.9
48105.4
66325.6
36655
64699.3
53987.9
55188.2
82267.2
37201
79250.6
46980.3
57473
66246.8
92525.3
46563
45956
42737.5
85149.3
56777
51345.3
36959.2
44476.4
32434.8
62843.7
35757.2
35723.1
35877.1
39961.9
32941.5
50453.5
32021.4
78482.7
34756.2
27940.7
28661
57413.4
56758.5
36241.7
58390.7
58576.3
24252.5
60523.4
58658.2
77127.2
36893.7
60792.6
39157.8
72060.8
39672.7
56522.2
71036.6
44103.7
47048.1
55893.4
41229.9
56234.6
51777.4
47080.7
48853.8
49351.7
75719.9
38645.8
51231.1
82287.4
86380.6
27259
55385.5
63875
56769.1
61179.7
57779.5
48228.7
47883.9
50078.5
58033.1
52673.4
55348.6
54996.1
43075.3
63770.2
39709.1
44054.1
39658.7
68244.4
48880.4
50352.1
59094.9
42732.4
41456.2
29220.1
31353.4
49541.2
58128
23537.4
62655.5
15951.5
53349.7
54684.5
55582.6
47959
39990.1
39330.6
37375.3
71080.5
42135.8
45084.5
52380.3
48721.9
37141.4
51550.5
49214
65641.2
40654.5
47058.6
60246.3
57864.2
52426.2
51961.6
42940.2
39931.8
40320.2
42768.5
50391.5
66736.6
41449.9
55469.5
57797.5
47017.5
38149.3
41520.6
46756
49688.4
66297
44523
55324.8
36821.1
51069
45730.7
47405.8
19826.8
62084.1
60345
37514.5
36391.7
50033.4
54348.2
53188.3
33472.8
46160.1
43702.4
46843.9
50095
45166.6
74355.4
25778.2
31158.5
50254
35361.6
57159.8
56607.6
50071
65375.6
44800.6
40517.8
26556.7
43174.4
45526.1
38831
59580.6
62874.9
61894.9
41491.7
59787.4
59598.7
28788.7
44310.3
52190.8
60818.9
49687.8
31912.8
40092.8
54829
60848.6
53959.4
59311
52102.8
59492.7
44449.5
52302.6
44681.9
41554.5
38108.3
41868.7
43759.8
39522.1
16728.6
58890.1
31720.6
57303.8
48020.4
54931.1
56889.9
45813.5
41259.6
77014.7
63885.1
21218.1
57498.8
61026.3
58909.4
40178.7
40107.4
42046.2
55341.5
44572.2
49845.7
31501.6
90484.2
58595
49401.9
36306.7
47556.9
70500.9
42765
49859
48836.3
41865.3
42917.1
55819.7
66428.1
60880.9
23234.6
55285.9
50112.2
62584.8
44872.2
34188.6
55570.6
37304.8
56767.8
78562.7
42533.4
57869
37256.6
35908.2
57733
43320.1
39739.6
55512.9
38893.8
48641
34313
33427
58063.8
53830.5
28371.5
53800.5
58007.8
52521.8
34325
54183.1
38991.9
36242.5
67695.9
62945.3
36972.1
46348
35721.8
50983
51270.2
44778.7
50479.2
29683.3
56353.4
50322.9
42334.2
50568
63677
34558.5
28053.4
35521.3
52364.3
46341.2
32124.6
60442.2
39208.1
47838.6
64793
62678.6
53393
73758.6
66779.8
23134
63161.3
57185.4
63483.4
38000.5
41047
58277.4
70724.1
45061
38795.6
39562.6
29608.4
34538.3
75936.9
46524.7
50621.9
57684.2
48370.6
29577.5
63295
45853.4
60268.6
47381.4
43394.9
47051.5
79855.4
43418.6
68074.1
59964.2
34891.8
52008.6
44744.6
46222.2
52069.8
49781.6
47675.7
48916.6
43718.8
30062
54321.7
67701.2
28425.4
68696.7
42092.9
57022.1
28836.1
47677.7
44652.7
36071
35138.9
47486.7
80811.4
41710.6
50278.8
34276.3
57333.1
36854
34062.3
32520.4
36953.8
45903
52638.4
58434.2
49100.5
74787.7
35851
28499.7
49373
39196.4
42670.8
38035.4
40064.4
32280.6
43253.3
50528.2
47450.6
33414.9
36342
36127.8
39825.3
32871.4
43587.1
34328.6
38419.5
46073.8
37070.7
46292.8
36662.8
38463
27696.6
42097.7
58525.8
59856.4
40608.3
51968.2
25208.2
39806.3
40563.4
42493.5
42618
49770.4
48766.2
19196
42075.4
53000.4
42019.8
22952.6
44500.5
26832.2
53320.2
56608.3
55484
28170.5
47126.4
43136
40053
32184.6
50982.2
46634.3
57185.7
51651.4
29959
30677.8
44494.7
59165.4
38688.1
41205.4
46717.8
53008.2
56415.4
37992.8
57173.9
49371.5
38789.7
35751.3
42814.5
40177.4
40523.4
54595.6
31970.2
45023
37722.4
37717.9
40260.5
31461.5
35445.4
56640.3
38451.4
45375.5
46035.2
37724.7
42237.1
36077
40247.8
48113.1
38329.1
40447.9
35049
58888.2
38547.2
47709
36363.9
39848.2
60282.7
61060.5
72397
28415.4
29979.4
52791.6
48564.9
34115.7
74165.9
51030.2
42838
44403.3
40066.2
66222.2
41659.4
57323.8
31772.2
39653.2
47438.1
45089
61112.1
36419.2
82785
36546.2
45893.7
35794.3
40720.8
64080
63883.7
34490.8
55069.9
37316.2
60860.2
37014.7
50265.4
45416.6
32586.2
68679.9
35107.5
40767.4
40979.2
79239.8
32235.7
73745.4
64749.9
51790.2
38111.5
50769.3
42846.6
63278.4
65975
57544.6
46636.9
23998.7
60032.5
72374.1
39819.4
66914.9
49431.9
37224.5
62741
66464.7
43883.9
63462
60778.3
38235.1
51365.1
73162.6
42739
28387.9
44325.8
44700.9
89966.2
52337.1
46012.2
54216.6
58687.3
51791.4
39883.8
59136.8
49132.7
71658.5
44860.2
79839.2
62391.5
50481.6
54948.2
65772
47327.1
60691
48104.3
43352
71862.9
43699.2
36175.5
27304.5
61656.2
46788.4
38466.2
41286.2
57593
37235.6
57104.3
34065.2
26547
47313.8
47325.1
50408.7
53947.3
35584.4
62420.7
40395.6
55377.9
46770.5
36551.8
42043
40005.6
61884.9
36966.2
39555.5
24126.7
41819.8
45887.3
61880.1
59187.4
47967
41468.2
55179.2
43726.6
54028.6
49255.8
52356.1
46079.9
45544.6
33768
66569.4
81015.6
40714.9
45354.6
54867.8
56203.1
42798.2
44496.9
60702.3
45640.5
35886.2
41165.1
87772.2
49556.6
48739.5
53901.4
52574.6
55636.2
47120.2
33499.7
64012.6
61071.1
47403.5
49393.6
41492.4
43112.8
76820
36064.6
81653.4
54502.4
39105.8
39270.6
59780.6
50670.6
78489.1
80622.2
77783.8
53935
50902.2
37897.3
52547.3
49680.6
54652.6
42166.7
50350.1
73034.9
65086.6
54410.5
66640.7
41463.1
33619.8
41140.2
58317.7
53138
44868.6
36496.9
34245.6
72266.1
47207.3
48986.6
56046.6
64658.9
44293.7
48353.8
45865.7
65324.7
41655.4
39821.6
50514.5
32203.9
85957.4
51005
43231.4
73821.4
62205
25971.8
62152.1
37910.3
65113.7
47695
37207.7
82137.9
82978.6
45352.5
57037.7
60671.2
44182
51032.4
77982.1
37578.6
53527.9
36707.6
29111.7
51141.4
50083.5
72408.9
53393.8
75096.8
62613.7
36199.3
38610.6
90525.8
46808.6
66686.3
77942.7
54229.7
52699.4
66201.7
34511.7
80172.5
82637.7
68605.4
51712.3
64182.3
58149
62324.7
90283.2
73776.2
63425.2
53660.8
60795.3
46737.8
56759.7
59856.8
57495
45815.7
32113.8
37168.2
54742.9
46856.2
51256.5
62487.1
27095.7
60175.8
42049.8
36757.6
63355.5
55230.5
76730.3
53306.8
65936.4
47167
34546.6
62282.8
70237.5
71260.1
31905.8
50268.4
39832.3
43725.7
40604.2
51772.7
47155.4
33777.6
43027.3
55494.9
24717.1
46354.8
43040.5
43364.6
67706.7
44246.5
31248.4
76287.6
33500.8
57704.5
64462.6
53804.9
63008.1
55608.2
49903.4
60124.5
62375.8
54095.4
60744.8
37567.8
26016.9
47702.3
73052.9
46474.6
35436.9
53540.7
63229
70665.4
48514.8
63597.6
83919.2
47386.7
45503.3
64877.9
69989.5
72493.5
63939.8
55501.5
68387.2
40739.6
60738.1
52341.6
46451.4
35583.4
38889.6
35664.2
80835.4
44729.4
56682.6
55820
49073.5
55740.8
25916.2
40404
99747.4
46955
41686.6
41048.3
57119.3
87930.4
52033.6
37551.6
34163.8
39842.5
52911.9
56726.3
65001.7
70537.4
29462
65708.2
43897.3
54471.6
64406.5
60662.4
66815.2
42723.3
36817.8
46261.2
61682.6
71693.7
62360.3
37420.7
64662.1
41843.3
44129
55338.2
47093.4
49635.7
47751.3
49351.7
32955.6
65683.6
28404.9
73037.3
59038.2
45723.1
64958.5
51954.3
33472.5
40487
35912.4
59856.4
45405
68435.7
30602.3
33476.7
26074.7
85712.1
53127.4
57357.1
38566.2
46244.4
24214.2
30719.4
37432
63702.3
56155.8
35711.2
70878.6
75082.2
59813.9
40058.4
57492.9
48296.8
30857.7
59937.4
45572.3
37865.4
43093.6
67878.5
38534.5
52402.4
47871
63197.2
37506.3
74477.4
42730.6
63478.5
48978.4
40014.2
46511.9
75001.6
87307.2
28902
49711.8
76718.7
45245.4
48628.1
35661.5
50550.5
49348.5
47533.4
31350.2
64827.1
33769.1
53352.2
41759.8
63732.3
43273
39228.4
99246.4
49781.1
49865.1
54877.9
51712.2
66899.4
64855.2
42619.1
38350.9
37103
47055.7
40422.6
42237.8
89806.6
39557.1
37382.6
65877.5
42863.8
29102.7
43695.3
59358.2
42992.2
38690.5
67941.8
33336.4
76131.8
49486.2
32449.3
69019
49748.9
37312.9
32315.5
43884.7
53978.1
59565
29059.9
58079.1
34834.6
63328.1
40795.4
45095
18394.9
41923.8
33549
42889.5
36236
90736.6
32288.1
50178.6
45745.8
24411
35879.8
59133.1
53422.2
40216.3
28550.9
53599.8
22955.8
42146.2
41433.8
50968.9
39694.8
71583.7
35310.2
49240.1
65082.3
59730.8
63052.4
59913.4
47774.1
36460.1
45363.7
35213.4
59062.5
67633.9
42167.9
36245
47486.8
36466
58784.4
57614.7
47064.8
46597.9
53222.7
36514.3
44943.1
60671.4
42781.8
42924.8
32651.7
59150.3
54165.4
29485.4
41002.6
51608.6
63837.8
41585.1
55667.8
36112.7
28195.8
48777.4
65183.8
75630.5
45939.5
57206.6
60871.3
39934.1
35077
51726.2
58580.8
49513.2
59798.6
40495.2
40607.2
63200
39691.3
57376.2
37727.4
34154.6
87123.1
54379.4
43067.4
50900.4
38885.3
36494.2
49055.7
22251
55553.8
40873.8
60295.7
49565.3
49517.8
46474.2
71590.8
51276.9
40024
85687.2
54271.5
58072.6
48862.5
33715.8
38254.4
39497.1
57569.4
39693.4
58391.3
36489.8
37271.6
35343.2
64601.7
44030.3
38295.9
53579.6
59634.5
58101.9
55107.2
31642.4
50040.1
41904.9
44002.5
58831.6
26360.6
61126.9
70827.3
61207.4
68083.7
48487.2
40941.3
38318.4
22155.1
55985
56487.8
53847.8
80765.4
51196.2
50394.6
40212.1
62450.6
44982.7
77647.2
69293.6
45812.7
27840.9
68879.5
64290.1
51759
47038.8
58205.2
60630.2
35063.4
25122.2
41593
73401.1
75179.8
44620.4
38220.9
30072.3
26588.9
50390
47889.6
58922.5
59434
60654.6
50620.7
59779.5
40879.6
49731
67426.2
65967.6
65249.2
47311.4
34141.8
49825.7
83340.1
53106.5
22131.7
62666.7
51396.7
40521.1
61748.4
56786.4
40933.1
63299.9
33626.4
42589.1
37517.6
31331.8
32483.8
49543.9
46492
67072.1
58570.9
71833.2
23983.5
54213.1
43974.9
27532.8
41736.8
23803.4
58431.6
38808.6
41279.9
34995.2
48568.6
60604.1
63418.6
49748.4
32659.4
74192.6
36683
39832.4
49307.8
33032.6
56893.7
49512.9
35296.6
50287.2
55761.1
27761.3
56990
60413.8
89409.5
68174.2
33494.5
35488.8
44662.7
58900.7
59002.2
41471
26505.2
30943.6
26661.4
35392.4
32965.4
32880.8
64309.7
56941.3
45247.7
38025.8
41367.9
51452.2
58050.6
51517
37524.7
41840.6
37953
47456.7
79513.5
36041.7
63618.6
60830.6
37668.1
91032.1
36066.6
43804.6
43362.9
47293
84591.5
48204.9
43595.9
37360.6
67927.7
42173
59372.2
38301.6
48275.1
55920.8
49720.6
46014.3
48442.2
67140.6
62100.9
79075.8
33391.3
37386.6
69780.8
71013
58989.6
59380.4
33388.2
39543.5
50909.7
59401.8
77518.5
52895.3
42261.3
35238.6
61908.2
78305.4
43366.6
43717.5
58524.9
39079.3
35191.8
31461.3
48043.3
72302
52590.5
36563.1
49426.9
54213
43097.5
39745
49676.5
53892.2
58760.1
43655.2
41769.4
61291.8
46739.3
48423.6
61909
55138.4
51339.6
28025.3
47536.7
38473.5
38660.4
45823.8
52058.2
33974.2
40235.8
57182.9
37575
30057.3
44729.5
32611.8
36142.2
41180.6
35777.8
42913.5
55138.1
23133.1
36639.4
32322.5
44881
38824.5
52834.6
34070
49845.8
40829.4
31186.6
33546.4
46973.3
38272.2
50550.7
65491.5
26620.2
45910.4
26734.9
47807
44252.6
36517.5
54348.7
36442.6
41068.7
35702.8
38399.8
44703.8
44114.2
33807
40935.8
41415.8
41548.9
50939.1
73773.7
59022.2
44886.5
62790.6
45360.8
34801.4
39935.1
32456
34532.3
48331.9
17668.5
62164.7
41812.3
59333.7
30334.6
25566
29748
34082.2
33849
45418.9
42938.1
42054.4
26131.4
63003.4
44514.2
42408.5
36799.4
28949.8
46332.6
34045.7
41894.8
48505.1
61214.6
33783.8
70517.8
50798.3
53236
50259
47451
57191.8
73631.4
41759.3
42347.4
53149.8
23493.8
54787
43846.8
57299.8
43437
65505.6
42334.9
45379.5
46466.2
41342.7
57523
40191.5
31389.5
39193.3
48215.4
54178
68779.2
59949.8
56200.6
44249.6
36877.8
56533
50882.1
50995
52586.5
49390.6
30923.9
58083.1
54621
49219
52272.1
49465.4
72782.4
50280.8
54144.6
39632.6
71225.6
57139.3
47072.7
30021.2
47891
30201.3
53402.2
31580.6
45535.8
36984.9
50499
53217.8
42587.6
43581.6
28844.6
68145.5
37164.2
43506.4
42344
36787.4
31302.7
43635
35221.8
34775.9
28533.5
46774.6
44699
42312
38233.3
55428.3
56741.4
57588
46307.5
46978.9
43000.5
55637.4
29660.7
33322.2
50255.3
58424.1
26970.2
33257.5
50857.3
53406.1
56785.6
63469
44607.9
27346.6
36019.4
34608.6
51768
39261.2
35369.8
53156.3
36248.2
37148.3
43668.6
52701.3
23439.5
36075.9
79784.5
32001.3
58038.3
57900.7
30239.6
37129.2
42680.7
37172.7
21884.4
30433.8
57358.7
28472.6
22151.8
50001.6
63533.1
53334.6
76252.8
32960.3
43836.6
54247.2
32401.6
39741.7
84812.1
44618.2
36574.2
46310.9
41774.5
41989.8
60552.2
23099.8
46814.6
39826.2
40461.7
72091.5
32544.9
43727.8
47446.7
56769.5
71361.8
29391.9
32891.8
50408.8
50702.9
52460.5
57968.2
40579.1
62259.4
58466.2
55512
46790.2
37560.9
44751.5
29705.2
31050
39746.2
64979.5
31425.4
47994.1
55867.7
38875.5
42636.1
62363
62336.3
46438.9
40451.1
50762.1
64859.6
33938.8
60531.8
42389.9
51255.8
55525.1
36311
48315
36557.6
56694.4
40187
20101
50308.6
35881.8
46086.3
44053.6
53584.8
37401.4
46617.4
53489.8
44847.3
54228.5
31894.7
49951.8
67323.9
63134.2
59237.9
37191.7
72631.5
50930.2
35100.1
65138.8
52562.9
60107.1
43975.8
47579.9
79450.6
63847.7
54703.1
40942.9
65040.6
48176.7
54401.7
50039
35205.7
84406.7
55158.2
64191.2
46229.6
55885.8
36793.7
67710.1
60740.4
61841.1
44568.2
57117.7
41870.1
58762.8
36667.6
58464
25582.4
50571.7
65815.7
51347.8
40718.4
43480.3
54691.1
75261.6
48820.4
45106.8
45066.9
57211.3
34946.6
40892.4
65474
62336.7
43343.4
32307.7
27815.1
35782.1
59777.7
62454.7
61572.5
47702.3
63276.8
44087.9
38998.2
42410.6
38552.6
56787.7
29003
36823.8
52265.1
45577.4
43308.7
22772.2
29394.1
30593.7
33862.1
33801.8
41182
42027.8
45143.6
52257.9
38557.2
42119
57599.6
44523
40864.9
48285.1
42398.4
44190.7
41158.3
64062.6
51228.3
37631.4
33502.7
35971.1
64160.5
44636.6
37964.3
46384.6
39399.8
24843.2
66295.9
59904.1
55713
65587
46771.6
39778.2
49069.3
73878.2
35344.5
34096.9
32227.8
47988.9
82722.6
37535.8
58251.5
41312.9
66336.1
45388.4
43333
24795.7
52278
49586.5
51942.6
38398.6
37368.5
34316.1
54285
56379
42697.4
55629.2
64195.7
25955.2
42929
59401.9
35779.6
55192.6
51758.5
40764.9
42182.8
46875.3
76207
44466.7
65970.3
55855.2
75149.7
56640.1
40821.1
66889.8
35404.8
56120.6
49281.1
48901.8
50862.2
37004.2
49090.6
31481.5
36911.8
70621.8
47495.4
42215
65732.1
52211.8
57827.1
38741.2
59727.9
30948.9
57717
39687.5
50683
44428.7
42716.6
66151.3
77207.1
22423
34103.1
53924.1
41032.6
16741.1
63606.1
38906.5
22147.4
44522
57864.2
63898.6
34145.1
59846
34400.6
47351.9
90969
56901.8
57395.1
32319.8
50152.1
30086.4
52015.5
42357.7
47009.9
41498.8
36460.2
53330.2
36407.2
41331.5
36035.8
49830.1
85341.4
33922.7
40542.1
39725
45493.8
32694.1
56555.6
60826.2
36582.6
38419.8
30334.5
37572.2
30563.9
33987.8
35205.8
48340.8
43490.8
37485.3
59307
52675.1
33881.6
68638.5
90152.2
59744.7
28713.3
72559.8
22669.5
46475.5
56946.8
46122.7
58549
36982.4
49423.1
29839
31337.8
63050.6
46076.3
52164.3
48036.2
41007.9
54690.9
28742
47258.1
38982.2
32181.7
40050.7
36105.1
52334.2
49240.5
34810.9
36336.1
32646.2
33455.8
46581.3
20460.3
24395.3
48929.8
54585.9
31652.2
55028.6
51046.9
55998.6
60162.6
44711.8
50608.1
44016
41257.9
46333.6
56260.7
53729.8
40377.7
47229.6
52910.3
59600.6
30739.8
71946.2
41084.3
56262.2
38102.1
40927.3
60579.6
56017.5
45113.2
53664.8
43013
59278.6
45542.6
62998
47846.1
77402.4
78429.1
43813.2
45936.6
40676.4
44174.1
54509
44652.2
78361.8
49083.3
53138
35379.4
44739.4
52481.4
45568.7
54043.1
74793.1
41148.3
49842.4
52896
70724.6
41997.3
40338.2
53896.9
41737.5
46947.5
38487.2
35700.6
51078.6
56122.6
35653.3
67979.4
54008.6
40577.8
37788.6
48985.9
50670.1
54689.4
36994.3
32383.2
59039.8
36169.8
28454.3
63186.6
60776.3
39616.2
37360.5
33367.3
34524.6
34589.6
53821.8
45237
28623
32501.7
36635.4
43765
52383.8
43213.8
34156
34034.8
38531.4
60956.7
32038.4
33917.4
48304.2
54934.4
57820.1
57913.3
49232.2
43154.6
31597.7
37679.3
58550.5
67298.3
40404.1
51322.2
40888.6
32782.7
39619
29492.4
52890.2
46800.8
37880.8
53332.2
41556.3
50714.2
36478
53410.4
29106.9
50459.6
51937.8
37449.8
23976.6
47439.4
33182
48039.9
55926.6
26293.8
26123.4
39089.1
39283.4
62764.5
39609.2
50270.3
44673
74905.1
59161
46520.7
39194.6
41814.1
58806.3
35136
29522.1
43668.3
40149.4
49825
53340
40423.8
54073.9
32044.1
34253
36148.6
42919.8
34946.6
45467.5
50276.9
46299.5
41461.4
52425.5
48669.8
34907.4
55372.8
26893.6
56963.8
31074
41930.1
52318.8
52060
38798.8
35121.7
48737.8
38903
47109
46804.1
42739.4
66820.6
38152.7
47579.4
27254.6
39126.1
57213.1
53722
42914.1
31723.2
71406.2
49110.5
59514.5
41861.9
45691.4
51648.4
44462.4
43979.3
79984.2
35683.5
31937
40994.2
58362.6
54851.8
34201.5
63584.4
52485.8
62379.9
71804.5
33421.5
37488.9
49264.2
52247.7
35192.6
60479
42061.7
43161.7
35920.2
58827.8
53244
25731
30352.6
44481.8
50386.3
21629
36826.9
31414.2
44325
58301.7
29456
68393.6
41163
44452.6
46271.6
34764
31164.3
30662.2
39638.3
33644.7
47199.9
45656.2
38357.2
50060.9
48232.1
40617.3
37671.4
52537.4
33877.9
25445.6
23259
25870.2
32955.4
48143
36030.2
52151.2
39991.8
48487
27438.2
45935.7
40331.8
25452.5
28252.4
38645
37826.6
56846.1
40595
28370.4
28243
47199.4
50693
38241
34106.8
35777.8
38298.2
41643.1
40935.4
24684
64790.4
24863.1
35401.1
28218.2
33372.5
90197.9
42303
70635.4
54336.6
56833.2
38272.1
58663.6
45769.7
31772.2
65165.8
28763.5
55287.5
51634.2
28549
25007.1
45009.8
36371.7
40791.2
27964.2
32819.8
42351.4
40821.4
40309.3
46215.4
50820.7
31438.2
32049.8
34427.9
75248.1
57374.5
20578.8
36080.3
26461.7
44380
43710.4
57163.8
51411
31025.8
38153.8
22446.8
72691.9
47892.5
53872.6
43590.5
40167.4
38211.2
45111.4
51020.8
48480.2
44715.9
57265.4
40131.7
58299.7
40771.4
31970.2
43947.9
62226.4
58947
31435.7
44593.4
38217
78231.5
29059.4
45471.4
32256.1
52671
37364.4
35571.1
61368.3
71012.4
50746.6
56871.9
64797.5
64395.1
55745.7
40725.4
78615.4
40938.5
55815.8
50739
58587.4
49006.9
56207.1
54513.3
31236.6
75830.6
56838.2
70963.2
54735.6
52705
45653.7
53040.3
81150.5
65740.9
56673.8
67642.5
42606.6
78310.8
67596.7
60681.1
57143.7
53067.5
48721.6
51358.9
47618.7
52014
69584.1
78491.6
42378.6
44905.4
51871.8
53284.9
90781.8
60283.2
52209.7
34673.4
42606.5
44322.4
71215.9
31472
74398.1
57214.1
49852.3
49657.4
29940.6
35715.6
46622.6
55227.6
54643.5
73682.4
42137.4
36267.8
26326.2
76818
48068.5
69413.9
54946.7
56559.8
67347
41693
47794.9
42330.1
64925.4
33588.3
52036.2
56485.7
32356.6
36852.2
44120.8
49094.6
47587.7
40979
53378.6
49216.3
53062
49538.4
34486.8
41739.6
42633.8
44465.4
40897.9
85331.3
47944.8
26767.5
26505.6
31139.2
59004.3
54555.2
70487
55633.1
54826.3
40622.8
56417.9
58133
79333
52309.9
50837.4
46328.7
25826.5
40458.6
39163.3
47595.3
79175.6
78472.8
43727.9
19793.5
64269.4
45055.8
54815
32009.3
47387.6
26140.6
36832.9
31641.3
51645.5
42908.2
26010
44451.8
44079.3
62118.4
62391.3
38961.9
43859.5
73918.3
42299.7
30416.5
43509
53454.4
47624.6
58185.8
42182.2
45200
54195.8
54026.8
49697.6
45404.1
36554.4
56574.6
43627.8
47311.4
101860
47724
38295.5
49321.7
42962.7
32017.8
69580.9
61507.5
39869.9
51638.9
57299.6
56573.8
69724.6
58360.2
61142
52755.2
41307.5
39833.3
80455.8
54482.2
51076.7
27900.5
52418.2
36405.8
46089.6
45050.4
64335.7
50643.4
50570.2
50309.3
40523.3
48643.8
38513.4
40940.4
38639.4
49552.3
64640.8
47604.1
60701
53377.9
34277.9
35841.9
53066.4
41119.2
57075.8
37784.7
56225.4
46298.8
63999.3
63165.8
56705.2
61708.5
26112.4
36167.1
41867.4
49023.5
58043
26253.4
55780.9
57231.8
56917.7
82568.6
38167
45614.4
49408.6
37815
51719.6
67623.1
45888.2
48917.2
46733.5
53740.9
34561.8
67083.2
51743
53757.8
79324.4
43262
62723.7
55746.6
30306.5
50853.6
27822.4
38072.9
32841.8
84505.6
53351.1
56800.3
68780.3
66400.4
31244.2
56407.6
46681.6
29003.1
53179.5
72451
46069.4
58792.6
41084.6
40528.3
31257
55185.2
49506.1
59708.7
26295.7
58883.8
68689.7
29809.8
31995.1
44969.7
32319.4
87782.4
60122.6
35335.5
43093.8
85280.7
46445.1
60932.4
71933.5
38069.4
35745.4
44151.8
30355.2
48197.6
43683.2
31364.2
33412.9
48634.4
54801.9
52241.3
38708.2
65662.1
41772.7
55687.8
27496.2
36578.9
43042.6
50793.8
60885.5
35445.3
88901
38002.9
44023.6
43187.6
47449.1
27767
45475.8
24136.6
39503.8
44665.8
54755.4
32563.2
40617
46374.1
39310.6
30338.6
43415
52939.7
39096.5
36257.4
61102.6
40094.6
73933.2
31510.9
62509.2
25093
65898.7
34006.6
52090.2
62602
43611.8
68787.2
43143.8
38616.4
37256.7
50720.2
44407.8
72946.7
50294.1
51357.4
52832.2
71596.1
57510
41402.7
53025.6
41285.8
44086.1
28969.3
46097.4
49400.4
57232.2
37077
53915
66329.8
54884.3
29243.5
49293.7
52504.6
37194.5
35289.4
45960.1
37701.4
55533.1
40200.9
49222
37044.4
52536.3
39618.6
45208.8
63033.9
19711.1
57308.5
32671.6
44259.3
42107
86508.7
55657.8
83035
47180.4
34321.4
29280.9
69445
60624.6
45561.9
57634.5
26020.4
29423.5
48307.8
41211.6
60006.1
86493.7
40859.4
46566.6
35760.6
36546.6
53369.8
47196.2
51734.2
37992.2
32942.7
49711.3
35032.6
61124.5
44559.5
22397.5
41984.2
42801.3
41715.5
31598.6
76360.1
34871.7
40401.4
23819
54643.1
63719.8
38937.8
22936.2
57841.8
29104.6
55194
30691
29901.4
39573.6
36927.7
40715.3
36822.2
59424.2
40795
86796.2
47295.5
21928.7
72345.2
36378.3
60336.3
48546.3
35599.4
62947.8
68929.1
59406.7
58283.8
40831.7
57872.8
38543.8
47357.9
36560.5
43830.6
36333.8
52106.5
70976.5
43787
52114.5
68521.2
31163.2
61933.1
53271.4
37753
55638
53056.4
49378.3
69126
36102.9
49930.2
45094.1
44516
37728.2
52999.9
59856.5
23532.9
44819.8
44605.4
62016.4
62099.8
42534.1
48735.5
23861.3
40992.1
51416.3
37209.4
38887.8
56355
23889.4
48878.3
49005.8
40534.6
47426
52600.4
69185.8
32859.6
42790.2
36126.9
35632.7
47766.8
61985.4
46073.9
34100.4
61799.8
51710.4
44930.1
46523.2
32548.2
27876.6
69949.4
50943.4
39034.2
43730.9
38272.8
71032.7
52761.3
49523.8
61389.2
55740.2
48475.1
51926.1
33727.2
44620.6
43546
54336
58344.9
32182.3
49371.4
52491.1
32140.2
52300.1
56968.2
43806.7
37208.9
46306.1
64245.6
58160.6
31700.4
32995.1
42697.6
38975.2
78097.5
43465
40607.6
51477.8
52318.5
42147.8
30967.5
55684.5
38659.7
43804.4
47429.9
43391.8
32659.8
32117.8
53215.1
47504.5
38084.7
23651.1
23793.6
46971.8
35397.9
76765.6
49111.6
33968.3
66195
59895.8
36843.5
55169
33243.9
48708.3
34645
50503.8
32179
51693
51879.8
35424.9
45185.4
31306.4
31872.1
48105.9
45396
52023.9
74263.5
46876.6
29444.8
51884.5
53406.6
28558.9
71356.6
53596.3
43142.5
61469.5
39075.3
43869.5
47781.8
60587.9
64812.3
91002
53986.2
47907.1
34359
46619.8
69739.6
56406.6
61147.3
34496.2
42657.8
28628.6
67841.4
61242.3
72711.4
26017.9
65040.2
37882
27097
55704.4
44851
47518.7
68915.7
27301.4
52952.7
37891.4
43745.9
34272.7
52782.3
46900.7
55813.2
52619.3
45276.1
46736.9
30762.8
39617.4
43867.9
38188.6
31949.2
62945.4
75851.1
32846.4
48247.8
64429.4
49108.5
47853.8
56228.2
51233.8
39070.5
72924.8
73641.8
59691.3
47391.7
31478.2
36995.5
46994.1
49248.7
41733.4
29707
59108.2
49022.2
49226.4
35988.3
57530.4
34609.1
51998.6
31676.4
55772
48831.4
40149.1
45160.6
26430.4
27879.2
34878.8
57960.9
57248.2
39883.2
47605.8
61640.4
35856.6
55114.3
45895.3
48261.8
29400.9
34151.2
70711.2
66757.7
28447.2
49110.9
44853
61064.1
49155.8
58334.1
47079.8
31227.5
54506.2
38543.3
51919.1
50295
57560.5
45689
61339.1
46670.6
31236.4
41278.2
43856.2
59298.6
37184.6
52808.4
43284.3
67360.6
35285.8
71318.3
61695
58537.5
30268.6
50050.6
44384.9
45474.9
38650.9
72704
54661.2
58563.8
56195.8
43973.4
65985
54800.2
53052.3
35519.4
51425.9
40643.8
66592.5
39181.9
52648.7
44588.2
33700
22896
49802.2
62330.5
52490.1
74818
25431.8
38515
72986.2
39131.4
58590.3
55879.6
51075.8
40860.6
51870.8
54561.9
63009.5
36121.6
77297.2
59451.4
30448.5
62211.5
34100.9
54589.1
26502.9
48658.2
63626.7
54578.5
57278.2
46539.9
34859.6
37067.5
36998.4
51459.2
48633.8
43970.4
55397.4
47553.7
53927.1
44901.8
59840.6
50331.1
31310.3
28030.9
58937.4
24045.8
44868.6
37762.7
36900
30458.5
75340.7
83804
38577
54633.8
42458.6
50311.8
42939.4
57046.9
83321.6
37805.4
74593.8
36941.2
61623.5
72251.4
78728
68773.9
41599.4
46000.3
53037.7
43413.4
76046.6
48916.2
39430.7
76648.6
52626.5
55952.8
46384.2
33032.6
53327.7
47729.5
49738.4
59531
63701.3
68985.1
66829.2
57630.4
85910.6
81337.2
37466.6
58237.2
72869.8
39032.6
58809.2
43858.6
50395.4
56215
65607.9
74784.1
84258.8
56207.9
57669.6
65431.8
39151.5
40317.4
53338.2
41682.9
46256.8
43010.6
55761.2
53240.9
47082.1
39995.5
54276.5
43316.6
38289.2
53373.6
41517.2
32597.7
73374.4
54653.4
61237.6
28647
52660.8
38075.4
54363.5
28915.9
55435.3
50377
24465.8
77193
78901
36027.2
48603.3
33182
50667.4
28117.8
60611.8
41551.8
28388.5
38576.6
45527.8
64083.3
38686.8
46182.9
27398.3
51240.4
49926.8
48665.4
60161.5
46313.1
49437
69559.4
36175.7
33613
52033.1
34204.2
45621.2
34270.3
84718.9
41718.5
45622.6
40016
49906.8
64018.4
77589
45976.3
37492.5
73833.9
57960.9
63342.1
44257.6
33664.1
69403.7
44094.7
65134.5
70438.7
52565.5
48581.6
49068.1
45039.8
73538.2
46826.2
55630
44598.6
50499.5
55459.8
37371.5
85112.3
35659.2
50504.4
36545.4
31545.4
59767.4
48963.9
44828.4
60384.7
42637.3
42280.1
43217.8
26580.5
51794.5
47734.9
42235.1
55113.9
42515
42382
43133.2
53939.3
50279.5
36619.8
66775.2
45948.9
50528.5
36255.8
44180.4
62437.4
58906.6
47797.5
50201.8
45195.4
42533.7
49662.1
54632.3
52210.8
48619.9
61725.3
44329.3
30858.8
71695.7
45241.6
46629
70565
59315.6
43697.9
65297.7
36682.6
39432.6
42970
47428.5
51607.9
62455.4
76192.8
44709.7
76398.2
50891
70817
57695
48784.2
50054.2
50124.3
37934.2
61055.8
37897.8
43691.8
43645.2
55123.4
54470.4
57989.2
51238.6
56273
56356.7
48975.1
58950.6
47829.3
43739.8
41212.3
29638.9
57088.3
65224.9
47547
40272.8
86012.2
34080.2
68766.8
33313.4
30647.8
64206.5
43486.2
45012.8
47326
68800.3
66955.9
38918.7
51838
39340.7
59520.7
45709.4
62244.2
39571.3
66159.7
21018.6
59742
43350.6
67234.2
58478.9
37816.6
53483.5
49704.8
36893.2
41645.8
49917.2
49161.2
58808.1
54436.8
55058.2
41513
51837.5
49961.2
43013.4
45414.6
57329.2
30826
40946.3
61268.2
50988.6
36517.7
85763.9
30617
25651.7
54188.2
48192.5
51298.6
45138.8
36428.5
57521
61887.4
44117.2
55901.5
51919.1
51664
72957.7
56866.6
56723
47426
51120.7
72057.3
59849.9
58213.2
63053.5
37583
45181.5
46124.3
55502.9
57474
80129.5
33917.5
45886.4
42819
46028.6
63809.8
68368.1
51240.6
51841.5
48924.6
39535.3
36449.5
66792.6
68714
58659.5
93520.1
43891.7
62690.2
67313.6
42804
38809.8
49353.5
43165.9
80415.5
55525
57146.1
27750.6
60547
55584.2
50646.9
43692.3
76654.2
56608.5
37354.6
65258.1
69558
48894.4
52435.3
58138.3
76335.1
62353.1
39408
45247.9
57120.2
57650.3
45256.6
33032.8
32045.3
47563
41120.9
48001.6
41196.5
60077.1
29565.4
56789.6
48804.3
33693.5
50343.3
56986.6
36660.3
40509.2
66241.8
39577.5
57929.1
26351.3
33358.2
50168.6
47841.4
37564.6
59208.6
51721
58684.9
41775.9
64200.9
38624.4
72371.4
43508.3
53019.2
26294.3
57662.3
53861.2
39681.4
38278
33535.9
56087.4
37274.2
50537.2
56385.9
39323.4
44591.5
43007.9
42621.3
34728.8
51897.4
23409.1
54862.8
39941.8
42635.4
59873.8
47707.4
63822.1
51782.6
48487.1
64133.9
23759
60116.1
43991.8
41401.5
41508.6
60886.9
58850.7
66584.3
37178.2
32817.1
55810.2
45805
42811.4
30472.6
33466.9
54581.7
48872.2
31656.5
51730.2
49134.5
26699.5
26689.8
37308.7
30497
41659.4
44496.9
24065
55171
51543
30462.8
32804.7
63703.4
23563.6
19620.4
39432.1
31037.3
31004.7
39015.8
66054.9
47269.8
55329
32745.8
36895.3
30257.4
36814.1
51648.6
38248.7
28228
43038
33457.6
54523.6
49247
59317.7
55973
38537.3
39331.4
58893.4
55197.4
45625
49861.4
84995.5
78908.6
45645
51319.4
65796.7
69274.6
56433.5
52294.3
53512.6
47258.8
77638.6
70162
66348.7
66729.9
42619.5
40879.3
41813.6
63237.3
25038
90731.3
57001.2
48633.2
31066.4
30246.8
22435.2
53961.5
52766.9
40727.6
44441.2
68719.8
39011.2
49709
62497.1
39167.4
63167.8
40205.2
60741.3
39486.6
55558.2
51702.4
45780
30114.8
26637.5
40029
82056.6
62144.7
61158
64500.1
46814.9
34869.2
48273
52285.8
66291.9
47546.3
59269.4
43638.4
48698.2
46802.4
37846.7
56152.8
50736.4
33151.8
70150.9
46402
92891.8
34378.6
61342.2
58062.9
25788.3
33983.3
74741.2
70485
46597.9
40007.9
52862.2
48154
32045.2
50755.4
91261.9
58015.9
31551.6
61151.8
58821.7
34965
66259.6
39438.2
53348.7
43001
45817.3
33020.5
47330.6
53855
49705.1
52117.6
75329.7
49622.5
40660.5
33109.1
43347.9
42572.2
69738.6
61259.5
48144.3
41031
47830.9
55503
37576.6
74692.6
57680.6
43948
48413.5
44678.6
42741.9
65412.8
50106.1
42550.2
48176.4
52163
47779.9
37018.6
36119
54109.7
49077.2
56748.6
80583.8
45728.4
55953.1
83520.6
42325.4
51996.2
54654.2
39695.8
52373
84079
29571.4
64082.7
45865.4
47149.3
71587.2
67304.8
56385.3
30433.8
57868.7
40310.6
51035
70132.7
92591.8
51020.2
35751.7
37280.2
47995.8
76407.7
52995
65930.7
59047.1
39345.7
58256.6
57814.2
33028.6
32171.4
75286.4
35364.8
32765.5
45223.4
51962.3
89652.2
44384.2
73074.5
47821.4
50518.3
55744
82622.6
35804.4
47976.3
50033.5
36961.5
33632.6
30724.9
39293.1
33309.4
70717.5
36454.8
41131
27323.4
50435.8
35911.8
36547
38064.3
41851
18930.8
47087.5
49784.9
34471.3
63544.5
35736.5
29483.4
31978.4
49866
62119
61163.4
23957.2
53128.1
28938.2
34254.6
38741.2
56844.5
31324.6
44548.4
31709.8
53239.3
36544
41102
44067
43429.4
32166.3
46077.7
32227.1
39027.3
45447.9
52659.9
41971
48576.4
48927.4
52202.6
80123.3
45038.6
48873.5
69782.9
45822.2
44973.3
51469.8
37120.9
32087.6
28565.5
40197.6
29964.5
49354.3
57736.8
70113.4
36162.2
54016.6
29953.2
46965.9
50236.2
36113.1
35494.5
75639.4
61837.8
37241.8
49204.5
41822.6
29626.5
19824.7
34070.2
67755.6
45655.4
35278.9
20232.2
60335.1
60559
41996.8
52095.8
55893.9
28854.3
21127.8
37108.4
60939.7
37621.5
48531.9
35619.4
58803.3
33101.4
40829.4
41628.5
44104.3
33391.3
51128.3
73585.4
83438.2
70743.2
40825
22709.4
83489.4
36497.1
38313.5
35859.8
68379.9
40535.6
26006.8
39558.3
57780
76169.8
57997
31049
42219.8
27484.8
58789.4
52541.7
72124.2
41395
45408.6
30614.4
69838.2
33170.6
82695.2
59601
54381.3
59845
38086.6
45656.8
36818.1
53295.2
60983.4
28416.2
43197.8
90017.8
37800.2
84049
54734.7
60389
30487.6
67735.3
65482.2
45674.3
60801.8
63631.7
37533.1
48553.2
59459
92234.6
42574.6
69315.2
41953.6
43884
48034.2
45164.2
67366.6
52955.2
55534.2
49251
45537.4
75479
45249.2
52457
66138.5
52508.2
50740.3
38459.8
49370.4
31431.6
42704.5
40244.2
56373.1
58188.7
29727.2
63855
65892.4
39554.2
49898.3
44956.1
54429.7
58685
44804.8
55456
69059.8
31512.9
28205.9
64720.2
56075.2
45372.8
63682.6
32237.4
55574.6
37969.8
59057.1
57172.8
74671
31315.3
50243.2
60481
40680.4
55419.6
43181.8
60829.8
47235.6
56745.5
47403.7
64906.5
87656.7
40896.4
51588.2
41503
33944.9
46416.7
52710.8
43112.6
42275.4
41662.8
40524.5
54139.8
47917.3
38558.2
46015.1
51545.1
32388.3
33158.8
31434.5
46164.3
63678.2
58833.2
51961.2
46699
66880.5
46396.6
52897.6
58081.4
62400.7
44907.8
49147.9
34747.2
56256.9
87710.6
52919.8
34345.2
53281.1
36996.3
61205
50701.3
47121.2
36223.1
51665.8
43072.2
48220.6
62734.4
43021.4
82118.2
41083.8
44159.9
33211.3
47049.3
72224.2
92475.3
63038.5
60380.9
31066.6
53430.4
54445.1
28729.7
50584
42190.2
25504.6
53524.5
43589.1
38261.3
25127
27893.8
66257.5
41243.8
73836.1
28187.4
36884.2
33164.5
56330.6
83275.1
52938.3
42783.6
48233
62319
41203.4
41597.9
57291.1
65801.9
31155.6
40395.7
70292.6
52202.4
57902.6
49719
40037
43671.4
40878.3
66982.6
67447.3
55856.3
50754.6
43584.4
66826.3
82965.5
55840.2
49301.1
31403.7
47648.1
53392.1
57437.8
75863.4
71860.5
49409.3
54941
77616.6
65174.6
43959.5
52338.8
49739.7
37396.6
50419
38623.8
50545.9
70606
38242.1
40374.3
36140.7
58174.6
33792.7
45873.4
35326
49579.6
31658.2
23875
65783.4
35762
25450.7
60527.3
52825.3
37083.5
57052.2
46412.6
35290.7
29651.7
42070.3
41785
59881.8
31785
47594.8
42814.4
39660.3
55986.8
40197.4
58241.4
26499
68096.8
34467.2
46051.4
65208.4
55908
47139
47281.8
33018.9
48982.2
24361.7
33724.1
44363.1
37673
30786.6
47136.7
44975.7
48841.8
39310.9
66038.8
63762.6
36869
53381.8
53633.8
22064.2
58589.3
49899.7
42201
64585.4
42632.8
60927.9
39602.2
30671.4
34351
53620
40350.2
62308.2
45041.6
34532.1
27067.9
37851.3
44631
51734.3
50351.1
48823.9
41928.8
56684.1
61176.7
62990.5
79829.5
41669.4
56997.6
38644
57617
35285
60365.8
56866.2
58923.2
43934.6
66431.4
54587.7
48800.9
68537
64737.7
47642.5
71736.3
59850.4
38319
47923.4
53202.9
48508.6
73932.5
60152.7
61917.8
60138.4
37694.1
48337.7
51928.6
40405.4
53048.2
74825.8
41735.9
55587.3
71121
46150.9
47919.4
37380.8
56263.8
51157.2
57915.5
43780.2
58700.8
55487.1
50982.6
36690.9
45094.3
32039.2
37444.7
33038.6
43696.2
42949.4
35463.7
27270.1
64937.5
48489.6
32862.1
38717.5
50259.2
60422.2
45908.5
22191.9
46147.4
36497.1
38280.2
58226.6
58240.4
43092.6
56745.2
50507.8
52424.5
55438.6
44500.2
59137.6
57041.6
39339.4
39379.3
44806.6
77261.9
44324.9
59072.2
50043.4
53873.8
29449.8
66723.5
32728.4
52575.2
52231.4
49438.2
65528.8
37387.1
50934.5
75261.8
76401.8
41291.1
42126.1
24110
32053
31840
64354.1
26772.6
63005.9
52254.2
40864.2
47566.7
49150.2
67242.9
38683
51779.8
75359
35784.4
60953.6
26746.7
47296.7
55683.1
70415.4
44492.6
53869.2
40677.5
60373.3
66022.2
51487.6
42992.1
62080.5
45789.2
42883.8
34841
47045.9
38384.5
60081.1
44639.2
26242.8
37566.6
46328.1
72381.8
41107.4
48181.7
38118.6
59057.9
26762.6
29683.8
36827.4
30254.9
50849.2
34021.9
25503.7
36264.2
59232.6
68698.7
56845.4
46777.8
21401
81118.4
68003.4
61360.3
60409.6
57531.8
52337.8
68931.6
32383.9
44296
64436.6
55322.3
38385.1
61461.5
32364.6
56042.1
60945.4
57495.5
54096.6
54437.5
40191.7
50373
66283
49977.2
46935.6
48036.6
49030.2
55017.8
40001
51709.4
57414.2
43562.9
50658.1
41015.3
49905.8
27137.1
37092.1
49264.2
39657.4
55339.9
45465.8
56257.4
50365
54732.5
42068.7
61725.9
52016.2
34024.4
56528.7
34282.1
43862.7
50031
29774.1
61035
47485.9
47148.2
39089.5
50801.1
30854.6
59318
77795.3
28177
45727.2
56941
40526.5
33829.4
49762.3
44660.1
41218.3
56327.6
93090.2
35016.9
28651.4
76082.3
42861.5
43821.1
45620.3
39339.5
45601.5
45754.1
66799
64570.4
62462.2
40633.8
55505.4
57153.3
58974.6
30882.3
37487.5
43424.4
67218.9
42449.7
44280.8
45691.3
61097
39330.9
55188.6
60326
68366.6
40995.4
70284.3
58456.4
81013.5
48709.4
45866.3
54204.2
36968.8
51322.3
41203.4
50610.3
49580.5
42970.6
53850.4
37813.4
46220.6
59544.6
40884.9
38243.5
53358.7
61501.4
34406.4
27096.9
50267.6
52031
37821.8
47971.8
38272.6
57647
46022.3
54267.8
63311.8
66707
62277
32695.4
39151.2
48309.1
75027.8
61390.9
52339.1
50767.4
57973.2
61731.9
39047.9
50853
45453.4
77357.9
68897.6
68357.9
36505.5
47101.7
51675
39059.2
50539.7
61065
52686
55952.6
46728
29839.4
62424.8
51203.8
48443.4
52614.4
62949
63533
48007.2
40155.4
32683.4
39867.1
66802.4
51581
58315.2
31492.1
32758
27003.7
75687.2
48690.1
66848.2
43031.7
48395.9
32055.5
21933.9
37997.5
54561
56062.8
56449.4
28768.8
64082.6
29654.6
42356.8
53795
38793
37199.2
57549.4
48265.4
84804.6
47319.2
34126.9
35195
56116.3
57091.4
48350.6
59513.4
44663.9
30931.6
37135.7
33474.9
56876.6
50446.8
35535.5
44112.9
24675.5
30307.8
51267.2
33722.4
40423
68831
24914.7
29741.5
39538.8
37547.3
38123
44365.8
54672.6
27999.9
38291.7
44408.6
37983.4
34429.8
41477.1
31135.1
61008.6
41296.7
25717.1
32962.3
80157.4
49672.6
62150.2
50206.2
38707.8
35065
33972.2
34385.1
21402.1
41479.8
39094
55147.2
31351.8
35186.3
47243.8
33099.5
41080.6
37575.8
48136.6
31881.7
41865.8
32934.5
23088.8
29090.6
22355.7
46976.6
22628.8
43471.7
34932.9
24019.2
53794.1
50396.1
41797.4
43661.4
62539.7
41407
56958.1
38997
58652
61484.6
64589
34670.9
40378.8
31052.3
47834.9
53203.8
40465.9
50753.4
58565.8
30656.6
29657.5
45052.2
42165
30434.7
35996.3
67974.6
42055.3
36136.8
31558.6
23285.3
44233.8
28016.8
58667
41007.8
35062.6
48653.4
52661.9
36590.7
26826.9
40360.6
50388.6
32195.7
43953
59354.7
38844.3
38568.2
24314.7
40802.6
26777.1
47407.4
44018.8
47381.8
58823.4
62417.5
32518.2
42828.8
34153.3
33635.3
71831.9
36346.9
25436.6
50891.1
28195.8
58103.3
37432.8
49963.8
46621.1
29949.8
52676.4
61388.9
32742.9
47130.8
66116.9
35731.8
49906.8
79279.5
65123.5
37636.9
47375.4
70346.6
57505.4
29016.8
52248.4
60349.7
59030.5
47843.9
44759.4
42208.3
45131.3
36980.8
34846.7
51487.8
45480.9
47176.2
49640.6
61980.5
36158.6
73449.9
58160.2
40737.7
49167.9
64602.6
49156.7
38288
56444.6
91980.6
43558.9
55188.6
31884.2
67914
59461.2
58923
39426.6
54645.6
40312.2
60577.2
53222.4
48088.2
42516.6
63512.9
60628.2
56389.7
64465.2
37501.5
42800.1
60756
32953.4
47682.8
56218
32037.8
48164
57076.9
55201.6
57396.9
44190.5
58997.1
29625.4
53477
33705.9
40730.2
43246.9
36047.2
71561.4
51684.6
59487.7
31875.1
39560.4
67129.8
46311.6
37348.6
24564.7
36022.2
39865
41989.4
40408
32089
37312.7
59265.6
19754.8
63240.6
58239
44390.4
38111.9
31128.7
50584.6
39473
34302.5
45650.5
56009
29169.1
55339.8
37207.4
67820.1
24246.6
41489.7
35386.4
34123.7
19464.8
37490.2
68999.7
47467.5
53889.8
37808.4
55755.6
49910.1
35319
40844.5
29868.6
40949
62196.9
52913
46160.1
37936.9
56647.4
43118.4
50211
61071.2
32062.2
64159.2
60994.6
42375.4
60960.5
39626.6
37959.8
40702.3
56725.8
51181.7
37636.2
56268.7
44732.9
57699.5
33078.1
48169.4
38260.8
44529
41175.4
31680.5
41875.8
78992
49370.6
53816.7
61155.9
63369.9
45246.6
52307.5
65605.7
60737
51902.1
34582.9
51346.4
65771
43955.2
63117.5
55029
52204.6
55568.2
72023
75383.4
58279.4
46125.1
59527
46200.2
31202.6
93437.2
76727.5
72575.3
71642.2
49571.8
46017.7
65621
71916.6
51163
50387.1
54136.7
61308.5
63423.8
54113.8
51968.6
36052.7
39549.4
47519.6
37738.9
53364.9
49493.7
50963
29585
66943.3
44618.5
41768.6
50269.1
54989.6
42872.6
57292
48053.3
61815.4
29310
55675.1
59825.9
37239.9
35919
38578.2
33097.2
58358.2
55459.9
70441.9
49656.6
40008
55765.4
54758.1
44147.7
30766.5
36753.6
48957.2
54540.7
44269.9
50242.4
58391
55143.4
56800.2
43356.3
42781
31225.8
41417
56713.4
60540.2
75136.9
25662
33214.8
50065
40230.1
41427.4
49081.5
55419.8
63937.8
34670.3
66424.4
59500.6
59324.6
54427
54250.5
35492.4
44123.5
36286.5
55592.3
83263.2
62524.6
42236
39990.7
27234.6
34970.4
39092.6
35324.5
63496.6
41633.2
25032.2
42260.2
45526.7
27331.4
23648
23947.4
43712.9
33051.4
65058.3
54467.2
46053.7
31849
39118.2
46636.9
43772.5
58669.9
26327
23436.9
56986.4
26470.4
34891
35557
41623.1
39828.7
34492.1
48678
38089.8
53531.6
38871
72208.2
47121.2
22617
23639.9
41095.4
62239.4
62354.9
38319
36797.8
36441.3
24918.1
53407.6
36855
26707.1
27241.5
55618.4
39385.8
43813
38301
64492.1
26341
41863
49479.6
37100.9
53641.8
39285.3
71215.3
52386.9
37352.2
47583.1
45087.1
19531.1
42991.4
39775.4
36070.7
47070.6
43202.2
50694.6
32343.2
48485.8
48840.8
39518.2
42488.6
34934
32609
30320.5
77971.4
41346.3
51362.8
43793.3
59532
43352.7
33871.8
71867.3
51352.9
48846.6
44968
42817.8
56681.1
44136.4
62353.1
47215.8
34892.2
60738.8
98527
49388.2
65206.6
69720
51753.3
40754.2
40380.2
58585
49664.5
41101.4
42161.8
61953.7
31213
29516.1
44229
71379.2
55193.4
38875.8
79062.9
40703.1
48624.9
59292.8
42935.6
47817
45569.8
55927.4
40752.5
48929.8
48947.4
75478.8
57570.4
32375.1
52995.9
45096.4
48841.7
85731.5
47144.8
63059.7
40125.8
56087.8
28370.2
66115.8
54207.8
37462.3
54224.6
50736.4
48187.2
47633.4
43778.2
52502.2
58600.8
26559.2
37749
53899.2
43983.3
64196.5
35082.8
39077.3
36597.3
22382.7
43343
47489.9
30976.2
55655.8
29224
52759.2
49619.2
34883.1
47601.3
33514.9
74400.9
51888.8
38479.8
43975.6
38877.4
55703.8
35920.8
47114.4
48210
43570.6
28602
20685.4
62499
51714.2
51298.7
26283.5
44579.9
33975.7
42096.2
52189.2
43697.5
50422.2
63158.3
44029.6
47701.8
39662
37605.2
51342.4
44268.4
48590.2
44456.5
44461
47787.8
33861.6
61547.9
55947
34805.8
39448.2
33639.7
80951.8
54101.5
50121.8
40356.2
35890.6
35166.6
32772.8
36934.5
36028.2
49504.7
49810.3
42591.8
33821.4
20064.9
77588.3
49701.4
24973.6
34362.6
49649.8
46132.1
33157.3
77924.6
51533.5
38379
44077.5
48786.3
44383.5
47819.3
60950.1
34480.8
32853.4
28669.1
31258.5
46840.1
36317.4
46442.6
56413.8
50449.8
24821.7
59366.4
60768.8
34678.3
41481
37793.5
40627.7
48423.7
37009.8
34529.8
41939.5
34273.3
29706.2
57478.2
46828.5
61000.6
77915.9
42819.4
20719.8
39828.6
65095.8
43954.2
43895.4
61254
42046.6
30506
40279.8
81625
36263.4
39065.2
47385.6
54809.3
44990.3
54350.8
46970.2
38095.2
40834.7
69081.4
57282.6
37355.5
47056.2
78079.2
43485
49576.5
63461.7
74299.8
34461.9
61530.9
30229
49705.8
46547.4
47755
55092.2
30241
78788.5
38441.7
35490.3
59963.3
30410.7
45531.6
42840.2
55177.6
39062.9
59444.1
55429.3
65723.7
35083
50615
55850.8
45992.2
49697.3
35954.9
58418.4
46481
72499.2
33728.5
50659.6
73583
49375
42345.4
86837.5
44518.6
50280.6
54294.7
60634.4
25908.2
54499.3
65177.1
38829.8
48325.2
26561.8
36061
25710.6
57019.3
43686.8
31278.5
23212.6
63596.6
50594.2
48310.5
36647.8
62707.5
46731.7
44286.5
45228.6
61297.7
56711.4
34151.5
37910.8
38476.5
50329.4
49627.6
45266.9
35838.1
25172.2
28267.6
43196.9
35411.7
35959.5
32791.1
42592.2
62585.8
52675.4
47463.8
58452.8
28012.3
26587.3
55058.7
56574.9
39802.2
51289.8
39353
41961.8
24464.5
31502.3
33880.3
37487.3
42028.8
38817.9
28967.4
36146.7
52286.6
31738.8
37764.8
34535.4
50649
40416.4
39897.4
54934.9
48293
23245.2
33030.4
24537
30350.2
62547.6
56026.5
29371.1
70094.1
28330.2
52627.5
63752.9
38103.8
53979.1
40467
50493.4
42052.1
58872.7
48902.8
51794
42736.6
65852.3
27500.3
69747.3
40815.8
17073.8
57389.4
44227
53721.4
46661.6
50492.2
38499
40049.9
32238.1
38674.6
52208.1
34178.8
42025.8
53354.9
43613.2
46158.8
27473.4
39219.2
61885.1
59665.2
42684.5
65076.4
41245.5
68443.5
54291
54819.9
45418.4
38883.2
40112.6
60488.1
54935.1
33385.8
49218.3
46322.6
54311.9
37857.3
20660.6
37248.9
36302.6
28798.6
41280.5
39019.6
48368
46164.5
50353
40216.2
53272.3
46271.9
57315.7
37885
49912.8
34376.3
55390.2
41436.4
33410.2
60062.4
44286.6
32839.3
50156.6
64362.6
49373.9
46240.8
35521.1
26432.5
46200.7
57217.2
62149.2
47325
57719.3
52860.9
44454.2
43196.2
75595.3
35445.1
62162.9
43835.7
42917.1
49237.4
32945.1
46258.8
33579.8
41639.4
53258.7
40032.8
41474.2
32408.7
49009.2
55690.3
39733.6
44403.3
49891.3
37472.2
77460.4
67012.8
73971
56856.7
43739.5
61426.6
33510.6
62253.4
52208.4
56778.6
34811
88046.9
45485.5
35558.2
65425.8
83997.4
62636.2
41767.4
36068.1
55052
39606.7
41405
57068.2
77702.6
43936.6
56206.3
39798.2
43382.5
62196.2
59159.9
65045
29354.7
46683
43863.9
62728.2
70468.7
51548.2
70276.9
49061.8
56914.6
38378.1
87461.4
34047.1
44612.8
45568.3
51808.1
40894.4
55338.5
78134.9
44363.7
36587.8
63061.5
61242
91046.1
41363.5
45475.4
106706
54416.8
67469.5
39243.4
37732.6
37134
61844.2
51299.2
60987.2
60635.9
49173.1
54109
43291.7
67918.5
39969.5
56840.6
49312
65899.3
30765
30930.2
53695.6
47095.4
53932.2
67377.8
38508.7
42105.4
43978.6
39858.4
44800.1
30312.2
62111
73045.8
35104.1
81579.9
37203.8
47057.6
52809.3
49355.4
35512.1
25831.5
46682.5
45905.4
49420.6
67479.6
43682.2
44023.6
43442.3
57530.3
52578.2
54453.7
26203.9
59481.6
54380.2
65363.1
32682.4
39233.5
60092.6
43605.9
25969.8
38338.6
44256.5
45206.4
48051.1
28171.1
40068.9
59392.3
72151.2
38222.6
52547.9
39847.4
41688.6
50234.2
50796.9
60302.9
63903.9
66692.2
40904.8
45553
52511.5
93582.6
64223.4
38576
64302.6
69015.4
80699.8
51504.8
59958
48219.2
32756.4
78536.2
72688.7
51926.8
39069
92647.6
43200.2
77610.9
65884
74208.2
46422.4
52098.9
67922.4
49259.2
69670.1
50534.6
42553.9
28493.6
37705
71821
73207.4
60366.1
71810.6
27354.2
77100.8
43794.5
62422
51377
64861.8
50998.9
56725
55184.2
51310.6
59200.2
42135
27096.9
36287.8
62349.7
49786
58146.2
92294.6
72225.7
33395.7
44593.8
66072.9
53233
55523.5
44333.4
58298.8
73674
49658.6
60331.4
48979.1
49728.5
53586.5
60395.3
50463.9
66527.6
26917.2
44174.9
68752.2
55578.1
40514.4
98399.2
55103.7
40838.9
36631.3
53226.6
62866.4
67611.6
55741.2
67058.2
74995.9
77856.6
49448.4
38691.5
51027.1
63888.3
83760.1
55184.1
52668.9
61782.1
48627.7
48834.1
58346.9
49701
45768.1
49670
52913.4
45254.2
89627
66519.9
33278.2
47351.2
51693
38838.3
43504.4
32618.9
39633.9
54700.6
57005.8
48321.7
45478.2
47406.6
59886.7
35490.5
74109.6
60022.6
49303.4
45228.6
56065.8
35372.7
71019
47211.5
77037.8
61976.5
40636.3
46128.8
34904.2
70058.8
53684.8
45215.7
42805.3
54157.5
57815.5
37694.8
73125.2
48700.6
47695.6
69724.6
50669.2
26929.6
41852.2
66850.4
59497.8
30484.5
34280
61215.9
34595.4
45459
32754.8
54223.4
61105.5
69910.7
66628.2
51179
74367.1
57163.2
54003.4
49202.6
38436.4
75402.6
46280.8
54207.1
61581.8
53417.1
64905.6
69830.1
44804.2
52948.2
34315.3
66805.4
32283.2
48891.6
39016.2
50379.8
52558
60357.6
69377.3
40375.5
50445.7
52498.6
57027.7
50629.4
51374.5
51740.2
70062.7
47877
59979.7
71540.6
54387.2
52855.4
36578.2
58923.9
68896.6
56709.9
38028.8
39616.5
70638.4
54687.4
49848.6
31052.2
59880.8
41079.5
52198.6
57943
49482.1
53581.1
53423.4
72018
48709
50648.3
56544.2
34298.8
67251.5
48982.8
61112.2
31889.3
45642.8
55503.9
46766.9
53326.3
48558.6
37422.6
49558.2
44590.4
58110.2
52231.7
48959.4
44753.4
43734.6
44182.2
47436.6
46416.1
49569.7
45771
48426.4
73651.4
69762.3
66469.2
54862.7
54544.8
45015.4
46626
28985.1
70022
64364.6
62325.5
51884.6
52904.6
53019.7
48198.5
45097.8
68854.5
43975.9
55702.2
53346.4
51859.2
44779.4
38722.6
34082.2
60086.2
34719.7
45687.3
22219.8
28909.8
56741.2
44624.8
31811.6
58179.5
69363.2
41404.6
54069.6
26728.6
56915.4
41203
53922.6
39023.2
37376.5
47557.9
53346.4
38105
40150.7
48108.6
32616.2
48959.4
58800.1
52742.7
61914.2
38217
41433
48117.1
35821.4
58025.5
50633.1
84288.3
44521.1
36868.2
38998.9
31404.6
45708.2
37915
57502.8
45836.8
46642.3
38761.7
42604.2
41661.4
64416.9
38555.8
26671.3
29067.8
48511.5
33121.1
48382.2
54119
64852.7
40144
42002.1
39269.4
39696.3
79680.2
49268.7
36086.9
32465.4
35055
36118.4
58509.9
48891.4
67583.8
52407
39660
33550.2
39473.2
52670.6
48985.8
50328.6
31083.5
51499.8
36449.9
42135.2
45507
43433
37127.1
54148.2
66827.8
28385.9
53079
53601.9
47734.9
43014.8
29150.3
56463.6
52151.6
41968
55562.3
42530
27674.2
62873.4
64661.1
32446.9
63981.4
41754.2
40403.9
45775
60687.1
33146.6
66354.1
60980.9
65402.6
35033.6
21418.4
57911
62468.8
34637
39915.7
53728.8
64525.5
32454.9
40685.8
36671
32791.6
57213
37548.6
23912.3
51699.8
61679.2
38249.7
21134.6
47321.7
34636
21757
50830.5
42281.5
35839.8
50535.2
47559.4
55516.6
28430
36186.2
47921.5
30120.6
36883
38239.4
39209.4
23361.5
39733.5
31844.2
37200.1
48757
90160.8
35479
63603.5
44393.8
43089.9
26912.6
50944.2
31238.6
49475.6
34522.2
87923.7
67220.2
33176
41318.2
33897.8
62445.3
42713.8
59327.8
59848.9
39248.4
39192.6
49246.9
52591
78065.3
57306.2
45686.3
29624.9
54802.2
41277.9
43411.2
52398.3
68393.8
40423.6
24255.2
35781.8
49311.8
78804.5
38585.4
36675.3
50545
54382
35844.4
39456.3
47622.5
50104.3
72167.9
34571.9
63245.1
44782.5
55914.9
47306.6
44005.4
43244.6
72587
80225.6
44013.3
36821.4
63866.3
31957
35352.3
56444.8
45072.3
60481.1
77283
72803
71987
52189.8
43525.1
80198.1
50436.2
37829
63382.8
51733.8
55399.8
53237
46662.2
55855.3
47073
39507.8
62496.5
62007.2
65492.2
54738.7
60698.8
53159.7
33918.8
52082.6
49074.5
36677.4
68235.8
38086
43686.4
56941.4
82659.4
53248.2
73210.5
47329.8
28299.4
60627.8
78115.4
42822
73419
52548.5
66615.8
52349.7
52799.4
43508.3
84728.2
50726.6
62820.4
79745.9
44015.1
44100.1
77920.8
56698.9
45212
50688
30709.6
58903.5
31180.1
48164.1
39930.5
43270
43341.4
53754.5
45621.4
33142.8
45885
84829
51098.6
46870.7
67557.9
65883.9
30808.2
58514.6
54192.6
49334.9
72213.3
45859
43311.8
46122
53071.4
78405.3
32134.9
55065.4
47355.6
41376.1
50161.2
48933.1
82031.1
22055.3
51663.9
44313.1
47210.9
35300
44643.2
47437
56103.8
53128.6
56584.6
50773
54235.5
48598
37626.9
70929.6
48550.7
41229.5
61868.3
53278.3
52409.7
34878.5
35090.6
79862.1
48886.6
54088
43714
44548.6
40482.1
34490.4
95302.3
48019.8
35007.4
61176.9
50176.8
63321.4
54288.2
47993
57029.2
43261.8
73340.1
41737
35782.2
37284.2
55541.5
41387.4
44661.4
43518.2
39924.2
43195.1
45265.2
60747.2
36591.6
27573.3
27957.5
26344.2
62664.1
60961.3
86425.9
57727.9
25571.4
46751
47742.5
40811.4
45925
36402.9
40764.8
46061.4
52795
47158.8
37857.1
22370.8
36616.6
34073.7
36728.8
53764
42127.2
35596.7
31464
52865.5
48131.4
38826.4
26561
41426.8
31876.3
39729
45104.8
34180.7
49765.8
51822.3
48102.2
45991.1
44553.5
25256.6
69672.6
36074.4
47340.9
35647.4
40852.5
50712.8
45810.1
37656.7
44571.4
60411
43094.9
39137.4
24954.8
28621.4
45210.6
56489.1
54341
47545.2
45597.6
31763.2
32582.6
37276
43340.2
31792.3
54908.2
55458.6
45665.3
35580.6
66303.3
42354.7
25438.8
66148.3
52193.4
33088
34470.4
73143.8
38899.8
35934.2
44866.5
29675.9
38254.8
50016.5
40453.7
49503.8
44718.5
34566.2
48256.8
39424.7
59090.4
34348.1
40792.6
46839.7
40188.8
43013.7
33877.1
40087.3
44759.1
40567.3
36610.7
57277
43156.6
69917
62674.4
52699.2
44278.9
36192.6
47489.2
44084.9
51729.4
59287.4
47504.6
36850.8
66385.4
77842.5
50978.3
19277
59150.7
57709.4
47188.8
30562.8
73416.5
35020.6
42583.4
62172.8
63536.1
45293.4
77560
52623.4
50611.2
42742.4
41653.9
35934
61680.9
64120.5
58695.1
38644.6
42698.6
46313.3
54856.4
46630.3
46889.9
86506.9
40402.9
37559.4
36869.4
36497.8
42905.9
58653
44461.3
50882.3
67906.7
72364.8
59188.6
56067.8
61370.2
40030.2
46257.8
59227.4
39515.4
58019.2
68811
25792.3
44719.5
31655.8
35306.8
36383
49940.1
43369.5
42526.8
53339.9
51069.2
49620
28350.9
38497.9
49183.2
61985.9
38609.2
45973.6
45572.1
53168.6
48039.6
38325.1
46347.1
39639.3
65955
44624.2
36585.8
88478.4
29491.6
41905.1
52769
51625.9
53443.9
51300.7
41234.6
29916.5
54330.8
45607.7
48936
36785.7
71644.1
58124.9
45853.1
40837
34854.8
52960.6
70277.1
82733.8
38968.7
33705.2
32502.4
60583.4
35490.5
29531.8
63812.6
41265.6
34743.7
36501.7
39578.2
37742.3
37145.8
56873.8
80638.7
37797
52854.3
40711
32382.9
53935
45221
18432.2
40073.3
41127.5
43813
35735.5
46090.1
59646.5
54974.2
64847.7
33636.3
38224.2
41836.7
63828.4
48850.4
49732.2
44298.8
51362.9
44881.5
57967.5
48305
35856.6
72747.2
47337.8
58546.6
53652.6
37054.6
37068.8
35020.3
22400.2
37252.9
40735.4
42706.6
59797.5
62364.1
26772.6
67131.7
48739.3
64893.3
38523.2
30697.1
64296.8
25605.9
32262.6
61353.4
50303.4
56270.8
23659.1
42335.6
15618.7
33733.4
58137.6
45934.9
36205.8
68999.7
36933
49782.1
58651.4
47383
72012.5
64254.2
51604.1
50062.2
55363.7
51927.4
86371
41552.4
55344.2
49381.7
37245.7
39107.3
100562
39542.2
52993.2
38384.5
39410
41412.6
44931.8
60057.4
44699
42614.8
55447.9
40671.7
71291.1
53826.1
50471.6
51965.4
61700.9
51457.8
50985.8
40535.2
40278.3
48444.1
61719.3
43280.2
74873.4
43114
38075.1
55453.4
52588.8
62023.3
62380
44875.8
56683
40314.6
53893.8
38545.4
34371.4
55305.4
51716
58644.8
45820.4
22982.8
51716.5
45817.9
61865
52506.2
25173.4
44270.6
61467.1
45871.7
39245.1
43657.4
35569.7
47584.6
37155.4
50732
65204.6
53972.9
27912.2
72361.1
55072.6
38045
33459.3
46990.6
47195
40532.1
35221.6
24296.2
36961.2
31445
59823
74181.3
48249.6
36593.3
39845.5
57944.3
39110.2
37169.2
63425.9
41036.8
79757.7
57135.1
52444.2
61298.6
43191
30717.5
45750.4
42423.3
47361.4
62178.6
59216.1
73042.2
53966.2
66742.6
50968.4
54999.5
58738.2
43114.5
44657.4
63105
44049.9
55146.6
62553
51749.2
50993
38927.9
48042.2
53320.3
89065
37307.5
40433.4
30272.5
38368.2
45091.8
45157.6
86698.9
50783.8
81231.3
26383.2
36946.6
52214.4
38466.6
42633.3
67221
47463
55365.7
43650.4
31261.2
42213.6
34525.5
39700.4
62702.2
64193
57833.8
44989.7
32868.2
38231.7
55206.3
45187.2
32506.8
48460.5
55689.7
51118.9
44854.7
56733.9
63834.2
50434.3
56772.1
31261.2
43456.6
72383.9
67855.9
45755
66936.1
52991.7
48073
31947.4
57749.7
28609.8
60981
26172.7
80070.2
54575.8
30249.4
43276.6
48408.1
37847.2
39015.2
46590.3
61555
56171.8
69206.7
44459.6
55891.1
52181
53336.2
30630.9
40613.4
61283.9
67586.8
48013.3
45929.3
64248.2
35199.7
35199
38852.7
43002.2
59455.2
43126.3
70072.6
47697.1
50020.5
35208.9
47793.2
56635
78938.2
33141
54701.8
26283.2
38888.8
38114.4
64575.1
38559.7
34006.7
19561.4
44500.7
39739
25775.7
35645.9
35951.5
62360
40759.4
42013.9
36148.2
71616.4
28318.2
44817.6
40109.5
51724.8
35115.8
32104.2
56994.6
43534.1
42450.8
29366.6
45518.3
40251.8
28900
50656.1
44084.7
70679.8
55063
56708.4
41657.4
56133.5
50551.3
37177.4
53439.2
45136.3
63219.7
38008.2
65896.7
34756.6
34614.1
46616.2
23040.9
68149.8
75142.3
54184.2
54404.5
42763.1
32932.2
49675.7
44658
61148.7
29889.7
48902.7
43973.8
36102.1
34662.5
29115
43912.4
55630.8
47179.4
43521.6
39186.4
45623.8
42764.6
58080
23841.6
43757
96722.7
33705.9
26871.2
35702.7
45500.4
64161
37052.1
66191.4
50220.7
49494.6
34340.5
49677.4
67276.2
37082.9
49323
52842.6
37429.1
49694.5
70908.6
73030.1
48410.5
53519.4
55253.4
80208.5
51393.4
43924.2
57935.9
50226.2
60232.9
59008.1
35459.6
64839.2
39056.2
73066.8
46179.8
39892.6
26210.2
30383
32349.7
37163.4
41818.6
37829.5
39388.8
29081.1
31585.8
49918.2
26185.8
26543.4
44676.3
41819.8
55039.4
39274
50267.5
33870.9
59042.6
47721.8
34228.6
38519.6
38998.7
56348.7
30872.6
19085.4
44353.4
29776.1
67577.8
62353.1
40142.1
39753.9
61294.6
98236.9
48049.3
51162.8
39949
40129.8
50375.6
38801.4
86613.7
36221.6
53277.1
58268.2
26477
47874.2
47330.8
79499.6
23319.5
39790.1
41502.8
51536
40954.4
45268.2
55151.8
24301.7
37073.5
69392.4
51653.6
71969.4
53995
51543
31924.9
48583
24766.8
44827.9
40655.1
39532.6
44240.5
51635.4
44460.1
58503.4
45914.2
36664
34741.7
74778.6
41955.4
38064.6
37793
37903.6
56942.3
54917
58695.4
39891
52217.2
46290.2
71197
39741.5
59901.9
58291
51598
45220.5
35753.1
54494.6
31288.2
54533
41714.7
49895.5
42569.2
54386.5
53116.4
48989.1
47076
50750.4
68220
44560.8
37265.3
38801
31119.7
31319.8
45459.2
39414.5
47016.8
50076.4
35895
50216.2
42342.6
31465.3
42534.6
53260.2
64900.5
54118.6
79281.1
39008.7
28403.1
67172.6
20315.9
23226.6
41219.4
38462.6
40617.6
49191.4
51940.6
51269.4
27891.8
72121.4
28838.7
43633.9
44542.2
54077.7
35547.8
54994.9
57258.9
58406.6
59253.8
50283.8
30031.8
48835.3
60603.1
60540.9
33594.3
34010.3
40829.1
34107.4
37061.3
47592.7
57751.3
29425.8
54096.5
39851.3
27705.4
50767.1
40740.5
35526.2
46216.1
44809.1
64887.7
31997
54401.4
59456.5
76099.5
36775.4
52503.5
31396.5
48883.5
43661.7
21940.7
45452.2
57245.4
56447.8
47153.8
34000.2
60047.3
47200.6
57709
50514.2
30344.6
51750.1
41961
59487.5
39931.8
47030.5
19611.2
50079
51222.2
51060.2
73382.6
51703.7
41618.6
22292.5
64814.9
30440.8
23114.6
50957.6
37640.5
49528.3
31463.7
26032
29749.3
19499.8
59455.9
56221
53513.4
64854
49399.8
49205.8
30936.7
32673
47863
60171.5
39422.3
45704.9
26347.1
31039.5
64033.2
35096.4
53318.5
43971.8
49137.4
35364.7
34704
37469.6
59146.2
34633.5
65265
55588.4
46894.6
30633.8
45045.4
44021.3
47556.2
58208.5
38103.2
49537.1
28981
16765.9
35885.9
59007.2
50348.2
83050.7
42164.6
57611
36368
46774.6
51147.1
74919.6
37308.2
36041.8
56427.3
102278
60929
47020.6
45751.5
62200.8
62357.1
21852.2
66999.4
33425.9
37314.3
46649.1
53356.9
65852.9
47639.8
49740
45352.4
73686.3
45946.2
55608.2
56218
33235.7
27109.4
56411.6
38137.8
37195.5
36721.1
33411.2
53155.4
49791.9
65448.1
68063.7
47095.6
42609.5
47272.2
41502.1
47184.5
54617.8
54319
52319
51405.8
39190.9
43779.4
57925.9
56305.5
53882.4
41516.9
33915.7
42732.8
42932.7
68508.3
37752.5
28139.4
36521.4
41465.8
58568.5
46091
28314.4
49641.5
85971.3
39879.4
37552.9
49999.8
30341.3
44416.7
83630
60405.4
46591.7
38235.6
36380.1
43873.4
57210.2
35595.2
38911
47620.2
37403
38447
33201.8
52476.3
50633
61410.9
45003.1
25390.2
48309.1
38353
43153.9
37991.8
50664.1
39433.9
35580
49203.5
33356.2
39062.2
57548.3
32597.6
29043.7
47057.4
33060.1
29575
46768.1
53113.1
41092.5
34677.3
40805
43700.4
40385.4
49995.1
24044.6
47536
57772.2
51137
51973.2
35579.7
31876.2
53165.4
44703.8
49358.9
38491
36787.4
62804.3
40550.9
48659.1
86019.4
47917.4
48223.2
40206.4
35527
56965.8
34328
38089
48254.9
28454.3
48940.8
47688.7
53880.1
54331.2
51291.1
58345.4
53123.4
60557.9
42530.4
64772.2
45628.5
55845.9
41439.4
53389.4
53681.9
52109
67773
53423.4
65390
86619.1
49171.6
49062.2
57955.4
51134.6
43809.4
50707.4
42653
44936.6
41108.4
60372.5
42458.4
58112.3
38834
23913.8
52470.3
35362.4
62548.2
39255
30510.9
71987.5
45277.4
52718.2
64316.2
49854.3
43837.1
41177.1
42658.9
70592
47510.4
50335.8
42143.6
45427.5
70566.2
37294.1
60918
61073.5
56039
34204.6
45499.4
63530.5
44967.8
67042.8
50375.8
31924.2
34321.4
65616.6
72461.5
62014.9
49283.8
25861.6
40645.5
51592
37256.4
40478.6
37119.8
49093.7
41980.2
45907.9
62770.5
46190.2
54322.8
40442.6
45009.1
41002.1
65012.4
56363.2
78350.1
42943.3
45090.3
56823.9
61321.6
43766.2
49427
58370.1
38631.5
46259.8
35444.4
62309.8
33151.8
66558.1
44520.1
56922.9
66807.1
47030.4
33111
40472.1
51482.4
55319.8
62822.6
50986.9
23399
37214.2
52620.2
34524.4
49607.1
33720.6
27657.8
37905.3
46108.1
46502.7
53885
41521.8
60160.2
46996.4
40708.5
56633.2
60880.2
40435
65305.3
33708.9
52341.8
33223.3
46523
41558.2
42444.7
27930.6
46872.2
56169.8
71983.8
27959.9
45275
62692.4
48165
61228.5
83377.3
78434.2
75108.3
44006.8
49998.1
37118.2
44717.1
65903.7
37997.6
62121.8
56441.8
58248.1
43866.3
56421.8
67315.8
32925.8
57060.2
43583
81547.3
54782.6
58505.8
60770.4
42387.8
56736
60431.4
42383
67550
47596.5
45467.9
64145.6
63418.1
77924.9
55531.9
59213
58344.6
52319.7
68216.6
57461.4
61440.2
53422.7
57370.4
30613
43173.2
54696.6
57770.9
68731.4
42847
36240.2
43882.2
59335.6
54492.7
34086.3
92158.9
33991.3
76350.9
21851.9
34023.8
72616.2
46169.1
43745.9
34161.8
42719
74607.4
73659.7
41899
42450.7
52291
47924.7
36715.5
50608
34608.3
59116.2
50584.2
63568.5
40967.9
65013.6
40890
32774.1
49259.3
33612.4
37297.1
46457.4
20159.7
52299.8
34040.9
43525.8
80760.3
49193.8
34617.8
48083.6
32638
43269
49700.7
43776.9
41898.9
39280.9
64047.5
30008.6
68898.4
53550.7
37026.4
58818.2
46362.9
62763.4
46064.2
42915.4
51388.5
52967.1
50618.2
70708.2
52792.3
39386.1
41570.7
38936.4
54227.3
63475.5
45734.3
42363.9
47315.2
56719.2
51259
53120.4
78754.3
31311.2
50202.7
41105.2
59765
43635
46592.6
39412.7
44270.9
33513
42821.5
49636.4
37625.3
50271.3
50327.8
58596.4
36060.6
41174.7
44359
57505.4
50594.9
39320.8
45929.1
54998.4
25811.7
33645.7
37334.9
55350.9
60013.9
32039
41635.6
53141.7
43655.8
46719
51652.5
50805.7
58084.4
48886.2
43523.4
71814.6
35518.3
33293.5
55399.8
46483
68514.2
100275
67848
45900.9
46300.3
76298.7
55719.4
46942.2
58242.2
64935.4
40398.3
68383.7
47332.5
46032.2
33371.4
57432.8
41643.9
51195.6
69763
31988
49667.7
41230.8
51611.2
53880.5
40698.3
67411.4
53307.4
38836.7
36227.2
33579.3
37595.8
43298.8
47978.2
44261.8
54858.1
27052.3
42216.4
70438.7
33910
36805.9
42810.1
37786.8
37063.8
28840.6
26602.4
47603.4
63014.3
30193.9
41145.4
36190.6
37231.8
60630.9
45470.7
58757.7
33533.6
39895.1
52955.1
42658.9
48027.8
48395.4
65800.8
42525
47878.3
62625.8
54305.9
34412.2
42828
41153.9
40593.7
56797.6
44219.8
38103
52742.6
27231.8
33599.9
46145.1
39136.6
38339.6
45203.8
35429.7
47315.3
46617.8
50583.8
44666.6
49816.8
44979.7
63211.9
43328.3
55426.6
30308.9
41055.8
64793.4
38040.1
39161.3
71698.6
39294.5
63035.1
53795
49562.3
52468.6
46994.1
38455.6
61383.4
54559.7
61755.4
40501.9
40846.7
45361.7
72863.5
56114.2
59797.4
38048.1
29797.2
49307.8
42696.2
72391.8
44081.9
48896.9
49929.4
46423.2
48725.1
66605
51961.7
32210
38452.6
77829.1
59884.8
39230.8
54511.6
36577
46187.2
42314.9
34605.8
48353.4
46639.8
58969.5
95652.3
57961.5
62844.3
33628.7
42156.8
36139.1
79165.1
69827
34857
57273.4
35512.6
73684.7
40634.7
46840.4
62078.8
56148.2
40985.8
57058.1
70621.4
38564.1
54852.2
46597.5
39773.6
60270.5
38453.9
33329.8
41659.5
45516.2
73025.8
55436.3
37158.2
29617
35810.7
27445.7
72310.2
56185.5
42944.6
45042.3
52123.5
50015.8
44702.7
47874.2
37227.8
55373.6
44371.4
46911.6
56277.4
71700.3
40873.6
58599.3
37881.7
59469
41297.6
69839.9
51933.8
52745.8
31095.7
64885.1
52611.8
49109.4
63302.2
52085.6
101691
43880.9
91112.7
69782.9
34744.6
65996.6
49174.3
34531
76338.7
66056.3
54175.4
47153
80100.6
36092.7
59148.9
48848.4
47559.6
52162
45257.6
42282.2
46401
46647.9
54937.3
58568.2
60977.9
30521.7
78209.7
46036.2
41758.9
59223.1
62655.5
45001.4
74175
69734.8
57336.3
44767.4
57368.4
62813.7
45309.1
67599.6
36216.2
48131
47620.2
31163.1
35631.8
44354.6
63128.4
37638.1
44094.3
56105.2
45645.8
77790.4
44374.8
47844
47030.2
52455.8
47132.2
82982.6
36354.8
31603.4
53626.2
60267
43821.9
39572.6
73447.9
36583.5
83206.4
73723.9
45465.6
42543.5
65512.9
68417.4
45312.7
41438.3
47199.6
55070.8
57760.4
46502.8
69718.7
61331.6
67555
34922.3
82833.6
33117
51219.8
61221.3
42294.6
55900.7
64154.2
55279
55627.7
46909
48492.6
31767.9
56649.8
45376.5
27994.2
37724.6
68525.4
44962.4
50353.4
57656.5
65784
81061
65354.6
36579
55111.6
55225.5
62753.8
57557.5
51005.7
38965.5
62927.6
47893.4
52020.8
111709
50561.7
55955.6
84596.6
62017.2
57147.3
51048.3
35517.7
56237.9
36323.8
71819.2
58168.3
61416.6
62256.6
92417.9
58855.4
88366.6
39161.4
40116.8
87972.9
52493.6
52619
63307.8
74895.4
34726
68506.1
93221.1
64378.2
52231.6
46192.6
69898.2
53962
67010.6
95456.8
32815.4
35960.1
52947.3
46098.6
95435.8
34189.8
59215.4
64192.9
48395.4
56041.8
50791.7
71564.1
47664.7
46835
45455.7
43202.6
40355.1
49236.9
71611.1
57822.1
30772.2
32129.4
24819
32242.4
50210.1
55693.1
49083.5
32050.2
37622.6
46981.6
49759
33719.4
57347.9
36262.5
75822.3
45749.4
59929.8
66205.8
47151.1
26901.7
28773.4
45729.9
61139.4
58677
53395.2
32532.1
57422.8
44389.4
58769.5
48367.9
52265
38740.9
68106.3
64146.3
39754.8
52729.6
44278.2
34816.1
75460.6
43441.4
43507.8
56727.5
48280.8
44739.9
51281.8
83902.4
54696.2
30555
51981.4
59724.5
53663.9
58259.2
44260.6
66421.4
54357.5
73084
52214.8
50941.1
55314.5
79055.2
45372.1
39066.9
49446.6
19987.4
43627.5
55908.2
41074.6
40522.1
54935
66510.6
45275.2
49521.1
60124.6
53587.7
51964.2
58713.7
51138.6
55371.2
42404.2
48093.6
58642.7
41071.4
36655.3
90404.6
56088.8
38804.1
48630.6
41280.4
64051.8
35129.3
57172.7
35202.3
38562.6
40990.7
30523.5
56880.9
45333.4
51473.1
38583.4
47531.9
43030.2
59073.8
33287.4
50370.1
43363.4
52116.1
55377.8
39639.3
52588.2
43746.2
52858.6
35055.3
50295.2
30380.6
33902.5
36260
50890.9
57908.2
64180.6
41935.6
53995
37074.6
66286.6
47256.5
36465
69587.4
31289.7
50080.6
52939.9
29469.9
45926.2
47960.8
54889.7
59014
64360
51180.6
39025.8
31025.9
48013.6
41578.6
76699.6
60165.4
32808.2
56060.9
36655.1
51552.6
44879.5
58731.1
46891.9
36580.2
38288.5
65644.4
46287.2
54255.4
55431.8
80053.5
31431.6
38211
61588.7
40350.9
58903
78567.2
36658.7
80570.6
42741.2
53660.1
35837.8
69513.3
77330
57966.5
47923.7
59351.2
41592.3
46258
40755.5
71828.3
41148.5
47273.4
40676.7
42374.6
28832.3
32772.8
39027.4
38410.1
42726.2
61765.6
29952.4
55340.1
38682.2
69033.8
34924.4
51132.6
64188.6
53647
31714.7
46274.4
61337
57544.6
46904.8
37646.6
48797.8
34247.3
49722.3
34983.9
56682.2
41486.5
38019
85163.8
34207.5
44308.4
47000.6
60327
48643.8
71973.6
49444
42468.6
81580.1
24020.8
65731.5
61026.5
47045.6
32336.2
31458.1
45285
61476.8
45913.6
70500.4
58787.6
33584.2
40277.1
60213.8
55373.8
64945.4
44075.1
34461.5
54636.2
45721
32976.7
62604.1
38615.1
45214.5
41623.4
35431.9
42562.6
74600.6
49285.4
67960.6
58117.3
58292.2
45273.7
36304.8
61990.1
48034
57571.9
45988.9
42743.1
25825.7
41508.6
66976.5
40472.9
73502.9
73170.5
35322.2
48641
36511.3
63617.3
56148.8
45675
31770.5
51300.4
31631.9
38181.7
53696.9
32966.1
34052.2
30565.3
47956.8
47358.8
56827.6
50241
31262.5
21039.4
30644.5
55986.2
25103.9
37638.4
40604.7
28518
61134.6
68511.5
32621.7
57903.6
39652.6
34302.9
51571.7
34554.6
52438.5
35425.9
30714.6
38826.9
41927.6
51169.6
47296.5
53064.2
70826
48137.6
34020.6
45350.5
49243.4
44720.9
43886.8
40749.5
47497.1
59246
25466.3
43920.9
34296.8
57770.2
38163.3
72567.5
42419
58596.6
38639.7
41108.4
40748.2
62539.5
68516.2
48965.7
37325.7
66757.5
47192.4
50631.4
43748.8
24263.8
92657.5
43959.8
34923.7
39528.2
56339.4
37133
82807.8
64712
37893
30354.6
60865.6
60844.2
57072.8
53308.5
52978.5
28464.2
37706.7
30954.2
31954.3
39134.3
67293.8
40075.5
64096.1
36867.2
66846.7
27769.8
31971
53226.2
28907.9
38458.2
29986.6
40545.6
41669.5
27587.8
36032.1
34529.4
53273.7
45932.6
53743.8
51319.1
27046.1
49445.9
30033.4
49713
45815
40422.3
51521.1
47928.6
40154.4
31092.8
57424.8
48597.3
39182
39583.8
60030.6
41338.3
48133.5
55802.6
31830.7
38300.8
39244.3
41536.8
51462
32726.6
23922.6
53078.8
43410.2
28835.5
56267.8
48538.6
30210.4
27032.2
57816.6
62099.8
28244.2
39782.7
40331.7
48904.5
61066.6
42273.3
31091
42815.4
40492.8
77569.1
50810.6
27448.2
47582.8
52702.3
63901
41072.2
41826
46353.4
42165
50406.9
47640.6
28007
38401.8
44739.4
69405.5
71875.6
66045
31548.2
47985.3
54674.3
45387
81538.3
39650.5
51371
44294.9
60144
29341.6
58915.7
37973
40959.3
56746.2
51625.8
41471
56712.9
58436.9
49484.2
48455.9
51640.1
53530.3
48667.1
55691.1
65478.1
59641.9
49491.9
67982.4
43613.6
56990.2
48543.7
41476.4
26715.8
55836.5
62670.5
78704
54442.2
63613.3
28737
45880
55155
60681.3
44477.4
35877
82575.8
40842
65459.7
40729.6
66225.8
52588.2
62539.3
61007.1
53644.4
46000.7
78086.6
95079.8
55031.8
43832.4
74977.5
60276.2
42636.9
42649.3
66627
49729.1
53023.2
73987.3
40795.4
37331
52640.8
56452
38139.1
38652.6
57592.6
63756.7
75297.1
51734.6
58976.5
74590.6
70739.6
49030.8
56385.9
57796.9
56898.4
48188.6
56557.5
50528.1
70242.6
63972.6
52989.8
62093.6
62191.1
63218.3
41223.1
26857.7
52051.4
56372.2
55271.6
47554.8
54272.5
59575.1
59787.2
71755.2
56126
41316.4
50009
36262
38895
67333.9
56746.4
50590.6
69297.7
68485.9
58600.3
55749.3
56365.6
49191.3
43687.6
51361.8
34368.5
52977.4
68835.1
35042.5
60377.3
49170.5
41572.6
50776.3
59988.6
49461.2
47728.8
44832
80241.4
59819
43263.7
65807.4
35002.1
36413.8
44078.5
41253.6
43262.5
55911.6
41495.4
67064.5
41780.2
35595
52224.9
40814.2
60033
44507.9
73009
31195.4
42697.5
33737
71204.8
35545
55509.8
84942.9
41586
48947.8
96333.9
68013.4
55953
38084.6
58446.6
39048.5
37207.8
64719.5
46819.2
61921.2
53705
91541.3
62580.4
45676.4
71763.3
45400.7
58792.9
46438.5
39033.3
32892.9
41305.3
56318
38334.5
60640.2
66560.8
50520.3
46288.2
44281.3
53794.6
33129.7
48615.8
56644.1
56648.3
45206
54586.3
37420.1
39711.8
41267.9
46208.5
63865.5
56554.9
42499.3
53239.3
45851.4
27426.6
86859
84465.8
66042.7
38909.3
37053
51367
73811
54403.4
66587.7
55416.4
31578.2
33653
51174
87490.6
40299.1
51206.2
29697.4
70500.4
40309.4
53414.3
44614.4
29352
44417.4
56930.7
45279.8
52154.6
57079.4
51110.5
46403.8
33850.2
28259.8
84852.9
40456.2
44896.6
51193.1
53445.1
47201.3
48081.6
34365.6
46140.2
54818.3
40615
41852.1
38038
19059.5
47833.3
51655.4
70864.2
38628.6
36169.2
50599.8
57373.4
66643
52420.1
37861.6
56183.8
33870.2
43756.4
59333.7
31072.6
54723.9
41464.5
40074.3
45519.6
36977.4
33882.1
44323.4
52246.2
46466
57172.8
44157.8
91274
67908.1
35618.7
37374.5
54926.4
45126.7
52514.5
40527.8
75185.1
48893.9
59819.5
76493.1
58787
62863.2
54205.2
23830.2
37818.8
37385.3
40321.4
34183.3
35004.7
49182.2
54171.2
40542.9
74812.2
70042.2
45479.8
26751.4
63323.6
46174.6
54627.1
37171.2
78207.6
56727.8
53366.6
36159
25168.3
41312.8
69084.9
70977.8
42198.6
42348.6
33908.5
31919.8
38827.8
33851.2
58893.2
28652.3
40713.7
32625.4
33644
26976.6
31561.9
41515.8
38630.1
26065.2
50315.4
47303.7
36024.6
47419
41134
54178.8
53913.6
35219.9
56002.3
57239.4
46410.6
46299.5
50292.6
30740.1
26826.4
33883
21982.1
51635
41435.6
21290.6
56647.4
50785.2
42812.6
54037.7
32149.7
53740.4
28951
29755.8
43935
54743.2
42448.2
49061.7
48518.6
38086.1
40843.8
35748.1
37785.8
56464.1
40594.6
38496.7
50907
23498.3
27930.2
57496.6
53372.5
45781.9
42393.4
57286.2
57893.7
43729.8
45038.8
67287.4
41617.7
48442.4
45565.5
48014.6
38491.6
51958.6
41297.1
61887.2
47535.4
48592.7
35526
50168.5
43486.7
44476.8
55589.9
33194.8
41662.6
36267.5
45983.8
43500.5
40826.4
73130.4
37017.7
40489.3
28861.5
63603.2
24178.8
64325.3
33124.8
59783.7
46012.4
32975.8
55046.1
56888.2
35079
59499
52268.6
53838.1
64097.4
61127.4
65493.1
42301.4
44039.8
79448.8
46259.8
54017.7
66018.2
62030.4
46635.7
42043.4
55761.4
57858.9
40381.8
55523.1
69190.2
26793.8
38807.4
96510.1
72133.7
43742.6
52976.4
23393.5
65191.7
46677.6
34495.4
59524.8
45389.2
39415
54406.9
31662.8
41359.4
68120.3
54428.8
50631.6
47879.2
51164.5
53307.6
44919.6
52514.5
51247
46715.4
53572.7
43319.5
60094.4
27832.6
66638.5
34177.6
39604.6
53661.2
39151.9
59331.5
46902.2
58973.8
28906.4
45761
37761.2
32847.9
49172.6
64321.2
49836.8
46868.7
52925.3
42754.2
36562.8
69080.7
50470.2
27006.6
60876.7
49643.6
58157.4
58949.8
42004.6
42670.2
37011.9
55163.5
64838.3
51706.6
34549.8
67520.7
42848.8
59760.1
72908.4
48439.5
47265.6
58250.7
27625.4
46267
32314.7
45545
52476.7
43565.9
45415.9
84253
53884.4
75359.5
77760.4
31531.2
43411.9
58986.6
54996.5
56780.2
35925.9
47357.4
47788.8
42837.9
76961.4
69796.5
39598.7
59629.4
52738.1
52238.2
52161.2
52523.4
51411.7
47107.5
37641.8
44039.4
74132.6
37195.1
36252.2
37212
36721.6
66636.2
58619
36105.5
41691
49402.9
41589.6
35832.8
48484.6
55519.9
40174.6
43256.5
47456.4
58530.8
42441.7
64802.4
31227.2
49569.2
75391.8
30376.5
52595.8
31178.1
22662.1
46482.6
54406.9
57315.6
32690.5
24716.3
36747.8
49456.9
49158
38090.4
72941.6
44769.2
29234.2
41103
47836.5
41630
57289.8
64418.6
25174.8
30937.4
59880.5
28799.4
50927.6
35341.4
35310.2
19534.1
51630.4
44387.3
37126.9
28827.1
35992.1
41274.2
58287.1
44309.5
35789.3
28127
38254.5
47954.6
61162.6
35403.5
34668.4
66980.7
45843.1
33298
38453.8
37159.8
33263.5
34942
42980.6
48330.6
38918.6
37583.8
45237.3
46124.3
29159.6
28169.5
32314.8
26602.5
39792.6
55567.2
46008.3
17996.9
33628.9
24528.4
27639.6
58683.8
40963.5
48797.8
29786.7
31076.2
46175.4
33911.4
38098.7
36530.1
68533.8
23559.7
39016.6
17916.4
32209.7
36950.9
22578.3
59944.2
26472.5
40930.2
24592.7
45712.6
43278.6
48344.6
41795.3
41971.4
36048.2
74143.4
38240
38277.8
40453.1
20782.1
63127.2
51018.3
59463.9
21697.1
27639.1
30666.9
37656.1
44194.3
73219.9
50313.7
55429.1
29485.1
33665.8
34915.3
55676.2
64984.7
35508.3
33284.1
46171.1
35677.4
47170.5
27822.2
44078.6
47783.5
53166.1
24535.3
29818
58712.3
40223.4
37571.7
59792.2
39798
44617
27198.4
32223.3
37262.1
44822.6
32739.4
20280.9
37764.8
43598.2
50770.2
56187.7
31526.2
52036.2
50425.8
42898.9
40261.8
50877.6
32624.9
27705.4
37388.3
47354.4
44948.4
31348.2
36256.8
31580.2
35695.4
40411.3
35668.7
19862.2
23999.1
33891
48886.5
42943
57913.8
61036.7
51727.3
49341.7
28327.2
42096.9
29625.4
50863
34612.6
52174
48279.3
36985
30038.2
89785.8
41912.6
48165.8
36658
54306.2
56365.4
42853
66788.1
47489.4
55390.3
49071
45773.8
59504.3
73705.9
38558.3
82601.4
46698.6
53623.8
63682.8
39447.5
62212.4
78730.1
49616.3
53029.8
44309.3
49337.6
36827.4
47168.3
46395.9
38911.8
55376.2
52561.8
43034.6
80552.1
54275.8
38561.5
45117.2
58934
68645.5
46775.7
29929.3
53690.8
32753.4
40657.4
52396.4
70818.6
64984.9
62257
46601.4
55382.6
54023.3
61751.4
62434.4
64608.2
26136.6
42651.5
47771.4
45519.5
28725.4
61594.2
50642.2
48541.9
33579.8
40682.2
60537.3
41034.2
30480.6
57542.9
39493.8
43946.2
31818
28927.2
53172.6
31148.2
33540.4
57053
62201.3
71736.2
31727.1
34490.2
36928.1
56914
61451.2
32679.5
26076.8
57999.1
60472.7
45141.5
36866
58850.3
35880.5
35901.4
43604.2
33214.2
57742.6
46535.6
64875.3
51871.4
68884.6
49707.4
50227
58006.2
25816
53120.3
49279.5
34451.9
24028.9
36127.4
51837.4
42666.4
55345.4
35654.5
29458.1
38300.5
50123.7
20925.4
55808.3
43350.7
43649.6
40168.7
58707.1
45423.8
50432
20072.1
46434.8
32154.9
50247
42473.4
55354
55703.2
49129.8
44019
77009.6
47550.9
59230.4
57447
44061
38774.8
58954.6
66922.8
81381.3
39604.3
50140.2
48486.2
47118.6
46930.4
38458.2
35229.7
57431.4
52110.3
45064
45047.1
61655.2
57112.6
63887.4
65237.2
47741
60476.4
58546.9
46846.2
36311
75021.3
54166.6
66967.2
37357.8
24314.5
58617.2
56500.8
69126.8
62223
26745
63823.8
38048.2
44497.3
56092.1
59812.6
38270.2
55767.7
67795.5
38654.5
84612.1
37858.4
32476.5
45286.3
31251.2
38733.6
73582.6
58008.4
47600.6
66149
35208
52399
50204.3
77293.3
53097
51834.8
58908.7
67614.1
38450.6
56052
40367
41095.8
52830.4
50907.9
54372.9
55574.4
32097.8
66346.3
88503.2
69799.8
73261.4
49110
33013.4
59695.2
31833.3
43312
51929.8
71722.6
42748.6
41460
26689.5
58651.1
57958.8
67578.3
47501.7
42281.5
46795.4
55572.2
76498.3
60911.9
53991.6
35831.7
65207.8
41141.8
43076.4
39555.8
83503.8
58218.3
49453.1
46777.4
36337.3
31344.4
42548.3
47273.6
37642.3
36004.4
52280.1
34640.1
41141.4
55991.3
38714.4
42808.1
69010.8
37129.5
47079.8
30711.9
45205.8
26492
64120.5
79059.1
41762.2
44246.6
39371.8
28546.7
57231.9
29727.4
44420.6
53812.2
28737.6
68696.2
40346.2
64558.2
47666.4
33304.3
20641.2
45830.3
37766.6
73583
54344.8
34689
41244.6
43693.2
32194.6
39659.9
51637.4
35083.8
42096
23932.1
36839.9
31879.9
55127
26091.2
46810.2
34569.1
65180.2
49604.2
51243.7
66549.1
50760.7
27284.7
54141.9
54700
55539
50535.4
46669.2
79135
49724.2
59907.9
58342.2
49003.2
39435.4
54280.7
58090.7
42186.5
51615.1
45178.3
50957.8
52914.5
51909.5
51218.3
41305.2
69564
63899.4
72717.3
28155.6
50205.8
63260.6
45708.4
79975
43389.2
72850.8
38573.4
44667.2
55178.2
37347.4
52240.3
44629.2
40083.4
43769.4
97608.6
33009
35308.8
46331.4
47454.2
39794.8
59917.4
70099.4
56100.8
63301.1
32837.4
30967.5
38597.4
54780.1
51457.9
64083.8
38733
52143
47329
53822.6
57690.1
44855.8
23274.2
71486.3
34458.5
58212
52362.5
69142.4
47034.2
41083.9
40212.2
40229.6
27654.1
51081.8
45040.3
46005.1
66764.4
39892.6
87865.4
32403.9
52951.7
68564.2
61807.8
57353.4
86086.6
36451.1
41196.6
64479.9
59880.7
54520.3
65337.8
61295.6
106323
58030.6
69174.5
59824.6
70616.7
81107.7
64132
34405.7
65025.4
74262.5
42372.4
53187.8
53864.6
47883
62024.7
43474.4
40933.5
53769
65475.8
56943.4
64412.7
66153.7
74212.7
64204.6
53950.8
29749.3
54228.6
74111.1
46042.6
83268.2
35681.4
44807
46101.9
48821.4
51731.8
47562.6
35030.9
54438
40369
60324.9
48356.5
63838.6
46231.3
74178.7
65363.4
60320.8
54415.4
60003
50510.2
70693.8
40318.8
65652
36032.5
42223.1
61700.2
52993.1
54055.4
30014.4
74494.3
47554.3
34805.4
53809.8
28850.2
32234.7
40119.7
56483.8
22431.5
43526.6
42443.3
28065.1
57384.4
74419.2
76352.6
50812.2
67666.8
48947.2
26321.3
60829
60804.2
51044
26021.9
31427.3
40320.4
58905
55614.4
35857
55619
60955
37387.4
36287
23648.9
55783.8
55026.8
47631.5
87825.8
50607.9
46885.7
46983.8
32350.9
32893
46412.1
37889.5
43171.4
54131.7
52893.1
27245.5
50635.8
50462.4
48414.9
48291
42073.7
59642.7
54323.6
41297.6
62181.4
33657.3
74250.4
64743.5
57171.6
27835.3
47818.6
58301.5
51151.3
47952.9
43169
30119.2
31256.5
46926.9
43146.8
23959.1
56762
59766.9
66439.4
39700.9
48790.5
59156.3
24270.7
35663.9
46345.1
41986.2
62671.7
74612.4
44116.6
55854.6
48133.4
44255.3
30358.6
56808.6
60159.1
55902.6
37053.3
33637.4
39461.8
69693.4
59360.5
31544.5
55878.7
31421.6
62271.8
32616.8
49159.8
30739.6
58301.8
56829.7
32618.7
41390.6
46498.6
68942.2
45903.1
53205.4
34523.7
46777.8
63915
37752.2
59258.2
44916.6
66405.7
52350.9
53124.3
55199.4
60294.2
45301.6
39259.6
57175.9
74825.7
62505.4
40842.6
40202
42870.2
66353.3
48144.9
51767.8
49860.3
33649.4
49875.1
29048.3
70971.6
37120
54324.6
54316.6
25942
33962.2
44557.3
43483
56687.4
61557.1
52595.2
58935.2
52376.6
59511.4
29147.8
66289.8
42563.6
42789.6
76907.1
37797.4
51037
44157
43243.4
61086.7
36559.8
49998.3
57329.6
47520.2
47598.6
42666.8
77903.6
45565
38641.1
42373.3
34874.8
33176.2
60974.6
41058.7
44118.9
57496.6
28277
59381.9
55192.6
48497.8
61714.9
40712.3
47140.5
49223.1
70632.2
46856.2
46942.2
31026.6
35486.8
75419.1
35448.2
69733
34464.5
22210.6
43430.4
58592.4
60706.6
48818.4
35375
42787.5
22879.2
44628.5
49987.4
46132.2
45837
22544.6
62939
48857.9
37523.4
48450.5
65811.3
68706.4
27610.4
66700.3
38611.4
27605.2
41602
33732.7
39136.4
50545.8
48324.6
33331.6
39873.2
55083.7
38159
50286.1
45643.5
53589.4
46524.6
29784.8
58553.3
61180.2
61438.7
53526.6
37247.4
32724.8
64163.8
62639.4
33007.3
36313.9
43681.3
52685
57403.5
35864
71514.7
39602.9
41474.1
58408.1
37196.3
41983.3
40395
27087.5
29932.6
50669.1
30311.7
34345.1
38097
46471
64505.8
62714.9
59478.2
31546.2
41020.4
41763.3
59910.3
45112.9
58730.4
40987.8
30482.5
63113
36713.8
29179.2
52064.7
53108.2
36979.4
80571.4
30095.2
38846.5
59704.2
50313.6
35281
41202.6
62783.5
59888.2
18174.7
39269.3
60166.8
51884.3
42346.7
33394.6
48508.8
38937
64451
46379.6
38495.4
30837.6
27260.7
72329.6
40903.8
55193.1
39541.8
44175
35279.9
48159.4
57831.6
24202.6
48158.2
41413
47932.3
44231.4
23757.8
27104.8
29592.7
67199.3
37947.3
30627.7
51261.9
61613.9
58296.4
27535.9
61358
39516.2
57989.4
49657.6
54585.8
37449.7
68598
41519.4
40345
56385.2
54532.5
37085.6
38721.9
55887.8
63666.1
50712.6
68986.1
40443.4
35011.3
42067.9
37683.2
78107.6
61786.7
53412.2
58654.6
64759.6
41946.6
23287.9
51577.8
46118.9
41285
55749.3
35031.3
56027.9
60890.8
41723.4
36838.1
45043.4
41214.9
59304.7
46599.1
41218.3
54544.4
48810.6
74729.4
65837.8
41634.3
26153.4
53671
63806.2
43722
38762.8
35322.7
55053.4
44695.6
44959.7
27537.3
43244.4
56751.3
75006
38821
76132.6
31222.3
42402.1
29201
54146.9
42671.7
46666.6
37342.6
49133.7
78628.7
37079.8
56507.6
43811.4
42484.6
44719.5
32606.2
51087.6
48407.8
30797.7
53817.7
55968.3
34818.4
39420.6
48963.8
62314.8
46324.9
48440.8
38150.2
31566.6
36841.8
15986.8
34898.5
51082.2
42507.1
43531.2
65806.3
75792.6
65710.4
46086.9
39799.4
53929.1
38845.4
36042.5
69128.7
43907
58355.4
61104.8
47063.4
61809
22941.2
28836.1
67894.2
58731.8
49190.9
55256.6
65544.8
40886.7
39863.3
48045.9
50916
40141
35850.1
26416.4
28095.6
47943.2
38911.1
70977.5
41344.3
48120.7
58589.4
46501.4
32796.4
57603.6
54489
65798.5
43626.6
63882.6
44179.4
35636.1
56935
54782.1
46893.3
36552.2
48305.8
32954
42315.2
57111
30508
69303.3
27202.3
54512.7
54148.8
42783.5
59179.4
54793.4
50799.6
41501.6
45628.2
33216.2
65023
55822.2
60892
60994.6
55028.1
42321.7
49760.2
62939.4
67283.9
82108.1
35771.2
38745.4
60986.6
60391
35842.2
53284.5
48508.8
53972.6
49925.7
83465
54008.4
57917
53284
35865.7
41854.7
42022.8
32971.1
48329.5
65755.3
55743.4
49482.4
69470.3
32327.1
70957
48754
26907
45264.3
91793.8
36032.4
80725.5
59583
64904.6
66739.5
35327.8
37930.6
55686.3
52629.3
59654.8
44791.8
55471.8
31811
52465.8
33680
41184.5
48202.2
36654.6
30728.2
31659.9
94463.6
60040.5
60735
48300.1
33529
41426.7
35980.7
30972.6
62764.4
37420.5
48526.9
40307.4
51840.6
37849.6
56319.7
49659.7
64808.6
50996.8
59823.7
40980.1
63552.6
44514.2
47596.3
56560.6
38211.8
86795.4
35097.6
40536.2
45912.2
37492.8
46361.5
49908.1
37752.6
46088
50108.1
31248.9
49640.6
41578.2
63835
41869
46183.7
49597.5
46265.8
25569.6
40453.2
36501.8
56275
29783.3
46582.3
37004
39938.4
46920.1
44265.8
72406.5
63226.6
41958
44755.2
67785.9
33543.6
45384.2
46261.9
66967.1
33343
68235.9
47081.1
37569.9
47484.9
33868.2
46137.1
42753.5
44218
58868.5
48245.4
45901.5
46991.5
59445.2
52974.6
46165.5
34401.2
28677.7
51594.9
42280.6
50765.2
29056.2
44490.8
49783.1
42791.1
40879.6
33332.9
19665.1
38134.8
30794.4
19087.6
31955.8
46568.5
38421.6
48468.8
52637.8
72673.4
45694.7
69715.9
40796.7
39548.6
42624
44927.4
64949.4
57413.4
27544.5
50071.4
54673.8
26914.2
41427.2
44352.6
41428.9
74786.2
81425.6
63671
39932.3
50582.6
46880.7
35298.7
46591.1
47034.7
72780.8
59272
36071.9
34303.4
48881.4
48116.6
47959
41692.6
49762.8
51502.6
36669.9
35649.4
42425.7
46261.1
33039.4
50955.2
63919.7
46657.4
39760.7
47868.6
58950.8
47368.6
42091.7
33626.1
52917
50600.9
61968.8
61863.8
59276.7
50865
63791.1
60747.4
37000.8
34961
60881.2
54680.4
61525.4
49596.6
35629.4
60933.5
34846.1
66492.1
52154.6
23240.5
40170.6
57225.4
40015.3
43569.5
38867
36152.7
40625.3
43214.9
72294
52603
61067.9
43641.4
38163.4
44139.4
63036.8
41479.7
61442.2
56494.1
50802.7
51400
52965.8
69743.1
40505.4
38035.7
65066.8
42182.2
46488.6
46782.6
34497.7
34484.5
27943.9
34316.7
63253.6
41108.3
32341
79262.6
40031.4
44540.1
35673.4
48451.3
31434.2
33984.1
34023
41187.9
40032.1
45413.7
41856.2
37361.8
44565.5
44798.2
40966.2
32074.2
47269.4
52160.2
29385.7
44639.6
42595.6
31107.2
36434
47215.8
38502.2
16950.6
45369.4
52803.4
35210.8
42584.2
40437.4
53869.6
57167.2
54410.4
37112
39267.4
35496.1
42188.7
59359.2
66081.3
49881.2
40562.2
58345
22189.4
48215.8
40061.4
42276.8
58786.1
42495.1
56505.4
53307.4
26819.2
52125.5
45421.1
57660.6
67880.6
41844.2
43914.3
50544.7
47270.2
69589
33773.7
44596.2
64617.3
57619.8
57152.6
52482.6
54392.1
41289.4
54365.3
49260.8
48088.5
38824.6
38574.7
23683.5
36586.9
26201.1
53312.5
52683.5
27976.8
45246.7
35502.8
49285.5
46327.4
30583.7
33662.8
37970.2
41230.2
48201.4
66993.3
54381.1
40933.6
67317
43544.7
70528.2
33601.8
43296.8
49266.6
49854.8
66588
48554.3
49280.3
56613.7
37585.7
41221
35637.7
55996.1
36640.5
34435.9
49280.6
70415.8
71371
92999.3
36591.5
57270.8
35157.4
58141.8
35263.1
37194.3
35885
65148.2
44272.6
49334.5
39075.8
40063.4
63061.4
55206.2
61062.5
60012.7
58667
52480.5
32830
55139
48013.4
64073.3
62601.5
56627.9
43178.8
38591.4
45124.7
48840.1
70798.8
59674.6
48720.2
23074.9
43928.9
38909.6
41833.6
47410
41705
43312.9
55341.6
42236.2
37522.2
60544.5
49385
47348.6
27601.8
33558.3
57796.9
55031
45143.8
69605.8
26445.1
37848.9
52427.7
40355.8
54339.3
42801.9
73658.3
39956.2
54564.9
33831
36280
73961.1
45271.7
35178.7
51953
43147.9
60912.2
71563.7
45408.1
37030.1
53999.8
36400.8
49163.9
46313.6
31559.7
39901.8
34748.4
40717.8
59403.7
42485.1
29738.3
63308.5
30064.1
53563.5
33046.8
28891.2
65981.7
77479.8
64131.4
60765
52293.6
54150.6
41822.2
33914.9
75019.4
35212.8
37416.2
66957
67975.1
51900.8
53270.4
47708.9
38405.8
41703
43564.6
65166.6
57766
68552.2
69202.6
51047.2
44164.7
59442.2
70107.6
60723.5
59309.6
44436.8
32929
59222.7
63095.6
58737.2
63333.9
59457
45735.2
54555.3
59337.2
68860.6
74490.4
40110.8
53503.7
48551
58278.4
60961.5
46672.4
43485.4
43507.4
59010.9
43331.5
50017.1
35469.6
54446.3
56631.5
67202.6
56012.2
43398.2
62265
52994.3
48709.8
92678.8
61943
35137.1
44580.5
56045.8
76034.3
42929.3
43790.2
77923.2
36710.2
54015.8
62295.3
45114
48887.7
51433.3
61688.7
45892
60024
86911.8
43640.3
31798.4
35674.4
46753.5
62431.6
48478.2
37736
39675.8
52080.7
38898.2
54437.9
40606.9
57737.2
32673.3
34817.8
62429.3
43383.9
47101.9
45038
82596.9
64912.6
50779.1
39469
48088.4
55518.1
77536.5
41460.7
39797.8
55515
41767.4
60844.8
69865.9
33857.1
43165
48389.4
43103.2
50665.8
60786.1
33287
37337.4
40389.8
62356.2
51911.6
39211.3
57136.9
41952.8
63324.7
23189.8
46910.7
44169.6
24651.8
62211.9
51691
38372
64659.5
35854.2
54893.1
47022.8
44167
46487.1
58326.8
50431.7
67867.5
48579.6
51272.8
53150.1
41239
39664.3
80491.4
70987.9
43864.8
40621.6
56223.9
62269
86580.7
55594.1
50344.2
48969.5
51798.2
38123
36790.9
64189.3
60111
58081.8
35728.3
31374.3
42907.4
44208.2
49602.2
90572.6
31307.9
24689.9
45778.3
52792
42979.3
47236.8
60723.8
31433.8
32188.6
61802
34701
27680.6
50556.9
31996.4
67614.9
55675.6
45327.4
33518.8
31725.9
37337.9
49976.8
40602.1
39381.8
42159.7
44676.2
41574.6
34127.4
33136
41453.3
53435.4
68924.8
41683.7
36609
50485.5
42977.1
41331
28451.4
43293.9
50845.6
61474.3
33281.9
34923.6
30518.3
60607
29066.1
36674.5
38611.1
46234.6
32496.2
44472.2
36404.1
37262.7
30183.4
51087
47400.4
28484.8
49473
48334.6
45021.9
30341
26897.8
48840.8
33975.1
28164.2
45213.5
51962.6
75305.7
65182.4
56557.8
21153.8
27523.9
32193.4
23524.6
31365.1
33524.2
36413.4
55158.2
57249.4
71027.2
55418
25776
46760.3
38283
41605.2
37067.1
39551.8
58059.2
44180.5
50046.6
22344.3
23108.2
21178.1
37775
24990.2
50643.1
26351.8
59590.9
46020
33398.7
32302
43713.8
52183.1
25946.3
57715.6
32996.9
28044
33960.2
33159.8
43497.4
33221.8
49519.5
22091.4
60636.3
49771.5
59963.7
46029
49792.2
31337.4
63902.8
35553.4
68431.4
56681.2
24009.1
22713
28284.4
30924.6
29549.8
37910.9
30638.8
42501.6
38393.7
53057.2
39972.4
52746
52849.1
52311.9
38737.8
29229.9
40981.6
46108.9
45349.9
47647.1
32190.6
35769.8
44838.5
58608
40934
43383.2
84668.2
57920.7
61910.4
38454.7
27714.1
29401.5
43952.2
52825.8
44685.8
39773
46445
44712
29889.8
33266.5
40324
45485.3
59043.1
36805.4
44681.7
70090.6
48784.2
44803.4
61403
40706.6
54413.9
40400.9
16652.4
49755.7
30805.4
35924.8
46003.5
63371.4
60278.2
35357.7
48218.6
43961.4
35677.4
42536.2
37869.9
59892.9
41347.4
70509.6
61377
37101.6
38360.4
52647.4
45765.8
82176.6
29676.3
24312
50960.7
36756.2
35436.7
51762.2
61163.5
37568.7
59121
36591.8
36394.3
50732.3
33047.8
59910.9
72023.1
58886.5
44079.6
45983.4
65169.3
60190.3
51086.2
37169.4
67459
35535.8
45508
51433.7
61704.4
62444.2
57819.7
44784
55022.3
65968.9
44725.5
74546.4
65697.7
42420
61579.1
37649.6
36592.2
57921.8
59858.7
55805.4
51853.8
59478.6
45215.4
64192.9
41013.1
51138.1
52769.4
29159
41230.4
80145.5
64739.6
37177.9
50313.2
53185
37905.1
50756.2
55938.2
39772.7
62195.5
44787.2
62858.2
54861.8
40476
34414.7
77475.5
25377.2
59507
60375.4
48970.3
38030
48955.3
42664.5
44286.2
40204.2
35114.9
47251.4
41606.6
74759.9
36510.2
92390.6
58091
19359.1
41969
56633
40603.2
64753.9
52090.2
39208.4
59715.4
73159.8
49060.7
46581.2
69190.5
63857
59830.5
57153.4
60101.4
36975.7
45521
30119.4
67352.3
61013.1
40016.1
35599.2
43840.7
51662.2
57905
38897.8
52618.9
39924.2
27433.8
40109
47246.6
47497
58403.7
44374
48061.6
45804.9
46414.5
52886.2
43750
46725.4
26131.2
33703.6
33208.6
45171.4
49142.6
71322.6
64059.8
76699.5
27083.4
48005
30327.3
41157
65079.2
68241.8
36007.2
55633
67485.5
46061.7
59700.6
60778.6
46922.7
48641.9
66420.8
71402.6
46603.3
40685.8
79169.6
50730.9
54351.2
40436.1
32957.7
39928.6
39245.1
45512.2
60965.4
81127.7
22256.6
55774.8
55441.1
71611.8
60579.5
58273
57873.3
55565.7
30934.1
80706.8
40039.2
49254.6
55813.9
58783.3
52094.4
47778.7
71799.3
39024.6
31802.1
38487.4
38967.1
37975
51963.1
52834.2
57399.2
48682.2
56652.3
47327.7
61929.6
53355
50243.5
54179
32980.9
48254.3
26741.8
51097.1
49396.6
57934.8
37975.7
80780.6
41595.1
58640.4
36381
38171.8
29630.1
31124.6
57554.6
46363.3
82160.2
41395.4
30143.8
39971.6
47957
37611.8
37820.9
68599.5
29149.8
38095.6
39240.6
42203.7
37541
46319.4
52625.4
47167.9
30637.9
48772.3
55056.1
51901.8
51929.4
54400.4
38285.7
43237.1
36392.2
48256.2
53458.7
72003.2
53228
27420.4
45477.3
49163.9
36086
43771.8
38199.2
49148.6
34711.7
31697
28289.9
32714.5
68382.2
57906.7
60188.6
29668.1
60410.6
23622.6
39946.6
45793.5
56765
35243.2
37617.5
29175.3
43516.3
31817.7
28908.5
25837.4
60903
39043.6
49653.4
49551.8
40097.8
32733
34379
67568.1
48886
42703.7
33105.5
36554.8
54847.8
68448.4
55363.9
73266.3
62780.2
41707.4
50214.9
41731
51533.6
32443.8
49621.3
48135.8
32259.8
75899.3
98014.6
35034.6
86615.8
71542.3
39731.9
28477.7
61185.1
28928.6
27351.8
51960.9
41234.6
49023.7
56742.2
52957.8
73346.2
49140.2
54910
37364.2
68135
70200.6
40290.2
44555.1
31876.6
53716.6
73065
32612.3
51362.7
60182.9
75475.2
57791.1
45296.1
45708.6
51861
63393
45269.9
33753.7
40952.5
78217.8
48739.3
80387.9
104189
45556.2
39803.4
39255.3
45464.8
48022.6
45598
64266.4
77304.4
37879.1
64451.1
54297.9
51451.8
37413.7
60898.2
42002.6
37043.8
67847.8
72469
66234.9
58199.5
45021
74295.9
52413
52614.2
42298.6
78883.3
58091.3
68851.3
53281.8
47814.1
43227.4
62806.5
51244.6
63328.2
45366.7
59759.4
42219.9
54844.5
46004.6
58088
42533.5
58833.8
39593.7
36565
61203.5
55576.6
58905
40283.2
49581.4
54177
66126
55576.6
63611.5
55556.5
53580.3
50362.3
48163.9
34214.1
70831.3
45862.9
48695.8
41219.7
44145.4
49888.6
46676.6
46438.2
33750.8
62286.5
45136.2
65568.6
33203.8
43082
45355.8
33015.3
57058.2
48560.2
59790.9
29500.2
74821.4
30325.8
48365.9
46124.1
37111.3
42725.8
55686.4
60402.9
47057.4
60300
42160.1
59728.1
46399.4
53148.6
57637.2
47148.1
49435.6
49389.5
45393.4
60295.6
51798.6
39295.3
60032.3
49825.1
48150.6
46471.6
36984.2
44861.4
70080.9
29969.4
48998.2
62115.4
57431.6
39516.1
48021.9
55064.9
59691.2
34601.7
54206.4
39102.7
35924.8
51552.4
41065
43170.1
46229.5
33882.3
51444.9
36243.4
54431.4
58448.3
39816.3
38925.7
59933
42954.2
37844.2
35056.1
34401.4
54317.5
57835.3
30271.7
56207.5
47861.8
46415.2
44809.3
36343.7
44022.2
41366.6
63498.5
58296.6
53409.8
31859.2
39896.6
41663.1
35007.4
29918.6
44122.2
37379.4
70733.2
70680.8
49798.8
27625.4
66154.6
70573.8
53814.9
53617
57790.2
45642.6
59513.9
57768.6
70370.6
53489.9
66339.2
86770.6
63638.2
34962.8
45513
50658.2
50980.9
41794.6
81758.3
35644.6
77247
61893.8
34611.7
46189.7
45541.6
51338.7
38368.7
51845
45010.6
39564.2
59198.6
46286.5
44638.7
69462.5
40148.2
45276.8
22605
59647.8
42896.2
56119.3
92387.2
41282.8
20375
56558.6
47872.5
51807.6
56551.8
57395.7
61921.7
43885.8
52491
57733.5
54068
43722.9
59174.8
49700.2
47080.4
45124.9
46378.5
68871
37130.9
85109
31967.3
64596.1
51146.3
66481.6
45524.6
35451.5
57511.8
56281
51865.9
55425.7
67757.8
70078.9
44286.9
51959.9
81676
31428.4
69079.2
76131.4
33796.9
59499.8
43472.6
90533.8
72077.9
49292.2
39000.1
52884.5
67312.6
37092
38185.9
65180.8
42580.6
42833.9
42825.8
54563.4
50402.1
33220.1
66032.5
41656.2
55170.5
35383.1
43611
72065.8
50058.4
52609.8
39911.3
79742.5
59733.4
61558.2
46890.6
57502.1
34304.5
63027.3
60965.8
29991.9
63814.8
44486.8
39343.5
49417.4
44827.1
52798.1
51853
47096.3
50142.5
60429.7
41681.5
43411.9
54565.8
34277.4
38656.4
34796.6
46869.1
64846.3
54506.1
48350.6
34820.9
60583.1
33305.7
49089.4
51888.9
34707
49966.3
36860.6
82411.4
66403.7
53022.1
32662
58426
39215.8
43187.1
30122
74323.4
53742.3
40255.1
35477.9
33494.5
55186.3
53953.9
46540.6
85637.2
46914.2
65272
46164.2
71381.5
40055.4
62020.6
46511.9
47969
64273.5
51088.4
39539.1
54110.3
35708.2
59916.2
59995
32873.9
46180.6
32897.1
45256.6
36694.5
57843.6
38359.2
46803.4
40887.6
31013.7
51052.8
49657.3
50654.9
40543.5
30152.6
25347.3
49583.8
57044.6
66701.4
29028.9
36356.8
45297.6
53829
34759.7
48163.2
34162.8
22828.5
57048.9
21840
45334
45706.4
54364.7
52984.9
33144.9
52135.3
38676.4
42521.6
47334.6
66913
34559
47841.3
35956.3
26076.2
34276.1
49369.7
27951.8
47790.4
75366.9
45770.1
36108.1
54978.6
33441.4
61074.4
34376.7
59283.8
46754.6
64125.8
50003.8
74270.8
59414.2
78239.4
46728.2
46959.1
44881.4
48941.4
31438.8
27858.4
48039.9
33227.7
49834
66519.5
49643.7
19724
45564.8
47698.9
52236.7
46408.2
43206.9
35151.4
34428.6
47740.3
43111.8
28208.7
44376.2
40635.1
50407.4
36894.7
35551.3
44960.2
23181.5
50566.8
57058.1
37877.3
29369.3
64596.5
61661.3
44671.6
56410.8
39388.7
29745
39534.7
35113.4
56336.7
39907.2
62441.8
43430.7
34274.1
46289
45824.6
27714.2
47228.4
46424.2
36396.3
52786.2
43369.7
32231
47298.2
27838.7
41514.8
39589.2
47287.5
49514.5
61388.8
63914
48358.7
47707.4
38069.2
56624.7
29174.4
36389.9
53414.9
41005.8
42764.9
39108.2
23174.1
37947
60222.5
51035.3
69446.3
32508.2
35323.8
46931.3
21131.1
47586.9
29888.2
48105.4
78503.8
27396.3
49497.4
36933.9
58099.7
40170.7
49560.7
37223
28423.8
24503.8
72191.4
37371.7
54138.6
45449.9
28331.4
16332.9
36552.8
53881
60288.8
25869.8
36809
15604.9
27321.2
29072.2
33004.9
50882.7
37469.3
37394.8
44834.9
53105
31795.8
63080.7
36742.2
54812.6
18734.6
26224.5
37601.4
32349.8
40628.9
36602.2
34792.4
39284.6
38676.2
49324.6
22081.4
46117.4
41437.8
35193.9
30758
34766.2
48101.3
44507.5
30673.2
40580.9
26858.4
42953
27298.2
51678.3
19129.8
38275.9
46325.2
36195.2
26590.2
33687.2
40870.2
33188.4
60938.9
36401.5
25796.4
30434.5
53260.9
35227.1
55037.2
36006.3
42592.2
50416.2
58155.8
44345.2
41882.8
43706.9
32129.4
47688.6
42060.1
22413
37265.2
43838.1
39690.3
37942.6
52775.3
66303.1
53030
30697.6
29209.8
42449.1
50321
38330.1
33546
22530.1
40039.1
46950.6
52081.2
33640
96504.6
55062.4
51814.6
59512.8
41955.8
62880.3
25175.9
52805.8
66799.3
44886.6
44929.4
32062.6
71418.5
65775.4
30080.6
41974.6
46837.3
53008.5
40134.4
47344.3
55874.9
47634.7
45342.4
45872.7
20828.6
44813.8
82704
46208.4
49712.3
32557.2
51336.9
76921
73872.5
48135
39248.2
66010.2
62244.9
54034.2
40477.3
44879.2
55155.3
76576.2
58778.9
36575
55767
37691.5
48684.7
44845.4
56152.6
57013.6
65237.8
32335
46561.3
72531.2
33188.2
60037.4
42118.6
44141
59190.8
42913
57358.8
67330.8
38537.1
60153.3
50026.5
44060.3
29220.2
33603.7
63372.6
53518.1
38521.4
71536.9
43656
58948.2
71005
48706
72462.2
57498.5
43763.8
49759.4
34915.2
56039.3
76328.3
72548.1
41558
46880.6
54393.4
47311.4
65379.4
46057.8
63900.8
57404.2
48099.5
52797.8
58802.5
50124.2
51727
53922.6
37803.7
33206.5
50767.6
55706.6
60063.7
43406.3
83649.9
66728.2
79308.7
43073.1
59200.9
42407.9
55732.2
46865.9
70741
61318.1
47401.1
80280.9
49445.9
46397
67679.8
73310.7
34043.5
47212.7
59177.8
38587.4
90378.6
66937.4
54384.5
54695.4
43794.2
37725.6
45380.7
51496.5
53457
53296.8
47860.3
43856.9
42113.7
52815
63833.7
28007
72092.7
62755.2
73247.9
59549.4
38039.4
37475.1
39598
31256.3
58006.3
68296.8
96830.6
53712.7
42347.5
56062
67909.4
65892
62649.8
85557.8
48600.9
44057.8
58739.1
50573.4
46185.2
56227.7
75181
60186.2
57669.3
43617.7
58248.2
42512.6
43104
40087
56280.8
46076.5
72542.3
37086.2
39455.8
47993
37252.9
40623.8
59397.9
62462.6
69135.4
31980
47185.1
44736.1
29577.9
34276.6
41555.8
65505
75096.4
52181.2
38148.2
44672.1
45616.5
40533
27339.7
32652.3
45283.9
58662.9
28820.4
48663.4
49374.6
37174.1
47302.4
64183.4
58120.4
27940
61514
43253
60539
52569
45751
25442.9
42175.5
58220.1
54616.6
37556.3
50186.7
32992.8
76049
45137.3
36409.6
53551
36696.8
31117.9
41656.8
43056.2
46740.7
49723.8
50734.9
49808.4
58224.3
32071.4
48433.5
57964.5
57842.5
36688
57596.9
37428.1
33831.8
31619.3
40363.5
47070.9
55306.7
51156.1
55648.8
33003.9
62456.6
29287.8
41079.7
43741.9
25037
55705.8
34132.3
47498.6
40765.5
47065.2
44620.6
54925
39881.6
53083.8
57915.2
44724.1
64152.6
36638.3
29034.2
65429.4
36460.6
43658.2
36423.2
27498.7
42599
69625.8
69035.7
42159.7
40881
38992.5
29939.6
49461.8
22073.1
25670.7
29373
43565.8
43829.5
52868.3
52641.3
48011.2
49747.9
54042.9
36534.6
29450.4
64722.2
38157.6
53822.3
68582.1
49647.3
48373.3
81353.4
42813.7
47175.1
63473.4
64596
70397.4
49123
55603.8
37797.8
57062.6
34581.2
66576.4
47745.7
35357.8
42632.2
46403.6
22517.7
56394.5
35959.2
47192.5
61748.6
41093.6
41667.6
63683.2
52525.4
36814.9
47129.3
60284.6
53609.4
36201.1
35797.5
42186.4
38073.6
28042.7
49352.8
58861.1
33177.8
37824.2
42747.9
51883.9
29317.9
74325
53244.3
42326.4
38701.4
47717.3
44809.6
52560
61433.3
51121.4
27906.5
49834.2
50195.3
59966.3
69279
33990.6
53542.7
20208.3
36442.6
56184.8
33879.4
61660.9
36996.5
44069.8
36974.6
76320
47293.9
53161.8
65712.6
25291.5
24987
40945.4
47515.8
30746.4
28833.7
42520.5
51751.4
27983.4
26801.9
44352.7
28668.2
23888.4
39158.9
26323.9
18934.9
34934.4
47421.7
42079.9
31685.7
30507.5
47101.5
30874.7
48581.4
26868.3
18541.8
34513.8
27896.6
43879.5
39624.3
34980.7
45764.1
49732
52291.9
56930.2
34986
32932
35908.6
37370.8
38018.8
20108.6
17773
62950.3
86949.4
30713.8
25513.7
28742.5
46578.1
32367
24897.7
58374.5
43519.7
27654.3
61215.3
49674.9
36495.4
55314.3
47619.6
34245
61304.7
53752.9
52736.8
53607.4
52730.3
44299.3
48972.3
50086.6
72383.4
49357.8
64322.2
57012.6
54614.6
68823.4
42840.7
65076.9
75649.4
60150.8
48161.3
64688
59933.7
28437.3
47593.4
56087.8
65235.4
36288.5
33915.6
54278.6
50044.6
67070.2
48844.1
47117.1
38006.7
51386.6
19591.4
72265.1
59253.4
50948.4
33799.8
38298.8
57337
40496
59636.1
60432
63054.4
42498.7
44328.9
50495.8
45805.7
44056.5
60518.9
43480.2
67705.4
43610.2
34556.4
31623.1
33218.5
32866
56729.3
53189.4
35442.2
27420.8
37851.9
55312.3
33052.1
33363
29885.3
77858.2
38781.1
64040
47453.8
38732.8
50661.6
47134.8
57160.8
26421.6
26538.2
34177.8
55175
39093.8
40587.4
61885.4
59395.8
25770.1
36099.8
45219.7
37492.2
19416
45740.2
32633.5
50296.4
34905.4
38684.8
21189.4
40230.2
33324.6
29673.9
38407.9
30217.1
42108.7
42914.5
30454.8
35786.6
47126.5
26061.4
53330.2
26719
37167.8
38438.2
66376.9
30159.3
47145.7
34013.4
38862.5
37199.4
37514.3
62087.9
62176
36046.8
38735.8
22792.6
55105
22722.3
40175.1
75586.9
52050.7
56833.1
25312.4
30304
31823.8
54081.5
37540.9
38095.9
37880
32352.9
25184.7
45932.9
36771
46164.3
76881.4
59064.4
32005.4
57945.8
63899.7
36579.8
29038.7
49463.4
44239.5
54403.6
64760.6
37449.7
41526.9
55416.8
30663.5
46599.7
31003.4
70450.8
50783.7
38557.8
43490.8
48271.9
31706.4
50714
102656
34236.8
51339.8
52897.4
60219.7
21280.6
39994.8
78687.6
86738.6
46649.9
23907.6
50464.8
45626.7
62880.6
41897.3
43867.3
43138.2
65987.1
41798.4
35879.4
57658.2
44245
58536.6
74538.4
55164.9
39260.2
43312.2
43277.3
60063.8
26264.6
49363.7
51286.9
54012
51901.3
44831.4
63591
39133
25967.1
33020.8
73261.2
41072.5
38640.6
45896.7
50591
23257
50647.4
51634.7
58793.3
36032.5
33045.2
35909.3
31745.8
73779.5
56466.1
39142.2
23810.6
35122.2
49535.4
32192.9
53886.3
58626.7
50764.6
27342.2
62133.5
50625.9
43890.6
53242.1
49273
47725
46878
58538.6
51049.4
39791.5
55186
39896.9
52181.5
63037.2
67469.8
38784.2
35989.1
65351.6
56902.2
54595.5
37196.3
31419.4
33259.6
43736.6
58588.5
39794.5
63777.4
45830.8
34126.6
42404.2
42267
55164.6
73727.7
40004.2
61186.6
41933.9
51298.6
45569.4
33346.4
32265.2
52253.7
34703.5
39487.2
38983.9
39611.8
31263.2
28218.2
54940.2
33573
54819.2
67831.5
36665.8
55536.1
34011.6
43785.1
42865.7
51060.6
61061.8
37860
43940.2
60274.3
66593
38236.7
66047.2
49499.8
33409.9
59172.4
59040.2
38822.7
21994.4
41917.8
47526.3
76202.6
39291.4
59983.2
46157.2
38435.4
40225
40919.5
77171.4
65074.7
46992.2
53584.8
39316.1
40356.6
26212.9
58448.4
29609.1
71296
49576.2
36848.2
56988.2
56713
46342.2
52388.2
47175
52909
55337.1
42001.5
42277.4
46538.7
45497.4
61724.1
65853.9
56589.9
44922.8
47217
47729.4
60932.8
36534
51111.1
57171.7
58337.8
67551.2
80797.3
27399.2
50178.6
72772.2
41549.4
63285.7
65091
41168
58110.3
45466.2
79645.2
44011
44270.7
59763.2
53240.1
40634
39670.2
38901.1
53705.5
52184.6
42821.9
48578.6
37268.1
68306.2
64435.7
26104.4
68148.6
42902.4
41621
61871.1
52358.9
38216.3
44556.8
55967.8
29141.6
41745
77305.8
44544
33106.2
31707.2
33856.1
59886.3
24964.2
40085.9
65626
29403.6
41275.1
43710.4
53136.5
58176.4
71876.8
46421
54540.2
54523
57763
55949.6
57865.2
66936.9
61271.8
58924.5
55298.1
40969.6
62983.7
41891
66665.1
44824.2
34382.3
42667.9
36972.8
61606.2
71712.7
60245.4
27505.9
60510.1
48849.4
31267.7
74619.7
66753.9
39245.2
47858.4
50518
38724.2
40977.8
53705.3
56043
48051.8
55936.6
54376.8
76287.4
47410.2
37733.5
53725.6
61672.5
55902.9
48966.2
35656.5
43808.8
39693.8
44763
58803.1
71125.3
69078.3
72513.3
37251.8
36035.7
44094.8
66150.8
43947.4
56990.5
47678.9
38683.8
38260.9
35019.8
31312.3
46586.4
59234.4
46644
45244.4
45855.7
58761.8
53473.3
56338.8
27297.4
49523.1
49917.4
70587.9
49849.1
53245.1
46681.3
51390.3
52077.6
34023.8
79786.9
62276.6
43274.7
38110.2
58425.1
78933.1
72165
51248.1
57523.9
63005.9
59104.7
61291.4
32960.9
45390.3
26840.4
29267.1
66939.2
50011.8
68885.8
36601.6
36747.5
35214.4
58383.8
45541.4
45478.2
35188.2
47056.3
29241.3
48267.4
59648
34195.2
46907.4
59380.2
42786.4
43927.8
66595.5
43001.6
45482.3
37274.8
71323.6
41232.4
21043.4
38117.9
50758.4
53026.5
63575.3
70849.2
32552.7
32252.2
35772
78557.6
45859
48124.2
38775.9
43634.5
38281.7
91089.8
69695.8
40505.8
36453.2
32581.2
66929.2
69926.5
81144.9
58196.4
75257
47370.5
48412.6
50930.2
45746.6
73616
77856
29221.6
43263.5
50678.4
47612.6
55041.1
37716.1
56084.7
63582.8
31437.4
36011.8
46092.1
23412.2
46662.8
51102.5
57069.4
33490.4
51525.4
51740.6
61588
39164
46357.3
41991
49327.1
46665.3
31507.6
33438.6
36295.4
47260.2
51263.9
29642.5
58033.6
46756.7
31452.4
34731.7
59665.2
69075.3
52571.9
36054.5
42445.5
59420.5
40598.2
31491.2
35119
52633.9
50802.4
22029.4
44004.1
50376.1
36873.9
60789.3
39516.1
57288.3
69123.5
46096.2
54508
49046.7
38682.8
57595.8
26641.7
38329.6
48452.1
64316.3
57501.9
35393.4
56872.2
48299.7
80155.8
28324.6
66475.5
29016.4
42666.9
40798.7
47021.9
44301.8
53226.7
64142.4
32191.4
34453.1
37405.2
39622
61483.3
51102.8
56930.6
38392.5
76966.6
41661.6
51100.9
56188.1
61728
30243.4
45041
54956.8
31051.3
35651.8
57642.2
39937.4
55931.4
35281
55907.6
62492.5
50635.8
51948.6
54405.1
29020.6
69476.8
27363.5
42636.8
44271.1
50568.3
46092.2
68185.8
54916.2
44583.1
72035.7
44512
63811.5
38062.5
55230.6
54195.4
53283.8
46395.4
73592.1
44511.5
41921.7
27324.1
46642.4
56083.4
52393
50650.2
16862.2
31364.9
57312.1
50223.8
54057.3
56130.1
38723.8
57575
29576.8
47519
47692.4
38419.2
33473.4
34121.1
51795.4
46228.6
47076.5
72335.2
35187.1
66950.5
34481.1
27339.5
38300.9
86291.3
54013.6
69405.4
46524.1
50314.7
46706.6
38188.5
59993
60441.9
33471.9
50050
46321.8
49756.9
50055.8
57732.2
48003.1
42619.4
51956.9
61033.8
56106.9
59878.9
44513.5
29199.2
32882.2
52159.2
39865.4
68524.7
44670.5
71110.6
24969
82809
34662.7
45226.9
48437.3
32359.8
47790.2
52281.5
77692.1
52687.8
80510.9
52354.2
54717.4
51428.5
28293
54451.9
53229.1
52665.2
42583.3
56555
45750.3
51312.3
59520.6
42600.6
50196.2
50465.5
52503.2
46678.1
26533.9
61002.6
31723.4
57932.4
39169.9
65440.7
70307
39612.7
42792.1
46411
40995
36264.6
47867.6
61521.7
44373.5
51470.2
38760.2
62182.2
43193.3
42676.9
26409.4
52669.8
60752.2
89959
42236.9
64817
38965.5
36284.7
35438.3
46314.1
31030
29948.2
15185.3
61189.8
33530
65297.8
66862.4
48680.2
27085.8
35154
41521.2
63672.8
41622.6
59985.8
38429.4
52788.1
59742.1
33488.5
57201.4
52892.2
59092
28790.4
35916.4
40564.2
40901.5
53295.4
45794.9
84893.6
75089.6
47852.3
36528.8
44518.8
61248.5
55649.4
67356.6
35583.8
52528.3
40586.2
49815.2
40098
32490.7
45691.4
58155.7
30591
33916.9
37337.3
20397.5
65175.9
45247.3
28682.2
45706.1
51816.2
31772.5
35079.8
60713.7
48820.5
22888
28218
25129.8
48326.6
51526.4
27458.6
22744.6
37469.3
54819
29775.6
45057.6
43751.1
81121.8
27685.8
72710.2
35478.9
72436.9
60984.6
42199.1
55020.1
76500.3
63958.2
43303.6
40107.5
47150.2
31522.5
38250
53715
51405.3
41763.6
47042.3
28477.4
51780.1
33953.2
28257
68723
30393
60704.9
41727
52917.6
46715.7
57936.4
45142.1
39449.5
35768.7
39605.4
66246.2
51976.4
68050.2
70396.6
60152.1
32230.2
29859.1
56374.5
75186
81328.1
46446.9
66859.1
53552.6
47287.6
41625.9
37012
57851.8
65384.1
35199.5
38185.3
55286.1
61087.6
89046.2
66262.3
40126.1
53184.7
51679.7
46147.4
62322.2
34408
56341.4
49854.5
37660.3
45468.8
48141.4
58219.7
55689.8
59320.8
39741.1
48442.6
66083.4
43111.8
73141.4
56536.1
77102
47371.8
72205.4
37195.6
56966.9
40860.9
59267.5
38335.9
64416.2
41495
68801.3
27484
37811.6
48609.9
45544.1
59111.8
65391.9
40282.2
54756.9
28416.1
55598.8
54738
44315.2
37629.8
44556.5
48775
48314.2
72605.8
50438.5
54157.9
40079.8
45314.8
47611.4
44234.6
51439.8
44088.3
51672.8
27080.4
40965.8
48455.9
48140.5
65215
32939.9
63292.8
47064.2
52505
60107.8
49484.5
54537.8
43908.6
35173
30394.6
60826.2
51622.4
63982.3
40078.7
60673.9
51470.2
58948.6
45059.5
29154.3
46292.6
48539.9
35568.4
53257.2
42173.3
32206.8
27006.7
36753.9
50840
47785
45505.8
26458.5
70219.8
57523.2
41745.7
29379.8
43207.4
27708.4
34082.6
45779.9
46393
27585.6
54049.8
46764.6
27769.8
30690.3
46479.9
46247.1
50834.2
36392.6
61811.1
38277.7
33763
24761.5
51451.6
47679.3
40546.1
20658.3
39554.6
33615.8
69048.5
30779.4
40258.6
35921.9
26680.1
46693.7
39383.3
45474.3
23979
27011.6
23895.3
51974.6
48252.2
38371.4
43651.8
43841.7
38996.9
40367.2
28611.2
37618.8
39115.3
53733.8
60884.1
61404.4
36579.4
42740
39357.8
38155.1
48236.2
59990.4
40458.9
49414.1
49180.4
54018.2
45469.9
48091.3
48112.7
68850.8
25200.3
44667.7
53583.7
55592.4
37029.8
45546.3
61888.8
39968.2
61704.3
62508.2
50637.4
38807.3
35314.9
49134.4
47699.9
28704.6
37942.6
49283.1
53720
45768.4
44444.5
54607.8
53845.8
58597.2
40242.1
58509.5
43108.7
44899.2
80735.9
48179.4
54255.3
52971.3
61877
46674.7
56388.6
36750.9
61178.7
58098.1
69307.5
54508.6
48250.7
34662.1
45179.6
59749.4
55842.6
46737.8
37276.2
57441
45140.1
54161.8
50898.6
29552.8
58692.4
68498.3
29319.7
40291.8
66004.2
81721
50374.1
54415.1
45120.8
66801.6
30898.3
66099.8
61109.6
51504.1
63970.7
58700
68194.3
63297.5
44539.8
31856.7
69846.9
41846.5
67209.5
44728.9
57939.8
43030.3
45915.8
50707
49254.5
41751.2
53785.3
42959.8
77991.4
63643.6
59929.8
51104.7
44484.2
44212.7
58905.2
51667.8
69976.2
88477
34885.7
54768.2
32518.2
51066.4
54225
46673.6
54265.1
57570
47767.9
41605.1
52862.9
52435.4
42274.6
50347
62091.6
38737
38026.1
54164.2
37361.2
59995.9
31188.6
41094.1
74181.6
40992.5
59997.6
46900.6
64978.7
56462.2
58430.6
50628.2
19887.8
66813.6
28683.4
39619
62040.6
37802.1
57818.9
57248.1
86079.8
57979.1
42542.5
62776.2
47693.4
33085.9
36522
36201.8
49504.8
27791.7
33823.7
52516.6
42443.5
40918.6
33324.4
48410.6
71391.1
59630.1
51283.6
53958.4
32442.6
24314.9
53462
69552.5
45963.7
50960.4
55732.7
47108.5
39881.4
25159.5
41863.4
39527
60041.1
28729
55769.8
41624.5
60447.6
49507.9
31790.5
29691.7
39747.1
45845.8
25367.5
52037.6
65157.8
20145.2
42119.1
41647.7
31979.9
16339.3
37590.1
61166.7
39455.5
45359.4
33078.2
46679.4
26818.3
32542.1
44748.6
34865.9
40098.2
20882.1
38877.8
39996.5
48411
37695.5
50481.6
37669.9
66692.3
33533.7
45231
44814.6
58997.5
46410.9
63054.8
41777.1
34672.1
54353.8
74669.7
48340.2
40121.8
37748.2
41433.8
54277.2
49022.6
48047.1
56690
44878.8
45228.9
55368
32044.8
47600.8
30383.7
54224.1
48312.6
39622.6
50963.7
40697
34759.5
32328.5
46083.9
65786.4
36243.6
80202.2
43220.1
46933.8
44755.8
42173.9
43033.8
49370.6
38942.3
38219.7
45852.4
38934.2
30863.8
55934.9
36496.1
26277.4
52476.6
24650.1
39145.8
33683
52023.4
32442.2
57506.8
24899.8
23513
50012
53759.4
36146.1
37585
49896.3
33059
39232.2
43587.1
42635
46147.4
49922.6
32544.2
32460.7
58130.5
64808.1
31558
30873.8
40784.1
47174.5
31696.1
41961.8
49956.2
56228.9
51321
39431.8
35513.1
50387.3
38970.6
49829.9
22060.3
45974.3
25924.6
43626.5
39397.5
41341.5
35971.1
33392.5
32104.4
29208.8
35950.2
23706.8
36423.3
35741
65122.3
33648.4
43678.4
71070
31079.4
32078.9
43027
52510.2
50679.4
40022.5
26792.6
38965.1
48525.4
35702.4
26952.5
48494.4
55606.9
56392.2
25459
35272.1
51923.7
24598
39935.8
44530.8
54514
41441.9
58403
43993.8
54766.6
39503.8
35629.2
43454.7
29193.9
43088.6
34609
36767.9
57989.7
55738.8
50769.4
29082.8
61618
28794.2
48902.2
38509.5
39261.9
34944.3
44833.8
52517.4
65877.5
47547.1
81233.7
45426.2
47338.4
62500
32682.5
49619.2
73260.6
27729.4
57180
66609.8
54245
54934.9
32431.2
38565.2
85734.7
74847
47486.6
37831.1
54503.4
46233.8
48735.1
39565.3
76823.1
49304.8
36371
53748.3
56685.4
38595.3
27113.9
82249.3
69618.2
87325
45343.4
46868.2
69711.6
35405.8
44251.1
80513.4
49510.2
39708.1
40189
67912.3
24575
30755.5
38245.4
43380.6
27173.5
48358.1
50860.3
36767.2
60736.8
36230
57295.3
69398.6
38256.6
53355.1
33053.4
35511.1
84318.6
93828.2
50722.6
29657.4
34869.6
49030.6
45601.9
36880.6
45338
67418.8
51461.6
36157.8
43575
50259
46674.7
40879.8
56551.4
43082.7
34994
46126.6
42492.6
48913.9
67687.2
48422.4
29315
78990
25682.8
37679
56970.4
51643.6
44612.1
56895.9
55682.4
46898.4
57514.1
48070.7
60489
41267.1
25379.9
61867.1
19023.2
49379.1
61775.8
60731.5
49923.7
50281
24089.9
39988.1
55715
50536.9
46020.3
32609.7
37061.4
33013.3
29968.2
58927
49545.9
40335.5
38683.9
33990
40116.1
53568.6
36371.7
63864.8
32644.9
37483.9
46633.1
40784.2
44117.7
39338.8
53220.6
52623.8
29495.7
52341.2
37635.1
54337.4
37474.9
64495.3
55943.5
47070.2
62496.2
47376.8
40583.7
39576.6
57477.4
59979.9
53506.2
69981.4
52700.8
26771.1
57807.7
46524.1
69881
51001.5
46648.8
65359.3
53675.4
41767.6
69019
37962.7
55378.6
29119.4
40494.2
52825.5
48430.9
55610.3
33419.3
74970.6
82527.8
58043.9
32379.6
54670.1
43549.8
37259.7
49983.8
51433
52230.2
39820.9
47516.2
48627.4
53955
51707.1
53761.8
43085.5
57793.2
54244.4
51343.1
33968.6
82781.3
51709.1
59999.8
56520.5
56753.7
44699.9
50298.4
62896.8
53251
47024.6
49739.4
43931.8
56055.9
29564.5
59074.6
40712.4
56944.1
49757.3
69806.7
40891.1
58052.4
38829.3
49332.6
54433.7
52234.4
42288
70431.8
57372.6
37219.7
57427.8
64293.6
31414.7
45365.3
50578.2
68292.8
48130.6
51621.8
65446.2
52250.3
71504.2
32196.5
33011.4
30746.1
67498.9
57503
33756
46964.1
39938.7
40514.1
35700
34237.2
24152.9
69347.3
75427.8
41738.2
54852.3
46070.2
33448.3
51080.2
52147.1
59618.5
43089
47323.3
34831.5
41095.5
41357.4
52741.4
68307.2
52493.8
37042.8
63856.1
52786.6
42828.4
47095.6
55415.2
44979.3
48350.2
50686.2
51172.5
58704.2
56176.6
67347
45331.8
49281.1
37443.8
57527.9
44609.8
58592.7
44332
31716.3
51571.2
39539.8
40630.1
44128
73073.8
45278.8
52600.2
50009.6
30094.5
51945.1
38018.7
37652.3
33208.5
59723.8
46053.2
37790
49166.5
66572.6
44025.6
43816.2
31538.3
44012.9
33546.5
51067.3
53535
54809.8
45002.6
53989.6
53675.1
53964
46403.1
57531.8
48984.6
55361.7
43092.7
27623.4
28049.2
57090.6
48282.6
51322.8
59426.2
59110.2
36519.8
43981.8
59987.8
57235.2
39340.4
49057.2
45884.1
39184.2
55281
42237
49826.6
35012.6
39137.8
39376.8
50235.4
38593.7
49367.3
20564.5
46641.2
37822.1
69899.4
34298.6
60629.8
49749.6
18479.5
27053.6
22508.6
17073.9
54193.4
40538.2
36747.3
53307.7
44112.2
36509.8
66735
36726.2
42351.8
45513
35136.4
45541
68679.8
38142.4
61287.4
31260.2
36462.9
58996.4
63734.4
56919.4
37640.9
44035
33008
43692.2
37995.6
49285.8
59930.8
35214.2
46897.2
53850.1
42056.4
41417
55013.4
63360.4
31587
41229.8
62184.2
41864.1
58539
50921.5
34605.3
49133.4
38835.9
58736.5
68458.1
57696.6
21558.4
48172.5
49724
53371.4
43829.4
42163.5
41864.9
33219.3
46470.3
47708.3
27858.5
44675.8
33590.2
28771.8
47923
61566.3
80856.8
53258.7
55411.5
18524.2
58992.5
34104.1
42251.5
42673.8
49299.3
61336.8
34654.9
37385
43999.6
24569
49979.2
64103.6
31573.8
37130.7
42732.2
37997.4
43885.9
47808.7
71581.7
39214.4
30367.8
24105.5
62954.6
60844.5
38621.9
53557.4
40276.8
17643.4
60894.3
46097.4
28333.5
52248.2
37871.8
73175.4
29865
37539
42309.9
41120.9
49250
60334.5
54033
40152.1
38030.9
41501.3
50005
46190.7
65146.6
52286.8
27288.3
29948.2
53025
64028.3
38541.7
59696.1
43307
50603.1
15235.3
36370.2
40901.9
37940.2
49721.7
27811.4
49707.4
41564.2
41192.6
43431.2
33503.8
44062.7
39265.4
40623
26919.3
31219
44034.8
41374.6
69412.7
40761.9
50418.3
49147.9
41819.3
43896.9
45888.5
73125.4
52223.8
37930.9
47174
54422.4
82559.6
45692.8
41350.1
47347.5
27756.8
55994
18845
39518.9
41122.6
69015.8
35821.1
36676.4
39473
50709.4
28761.1
45780.2
56686.1
23795.2
65286.4
48705.1
57291.3
52850.9
34835.9
49606.1
42494.6
50115
52084.6
53578.6
50755.1
27721.7
65020.8
62517
49829.3
36167.2
52362.2
34495.8
43791
29691.6
42398.2
51901.2
55001.8
65540.8
29843.3
83193.5
45932.5
42704.7
28339.2
36540.1
52459
49376.2
39399.5
40091.5
46490.8
41414.6
35847.9
43733
46045.1
36538.7
28121
32763.4
48372.9
46628.3
47072
41879.3
58913.5
54082.1
26573.6
48945.5
41275.7
36734.4
43464.2
55245.4
49156.2
70844.9
58760.6
48944.7
70938.6
34207.5
68780
73789
58833.8
61971.7
34998.9
46762.6
62786.5
43394.3
47734.9
41246.6
38875.6
40855.2
53302.7
54923.3
56750.1
38234.9
43840.3
36870.2
27517.1
60831.7
48627.1
57176.6
58082.7
60955.3
33805.1
35152.6
53580.2
42816.4
45799.4
35856.3
39073.6
50130
74546
53870.5
46069.2
36834.4
52001.7
21854.6
47437.1
72504.6
38676
30294.8
36086.9
73489.2
46698.1
47556.8
65046.8
52103.3
57555.5
38341.6
57808.9
73535.5
58306.2
40565.5
44859.6
56515
42904.5
44478.1
31185.2
50741.8
36979.4
44207
53634.5
47057.8
51084.7
43522.1
40710
50184.7
54619.8
34250
39780.6
30509.4
41212.3
37149
27128.8
48583.4
45627.8
44229
66683.4
65334.6
57208.7
41261.6
52896.5
44148.2
59467
58652.3
48953.1
34131.3
45797.7
38822.5
35953.3
51757.9
73568
50391.8
39439.5
29049.1
82754.4
60327.8
33607.1
35667.2
67830.9
74728.8
54169.8
35502.4
51972.6
47943.9
74163.9
53203.7
66075.8
49096.4
50315.4
38832
61442.6
58267.5
51084
38484.5
37786.1
65313.5
66951.4
72247.5
54421.6
36626.1
36954.3
52568.6
67087.3
39863.8
41365.4
45398.3
43292.3
25654.3
58332.7
56054.8
44785.1
54265.5
52980.9
44149.6
69803.8
38611.4
56987
26399.2
72758.4
28243.4
75802.3
74873.1
28627
58437.8
30446.4
40967
56422.8
36542.2
49495
43863.7
38923.6
35560.5
33906.7
46933.2
27488.2
78026.1
40717.6
48704.5
33739.2
58386.7
56961.3
43318
77601.6
47925.4
51755.5
48304.2
47141.9
58339.1
56526.6
21923
69180.5
27160.7
32395.9
40131.8
67986.3
33035
49453.8
48751.8
40213.9
52918.5
28035.4
64103
39312
37241.8
37638.1
48565.1
80767.6
62785.5
35675.6
43364.1
49701.3
55872.8
44597
36620.2
53823.5
61576.7
41942.4
49481.8
33586.5
49665.6
63763.9
42833.7
34665
72343.4
37537.8
56934.6
49834.2
78501.2
64199.5
73038.3
42168.7
49374.6
60337.3
63760.2
45515
45675.2
53599.2
37156.7
65379.2
36356.2
69708.3
62495.5
42698.4
54314.3
66711
43215.2
52392
43834.3
39313.6
61735
57159.4
60137.4
55773
46862.7
55243
40362.2
41119.2
66436.7
61032.1
51024.7
46721.4
51857.6
47576.9
46037.8
57074.3
37165
52410.2
54591.9
68827.7
44853
48361.9
38187.2
45081.9
41241.8
50923.4
57285.8
38619.8
82866
55804.3
62572.5
58925
42152.6
65986.6
65890.4
53747.7
47652.2
63225
69841.3
46732.1
38500.4
58484.2
46583.7
51360.2
72866.5
62237.8
72784.2
51543.8
55060
40874.2
48787.7
63919.3
42151
33649.8
33986.7
49493.6
47366.1
30552.3
49898.2
58859.8
60279.7
39153.4
42298.5
44757.5
65540.7
34623.4
77169.8
78214.2
67589.8
67272.3
41045.8
52464.8
48148.3
58400.7
42981.4
51032.5
50896.3
59349.8
60178.2
40232.8
42096.1
25552.4
45119.4
42958
59996.2
38297.8
43906.8
59870.6
53522.8
33588
47931.4
58587.7
45550.2
41004.6
38871
64648.5
47585.6
50876.2
47176.8
30908.8
47511.7
65575.8
46010.2
45026.2
34244
29400.6
24638.8
38607.4
80645.4
87999
61624.4
59895.8
59687.6
26203.6
65876.4
37410.6
54791.8
49328.3
42879.8
55473.8
31837.3
31653
60200.2
66816
41843.9
41732.3
44539.8
40379.3
40735.1
70674.6
46312.8
52523.8
49465.2
54247.6
39299.1
30126.5
47965.9
53262
31332.6
42407.6
26500.3
53839.3
51282.9
39734.2
40122.2
59685.7
30626.2
47820.6
41393.2
39400.5
21097.1
63004.9
43927.8
44339.2
60521
42256.1
36015.1
50539.4
31596.5
36206.2
32924.3
53800.1
53679.3
50119.2
25717.1
41922.7
43103.3
45054.3
51894.8
76014.4
37410.4
50081.7
36895.6
43037.4
33863.8
38230.6
33597.1
67902.8
44595.8
47471.4
44315
55618.2
48599.3
38854.2
34013.8
44190.5
46389.4
100085
47087.6
48673.2
35240.3
45534
46155
51994
47054.3
64522.4
74623.7
70141.8
50680.4
37464.4
48344.4
32295.8
40278.1
37325.1
47464.6
43816.1
38220.4
51897.9
48955.1
66592.2
41800.5
36795.9
51686.3
36755.7
41426.1
48736.2
42203
42549.8
32637.5
45921.7
35213.6
25677.6
60476.2
49895.1
61410
55691.4
43069
37151.2
41616.1
76562.6
56855
34254.2
45076.7
51499
45999.6
49938
38577.3
61805.7
59762.2
36917.7
63643.5
39085.4
50015.2
72168.5
45626.2
47834.7
38568.8
24204.2
49186.8
39849.8
49937.8
48793.9
35738.7
33110.2
29835.4
35696.7
56827.9
37672.4
41090.2
53293.2
43797
36921.4
36096.8
33574.4
37992.7
35403.5
29191.8
45432.7
31045.1
49861.9
36474.5
45463.6
45432.2
58704.3
45320.6
39951.5
38265.5
61213.6
46871.8
32465.4
32596.7
41684.8
36599.6
50010.4
49818.7
42657.8
26025.2
36747.1
39399.5
36763.4
50474.3
46555.3
43780.3
46852.6
47745.9
45781
48915
39769.6
44262.2
51305.4
55504.6
65214.1
53365.8
42248.4
28185.2
48615.2
63414.6
53365.8
51823.8
30545.6
59057.1
57901.4
33206.2
72939.7
86700.6
67521.1
49417.2
46755.4
39831
53902.7
46941
44910.3
57355.8
24121.3
44384.6
38345.4
70515.5
39237
43332.4
35753.5
26229.4
52559.3
41472.2
66439.9
52319
56819.9
49552.4
33767.9
79063.1
41329.4
43355.9
90340.8
40861.4
57866.7
58693.3
76254.7
62933.2
44332.8
48918.3
33559.8
46922.2
34731.3
44178.1
42394.9
50849.4
41902.6
50428.7
27659.5
32299.3
27048.6
31775.1
45428.5
20796.3
38346.6
24209.4
35820.1
61667.9
70585.2
55856.2
31027.4
20820.8
27051.4
34337.7
45634
63779.3
31826.5
41349
31579.5
32702.7
32252.2
43843.8
75729.9
48270.7
31449.9
40293
41004.6
53874
28198.9
50966.7
53391.9
42847.6
41041.4
44187.7
68215.4
45728.2
58878.3
63115.1
50915.7
40339.8
74528.2
66896.6
39933
66336.9
72250.6
57979.4
49915.9
49573.4
66289.3
55452.2
49004.1
41063.3
59245.5
42782.7
91677.2
40115.3
66202.7
40744.5
59069.1
59259.4
32545.3
69729.9
61099
68557.2
36890.2
42921.8
51631.8
48996.3
61417.2
62408
49513.8
59937.7
49088.6
53674.1
51471
84487.3
55651.3
24040.6
36925.2
34236.2
37320.4
44574.6
33314.2
70720.5
30921.4
60897.9
67891
55942.8
92583.8
40481.9
57975.5
31152.4
53179.6
59724.9
52778.5
42333.6
78351.2
63593.4
47629.8
36387.5
53021.4
54802.2
71075.4
34030.3
49872.6
48395.4
42874.7
48609.5
52184.2
75580
65113.8
43510.4
59987.8
36935.4
75234.4
72414.9
30351.8
31471.4
59428.2
47860.4
46269.4
86749.9
49394.1
63178.7
32370.4
64470.4
52342
76377.8
71648.9
60590.7
31480.2
59712.8
52655.3
65694.6
88909.6
27873.3
56564.9
67624.6
48326
55455
55911.1
60239
50780.9
75267.6
47591.7
50864.4
63201.1
60433.4
79384.6
62578.6
38584.3
54357.6
25492.2
65081.4
47800.2
44062.3
37126.5
36666.8
49878.3
29729.1
91023.1
48598.2
43305.4
52961.7
60309.3
35708.9
71791.4
40140.3
58043.1
30763
47136
30310.2
56896.4
49496.2
32196
39555
47452.1
60778.6
34614.2
45943.6
44945.2
45072.6
40509.7
34031.8
39424.6
39602.4
71853.3
35241.5
48989.8
39552.7
66987.7
36788.9
62580.5
44523.9
57961.9
67168.6
65940.2
41725.6
34295.5
48948.4
43545.3
47547.2
65944.6
67694.8
52077.4
62748
40677
46849.8
34703.4
32173.2
61358.1
66053.4
25577.1
53601.3
48645.9
64842.3
41952.3
55320.6
60425.3
46306.9
59389.8
48851.7
56620.6
32387
40014
63710.1
48530.2
71930.8
44704.7
53501.2
36536.6
60372.1
35137.7
50616.5
34680.6
43614.6
39925.3
81772.8
33202.6
35772.2
42921.3
31247.3
39383.5
60523.4
48435.1
59841.2
40247.7
57956.7
55968.8
35005.5
48680.3
50865.8
33436.3
53487
27008.7
39516.2
33250.2
39378.1
36488.8
58881
29144.5
46577.8
55288.8
46642.1
33163.7
40276.2
47452.2
52367.4
67405.5
56666.4
49284.4
50798.8
25014.9
41279
67186.6
44793.8
59638.3
48257.5
33522.8
84240.6
46189.8
60969.7
31003.8
48654.2
69783.1
56446.2
31197.1
49422
34650.2
42574.3
37052.5
23505.9
51466.7
55797.3
44392.6
70264.7
33868.4
29951.5
47722.7
55785.7
46270.6
43807.3
36648.3
33558.3
66491.9
30011.6
48344.9
42285.5
34915.4
68954.4
59606.7
49009.2
30094.2
73001.9
25949.1
63188.2
24494.6
54273.2
19497.8
39186.2
38000.4
43088.4
39476.6
54163
25898.3
42395.8
27251.9
40321.8
62430
17661.7
50813.8
46616.1
33991.8
58980.9
37723.3
84748.7
48575.3
54880.3
41006
85082.8
29229.3
63697.1
68083.8
57089.2
42931.3
51071.8
36624.4
49905.7
58660.9
65422.7
31891.5
35592.6
52489.4
44718.4
29767.3
55540.1
64553.6
49955.2
61154.2
48975.8
46812
87652.3
58122.8
53274.3
50445.8
39479.4
53011
40518
58641
45686.2
57281.9
25652.2
63599.5
29547.4
45950.2
79785.3
54203.1
76404.2
67889
32849
60231.8
48097.1
47325.7
62335.1
70829.7
48651.8
39288.9
41834.2
57035
37785.9
42597.8
62385.7
40377
26545.5
31071.2
59963.4
54707
55049.9
49579
37440.3
37171.7
63695.6
50750
43727.1
29016.9
65345.3
56028.8
59992.8
42270.8
61751
60590.2
50491.8
46903.4
54739.8
33457.4
68292.9
32762.2
53184.6
49484.9
35556.2
57918.1
63145.2
72488.3
49224.6
39141.9
67022.2
37499.8
46521.6
51260.7
76647.8
67794.4
57367.5
27643.3
46647.4
50357.1
67092.3
47591.7
63807.5
60153.8
81465.1
43066.7
52275.4
35371.4
47253
67131.8
48271.4
72783.3
54059.9
60750.6
63964.9
48051.5
38094.2
33475.1
52330.6
37463.1
28212.4
42698.6
58980.4
43469.8
49374.9
49525.8
56673
69233.9
36764.6
44045.3
35798.1
39183.6
51949.7
45429.8
43182.6
45426.5
68885.5
38977.8
56892
36769.2
30945.4
62728.2
47687.8
43861.3
43375.5
18040.4
41939.4
41867.2
38626.5
60924.1
31859.4
31827.3
69613.4
44031.7
53110.6
36347.3
44319.3
28562.9
47836.9
37963.9
35091.2
53313.7
39484.7
65026.6
43997.6
44014.2
53580.9
47836.6
54531.8
53555
37368.8
40187.3
109281
42832.8
37484.4
53485
63016.9
37968.6
37714.6
67397.4
67171.3
44859
27974.8
30499.7
44000.6
35395.3
44314.2
40789.3
39279.8
48209.2
49016.6
39617
54485.5
39205.8
59833.2
51373.8
46443.2
33545.4
51333.9
51255.2
33140.1
45170.2
44116
50924.8
54193.9
73213.2
41930.6
47387.8
27491.2
48477.7
62118.6
47983.4
44825.7
74603.3
59162.7
52201
59546.3
67961
36099
78457
68221.6
83263
46982.2
66683.8
36467.1
55365.6
64654.4
60808.9
41088.2
53945.8
54101.6
85459.5
40274.7
76411.4
59742.2
45531.4
59074.9
39084.2
62631.8
65338.3
32478.7
34280
60930.4
61282.7
37449.6
27775
47249.2
52561.3
31113.5
28503.2
43455.8
67828.9
35867.8
44967.3
25451
88459.8
61605.1
33711.4
58336.2
39188.2
49571.2
48284.9
39342.6
49209.9
52209.1
57292.9
53316.7
43170.4
39635.6
27910.2
38885.9
46752
38399.7
66297.1
37673.4
55964.9
29669.2
43779.8
51040
62570.6
32431.6
48796
50934.2
73864.8
73403.3
40436.6
64160.6
14720.7
55445.3
41345
30232
64295.9
65411
50185.1
38328.1
59619.5
34034.6
50822.8
59233.4
46998.1
54988.7
40870.3
45230.6
62236.6
48225.8
60413.4
73091.5
65755.8
62354.2
55715.1
36793.7
60324.6
48353.4
35471.7
55248.9
85030.2
70567.2
51339.6
48645.7
44592.2
37491.8
42291.9
82967.5
54088.8
39599.4
44132.3
53179.4
61462.9
37222.2
45260.6
39548.1
28747.8
24348.2
52215.4
57446.3
44552.3
68315.3
58973.5
46620.6
58600.7
43721.8
49512.1
27987.9
66241.1
60214.7
46573.3
75172.9
45584.7
70886.8
61441.3
61466.8
51314.6
40126.2
41830.6
44388.6
30677.5
45942.4
38783.2
63513.4
49356.9
56813
48534.2
55242.5
35477.4
46788.6
52161.4
26000.2
49901
40333
43210.8
57491.6
66439.8
57980.1
52747.8
42552.2
54433
34043.4
42147.8
65788.6
38385.3
54578
44755.3
71547.2
59208.2
47218.5
46159.4
45776.3
49140.9
57342.2
45584.8
42369.2
42426.9
31175.7
44869.3
58079.8
31819
46012.9
53464.6
55667.5
41443
50175.8
52788.4
78946.5
57416.6
48301
42434.8
36186.3
55919.1
63015.8
62455.9
73416.6
53758
73877.9
50457.6
43484.1
71676.2
59032.7
42294.8
53771.3
45279.5
55544.9
57012.2
42442.1
65217
56623.9
56969.4
54626.7
33750.2
62530
37941
44597.1
57463.5
50353.4
45959.4
35081.4
49224.6
45785.9
64097
56832.9
75281.5
50963.3
46102.2
46201.4
63935.4
39908.1
49015
55449.6
42700.5
46628.2
44853.6
46814.4
61368
61311.3
49396.2
81280.9
33325.8
36006.1
39188.6
39823.4
36313.8
59450.2
57489.8
39658.5
58930.3
26244.6
40223.4
53699.7
77999.5
42550.1
57956.3
34760.4
24390.6
27905.4
51796.6
46820.7
64101.3
35610.1
55463.4
39295.3
39364.1
47208.6
50582.6
76562
48830.7
31614.3
41913.4
59932.2
48792.6
58440.2
48928.3
21938.6
40627.5
51110.2
83389.4
76075.6
62279.9
24189.8
56784.9
27770.5
65398.4
63489
48544.1
63013.5
45780.2
48233.2
35278.6
49681.7
36594.2
55728.6
47695.5
45030.3
47712.2
73159.4
48469.9
46382.3
77040.4
68760.2
57503.3
50189.9
54190.3
32647
29902.6
46902.6
61238.6
62971.2
63207
51094.5
66769.8
46244.9
66279
60726.4
67931
31161.2
45173.9
35194.9
51669.9
45321.2
60131
45875
63920.6
42714.6
85692
54250.4
47761.9
51320
42581.1
54716.8
50849
49111.4
41155
40931.2
32974.5
51898.7
54216.1
34007.1
49240.5
38310.9
42036.5
43728.6
43558.9
31008.9
51365.8
67287.6
54421.7
47784.6
30447.6
52755.3
60645.5
52721
87417.4
42680.5
49096.3
34842.6
36153
28336.5
29611.8
40955.2
37025.2
57849.6
45396.5
39033
34971.3
51584.3
54237
48917.1
42148.3
48730.1
51195.1
41400.5
38205.9
48355.8
41727.4
35930.2
56486.8
67116.8
52726.2
58308.7
36174.6
48790.9
43538.9
44004.7
52392.9
40390.4
74588.9
55029.3
43221.1
29516.7
76708
58837.9
22647.9
52763.1
70023.1
62885.3
66254.1
78995.8
43775
45094.1
43862.5
37679.2
52803.2
60982.2
60158.3
55551.8
42641.6
49215.6
46985.7
49310.1
42871.8
62848.6
74647.8
24741.5
29487.7
52632.7
62692.3
40823.7
52256.3
55564.2
42631.4
44574.6
62854.9
59312.9
67584.8
39435.4
63679.9
48008.4
71096.2
56161.2
63411.8
48478.6
56086.2
54158.3
53082.6
34199.5
37061.5
64420.1
44611.9
86167.3
45485.6
49096.2
50240
68751.6
45133.1
57691.2
38337.9
52681
45210.7
61692.6
67520.6
55723
68017
45366.8
64784.1
33317.4
44793.4
29029.2
41726.7
70144.2
34801
41998.2
58036
41803.3
66430.3
40356.3
36826.1
49543.5
29893.4
42890.2
37185
52630.1
84315.9
54484.1
38799.7
37101.9
37222
22436.5
31500.9
39832.9
39021.8
52856.4
36652.2
55735.4
38960.7
48221.4
30401.4
52334.2
28490.1
55013.8
64662.2
34441.9
33007.3
44684.7
36779.9
27645.9
35517.5
56463.2
45238
28998.5
27874.5
53666.9
41518.5
68645
24093.9
58414.2
27882.1
38911.5
42459.8
83199.7
61682.6
37212.5
37313.4
38965.2
43474.9
48971.3
42167.4
37381.4
33538.7
58925
72884.8
66592.3
34693.2
50129.1
41912.9
36144
32947.8
31526.2
52669.3
53621.3
28968.6
39468.5
50298.1
52358.5
80149
52164.4
50005.9
32155.5
38110.9
48144.3
40447.7
32059.8
51740
41654.2
29005.9
48239
54067.8
33355.3
63103.1
45971.2
66307.8
44814.3
52649.1
21542.3
56804.2
23171.1
36718
70866.6
45157
72304.6
42154.6
38927.4
51586.8
23222.6
50009
43437.8
27474.6
35688.1
52989.4
33140.2
55024.2
49191.8
61067.6
32523.8
45127.4
55568.6
55108.3
32616.5
46231
52384.5
35921.6
42222
57457.1
64318.6
42364.2
58056.4
25492.6
60279.8
42502.7
51485.2
38967.4
53564.6
43448.8
43144.2
27120.3
49461.4
44180.8
43724.8
70564.1
55282.1
34550
36158.2
44449.3
79523.4
41919.7
46645.7
37705
41024.3
35802.6
51459.6
43521.1
33120.6
41550.7
44061.9
36687.4
54563.4
33658.4
57506.2
41516.1
47207.6
43724.4
33722.5
31474.6
34364.9
43098.9
46538.1
24053
40620.6
36052.1
23027
31451
52440.2
46619.7
36627
45271
42055.4
56349
39309.9
22832.8
24258.2
63713.4
55078.6
32929.4
63260.8
66736.3
31047.4
48161.4
44725.8
28150.2
24782.7
37978.9
68651.3
71159.9
39246.9
64232.2
45920.3
38635.6
54955.1
68403.5
39429.9
65606.1
40426.1
46671.4
53378.5
52577.7
63512.1
52892.3
77895.6
63137.1
25206.8
43990.9
52387
51938.6
54521.8
45820.4
32579.8
33634.4
60176.7
52744.3
50846.8
54740.2
35338.1
35750.6
44718.4
63411
42589.6
37548.7
51041.8
43730.7
27681.7
29871.1
63417.5
52356.2
40125.4
63302.4
51079.8
64460.5
50092.4
41334.5
52445.9
68678.7
72101.8
31779.4
55712.2
59665.7
32313.8
42758.6
53148.4
35315.4
37194.4
58170
36894.8
84303.7
60127.2
37231.1
97958.8
56038.4
39744.8
57297.4
61096.2
55566.6
60696.6
44054.2
49288
43637.3
46177.1
68736.3
74303.8
68431.8
38376.2
56470.2
39048.6
46236.1
55601.3
61710.3
63601.4
63408.4
49243.4
84755.4
47625.2
37957.4
40453
65871.7
50254.6
57504.9
56619.8
45145
52897.8
55974.4
47169.2
55798.7
47947.9
47859.4
70321.5
47808.1
44375.8
63933.4
43276.8
46841.3
44536.4
36393.8
41767.2
41338.8
41835.4
63887.8
32739
31712.8
31690.6
45841.1
25240.4
44051.2
42821.4
43073.2
60928.6
34954
67545.6
24968.6
29580.6
21676.2
54768.4
36525.8
62834.6
71663.5
49746.4
43780.3
43478.9
41143.5
42677.5
68421.9
56133
48682.1
68777.4
51526.2
37522
37094.2
58908.6
68082.4
62330
70125.2
25390.4
57599
51767.8
50990.9
88392.2
39671
61235.8
71996.5
59110.6
56391.9
31342.6
37183.9
57204.1
86948
56847.4
45080
50969.4
56539.8
67178.4
36926.8
64981.2
52188.8
39015.3
64884.6
67455.8
46452.4
54940.6
36171.2
47874.8
70502.4
58292
57254.2
29338.7
62543.2
40652.2
44837.4
41273.1
54852.1
36291.9
44993
44678
32852.6
56734.3
63049.3
53822.2
35307
33928.4
41448.6
53666.8
48779.6
51312.4
34138.4
41223.4
44789.9
26219.6
69000.2
63190.6
44211.8
51890.2
34281.9
28235.6
53710.2
39575.4
57356.9
45699.7
29601.9
39005.9
46979.9
39622.1
37024.6
51393.4
66203.6
32715.9
42128.8
60919.6
61049.4
50280
55719.1
25058.1
43565.3
56455.5
30536.4
46969.1
40579.5
56802.9
39524.2
37201.5
79322
52087
39167.4
45541.8
50753.4
44893.3
70423.8
43191.2
55936.9
31241
63017
45259.5
47368.7
64995.3
47461.3
68313.3
42848.8
29032.6
69452.6
46641.9
52511.8
38157.8
32780.3
56533
57124.6
68039.8
67897.1
34841.6
69577.8
46796.9
47640.7
61523.8
46629.5
40703.1
48448.2
74569.5
55333
71857.1
73468.8
31297.5
33154.4
39782.6
46930.8
57581.8
71315.9
33659.8
44050.3
67903.3
74902.4
85523.5
47209.4
54702.7
31472.2
41192.4
47098.4
34166.4
54830.5
53066.4
44700.6
25605.1
48796.8
61848.8
29742.6
62329.8
75281.9
36584.6
39075.8
80107.8
38589.2
40706.9
27120.8
43118.1
55005.4
49276.8
43484.6
37728.2
59999.7
31701.7
49338.9
42569.9
55427
82571.3
55430.7
49236.4
75274.8
31715.4
34542.6
25872.5
42370.8
39128.2
42044
78841.4
28542.5
49033.1
58709.2
29104
46087.4
54545.3
45666.6
46659.5
31199.9
53895.8
58873.9
39657.3
34893.4
50846.2
63297.7
28060.7
87195.3
40805.2
56941.3
33682.9
50400.7
21249.8
45660.9
50180.8
33311.8
52269.8
38563
33396.3
58078.2
40325.1
35920.6
44613.5
48329.5
42114
37214.2
54596.5
63377.1
37660.2
52454.4
53090.1
28020.4
43575.1
33799.8
67060.5
38364.6
30551.4
65073.2
64462.9
52996.2
61699.4
59959.8
55385.5
43599.9
51182.7
71360.2
31725.6
48078.3
44394.8
46401
41642.1
53679.3
53218.3
37565.8
46804.2
60984.3
53616.2
47634.2
56139.6
67829
55970.9
68593.7
71775
48814.3
54224.8
51499.8
36400.8
44581.4
55620.9
52376
60631.9
45097.8
73447.1
42302.7
86028.4
69424.6
32964.7
53069.8
35347.4
43849.8
38628.7
33873
62885.3
40188.9
65077
40791.8
47056.7
49791.7
40062.6
65223.8
33887
36121.9
35459.2
55684.7
55159.9
41579.2
44998.2
47147.6
39230.6
50939.6
38661.7
54908.7
40654.4
44804.6
55162.3
52218.3
39150.7
64464.2
56669.4
54273.5
84932.7
48012.8
37121.5
43333.2
28754.4
44427.5
45074.6
30588.9
75295.4
72448.7
35541.8
38653.5
27921.7
36505.6
65227.3
63358.5
69788.6
48372
46820.8
59705.8
39180.5
79162.2
29104
39519.6
46995
57564.4
41258.6
75217.4
40111.2
41747.6
37374.2
60677.5
46027.4
38407.7
29765.1
64894.2
33799.8
71765.6
53784.3
68614.5
50580
39052.1
71595.5
43641.6
27206.8
43130.2
28795.5
40089.4
51745.3
60378.9
60511.8
65566.6
43551.8
44963.3
54871.8
45492.6
35470
52868.2
40580
43614
56767.8
59571.4
52493.9
54587.1
29266.2
43059
44157
40637
48749
35781
54374.7
57528.6
84410.6
39518.4
41974.2
68892.5
42847.4
47957.8
51343.1
63063.3
42915
37492.2
54443.1
62313.5
58071.6
28051.6
50970
30319.4
44931.8
49296.5
37537.3
76925.9
49852.8
46888.2
23239.7
43473.5
46675.4
48682.2
29933.8
32945.2
34359.5
54074.8
57334
41096
30706.6
39705.1
25559.6
60767.5
46261
68645.9
44492.4
42993.2
55208.4
51932.5
79602.6
44801.4
59750.5
48079.6
41113.2
51999
47689
50257
28576.8
72073.9
40321.8
39462.2
49219
58758.8
46794.6
60241.6
50176.6
38770.5
59892.6
58287.8
43200.7
57608.8
32785.2
42815.6
60810.9
42035
65527.4
27436.6
68173.3
64002.3
41780.8
56555.9
104992
60971.5
53968.5
71579.1
48383.8
48314.3
58355.2
73738.1
59751.5
38848.4
39555.4
53597
41852.1
39071.4
65997.1
68626.4
58157.5
76087.1
41152.3
49198.2
50824.6
32771.4
50587.4
60928.9
60405.6
60529.1
40738.2
77517.9
66886.2
62413.8
55532.8
43874.6
92321.4
43786.6
38756.2
60601.3
36317.8
67709.3
60660.6
54487.3
40201.9
62147.7
39285.1
62079.8
54232.6
64656.3
49750.3
50317
51518.2
41342.3
75879.8
26353.7
38360.1
57438.2
33557.8
40040.5
59073.9
31127.4
55986.6
37458.1
50251.4
34109.5
73901.4
37619.2
35597.7
48457.4
41947.8
25018.1
45692.4
36299.4
82672.9
52990.2
34395
38674.8
45505.5
45719.4
22789.6
61563
49273.6
62120.1
56117.6
48279.4
42234.4
38307.8
44959.4
31541.9
37588.2
71390.4
38438.8
63693
56469
45523.2
38696.7
33246.5
36562.9
49199
33222.2
52547.8
57184.2
33709.6
53117.1
36371.6
53129
54263.7
48577.2
33773.4
49419.3
34393.6
54745
60174.9
75131.4
45182.7
39457.6
36142.4
63638.3
61340.2
75984.8
77325.8
45275.4
31915.3
51027.6
39084
30796.5
70833.4
37827.4
51707.2
35164.4
29337
70195.5
43633.8
67544.6
87662.3
40720.2
44168.6
58854.1
46430.2
28117.8
80792.9
46333
41384.6
64012.5
49225.3
55310.4
56607.6
47431
24865.1
40187.2
55090.2
41512.6
43721.8
47375.7
69610.2
21957.4
42788.1
52541
72523.6
58445.2
60351.8
34344.6
71054.1
74875.6
35366.2
39739
34083.8
44599.1
42642.7
64459.8
44306.3
48933.6
33914.6
32689.4
36704.5
33945
53419.4
56127.3
47992
42855.4
50527.3
33236.4
34604.8
70998.3
69077.1
39661.8
35854.7
37715.8
39318.8
37525.7
44659.1
41130.6
112224
62270.3
51602.3
50107.4
39384.6
29003.4
62806.9
56569.8
82424
38888.8
33983.2
31916.6
31722.9
56815.6
34614.6
67119.8
49309.5
26552.6
43383.5
50123.1
32491.7
50478.4
53960.4
30448.3
35881.4
29992.8
53959.8
54048.7
47895.4
27569.3
42491.2
49930.9
54163.4
47164.8
46539.8
40399.8
40454.8
49638.9
54719.8
35844.3
37963.5
40079
42805.4
58952.9
52211.5
47340.8
45422.3
53620
58807.7
51190.5
51200.7
54681
26866.3
41075.9
78226.6
38383.5
56525.2
45906.7
48896.3
52874.2
57853.4
51673.1
52301.8
56489.4
44559.8
36175
42608.1
51133.1
44004.6
67144.2
29855.4
44181.4
65653
56512
70059
46056.6
44162.1
55829.3
37766.1
69935.3
53814
26789.4
61956.6
46903.3
32526.5
79791.1
39802.9
53113.6
32223.8
63073
70119
57496.6
42855
45838.1
36698.8
56186.8
52843.9
74637.4
33413.1
56788.2
49931.3
49097.8
45508.2
65931.8
36808.3
53351.4
48717.4
52038.8
56570.5
50948.3
41720.3
39023.5
55004.4
57130.8
56115.4
46578.4
38757.6
46298.5
50228.2
54352
42426.1
81920.1
55059.3
35748.3
46241.1
45156.1
55427.2
54515.4
52476.8
60061.2
41825.4
61046.2
59268.1
38610
69126.2
30206.6
54880.5
77014.9
47791
60959.8
64583.8
32525
37436.9
68410.6
37160.2
59273.9
60588.7
76440.3
39411.2
52704
63645.8
65073.8
29278.8
33173.6
56201.8
45965.9
76684.2
55604.6
57291.6
39756.9
55154.1
47177.3
45654.8
43515.3
45199.9
48570.6
56629.7
54635.4
40799.4
43441.7
51002.2
72175.6
76779.9
74046.2
79433
74955.5
58269.3
35011.6
52618.6
60421.4
55032.2
57758.3
42308.6
27548.4
63406.5
53203.5
55323
41390.6
51315.7
37751.8
73552.6
52503.4
43266.2
78798.3
48428.6
53891.9
38671.9
34742.7
59419.8
72170.2
48220.8
71314.6
35432.3
53657.5
36452.5
52739.4
60709
49890.3
51148.6
60071.2
40926.5
70614.4
55426.1
50226.8
65335.7
46713.4
52249.6
23568.5
71597.8
34813
59937.1
44555.7
25949
44271.7
68305
53883.8
48000.6
68313.4
48228.2
59244.9
50209.2
47425.4
53168.3
44726.4
58341.3
47478.5
63145.8
25948.6
50685.6
34414.4
30296.6
74817.4
32761.1
44203
67666.7
53606.2
50363.5
38378.6
38588.2
63670.2
69625.1
42184.5
47259.4
32815.3
52403.6
62840.6
45736.5
30857.7
27685
45409.4
45745.8
47060.4
85496.8
44016.2
53899
19616.2
50392.7
66911.5
35537.8
45701.8
41551
45558.6
50802.4
61721
39284.2
31220
46114.4
57780.9
35243.1
62192.1
56370.8
55379.8
39392.8
46624.8
55293.1
46165.1
52422.7
43346.6
45876.6
57283.5
47618.6
35196.3
40631.2
47761.1
67693.7
47875.7
34300
64534.6
42862.4
39419.8
49709.3
61576.7
27707.6
42819.6
43862
63895.5
72084.6
63959.5
33439.4
49344
42460.6
56642.1
40963.5
67152.6
44061.4
49036.3
24260
76039.6
28510
35577
79637.9
50800.8
47625.6
38221.7
41040.3
45538.2
48613.8
43985.4
74873.9
37925
30997.9
64080.6
53673.3
47293.9
34658.9
37688.9
36639.5
40370.1
33346.6
49092.3
35053.9
57458.6
46941.4
34096.6
39142.2
28508.7
37543.6
36826.8
53561.7
39095.4
58360.2
40039.8
29177.8
63772.2
36581.4
48456.8
52164
51153.4
68198.8
52253.9
39483.4
38595.4
58077.6
27418.8
43668.9
49024
45508.1
35617.8
26066.3
52075
62733.9
58195.8
56779.4
31917.3
51545.6
71391.4
57558.1
65287.5
62524.2
65190.7
45319.4
66480.6
69683.4
64430.7
56860.5
101228
36660.2
81061
38279.9
80614.4
40231.4
63599.8
62731.4
32920.6
69640.4
45838.3
39797.2
27949.9
35216.6
53059.5
34254.3
42972.7
44426.5
62120.1
63971.9
41157.2
37530.2
85961
41825.6
41149.4
59841.8
60071.7
75288
50849
46970.9
41306.6
25994.2
49238.6
52016.6
44729.8
46969.9
27222.3
58701.2
50316
36903.2
43729.2
65521.9
43370.2
44831.4
49014.8
65437.8
35456
82109.4
45624.2
66798
44435
67813
44144.4
57217.8
67461.8
49354.1
48546.4
68193
32411.7
44409.7
58705.8
51891.8
58152
49163.4
65066.3
23642.6
73068.6
58765.8
39479.1
46076.6
34329.9
39744
44678
52756.8
62637.8
36992.9
42221.7
41705.6
72288.2
69189.8
30810.2
49946.7
43946.3
39975.7
49351.8
43928.6
51136.9
61286.2
38370.4
56164.4
37348.7
47793
48708.2
56804.4
46594
48040.8
67092.6
42048.1
44222.8
70956.7
69782.3
39015.3
55988.4
46946.5
61689.1
37640.8
37969.1
44451.9
51104.6
41546.1
45604
55687.7
58499.2
37249.4
43133.2
80957.1
50268.1
35402.8
28611
21329.2
33237.8
33143.6
40456.5
45934.6
45257.9
44792.2
53852.1
43438.8
46397.7
46078.6
49083
34339
23519
67571.3
70735.9
44782.7
48770.3
54551.8
43437.8
31091.4
58406.2
59476.1
35664
37825.3
49213.8
33731
60762.5
28835.4
54851.6
36231.3
36170.6
40196.3
45534.2
32783.3
48383.6
46389.6
48746.5
68313.6
34514.6
34686.2
23527.6
39672.7
16949.6
63736
54749
32046.3
46919.7
41145.2
44806.2
16770.1
66564.6
30457.7
22120.9
26648.7
43515.9
62348.5
30873.6
56400.2
49098.1
35837.4
32479.5
38359.8
59291.4
63447.8
30288.1
28702.1
41045
37105.9
27287
54830.8
52626.1
51797.5
37579.5
42838.1
61562.9
53074.4
60238.3
52755.6
46581.4
27569.4
65897.8
57139.6
48147.3
47028.4
41360.4
40633.2
53103.8
34883.3
59897.3
55053.9
64583.7
48412.5
83822.5
70538.6
55088.6
59733.8
53559.3
40909.8
35888.1
48434.7
46127.1
46697.5
28316.4
59472.4
42267.5
71633.4
67063.4
42368
32362.7
25367.4
40481.1
34968.2
40073.4
66698.8
25550.2
28915.8
44235.8
30775.7
44277
38865.9
37918.6
41005
40403.8
46051.5
37966.3
27939
31899.5
50176.6
72599.8
44056.3
44229.5
51673.3
64307.8
24301.9
40676.9
53370.1
40043.4
64004.5
33975.7
63244.8
49771.8
56607.4
36366.8
56915.6
44768
36642.2
36923.7
38695.2
42138.6
65992.6
28708.6
32339
22279.3
58715.8
18468.7
28753.2
22957.1
44533.1
33311.8
29377.2
59678.7
30991.4
26350.5
27592.7
30123.1
39832
33926.2
46264.4
36395.6
33011.4
21744.2
24023
46323
32685.1
48046.8
15038
48352.2
85393.8
45407.4
48635.6
42621.2
46825.5
23930.6
45404
67713.2
53287.4
42565.1
53698.2
34032.5
51801.5
43184.2
43752.2
71953.6
38888.4
54133.5
56727.6
63485
57401.5
38766.3
29557
37357.2
63643.6
50931.4
45725.5
50769.1
53039
28771
54878.6
51171.6
35250.6
58488.1
42404.6
38313.8
36715.6
74352
56764.1
45806.6
25225.1
59525.2
35745
54226.2
52323.3
31258.6
54896.8
64164.7
61259.8
43341
44169.7
65648.6
65406.1
41194.4
48637
49987.6
63572.1
40098.5
58521
45058.3
50898.2
39340.2
37211.4
54828.7
57080.6
49267.3
68495.4
65228.9
56565.1
45294.2
72695
46458.2
48704.6
40437.3
34128.9
44798.2
40692.5
54066.6
47781.7
29131.8
32607.5
48820.5
36139.5
61842.7
67220
43056.2
57857
70887.8
30997.3
38988.4
44266
38464.8
68359.3
54053.8
55249.2
53677.7
29831.1
60667.2
56451.8
45190.2
67854.5
44928.7
33516.2
31392.5
49311.4
56715.9
34137.2
33771.5
32356.5
63256.7
60936.2
42168.5
48782.6
39566.4
37470
26777
53174.6
67593.8
60401.1
44527.3
36257
51448.2
42527
22549.8
55762.7
47311.6
38845.1
66612.7
67847.5
28103.4
42394.6
58873.8
38284
60709.8
41446.8
37932
50215
51257.1
39322.6
51350
36414.5
28925.8
36919.8
43478.5
46869.6
70983.4
44412.6
37465.8
50213.4
23643.3
40201.1
35351.5
51056.4
38211.6
29733.1
45265.7
37259.8
50741.9
40381.4
40737.2
42697.6
43197.3
43529.1
60844.6
37558.6
64511.1
29273.2
50196.4
52060.7
29350.1
40064.2
39568.3
50723
25482.5
21366
51509.7
44423.4
29778.2
45510.6
48232.6
40942.3
49930.6
58861
50490.7
38724.2
44367.8
48572.3
40588.8
64502.4
47367.6
48426.6
48208.8
57377.2
55464.6
40583.8
26543.4
67912.9
78347.5
58415.6
61197.3
33661
42946.6
58339.9
32968.4
49125
65619.4
57695.7
75715.8
58125.8
66421.1
80526.1
47597.3
47218.2
64114.6
44281.6
46190.8
78544.9
55567.7
49973.4
48970.5
51026.6
32500.8
76070.2
46652.7
54664.5
55629.5
61975.2
77758.5
24924.8
46699.9
66182.6
75470.6
71991.8
42819
45119.9
48350.1
67504.2
55466.9
28425.3
62002.7
23544.6
31438.2
42407.2
48625.4
44433.6
57915.5
51237.2
30277.7
54771.5
54527.5
21702
65873.2
45578
30798.1
34749.5
35581.6
64196.1
61154.6
52122
48909.8
28791.3
46840.3
61079.4
50458.3
51123.8
66100.5
58096.6
29607
30584.2
68115.9
54868.7
43132.7
28834.6
48097.8
20780.9
39192.6
43428.8
45294.6
35899.7
35437.4
19881.3
45248.5
40622.6
24807.4
47069
37436.6
71168.9
46578.4
42412.9
59701.3
49183
47169.2
53107.8
35145.1
51529.4
40753.5
55732.5
35429.5
40347.4
33545.3
33411.6
73621.9
22335
31009.6
38694.3
48041.4
30031.6
51581
23516.7
35106.6
37287.8
37479.9
37476.3
53789.8
42684.8
39838.3
44735.2
47212.9
36406.5
30954.8
46950.9
37141.7
57074.3
30721.3
51008.6
62487.6
48104.4
36481
34218.6
62132
16731.3
39527.4
53720.7
44480.6
51411.1
42247.4
43222
44684.1
47925.7
49484.7
64960.2
39241.7
39882.7
50596.1
38773.8
36590.1
43477.9
47822
38646.9
36382.6
67027.2
44015.6
50374.2
73603.6
46308.2
59333.4
72816.4
35951
48970.8
63661.1
36438.5
30122.4
38443.9
53667.4
31797.7
51000.7
43218.6
59641.8
68639
32975.1
28830.4
48124.3
39215.5
52906.2
60757
44417.3
60223
66963.8
47290.4
45217.9
61124.2
65183.3
54750.6
48752.7
46596.6
88486.2
89365.5
84386.7
45459.8
61479.4
46304.3
35138.2
50355.8
61309.4
55575.8
57494.8
57752.7
42517.8
43736.2
33241
51303
73022.9
41835.6
119234
93475.6
51424.6
42189.6
31364.1
42755.3
45216.2
38622.2
70269.8
45922.9
31334.2
40969.2
47094.9
59229.1
40309.8
45437.2
41893.9
57607.4
39505.8
40284.9
30451.8
42578.5
47888.9
53014.9
65265.4
65609.2
47747
45465.4
45870.5
40481.2
47472.8
42293.4
66214.9
34175.6
58444.5
109496
50121.8
43851
65383.4
72029.6
51845.2
69146.2
66177.9
54862
72744.2
61142.2
28910.5
40111.1
37425.8
31438.8
33203
53310.6
51868.7
40717.4
59361.6
40393.8
41931.1
49750.5
38553.9
46708.5
30595.4
28931.4
43769.7
38806.4
26553.8
50830.4
41190.1
57654
34584.5
33468.3
40213.7
31607
50339.3
45183.8
40648.2
39223.6
35098.8
65026
41791.5
43419.5
46413
51046.6
34720.5
38716.1
46018
47522.7
55277
59252
66627.9
47224.6
40819.4
26328.1
36828.5
43322.4
32963
57474
38719.3
37403.4
28509.2
79164.2
40203.5
45254.3
37275.7
42789.8
50817.5
39908.6
33861.6
44174.6
55641.3
51456
32661.8
60416.8
45230.4
45723.8
37559.7
40689
51669.9
33914.2
81787.8
61175.4
61835.8
27687.6
42994.7
52787.9
51703.8
80132.3
47041.7
32497.2
41353.4
30959.4
58933.8
48562.5
54574.2
61218.2
53338.2
71139
31157.2
50050.4
65493.8
58859.9
41666.3
62496.3
39574.1
73550
53518
50325.4
63646.4
66921.8
43400.9
26473.6
68683.7
50695.8
84296
23884.3
49950
45118.9
41021.1
36017.4
57237.3
45460.6
59132
65745.7
25091
56388.2
65199
81477
38546.5
36423.8
42695.8
46280.6
35375.8
59038
39703.8
39164.9
28654.8
60400.4
52429
74204.9
47623
32239.6
40114.9
35998.5
53123.4
46615.4
34662.8
78383.5
47661.9
38621.7
36542.1
64516.2
45660
60340.5
68835.3
20801.4
43495.4
59365.3
50416.2
47782
52454.7
55147.8
68264.8
58570.2
41683.8
64122.3
48675.8
50051.8
45767
55677.8
39119.9
35521
29241.7
60812.6
32958.4
38594.3
68096.5
48416.3
52287.1
47743.4
47125.8
65729.6
52768.4
54230.5
37201.5
47111
60872.8
55893
31493.8
48482.3
28301
43268.6
42784.8
45793.6
56196.3
35922.9
72234.9
23319
29522.9
72790.8
46016.9
42857.8
56584.6
51117
26899
64070.8
49239.2
30827.4
66648.3
67254.3
25084.2
42112.6
55255
37213.5
28468
68114.3
42416.5
66516.4
63869.4
53726.6
60944.2
47074.9
33760.1
45095.8
39538.4
34533
43825.9
39538.8
59435.3
71642.7
23254
38991.8
22002.4
51867
43523.3
65634.1
74311.8
44967.4
49657.8
53708.8
70035.3
47994.3
53970.6
47017.4
30192.6
38996.8
47125.1
48339.7
38085.8
38173.3
56955.8
49062.6
62665.9
42513.3
35104.6
41731
40448
36786.6
92069.5
57712.4
40593.8
30476.3
36863.7
34595.2
44673.1
61296.3
38194.1
30058.4
41909.3
35675.9
48948.8
57842.7
34994.2
37035.6
33424.4
65691.8
50891.1
32468.6
31714
35538.4
39380.3
39125.6
55554.1
64553.3
42084.8
35458.2
35437
39695.5
56964.9
50719
63752.5
43647.3
30568
34425.1
41953.9
43426.6
30990.9
51286.4
59777
51385.5
36978
41086.9
29542
29569.5
26755.9
61585.3
42330.3
24946.6
20795.9
34180.8
30029.4
49302.5
34033.4
31698.2
35491.7
37236.5
32229.8
53090.9
23693.5
30455
38756.8
37787.5
36269
26734.9
65644.9
44090.9
59454.6
53228.6
62718.6
35631.9
51776.4
42756.2
40131.8
35230
48790.8
43189.7
29839.2
34040.2
37007.1
34232.6
42606.1
49363.4
42767.4
87404.5
20470.3
47597.2
46408.5
49731.4
39297.5
34276.6
48558.6
39097.8
69643.1
35682.9
35285.8
43937.4
48831.2
39331.4
39547
48554.9
49279
63362.5
54288.2
66648.7
33792.8
48215.9
51220.4
56016.3
77977.5
24925.8
42425.4
76675.4
32063
37368.1
52194.6
68505.5
36757
47569.5
26982.2
70113.4
26300.2
45451.6
28942.9
52009.6
46295.9
63566
56404.2
56276.6
41047.8
46957
34877.4
43772.4
43585.8
98779.9
45574.6
50296.2
28764.6
38363.9
52844.6
29200.9
53893.2
44723.2
40775.8
24646
61629.4
33255.3
48366.4
61743.6
60949.3
14803.4
44394.4
47162.1
44175.4
66791
34906.9
47341.4
56682.2
26225.5
35410.2
84453.2
39817.6
40282.6
38080.7
45613.4
40004.6
46067.9
41156
83526.2
37274.5
38714.8
39110.4
40393.3
39448
60807
31797.3
41429.4
53436.9
38070
38939.7
66874.9
89647.5
38178.6
67996
40310.6
49790.3
49909.4
60028.8
77350.2
48910.3
44993.6
39644.1
60632.1
48454.1
36571.7
71772.2
60928.9
35192.6
48470.3
65169.5
30698.1
27343.7
53227.7
72965.8
37744.2
46226.1
65968
50957.4
56225
34218.5
55328.2
38821.4
57931.8
54320.4
38015
71535.7
45511.7
34467.7
51272.1
36353.5
47869.7
41034.1
65731.4
46145
49800.1
52032.7
53775.7
40120.5
42936.3
39280.9
33116.6
54931.5
57967.6
45877.5
43909.8
50782.8
44109.1
45688.2
87780.6
39073.4
55173.6
65156.3
44076.4
48076.9
37443.6
61295.9
41018.6
29295.4
60510
37594.2
65693.4
46565.7
39280.3
48074.9
52745
53529.5
66568.2
64738.9
46543.4
30726.6
36978.2
38159.7
46533.3
53870.3
47489.9
52267.8
36861.3
38306.4
46571
68505.4
58211.8
37099
39869.4
37174
27344.3
57910.4
39655.8
36641.8
48549
46980.4
56769.9
37114.8
41419.8
32156.6
42918.2
47214.2
70744.6
45263.2
54809.4
29401.5
24663.4
46090.2
43406.2
41465.6
32190.6
53925.7
25859.5
57563.4
36609.7
31356.8
30842.2
45817
43711.8
42807.9
25489
39583.7
27687.6
42110.9
49397.9
60127.1
53161.5
40041.3
38225.1
24684.6
52382.6
46364.4
46557.4
40446.9
79182.6
25082
53866.1
35338.9
59271.6
35762.2
33369.7
34488.4
59043.7
31352.6
43513.2
59129.8
35216.2
30258.2
73159.2
38780.4
56380.9
30805
74378.5
32581
37675.7
51744.5
40557
50362.9
36150.1
27715.8
44430.6
22180.1
25856.2
45046.6
25476.9
44544.2
36196.2
65390.3
31143.6
38971
60163.6
34842.2
44419.1
47985.7
29893.5
55091.3
59575.4
50142.8
61661.5
52731.7
46142
55722.6
45120.4
44875
59255.6
53235.3
36672.8
36013.4
32407.7
40511.8
54478.8
68026.4
40879.3
50714.1
53065.3
36725.3
54591.5
33461
52057.2
50488.4
71384.4
42235.9
65146.2
47348.7
57251.6
40292
69955.8
46420
32030.7
49405.5
34869
78877.5
56569.8
57277.9
51704.6
34692.3
44628.6
62231.8
54126.6
68446.8
63414
65875.3
48164.2
55362.1
38161.8
39214.6
81847.5
32657.8
33740.3
45071
55375.7
68732.1
49051.9
45436
56134.5
36427
46057
17583.5
35552
52166.5
61627.7
36190.6
31273.8
45323.2
42084.5
50617.7
57106.8
56675.1
43937.1
39919.7
60531.7
28649.6
54783.2
45216.4
32094.7
65072.5
59260.2
39028.3
50907.3
61244.5
65344
38615.3
54961.4
36543.8
61790.6
48589
81429.3
37369.9
47284.9
67804.4
48363.5
48777.8
27601
42055.5
57469.9
46362
43222.2
56660.5
64627.4
31505.1
49227.4
43887.9
30351.3
39938.3
59005.6
36169.3
89406.3
27626.7
43610.9
56509.3
61012.6
93233.7
61557.4
42383.6
40322.7
34879
44624.2
40567.4
44780.1
50993.6
40420.8
44668.2
36803.6
54065.3
47798.6
39338.4
62614
52307.4
53768.9
44388.7
52680.8
44443.6
58507.5
50469.3
70784.8
52885.2
70319
24077.1
51277.3
25272.2
48717.5
61983.4
50679
58980.2
40847.9
38824.6
27499.8
51223.5
51754.2
55915
54415.8
60010
53028.9
54311.3
58075.6
33569
61687
38918.1
47613.7
37648.1
52192.5
31704.3
89968.8
55039.2
24322.4
41462.9
44207.8
64477.5
66871.4
39578.5
57161.4
42437.2
56929.4
36634.6
32085.5
59640.4
60074.6
62025.4
38142.9
46679
57933.9
37492.2
45230.9
63807.7
49972.1
46520.9
42668.9
92868.2
39632.3
36340.7
49860.6
42670.6
61307.3
65783.9
64067.1
61281.4
25985.8
70709.4
32801.3
32956.2
58117.3
47473.4
68248.5
53393.9
53316.4
49391
49513.5
36454.3
46842.6
36910.2
59553.2
46555
34517.8
46624.7
34619.9
48443
39311.8
95506
73123.9
74592.5
58321.5
53251
54370.2
65607.4
33837
55559.1
47914.1
65564.6
68853.1
61229
36559.2
34696.3
77956.5
67887
50310.4
55192.6
59423.4
66839.3
33808.6
19311.2
62667.8
53690.7
51057.5
45633.8
26261.9
45788.8
59738.8
53640.2
46377.7
31548.4
61594.5
45723.2
50413.8
31508.9
40475.5
44647.7
55889.9
62523.4
40374.5
66755.9
20914.3
66646.1
38500.3
53757.6
43132.2
43240.2
30920.9
30920.6
43027.4
33877.9
39308.8
50126.7
53319.8
36609.7
42889.6
69629.4
34566
34807
57944.2
55550.7
58384.5
53339
49569
47830.6
29509.4
44260.9
56862
63480.1
35173
61623.9
49173.4
50655.4
36249.6
64178.5
42326.2
55561.8
41734.6
53009
64530.6
51329.4
33002.2
57273.4
46150.2
46012.6
49772.6
60169.4
49277
47337
52531.6
40944.1
53115
64632.4
35973.9
54575
49679.6
42112.6
42127.7
53907
54111
46014.2
65663.8
71226.4
38822.6
49541.1
27719.9
54766.6
41280.9
54642.6
57988.7
57905.5
45920.2
66982.6
63614.2
31265.4
50541
49363.9
48765.8
47625.1
30835.9
39017.7
34950
23414.4
52599.6
46432.9
30990.6
47919.3
57618.2
32330.6
51474.3
41976
95951
39406.5
32590.4
48713.4
45056.6
31167.5
33737.4
59739.2
32693.7
41683.4
44087.1
29375.2
55141.5
41382
32680.8
47906.5
50749.8
42718.1
22513
35577.6
44446.2
52547
58250.5
53935.1
45675
49544.6
28730
31449.8
49021.2
48874.2
40196.3
22374.5
47341.1
33372
32040.6
29904.4
60475.1
46765.9
63227.2
43184
63350
32351.4
54138.8
54445.7
51625.4
34604
55174.5
35321
61215.1
58243.2
67313.6
41035.1
26693.8
43464.2
32643
54056
56860.6
43125.7
42586.9
56426.5
33087
46262.2
46530.7
39733
45695.5
52492.4
50250.5
35016.4
49154.6
67763.4
36215.9
44099.3
28070.2
65205.5
45131.7
66027
43205.9
45524.9
85893.3
52092
39158.4
23080.7
31053
37344.3
57411.4
47839
49677.2
47638.6
48320.2
45439
40770.2
44693.7
45779
53547.1
66947.7
33741.1
31027.2
51080.9
50473.3
59602.6
52495.2
55142.7
46780.6
62417.9
30935.5
33842.5
46425.4
67199
34126.6
50197
51574.4
66942
21439.8
39333.8
51749.6
36910.6
77290.6
46739.9
60351.1
52992.8
66375.8
29475.2
41072.2
31539.2
36490.4
44322
57030.2
36397.8
49492.5
44160.6
59792.2
55213.9
44775.3
41349.7
53260.8
50484.1
53882.1
29974.9
60632.1
36499.8
54415.5
52527.8
37438.5
41591
43062.9
26850.8
45075.6
51898.6
57686.7
52530.4
32100.3
73736.2
59674.2
63003.7
40670.2
53870.6
90003
75683.5
58325.5
45796.4
32472.4
46341.8
64637.8
44533.4
91586.8
31956.5
38573.4
26254.2
28704.6
48140.4
70590.6
38349.5
42567
50076.1
33937
52257.6
37842.9
49874.1
42804.5
39414
61471.8
50915.4
39137.8
54158.3
50109.8
37460.1
55972.1
53136.3
36090.4
43295
43378.7
21038.3
38762
36792.2
49847.5
40958.8
27815.7
22516.6
29651.4
46111
25465.3
49556.1
50802.4
40169
67577.3
61911.4
42792.3
40746
51436.9
48235
39142.6
39665
63257.5
29509.8
40842.4
62038.2
40833.4
55080.6
47176.8
62307.8
47535.4
62238.1
56014.6
44545.4
62456.2
45484.3
58745.5
73003.7
39725.8
65839
28801.6
49462
74258.6
62998.4
43057.5
40297.6
46657.6
46200.4
43440.5
51818.9
53325.5
26904.6
41929.4
36944.9
32286
65339.2
48301.5
50831.7
65834.7
44994.8
64664.5
60168.8
41844.3
66030.1
37751.8
42635.8
61029.8
46059
92952.9
65506.1
53109.9
52638.3
38853.2
56220.7
44945.4
61640.9
58980.2
23034.6
62632.1
64482.6
53842.2
61366.1
58448.5
73457.6
59370.5
52121.8
46656.5
41193.9
45326.5
66368.8
38228.7
39800.2
48012.2
62581.6
46549.3
52597
30039.4
32033.5
29631.6
24122.3
71759.8
53160.6
48636.9
78350.5
44864
82249.5
50452.2
44507.2
70405
44124.6
50755.8
34969.2
43852.2
76599.9
78771.6
43632.5
41124.6
49109.3
43122.9
29313.4
49823.7
42000.6
40648.6
53261.4
45956.4
46152
51255.9
43264.7
38134.6
28535.8
56696.4
56287.1
40604.3
38392.2
39301.7
39098.4
45494.5
59853.7
42901.2
34398.9
35940.7
38413.9
35504.1
32752.8
51664.1
34973.9
50938.5
44540.6
74477.3
43377.6
61179.3
34490.3
32241.5
39430.5
32637.4
42858.4
48353.2
41598
54346.2
29496.4
24488.2
67129.9
58718.9
25929.3
44940.7
37114.2
52791
45908.6
39670.8
64914.3
41218.1
38985.7
39735.1
41473.3
56822.6
60774.3
52835.7
56382.8
27180.6
28798.3
58975
78230.6
30149.9
40377.1
59561.4
40240
34748.9
50520.5
49557.2
48648.3
49089.7
51551.7
49693.5
65813.4
46590.6
57929.7
48333.2
50576.7
67385.3
38707.4
68149.3
51125.6
69715.7
47030.6
43652.9
49427.5
65304.1
43194.3
50098.3
89695.6
49815.5
47020.9
32802.9
73165.5
36175.2
48943.3
51104.2
39517.7
49523.2
46681
56571.9
38365.6
50464.6
43269.9
48484.6
54819.4
56705.8
45129.9
39259.8
72153
52580.7
51100
56938.3
45652.2
60723.4
30321.8
24601
53355
70425.4
76404.1
55557.4
32344
61686.5
35709.4
56254.8
45845.7
46932.2
34119.4
42843.8
77797.2
68233.6
69422.9
40962.6
32291.8
70564.2
49569.3
42917.8
48647.2
58337.1
30263
32197.9
66165.8
44294.5
56906.2
22581
35886.6
38470.7
43834.2
62071.7
34245.9
61219.8
37726.7
54215.8
51133.1
61244.7
46922.2
53013.8
38056.6
36375.7
65386
65438.2
41102.3
32866.4
71486.9
47207.1
42171.8
20644.6
37534.5
30209
55896
39177.8
22286.5
33292.5
42333.4
55223.8
46403.8
55715.4
53799.4
22996.6
39750.8
33416
43924.9
47865.1
88027.4
33459.7
40033.2
51184.9
33373.2
63903
63804.7
39860.9
46737.4
40894.5
43706.9
48918.2
32414.4
42740.9
41580.6
50571.9
47927.3
65223.8
52785.8
30747
45884.3
51830.6
69070.5
66669.3
32510.2
30683.1
45316.9
60515.4
77369.4
54798.4
35830.9
40367.4
55542.7
50812.3
53887.8
49953
26016.1
61114.3
47285
75981
68703.8
60605.4
68635.1
49480
36204.1
34011.8
64553.9
40597.3
41542.6
50107
71775.1
57677.8
47374.6
56037.8
45258.5
67873.4
56043.2
52839.3
38000.8
45626.6
38168
56596.2
51269.8
46339.4
47112.9
40162
56625.7
55954.7
46583.8
80970
41045
61887.9
31184.7
41174.2
53325.3
63599.9
44491.7
39770.9
54027
49407.4
70836.5
89330.1
47211.4
40261.8
62885.4
52051.4
72109.5
62031.1
69639.1
41043.1
48319.7
65251
52607
54893.9
52332.8
57245.2
59143.7
27960.7
60278.1
63305.9
43964.2
49399.7
55555
55294.6
62647.8
39997.9
57637.1
67124.9
55197.7
72836.9
61785.1
36068.6
31546.4
52436.4
74442.7
29281.8
68538.6
62515
56799.4
77431.9
56422
50408.5
70295.7
88438.8
31633.8
73548
45806.2
51978.5
43115
41589.2
41335.2
48564.2
49814
37383.6
32535.6
59450.4
30672.3
50918.6
46501.6
51690.5
66263.1
83026.6
31801.3
58006.4
43380.3
51198.2
47512.9
72368.1
43699.1
38918.3
43900.4
37415.4
45679.4
72465.7
63187.6
44842.2
69051.2
45115.3
54175
72755.8
26422.3
38844.5
58553.4
27059.6
54941.9
42336.3
38865
41281.2
53135
58517.6
29342.5
46109.2
59644.5
49957.2
42242.6
39170.6
44012
51903.7
48393
58500.4
30134.2
29989.1
83743
48753.5
42921.1
33006.1
33663
29187.4
33227.1
54087.1
45067.1
38667.4
25752.5
67843.8
44540.4
44693.7
33957.1
32990.2
31186
40233.8
36270.5
39688
33476.2
60777.3
44781.4
34578.2
32097
27866.3
70091
49287.5
46384.2
34596.4
56729.3
41911
50379
52683
64348.8
55663.9
58259
50516.9
76281.6
42993.8
62016.3
60309
48842.5
42116.9
43300.7
54821.8
75857.7
42087.7
30723.6
52659.8
71708.6
46964.3
57470.6
35454.2
52653.8
41274.7
51262.4
35763.6
75298.1
63048.4
81064.2
64645.9
35929.7
44826.9
65310.6
36837.4
56672.2
80832.1
70138.7
35682.2
43042.7
39658.9
41372.3
35863.5
58439.8
54917.6
49095.3
54558.5
54697.6
46809.4
40922.2
44125.3
72546.9
52684.4
28941.4
26940.2
42116.6
47312.8
52369.8
49905.3
19387.3
56763.4
53911
32592.2
58056.2
18559.2
55585.1
85951.2
53549.6
59871.1
43709.9
69612.5
41463.6
40252.7
67671.8
64339
71010
39347.9
40946.5
47029.4
53602.2
38305.8
59158.5
42283
54800.9
38300.1
61695.8
47957.9
48580.2
53319.4
32663.3
44682.6
84325.8
58038.9
46092.1
46884.2
49953.4
58625.5
88558.2
69442.6
32991.3
63819.5
44393.8
54826.9
43696.4
43823.4
74809.8
63942.9
44531.5
62154.6
49971
41947.8
49258.8
75529.6
44243.6
59465.8
56189.8
48773.1
63344.6
55257
36235.2
55150
40110.3
51812.7
56684.4
44792.7
50383.8
54626.2
28552.5
53336.4
30521.5
36450.6
48503.8
66325.1
66186.3
54748.9
32820.2
35316.9
30752.2
43490.7
42441.1
61261.9
44989
44419.9
47250.7
52652
40946.2
47851.5
44227.8
35880.2
105325
68171.7
48826.9
28554.1
48631.8
47709.4
56176.3
57570.6
73301.8
61105.1
32870.1
30303.4
39451
43245
49841.8
45211.3
61338.5
44084.8
31213.8
63956.2
50628.8
69243.8
42469.7
45936
56486.6
31518
54265.4
51781.8
42626.4
27816.2
38562.2
49633.4
49132.6
64683.4
47223.7
56319.9
24737.5
59605.5
52184.6
89815
40958.3
38113
54697.8
60837
50689.8
34795.7
43354.9
55787.9
39706.4
38737.7
39010.1
41515.4
68044.6
43964.2
33604.7
44255.4
33453.8
45970.2
45372.2
53591.3
46869.4
52822.8
53162.7
53401.7
37026.2
57159.6
39277.7
53504.8
36621
50897.4
61175.6
47274.6
60366.7
31075.3
54177
36098.2
64281.4
59961.1
39638.3
53051.9
29302.7
46152.8
43908.5
48391.4
71027.1
54160.4
41446.6
38023.1
67539.8
32559.6
38009.2
42403.4
31418.2
22568.7
32036.6
53558.7
37746
23459.8
51712.5
43425.9
39055.5
53940.2
46776.4
51025.6
33029.1
65543.6
65161.5
61677.2
75832.2
82977
46981.3
44055.9
51377
35391.1
56378.9
38934.4
58595.8
26318.8
38133.8
62621.7
74588.4
56843
45798.2
28450
24224.1
33337.6
53477.8
43685.4
44599.7
45847.7
38579.4
38683.6
37081.8
35293
64468.5
81362.4
18684.7
41691.9
42113.4
31830.2
38349.8
75012.1
61151.8
50857.1
54316.6
46923.4
35039.6
27204
55686.1
58144.4
56271.4
65563.8
59959.8
50915.7
47165.4
32272.2
43469.3
51734.2
72722.8
57436
37214.2
53766
38402.2
49494.9
47754.2
63293.4
36589.8
26633.7
65856.6
49182.6
59928.2
60063.1
25244.4
48274.1
22896.9
62745.3
38536.2
45510
45085.9
50486.5
33240.8
58323.5
43022.6
76763.8
69849.8
45316.3
53961.2
40136.5
67596.4
35351.8
44661.4
35885
44911.5
38660.2
66615.1
44789.8
75042.2
58696.5
72345.4
52303.2
34900.2
66342.4
75225.3
41705.4
73351.2
72565.8
52894.4
53490.4
29453.5
37489.2
59829.5
49471.4
21051.8
51885.9
36765.4
53868.2
50017.5
70710.7
63877.6
52240.2
23752.2
40508.2
61717.7
53156.7
48529.8
24353
38623.8
42365.1
34452.5
62396.6
54601.2
34734.9
66569.9
80910.8
45309.4
69809.2
40678.7
45734
39145.7
60443
41330.2
74677.9
65224.6
32386.6
33483
25001.7
80185.3
41602
76225.9
42093.5
49224.2
50597.8
27645.1
51386.2
43481.3
42032.2
61767.4
58193.2
29091.1
47688.2
29648.6
31575.4
41726.9
71061.2
50274.6
27855.2
40880.2
81151
50129.6
44790.4
48586.3
49673.7
28770.9
35621.2
49330.6
81424.2
53587.4
55518
50351
46979.2
40077.2
33454.8
41901.8
79291.6
54929.1
40415.8
81002.7
70779.5
33669.2
67518.4
57171.4
57119.8
67887
59027.2
50621.9
34174.7
66580.5
48422.8
46451.3
50185.7
37209.7
33862.9
46343.6
38919.7
75246.6
45907.3
48807.6
25476.9
34514.1
32965.3
58750.4
21725.8
41606.5
40560.1
59450.3
57258.2
43028.1
44788.1
52098.3
49346.6
36571.3
64989.3
74822.6
38496.7
31775.4
64016.8
55296.9
50470
42785
40237.6
59137
79387.8
29903.9
49533.1
50103.2
64258.3
75575.6
53793.8
28953
39927
36799
43150
48303.3
38746.1
50866
37999.9
31773.8
41489
48158.1
32688.5
50562.2
36222.6
55849.1
35815.6
53564.4
41405.9
34016.7
57070.4
70351.4
28151.3
45813.4
55675.8
82079.9
43484.6
83719.1
47558.3
30854.2
45793.9
55706.6
40268.6
41488.7
38783.8
44481.7
34098
36915.3
32260.4
53558
36293.7
42295.4
35250.7
29848.6
33328.1
42219.7
50755.8
30787
26212.6
51154.5
33528.6
53679.3
55309
47393.5
32589
33075.4
59851
61163.5
36436.2
52404.2
51941.7
30979.8
49740
31261.6
53634.2
52447.3
42795
37880.3
30642
50159.8
42827.9
38712.9
29278.4
51471.4
41992.1
56346
23339
42424.3
48887.3
35861.1
32153
37373.2
52465.3
24069.5
21406
48792.1
29347
33017
26957
61613
44306.3
60297.8
54001.3
31044.6
41730.5
52190.2
47518.3
40796.6
50538.4
35070.1
68578.1
42802.7
35195.6
34235.4
43104.8
27195
67215.7
40803
53781.4
31028.6
39487.2
32490.5
45482.7
52524.5
53555.6
34366.7
58149.8
31660
63484.2
46968.3
38910.6
46765.9
28218.5
63530.8
62072.5
60141.1
58992.8
26727.2
54711.9
49629
41777.2
34706.6
43179.8
28087.5
53702.6
16010.3
50790.5
42214.5
44538.2
47529.1
53153.2
73053.8
40767.1
44836.6
39316.6
53036.6
63286.8
47131.8
48387.8
42224.6
44602.8
36268.3
30632.8
43848.9
52343.6
59298.6
44713.2
26053.7
27305.9
62092.6
50145.1
58245.2
44721
70941.8
49442.6
75336.4
71636.3
51021.2
56272.2
50608.2
56174.8
36755
34334.1
40789.4
41490.6
48771
54730.3
41562.2
26956.5
57741.5
31592.2
48325.8
53311.5
55672.6
55137.9
41029
48514.7
47118.7
49079.9
56468.5
20989
45533.1
43462.7
48223.5
62368.1
42964.9
53371
27705.8
28822.8
49996.3
50624.1
45124.9
36820
43667.8
26991
47498.8
61435.8
66244.2
40618.6
42498
41945.4
29518.3
53743.2
53057.1
54657
67038
48117.9
42943.7
61444.5
63622.3
39252.3
35582
37938.6
79359.4
48716.7
93736.7
37583.7
36034.2
52565.2
70325
41904.6
57096.9
44755.1
40271.8
62215.3
73053.4
43382.7
45543.3
40000.2
43771.8
47399.9
49030.1
51680.9
73754.3
46710.6
49700.2
42892.1
44173.8
69419
66314.7
64665.5
60634
32396.1
47523.9
56032.2
43742.3
41865.4
50296.6
60502.2
58312.5
26705
62085.9
54827
63762.7
32879.8
35833.4
72002.9
47843.6
64553.4
61169.9
32954.7
59699.8
51582.8
42390.2
53006.4
32977.4
45703.8
76033.8
49310.2
53435.7
46241.6
34561.7
57617.4
37376.8
38336
45558.2
34743.9
66049.2
43613
30667.8
35712.3
54509.7
43675.8
63210.7
41292.5
51902.1
53467.1
45857.1
53119.3
45593.5
50580.6
64999.5
77722.9
43392.7
47745.2
72152.9
37244.6
45938
41831.8
45161.8
56970.4
75753
63233.8
49311.4
71110.4
47160.9
81706.7
69454.2
80175.8
51750.5
45735.7
34850.6
61331.1
60205.4
78932.6
42548.1
35768.6
33136.7
43652.6
65113.2
48365
63329.4
44039.5
46883.3
62159.3
30088.5
43844.2
60731.8
41758
44435.6
45147.6
68274.8
44773
39108.2
43666.5
64338.5
36595.9
53653.8
48605.1
31298.3
53148
51846.9
66765.1
52152.4
27427.6
69615.3
57808.2
65241.4
48659.1
62088.1
61603.4
38320.6
44745.4
60902.8
26253.4
36505
61016
48483.5
52880.7
65395.3
41096.4
59239.1
54913.2
31095.4
49856
73924.2
43528.2
56723.8
55003.9
66220.6
78951.5
31455.8
47610.2
54506.4
81483.2
56280.1
57602.2
33291.4
37336.8
45991.6
67174.6
53383.1
37014.6
67970.6
41665.6
57761.9
50450.7
49012.4
38757.9
43451.2
41373.7
48808.4
51907
71870.8
48397.9
56202.2
42603
42474.8
30092.5
50626.7
51199
61955
30390.2
53731.1
30147.6
39184.6
29367.7
62374.6
31510.2
30420
73571.3
21956.7
42074.2
46612.2
32078.9
64483.5
39213.8
43024
43718.1
55356.7
45883.4
41227.4
46443.4
39559.8
53346.8
43163.7
43739.5
54257.1
48312.3
61003.4
57058.6
53927
35173.2
37819.3
69849
55075
66636.4
76173.9
60988.5
27505
26784.5
51382.6
85884.3
42388.1
61658.2
58147.9
43329.7
48060.2
43253.4
62923.6
50544.2
35799.9
38587.7
67300.6
27944.4
50501.8
46187.6
50517.4
56343.2
31311.9
38815.5
34107.8
28732
63055
47558.1
33443
34668.2
56215
34697.5
49793
55555.8
44271.4
40081.7
23688.1
29271.9
20132.2
40771.3
65422.4
50037.1
66857
49611.8
66436
46861.2
45172.1
49280.7
74460.2
44029.5
50553.2
34564.7
46891.7
36756.4
43238.1
27605
85192
49105.2
23816.5
30503.7
55125
39761.7
58031.2
57257.8
24099.8
44332.1
54059
57212.8
39559
50171.2
46680.7
64734.8
45551
22541.6
46860.2
43440.2
36496.7
53267.6
23982.7
45851.3
69881
41581.8
76935.4
33186
55173.5
45337.9
34626.7
48406.8
52643.6
66520.2
49827.8
58473.7
49792.6
45964.3
37901.2
50600.6
44257.7
40294.2
48755.2
46435.3
52935.2
21572.2
56505.8
36347.4
36313.9
44644
41382.3
59788
56845.4
30353
50415
50064.2
39989.8
41152.4
59937.8
53709.4
53528.8
74347
33218.5
46359
40594.2
41931.1
44175.4
53198.9
74531.2
27700.2
58444.3
75813.8
53842.6
42203.2
60295
62559.7
72782.2
36175.5
36117.6
37859.3
52520.6
70383.6
69831.7
49705.8
20165.8
56189.4
41163.2
44773.3
47338.3
56450.6
41383.6
31371.4
40888.5
52356
84566.6
39705.8
47793.1
48411.3
46285.9
53674.7
39487.3
55257.6
40912.7
49365.2
77558.8
49490.1
57358.4
80691.4
50280.3
62697.5
52600.8
45465.8
81029.4
51979.4
46789.1
42898.4
51901.9
52801.5
46088.4
39036.4
64640
51526
50675.6
45897.4
36819.4
74066.2
72792
39642.6
53068.3
44120.6
35213.7
62189.4
52451.9
45691.4
51911.4
69203.8
23596.3
47755.5
72194.2
34110.3
52604.2
34894.5
34137.4
47244.8
34510.3
63348.3
65414.5
46054.6
77230.4
37943.4
37439.5
60050.1
37717.2
46559
38844.6
51363.1
32208.4
26935.3
85653.3
42467.6
48400.2
35050.4
43426.2
70619.2
74552.5
88955.8
78430.2
44250.7
36379
30946.3
58129.8
27820.5
53494.7
60008.7
58875.6
41489.5
53315.7
49089.8
25209.2
36396.7
46705
34935.3
63986.6
51947.5
53689.4
63210.8
45864.5
83577.9
65647.4
44471.1
39118.1
52761.4
26358.9
52839
41194.6
63607.1
46529.4
43612.5
33147.4
39936.1
57596.2
84754.7
71000
50761
51708.2
35522.7
62031.8
52286.9
54361.8
52617.8
32297.3
30688.6
45661.2
51862.2
35475.6
45963.4
55001.2
64006.6
49408.7
22000.7
34466.5
25831.8
47409.5
61815.2
31806.1
39043.2
50695.7
44239.2
51689.7
43727.1
61861.1
55395.2
51241
37677.8
55905
64051.1
33529.8
54890.4
46066.2
34662.5
68695
24966.8
48483.7
70915.8
46567.5
38508.2
43326.1
52901.8
38904.4
44197
38480.5
52545.1
27663.1
71091.4
32326.4
50570
40788.1
48852.6
54933.3
43926.9
41108.9
41200.5
35349.6
51905.4
38075.7
49842.8
31843.8
59696.2
36078.2
37141.9
58256.6
42955
69649.9
72518.8
54159.7
69387
33581
32401.8
58348.1
59629
41008.9
63509.2
42101
49611.3
32149.8
44293.1
44777
62477
39154.6
41058.2
38727.2
49999.8
35871.4
59456
55025.1
29395.6
56212.8
35838.7
55306.5
40554.6
47339.2
24909
44967
72947.1
43667.6
36831
61741.5
56524.5
75065.6
49605.4
37259.3
44718.6
52517.6
37633.4
63517.5
53429.3
44267.3
48996.3
30554.2
43389.7
66576.8
36140.6
35158.3
68791.8
34397.8
30251
43201.1
47736.5
43456.6
30528.8
34147.4
52362.6
49184.6
40425.2
44809.4
39701.1
38915.8
49558.9
35700.5
36960.5
61557.8
68355.5
44616.7
31052.1
43422.7
89734.6
43837.1
33712.1
63636.8
25835.4
40030.3
63093.3
65231.4
69063
51237.1
52294.2
22548.2
72087.5
53537.9
66277.1
60020.4
55904.9
32351.4
42324.8
24655.1
58577.3
48013.5
46146.1
58187.2
55058.9
39956.9
36967.2
41165.1
23454.5
63318.8
57278.2
64993.1
52910.4
46435.8
69872.2
33865.1
31876.7
50748.8
63630.2
83443.6
38070.2
49789.3
53834.2
62201.8
48227
55612.6
54192.7
39697.4
58243.2
48218.2
56845.8
61415.2
51281.8
62694.1
52198.9
47009.4
56860.2
74863.6
52676.6
72391.3
38239.4
43958
50854.5
54912.8
67843
52946.4
94541.6
49576.2
54142.4
47594.9
56757.8
75029.4
80059
40311.8
50274.3
35169.8
46912.4
55902.6
87263
56146.2
49828.7
42948.6
39172.3
47890.7
37823.6
66027.7
51895.2
49113.4
74734.2
59434.8
60770.6
51370.6
43368.3
61453.7
71286.2
37104.8
46810.4
40333.1
77114.8
58200.2
61882.1
38084.1
46246
51899.2
56656.5
49379.8
66801.7
29945.7
30828.8
55583.5
64674.2
75643
41155
43334.8
50228.8
40029.9
49956
63997.8
40228.3
53545.2
50945.8
32755
30515.5
63749.4
44778.5
78486.8
27057.2
44368.2
31792.6
65238.6
55030.9
50991
42416
79654.2
37336.4
32090.1
39053.5
41399.4
59781.1
58432.5
29627
50114.2
58332
52197.4
51468.7
45399.2
51481.4
44110.7
39870.5
40072.7
35372.7
61913.3
77031.3
43250.2
44309.3
48392.4
24661.5
50638.9
84543.5
50571.1
58675.6
37170
29908.6
50625.8
27897.4
40074.1
76115.3
36348
60933.2
34910.7
63619.8
45678.9
41010.7
54130.5
40528.1
68371.1
51934.8
63539.1
35285.8
34104.9
59704.6
31343.7
56020.8
51463.2
38166
48284.5
56068.6
44645.2
34876.7
62910.5
44211
49104.3
43162.5
38418.6
32475.4
25850.6
55972
34913.2
38112.1
71038.8
67876.8
42428.6
33579.9
29668.8
40719
35130.6
24561.3
31836.6
66972.4
36986.7
45042.5
38622.8
32176.6
34912.2
25668.8
33626
52135.8
36280.8
57158.8
32942.8
20343
31932.1
51737.1
49772.4
53231.6
26833.9
45286
22415.6
46722.5
46253
46003.4
53785.9
44374.6
36782.9
61517.7
47115
44291.1
42093.1
33649.9
46924.5
56756
42696
40447.6
49926.2
37674.7
30650.5
48705.8
44603.9
38999.8
44033.8
43252.2
28596.7
35269.7
30219.8
48718.2
33819.6
48777.8
55007
63280.9
30861.6
36410.3
45400.3
25223.1
40297.2
27577
81225.7
30707.9
42975.6
40055.5
36045.1
68463
80174.1
38042.6
33915.2
38387
37096.6
75038.3
61464.9
61889.6
57672.8
42421.2
21961.5
55568.5
43627
88213.5
71971.1
43454.7
38778.7
46990.9
58217.9
52037.3
43091.8
81511.4
39045.8
46766
48213.3
59019
68909.4
57559
58222
46192.6
43297.5
44730.8
62828.1
52637
38567.8
29882.1
32228.2
47362.6
59655.9
41028.6
35495.3
43277.7
40073.4
31078
41649.5
37822.2
42464
56938
41096.6
42548.2
50472.2
52348
42615.4
40812.6
22042.6
62394.5
62510.2
35143.3
64750.2
40621
43640.3
51036.3
34907.9
47082.1
77785.8
30885.2
35341.2
39730
41446.2
46433.3
51418.7
48831.8
46222
51429.5
73209.7
33684.3
42945.3
53641.2
43138.9
46572.8
51663.2
44174.5
44608.5
73184.6
60770.6
50081.1
31814.5
28819.6
56196.5
57054.8
58334.2
60321.6
49710.9
36338.2
60446.4
46776.9
67948
60387.8
42558.6
44352.2
52599.2
46873.4
47703.1
60067.3
57176.8
38157
43367.4
49657.4
46148.2
62501.8
29572.3
56853.8
63814.6
36585.8
53632.1
60641.5
49746.5
39790.6
49963
47416.3
49915.8
42794.9
47880.8
66219.1
49038.8
59140.6
44155.2
47352.2
45180.6
56663.2
69052.5
69697
37624.1
47374.2
28044.6
40665.5
46465.6
62672.5
39575.6
26408.6
59274.7
41254.3
64876.7
70001.3
51051.3
59691.8
31220.3
59824.4
45011.9
66614
53818.1
43091
53477.8
25293.2
33314.2
51087.4
41871.8
87800.4
20197
58150.9
54593.3
62013.1
26123.9
37506.1
71251.4
47375.6
63990.4
55241.7
46365.6
58028.4
55128.2
32649.1
85669
46828
44834.4
43932.6
47810.4
55815.1
42909.8
40656.9
70975.9
40806.4
38224.1
53618.1
32216.9
30873.7
54996.1
66984.8
47743.9
63674.5
50334.7
62759.2
42368.8
42101.1
52267.9
45042
69661.8
33989.8
42755.4
51663.7
58505
34515.8
34382.9
80140.5
48029.4
46906.7
36181
40502.4
43146.3
49724.6
64389.6
65607.7
58120
33931
60071.4
38096.5
28858.7
59252.2
47764.8
45770.7
44449.5
59832.8
35007.8
59452.8
32841
44598.4
29208.2
52407.8
18313.5
52723.5
38938.7
58275.3
44317.9
50230.5
51742.5
49247.7
40307.4
52400.3
47015.4
45495
43140.6
26613.1
39599.3
39233.4
57186.7
42853.9
51316.2
52549.6
27791.7
46506.5
39790.1
54150.1
55900.5
54319.5
50153.7
64632.2
62837.5
35033
59344.9
44151
34008.1
50241.9
28280.4
28110.3
38232.8
24774
74712.6
46515.7
36295.9
68252.2
52204.4
47477
31918.9
34828.1
60293
48088
40464.7
45543.5
62348.1
38442.4
46341.8
46158.6
38284.6
33489
75175.4
40686.2
33606.6
52285.9
56475.8
38211.8
62693.8
28373.5
39596.6
46169.9
57953.1
32654.7
61135
56963.8
60782.7
37656.8
66169.9
74250.7
58474.9
43301
47128.4
32821.5
42237.6
47811.2
40848
45865.4
23016.6
52583.8
48089.1
47629.7
36993.9
35770.9
55525.9
58382.1
37265.5
24283.9
53410
43919
39018.2
36374.9
41862.1
58211.9
40353.6
44682.2
45389.4
30933.2
34515.7
34988.7
49887
41370.6
27625.1
69179.2
31557.4
38215.9
54638.9
57516.5
41176.5
23992.8
35862.6
47229.4
22420.2
25134.5
61165
64591.6
30771.8
58277.6
20157.8
37130.3
48563.5
43567.6
44153.4
33169
29223.2
58644.5
43258.4
35933.7
22043.4
20526.6
66559.8
24337.6
55292.6
35975
36563
53049.8
34609.6
56501.6
42602.8
48786.2
54999.4
46872.6
53042.9
20984.2
46964.4
58629.2
36307.7
33064.5
26947.7
38751.4
46230.5
49026.2
43808.9
39025
32515.9
56526.6
40503.4
35215.3
72455
24071.5
39012.3
25658.6
27700.8
57929.3
76437.9
45949.7
50183.5
36302.5
37771.2
48517.8
58229.7
48384.2
68842.6
64143.8
33075.3
67221.9
35587.8
45022
55385.4
58486.8
54985.8
57381.3
43171.7
30057.6
50958
51158.2
56742.8
57198.9
36635.7
72418.2
62811.4
54461.4
53762.8
74267.6
62235.8
64924.2
57990.5
43374
32440.3
46171.1
85205.8
46709.5
42670.4
40129.6
64087.2
32301
45522.1
41997.4
43894.5
31128.8
67808.3
47626.3
46534.6
76633.3
51877.4
32997.9
55629.3
48996.6
39359.9
63588
69050.2
49678.4
24783.8
33458.9
42770.2
22583.8
62286.6
64361.8
49445.9
33102.8
37282.5
25009.3
60961.8
43143.9
62638.3
37810.1
25090.8
45963.4
40384.6
54810.9
36739.5
31870.5
36124.8
22848.6
47218.6
51933.2
69728.7
56119.8
38057
45697
59716.3
45431
48580.2
42925.8
42704.4
37501.8
80796.5
26645.5
53010.9
43648.6
29090.3
52855.3
49588.2
26167.2
48211.3
22192
49224.4
54930.4
34295.6
57366.1
47460.6
40518.5
31200.1
29933.1
57201.4
43072.6
36962.2
66152.6
68038.4
49028
20404.2
39072.2
55104.5
49083
62828.9
37372
34955.8
48025.2
53921.3
49456.8
45502.6
45528.9
50281
54385.8
29442.6
65794.1
36198.8
52090.7
62326.3
38484.8
75351.6
39714.2
29406.6
46279.6
60460.4
50090.6
37062.2
29075.8
45722.2
51779.7
50706.3
40706.8
56242.6
49991.8
52656.8
58598
49525.3
92598
50035.7
54677.4
27628.8
45174.1
42742.9
44665.7
65605.3
44482.9
56249.5
28156
34699
45322.7
30099.8
46118.3
22168.7
40260
22473.9
61687.9
48010.1
62179.4
41012.6
32217.4
60380.6
38956.9
34605.8
55575.2
37056.7
56635.4
21009.6
47946.6
39967.4
55392.2
31529.5
54899.5
41191.5
42450.9
58700.3
52900.2
44779.5
67715.8
45394.2
39395.2
62680.2
31289.9
54957.9
56050.2
40985.5
63350.7
39865.8
48969.3
32144.3
57872.3
66903.6
33883.1
51444.3
76086.2
49886.8
47686.6
44330.1
61939
69758
36582.9
64442.6
44436.7
52382.7
32357
55892
52789.4
61881.5
42789
38188.1
28367.5
72663.1
50422.2
39794.2
72380.3
51862.7
57945.8
54970.2
47541.5
39059.6
79527.8
42065
41291.2
56481.6
38353.3
34861.7
54133.2
51142.1
41242.2
75826.1
69595
50124.6
51244.1
43576.6
27436.6
48040.8
38811.1
40669
66330.2
33963
17770.2
37156.2
49049.8
38380.6
55024.6
33283.8
37975.1
30774.2
45563.4
41185.5
38765.8
50819.4
52186.9
48374.2
37344
39444.7
59169.2
44155.8
31489.5
55936.7
79503.9
49962.7
44701.6
41082
49748.6
51339.2
53771.8
54208.9
46277.2
83419.8
81102.2
60157
36197.6
39765.3
40277.9
60804.3
53768
70005.8
38090.2
52979.1
51691.5
46227.9
39888.5
58311.1
48457.4
36822.3
41970.2
61417.2
48318.7
21109
39860.5
50278.2
50959.8
74659.7
74375
26612.6
59473.9
53380.3
41024.2
39111.8
46541.9
49635.4
56519
65087.5
46763.1
34236.6
54256.1
49687.4
41064.9
71454.6
46477.8
49801.9
86044.1
45176.1
55425.8
52205.8
29418.6
79324.2
56699.8
64762.8
61570.7
46473.5
36507.2
64535
54981.6
42590.9
60205.9
92543.7
50666.9
54015.9
45723.7
46472.8
39944.1
46466.3
34739.6
49454.6
54352.6
55787.7
47709.4
51231.4
46228.1
62612.3
41116.5
55662.5
63402.2
37959.4
42111.2
39443.9
44046.1
38585.9
60528.8
57712.5
65599.3
49853.5
44178.7
33876.3
55175.4
42775.7
57313.8
42246.6
38492.2
50934.1
52067
71535.3
44702
26729.8
94071.4
35404.6
34693.2
24404.2
71423.5
56268.2
48056.3
36171.2
43865.8
59568.6
42148.4
84053.4
70328.7
58772.3
38104.2
55351.7
43801.4
29382.7
48950.7
67549.2
66350.8
55461.8
38282.2
38437.9
44386
63779
60643.6
51283.4
50016.2
32458.2
46635.4
51703.2
41681.4
68987.7
37584
51485
52301.4
50601.6
40319.8
45839.5
44549
42267.6
78562.8
39341.9
32035.6
54089.7
56268.6
48308.9
34683.9
50435.4
36469.2
53386
44106.2
41163.8
47409.3
38530.3
46062.6
43349.8
32019.4
51470.1
50895.4
54834
43616.1
58889
39493.2
36891.4
50091.6
25294.2
33733.1
69017.4
64964.8
24209.7
56072.6
43853.8
47779.4
58267.2
53274
34456.2
39212.5
50234.5
68170
38107.1
51735.7
33666.8
69311.8
30594.3
57820.3
59801.6
44866.4
46816.2
30786.1
37360.9
54344.3
35332.2
43929.2
48137.4
54086.8
28972.1
84699.9
39156.2
31105.1
33422.4
27121.8
40519
38803.4
80384.6
43432.9
54229.4
37918.3
42337.8
36623.5
47688.7
45780.9
76492.9
57852.2
29855.4
46405.1
39583.6
41257.8
38015.2
57244.5
36823.3
45193.6
47685.2
40491.6
27470
40368.7
69088.1
32996
43640.5
47357.7
58009.4
65399
24768.2
51153.2
50906.2
49248.1
68078.1
58782.1
32791.8
47932.2
52493.8
47269.9
65155.8
41339.5
32900.8
59629.1
38578.4
54622.6
52785.3
55643.7
44959.1
51086.2
41399.4
71971.9
32936.6
48373.1
46500.6
27329.4
44932.5
52992.4
62453.8
52672.2
52073.8
38073
56844.2
48428.2
44514.3
37420.9
33157.1
59413.4
35743.8
60178.3
31981.8
46629.4
68215.5
43826.2
42850
51887.6
27839.4
52983
35266.6
70053.1
38825.6
37988.7
64845.7
61613.5
40307.3
45146.8
40033.3
51083.4
54383.4
43310.2
71354.9
40066.5
49803.4
56951
50157.5
38941.5
47477.9
64243.2
34137.9
33707.4
38982.4
45997.5
46977.8
52298
55932.1
42724.8
43728.6
68758.1
43723.5
58381.2
48493.8
41651.1
58913.8
65905.8
32167
55936.6
75866.6
69773.4
69035.1
36449.9
51347.1
44927.1
57774.7
65006.2
71348.9
31966.3
59982.4
40234.3
37289.8
49983.8
73379
38172.2
34933.3
66094.3
50558.7
56007.9
63723
46003.1
61158.2
51815.4
48173.6
54171.4
41529.8
77510.2
53034.3
44222.4
49713.2
39773.4
59363
49290.4
61396.2
42356
62268.1
69918.2
33399.4
40935
39075.9
67627.5
43122
45945.7
55437.5
27261.4
54345.8
63386.8
38463.3
38496
49659.8
57587.7
33738.3
59691.5
72119.5
43606.9
79153.8
40461
75563.4
35944.6
35208.2
56324
45637.9
41239
55159.6
54360.8
42931.5
54585.8
23073
55685
66096.2
40447.8
60890.2
37825.7
64553.5
17479.2
26591
46539
47534.7
96101.2
50984.8
35543.3
63125.9
59201.3
48072.2
57599.5
65771.7
52764.7
68185.9
31748.9
47670.2
40234.8
55889.4
39745
26032.5
67987.2
49460.7
33769.5
31966.6
52440.6
33194.1
41781.8
58181.7
44791
49066.1
42860.3
33685.4
43475.4
64048.3
49330.8
56187.1
43665.6
43295.9
28783.5
52100.7
64101.4
46833.8
57235.7
44674.6
56244.4
47116.9
41089.8
53936.9
44549.8
56556.6
52762.2
34138.3
44041.1
45945
41115.8
64785.1
19201.9
48077.8
55894.5
55435.1
39958.2
50236.2
42751
64518.2
45695.7
34589.3
35810.2
72024.6
39259.2
35178.4
49060
48769.4
33325.3
47437.5
37022.3
54817.5
44395.4
56421.5
29302.6
36855
64208.2
59209.6
24887.7
43437.6
44441.1
76216.7
33166.2
26246
59444.2
57787.6
42060.2
32839.2
47769.8
49469.3
27023.3
58624
33567.8
60084.5
48220.5
32666.2
20106.6
42913.1
43887.4
61548.7
53634.4
44068.7
26874.1
35164.7
47878.4
64708.6
55071.8
45869.8
34017.3
67299
40953.8
59319
42881.7
41529
52116.4
58928.3
58332.7
51328.3
60918.6
43049.6
42282
67444
72367.8
66515
49200.6
58393.8
30951.8
57989.9
46944.6
36201.8
41981
60063.8
59071
75197.4
38979
33314
74483.7
72952.2
46744.7
49145.3
23673
42538.4
74013
47195.3
46385.4
25756.4
42703
33445.3
59948
56754.2
45591.8
53584.4
43838.7
64120.4
38263.3
43402.6
29501.2
25845.8
57184.6
31706
60471.4
42084.3
48411
70898.6
71532.5
53980
40923.4
48613.8
52304.2
54769.4
49576.6
53375.4
70907.4
41533.4
54282.9
52057.9
36059.2
48524.5
49900.4
39733.2
46836.9
48715.4
49133.3
38619.8
34634.8
40928.8
33711.8
53494.9
33825.8
43346.6
65954.5
65574.1
39027.9
45718.6
40666.4
48464.9
49066.7
39563.8
59052.3
79549.5
53138.8
55138.4
34592.2
54580.8
25457
46267.1
53058.2
40775.4
33736.8
63751.3
79793.4
39553.8
44731.7
59918.4
60255.7
31410.2
69261.2
52255.3
44676.2
51132.8
26627.6
41180.6
64752.3
29101.4
49565.8
48980.7
27422
51872.4
32057.3
58423.8
55859
64574.9
54517.8
32736.8
42678.5
40530.4
43739.4
49244.4
47827
52611.5
43514.7
51267.3
35999.8
33161.2
31832.5
40235.6
38054.1
49643
42518.3
55354.6
62985.4
44256.6
47891.1
55028.3
63784.7
39287
37007.6
47653.5
49519.1
41126.9
67385.3
53162.6
35731
40056.3
38498.9
41528
72913.5
38907.9
52413.9
45188.4
61142.4
40866
55413.4
41492.8
36080.6
43540.5
65842.2
56359.4
47026.8
47848.3
19251.6
29113.9
44382.6
56067
50153.8
59330.3
33956.6
44144
48529.4
63997.9
50343.7
45934.1
54907.4
39899
51638.6
32872.3
55902.2
43386.2
54320.2
40458.6
52572.8
32504.5
44740.9
55881.8
60931.1
42986.2
53782.4
48537.2
69625.8
74439
51319.2
35747.6
43107.3
36388.4
74383.3
74416.6
45317.4
74330.6
28760.8
62586.6
46203.5
25395.8
87942.7
73323
52713.7
57898.1
48874.1
44584.2
54333.3
45169.2
64855.2
45475.9
33486.8
45962.1
34517.8
47575.4
74754.3
76786.2
44084.1
60111.4
49761.8
55344.4
59194.7
55341.1
49598.4
46941.8
44760.6
48407.4
54962.4
35737.9
60093.6
35520.9
55249.4
52652.2
77455.4
42910
41519.2
79609.5
59910.6
47574.9
57105.4
30762.7
51536.6
24333.7
34944
51050.6
36851.4
36754.6
72851.8
38526.5
51005.2
33969.5
38465
36704.3
35668.1
29458.6
39077.6
40384.6
32300.9
60102.6
41565.5
42252.4
53452.7
46180.2
45888.9
35397.4
42933.8
47761.1
47374.4
27548.2
47585.4
40432
43026.2
74972.8
60332.4
29427
24353.7
29880
53610.6
45611.9
74987.1
66108.6
35110.1
41690.6
39847.4
66032.4
55710.8
66650.6
27604.1
34558.6
44149.8
22349.8
55933.2
40046.9
51311.9
33213.4
52074.5
40271
44305.7
78403.4
59542.9
32828.1
40948.7
58625.8
25378.1
48758.2
41189
47596.3
37345.4
67968.1
67237
50338.9
58387.4
57894.4
30225.1
76691.4
38626.8
37917.3
74960.9
52533
43847.3
71101.7
41981
60102
33993.6
54763.2
67961.4
31481.9
52019.7
72451.6
45531.4
38559.5
39426.8
48614.6
52959.2
36664.2
46659.4
48652.6
52202.8
46076.8
30291.5
49883.5
38435.2
66908.6
28685.2
33745.7
30790.5
42410.4
42580.1
35782.8
71716.2
44547
42933.4
45626.1
32747.2
42132.6
60495
31833.8
62578.9
68732.5
54446.2
61096.2
67701
65857.5
56776.5
45149
59904.2
62767
50665.4
58276.1
51967.6
51824.3
52615.8
44745.6
35402.7
60758.4
41296.2
46867.4
91827.3
35945.5
37004.4
58780.7
31827.3
43372.6
59028.5
48747
44895.9
52349.2
47312.3
48444.9
75192.2
58592.8
41383
37463.7
42949.7
47869.4
48190
57436.2
62085.2
38093.5
55661.9
39181.6
61989.7
52103.5
35923
37682.5
51648.7
72471.5
23817.8
40601.3
43762.8
29208.8
74703
28483.8
30803.1
51970.5
35993.4
34711.5
34670.6
37039.5
29203.5
53133.8
47940.9
35070.6
48978.1
25910.6
40273.4
60220.5
46004.4
55743.9
55689.1
56299.7
41210.7
54872
68014.2
63964
45829
32019.1
38611.8
55472.1
41045.9
40887.4
54221.4
43826.8
30757.6
50934.7
40008.4
42941.5
35584.2
54687.6
68274.6
47804.3
39713.8
32915.8
56987.8
36618.8
42658.4
31284.9
37362.6
72276.2
50781.4
54159
72195.4
56493.9
63927.8
50684.2
47810.4
40268.9
30343
40376.5
47876.4
39395.9
46743
35508.1
31894.6
48201.8
36499.2
37548.1
59983.4
50273.6
26013.6
23749.9
44896.8
55471.8
27163.4
50020
31207.8
26686.9
37362.6
43590.9
47302.8
45094.3
31937
32250.6
49581.3
42010.9
56870.9
56059.3
41669.9
56960.8
35198.4
39878.4
72541
37177.1
47046.4
43693.7
56494.5
26981
48363.2
56483.1
33965.8
31588.7
54109.6
54036.8
30610.2
35429.6
50114.4
45530.5
59898.2
62261.6
26884.2
43733.1
59941
33251.4
36114.5
82119
55546.5
64998.8
41141.4
42801.4
48029.6
57452.1
53890.3
56151
58311.5
25308.1
59614.8
60487
43463
46216.5
34548.2
43037.7
50330.6
29002.4
39401.7
33805.4
31331.6
56320.5
48979.7
61785.1
56655.1
53269
49529
52014.9
64419.6
38511.8
42363.8
58671
45791.7
41453
45621.6
44677
53010
39497.9
45473.3
52570
39727.7
51479
58390.1
66718.3
53789.5
36531.6
34889.4
27366.2
48512.9
55633.7
59532.6
26433.9
40865.3
64902.6
25129.9
30838.6
43899.8
92923
32108.3
45112.6
28260.4
72097.1
51246.6
56057.4
56513.8
49541
27734.7
43134.2
54629.8
65126
53191.5
79759.3
43916.1
25665.4
33502.7
65236.2
46040.6
41984.5
47598.6
49553.4
47777.8
58160.5
64545
81141
48983.1
68611.7
39007.2
70872.4
46824.2
63798.1
59848.5
38496.4
41569.5
63786.9
47599.1
55825
39346.7
73419.2
46414.6
81984.8
61448.4
64610
40286.2
39393.2
39689.4
43851.8
44996.8
81922.4
28425.8
42988
61981.9
32219
51963.8
56942.6
30274.3
51164.1
43637.6
55302.1
74291.6
54975
39492.6
35674.2
40501
46740.5
43288
51910.2
41937.8
46900.2
29426.2
58441.8
33788.2
39182.2
49104.4
42402.2
35870.6
66869.6
59698.8
46957.7
38425.6
23131.3
48487.5
38997
31646.5
35636
35346.7
18333.6
40154.1
41854.3
64236.9
36804.6
41576.7
43763.7
43507.4
46926.7
47325.4
36170.2
41797.4
27353.6
43010
58432
46156.6
43810.7
41101.2
61465.5
38770.2
33815.8
54986.2
61140.7
40026.4
33888.8
25773
38972.8
57209.5
42851.9
51657.8
52834.6
38465.2
31351
42784.2
58338.2
32541.5
63034.9
69572.2
45208.3
31438.6
50480
51802.9
40324.1
48010.7
53213.9
81236.9
52265.9
55476.9
51613.8
57321
65312.8
54114.7
47029.6
66603
63335.2
68772.2
59585
39249.3
40684.8
56843.5
67528.5
45240.5
69234.2
60042.3
58825.1
46770.8
60862.9
43423.1
55974.5
56435.2
35959.3
43063.8
52260.2
36222.6
43669.2
37038.2
43193.4
48598.9
43835
87651.4
47871.5
42444.9
38886.7
44292.7
53755.8
59151.5
51133.3
63695.8
42287.4
39738.4
47080.7
56466.6
58466.6
56411.6
49432.2
57949.8
25818.5
52011
64921.8
74650.3
47577.4
57385.7
45049.3
35624.2
40306.3
75017.6
51106.5
77472.6
56359.8
45453.2
50651
43227.4
35810.2
62822.6
29307.4
47174.2
41027.6
29590.7
48275.9
72347.6
37633.1
34340.9
35203.4
65895.7
61975.8
47102.1
54306.2
52828.8
36563
34803.6
55941.6
65403.7
44017.4
36662.7
41790.7
48160
37556.8
51804.3
37870.5
44271
45633.5
50517.7
46060.2
55160.2
59980.3
52642.7
50826.2
27186.2
32557
85457.2
43498.5
56386.8
58181.6
49537.9
60207.4
49020.5
42729.7
43575.4
68074.9
50725.8
58587.3
97279.7
54177
51196.9
52328.4
43526.2
38330.8
55989.6
75145.7
54885.4
55318.1
42770.7
90725.7
34140.9
69924.4
52773.8
56667.1
47625.8
53635.9
35238.6
51895.8
51615.8
58055.3
39565.9
46690.6
46778.9
43030.3
31667.5
46301.1
59399.5
35426.1
63064.8
64941.1
68695.7
62934.6
52647.2
55172.7
42180.4
34460.5
38925.8
60379.6
45949.2
57923.1
51915.5
25553.4
42291.4
40061.9
59286.6
38656.6
62154.3
44412.5
46600.6
38774.2
29103.5
54383
26960.2
43466.3
45819.1
54808.6
39550.4
45273
27872.2
47212.3
50049.4
47006.6
40578.4
35520.7
52782.5
39956.8
49574.5
37287.8
39662.3
28433.2
62399.9
55418.5
58972.3
44047
52009
38015.6
51628.6
52507.7
51880.6
58453.6
41057.5
48441.8
33639.1
47047.4
67929.7
30178.1
58888.9
35185.4
36075
58345
56258
67423.8
48707.4
58102.5
38542.1
62160.6
35993
45537.4
68776.2
54718
44439
51031
46474.2
81821.5
49213
51260.4
36569.5
35330.2
34288.2
27092.7
52079.8
69506.9
47687
62192.2
45280.4
42064.2
63261.7
52189.8
43688.2
56567.8
36288.6
52642
41828.7
48919.3
42436
30617.4
62030.6
45578.7
40487.6
52455.4
33744.3
52704.6
50807.8
56382.4
67130.2
32211.2
33026.9
47503.6
43881.4
28535.8
63405.3
31547.4
51332.3
65683.1
34793.3
36581.8
26956.7
41372.2
50028.4
42638.2
46115
66061.5
46662.6
32096.2
21611
29464.2
69695.5
48978.7
60313.3
55051
53462
43182
53878.1
32291.4
52424.6
56772.5
59248.2
57288.6
35140.6
49027.8
44204.6
51458.7
56849
46663.6
57484.6
45456.2
71137.8
53015.8
71713.9
53402.2
58287.4
54160.8
51481.8
68672.1
39146.3
52385.3
51638
52276.6
40965
65509
54283.5
40050
59985.2
63636.4
46210.4
39280.3
69794.6
49593.9
58178.8
45216.3
56069.7
44470.2
45764.2
35052
59403.5
51990.6
47819.6
46176.6
47014.6
66730.9
34874.2
40561.5
79418
53577
38896
49809.4
58783.1
50000
52700.3
45722
59699
34789
41537.1
49487
46209.3
54858.6
45562.5
71870.7
40423.8
63614.1
49045.9
45110.5
44540.9
44189.4
68885.8
55921.9
34281.6
35931.5
43584.3
65025.4
72652.7
58623.6
46507.8
49661.7
49741.8
31181.9
44091.8
30263.5
59105.4
37387
73762.6
41811.2
62938.3
52105.5
59628.6
34743.1
33758.1
40647.4
50266.1
37236.6
66420.5
47152.8
69081.2
53925.5
69977.2
47306.4
42219.1
46366
59576.3
36979.4
52256
41839.7
57211.4
53055
49968.5
48570.9
38606.1
43037.4
53890.2
57423.9
35196.1
46822.9
60843.4
33381.3
57874.1
36997
66376.5
50565.1
61277.4
43788.7
54052.3
49468.8
48537.8
49414.7
47471.7
35300
43290.4
25861.4
36005.4
60788.5
77338.5
29035.9
43442.2
39790.2
40103.7
48307
56592.1
61548.3
52063.2
31390.3
59600.1
46308.9
36156.2
45421.8
36297.8
47658.3
58815.3
32999.4
48297.9
60342.1
30377.4
45051.4
66966.9
33908.3
72447.1
26526.1
39024.1
65272.2
54728.6
35206.3
54333.8
73467
41898.1
40693.5
47724.7
50075.7
42895.3
41759.8
36782.7
48211.1
40214.9
24425.8
36158.6
32953.2
61522.6
65449.3
54514.9
45452.7
32120.2
48862.7
48686.6
47021.3
44475
56772.6
59089
56614
41348.3
53122.8
27829.8
35852
36937.2
47980.5
62777.5
40245
39573.9
30725.3
26999.8
44383.4
108393
42895.8
54447.8
43013.2
31575.1
45260.1
37330.9
39469
65664.9
33180.5
38905.8
42942.4
46353.8
46228.1
68911.4
31123.1
43724.2
35806.6
75520.3
33318.9
43534.3
31159.7
70420.5
53677.8
68036.4
62985.1
56221.9
50931.5
50071
54514.9
46858.2
63247.6
76784.9
54799.9
63949.4
44715.2
37641.2
64079.7
41219.4
69964.9
54417.8
63798
47622.2
58872.7
57609.2
65462.6
30371.4
55020
38852.2
38035
37700.5
50784.6
51395.5
55055
54376.2
49554
50298.2
50770.6
63228.9
55802
44420.6
62901.8
54242.1
47143.4
79995.4
61359.4
31513.7
39074.1
49369
49720.4
35856.6
64042.6
23999
38863.4
57895.4
32886.8
62250.9
54908.7
43384.2
41118.3
63396.3
59230.4
52592.6
40165.9
89288
65725
48082.2
39209.8
73803.8
33202.6
58228
46266.9
41740.5
33840
44188.9
54077.4
54023.8
40395
32067.4
67463.8
42299
53641.2
36902.4
52372.1
57714.5
33593
44732.1
23487.8
36827.6
31854.8
58193
57896
35270.9
32525.4
60144.2
33285.7
26305.8
67169.7
42471.1
58326.1
33983.4
45756
56023.4
99908.6
79335.9
52414.2
29071
53551
34799.9
45628.1
52289.4
40038.8
77144.3
61831.8
51740.8
65407.4
74003.4
103998
51600.8
58997.8
33797.6
41278.1
45315.5
62099
52877
75108.8
53205.4
49055
43967.8
45470.9
69191.8
82732.5
51653.9
40665.9
38122.6
56721
64815.8
52861.8
69250.7
48165.1
50675.7
59448.3
47875.2
37227.8
72916.6
49653
38972.8
44473.9
55687.5
58719
48430.4
62471
41224.5
35966.3
82896.5
50365.3
36966.3
42797
32692.2
45171.5
53459
23559.5
52678
80543.4
48985.8
51160.1
38045.6
31858.1
60449.4
78846.9
77764
55732.3
46982.1
53330.1
27320.3
47628.1
52337.2
52795.1
39002.2
29202.9
51454.6
43000.8
78946.3
52540.2
31264.8
42173.1
49907.4
52248.1
46558.4
53061.4
62730.1
20335.1
51126.3
60934.5
48574.1
47763
54573.2
45415.6
43087.1
41323
37255.3
35873.1
65701
44422.4
50430.2
28614.6
41358.6
60658.3
44495.5
55862
42044.9
36964.2
38671.7
57075.5
30489.6
26249
29412
54696.9
33265
41224.5
55735.4
48605.4
56542.2
51595.5
39741.8
21866.2
57613.8
44429.8
36341.4
30777
43716.6
41555
39059.6
31872
61956.6
61264.3
29705.9
42505.8
64671.5
76434.2
68507.6
50131.6
41457.6
59092.9
64353.3
46302.7
64676.3
42592.5
68305.5
60705.2
48603.4
56663.2
83828.3
47358.2
47857.3
35231.3
49951.6
50185.3
68071.7
72519.4
62810.2
42389.8
37537.5
39399
49411
57884.6
41281.2
48340.6
52330.2
32598.9
52055.8
43244.4
62905.5
58728.3
32395.7
61985
33146.6
60645
53903.3
68367.1
60588.2
50655.8
70771
37312
82393.8
46410.4
51089
52379.3
33150.3
55977.8
48794.6
34452.1
37093.2
41423.5
60502.9
35622.7
63568.6
62277.7
65665.4
77344.7
50747.9
59199.4
55396.8
54133.2
31422.9
75178.7
42827.6
58727.1
51588.6
64139.4
64291.4
81265.7
48113
65086.1
57938.6
30197.2
42980.1
31078.7
39470.4
50086.4
44182.9
71768.1
57565.9
70140.4
40550.6
61112.6
83087.8
40679.4
26565.4
38255
75523.2
34849
60209.7
31569.7
58146.9
46436.9
56503.7
37853.6
73317.3
49245.4
52250.6
54341.4
71046.2
38897.1
55029.4
44569
45937
50009
63452.7
67098.6
64574.7
49271
37622.6
70467.4
39601.2
54008.3
40523.5
53787.8
47578
61969
44560.7
68174.1
94713
52405.4
64530.2
71963.9
46101.6
42415.6
75778.1
57791.4
65943.8
41302
49790.4
43426.2
34962.6
64455.5
56925.8
38139.8
64430.2
36096.3
55257.9
54744.8
49685.5
48376.1
73372
54442
41946.2
63102.8
47638.4
53096.6
34443.4
52447.5
44731.9
69874.7
64756.7
57874.6
44016.3
43593.8
47565.6
60961.4
74286
48872.3
67871.4
73640.6
52611.3
84470.4
62975.5
39528.9
52455.5
53297.5
61702.7
87071.8
43614.8
46436.2
76359.2
35998.6
68477.8
88931.7
43608.6
46749
48122.7
51012.7
48263.9
50323.4
55015.7
56449.8
47639.8
63970.7
44763.6
56210.5
63138.3
48816.9
40765
63372.6
23752.6
47191.8
43014.4
47346.8
50737.8
58805.9
43059.8
42682.7
98943.5
45374.1
46315.7
54037.4
49104.6
36206.2
43454
58169.3
73994
46049.1
68883.3
31697.4
47281.2
40601.2
62688.9
58626.2
45364.2
51045.2
73933.8
34033.2
55357.9
42328.6
63838.8
47961.4
43981.6
59382.2
50127.1
59615.8
37903.5
58289
46468.9
34130.6
49473.9
56620.7
66564.6
41668.5
64260.6
39077.4
46519.2
37381.3
61993
66459.7
35244.7
37183.8
48321.8
41047.7
57089.6
47570.2
56246.6
43188
45766.9
49634.2
44666.7
47269.8
51558.4
54164
34404.2
65582.5
32072.5
74601.6
57829.4
48935.4
35688.8
70353
39592.2
35889.2
53354.5
68277.3
51338.5
43336.3
57960.5
32512.6
42877.4
45456.2
30378.1
46553.4
34125.3
22024.9
32182.7
37764.2
26006.8
47867.8
53745.7
42565.7
48247.2
43417.4
70761.4
36647
63183.2
49402.7
64220.2
46651.5
41473.5
44242.6
29494
64964.6
71204.2
27420
70482.2
60274.5
63154.6
73658.2
60236.8
50712.6
52453.7
52711.8
66218.4
67941.6
54921.4
48379.2
47446.4
54443.3
62087.1
60792.3
39803
61450.9
29770.8
68753.4
46119.5
76951.1
81569.8
51116.2
50146.6
48774.2
27197.5
67493.7
53739.3
51349.1
76124.3
62989.9
50209.1
61811
57960.9
84213.8
33446.6
65105
64019.2
54528.1
53396.2
80013.4
36814.9
37014.8
66677.5
43240.6
45556.6
58129
87613
46774.6
46975.4
61388.2
40638.6
37608.7
57091.3
53236.7
63658.1
73814.9
45277
49208.1
40370.6
42572.5
40093.7
30886.3
52982.6
43688.3
59603.7
56747.6
45536
87617.1
32694.3
45931.6
65519.8
64758.9
56255
48399.4
52200.3
38445.6
60421
61473.4
46635.7
52520.9
42591.6
46085.7
28583.8
50453
37376.1
51931
50296.8
63293.3
34647.7
32119.6
43755
75525.9
38521.6
38309
47457.9
52471.5
46549.7
60088.4
33254.3
47390.9
54071.1
53797.8
49663.3
56152.2
52226.6
60635
48954.4
49394.5
31211.1
55631.7
41259.7
53516.7
44198.3
41274.1
32600.1
35323.8
44327.8
53286.6
59602.4
36981.9
44174.9
76372.7
59021.8
55993.7
41532.1
26541.8
42321.8
57506.6
54551.3
41577.7
55441.7
52447.6
37977.8
32258.6
51903.9
63639.4
31324.6
43139.8
36566.5
69997.3
55185
88560.4
55060.5
31954.2
49472.4
35911.7
36654
59134.2
44727.8
54957
36248.6
70400.7
53461.7
43888.1
69488.9
36149.8
64542.2
53817.3
45735.4
34574.2
45749.6
39275.5
27620.4
39806.2
62914.2
42445
31584.7
56686.9
26876.6
42658.2
58604.4
33382.7
30915.9
29371.8
49321
22601.7
47978.8
44068.6
42538.3
43710.5
43213.3
24605.8
32381
35735.6
42053.6
45131
26438.6
52563.2
50182.6
41828.2
42314.9
47362.1
20423.8
33420
54822.5
41092.7
59045
60513
49243.9
52328.7
40371.2
52120.6
37280.3
73661.9
36272.9
48149.4
49394.3
38268.4
37998.9
44947.8
49995
43619.6
53000.8
39558.1
46271.8
41094.6
52758.4
69347.4
55003.9
61821.8
33123.7
49545.6
34558.4
49215.3
60569.8
59119
61001
31424.5
47618.5
29485.8
47878.6
29368.1
72482.6
57999.4
58221.8
50024.2
50467.5
43353
44296.4
39010.8
63634.7
55547.6
37414.8
63166.9
27347.1
52028.6
74634.6
51142.4
65820.7
45649.9
83930.8
61839
57396.6
53465.7
58931.5
68368.3
59996.9
52762.6
56045.7
58245.8
48549.8
65949.5
41419.9
45333
47560.2
39355.2
54283.8
43468.6
38782.6
68385.1
49020.1
37611.8
49354
41121.8
38722.4
36829.1
50992.6
50910.4
32982.2
82491.5
74110.2
44498.6
52641.4
76892.6
32860.7
35409.1
59476.9
65447.8
44119.6
51539.4
51055.2
46295.8
67760.2
38920.7
56308.4
42361.8
48303.7
43569.1
40646.9
52651.4
46475.1
26617.6
37112.8
34204.2
67068
29678.6
42517.5
55321.6
54053.2
38788.9
41416.6
34322
48928.7
34069.7
35182.2
55519.9
32049.8
53568.9
81046.2
47499.5
67472.5
45262.7
29139.3
39894.5
50741.2
69954.3
53444.6
62802.4
42937.5
31512.2
42111.4
39998.5
41795
62477.8
40393.3
52781.1
66275.7
48751
29773
38597.8
29768.1
26358.5
34328.1
48028.1
39662.6
47629.8
28004.7
34333.4
41502.1
49105.3
42887.4
36753.7
30563.8
45214.6
50234.2
48658.8
36902.6
58752.9
36988.8
62721
41376.6
52809
53477
51519.5
52771.1
75806.9
43945.5
43942.8
50222.6
45194.6
34667.9
35720.2
66125.3
67994
33286.9
64233.5
48054.8
28085.6
60911.2
58008.9
56471.4
38135
57880.2
49582.2
43940.6
43113.7
46945.4
39294.7
50899.6
31919.8
48322.4
38239.6
53515.9
55313.4
60350.1
50874.1
41046.8
36557.2
35120.8
67549
49456.6
52547.1
26565.4
63271.1
47531.2
74808.3
31849.8
59186.8
40257.3
37979.3
33797.4
40119.2
31316.2
51475.9
51737.4
54050.5
49856.1
56882.3
44767
36633.5
35825.6
44292.4
54538.2
70750.1
66891.8
52795.1
35271.9
63812.4
66385.7
57354.7
48420.6
29841.8
40789
51648.6
48354.8
51975.6
53894
66468.6
48605.8
52364.4
42203
47416.9
63282.6
56941.9
44443
41314.7
45899.3
36268.4
48267.8
25876.2
77664.8
62970.2
27846.2
40761
46165.8
50085.8
44501
55836.9
45585.6
58123.1
50829.7
55826.4
38801.7
63544.2
40329.4
60152.2
34808.5
36291.6
46141.3
53148.2
46732.1
63521.2
47350.6
69356
49885.1
25357.4
41699.4
27080.7
41664.6
43821.9
31619.2
43882
34453.8
62702.6
44978.6
41738.2
22637
51878.4
70663.4
74262.8
60582.5
37505.8
33441.8
38880.6
41044.2
32814.2
57496.2
56887.9
66748.6
46910.7
45144.2
42846.2
76647.7
39212.6
50367.5
54987
34156.2
50568.9
30658.8
39497.9
75136.4
59541
32969.5
61969
57662.9
50101.9
43139.3
68380.9
51116.3
47747.6
70011.9
71688.1
45433.8
66041
62581.5
63305.8
57603.9
54653.8
36091.4
50945.2
38929.9
60277.7
51298.6
55916.6
55645.3
66142.8
95045.5
39847.9
45032.7
55926.5
54028.4
51751.5
56047.4
47623.4
61975.4
31833.2
76484.2
67132.9
65796.1
54508.9
68096.2
39869.3
34995.2
68219.1
66130.4
61509.8
73725
36916.2
40664.1
57187.5
62825
69363
42786.6
69554.6
32428.7
86499.7
32424
59925.2
63356.8
51334.3
24419.4
65306.4
40523.1
41751.8
63986.2
52068.5
64531
62195
57496
32805.5
35118.1
63269
65359
54334.3
35044.3
47766.6
42910.3
64012.1
49834.4
47788.2
40207.6
64037.8
43447
53130.8
43713
23243.5
47694.3
40653.6
20618.8
42692.2
55106
55481.6
49088.5
41269.6
46915.2
50226.2
79511.3
42494
57310.2
38598.4
29774.1
46813.6
30963.8
38819.1
69361.2
58579.6
34788.1
51326.7
82523.8
40553.7
55165.1
53870.5
22942.6
36237.8
40481
65429.2
60928.4
42948.6
51272.1
50054.6
34568.6
88097.9
53436.7
37371.3
68318.1
34194
28493.2
67673.6
40011
44092.5
34345.8
52839.6
50454.5
51229.1
34910.5
45024.1
58004.2
56623
47668.8
55047
57247.8
57523.9
52991.1
36964.5
55582.7
63209.6
38648.1
74882.6
69532.5
47123.9
66172.6
56924.8
41183.7
51040
75236.2
45280.9
41533.2
50267.5
30474.7
38713.7
49566.6
53345.4
35483.7
46850.8
51494.1
43626.4
69883.8
40271
31557.8
38120.2
85203.4
33443.2
80725.7
37253.3
34849.5
40756.5
38375.3
37865.7
44351.6
41312
59355
50124.7
80459.7
57902.7
44201
62609.6
48337.4
48214
45807.9
49829.4
33162.2
51422.7
45415.4
69442.9
50442.5
49473.3
25392.1
26180.3
41508.3
57114.4
33529.2
70457.1
23319.8
43060.4
49334
39905
55540.7
58407.6
47683.3
44873.6
36252.1
39897.2
43030.4
34788.4
58716.1
56866.5
36095
55199.3
47232.5
26379.9
49147
70672.2
37358.7
33760.9
54007.4
61925.7
57488.4
39805.8
30537.8
54262.1
33757.1
39173.9
26669.7
42898.6
35534.9
38847.4
33778.4
47059.8
26497.2
59319.4
50657.5
51865.6
35764.3
57720.6
48793.8
33368.4
42266.1
76601.4
54833
38002.8
45206.6
57092.6
42760.2
39280.2
42832
43988
39298.6
39050
47022.3
53533
64563.5
66100.3
57672.7
47464.4
57215.8
26563.4
81015.7
60523.3
37025.7
40728.2
51035.5
48523
30698.1
43571.1
56111.8
60788
41319
45724.2
31799
48231.8
55280.5
55870.2
47515.3
25510.2
62114.3
37640.2
44292
38835.8
53531.5
79129.9
48776.3
79123
59643
36327.3
54887.9
82196
54943.7
41295.7
46528.3
81381.6
66451.1
44067.8
46899
48855.9
35359.2
58668.1
67645.9
59499.7
55005.5
43430.1
31269.3
60324.4
67330.6
76405.8
26660.5
53416.7
48567.4
44092.2
49640.5
52196.6
56028.7
63424.1
44361
69632.5
35497.4
43119.3
67919.2
67238.6
87087.5
81572.7
66921.5
57638.2
68663
55363.8
46003.6
64494.4
48120.1
52130.2
59362.9
64481.6
54224.4
71742
45358.3
53294.2
42478.9
44554.4
65554.5
79365.5
37027.5
42776.2
47360.3
37047.4
56947
43353
48335.4
49618.4
25929.4
50328.7
52081.3
63252.3
50733.6
67287.4
57185.8
39178.5
43078.4
56352.4
45866.6
52035.8
38371.2
40600.1
51288.4
55558.2
63043.7
46975.5
52425.2
44171.6
31381.3
48638.9
66055.5
44756.1
60252.2
48963
28884.2
25024.7
69628.8
69095.2
62493.4
49914.6
57448.8
49839.4
54491
32916.2
39751.9
40272
40774.1
62714.6
36912.7
54763.4
72767.4
45849.6
37280.3
35097
39049.8
42442.2
39449.2
45919.4
51124.4
46548.4
58861
48831.8
54257.4
40821.8
58821.5
42579.8
39911
31798.3
32744
38573.8
24779.1
39024
71269.4
53061.8
44943.1
61951
34377.7
59462.4
45368.2
47356.3
45067.3
53418.6
70479.4
39587.8
54945.4
49600.8
68317.2
48473.5
59522.4
43577.4
54116.5
58681.4
98842.6
49718
45237
62603.1
56926.2
39543.4
41821.5
61564.1
58608.6
55281.3
48184.3
61960.3
26381.6
39947.6
33639.2
44017
61906.8
54820.2
72815.3
26919.8
64480.2
63522.3
72467.9
62749.4
46918.5
56943
50250.3
50841.1
57342.9
63616.1
55296.2
52033.4
81485
66666
53784
52262.6
55979.9
50076.2
43386
39792.7
38939.8
40598.5
37029.8
42538.2
62786.6
41406.8
58337.1
32193.1
42878.9
34790.2
54633.9
50436.2
62447.4
30718.5
46035.8
40596.8
30351.4
34888
28093.3
51257.6
41627.1
46174.2
43832.9
43027
42049.6
47326.8
40613.3
44382.1
76390.6
31331.6
44479.7
52684.6
35021.4
36008.1
54017.4
46216.6
56090.2
52752
32228
43224.2
63770.6
35325.3
76856.2
38388.9
54046.3
45710.4
82365
32577.8
38148.5
28002.7
35557.8
85927.6
47220.8
53238.3
27665.6
43850.7
43725.9
56855.4
31322.4
38298.4
51006.7
65506.5
54305.4
50456.7
59923.3
37568.1
43539.1
50293.6
49343.6
48475.2
59591.5
60238.7
61970.1
51555.1
46645
52032.3
33560.6
51935
46726.5
40236
41518.2
40009.8
54763.1
31593.6
49677
51732.8
53761.7
41221.5
34038.5
31160.6
34471.4
38192
55321
39243.3
18767
53389.5
34986.3
52981.4
41506.6
51880.2
38872.6
60195.9
39293
28967
39919.1
40785
46863.4
63631.4
74597.8
56101.3
41571.7
34201.4
37740.2
32563.8
48029.3
43038
51343.8
44773
49776.1
51352.5
31526.7
64229.7
62468.3
30109.3
46762.6
81864.5
57688.8
44383
33851.2
49466.1
53763.3
30020.9
64730.4
41837.8
50787.6
49896.6
41158.6
50222.5
67391.2
55670.8
71635.6
91392.6
37954.8
96692.6
43456.6
46588.5
41599.3
56110.6
36850
68523.8
49068.2
63723.4
55065.4
37972.9
38687.4
49686.7
33352.6
56171
58111.4
28747.8
51436.6
57756.2
58852.3
70047.4
33146
95216.4
52022.6
51197.8
30780.3
75957.2
44337.2
48735.3
78160.4
32937.8
73375.4
57659.2
31644.6
70618.4
43951
47229.9
87760.2
46098.8
51775.5
36016.2
56783.7
50443.2
54224.4
61201.4
65640.5
51075.7
49266.3
47516
64914
44476.1
63450.2
54635.8
60351.3
39096
46576.2
46523.1
50665.7
40581
40955.3
36780.6
19628.8
52072.2
56294.7
50545.3
50532.6
37349.7
36499.8
25020.5
64131
35893.6
86520.1
49481.8
49251
19825.6
58806.1
81345.2
35365
35263.9
36210.7
39657.4
40542.9
52401.5
37723
33900.3
86021.6
70518.8
29326.2
68737.5
55477.4
27975.5
56522
44493
60740.8
55094.6
65964
50512.5
73062.3
52127.8
53543.2
58671.7
49153.4
72149.7
49971.3
59547.2
32722.2
48355.5
33215.5
58162.7
50171.1
50465.5
42287
33758.2
38738.6
54742.1
68667.7
64264.6
49429.5
68751.2
50927
32531.3
46347
52046.6
65828.6
45101.6
56143
76739.9
40149
61740.6
67266.8
40938.6
36712.6
62159.1
53834.6
50837.4
46288
49803.6
93636.3
42633.5
51382
96438.7
44833.8
53553.7
49967
37355.4
41928.5
52417.3
47423
45501.8
48717.4
63927.7
61083.3
48405.4
53455.8
49393.2
49041.5
61522.3
53648.2
59087
53463.5
38689.1
41283
61673.3
43954.9
61546.6
74067.2
57249.9
74141.1
60090.2
49452.3
44359.8
74637.5
49940.6
63858.2
80749.8
40898.1
39564.4
69640.6
34636.3
58598.2
41210.3
48423
51176.1
55123
47709
53731
58180.3
20800.7
56659.2
32352.2
39468.2
54466.6
40567.4
46710.5
30153
51796.2
44439.4
41684.2
67583.4
71836.2
35027.6
41839.3
53857.2
48543.7
75442
29323.9
52509.4
61197.2
67216.4
33217.7
33164.6
37118.1
28088.6
54284.7
73012.7
54136.4
29895.5
71732.6
31498.6
44673.8
28043.4
41456.1
59964.4
48276.5
70798.5
76754.8
74997.3
39254
53638.5
23009.4
47896.1
21736.2
42476
36790
70363.6
51680.2
25291.4
31740.5
66032.7
38364.9
32553.1
45533.4
37412.5
38629.4
39712.7
37373
35181
43197.4
61353.6
61976.2
52730.9
40447.8
45140.6
48093.6
47686.2
53518.7
49195
26902.7
40665.2
53653.6
49262.6
51619.7
43360.1
59684
53815.7
49157
62740.2
57382.6
36855
59549.8
38562.5
45368.3
30774.9
48438.9
27189.2
59388.8
59852.4
32198.3
37866
69429.1
56763
31815.2
40541.5
47810.5
38739.2
34091.8
37474.3
52850.9
43217.9
36004
48707.3
41524.8
71750.6
33016.1
49585
30688.2
26814.5
34628.2
43357.9
39937
27214.1
41228.9
55992.6
70526.7
37708.6
44796.2
52906.6
37592.9
46344.4
52251.7
23849.7
45067.6
59643.4
33810.1
34684.6
47333.5
48356.2
34990.2
37652.7
24695.1
55351.6
55338.2
68112.8
63180.4
49368.8
47290.6
35305.3
47825
25972
53904.7
42279.4
38642.2
26198.1
52746.6
22509.8
57664.7
29933
35005.1
39939.5
41429.5
41970.2
27257.7
50692.2
38101.9
54649.4
34261.4
64865.3
24973
35151.2
41333.5
39704.5
35435
33663.8
41113.6
57293.3
38046.1
48412.5
37262
42257
19087.9
38308.5
41607.4
58242.3
35188.4
53238.2
38352.4
57807.2
55429.3
71841.8
34134.9
28168.4
53726.3
38404.2
50498.2
42357.8
52170.3
25513.9
40695.4
66206.7
44539.6
52794.4
70748.3
23673.2
56548.1
61767
63829
35842.7
23778.6
40247.8
28533.5
46471.4
40269.2
56537.1
44396.2
34297.7
44339
47427.8
35189.3
16386.6
24175.1
39728.6
26565.8
35514.7
31477.8
51560
42842.8
53538.7
60613
44466.6
34354.3
68484.6
39412
58525.8
44320.2
49415.6
30491.6
34105.8
36686.2
63079.4
36478.4
50114.4
45624.5
29107.4
62184.2
60859.6
48961.6
48948.9
42380.7
34543.8
61597.2
50294.5
47255.1
50593.6
37788.7
40176.1
35194.4
47427.6
61015.4
46423.6
40429.8
29946.6
44057.1
41950.6
73437.1
55464.9
49421.1
19230.1
57942.3
25426.6
61664.4
45534.6
33215.6
51116.3
41647.5
37325.6
26684.1
43994.2
79417.7
70250.5
55298.6
30731.8
40068.8
39779.9
59590.5
24822.1
30321.2
32613.8
52763.3
19305
39394.6
38066
53142.1
60157.2
38117.3
35957.2
27033.5
55413.1
56038.3
29558.5
40194.6
33128.4
56645.7
37855.6
44187.2
59026.1
28758.9
47413.9
32082.2
58987.1
57635.9
46126.3
28400.5
61252.6
53222.1
47285.8
41352.5
46829.9
19741.7
43124.2
56144.3
38257.8
53184.1
33584.7
45047.8
40744.2
52316.5
47229
43847.5
40546.7
50790.2
41830.6
40099.6
52830.5
29048.4
32210.9
62974.8
42951.9
39815.8
31279
76658.6
41259.1
34021.6
33075.8
42362.5
46595.3
72522.9
42701.1
40998
33519.2
43472.8
57069.1
31509.1
57305.8
81036.8
64815.8
41954.8
43552.7
45224.2
48369.8
51854.2
77260.2
45638.4
95078.2
36955.5
38752.5
63908.6
44942.6
78623.1
54765.5
37767.4
39506.3
49517.3
47916
46339.4
55011.5
57530.8
26951.3
61175.4
50483
68959
46577
59999.6
48569.1
37642.2
62131
37290.2
42997.4
40254
57300
62211
49043.8
39194.7
53418.3
38011.1
43714
53982.2
61402.7
43498.6
39891.1
44182.8
51359.1
67696.7
46583
37885.2
76224.5
71900.3
46150.6
44461.4
40126.3
45439.4
61565.7
48968.7
54604.2
40417.2
21963
33678.8
51993.4
44531.4
37836.2
29375
58328.2
46844.8
44459.5
81116.6
62366.3
79401
29675.4
33811.4
64680.6
81994.9
75030.1
50322.1
48134.4
38300
39692.4
47021.3
39548.4
89867.3
42768.5
45431.3
48146.5
50595.9
47145.7
58965.4
30095.8
46249.8
44037.5
34271.2
40788.6
76359.4
43789.8
62937.3
57811.3
33519.4
42224.2
48290.1
56806.6
35914.2
42673.4
40578.6
38284.8
35710.2
39417
49960.2
38660.3
51072.6
58054.2
52687.4
39423
38883
65627.2
27584.7
54614.3
52426.1
47080.7
82862.7
79973.2
67669.9
69331
45368
89511.4
77306.5
65332.6
79034.2
47178.4
40430.7
42267.4
43073.8
47033.5
69708.5
40081.2
41785.2
25018.2
62908.6
89494.6
46360.1
51385.5
41973.5
41917.6
51462.1
38176.3
42614.8
42783.9
53843.1
34365.2
32568.8
26926.1
43556.8
43694.2
47563.4
39263.7
57737.7
53180.2
39769.6
38784.3
62985.8
70442.6
31135.2
43370.2
31163.5
41396.2
65976.7
32892.1
34105.7
53566.2
56739.4
37730.5
59079.4
32634.6
49101.3
32844.7
78145.3
58273.1
36686.1
29763.8
56645.5
58766.5
56468.4
46530.1
32232.6
49385.8
36955.6
60262.3
42178.6
46876.1
51773.8
40186.2
37661.7
29569.5
49837.4
46369
45475.8
74572.6
58730.6
50177.4
45749.1
43156.6
31756.6
60910.1
28265.2
32898.2
46423.7
59956.5
52544.6
57366.6
55558
29637
58771.5
54416.3
45405.9
29507.3
63071.8
51574
47512.2
45470.6
38429
43603.3
40902.2
37044
41223.8
75373.3
42015.4
48756.7
54578.6
51500.8
43145
24155.5
35631
82529.5
66846.6
33208.5
31559.1
29964.9
44750.7
43356.6
50428.3
50223.1
41253.7
30706.2
65928.6
63346.7
72510.7
45423
65924.3
42749.8
39330
53490.3
61398.2
62564
47381.4
63974.2
37769.7
48418.2
55018.2
72790.5
84020
43456
42156.7
35820.1
32226.9
63875
57517.5
55287.1
38767.8
33064
75237.8
65889.5
71799.3
53487.4
39270.4
30800.3
46996.2
62895.1
61197.5
61224.6
70174.9
81904
48910.2
38132.5
64854.7
58830.1
59816.6
42220.6
42789.4
46448.6
49571.6
32530.7
74495
67797
67759
65728.5
41636.3
62350.6
26667.4
46283.4
46004
49933
58262.2
58837.9
41047.8
78399
48038.6
37344.3
45354.6
50157.7
77394.9
76897.5
38566.6
41809.1
74562
39251
43825.6
59312
46139.4
50598.9
83680.3
39286.1
81373.7
50517.8
49094.2
50758.2
51482.2
71958.1
65735
37275.6
53149.4
50596.4
77948.2
52099.4
63150
53838.6
51399.1
38779.8
32118
61045.6
65825.4
49536.2
49063.8
46155.2
36561.4
29168.6
66937.4
64521
46220.6
32831.4
47950.6
28317.4
56049.6
57901.7
60916
63847
49713.8
36854.8
37001.4
59744.7
38422.2
84735.4
62204.1
46963
45314.6
37761.2
59641
55656.4
47879.9
50798.5
41287.6
51000.9
51087.4
32121.1
82998.8
43614.2
41481
49454.2
52718.7
54380.3
69139.4
43390.1
76682.7
53031.2
33597.7
61687
54481.9
46925.4
28214.5
28523
54203.8
72668.8
56345.5
68532.4
35592.1
47818.8
34144.9
70091.8
55888.4
46124.3
33386.1
64653.1
48131.2
49159.8
42805.1
62403.8
99541.5
32850.5
62557.1
50088.1
31520.1
30617.8
64447.8
67658.2
59439.2
73477.7
40820.3
66863.6
59587.8
49353.5
80448.7
54907.6
52781.2
47011.5
56913.9
27449.1
47178.3
37154.1
87984.8
47532.8
50092.6
43879.6
57550.2
49803.5
48301.4
64715
35659.7
34865.4
40106.3
49422.7
58688
76896.2
56705.5
50929
53934.7
33915
52494.4
59552.2
44034.2
46982.8
43968
40233.7
56065.5
69953.7
35671.5
41974.9
70239.1
36351.5
58082.1
37524
76149.2
29694.1
39400.7
51019.1
51294.8
63776.7
34313.8
50235
39951.8
54314.3
38467.9
51403.2
49211.4
46031.4
51615.4
57405.4
33121.5
39118.9
63709.6
65135.4
64909.4
44303
42279.6
54615.8
57143
32307.8
38742.1
70893.8
89370.2
74134.8
37641.8
52713.7
41970.4
49798.6
39882.2
29599.8
72251.5
31297.6
44254
72886.5
85044.9
43717
57101.4
39393.7
47203.3
29008.4
45875.6
53454.2
53490.6
48500.1
51179
56104.5
41344.6
73273.6
36477.4
63433.6
45183.5
49048.2
48553.4
56418.6
37550.9
28230.1
49733.8
68269
40156.1
51149.5
48687.6
68539
45667.3
43250.6
66501.5
47320.9
41570.1
41249.8
41211.8
37219.6
71716.1
60969.7
61874.6
47750.6
50186.2
29001
29651.9
49193.1
44708.2
54919.8
29984.7
47622
40920.4
39300.3
65212.2
27399.8
59220.2
31315.7
35094.7
57071
39823.2
46403.8
40977.7
41927.5
31613.8
40825.7
58349.4
41013
60567.1
56860.6
36996
33881.1
47567.8
49406.1
93834
31165.4
56766.8
48069
45427.8
53447.3
64209.8
57488.8
47427
23649.3
46038.4
35756.2
99519.8
47183.8
57097.4
59972.6
39706.9
37842.8
38755.8
35789.2
88830.6
39918.4
40479.8
33581.5
56668.1
40994.6
40204.2
53529.6
51703.7
36198.3
73391.9
42180.3
39656.4
67277
54327.2
30372.6
42576.3
36231.5
61025.8
44493.1
46537.4
49331.5
44286.3
56256.2
59197.1
55257.4
71724.4
36607.8
53749.4
48956.7
32672.9
61363.3
27519.9
32095
39751.8
41912.5
40568.7
52542
43297.5
46922.2
65819.6
44048.8
38700
34374.5
66664.7
46503.4
51439.8
40274
42624.2
50293.1
48100.2
42210
50948.8
48119.6
50370.4
35226.2
51482.9
52772.1
47359
36618.1
30958.6
56482.6
79082.3
52358.8
39473.8
65010.1
51733.2
22880.5
45567.8
32620.2
43966.2
59643.4
65872.2
54292.6
47916.2
54042.5
40864
43997.6
59032.3
29035.4
41583.7
57372.6
50696.6
59146.8
38272.6
30019.3
37228.2
45645.8
41666.9
70391.3
49347.7
39423.4
32336.5
23832.2
37159
30322.7
47088.6
51293.7
37123.7
44875.1
23805
22257.8
48270.6
49380
37632.2
57684.7
39333.5
47919.7
45513
49892.6
37769.5
54133.9
27839
41265.4
41855.8
48734.2
54146.9
31195.1
62443.8
48133.4
57957.2
62145.3
50698.6
57216.9
40541.6
56332.4
33715.1
54258.9
44411.9
62947.7
50580.4
63156.8
60695.7
45508.2
30336.2
32646.6
81557.8
42661.5
55140.2
37009.4
64200.7
74677
57073.3
55514.6
42695.4
28458.1
37966.2
33139
49251.3
51891.8
36119.2
70626.6
28675.3
47473.4
41809.4
55973.6
44562.8
80032.5
35667.8
55413.5
41255.9
37249.7
58604.9
37051
49511.2
74459.8
81550.9
65061.1
84791.8
55892.3
42103.9
55332.7
49977.7
62172.6
52603.4
50749.2
38718.2
38777.5
57689.7
40080.3
44910.4
47156
51851.3
53842.9
61792.9
52923.1
49721.8
58871.5
40183.6
37287.7
47710.1
77392.4
32122.2
67913.3
61355.4
54289.7
37192.4
47539.2
51623.5
35409.7
47162.7
36414.6
44484.7
38722.6
32964.3
32309.3
55856.2
51449.3
36397.2
43216.4
46043
39593.4
54277.9
62768.1
27435.8
43230.2
43369
36715.1
18464.6
29152.5
39671
73195.2
27727.6
24449.7
34543
46760.1
53841.1
63148.1
60627.9
69595.9
47991.8
81620.2
37741.5
41001.1
34710.5
50677.7
32084.1
42485
49839.2
56722
54162.7
38154.3
49278.8
57985.3
43628.8
58576
57049.8
36819
43568.1
40418.6
44573.1
35645.3
45810.2
27503.2
49847
40635.7
57766.2
53593.9
49110.5
33070
42830
57045.5
65099.8
69147.2
44562.7
44269.8
38215.1
53049.7
20532
43201
52044.4
76640.1
75362.3
60595.8
38248.4
42200.2
59209.2
60522.2
43096.3
44079.2
33441.1
59801.7
81937.6
60560.5
32596.6
32743.4
71188.2
45638.9
34156.7
34770.4
34382.6
51127.3
52963.8
33007.2
54962.9
52902
59630.6
54164
46015.3
30214.9
40495.2
25117
65381.8
51036.7
47779.9
38317.1
51747
24817
76170.6
31110.7
49287.2
58671.4
51238.8
45926.9
56541.8
41448.6
43944.9
41652
48708.8
41687.2
31079.1
59653.5
57146.7
74934.6
53800.4
62012.7
58427.8
24739.1
34593.6
54191.9
51388.5
33750.6
47788.2
36909.4
37246.1
73079.4
40306.1
68667
45195.4
35813.2
55095.7
55021.1
33304.9
47524.7
36855.6
45087.8
62188.2
54752.2
39004.8
52629.7
48031.5
52074.6
26020.8
55989.1
42686.3
44349.8
45164.1
50493.8
44477.8
72218.6
42558.6
47514.7
51415.3
38829.7
51700.5
42539.4
80607.8
61547.7
96305.5
58496.6
22455.8
54071.5
56137.3
65336.2
42917.4
65520
49067.4
57027.5
39723.7
53203.9
57988.5
76081.3
61813.2
42274.9
63764.6
35908.8
69573.5
51161
50790.1
53198.5
44090.2
96304.7
41995.1
40559.4
26328.2
40787
55407.5
45461
51424.6
51566.7
36414.5
47648.9
38042.5
42361.9
56505.6
49224.1
69598.2
34343.8
48988.5
70065
29966.5
57795
70399.2
45452.2
37231.3
51474.6
32440.2
52542.4
30655.7
35563.5
43091.1
56764.6
53281.3
35473.3
49646.6
41977.5
42080.4
45279.7
61105.1
34066.6
47465.4
46626
37363
76264.9
40201.2
23895
25430.3
45800.4
35458.7
24831.5
44945.4
62486.6
60958.6
68358.2
37851.4
47768.4
76344.2
28147.3
39967.7
35363.4
41579.5
65029.1
59595.9
36330.1
47819.4
60867.3
49089
56615.4
45570.1
37683.8
32429.1
43412.4
79855.2
52343.4
44037
61195
32868.9
34051.8
36704.5
43777.6
61752.7
50235.6
42533
64242.6
75125.6
46173.9
30466.6
34968.9
43107.2
62786.5
32396.2
32893.6
44528.7
37629.8
28029.4
34916.7
52407.2
37764.8
33321.1
42207
34874.7
43128.8
37856.2
58179.5
65437.9
49231
45293.8
61138.9
50198.6
91752.7
33980.7
46916.9
42861.8
55105.1
65779.6
41423.2
48968.4
28583.4
35094.6
51689.4
62002.6
65761.8
59419.1
36782.6
63496.6
46560.2
64393.5
66145.4
65382.1
67757
59595.7
49592.9
44379
56248.6
49220.7
46814.8
46167.2
51647.1
69105.2
50543.6
44091.4
44206.7
58918.1
78685.8
64778.2
56817.2
54512.4
37789.3
42483.9
67268.4
59528
41713.4
31192.4
37143.5
59077.6
71822.3
42291.3
66178.5
40745.1
61016.4
47276.8
67132.9
50236.7
50648
46532.7
46861.4
44777
56250.2
63666.6
62385.4
67597
77655.1
51669
51276.9
41164.2
43818
54066.5
43608.4
57051.8
38551.7
63183
48648.9
75616
43293.6
44475.4
48971.3
37060
45517
43410.6
38883
60128.7
39006.5
58738.5
50526.2
56723.8
70659.6
45390.3
48898.7
70952.5
47037.4
44683.8
50397.4
43315.6
63036.7
49220.6
52971.2
29393
76692.6
37902.2
27049.5
61746.1
43984.5
80062.6
73021.6
41335.4
43821.7
44117.3
41904.5
47479
68719.4
49251
17513.5
39168.5
64065.8
53963
23959.7
54234
53685.5
61267.8
72235.3
50260.6
41220.5
41819.7
79275.8
42491.8
51959.9
32905.1
42967.6
53611.4
52101.8
79528.6
53510.5
64030.6
30127
48307.9
45642.7
67055
45948.6
45115.5
60475.6
38198.2
53630.2
47111
53977.8
59221.8
39442.2
60405.3
39369.3
33158.6
46108
30047.6
61579.4
46422.1
59318.9
29462.1
71256.7
49306.9
73911.2
45705.4
52561.7
54842.6
76185.6
46576.1
53992.9
62341.7
31450.5
89145.3
33885.9
51228.7
64473.7
62479.7
65937
43746.5
52859.8
41460.9
49442.4
85536.8
70771.8
60646.3
39941.1
53378.1
35761.7
50554.2
51041.7
38639.1
44692.8
66100.2
52670.8
62397
45208.5
86213.5
36044.9
35893.8
27548.5
48693.2
44512.6
31912.3
69339.7
43195.7
52983.7
48994.7
41887.5
69290.6
65606.4
53320.7
31796.6
71974.7
56753.2
37060.2
60505.4
63661.7
36968.6
37343
71969.3
70104.6
43643.5
39698.2
46977.5
35861.6
35438.1
46406.6
29497.7
34056.5
50857.6
42607.7
42320.8
39286.9
44610.4
50860
79672.6
95896.5
36651.9
43337.5
61159.5
73106.8
46804.5
56058.6
49341.6
67077.6
51433.5
37893.8
45853.7
60529.3
48235.4
42981.2
63093.5
45515.7
43997.4
36447.3
54229.4
62539.8
70133.2
47102.4
59093.9
73836.9
60040.6
52211.8
38603
61507.9
40844.4
55082.7
60600.2
91499.1
48941.1
60751.2
73245.5
62992.4
45883.8
32511.6
52189.3
57229.4
77048.7
72008.2
61262.5
46347.8
64425
50147.6
43405.5
44211.8
56661
47644.3
45691.8
43233.3
55776.7
70795.3
31687.1
33556.5
61561
47436.8
71795.4
64803.5
57720
55230
72808.8
33435.8
28869.7
45832.3
41749.4
52332.6
83087.2
47999.5
72515.3
38399.8
50319.7
44885.2
47758.4
46653.1
50867.4
47611
60827.6
45416.4
41165.7
35955.4
52471.4
43960.9
43518
46440.1
69294.5
37743.7
51906.8
34730.6
67956.3
42944.6
32551.9
46191.7
57177.1
47892.6
74183.1
41763.7
63252.7
28533.5
66349
38924.3
31368.4
31086.8
42260
41816.9
46831.7
74005.7
42220.7
84561.8
34624.2
42519.4
34607.2
55674.3
55739.3
47344
26037.8
50353
65217.2
85737.9
31846.7
55192.2
35666.5
59844.6
48292.5
64617
57930.9
39040.6
46369.8
65226.6
64365.4
40393.3
62800.2
53995.8
30091.3
50864.7
59141.5
50670.2
55555.2
32527.2
61228.4
43032.3
34124.2
61469
52806.1
88837.8
46385.4
37369.1
52402.3
44534.3
63560
40704.6
74839.6
51148.1
61038.8
63684.7
49725.4
59813.2
41933.8
36079.2
52939.2
40262.1
38100.6
80698.5
63810.2
39083
53726.7
48326.5
53014.6
47343.2
40255
56612
41783.5
42700.4
65383
59728.8
36942
38888.6
36801.1
49033.5
49100
75636.7
46034.9
40934.6
32680.2
47765.7
38055
73210.2
72327.3
33266.8
49675.5
25414.7
38520.2
46362.1
42121.4
64698.6
28782.7
51122.8
57465.4
45926.6
72348.4
42996.6
62297.6
53077.2
52286.6
43730.2
23292.3
61234.7
36854.4
59152.7
88933.4
52123.8
55158.1
35328.5
39504.3
37027.1
65511.5
49948.3
46399.1
49581.5
57319.4
64845
36176.2
64185.7
42618.6
34564.1
41299.9
38687
37217.6
65337.8
64307.4
45471.8
53374.1
38700.6
38741.8
50064.1
88161.2
33096.9
50387.4
46447.6
47516.2
41771.3
63705.4
57093.9
59356.9
36523.7
53449.8
49791.5
68017.4
41224.6
29111.7
42824.9
71639
40998
38533.6
51434.3
54938.2
55983.4
33696.1
43688.4
35023.9
40689.4
54383.9
47252.7
55634.3
29757.9
58388.2
47293.8
46366.3
50561.4
54890.8
56817
42349.5
36386.2
74188.1
46313.4
64676
53574.1
57959.4
35842.5
42083
38827.9
47029.4
45573.5
30329.2
43233
49935.8
33470.7
47490.9
48113.4
56158.5
39603.9
32570.8
37417.2
44570.3
46454.9
36957.6
37004.3
32212.8
41929.9
39258.6
31145.6
67532.3
35061.6
43339.2
34383.2
56870.2
41048.9
40613.2
44929.2
35356.4
36574.4
36285.8
52357.8
36751.1
41949.7
16646.2
29797.3
46173.8
35483
32569.3
54986.2
41800.6
31970.4
25905
41356.6
63384
55502.2
42652.1
40460.2
28268.3
40632.3
36569.8
41775
35367.8
79433.7
57155.2
36717.4
26333
68161
83092.4
66457
30762.8
41321
43834.1
54793.9
35050.2
59518.6
47206.1
57371
48308.6
35496.3
47889.5
57799.8
73559.8
51858
66548.8
60048.5
66944.6
23808
31530.9
46789
47160.4
31327.8
29326.7
34480.2
56989.4
28802.7
43627
41429.8
35659
31371
54465.9
48865.8
59283
55510.2
38758.1
64072
45291.4
44947.2
43348.3
41859.7
42376
37225.6
54883
50975.8
87012.6
23170.2
29291.9
51252.3
75163.3
50912.1
27189.3
55385.6
33097.5
51274.4
52663.6
49410.6
48292.2
47680.6
55767.2
61432.2
36313.2
26527.6
48155.8
41048.7
64187.4
56586.6
50319.5
67027.4
31067.4
32325.2
47534.7
63155.9
45714.7
42852.2
37293.1
59786.5
45579.2
44486.7
51057.6
37802.1
47190.7
33018.5
45640.7
38126.5
76934.9
39473.4
30728.6
59393.2
47561
39951.2
63264.4
63247.4
37846.2
75373
30991.8
28743.8
41390.1
66702.2
61989.8
68967.4
51219.9
51765.1
25041
43652.2
66256.4
43865.5
60235
47594.7
38717
57094.9
56383.5
27680.7
71123.8
30061.9
44239.5
35077.3
60525.8
71430.1
52804.4
50277.1
48006.7
58569.8
57570.5
32828.9
60050.7
66134.6
41258.6
76670.6
45166
48797.9
59816.1
35811.2
40767.4
63986
48542.6
64164.3
26225.5
51267.1
67909.5
74140
34035.1
29722.1
54707.8
40065.6
63285.6
58911.2
53321.3
39039.9
37917.4
58677.4
33262.2
62751.4
64634.6
46393.4
34432
43769.5
32617.4
63682.5
64856.2
58633
40135.7
32069.4
39634.6
60433.2
35152.2
83551.6
47734.6
39642.4
38315.4
51999.4
51755.4
73091.5
52706.2
61118.2
47752.8
43067.6
43665
83460.1
63477.5
56355.6
70834.6
46212.3
55920.9
34102.6
89589.7
51909.9
44090.7
68950.5
35430.9
58613.4
52019.2
70844.6
59739.6
61369.7
63982.2
54384.1
39509.2
62301.8
48038.6
57003.5
68168.6
96741.9
50762.2
40764.1
59662
50863.3
73687
38972.4
46373
35899.7
48338.3
45130.2
51166.5
36670.6
74012.8
74951.2
22598.8
42580.8
47223.8
46606.6
62997.1
60357.3
38712.5
53124.9
64079.3
58160.6
42640.6
80899.2
34906.2
38492.5
46723.4
44019.4
43747.4
58034.2
36557.4
37613.1
42099.7
47586.4
60532.4
37549
59532.8
31992.5
52522.3
107360
40525.8
50680.4
41176.7
51631.8
51554.2
48544.9
36468.6
52000.2
34996.2
63336.7
77939.8
32572.4
48863.4
36068.2
39449.3
67067.8
51313.8
52213
68666.5
55709.8
57939
55211.4
50807
63831.4
65316.2
76314.2
40324.1
39578.1
39306.9
42824.3
48440.4
58121.8
51798.9
38736.8
47997.1
49765.7
60113.1
74221
68575.4
49067.1
67178.2
37954.4
40710.9
57578.2
57436.2
60305.4
57869.2
58537.7
41460.6
48772
64089.8
61658.6
56539.3
61932.1
57598.8
59475.4
45070.8
52019.4
75797.7
62770.9
41692.4
41793.9
41828.9
66653.6
48218.5
49219.3
61569.5
47561.6
43036.6
40425.3
64011.8
39227.3
37779
38508.4
43675.7
64543
37238.3
30433.8
41415
72872.4
34414
54628.9
48445.8
66350.8
65431
50017.4
48738.7
32001.8
51681
41157.4
48304.7
40160.6
41501.6
56728
18950.3
79620.3
29984.3
36350.3
61436.2
36083.7
67395.6
53700.8
66477.1
36300
36645.4
54510.6
38359.1
49326.6
59034.2
31493.1
73507.7
33419
40770.2
67360.2
60658.3
43328.5
43551.6
34746
48157.5
66631.7
77844.8
40832.2
68900.1
47623.2
52007.6
77092.4
59503.5
63936.2
47622.9
68936.6
51422.2
39783.9
55074.6
68047.8
67617
58202.9
53450.3
58304.6
57813.2
57251.7
62783.5
54806
58146.6
61606
48889.5
57321.5
35652.9
57345.2
48649.2
68399.8
37921.8
52507.4
60478.9
57375
81471.8
40734.6
46614
73652.6
50380
42677.4
42686.6
46702.3
51782.1
48805
52150.9
27960.9
37714.2
51402.2
55123.1
54001.4
39452.8
56658.2
48841.8
92197.6
60402.4
71063.5
46033.1
38926.6
63901.8
34176.2
44391.9
60092.9
62087.7
44905.8
50344.6
43177.2
35803.3
75777.8
74959
59509.8
53771
59963.3
71648.2
49498.1
35672.1
44889.7
73790.5
49807
52990.3
38567
53414.6
49082.2
56711.2
32801
52052.2
54591.4
44490.4
49236.8
42496
55219.8
57549.5
68052.2
45728.6
39934.5
57843.4
62256.2
37746
54037.1
35020.7
69989
66510.3
48691.6
40590.6
63327.4
46207.7
59561.7
55084.6
23802.2
52885.3
27636.3
63637.9
102727
53523.4
69567.8
52625.1
64982.6
39981.9
35643.5
72355.1
43503
50250.6
37294.1
80138.9
41886.3
71850.5
55777.5
45621.1
40308.2
57358.4
51487.2
65774.3
69226.2
40551
53229.8
67194.9
82935.1
68379.8
85483.4
35238.7
54685.8
69024.4
42321.5
55022.4
34452.9
61855.6
46897
41136.7
64934.2
78990.3
54012.3
43755.9
45220.7
57914.5
52374.4
64288.8
29154.1
51471
50945.4
46541.8
63984.9
63252.2
39688
51361.8
54140.6
42494.2
30305
65161.9
44496.6
50122.7
55397.5
40114.6
50139
60489.7
64043.9
54366.6
90639.5
66264.1
57303.4
46886.1
71241.3
47330.6
60617.8
57702.7
35983.9
73781.7
23285
74736.4
58509.9
63328.6
53811
50181.7
32382.9
73969.4
50577.7
63126
75389.2
41435.4
37290.2
50703.2
43558.6
33207.5
54740.8
37830.7
49031.7
44904.6
47451.4
61937.1
42642.3
40541.4
36557.5
41327.5
38236
51385.6
63757.5
78777.7
62426.2
25164.4
29863.1
60283.6
29569.4
52762.1
52420.7
39023.9
45092.8
66741.4
58190.9
26877.5
34223.1
56968.8
56116.7
78586
61339.3
41627.1
29502.2
39477.8
50006.5
36064.6
46033.7
75943.5
48241.2
33082
63066.1
58744.5
55835.4
39362.7
52790.4
49621.4
48302.2
55307.4
43640.6
46922.2
47059.7
50992.2
44507.8
22723.7
62908.6
32053.9
27738.9
43121
37636.9
33068.3
71759.7
33911.7
28684.9
57764.6
24084.6
20811.9
51791.8
73519.4
44718
46203.4
38745.4
36104.7
22251
49051.4
41637.8
44975
42353.4
48607
69766.2
55924.7
54218
49346.3
46622.6
42398.1
53253.5
33644.6
34887.6
44263.9
52241.7
50997.5
43020
42381.9
51050.9
59588.2
52644.6
43741
22137.7
49682.2
57102.9
58344.9
42632.1
41558.2
44534.7
50722.1
52912.5
56815.3
47995
38844.2
42135.9
75588.2
49095.4
50098.7
56078.6
54974.7
52683.5
48093
57677.4
31685.3
62256.3
39366.8
38637.8
72214.2
41727
34415.5
93197.8
50728.6
38580.9
66709
57121.1
56111
41181.6
39025.5
52877.2
31434.1
55072.9
51834.2
44838.6
77048.6
56774.1
46821.8
75863.5
40155
40904.3
44955.9
59222.6
49343.8
45892.5
39181.4
53663.2
55538.2
42927.2
61974.3
33450.8
58589.4
44604.9
56451.1
47349.8
55689.5
38429.5
62061.5
73351.4
47563.6
51260.5
52836
68237.4
52029.4
60119.1
58487
54465.7
56665.4
40853.2
57105.1
26878.5
33007.4
34695.4
38256.7
35415.8
57094.2
40685.2
42936.1
32119.3
35823.8
37417.8
37642
43080.4
62493.8
43040.6
23836.9
34515.2
45995.6
56910
74388.2
40304
40452.3
32472.1
94956.4
55392.3
39319.3
59224.1
48200.9
57966.2
33449.6
83959.8
50811.6
71264.3
52149.8
61085.4
61294.8
59882.9
60316.9
50255.3
42613.5
49772.6
55987.6
38923.8
48867.8
69806.7
51978.6
45469.7
38996.1
50658
78408
55728.2
48063.9
57122.4
46962.6
30717.8
57049
32924.6
39343.1
48137.8
46040.1
58165.2
54251.4
35031
33980.2
31952.5
53438.6
66239.4
30466.5
68717.5
60999.4
35557
53487.9
80243.4
41820.3
41932.5
34838.2
55838.1
27215.6
48596.2
39329.5
60696.3
38253.8
30388
40561.8
50960.6
38434.2
35780.6
68055.9
53046.7
46414.6
31448.2
26935.5
31559.8
35447.8
37350
32141.5
34878.1
59845.8
40983
39280.7
33766
29776.5
34182.5
49351.8
33786.2
36639.4
47471.1
27867
46412.4
39317.4
42140.2
69058.7
42319.7
49674.6
41775.8
51676.4
31127
48696.3
40806.4
47907.9
42723
33186.2
23152.2
56204
28514.9
41738.8
42412.1
82124
38732.2
49300.9
32637.8
55705.7
55929.9
32335.8
43936.2
71441.5
36566.7
33243.8
45769
51614.5
45580.9
57331.4
32502.2
77537.5
47957.3
36451.3
36583.6
50449.3
61364.5
33223.2
66580.3
49895.4
37927.3
38279.9
49153.9
56345.2
40285.6
59427
50270.7
46656.3
31300.6
71702.1
34279.8
41159.7
55227.4
56346.2
44773.4
37675.6
49288
64715.4
70302.2
28730.2
44632.3
65168.4
32316.8
33852.5
49868.6
46766.8
46028.9
71215.5
38647.5
76605.7
24731.3
47010.9
51575.2
43400.1
46585.1
96627.6
41646.8
73117.8
28335.6
55911.8
41129.4
46391.1
52805.1
43839.3
38626.6
30517.1
39965.4
64767.3
43324.8
51345.8
69705.4
26945.3
33645.8
31289
49097.4
51100.6
50500.7
37233.2
43353
50812.9
48799.6
28116.4
42048
55894.6
54734.3
70150.7
34539.1
21824.6
55498.6
40588.4
44572.2
56667.3
76907.8
49497.9
64572.1
42949.9
34832.7
55512.2
40541.9
41600.8
53448.9
48655
45913.2
43545.1
47547
68755.9
58435.9
34252.7
59228.1
47770.4
42223.4
43757.8
28996.3
39472.1
76829.8
36380.7
54250.1
40961.1
56606.6
64171.5
46419.8
29948.9
47239.1
26901.8
46564.8
64631
76434.6
48107.4
27457.3
32272
39937.3
16143.8
49309.9
31722.6
49950.6
29809
43545.7
34529.8
57143.2
49905.7
40127
31806.5
54758.2
53096
52602.6
27525
61032.8
55675.2
42180.2
34057.4
36490.7
53587
41470.2
31171.4
46887
52788.7
49694.1
49850.6
51645.3
70056.1
39952.3
66969.3
30437.6
36924.7
44286.3
35234.8
44378.2
52802.9
30303
81462.5
41873
64221.2
46858.5
48657.8
60338.5
54374.6
56671.1
38489.3
40782.6
31941
68543
50230.1
60399.8
71436.3
31340.2
51196.8
52298.7
61853.4
38807.4
58162.4
30200.8
40738
59161.7
46952.9
44016.6
83679.3
41535
33794
33473.6
61213.8
61549.1
58216.4
38720
55133.8
37516.2
60000.7
44527.3
34796.8
45015.6
58099.2
34687.2
46630
62422.2
30481
52098.8
36398.2
67300.4
41123.8
82725.8
29580.6
81124.8
67350.7
65622.2
53983
44955.7
60247.9
68589.2
52829.9
53818.1
60019
40165
41688.3
52913.8
57116.7
59842
57546.7
60621.4
50916.3
30924.2
61204.4
87099.7
74267
63452.1
53006.6
98008.6
61148.2
55868.1
58302.1
47003
55374.5
62014.6
62985.4
54706.8
52778.4
38925.1
45981.7
55272.7
57977.6
55436.3
59073.9
65876.6
44064.1
40285.1
61917.6
61025
62094.4
50195.3
52108.6
43721.4
35040
46325.6
62536.8
47065.7
41127.3
44151.8
60518.2
35648
66939.7
54132.6
33332.2
55598
43992.9
45533.7
58652.8
44767
58244.4
23849.6
41909.3
51004.6
26654
69006.6
49064.9
53051.2
20851.4
75301.1
56936.9
54621.4
40003.3
29403
47193
67968.7
46745.8
53046.1
28191.4
45798.9
31112
27221.7
55643
39819.8
60511.8
38958.7
45026.2
48951.4
32649.4
56821.7
53591.1
84012.8
60269.4
26442.4
35289.5
58823.8
51623
55582.1
66678.9
35027.4
28824.3
62944.6
49265.8
61868.5
39382.7
22971.3
45007
41421.1
58715.3
78260.3
33146.1
43334.2
46182.9
60494.1
40001.9
57527.8
51944.4
71560.8
62493.2
62965.6
69851
56746
49536.6
60150.9
48164.2
48030.6
65588
48777.3
57157.8
42989.8
46876.2
66470.9
33958.5
59176.2
55293
35757.5
44359.2
34077.7
63050.4
60846
50527.9
70911.2
27815.5
67616.2
42250.2
50790.6
47390.7
48670.4
46893.8
57311.7
57551.5
42870.6
59376.3
46041.8
29408.6
54752.8
28338.8
51709
43745.8
36210.7
26456.8
62456
42353.8
75125.4
67130.2
53435.8
51389.6
51169.9
45584.2
57618
53406.4
47235
43385.8
46592
44642.3
69840.9
47180.8
58015.7
37767.8
46536.2
50748.8
56890.7
53157.1
63308.4
38613
59243.4
77024.3
49606.8
59157.2
93064.8
51822.6
28006
64339.7
69651.8
47369
60243.9
60357.3
61583.6
57156.8
61889
43508.9
62555.9
54429.6
68224.5
61456.1
37162.1
50143.3
49407.3
34658.6
45398.6
41751.3
46008.2
41780.6
52975.6
55427.3
42845.8
59751.8
53527
45947.5
55404.3
56920.6
55266.3
38577.9
62644.9
40884.2
37166.6
62775.4
48243.4
55271.9
60938.4
61705.8
44965.4
78925.6
67905.4
47387.9
52137
58099
34654.7
106408
41555.1
71229.7
57833.8
81094.6
39203.4
43995.4
44638.3
46073.8
50804
63330.6
50626.6
34378.4
68339.4
65688.2
41594.6
73813.5
69954
43523.3
50895.8
48672.6
34105.8
57223
31763.6
65154.2
60377.5
76637.4
47315.8
38034.6
50229.7
52785.8
46940.9
45845.8
49709
47530.6
58206.7
75884.1
36039.4
44756.6
40983.1
37037.4
41689.6
65349.3
31526.6
57470.2
51677.9
59121.8
42784.6
41213.8
61771.7
53499.5
62051.4
56347
37731.2
45897.3
37661.8
44352.9
61668.9
58752.4
71737.3
51254.3
38470.8
55625.2
31545
50797.4
83540.6
73287.7
60538.9
45172.2
59970.4
41801.8
52355.5
59374.3
61389.4
37151.5
54228.6
45959.7
34053.4
59635.4
54083.9
69236.6
58895
59356.4
52681.3
39784.2
38646.2
41018.2
53272
50820.2
43537.6
35515.6
49406.5
41865
29178.2
64986.6
38695.9
58906.1
45634.7
44815.4
33838.4
45519.4
44245.4
65479.2
40382.2
30157.7
37261.1
32916.6
42525.2
37161.7
66764
48192.6
42551.5
62138.1
43458
45449.8
36761.6
55404.9
46744.2
40675.5
46661.9
47498.9
26848.2
40385.2
47121.4
55106.7
41725.1
43537.4
41544.2
50872.2
50153.2
46215.9
61613.4
46659.6
66519.6
44075.2
47092.6
50843.3
52655.2
57122.6
61869.1
30153.8
53650.5
49777
38088
46794.3
52856.7
55433.8
46870.9
57364.6
27576.2
62265.5
27478.2
49352.3
57401.5
49615.7
43792.6
42700.2
57712.6
64011.3
43334.5
39585.4
18154.2
37995.4
56778.6
48895
58260.6
78624.6
40583.3
29018.4
36867.1
45834.9
33394.2
60007.4
65164.2
44119.5
44246.2
38581.8
39668.2
49250.2
29945.1
75599.4
51900.6
52088.2
37723.1
36642
38499.3
49444
41057.7
38956.8
54915
54666.7
47183.8
48947.1
41926.6
42127.5
34463.5
32427
48589.4
69359
56292.5
47080.2
46907.4
57134.2
25216.5
55841.3
30605
35573
42449.6
40772.7
32239.4
42132.3
35840.9
23472.2
30076.4
50797.4
35431.7
48526.1
36732.2
25043.3
53353.4
34799
51930.4
62920
51392.2
49031.7
33316.1
79686.8
62475.1
38578
55269.7
35521.4
34018.5
35343.4
46388.9
54331.1
36874.9
52699
39066.8
76323.8
52439.7
69676.5
37129.8
33711.8
42921.6
53512.6
39843.5
32207.1
44249.4
42515
53353.4
28956.4
36222.5
57711.7
41453.6
42464.9
57458.8
45351.9
57262.2
30612.8
34134
68423.4
43716
43365.5
42340.3
38667.3
45767.5
39263
75201
76216.6
55628.2
60111.9
68433.2
27147
38522.6
25219.5
34262.5
52489
33495.7
41013.4
45320.1
46911.8
58660
61082.9
28214.4
47385.5
24979.4
26350.2
42010.8
30022.2
67455.2
46523.9
35593.6
75353.7
36889.3
41502.6
56935.4
56449.4
40799.4
68593.5
38626.1
50648.2
41917.9
64174.2
35526
62035.5
27661.1
46170
67000.2
46012.5
57384.3
23179.8
41483.4
54840.7
27301.7
71349
68560.3
75997.1
33322.9
29662.6
52466.5
53500.8
45734.8
65682.2
41636
57628
85856.1
59603.1
41970.6
76845
35375.7
75763.8
32008.6
54344
39883.4
48744
81774.1
32644.7
33490.8
45626.2
70076.6
38595.6
47763.9
39637.8
38832.6
49269.5
70343.9
37330.9
53986
45366
29109.4
37664.6
56329.9
41461.5
55476.1
41135.7
51320.6
26759.4
49574.5
50686.2
65524.2
61753.1
45104.2
54058.5
47491.2
34223.8
60080.3
43063.3
50309.4
70764.9
48052.8
38762.2
54399.8
21082.2
59685.4
38361.7
49557.8
57948.5
59099.9
29048.9
32192.5
44585.7
39392.6
62092.5
41464.3
53604.1
40650.6
58578.1
41541.4
46416.2
43624.6
45237.5
35640.8
54227
76745.4
49095.4
59994.5
50533.6
42324.6
34213
51723.1
42582.7
51668
63869.5
50593.3
46180.1
58886.7
43346.8
45792.2
58083.8
42457.5
40995.3
46438.8
44720
33335.4
65614.8
39847.6
50192.2
47132.5
41993.8
49112.6
38462.2
50949.1
51964.4
39511
65607.4
72392.9
43691.8
37439.8
36532.8
49100.3
53771.8
35484.7
45771.1
34812.8
41170.6
44585
34765
36582.6
52232.4
58972.8
85540.8
37889.2
47168.4
41684.9
33037
43340.1
49731.6
48807.1
32607.4
35496.2
36347.7
47886.4
70063.5
45902.5
43433
83141
59963.4
52827
30688.6
32902.9
43390.7
29889
41922.3
33600.2
34852.2
51059.7
52860.2
32008.4
37152.6
42760.4
55284.2
46869
49474.6
66365
45457.1
74078.2
23244.6
60578.6
48870.2
72636.4
40533.1
46509.7
46347.8
39132.6
36913.8
39119.2
57036.2
54009.5
52589.8
44642.8
41085.4
42033.8
39673
51064.6
26950.7
44220
52816.3
52046.2
52830.2
24550.2
35037.8
36250.6
45930.6
48880.3
30767.4
47884.2
60072.8
47319.2
31214.8
37183
46482.6
60580.1
49002.9
32413.8
40180.6
30453
56795.4
56908.9
55657.1
67314.9
46158.4
46693.8
50721.8
41641.4
28047.7
30351.3
57780.8
47277
54142.5
42982.7
28425.9
39505.4
44689.2
42264.2
36756.3
63619.8
38622.6
70329
44600.2
66801.5
25846.7
31842.4
31650.9
55608
43953
46757.8
29817.2
58636.2
65665.4
48273.4
44113.8
61286.9
55136.2
25254.8
37269.8
54282.8
49273.2
49366.7
38471
39467.2
50211.1
31111.4
36907.5
43947.9
50729.7
66494.1
45359.6
30900.8
32868.6
57411.1
32019
36449.5
44804.6
44923.4
44053
29529.8
25568.4
47306.1
33067.7
41692.5
71407.1
34268.5
44616.2
52164.8
31453.1
67644.4
28054.3
54137.4
23584.6
34348.1
48046.5
75970.1
63206
40713.4
92029.1
41439.8
28024.7
32462.5
33385.8
56827.8
35662.2
53050
36631.9
35690.2
38557
39625.6
54495.1
45827.3
49286.6
40726.1
46354.4
44467.1
33820.7
56558.2
53128.8
47368.9
47240.3
46168
42994.6
38685.3
38693.4
48975.8
40841.9
37615.1
46039.8
62886.6
35820.1
39364.6
29933.4
35531.4
46741
28338.4
54958.6
51568.9
47334.3
32058.2
53487.5
39402.3
42123.1
41364.2
49345.8
41974.7
40999.7
57439.9
52987
42104.8
68116.8
42876.3
32944.2
30756.2
62177.1
50650.6
43399.7
72850.1
32093.6
33353.6
30526.6
44162.1
74122.4
40275.2
35869.3
61862.4
44670.5
33338
55837
48981.9
48706.2
32940.6
35093.3
48428.8
36693
51542.2
44195.8
54650.3
44506.4
61830
84433.6
77200.1
40799.8
32306.5
36310.9
27408.4
39176.2
59000.2
72620.2
36863
25677.8
48757.5
42184.2
69584.1
55351.6
54342.2
34825.8
25839
78474.6
35647.3
53548.8
39957.5
51384.4
32085.8
35131.8
46843.1
67149.3
45188.5
55407.6
49666.1
31404.1
42399.4
53075.7
48776.4
46242.7
50013.5
65413.4
43080.3
52842.2
43424.8
48044.6
55372.4
48078.2
38012.9
37879.1
41810.4
69032.2
38657.9
50137.1
27824.2
33043.1
39255.4
38008.5
64222.6
36819.8
63251
44839.2
22111.7
46755.5
38002.2
29380.6
54903.8
53052.7
53271.8
57435.1
29112.1
42009.1
39137.3
31928.2
42605.6
70022
69396.2
58309
42194.6
54240.9
64030.2
38955.9
37711.4
59812
29409.4
45117
42164
60445.6
37513
47075.6
47569.2
60024.3
68866.9
50724.4
57472.9
82995
54927.3
36208.8
28826.4
38678.5
72694.6
61482.8
64602.9
54078.6
52885.4
29801.8
50756.7
64038.9
52771.4
67459
62472.2
51773
59448.7
35758.6
60858.1
36694.5
70088.4
40666.8
60362
59003.4
29727.3
31741.2
58084.5
43287.3
41844.6
62741.4
30776.5
48916.8
58298.6
41768.1
65405.7
66128
62257.5
66297.8
84269
41947.5
48575
57859.3
42152.9
47165.8
72779.4
41727.4
67882.6
45868.6
49121.9
50801
56534.8
52971.5
37760.6
44900.5
35850.2
56797
41939
59772.1
66117
17065.3
77602.3
73025.9
47487.4
22930.7
49268.6
33320.5
47174.6
28444.6
34756.2
64474.7
47952.1
57805.7
25584.6
49279.3
36715.2
54004.7
39392.2
44773.5
59650.6
51305.8
39471.6
38158.6
43059.3
36099.6
41676.2
32176.1
68183.3
59886.3
44652.9
64174.8
27793
26957
42289.5
37165.7
25332.8
24425.8
70246
34476.9
36655.9
42550.6
52411.4
47063.4
46336.3
36248.2
31433.1
57456.2
63125.8
37897.5
37880.2
55916.4
35787.1
88980
56802.2
58229.8
51664.8
65142.8
35358.1
42598.7
58265.9
74784.2
72035.9
49586
38672.6
43717
38125.8
36456
85828.2
52259.8
49111.3
50380
66394.5
63146.7
46807.4
64862.7
45409.5
38030.3
81884.1
42679.3
65562.8
83575.9
36519.4
65569
39122.5
42613.7
49302
47249.1
25600.6
69448.4
49103.2
55994.6
59438.6
40071.1
48331.8
45579.5
72948.6
46284
64333.3
59192.6
27234.6
70893.3
68518.5
52340.5
59383.2
75269.9
52474.1
91045
54241.1
33390.7
53165.4
62953
81844.2
27898.2
57067.8
51988
70947.9
58889.9
60483
43286
44984.3
41695.3
39666.6
64025.4
40538.6
67162.5
72508.2
40579.8
55671.4
45504.8
39979.9
68560.2
45120.1
49374.8
47048.2
48857.9
65340.3
45331
51556.7
62440.6
30218
45277.3
53417.6
52287.7
43137.4
72587.4
38922.1
52340.2
49537.8
40662.6
52796.9
55223.5
37219.2
51588.5
56948.4
67887.9
60098.7
35464.7
33401.5
44086.8
36376.5
33084.5
70644
64808.5
40317.9
50872.2
72998.8
82576.1
52359.6
84004
61798.8
54852.2
39600
26099.6
37493.5
81730.9
55402.6
53798.6
57986.5
68628.6
66675
57767.4
44972.6
41213
29303.2
43348
39406.9
43992.4
45093.2
70230.1
46155.4
27006.6
31536.2
82074.2
35243.1
43920.8
78069.4
41610.4
29582.7
43508.4
72898.2
75623.6
42478.5
47238.3
39603.3
37116.5
56624.8
71314.1
46789.6
53414.3
30500.6
39172.7
51961.4
59566.2
66111.5
43831.6
43215.4
54633.6
54125.4
41878.3
72259.8
29183.5
47003.8
41198.9
50117.1
57317.8
56383.2
51126.5
41912.1
31948.5
56480.7
41760
53205.4
35608
54702.2
42755.7
77743.7
31081.8
47508.6
49662.1
62032.2
27241.5
52641
47873.6
55106.6
46455.2
46382.6
62579.2
61753.4
47492.2
54374.2
90942.7
44924.5
62230.5
51719.2
64227.4
45435.6
52635.6
63915.1
74354.2
63795
53662.3
47667.3
73086.8
63483.3
52882
89767.8
64905.9
51886
86743.4
60323.8
35159.9
41386.6
62012
49688.2
44939
53110.1
36606.7
39246.9
66824.7
49730.8
66460.8
37244.2
44723.8
29157.7
55125
23359
47177
36672.6
45634.7
57393.7
31987
60871.4
85242.4
65061.4
24785.2
47754.8
34263.9
46292.2
65324.2
39201.8
49783
34413.4
22887.9
47410.6
49097.1
32067.8
45854.7
30316.2
42136.9
46489.6
56236.8
51235
53463.3
37848.2
38916.3
25063.4
53823.8
59674.2
29928.6
51804.9
47457.2
26149.3
41366.8
54065.8
61092.6
52341.8
35313.8
41672.3
44265.1
33785.7
48881
56862.2
33048.2
70664.2
38565
37085
42375.9
48995.9
37594.7
36326.4
63523.6
71198.5
69752.8
53423
45714.7
51067.4
47176.5
38133.6
57038.2
69299.3
48883.3
61290.6
24686.6
56032.7
39088.2
77634.6
64758.4
36497.3
32682.2
31609.9
44947.8
58789
41353.7
64121
49846.6
41926.8
49337.4
60927.8
35150.5
57820.4
56353.3
57775.5
43070
40546.8
29351.8
65052.1
51735.4
52178.7
52190.6
30452
31979
27190.7
59611.5
47717.6
36146.6
58606.6
47589.8
40136.7
37033.1
33828.2
55070.6
54207
60658.1
77056.2
57409.5
47818.8
39856.4
78877.8
40152.4
47273.8
43836.3
36929.7
42804.5
57706.3
41329.3
54936.9
41199.2
56718.3
48890.6
65330.1
64140
41476.5
40670.1
63376.6
55552.8
41885.9
42260
61699.9
57038.8
50568.7
67459.5
47585.6
51602.2
42312.5
49652.7
28316.6
55835.8
85480.6
39095.8
40885.9
43855.4
29595.8
48030.6
48621.6
44388.1
60337.4
40432.8
54648.8
51009.8
57003.4
42536.8
63565
43785.2
37667.4
75122.6
26905.9
40695.4
58673.9
35878
43601.4
40404.8
65467.8
43933.3
35974.4
43616.8
51264.6
49310.7
61687.8
33809.3
37456.5
28850
45766.5
55218.9
64890.9
44507
40500.9
36696.2
45744.8
25250.6
76754.1
51369.6
53537.7
54710.7
43216.5
41769.3
35662.3
29948.2
48392.4
29963.9
33789.7
37743.4
51542
42405
47481.4
42215.8
23622.2
36620.2
79291.8
24317.9
33935.9
58501.8
51122.8
43665.4
65415.6
58252.3
51615.6
45315.1
41848.8
27142.6
33304.5
34431.3
33108.2
51954.1
44626.7
50841.2
66307.9
69247.4
51744.7
41250.8
37561.6
29078.4
60096.9
44892.4
63044.4
75138.4
50724.5
30905.4
56958
45880.3
33601.1
52062.5
69186.3
59514
56545.1
54617.5
37956.8
66356.6
73690.7
56091.4
40425.3
31309.3
50111.7
32701.1
52697.8
75179
79427.7
61883
47776.1
48459.5
36769.8
43561.1
70722.2
52873.7
47576.9
43406.2
40299.7
35021.6
38729.8
49252.2
47836.6
53793.4
47796.2
43551.9
58433.8
42139.2
41831.7
49867.4
32210.8
44955.5
68840.7
52485.3
55004.9
61056
43162.6
54644.6
33116.7
46893.8
34116.8
52373.1
45526.3
28589
32132.2
41347.8
29505.4
46390.7
35720.2
43519
41707.1
29681
40624.6
55707.4
39704.3
30872.6
61906.7
35649.1
44050.3
23787
70882.1
27646.4
26987.5
62601.4
35035.8
47203.1
30938.3
41277.8
34287.3
71131.2
41756.2
35366.4
51966.8
24547.8
55760.8
31159.8
21431.7
49466.5
38086.2
59264
41171.8
33388
53571
61079.4
50992.1
38633.1
55757.8
27805.5
40679.5
61578.4
37582.1
44232.8
49281.2
42945
39239
38534.6
46061.4
35600.6
27040.9
59881
35350.6
30297.7
32595.2
51337.7
40491.6
53813.7
32479.6
29446
67709.8
56080.1
54513.3
42526
68340
45117.5
23664.2
43253.7
53071.4
52006.4
36840.1
46236.6
47234.5
56667.3
54193
43510.2
42530.2
34476.2
48221.5
51202.9
37645.7
65462.2
80605.6
65827.8
30562.3
69280.1
66300.2
51643.4
47423.4
38657.8
52995.4
49801.6
51700.6
45217.4
58315.4
29089.7
53238.6
38808.5
33190.2
42438.5
47891.9
25709.4
37714.1
52247
33275.5
35446.6
31853.3
59233.5
33156.7
38012
42367.7
44253.5
47116.3
51661.4
46256.4
26734.9
35521.6
56419.4
44900.5
69664.4
25759.8
48150.2
44552.2
46774.4
55256.7
42823.1
43408.2
29298.1
49148.6
48396.2
40759.8
26959
39609.2
37266
36474.5
55928.7
54224.2
52685.4
38860.8
40488
39527.4
45888.1
54393.3
49975.8
59331.3
58286.1
23324.9
73965.8
45727.8
71141.8
43393.4
48645.7
61642.7
70516.5
41846.2
49331.9
54024.5
28658.2
43930.5
65636.2
50571.2
35004.5
31638.6
50919.6
43383
85656
54721.4
45054.5
52191.8
31830.9
32453.6
55829.9
55233.8
74982.2
46475.1
43958.2
45114.4
52339.5
67383
72877.8
44698.2
76879.8
64140.5
40699.4
63821.4
53130.7
38362.1
43001.2
90581.8
88059.4
49304.4
46431.5
48872.8
52395.2
43794.3
34690.6
50162.3
52511.8
35647.8
83281
43056.7
57623
40582
40464.2
28483.8
25872.6
37856.1
60484.9
31256
72408.3
57602.2
25564.6
42484.1
33350.5
40890
58629.5
57130.2
38144.5
41581.8
37097.8
50558.4
33533.6
29110.8
40790.2
36021.4
39250.5
42965.7
27585.9
45389.4
56953.3
28152.3
32076.8
57222.2
55655.6
45505
52098.1
41939
43457
53908.1
43776
59431.6
43603.8
29344
38455.2
62504.1
61341.2
59258.8
48113.8
42312.6
24845.7
49232.4
70106.1
85698
39147.1
29128.6
39925.4
38456.6
41262.6
107886
29832.8
47414
26917
43680.4
35975.6
47059
77626.6
62692.2
56893.6
53728.1
65153.2
28425.4
51936.1
35413.4
52703.8
47296.5
46063.2
44689.8
52799.8
63585.7
43216.8
68117.6
47697.8
30393.4
29875.3
57631.7
61880.1
39672.2
54642.6
54102.8
50247.8
50271.4
49071.4
29794.8
57989.4
42325.9
80306.6
50547.3
41282
33896.9
42890.7
77919.5
37964.6
47699.2
35040.5
35530
45885.4
25870.8
65377
61464.2
70831.9
36639.7
30340.8
37971.8
34744.3
41928.6
44641
33861.4
42045.9
47457.7
42723
41202.7
31669
36311.2
28510.6
41465.7
69692.4
29982.2
32028.4
48391.3
47851
33940.2
44243.9
39510
49717.9
45872.2
46841.5
48166.1
92220.8
23783
25750.9
76498.7
43020.5
15320.2
56009.2
35875.5
37764.9
50306
37817.8
23592.3
36225.8
57042.6
31901.4
22647.5
23005.3
71344.6
30388.5
34528.2
55374.6
59356.7
41908.6
83488
57517
51488.7
55705
37899.9
44155.1
50217.8
57208.9
38755.4
31229
26202
38489.9
25822.5
64126.3
44199.6
39964.9
81025.4
39068.8
71383.7
59353.8
49027.8
56237
63703.6
44000.6
57453.4
66284.6
42110.9
60964.1
43653.2
55325
41609.4
46935.8
43296
56996.2
52924.5
30880.4
68443.5
33660.7
89458
43657.3
28767.1
49175.5
47543.8
42508.6
41905.3
47986.2
58432.9
67401.4
79030.9
55167.5
56097.3
34466.5
61360.2
56077.7
54614
69414.4
56437.5
48654.3
31824.6
25406.6
34755.3
47033.7
49148.2
56316.8
37848.4
38628.1
41492.6
50819.9
31750.6
44044.4
44061
50104.2
68801.3
39495.2
46695
52133.7
25967.4
53539.6
46813.3
64723
70091.5
61143
42739.8
48433.6
57967.2
49071.4
47574.3
64005.6
39311.8
61367.2
53878
31120.5
39623.4
36696.2
37241.9
58699.9
45943.6
76702.3
55825.8
26544.8
43245.4
71198.2
43772.8
72975.6
59007.7
43152.8
87168.2
54857.9
59504.3
50314.8
55410.6
28941
40964.4
62363.1
47012.4
44548.1
62011
70870.6
49161.5
39005.4
72388.6
61300.2
68195.5
40373.4
34644.2
40990.9
59557.4
63323.8
59949.7
54656.8
68665.7
39341.8
22635.3
48691.6
49681.6
61093
44452.4
53834.6
59919.4
41401.4
81037
57522.3
39004.5
54989.7
87638.2
35181.8
32817.4
83491
51281.3
49729.6
44751.4
46838.5
65467.2
61888.7
64652.8
50391.3
30938.4
36659.9
65924.9
54378
49572.9
74699.4
64879.9
50230.6
46005.3
47716.4
74710.1
56024.6
50338.2
72661.5
69952.2
50955.4
50762
30680.4
73190.4
73166.4
48516.8
58757
41322.9
35834.8
53071.5
38914.6
55900.9
57209.8
49133.5
54041.2
50219.3
53987
35815.7
44455.2
51418.1
42215.2
65411.6
54107.1
51749.8
50832.7
76327.4
57865.1
71298.4
24670.8
46635.3
46063
59730.7
45779
46872.6
66867.3
40281.8
48455
47841.4
36985.2
65165
34873.1
28472.1
47684.6
40817.1
44076
57639.7
42721
55342
53320.8
46848.1
46230.9
64298.9
37268.4
57179.9
59876
60504.8
52010.6
35194.5
39817.5
53799.8
21370.2
30923.5
47680.7
66797.7
61846.1
48926.6
39577.8
33578.1
54669.4
41425.2
50847.2
46006.7
39049.9
38149
43785.7
35810
63887.3
41871.6
27545.8
31122.6
34712.6
61544.2
50544
46208.9
29656.2
46535.3
41405.8
34698.1
58559
46023.6
79689.6
59861.4
69519.7
71536.3
55116.2
50288.6
66488.2
63175
55412.1
37159.4
31218.6
34781.3
49692.6
43508.6
44530.2
33360.8
42959.9
46753.6
28414.3
53401.1
48358.2
37516.7
39527.5
46273.4
50243.4
32689
38360.6
53540.8
59627.8
35851.4
54181.2
40201.4
36477.1
41431.4
42151
53113.4
59030.4
55382.4
61477
59578.1
40741
52614.6
53099
57645
61362.5
38510.7
57773.7
76791.1
52810
61634.3
63549.6
56480.3
75455.7
65302.7
45799.1
48795
75769.9
82902.2
57020.1
39681
66059
53901.4
47237.8
82223.8
54403.6
59360.6
43267.6
49260.6
52987.3
83120
56486.3
71788.6
39826.2
43441
65751.2
74792.6
74466
49182.7
58624.6
49071.7
64613.8
45082.6
55739.7
72311
59336.1
40395.6
44603.8
70339.5
30268.4
90393.8
42585.4
76884.9
47954.2
62430.2
53251.4
80640.4
59251.6
50155.5
72287.7
40409.5
68614.6
43430.5
36353.8
48957.4
38040.6
61263.6
39802.1
49840.6
43003
81388.7
28393.5
31104.1
35571.4
70281.7
43065.8
60477
69023.4
45871
43837.8
37807
23807
37292.1
33703.1
70306.5
52724.3
44998.2
46793.9
48118.2
28930.2
53645.4
56659.2
36336.9
45585.3
57676.9
53862.3
52561.4
85053.9
38409.4
39524.5
50543.6
43204
54085.9
58886.5
42731.3
65129.6
57589.1
34386.9
34393.7
33183.3
45078.1
31483.8
45725.4
65645.6
68581.7
43172.1
42624.8
31376.2
39781.2
44873.5
52798.6
47728.6
43395.9
49125.4
61633.8
61950.6
46843.1
36686.3
39254.3
54769.1
35638.6
61235.5
41465.7
40349.3
47897.3
52888.2
63500.7
39556.1
69998.1
33201.4
46227.8
39332.2
31066.3
64257.3
49544.3
54320.5
42414
36985.1
50522.2
70778.7
47379.2
21039.5
35803
43656.4
65060.5
35821
43025.2
46761.9
29064.6
39982.2
59312.2
33462
40021.7
50224.1
48491.9
42379.8
31340
51616.4
36973.1
33034.3
67205.1
70228.9
85189.3
34029.7
55553.6
62188.5
62016.9
28648.2
42130
66792.8
72818.8
50722.7
55759.4
38733.1
33388.6
33223.4
32915.2
50814
29294.7
27438.8
37793
36849.8
51973.9
62024.5
48944.9
46933.4
40462.5
44365.2
69405.2
26283.7
66748.8
40351.2
40096.2
56264.4
50103.2
52250.2
46011.3
32878.3
41239.5
61860.4
62853.7
62602.1
42193.4
61276.8
42251.3
47000.2
43134.5
43939.7
45068.8
43127.9
58729.9
79349
46652.1
53699.9
60842.1
82149.8
29138.2
60631.9
69381.8
39769.6
31946
41727.3
59338.4
31247.8
36613.8
31470.7
41848
35513.2
26864.5
22287.1
55216
45143
39394.8
60188.8
34633.6
54953.6
45695.5
44453
68356.8
46700.2
54171.2
32925.3
30656.7
62535.4
34547
40666.1
42304.7
33324.4
45150.1
35831.8
47298.3
46088.6
57040.2
44168.6
45208.6
47626.9
53964.8
46403.1
47273.4
49010.6
36856
40877.3
57522.8
34522.7
66718.1
31378.9
86845
48998.6
67753.8
41830.1
54532.2
39004.9
52558.8
44987.8
63619.2
78647.4
46351.8
71661.6
71338.2
52918.9
51528.4
54817.8
60346.1
29329.5
30708.9
30420.6
52369.7
51230.7
55988.8
36584.2
38898.8
38689.1
57853
52434.7
50990.2
43798.9
37043.3
43351.8
32991.5
64564.6
47776.1
75533.2
57649.8
48878
21169.8
41960
60283.9
36266.1
54860.6
53861.8
36684.6
54537
67740.2
44543.1
89240.2
79472.7
61526.5
29247
48934.5
58651.9
75279.8
45413.4
62442.9
49994.9
49201.8
59981.7
43967
74315
47000.3
43876.2
52774
48571.3
52675.2
53016.6
75187.1
33499.7
62381.4
85517.5
29763.8
60570.8
58814.6
43753
39600.7
68538.9
41303.8
51600.6
61425.6
61366.8
34181
50187.3
60175.4
45539.4
40378.6
52964.8
32437.7
32890.6
55603
43711.1
43768.3
47743.7
32035.8
46665.2
56171.4
51407.6
45795.2
38575.9
55598.5
48247
71878
27362
33494.3
40584.3
39715.4
67573.4
39315.5
36641.4
53332.9
51421.5
28008
56701.2
64684.4
38292.7
50620.9
32315.2
60167.6
64808.4
51447.3
49481
49980.9
56297.8
64003.7
36591.7
79623.3
68528.2
56377.8
75807.5
52934
57648.8
44114
43257.6
32206.8
39558.7
62144.2
43556.2
43102.7
39065.2
67275.3
52943.2
55504.9
42999.5
61731.1
47252.2
34659.6
47807.5
47296.5
63697
46624.5
53670.6
44861.8
54952
95866.6
51858.6
35742.6
52881.8
43680.2
59890.7
45686.2
42947.7
30457.3
64863.4
76162.9
45453.1
45939
87441.2
36290.2
54952.2
56239
33588.2
61688.8
62166.7
45666.6
24598.8
54002.1
34380.6
49696.2
43619.9
52529.6
52217.7
36123
45963.2
52133.6
46505
55571.7
77113.8
46537.8
54759
44140.1
37881.3
41565.5
50197.6
58933.1
41609.1
56301.4
36306.9
57260
45364.2
43224.3
53402.4
64734.3
37674.5
42563.8
41296.5
51142.2
36014.9
58286.6
31404.4
53408.1
57120.6
49076.5
49949.9
70679.4
38205.4
37289
48733
31346.3
55591.4
67046.8
35400.2
50340.2
40026.6
38128.4
60210.7
52454.4
54985.7
35213.4
66545.3
48396.4
57413.8
26343.1
38692.8
56014.6
42154.4
75387.9
39666.1
59079.8
56167.9
44918.4
43281
54218.9
39096.6
36006.6
45864
38597.9
45121.4
27662.8
38096.6
30877.5
35644.2
31480.6
54057.4
40026.2
35504.7
29886.2
33085.3
41891.5
41180.6
45406.8
35094.6
41446.2
41668.6
62070.6
47684.1
55491
36305
46665.3
49586.6
60241.5
38857.9
63831.8
48763.8
25980.1
48278.1
63106.6
51599.9
30886.5
61262.2
36556.1
38576.1
84780.4
35059.9
64771.8
77730.1
43458.4
45259.8
66325.8
40296.2
79737.8
40202.9
47520.6
31593.1
55122.8
34422.8
50410.2
49939.5
61957.8
36293
42138.8
60548.4
46346.1
41692.9
43071.1
60856.2
41485.4
33243.2
68571.3
32618.2
57731.3
52755.6
48108
46981.2
37361
69013.5
61019.5
45364.3
55347
37771
70362
73340.1
34900.7
71409.1
51297.8
69469.8
48752.4
69130.8
42674.2
37923.4
73916.8
47427.8
49679.4
46985
48750.6
60748.2
59752.7
61727.4
46474.2
62384.4
66530.6
41414.5
60271.7
46305.6
61508.5
40581.8
58868.4
60048.4
45263.3
51207
66079.2
66812.6
58716.5
55969.2
45807.5
46684.2
50657
60395
92943.1
46058.8
67772.7
49247.9
46897.6
68117.4
51886.7
81441.1
33650.6
48344.8
60213.4
72419.6
62797.2
58799.5
59356.5
52136
47945.8
47131
56112.3
45551.9
45203.5
36619.3
48665.8
75809.8
53642.6
62631
39737.2
54027.8
33284
36637.4
59518.1
43547.9
52407
46833.8
46864.3
37651.5
38161.5
35511.8
75652.6
22243.5
47504
45650.1
59074.4
64041.8
63066.5
29462.3
49744.6
37268.5
34821.5
32855.5
53200.2
45946.9
45189.1
48623.4
29083.9
58103.7
27982
37287.8
34853.8
48702.5
57045.5
56684.3
59777.4
53564.8
44715.3
25431.4
78885
54243.4
39830.3
30496.9
54237.7
39682.6
39823.4
35608.5
58445.8
33524.2
74612.4
41462.1
46458.2
50885.6
47463.8
44299.8
57374.2
65960.5
55928.4
34548.6
63238.6
61273.8
41122.1
47104.4
55781.6
75813.1
41744.5
63626.9
49385.9
40020.6
68956.3
45276
69688.6
73620.2
54044.2
44653.5
61224
46363.9
43745.6
62603.8
61100.1
52762.1
40645.4
57195.4
47106.6
55421.8
46310.9
40046.2
48614.2
76017.6
36519.8
75238.2
53239.8
45754.5
66497.2
49024.7
53032.7
68312.6
53983.9
63128.6
73221.8
57884
44987.7
37182
38626.8
42124.1
50897.4
82739.5
47503.8
37447.1
23763.3
44184.2
40593.2
69176.9
49339
58572.6
28831
44879
29564.2
63235.8
68468.8
53184.8
37584
52126.3
61592.8
65333.5
62513.3
54618.3
44930.3
46823.3
63959.3
38015.4
37891.1
36019.2
55626.3
47081.9
25876.9
76362.9
65943
58265
39131.2
44867.8
45806.2
60167.4
44682.9
58556.2
34818.2
51416.6
29917.8
53360.3
49175.3
72377.7
38631.3
28430.2
50742.8
60009.4
41645.2
44647
21348
61219.8
41819.2
45865.1
37594.6
45443.4
51954.8
41525.7
41324.4
57348.1
80551.5
40319
62011.9
41493.7
44993.5
44722.6
59171
47272.9
37336
42932.3
34677.1
50088.1
43483.7
41796.6
39322.2
48377.9
31877.4
35012.2
56111.2
30459.6
53923.4
76995.4
55609.4
27273.1
43569.4
57113.7
33114.1
50944.2
37439.7
58981.7
54674.2
32315.6
55475.7
57492.2
70109
56769.1
32171.6
37121.1
32496
35640.6
46689.7
41335.3
59859.1
23351.7
22271.9
51626.5
47539.2
29349.8
30814.1
59288.4
45398.1
40159.3
25256.2
32540.8
39993.9
44122.2
36077.9
29636.9
59756.6
43290.6
69493.8
41827.7
61851.7
39689.6
47727.3
77606.2
39696.9
46521.6
22843.6
41847.7
60392.6
39427.1
28266
43023.3
63853.4
72521.8
38084.6
37622
48030.7
54237.7
53733.4
84328.4
30497.8
69314.2
56351.2
32980.2
53989.9
43440.3
30466.6
35915.5
51465.4
59446.2
41405.3
25684.7
34240.5
84873
48384.8
60916.8
51583.4
23213.3
32577.2
60645.7
39095.1
37816.2
41197.1
54289.9
24157.3
42212
48936.4
71878.6
41895.7
26095.7
41979.9
42223.4
58222
42060.8
47672.3
59001
46831.4
40381.8
44409.9
45941.6
39143.7
57888.2
46611.4
58523.4
51962.1
57213.8
42595.9
57634.2
27638.9
34133
23628.6
42290.8
43457.1
39860.7
22861.9
37520.6
66636.7
57092.3
64033.5
51191.6
54455.1
48768.8
41806.5
47053
44782.3
63294.6
48074.5
19970.9
42632
42576
62282.5
57236.6
57661.6
45971.9
50537.6
29407
39645.1
40550.1
43062.4
46412.9
33775.8
38881.3
35396.3
63051.2
49624.9
58287.7
53724.7
32463.7
53662.9
28419.1
40857.6
49880.9
73266.2
43543.8
53896
61406.3
63611.5
38084.2
26003.4
71179.8
55899.9
34724.5
33161.4
71707.6
55818.2
50158.2
35316.1
59633.8
55631
33505.8
43177.4
52332.2
59181
30417.8
56743.4
33473.5
54189.8
32678.5
51344.2
48849.9
51143.1
56036.3
29409.4
27730.2
62408.7
77953.9
47553.5
50380.5
60509.1
49981.1
53236.2
45878.4
40132.5
52354.8
55853.8
45200.6
47927.8
29370.6
41916
38007.2
35386.4
54969
25572.4
50779.8
43327.4
35051.8
49403.8
36241.3
51874.2
35219.9
49416.6
35016.6
58851.8
57485.6
25228.1
44189
68960.5
32011.8
37023.8
42940.2
40688.9
70338.6
28895
67018.7
51470.2
66136.8
47347.6
50692.4
43168.7
65982.8
83492.9
63033.4
35649.4
47276
66509.5
36200.9
47555.8
36938.3
46592.8
67172.1
55050.7
58854.6
59301.4
52261.8
25136.9
72009.5
67021.8
52874.6
62810.4
73980.8
41443.7
41739.9
54906.3
44944.3
47183.8
57411.1
43889.6
31084.2
37674.9
43503
54062.8
70680.3
50154.8
61982.3
53728.5
75605.8
58721
41678.1
34418.5
34487.6
41421.3
53184.9
52712.5
37027.8
85024.4
83238.7
44907.7
31109.5
43332.3
46694.4
53968.3
96810.2
54533.1
55523.6
45949.4
61091.4
62208.2
41119.8
59229.9
42791.3
42541.4
49889.6
31633.9
46282.6
33878.6
37883.7
48957.9
59942.4
22812.9
41973.9
45944.3
24854.3
66823.9
74951.1
38734.9
48241.5
54437
55697.2
48459.5
28329.7
48823.6
54385
45346.1
31899
28153.1
56889.9
60079.3
68210.6
33025.8
39065
87578.5
53866.6
48317.1
77151.5
24642.7
43631.9
47361.8
57479.8
50475.5
32590.4
62175.7
39061.8
40215.3
32853.8
63499.1
46823
65781.1
49184.2
33486.6
22720.6
32400.1
47561.6
48444.3
42164
48992.6
39667.5
43589.4
19539.9
35033
43597.2
43557.5
31516.2
48654.6
31484
24871.2
69961.6
25681.4
59049.6
33903.2
32463.2
37625.4
37510.2
55382.1
39104.3
41991.4
41917
23601.6
35860.7
46181
67414.5
54344.3
41994.5
63236
49249.7
45895.7
33364.9
50001.1
34066.3
32929.4
27684.2
42577
40649.3
43448.6
45039.3
31714.2
57927.5
55765.5
26931
40847.8
41732
25735.4
32646.6
79868.2
46548.1
32386.8
30330.5
42388.6
43046
23483.1
46551.1
68475.4
44003.9
29317.3
53660.8
32931.1
25153.8
68869.4
78643.6
32280.4
72189.8
29223.2
44697.6
48535.3
58196.3
58366.4
34833
35841.1
46299.6
54670.6
46208.6
42661
70724.9
35301.3
37185.8
47712.4
27950.1
65364.1
45351.7
39267.7
34856.2
39588.9
34532.9
30085.9
37894.5
52287.5
67804.5
41310.6
57407.4
35925
47063.4
43525.8
72608.4
59458.8
64638.7
40802
25242.1
37055.1
49783.8
59500.5
54274.3
57861.8
42164.9
34875.6
77026
46690.2
60205.8
44301.4
66429.2
31135.8
47966.5
50426.6
43439.5
52141.3
39213.6
38245.9
46891
44733.6
49913.8
72626.9
38845.5
64272.5
33107.4
59314.9
68794.8
45970.9
72230.3
38947.3
45374.6
50823.4
37478.3
73008.9
58297.8
45258.2
61447.1
53957.8
55021.6
59627.2
78724.3
61194.8
56577
45782.8
34341
58550.3
43696.4
53042.4
41382.2
59349.3
61134.4
42181.1
37839.7
35919.1
44997.8
46065.3
39683.4
50653.5
53954.6
20999.3
53036.6
39881.5
32219.1
54321.4
47704.2
40116.2
42529.8
37796.1
31308.2
61131.9
40956.2
54407.6
39994.4
44229.3
41834.3
36244.7
42957.8
37771.2
46338
38465
52520.2
58935.8
42018.8
37697.1
63145.7
52255.6
59970.3
57467.4
30721.6
57580.2
42648.8
37011.3
33863.1
61549
54581.1
44508
47207.8
67023
31384.4
44141.1
65253
35266.7
35074.2
27907.7
58047
39256.1
48068.1
46379
50660.4
47191.4
27519.3
59497.7
34267.1
35914.6
55129.4
33667.6
32423.7
57559.4
45243.7
64286.5
24239.4
33837.9
24558.5
31425.2
36267.2
59732.7
38001.9
50042.4
50929
41723.2
32714.6
74965.5
34116.6
37069.7
26385.3
50959.9
51634.1
40558.5
38282.7
19475.8
34931.1
35215.4
41939.5
61400.2
37438.6
40454.6
40377
36530.5
80883.2
53875.8
42785.4
31707.8
33298.2
30044.9
72940.8
40005.9
68190.7
58090.5
43571.2
55201.3
58006.3
51352.9
40471.8
42806.3
70642.6
45122.8
53062.5
38952.3
47816.5
70063.4
50173.8
56406.7
77719.1
48659.6
39716.3
69224
63415.3
40926.5
51459.5
31450.4
57815.5
49490.6
81624.5
53123.4
40778.5
69128
55893.7
64284.2
49281.9
45673.1
37729.9
45563.8
52164
55017.2
36959.5
53471.4
55589.3
47576.2
42542.6
49324.4
71655.4
42074.8
29835.7
56378.8
32346.6
55929
47555.3
55355.8
53620.2
57805.2
35835.6
37068.4
66405.8
64810.6
48427.9
39726.1
36275
50373.3
37637.3
53129.8
33798.3
43077
65076.4
64357.8
44929.1
66650.6
28727.1
51037.1
50383.9
54256.2
57941.1
40330.9
51016.3
75469.7
58909.6
30220.1
50449.4
47896.6
53731.2
43197.8
57235.3
49148.2
47635.3
61714.8
35512.8
55949.4
44319
35884.5
27706.2
32655.4
35603.2
62683.4
44741.4
65762.2
62493
55699.4
61602.8
32736.2
54191.1
68499.7
50876.7
19956.3
46503.9
50491.8
87227.6
44477.8
54535.7
41597.6
63745.4
46259.4
57097.9
47714.4
57630.7
33141.3
51775.2
54125.3
72056.3
83357.4
50510.9
50391.4
40261.1
56895.9
71458.8
40949.5
60742.7
58476.2
68019.8
43978.6
61205.1
46974.6
59258.6
36939.7
40724.9
41248.4
50194.3
50042.7
46040.1
61899.3
58952.1
59671.4
54631
41824.4
40081.2
46870.2
55549.3
54691.8
57180.4
43558.5
33304.5
55188.2
28022.2
38560.8
43407.4
39897.9
61654.6
32149.7
54321.8
45184.4
39209.4
92540.2
25055.6
56066.6
43576.8
26805.3
42582.3
44828.7
43776.3
41116.9
30098.6
37228.2
29581.8
29553.5
59885
39551.7
51695.8
64621.6
67400.2
35771
34115.2
51517
45058.1
25443.8
48239.6
29912.9
36659.1
41902.8
43810.5
66315.2
29996.7
50064.6
57504.5
50392.4
38903.1
46283
33438
42181.7
48880.9
57269
39893.1
51935.8
39411
31529.9
55911.4
39496.8
39120.6
61273.9
46488.6
35139.6
29204.8
47783.8
42199.2
55377.9
43923.3
29200.3
57329.3
79871.7
52214.6
40865.6
25197.4
38518.3
34675.5
42916.2
41668.2
51305.8
51609.1
50925.6
47443
59319.1
43709
43187.6
51839.6
37279.1
24874.1
37282.5
40040.3
61882.9
57596.9
47384.6
61304
54159.8
36797.3
42716.8
25135.9
69284.9
32571
41390.2
32396.2
58263.8
46724.6
66125.4
48547.3
73772.8
56914
33112
55443.3
27016.1
40574.9
64863
59917.3
32758.5
37525.8
39704.9
41709.4
36484.7
45615.3
87243.6
33024.6
44111.4
30324.9
73890.3
29422.2
52340.6
51614.4
37468.2
50607.5
53985.8
40472
49986
51924.6
37359
41047
34375.1
48316.7
59023.9
53524.2
27879.1
27988.2
43660.6
61200.7
39594.9
39797
43969.8
46550.9
55640.5
43667.6
46482.6
61265.3
35400.6
67059.8
40248.7
58672.6
56966.2
50113.8
47061.1
43734.2
30903.4
54426.2
61586.8
44740.2
34964.5
30688.6
23911
51083.8
42269.7
45030.1
42351.8
27416.1
50391
28917.4
38582.2
50862.6
62655.8
32107.4
39758.6
24755.1
41573.7
46467.2
53184.4
45380.6
48220.4
26774.4
51479
45730.6
36906.3
47650.1
59303.5
50956.7
38543.4
54601.6
64760.4
35222.1
52560.1
73449.4
41604.7
41984
65426.2
49470.6
57488.9
50593.1
83204.2
40096.1
56565.5
32401.3
66145.6
44688
51412.1
54433.3
45821.9
58507.7
44762.1
76033.7
34504.8
47570.9
32944.2
37779.4
24603.8
41484.1
57416
50728.6
56741.5
24803.5
51605.4
64452.3
38108.2
32014.4
40017.1
67981.6
39746.6
35037.6
55777.5
34325.2
30159.4
28425.9
40643.8
45412.6
44753.8
54629.6
38441
63703
38441.9
72688.4
61798.2
30466.2
47329.4
34954.9
50207.2
39340.2
35045.8
36873.9
39349
45523.2
30970.8
53140.4
30828.6
54738
43151.1
51679.4
59185.3
35661
72896.3
43429.7
71309.7
43524.9
37878.8
50590.2
27129
38775.9
81892.6
29671.7
36807
60251.5
44910.7
39203.2
76400
52163.4
34652
43694.6
26451.4
57730.3
45533.7
46857.5
44786.5
36085.4
58231
54052.2
43573.8
78499.4
59438.7
39813.5
46157.7
37800.3
86170.6
57185
38434.5
59188.5
38419.5
66604.7
26415.9
52431.1
75410.6
45771.1
34634
41838.5
49526.7
51015.1
65032.9
45798.9
40947.2
48548.4
30785
50444.8
59844.6
62079.8
79359.8
55938.2
64122.1
26620.7
50151.7
27885.8
85726.2
42183.8
52377.5
54059.2
63459.3
45980.3
48596.2
38192.2
79004.9
54462.4
48023.8
57740.9
71542.5
59136.9
35872.2
56340.8
44495.4
61680.1
33695.8
30116.8
34326.5
72344.4
38781.9
53024.3
40792.9
56198
63024.7
53340.6
42310.2
27623.8
35225.4
63935.9
28907.4
33590.9
39778.6
37851.3
51873.3
43038.6
48468.7
41290.2
59390
30335.5
41843.9
35454.2
56838.9
40144.2
56265.9
38906.7
35642.7
40680.4
51702.9
58506.2
29195.6
81191.9
43068.5
50307
68240.7
62407.7
63380.8
29716.6
38950.3
37730.3
28758.3
30183.3
53546.1
44539.8
45935.3
37300
55702.3
48173.5
41830.4
44609
32159.1
47883.4
35417
62854.3
41949.9
56821.1
38837.7
43727.3
29687.8
25649.5
39774.6
84350.7
30427.3
34330.1
39071.9
53925.2
56504.4
54525
41614.9
46080.6
27360.3
40463.8
52266.3
41696
45495.9
38108
30903.6
33964.1
46969.8
44632.7
47408.2
51048.6
46437
29537.4
35829.9
39531.8
51440.2
59526.5
37366.8
46029.8
26381.5
34279.4
49119.7
40831.5
57858.5
72352.6
47609.6
36199.7
41450.6
71265.2
53558.9
46277.9
45881.3
32646.9
55945.9
39613
30125
61659.8
38735.5
33956.7
30610.7
62973.4
44810.4
50588.7
66541.8
47059.7
37912.7
34492
43307
36780.7
68567.9
34620.1
41486.2
40674.2
44380.6
50719.3
38679.2
60222.9
40803
49119
70882.4
58139.7
29170.6
62105.7
47570.6
58481
50277.8
64138.3
39816.1
51848.6
26776.4
32666.9
44240.9
47506.4
50001.4
38238.7
39232.5
46576.9
52537.7
60426.2
52367.4
40564.5
51690.8
58963.5
44502.5
58695.8
54464.7
35703.8
58046
36047.8
58354
28319.2
37162.5
31508.3
48592.2
34310.1
47669.8
39302.3
28691.2
35819.8
32432.5
40064.8
71340.3
38689
55196.2
48473.4
31827.5
48632.7
39422.6
41726.6
50223
56355.3
58272.6
47528.2
46070.7
38018.1
30803.1
24039.5
34200
55566.7
32787.4
47084.3
60646.1
46466.1
49277
39348.6
68590.6
46762.3
101753
56793.6
53786.2
31371.4
42715
59691.4
42603.4
32883.3
34523.8
43805.3
61545.2
58524.3
68120.2
31754
32311.5
45289.9
57027.6
60581.4
69601.1
34974.4
52889.3
41153.4
36386.1
44467
40245.4
56409
28967.3
39191.9
43890.5
39115.5
49300.7
20163.6
36746.6
38539.5
85357.6
43538.2
65694
41728.1
64089
40316.7
64017.4
61198.1
47856.3
33191.5
52318.9
56204.2
32394.1
53158.8
48273.4
59460.9
45975.3
29458.6
63665.3
53459.5
46338.1
59600.9
55593.8
44429.8
45867.8
25852.3
32850.4
44414.6
70014.6
66341
44231.9
45396.4
50170.6
55880.6
48218.2
47792.7
61374.7
45804.1
54952.1
25594.3
60305.8
40999
56327.5
38953.4
38643
30854.6
51762.2
47854.3
38418.1
41452.6
36211.8
44303.8
35614.6
31837.5
61356.4
32696.4
34695
57295.3
41087.4
55257.2
26482.3
54264.9
51129.8
31113.7
26538.9
70290.7
41957.1
77638.4
38119.8
38679.8
42345.2
31315.7
64544.2
49646.2
66222.5
64624.6
33151.8
49988
34770.2
42781.7
25918.7
47288.6
52830.6
41640.7
36651.3
35769.3
56188.3
43082.6
48449.4
47312.9
29663.4
39217.1
49561.5
30814.2
58080.5
32775.9
39746.6
40260.2
48608.5
57057.6
56465.5
49698.3
66188.2
56366.2
38793.1
47648.2
68673.7
61055.5
70223.3
62105.8
51175
51416.1
37490.1
36094.7
44109
58117.2
51427.8
75563.8
61764.2
59193
33162.3
37538.6
39819.7
50155.8
44244.8
58444.7
74553.8
61541.2
67086.1
41904.2
42282.4
31141.4
30112.4
58016.2
50683.2
39693
58814.2
25177.5
45387.1
71134.2
41667.7
60250.6
32849.1
33530.6
57179.4
42850.4
65914.2
32419.6
101088
22043.9
59451.8
48451
66338.7
39951.1
59949.7
67035.4
36653.3
51303.5
55443
52318.5
36015
39295
48403.4
57200.6
66673.2
68795.6
60281.4
73572.2
57326.3
47144.2
56158.6
41141.8
32596.2
59926.5
42852.1
52214.6
56161.5
38133.4
63431.3
48178.8
75461.6
56938.4
65860.3
48028.9
49052.8
39092.2
48962.4
59250.5
72479.8
46114.6
37086.2
27626.6
40728.4
45846.4
51330.7
54075.8
88332.2
30634.3
32274.1
41818.6
56132.4
57048.6
56460.8
38992.2
26460.2
58751.1
39653.5
46262.8
44240.8
22415.6
31494.5
27282.1
51443
73312.6
66169
44823.3
52260.2
28271.5
41826.8
50938.1
38459.2
39077.1
55140.2
41121.8
37872.3
28289.9
23245.2
74264.3
34548.9
63675.2
60749.9
68956.7
48114.9
40248.6
47675.9
47409
52798.6
38511.3
82719.5
49146.3
31527.6
33045.6
44857.4
42102.4
42730.6
69178.8
32768.7
51720.9
53046.9
52653.2
40273.7
41289.4
36559.2
36654.6
63119.9
51819.8
46925.2
38977.4
37187.4
57762.4
26995.1
61513.1
50291.4
54442.5
74881.6
62257.7
38243.2
44341
53968.2
52748.3
46471.7
46654.4
44749.8
34997
57164.1
34502.2
52401.8
65593.6
45271.1
45153.3
56089.6
35787.6
33483.2
36535
56989.1
29507.2
33450.2
46930.2
49920.3
37051.3
33803.7
42401.8
31668.2
59129
42482.2
83008.1
33088.3
45025.1
43577.5
55279.4
43188.9
46023.3
73811.8
46496.6
36015.3
49760
27381.8
60506.4
43705.2
30478.5
41064
38608.6
41023.4
38343.2
51653.8
52980.8
37118.2
36776.6
50783
45185.8
34251
45741.8
55747
40163
72441.4
31124.8
28294.2
50833.3
73309.2
27561.6
57169.3
61845.8
26687.3
45145.4
35961
32514.5
51642.6
41627.6
50455.8
40813.2
37851.8
62009.6
45058.4
50541
27446.2
28764.6
90920.2
43514.9
53828.6
47832.1
27750.6
73653.6
25240.6
45612.2
47874.3
62006.9
29107
39037
56291
51325.6
37093
34639.9
43528.6
43173.8
33372.2
57873.3
36990.7
30886.5
48790.5
38978.4
63295
46697.8
43334.2
47733.6
35606.6
64545.2
57375.6
45895.4
44387.4
69313
31987.2
42920.1
47805
19052.7
43659.4
56296.8
40281.3
42729.6
45457.8
47285.3
23652.6
50028.2
80115.1
34260.1
33703.9
27671.2
42194.2
35589.5
45717.8
45971.3
25606.8
47142.8
40315.7
54036.4
39653.7
58917.7
45878.2
58945.4
51736.2
36595
33474.3
38886.8
56321.8
50325.4
61409.8
31130.6
49235
66620.6
45706.2
49707.3
69959.8
39025.6
51841.2
38973.4
39907.4
34741.6
42443.8
46703.9
52655.7
61419.4
43070.7
66940.8
31847.1
59371.4
32209.7
41313.5
47203.1
55434.2
39911.4
70952.8
27670.9
59704.6
39761.1
31320.9
37849.8
47957.8
62142.5
57978.2
29816.5
33076.7
34961.5
52052.2
42214.5
38034.8
36539.8
35254.4
59762.7
45142.9
52608.2
25321.3
43445.1
39138.5
41141.5
69137.8
48325.8
42998.5
67037.9
50198.3
41284.5
54357.8
50352.8
39785.3
46929.8
39763.5
56541
44625
40187.5
53995.9
49227.8
61300.6
37169
35553.7
60331.7
34055.6
65047.6
45657.8
47451
26125
22407.8
29564.6
35840.6
43493.1
39544.7
41919.2
48075.1
35473.8
26521.9
32837.1
38658.7
37572.2
44333.5
48535.7
27119.5
29658.2
41189.3
70134.2
71624.9
64292.9
27766.3
33328.8
39066.8
48447.1
30365.4
48825.5
51583
58639.8
27816.7
33062.8
75579.4
45600.1
44364.9
45898.6
41935.7
51442.4
40799.9
58731.9
63794.1
37815.4
26577.3
60608.4
34984.6
29510
19688.8
35579.6
41013.2
52935
64303.4
54128.5
52806.2
78450.2
54434.6
46208
31953.8
55635
32346.7
36601.2
43853.5
56020.1
55711.8
34511.6
42207.8
41169
31515.7
68825.8
39642
27718
41417
34431.8
44629.8
43053.3
46330.7
43219.6
33708.7
61124.2
47347.7
49931.4
23902.2
34153.1
57580.8
16970.5
38530.5
58430.1
42871.9
51510.7
39356.8
27416.2
56214.4
64634
35069.1
38778.5
54705.1
47107
41051.8
60607.8
52044.5
56706.2
53227.9
29601.4
38088.6
57120.1
89222
61844.5
49009.8
57771.5
23151.5
50105.6
55783.2
40528.6
63082
52938.9
56101
38879.8
33714
61155.1
45009.4
63600.5
44088.8
49177.4
47846.2
46344.5
41647.8
49242.8
96009.1
59348.6
56472.6
61503.8
60557.9
43074.7
55865.1
73114.2
34577.4
63059.8
37076.9
82099.8
47878.8
37893.2
67581.9
58285.6
31750.4
80920.6
41447.4
39214.8
57156
76349.4
64703.3
37346
54056.4
60724.8
47790
35833
61477.4
35988
38093.4
57363.9
57619.5
65834.2
51664.3
25253.9
36265.8
34339
41519.3
47499.1
35957.8
36997.5
42021.4
20923.7
37889.7
39733.5
61447
53201.9
31307.3
27756.2
46265.6
40376.2
50561.6
56478.2
25846.9
42921.7
54294.4
34439.1
48676.4
50107.4
53335.2
48307
51584.1
51875
31247
49678.2
47823
57544.2
64882.7
28080.2
33203.9
74475.4
70508.2
33456.6
58283
48138.8
33912.8
44038.4
47357.8
43152.5
43460.2
38275.4
63804.7
62157.3
45038.2
51044
62930.4
38447.9
29053.8
35155.8
61835.8
51267.2
37157.5
54518.4
30914.3
55933.7
73389.2
71992.7
50118.5
35064
33409.1
59369.4
52921.3
38590.6
52201.9
37073.6
47161.6
64434.1
62925.4
49923.4
43764.2
42621.8
49022.6
51647.6
40046.1
36640
34518.8
72717.4
54407.5
36743.8
48572.6
38968.3
54104.2
44950.2
63075.8
48949
48134.4
60227.8
30661.3
50315
35993.5
43406.6
51023.1
56029.8
42758.4
44915.4
47637.7
45452.2
33588.9
33502.5
46174.7
26154.6
57442.4
34276.5
37187.6
54040.3
21213.8
39286.5
58953.4
50786.2
34223.4
40431.2
46964
52399.2
42369.3
30450.8
45219.5
36279.2
52569.4
40182.9
45497
60362.2
52852.6
55705.1
27041.1
60987.8
70293.4
66601.6
56394.4
72945.5
31623.4
43795.4
27573.9
46041.2
37826.3
50171.8
43009
55293.8
50469.7
24597.6
67420.6
40368
40318.9
40138.5
35017.7
56706.6
40049.3
46952.9
50335.4
62412.5
26446.7
44027.8
56551
39191
31074.9
40109.8
60569.7
82556.8
50786.6
34913.4
34582.6
52872.2
39990.1
44888.9
57416.6
42490.2
50964.3
27658.7
28378.2
60090
60843.4
46621.5
45334.5
29683.2
21551.9
36343
48425.6
73094.6
50031
30580.2
45588.3
26380.7
62501.9
54157.1
36757.1
49358
64738.8
40834.6
51473.4
55248.8
63121.6
74791.9
51873.4
38357.6
47619.4
38444.7
57423
36089.5
30184
45170.4
48689.3
49939.2
45200.3
57466.6
42274.2
64127.6
57074.2
44191
37889.4
71886.8
29993.6
43215.8
40572
39437
44681.5
36375.4
60135
26844.6
36740.2
38000.3
42133.4
49588.9
40419
47621
47788.3
31052.4
18669.4
64274.6
21795.6
41776.8
46189.4
50944.1
25596.5
74031.4
34467.6
51968.7
56526.3
54915.4
42233.4
35017
61443.1
49491.4
53283
49590.3
36395.5
43599.3
34664.1
37198.5
46748.9
53194.7
41482.4
34223.3
34205.2
49375.8
37919.4
41871.9
30027.6
45895.9
44674.4
39792.8
41029.2
60599.8
37316.7
53670.2
48872.9
51904.4
32021.5
61497.3
13220.6
40003.1
60040.7
48138
61355.8
58753.6
41329
42980.6
77938.9
35665.8
57316.2
21557.7
31281.9
55762.9
30884.1
61620.6
27636.2
63392.7
31023.8
27412.6
20908.3
25258.6
41904.1
58036.6
50407.1
39854
24095.9
36124.2
47757.4
62173.8
62626.5
58097.6
46061.7
19215.5
20222.4
32219.8
44773.1
47402.7
43218.2
24572.2
35077.8
33272.8
47797.4
32263.4
36992.5
50765.7
35181.2
40238.7
39387.3
46912.7
37138.2
33132.2
37511.6
40238.6
48302.1
36144.5
56408
22606.6
45028.4
56505.6
43212.8
60486.5
74198.9
42401.5
51977.1
65454.9
61297.9
30089.8
56636.8
44965.7
62647.4
47707.8
44636.7
47925.8
22366.9
64953
31037.7
18728.2
40892.2
52982.2
55117.7
54243.7
51964.5
61578.6
28377.1
36854.6
56015
36288.6
29049.9
61270.2
49143
67291.1
23070.1
65739
41703.4
59717.9
37143.6
37191
54697.9
66118.2
37830.7
44315.9
35314.6
49312.6
45775.4
45386.8
35789.6
51062
66008.2
43580.5
53460.4
54738.8
42766.6
43213.4
62633.1
33697.4
53103.6
37129.5
46383
34200.2
41144.8
47220.2
49811.9
54267.1
52104.2
46405.7
55838.2
40357
36471.8
30183.6
27728.6
47440.7
47547.8
59909.7
64626.6
35975
51211.5
34953.8
25901
56874.5
57126.1
37775.1
39667.6
23915.9
39398.7
44003
34010.6
30543.9
30418.3
43937.7
41296.6
45060.6
40789.4
54130.6
50999.4
74128
42942.2
54195.6
39643.3
63264.4
47484.3
30277.4
64242.1
45553.6
35998.2
48681.7
56351
45719.8
39393.8
57515.9
48661.5
28623
45302.6
41491.8
32007.8
58813.8
52366.2
48937.2
45782.5
58740.2
36058.4
57057.5
34255
79481.9
33495.8
70518.7
53695.5
28875.1
66758.5
32518.2
64904
53975.4
39445.7
49919.7
36377.3
34495
51098.4
38166.2
41005.3
59297.5
61574.1
35029.4
46897.8
49112.2
40105.8
57633.4
54286.2
34536.2
55724
47773
55948.4
74028.8
56516.6
23792.5
36332.4
46325.6
36644.4
49292.3
37809.4
87799.8
41265
39030.3
34282.6
42993
87617.8
36757.8
59457
56819.4
62757.6
37955.4
39484.7
39323.1
56281.8
75582.3
53124.3
45896.2
46545.8
42131.4
60157.4
43949.9
56398.2
37300.9
45243
72199.2
56158.2
53617.1
60402.9
63350.4
73853.8
56595.3
47280.6
46743.9
51913.2
52064.3
51127
44810.1
51656.2
50808.5
64626.6
41048.2
36016.1
46817.6
53464.3
31364.8
47249.3
36152.8
46074.9
30497.2
67549.2
40411.4
41067
62733.7
37477
30044.1
41259.8
35645
35464.4
34797.1
54749.9
35393.4
32172.2
54050.1
51152.2
47065.8
57428.9
33028.1
45685
43352.8
41942.2
44152.3
26776.2
27343.6
36564.2
48201.9
53421.1
37317
44404.2
59038.2
53006.6
47495.5
65471.5
30050.3
42704.2
49327.4
49772.2
43281.1
33108.7
48764.5
44975.4
49499.4
50001.7
45480.9
49771.2
43049
41500.5
39964.3
42542.1
51838.3
78303
51859.7
36604.6
49800
39086.6
60833.8
45324.1
66194.9
40367.5
49367.6
22939.8
46301.5
48380.2
54397.3
43489.9
48651
38879.1
47944.6
41398.9
50400.6
58497.7
54307.9
34271.4
69015.8
46490.2
40378.7
34308.2
41473.5
70729.4
50223.1
46971.8
55475
46595.9
50417.4
44858
54368
37536.6
44846.2
69063.7
72175.1
37056.3
77876.7
62490.3
49792.6
46316.8
46361.7
54222.6
46952.4
53677.7
50589
43137.7
50181.7
42678.5
92630.7
45433.6
34507.4
47541.8
72150
32028.4
66465.7
29078.7
47268.2
33404.9
44967.6
33742
79648.3
32955.8
38511.1
63134.6
62000.8
45437.4
40522.9
45446.5
54042.6
38293
43764.6
32249.3
59487.1
30968.2
44186.6
49529
33999.4
53350.2
54280
64965.8
79294
34989.4
42510.1
54308.3
41316.8
74150.5
47122.4
31859
50492.4
27279.4
39175.4
47405.6
39002.4
68068.7
34027.8
36603.6
44427.7
55897.5
34405.2
61850.5
67012.8
23255
34740.7
14372.2
46338.1
59119.8
53024.7
40921.8
40723.1
36098.6
34545.8
39696.4
101561
57889.9
32177.2
24058.7
37183
52519.8
50370.4
88389
50406.6
49696.7
55747.7
42124.6
29256.8
55827.8
54392.9
72603.4
41405.7
41887.9
42331.7
61779
60701.4
26312.6
40053.5
56912.2
30053.4
27693.1
76223
35516.4
56596.7
49328.8
60473.1
47975
38903
39035.2
22152.4
49057.9
46879.3
42780.9
32024.2
24851.1
38922.3
60616.1
29561.9
44725.4
55975.8
42509.7
45916.5
55518.8
32786.3
43154.5
44232
37356.6
40699.7
55426.8
39992.4
56276
29219.6
70822.4
32838.6
80383.9
34387.7
43111.8
53861.8
27665.9
23403.4
35326.5
32220.6
25290.3
51882.2
42181.5
23706.4
33560.6
35645.4
60561.5
29528.2
42236.8
45270.3
58514.2
48263.7
49318.8
31824.4
63972.5
45472.4
45310.6
31264.8
46018.2
46067.7
32621
35775.5
44681.5
68001.9
53517.5
59141.1
68093.7
50963
41922.1
47169
44840.6
39614.8
50752.3
58902.3
42564.8
54032.8
75654.2
68771.7
64252.2
33636
31262.6
33028.8
35101.3
46846.6
42425.8
62557.3
37975
48917.1
100927
42052.2
31676.1
68890.2
50317.6
67175.1
44810.2
54745.8
45364.6
39852.2
44995.4
48207.7
63928.7
90442.6
81045.3
57486.4
52572.2
79844.3
70074.9
39142.3
46399.7
66421.4
60381
40795.2
54879.2
62571.8
62757.2
55959.8
76351
48575
48701
48143.4
50340.2
47611
42602.2
44489.1
73510.4
68031.2
58956.3
71058.6
39661.3
49960.6
72786.1
38676.6
61710.4
67449.6
46020.9
63165.8
66274.4
59933.5
71349.7
65979.5
46002
48721.3
56045.5
60502.9
44442.3
55074.6
37417
77653.8
58691.5
41599.4
61076.2
77144.9
43534.6
66687.5
68718
28516.2
43045
43433.3
68774.1
44885.7
75096.3
38775.7
70413.1
43649.9
46296.2
48690.2
38155.4
57787.4
34030.6
35650.8
66514
32159.6
41214.1
29216.5
56748.9
31647.1
25553
43355.4
64632.2
32981.8
64656.2
61202.7
27429.1
56964.4
39749.4
46514.8
31656.4
54345.8
51714.6
64132.6
33837.6
28388
49740.6
55839.4
57568.6
29104.6
54805.2
45441.8
48191.2
43366.5
76642.2
28327.9
66159.3
40048
48199
44556.3
50761.8
30170.2
89405.5
67267.8
53532.5
46139.7
41947.3
39000.6
59263.4
62971
35217.2
62306.3
33065.7
17275.5
37840.4
53026.2
35148.4
26394.2
61631.9
57614.8
55027.4
50856.4
55181.2
25978.6
36246.2
38443.1
41258.6
46925.4
59227.1
47993
33971.1
56095
38081.2
62627
59796.3
32826.9
51413
41359.1
36701.5
37411.8
53075
42077.1
42218.9
53664.5
40558.6
37209.1
52980.8
48745.8
43066
52540.6
53963.1
33523.3
41060.4
53349.9
40821.5
42167.5
25335.2
40567.4
32744.6
44427.2
21914.1
46933.3
38196.6
35893.6
22423.1
25488.2
50419.7
31736.6
50787.3
50537.3
18366.7
78389.2
63909
25715.1
32183.4
51741.4
60790.2
43058.8
80405.8
48674.6
39885.4
43585.2
43367.7
43300.5
37456
44651.4
57440.2
48887.5
43273.5
34157.7
63030.7
50119.1
34671.9
23452.6
27342.8
36516.2
45322.6
29357.6
38477.9
55795
55711.6
43917.3
36876.7
31365.5
52852.9
55353.4
62864.4
66029
47561.8
39033.7
40711.6
23879.7
51674
37931.7
42020.5
31611.6
48411.7
38551
53069.5
44851.5
40455.4
38623.4
37303.4
53107
51168.6
21237.2
52033.8
39797.2
34901.5
70625.1
28431.7
59549.1
37877.8
55642.8
33596.6
29074.6
51002.4
51143
38275
36933
46309.4
45638.8
40283.4
60678.6
44435.8
41362.9
63208.5
54556.3
30104.9
39819.5
51064
43255
19190.1
51270.5
22280.5
46436.6
37268.7
36629
38334.6
50382
35000.9
58363.4
61097.8
65005.4
46953.1
42460.9
46617.9
29949.6
44069.3
47113.1
38780.8
16744.5
73723
85773
52543.7
43263.8
60602.3
40593.7
32453.3
46819.8
36808.9
49806
34921.8
55659.4
45220.6
49413.7
45963.5
82378.8
57049.3
47477.4
38522.2
42731.3
41886.8
38546.8
39720.6
43305.7
46001.4
40980.3
52890.3
46455
63989.9
48237.4
62029.4
43547.4
52904.4
33775.7
45112.4
25191.5
42905.5
30110.3
44689.5
50724.9
78911.2
61819.4
88909.9
24969.1
43273.7
52003.1
41734.2
61225.3
43432.3
50151.5
44221.8
74562.4
58279.8
58503.8
70717.4
46511.8
58123.1
45462.4
45726.8
57554.5
46018.2
39092.2
48271
82361
46873.6
59537.2
46208.8
44233.4
58736.5
23322
37204.4
48039.4
32725.4
36790.6
53746.1
57539.8
46161.6
47853.9
52270.5
41854.3
32120.8
27352.9
47441
61073.9
41902.2
37254.7
41889.1
44333.4
41710.5
57460.5
56804
52798.2
56406.2
44557.3
55755.9
34449
39397.3
43465.5
30283.3
37529.8
52410.5
38861.5
41178.8
57108.7
48072.2
45794.6
35224.2
31365.5
34062.9
46881.1
29468.9
72094.1
54554.7
52055.4
41745.4
30406.1
54378
36583
30324.8
43497.4
54422.2
38243.7
37371.9
38550.9
49381.9
55897.5
37753.1
52817
41805
40324.6
38561.9
29521.4
37982.8
56892.7
88508.8
76571.2
53354.9
69818.8
53373.3
52275.2
50446
34924.2
76703.1
37913
58931
39870.1
52046.8
67675
67943.8
33325
21047
38221.8
43817.4
52709.7
37887.5
77136.2
41267.4
22723
48474.8
51698.2
33064.2
61182.8
27729.8
47463.2
39069.2
43891.5
24712
46179.2
41406.8
35001.4
40628.4
37401.3
30038.6
64756.5
50553.4
62413.8
82451
31979.5
50717.5
50683.3
59106.8
18424.2
71459.9
63478.2
42248.8
18439.2
39671.5
59327.5
53075.9
38884
69193.8
36036.7
80226.6
56570.6
52220.9
35958.5
63704.8
38362.9
47308.6
51339.5
35675.5
46091.7
71235.9
61357.8
38988.9
70537.3
47924.8
44825.7
62549.4
59944.6
60829.6
46115.4
30374.6
47476.2
50721.4
40692.1
47843.7
31967.7
34655.3
63586.5
46166.3
41900.2
63723
48472.6
63067.1
57632.6
44311.4
60458.2
61710.6
34755.4
59626.8
36373.5
57257.7
50360.1
69437.8
27141.2
55183.2
38005.6
34413.5
52252.6
51999
55961.1
70490.3
76202.2
71656.4
50541.5
40428.1
56210.3
44332.5
37573.9
55660.5
44348.6
51470.7
44931.6
46238.1
67326.5
40911.6
32025.4
57455.8
66251.6
54677.4
26498.9
41357.1
44093.4
55442.2
34253.8
50171.9
41005.8
74760.4
62746.3
64525.4
51575.5
75304.8
46184.2
58029.8
78515.7
65677.2
42866.6
43955.7
57184.7
74690.7
71538.7
53053
27140.3
55310.9
42391.8
45371.7
41108.8
52998
27855.4
65455.3
55663.4
68469
32378.9
44199.2
48090.7
41227.4
64023.7
50506
35895
22043.8
41612.6
46800.8
35919
39686.9
61232.6
55799.9
36442.3
52819.7
65875.1
64871
60618.6
27153
44004.4
63335.8
42445.4
42804.2
51236.7
72218.4
54361.7
36516.9
45515.4
48301
56560
30094.6
30195.8
79872.5
48376.2
40857.3
53207.7
60533.4
38160.6
31421.4
34986.3
66398.2
43828
45755.4
26073.9
52488.3
53068
55815
49548.2
33147.5
69863.3
45154.4
25527.8
61504.1
30195
42827.6
55020.2
69938.7
58210.3
64371.5
51447.3
34087.7
63873.6
79121.9
72803.9
44349.9
57805.3
30408.2
37704.6
67628.9
70088.6
42946.7
47550.6
32807.5
37287.4
71321.6
48596.6
43700.6
46006.2
76091.5
49570.5
41754.2
47747.6
57003
55778.2
97153
43377.8
63799.8
38813.7
38551.1
51662.8
35614.7
66332.4
45652.1
43537.6
72664
62910.9
33372.6
52063.1
56760.6
44299.8
50089.2
40779.2
63096.8
47267.4
42973.5
53863.4
42285.8
34181.4
39969.6
36237.7
62762.2
52344.2
31042.3
44018.3
41729.8
52253.8
43338.5
29793.7
57397.6
41351
36793.5
35064.9
48332.3
32779.4
51753
39813
36288.6
24675.4
18125
40083.8
58800.7
43011.8
43073
53854.6
51251
41907.4
24983.1
34421.4
61147
40358
49518.5
40952.9
52665
48780.3
50790.9
51878
33646.5
25856.2
78109.4
65969.6
42467.8
49914.1
45539.6
84588.6
35466.5
41909.9
36691.1
50532.5
69122.2
66383
50690.2
55065.6
54007.8
44223.4
72576.9
53623
46349.1
44572
44097.4
46901.3
44081
70355.5
52734.9
29393.4
68459.6
57220.3
61845.3
32916.5
77945.3
31160.9
66853
31646.8
43275.6
31143.8
61566.6
30493.4
39073.8
41422.3
34584.6
30347.4
37872.2
32680.4
40369.6
31748.5
27651.4
33787.9
46626.6
38335.8
43076.2
41846.8
25889
51635.9
59507
52760.1
35604.8
54341.4
46193.4
53933
45462.5
16112.6
28956.9
38481.4
53854.2
53226.9
48635.2
40300.7
54474.8
47644.6
50604.1
70657.5
78214.1
41900.6
56818.3
42585.4
43625.8
42889.4
52773.8
49982.2
52341.8
42420.3
47918.3
35124.4
73216.6
32262
38487.2
39212.1
55667.6
24898.3
39095.4
45852.2
37251
21632.2
56282.2
43030.2
55809
51172.3
46518.1
53391.7
36422.4
46939.2
53182.7
51621.9
47521.7
73248
57275.4
80929.8
55034.5
63043.6
48343.3
62404.9
33287.4
38757.2
40631
54427.4
41171.7
56017.2
67356.5
39323.4
43584.6
39466.6
35616.3
39181.3
52948.1
52965.4
37257.4
49924.1
39295
52023.5
39379.1
41287.4
69538.9
55673.5
43385
50544.6
26594
75242.2
51485
49692.6
68761.6
79161.6
35032.9
45023.3
72325.4
72005.5
63185.1
40551.4
57310.5
46388.2
41756.8
74217.9
67771.5
37229.4
58051.4
62860.2
57677
49490
66312.9
42783
51179.6
53017.6
51027.3
64370.2
34025.3
68767.8
52998.2
51883.7
57992.6
36212.6
46008.9
38883.8
46306.7
35165.6
46738.4
48617.3
46275.6
56028
45021.1
50867.4
53252.5
41198.2
34893.2
40369
64171.6
47974.5
33129.6
41403.9
70212
30133.2
66210.4
37803.8
50269.8
55591.3
44030.1
53062.6
30510.2
35644.2
63927.6
45899.9
32805.8
56000.5
43654.2
41286.3
21535.7
23315
34282.4
43764.5
21298.6
71201.5
45440.4
34229
34662.2
78521.6
83414.1
32225.8
33133.5
53281
57081.9
47004.5
30622.5
47910.1
30603.7
61578.4
56211.2
54295
40548.2
43205.5
45670.2
32093.8
33485.5
42221.7
42777.4
35167.3
43431.2
54877.8
72141.6
37336.9
48580.6
44995.4
53997.5
23568.1
46504.9
46254.4
35963.4
90688
47807.7
67704.6
46292.6
51617
44928.2
73575
39423.1
28847.6
41713.5
50187
66867.4
64204.2
69603
44469.2
45120.3
31859.5
44095
41769.9
55971.9
79422.6
62105.8
36145.4
44915
30372.9
42201.8
62009.8
67102.8
39560.2
53694.6
47783.7
51589.7
82141
45435.4
71709.8
35018.7
72002.3
33713.7
46894.4
42751.4
55774.1
73508.3
42103
57185.1
61781
37141.1
55481.8
92731
41818.1
39184.2
31198.6
38015.2
70635.4
52348.6
72080.2
40491.8
29684.8
46583.9
38791
62252.5
53843
53335.4
64004.3
35635.8
50627.9
40988.2
46829.5
61081.9
44665.2
69877.8
46815.4
49111.2
88734.6
43257.1
53208.6
49421.2
60778.2
57656.3
49035
76320.5
74810.3
53709.4
47775
52522.3
50114.3
50403.4
87396.5
62659.6
53926.2
47153.8
71306.6
88553.5
46247.7
39698.2
63619.9
45084.1
46624.8
46619.6
38531
79691.4
44693.4
59527.9
57854.9
63100.2
46889.8
60065
47234.1
53192.1
30817.9
30580.9
33204.5
48030.2
59591.1
39629.3
28453.3
40668.2
39366.6
37126.5
32738.2
26362.5
30338.8
73919.8
62446.6
32719.2
41929.5
47126.6
35983.6
62673.6
49852
57949.4
35252.2
32247
53472.7
72702.6
59568.6
50030.2
41095.4
61252.6
39070.6
45616.6
38216.9
44793.6
72903.9
56340
73187
36729
56367
39048.2
41564.5
51179.1
37615
41125.4
35979.8
58939.8
51189.7
41815.1
53860.4
38241.8
61189
38953.4
49246.9
43181.7
78681.1
51256.3
44952.6
69866.6
67389.2
77487.4
57412.5
73021
43479.5
56901
69644.4
60978.2
35653.6
54984.9
50722.8
57632.3
40131.9
53087.7
62063.2
56810.6
94512.3
52111
56244.1
70070.9
64185.1
81725
72944.8
60904.9
59300.9
44856.2
52890.1
56201.7
54589.4
58198.1
78765.8
67288.1
54283
66211.9
70816.1
41066.3
53632.9
83247.5
54779.5
37730.3
51436.7
32542.2
45667.4
44183.8
49119.9
40676.9
45232.9
58158.5
27571.8
66711.9
56723.9
47971.4
44030.6
70333.8
58349.3
47704.1
60385.9
60014.5
42707.8
52005.8
43544.6
72966.5
43131.4
56287.3
39770.8
22738
58477.6
38938.8
57916.2
45615.8
67514.6
47798.6
33782.2
43439.6
70584.2
62044.4
30834.2
30953.2
46310.2
37612.5
41199.4
64450.2
39165
46396.5
43933.7
64647.8
27691.8
46630.7
36343.2
18722.1
54540.6
33148.2
33651
59436.2
51948.4
36857.8
50507.5
34180.9
44817.6
50221.7
38096.4
40884.8
59005.1
30721.8
32920.1
40070
31536.4
69014.6
42248.2
45593.4
26837.6
17090
41004.8
31407.5
62556.8
39520.6
38322.6
50969
52040.6
36475.2
29383
44887.7
42607.7
37173.7
46199.9
57211
55672.8
44782.1
29453.9
34718.2
37739.6
44672.9
46648.6
29485.4
70223.1
48437.7
57867.2
51743.5
64196.7
40072.2
35325.7
49421.9
59781.9
24159.4
61072.2
33633.5
65866.7
51859.3
46587.4
54732.7
65905.9
63709.7
41734
50064.6
47999.8
35048.5
63157.8
38410.9
46168
42939
44128.5
40806
39268.6
45733
32883.3
45357
85925.5
75421.7
40131.9
42636.8
46159.9
63261.3
49781.6
61720.2
49429.8
105092
69211
47885.1
40464.5
66363.4
61430.2
76509.5
44504.9
33594.2
55184.2
52547.8
50884.4
53498.7
39749.6
40500.2
62138.4
87222.7
52799.8
76094.9
44881
61756.3
51200
60049
48346.9
59963.5
51876.6
47018.4
73705.5
42445.7
77737.1
65227.2
52344.8
57410.2
30532.6
52675.8
32449.8
51763.8
31079.3
32354.5
64846.9
40600.8
33458.3
47469
41080.6
55320.6
33646.9
61621.5
46438.1
45206.7
52718.1
45980.6
59577.8
68569
26200.6
61370.7
49402.2
72471.6
60091.8
58110.6
48792.6
56062.5
43034.4
44153
49885.5
47870.1
17926.1
33772.4
49395.3
55205.7
81231.8
34909
44156.8
33438.2
39508
32823
61622.7
48475.8
50901
47848.4
40719.3
38966.2
45932.2
46006.1
63445.1
45199.8
51601.9
29446
40053.2
63362.8
51768.8
43220.3
43792.8
40571.4
34276.9
52737.7
33250.7
45918.6
36677.7
19081.2
40902.2
34983.6
34523
69967.3
63117.7
52209
38813.7
36255.5
30464.2
36824.8
54291.2
40546.8
36751.1
28088.5
41479.2
33371.2
60873.8
52137.2
30141.9
53417.9
35694.4
44834
42811.7
87776
33234.1
25402.9
39789.6
72386.2
69553
64905
29946.8
42386.6
36852.7
61749.4
34853.2
45048.1
32610.3
52875.9
39135.6
50990.3
63660.2
52181.7
62169.2
61365.6
54686.5
38716.7
19681.6
68733
42761.4
32781.5
40516.3
57532.6
42136.1
39018.6
33051.6
50676.3
66867.6
46672.2
30612.2
30375.7
49530.7
38313.7
41535
45997.3
35848.9
36319
48375.1
37124.9
41713.4
22480.6
53425.7
14434.6
56685.2
40086.8
44764.3
32077.2
52365.2
58875.5
67526.6
50562.6
49611
53240.6
21175
33733.3
56740.3
60869.3
17819.4
36064.6
45675.3
27206.6
48952.2
59017.6
27015.4
47130.4
55865.5
33283.6
19807
53980.7
65669.1
48427.6
65074.7
87785.6
38626.5
43561.9
43302.9
55587.3
42549.4
51209.3
48577.6
70209
60163
38360.3
39984.1
41972.6
52334.6
56031.9
54904.2
47745
63826.2
57546.2
46156.1
37898.3
44811.4
44116.7
49177.2
37537.3
43151.2
53051.7
50728.7
42871.6
52630.7
45895.4
39971.4
35716.5
55728.1
48960.1
75222.8
51618.2
59929.7
48908.5
34844.1
41139.4
42396.6
72916.6
42095.4
57860.6
44348.3
52909
45520.2
42009.8
72271.5
69278.8
48933.6
49867
74353.8
53391.9
52479
41279
54551.4
68953.4
58340.2
76483.9
45191.9
58203.3
47721.1
40985.1
46560.4
60700.7
40222.9
40463.2
47343.3
42754.6
56630.6
32395.5
54011.9
60153.5
22804.6
32965.6
68759.9
54062.4
41279.4
43727.9
52141
36782.5
54084.4
46403.3
23950.9
37846.4
36380.5
37445
46977.4
48415.4
78896.9
63207.3
54452.6
43020.3
63340.2
38727.1
27168
47385.7
46441.8
40821
77941.2
38513
34741.2
41740.2
47106.6
42519.7
24539.4
86932.5
63248.7
40318.5
45185.7
41420
44733.4
54471.7
51716.3
85503.4
51025.1
61633.8
34758.9
33273.2
56730
41923.4
43558.9
40473.8
27249.2
47941.2
34080.2
37140
42928.1
33576.6
74021.4
64501
36150
66712.7
39290.4
37476.4
60322.9
30422.2
28282.2
56502.5
66201.4
51721.8
45994.2
56434.5
64605.8
52283.4
48394.5
42027.2
39019.3
75611.7
48558.4
57268.6
54556.7
59455.3
35910.2
39006
65130.1
41704.5
35042.3
38676.6
27840.3
32331.6
50998.2
30134.6
50464.2
32587.8
24164.6
38726.8
51650
47474.2
38839.1
31366
47135
23333.8
24641
52787.8
45042.9
71736.4
31122.6
59026.5
20082.2
26279.1
50728.9
50587.8
62616.3
31596.3
35684.3
65994.6
37619.4
36493.3
47998.6
30220.3
39123.8
37933.4
30785.5
56983.5
44868.9
33308.2
75358
65358.7
47679.5
40707.5
18805.9
35721.4
41183.7
55996.4
62705.2
35868
38489.1
41103.2
37248.6
29101.8
51051
31487
61451.1
40628.2
47132.4
39383.4
60635.6
51438.2
36526.2
47817.9
51934.2
47007.3
21011.7
72424.3
31936
33437.9
35561.2
42564.2
49977.2
72885
59554.6
64910.6
33759.4
52849.4
39066
58718.9
50928.2
70808
51604.6
66997.9
55199.3
55384.2
36691.8
46722.3
56289.3
34533.9
31393.4
32287.5
40263.6
30147.4
28087.2
48815.8
38261
34659.2
36204.3
38806.8
69346.9
57668.4
42410.7
33141.1
54111.4
24756.4
50130.5
33268.6
29044.6
56926.6
47015.5
33406.4
43595.4
31391.9
59779.7
64482.2
63620.2
25824.8
61953.8
63085.5
64898.3
46592.1
29094.1
28675.8
51208.2
48045.5
47835.5
52186.4
54574.5
33789
44575.4
32708
41085.8
56252.2
34608.6
52726.3
46171.8
26417.3
65322.2
29955.8
33213.5
76762.2
46445.4
30939.1
39792.8
33478.3
44386.8
47101.9
50412.9
46503.1
46926.9
33501
35986.6
57363.2
48083.5
43438.9
50512.2
37675.4
41856.9
52921.6
35345.9
34537.8
52871.2
48198.3
47613.2
60915.1
40412.9
65421.7
38718.3
34339.2
56396.5
37731.3
47148.6
74553.9
37421.6
27855.7
47989.1
50610.7
59443
87450.9
61599.4
46196.1
46715.9
35273.5
63885
57547.8
51147.9
55774.7
43915.9
44707.4
59799.4
82248.5
47251
73163
58680.4
98888.4
51191.8
54486.9
63726.1
56410.2
55149.9
40585
46051.9
31224.6
41684.2
45966
54057
40408.2
59423.7
41945.7
58660
44488.6
75761.5
42049.8
60502.6
56404.1
54367.6
58544.5
36625.6
49842.6
65290.6
72353.8
64077.4
61651.7
57816.8
55697.7
56020.9
50081
56771.7
39465
41252.6
30537.9
77938.5
70102.7
87643.3
40237.1
47623.8
56551
32879.4
36508.5
46047.4
80182.7
43613.8
60446.6
71760
50066.2
49436
54442.8
90755
48434.2
54335.8
66162.8
50672.2
46505.4
39689.8
66848.7
55185.8
46193
37465.9
58827.4
59882.6
49585.7
50127.4
48938.3
32531.3
43329.9
33007.7
58957.4
51043.1
67130.4
25920.1
82119.2
48967.3
67403.8
47954.6
54969.5
52251.9
64361
79693.4
34058.4
46604.8
29991
35113.7
58539.1
53448
53456.7
53128.9
66687.3
48677.2
56523.9
82984.4
53560.3
48701.2
69627.4
67268.4
51937.4
57719.6
53770.7
52750
63227.9
86480.9
79788.2
49906.4
72266.7
28088.8
65299.8
73532
55131.5
68100
41116.4
56072.8
108063
26876.1
61921.1
63449.4
67081
33089.7
46083.7
36530.8
85199.4
67951
51857.2
30987.6
60823.4
77970.9
77846.6
78261.4
51543.1
59316.2
55775.9
67817.6
56633.9
56857.5
50919.9
71751.7
64232.9
72161.4
45140.4
49619.9
45154.6
59992.5
72711
73038.7
56001.8
45106.3
62067.6
39819.9
64766.9
70502.3
64879.8
92447.7
69364
45176.2
39084.2
42761
55865.2
55725.7
50035.5
55672.5
57289.1
74941.8
45659.4
72571.7
69898.1
51973
47700.5
38759.2
60200.5
50408.7
43381
65344.7
44751.6
68386
39298.8
75697.3
38673
70757.7
69960.3
55367.8
55014.2
71131
41896.1
52709.8
48852.8
36388.3
65031.6
37585.4
44706.1
34948.9
40428.4
76451
40842.8
73587.5
51732.2
45041.6
52604.4
56123
46355.2
40405.3
53426.6
51360.5
53802.2
36568.2
60159.3
66767
58198.3
24370.3
42444.8
46063.2
64705.4
40016.1
41133.8
43753.8
76775
44831
58295.4
60028.5
34880.7
49122.7
30160.1
52414.6
55764.9
53078.7
44010.6
45638.9
68652.4
52074.3
61045
40331.1
39554.7
45800.2
24446.5
35739.4
47626.5
65537.4
51024.7
59516.1
45579.4
73421.5
28670.2
49034.3
41457.8
54196.8
23749.8
61063.2
79692.7
55762.9
73383.1
71295.2
59385.4
56493.1
48414.6
59582.3
55715.5
65661
52852.6
68802.2
50221.1
38477.3
70304.9
50549
60061
57698.5
69948.7
69207.3
58707
70663
62950.7
67021.8
51209.3
67720.2
77241.5
46513.5
29554
29206.6
44730.3
74867.8
69229.4
54133
55507.5
48560.2
58120.8
74887.6
39436.6
58287.8
67365.8
31569.6
29520.2
65665.3
60688
68879.8
50648
76714.1
32227
42013.7
62687.3
71343.4
44475.4
35936.2
44634.3
84399.8
76219
43317.7
102953
37158.6
61721.4
30630.5
42871.4
47285.5
52606.6
68365
45785
45434.5
40411.8
41459.5
49080.7
48135.4
58818.3
61934.2
35219.9
50048.8
62720.3
48689.7
45528.8
36426.9
40871.8
54255.4
55978.3
56086.8
38278.3
61701.6
83841
35331.3
30543.6
57469.7
54551.2
51925.8
46269.5
49628.2
77070.3
45220
44916.6
50766.1
76331.7
50906.6
57129.4
40556.2
37934
46895.4
46193.7
67933.5
25681.1
26477.6
34751.3
45495.2
59720
53528.5
33969.9
39204.2
66915.1
53124
40845.8
56313.8
62966.1
23856.1
47149
42345.8
56809
84592.2
37636.6
41896.1
39639.3
45222.2
42066.6
53491.9
56032.7
51979.3
31161.3
61487.8
47262.1
38582.7
69692.9
53953.4
33519
60960.5
60718.5
51015.3
80659
49088.7
39877.6
34582.7
48099.4
76477.8
69693.5
29800.4
46961.4
42098.6
55197.4
35275.4
51677.6
87596.5
58816.6
65987.7
40574.7
52991
39769.8
42917.1
58923.4
44259.3
49943.8
53450.6
51398
42491.4
28516.3
33507
36665.6
71282.6
45878.1
37575.3
54107.2
70055
54796.6
36509.1
56028.6
54255
33617.3
58990.8
58449.8
51663
49436.9
88077.4
40279.8
36307.9
56678.9
57969.8
58382.7
31300.9
53183.4
48042.4
38745.5
51135.6
52749.5
46063.4
44647.7
53913.4
27118.1
95281.8
48519
43051
72409.7
50490.3
42570.6
44037.2
40584.9
52434
49396.9
29928.4
64025.4
41290.4
44994.1
33658.5
83295.3
52358
38305.2
38784.9
58328.1
34156.9
59407.3
38056.4
49945.9
50156.2
64097.7
59248.8
36805.2
36783.4
56113
81455.1
64028.7
66588.6
44529.8
50157
63267.1
38386.6
23715
56732.8
44136.5
46103.5
46785.5
32872.3
50599.1
56814
51937.2
63931.8
67127.8
63023.1
33967.6
60679
54727.8
45368.2
62614.8
49252.7
52509
53056.7
56981.3
41142.6
48801.6
53114.3
46773
51786
38044
61325.3
27986.6
77082.4
72781.4
46049.8
49554
50006.8
44338.8
60541.8
76202.4
71102.1
48745.9
46554.6
62175.2
49439.1
51087.5
58715.5
43119.8
54078.6
52866
51099.2
35893.8
65972.2
59658.5
44952.8
60329
72473.2
54167.4
49634.8
42566.5
59828.6
43570.2
52543.6
72214.9
60699.5
45317.4
47380
59572
59108.7
61161.4
46887.8
36510.6
47462.4
63767
37564.4
37944.4
91599.8
34325.4
38712.6
21712.5
56577.6
41251.7
44057.3
33691.7
45498.2
43281.2
38317.2
44119.8
43221.2
40984
34580.4
39560.8
31388.7
58512.4
52606.6
53101.1
51764.9
49447.9
65286.4
39863
31658.7
55428.5
38267.2
56863.1
46343.3
69356.6
56358.1
36948.6
56470.7
58436
35459.7
34726.6
30859
36898.7
46732.1
54286.6
45860
36375
44886.2
55431.4
60400.6
33545.1
50710.4
49440.6
41768.9
41522.8
58600.5
67029.8
46647.2
52490.1
37462.1
45487.8
44536.5
40455
50713.2
54257.4
55849.8
40300.2
51865.8
45243.7
50422.3
45053.7
58227.5
27738.9
53596.7
48638.4
32933.1
39735.7
52018.1
55637
68529.3
17535.2
42419.6
53143.3
33996.9
45010.6
51316.2
43688.6
39236.5
51713.2
68499.9
20223.8
53357.2
27979.5
53771.5
61271.5
58476.8
37389.7
51983.6
44349.8
61712.3
41315.6
48619
73427.5
50695
34032.3
26340.3
32466.2
66491.3
52169.4
40425.8
24358.7
28926.2
38536.6
32131.3
51981
61032.3
45775.9
39628.2
50308.1
50436.7
29088.5
50655.8
46393.4
44479
20953.9
46187.6
74493
43975.5
49910.2
47973.1
40071.7
67394.1
30500.1
29028
42144.7
27374.8
42691.7
60271.6
61633.2
48960.2
35175
64376
46855.1
50872.6
59614.4
69489.6
54940.4
54270.6
44664.5
31463.3
36535
37049
54591.6
53737.1
36330.7
29083.7
43468.6
51476.7
46102.4
75884.4
61960.2
60662.9
59943.8
47564.8
49498.6
32450.1
60201.4
40199.8
32191.3
32663.5
63197
49996.1
39639.1
38857.1
60173.5
62589.8
55997.4
32158.3
56467.3
42300.6
48797.3
31557.3
22016
46194.6
44097.4
49340.4
38700.3
39393.7
37186.3
40472
55260.4
70639
60983.2
60184.2
46477.9
56358.4
63174.6
36183.4
31152.5
47871.4
60248.3
51720.8
60470.5
44811.4
48981.2
59508.7
55769
85356.6
61901.4
27466.5
58093.8
53479.5
53325.8
60335.2
34794.4
56611.6
82789.7
39619.9
45085.7
44369
56134.2
53678.8
42779.2
49454.9
60346.3
42567
41202.9
54775.8
54732.6
37550.2
53616.9
56035.7
38419.8
62555.8
50415.4
46305.1
48695.8
52073
36941.7
38112.3
54795.3
51596.2
58930.9
49721
28795.5
72410.9
42053.8
35585.1
47391
62801.5
45486.5
45232.2
50563
37566.4
69575.8
47974.6
58923
32417.3
78191.9
55564.8
42682.2
35104.3
46984.5
42993.8
41717.3
31318.8
32513.1
46800.1
51974.9
37321.9
39845.4
43599.5
28794.6
30554.7
43358.9
36664.8
33288.6
40870.6
44484.3
57485.4
58110.7
57206
48834.1
54436.6
42191.7
32936.4
35766.9
41742
61531.8
39578.4
51557.8
16370.8
32861.1
43472
73503.8
43691.8
61654.7
44364.8
23047.3
38355.6
32118.5
76836.5
48003.2
46722.2
39055.8
52141.5
54696.2
60703.3
45886.5
54174.1
53239.7
53440.2
46017.5
34447.9
80796.8
68531.6
47632
32995.9
59596
58101
47824.9
58534.7
45259.3
43162.2
31656.2
37064
76267
24522.1
73673
66393.9
67863.2
24062.2
30781
44608.5
32503.1
48896.2
62327.8
45189.4
23461.3
41829.4
62958
51557
44078.9
56089.2
42937.9
25313.8
42843.7
46361
46822.7
63638.1
38193.2
26911.3
28090.5
42528.2
67234
57254.7
58463.3
42196.2
31942.6
33829.7
56003.8
49005.7
61786.8
36227.4
25428
64939.5
26238.6
26878.6
53190.1
45536.9
35538.1
42425.3
63811.6
37096.7
37817
19852.5
38069.1
53683.8
32636.1
52664.2
63979.9
32742.3
35950.3
51516.2
53449.4
40886.2
46646.4
60891.8
49034.3
28557.8
53142.6
55604
48808.2
60560.4
32297.5
28174
50707.5
41417.5
58516.3
60250.2
43189.3
34324.5
53924.5
94081.2
42462
84037.6
57487
47493.8
46161
36652
31613.8
37333.8
67700.7
38401.5
37286.5
69265.9
35601.3
64262.2
58908.8
44630.5
50365.8
29450.6
44506.9
49341.7
40801.4
34604.9
44305
49958.5
56535.2
73004
55207.3
61947.8
40271.3
54510.1
56960.5
43815.6
50646.9
51356.2
73314.3
73827
36107.1
33882.5
56496.6
39347.9
46884.4
69102.5
56319.1
29900.3
72795
25332.1
38801.1
52920.1
54415.8
35932
42459.2
47307
47950.7
34369.1
61286.4
50319.4
56752.3
41387
37925.6
47252.6
80449.8
44444.2
55437.4
55639.4
42974.2
51867.6
33433
49686.1
47953.5
51832.4
33925.5
33392.6
44841.3
44684.1
61275
47364.2
52031.7
51162.3
34882.5
40458.6
29629.7
35867
55848.7
39778.1
56625.8
41092.6
30179.8
63892.1
79224.5
48772.1
36898.6
37261.3
74473.4
31727.3
31083.4
58024
49017.9
51892.7
34107.8
72904.1
59175.4
55601.8
43958.1
74402.4
55514.5
58187.1
44020
35731.9
50960.6
31547.1
52281.1
77807.1
43637.4
23086.7
30856.1
35795.9
49701.1
50529.5
50038.2
44457.3
51984.8
31855.2
31584.8
51778.3
54539.8
37892.3
51183.5
22554.9
33773.9
33544.1
47641.5
34615.9
22007.3
53983
47101.2
31770.3
35078.9
60929.9
38748.6
28615.1
60592.1
58148.5
56954.1
32451.8
46534.8
40445.8
48389.4
47971
83009.4
26010.9
40830
56961.4
25282.1
36880.1
45885.5
46139.5
57473
69429.7
33378.2
24158
18517.1
35655.6
47539.1
48792.2
35387.5
42923.1
29889.4
34232.2
46648
50842.5
33483.3
52711.4
36812.2
28971
41285.5
39043.7
55374.2
26064.3
65565.8
33147.8
28864.9
70028.2
33029.6
44650.6
70293.4
55194.4
33059.7
46063.5
20683.4
60316.7
59174.2
43067.8
36544.6
41920.7
38259.7
66398.9
65275.8
52885.5
37835.1
65657
76959
55920.9
83005.4
33406.8
30838.8
29806.7
52747
50145.6
57215.7
43836.9
37879.9
70904.8
37201.9
37203.3
45698
47136.9
29416.2
32376.5
39582
43525.9
50963.4
29015.2
68693
51279.3
42045.8
48219.3
41270.7
66793
32452.3
36794.2
33628.6
43003.7
49228.2
42995
54517.4
39017.8
58689.4
22028.8
66633
49155.9
43168.1
44311
62335.8
46379.4
41540.6
34128.3
86938.3
56107.5
34435.8
40742.8
72302.9
41080.3
31249.4
69404.6
57152.5
62738.7
40977.6
41346
50888.6
55732.9
61827
41050.9
42242.6
43428.2
76202.2
62331.3
51216.1
39505.1
51286
20079.4
36018.2
37093.7
47209.2
82323
43365.3
35281
34527
79747.2
27942.6
52143.1
58653.8
57300
23307.1
65153.8
46077.5
54126.2
45638.5
19065.8
48036.8
35940.6
45862.7
77995.2
40150.6
32292.7
33815.1
48165.2
40507.4
39642
43367
51825.1
87753.1
42395.7
30575.9
48108.5
44549.8
54745.9
43024
52305
46293.7
26586.8
49419.9
61064.4
55506.4
50626.2
33180.8
43315.3
52268.7
45589.9
52437
50078.4
43920
54453.8
41537.5
38474.9
45565.9
43450.6
60579.3
38465.4
47333.1
43837.9
41088.4
34135.8
41317.8
43147.8
46967.7
39500.3
52454.6
29195.7
45127.7
33157.2
54950.5
41461.4
52778.3
55286.1
45850.4
48816.3
47285.2
35380.4
40146.6
57549
50745
55862.8
25192
37052.6
36061
39004
43363.9
36546
71603.5
56328.2
40955.1
33304.6
18459.4
54318
38383
34633.4
34702.4
35526.3
24661.4
50292
42749.9
73189.2
22261.7
55499
36340.1
37629.5
39254.6
32732.8
56279.5
56075
57573.1
31997.3
42593.3
30236.8
45229
37029.9
41684.2
36801.4
59149.8
72245.8
29907.4
46837.4
37308.2
45338.4
35878.7
69605
51741.2
39200.2
41978.2
52157.6
52519.5
30560.6
60647.9
35442.5
48101.6
54719.7
27205.3
44605.4
60920.2
41114.2
49231.4
57206.8
34289.4
47976.8
42480.8
32187.5
57895.8
34252.2
28896
45007.8
65343.7
34082.6
53087.3
70480.5
41413
41666.6
64543.4
53373
64059.8
36864.8
35905.1
50073.4
34227.4
31848.7
63773.3
62734.3
39462.2
56401
59729.5
44547.3
45284.3
57007.6
39925.8
36679.2
36984
31781.1
37263
49171.6
58040.3
55919
44343.8
38063
71566
31386
34525.8
46426.6
55644.7
81763.4
38616.1
48628.6
40683.6
45169
55483.8
28349.2
66644.2
46952.6
37721
42895.3
37810.4
38838.2
57314.4
84101.6
32020.5
39803.8
75174.6
55737.3
37626.2
58235
48332
34802.7
43849.5
45034.3
56149.1
41944.1
52447.8
52612.6
61026.9
41000.5
42881
46490.8
65734.5
51658
35895.1
44791.6
53915.8
64055.8
57894.6
33649.4
41305.4
38396.9
40829.2
68013
48965
25265
45588.6
56129.6
38355.3
57343.5
48289.4
35840.2
51670.5
36292.1
39401
52843.7
51513
37396.6
44428.2
63383.6
52838.2
60879.9
58694.6
53983.4
56448
43194.7
52024.3
31362.7
54051.4
42919.3
56546.3
37577.9
60455.5
44043
63074.1
52554.4
41857.1
65467.9
46709.6
53201.2
62816.7
48685.8
50222.5
39589.8
42111.8
30300.2
51092.5
51777
42879.2
42416.2
63380.1
37698.9
25611.2
33921.8
54805.8
48077
64339.5
35685.6
69594.3
48639
62224.3
47409.9
37990.8
55731.1
53937.9
68908.6
44970
48153.4
60899.8
81311.8
47260.2
49998.6
65239.3
71581.4
43708.7
59133.2
39045
21630.5
29481.3
56519.6
43681.8
58341.9
78360.1
55473.8
56892.1
21342
34203.2
55467.5
54335.1
46623.6
44422.8
65128.6
33912.1
23599.5
51142.5
86990.3
45932
43967.1
42824
45411
30356.2
58389.3
69847.9
44865
34822.1
53462.4
38747.4
53848.9
62594.2
39957.4
42899.8
46467.1
36526.1
40225.4
89446.8
49454.3
41116.8
35029.4
47998.8
41975
50878.9
51550.6
53583
58116.2
50068.4
50193.5
44402.4
39788.6
51540.2
66156.6
21210.6
44374.3
46190.8
34647.8
61055.3
55367.8
50095.4
30054.8
28594.3
60610.4
29403.9
33208.2
30950.1
33679.1
59420.9
38397
32495.7
52225.5
47545.3
32618.3
40341.9
22402.4
31385.8
39282.8
35098.8
29254.4
47775.3
37512
63872.3
27642.5
44677.2
27664.7
38467.3
31137
51592.5
44181.4
55581
35660.4
28760.5
31755.8
38597.8
48477.5
37512.2
21199.1
71791.3
41446.2
36538.6
48841
45935.4
33302.9
55177
37177.8
47456
39861.8
35970.2
40806.1
45824.6
27249.4
20187.8
83247.2
30832.7
41300.4
67355.8
82092.5
80735.5
42460.2
27615.7
41282.3
43844.3
24628.6
52810.6
32151.2
36999
52350.4
46263.6
33490.9
47404.5
27863.4
62939
56524.5
50087
47836.2
48575.2
39223.1
35984.7
41762.6
58745.4
51892.6
71701.6
74436.9
42787.4
61499.1
65753.2
31943.1
60260
36227.5
60137.1
53077.8
54760.1
46985.8
27223.5
42422.5
56166.5
53023.4
51600.6
37272.6
69092.6
41225.9
54907.4
48131.6
39801.7
36417.2
63290.6
52254.1
48105.2
48898.6
43531.3
35352.4
29521.8
64770.7
33469.6
40557.4
49248.5
37376.6
37648
68037
53042.6
46756.6
45003.2
57173.8
57193.1
39581.6
50700.5
43541.3
57734.1
41156.3
53078.6
20367.5
58049
34006.7
58772.4
42248.8
35657.1
37404.6
42172.6
31818.2
35419.2
40977.1
51458.2
37447.1
46348.2
51968.1
45100.2
26146.5
43441
17858.7
48868.5
42452.6
48440.6
52235
39599.6
35452.8
36843.9
64818.7
44826.3
64011.8
29880
45776.3
54684.2
31810.3
53202.1
47135
66684.7
42038.6
45619.8
25563.6
36578.1
57016.2
30363.4
42943.6
26388.6
23641.8
43165.4
28220.4
28066.5
36215.5
55568.2
55479.7
26436.2
26147.5
27048.7
37329.8
58635.7
41014.5
66375.3
32806.3
59180.3
39838.8
35755.4
37083.2
54987.4
81539
70905.6
39441.7
36322.2
49458.9
47937
41062.2
51852.6
31294.6
34927
58379.4
48541.8
42085.8
37930.5
50984.2
37769.1
52254.2
54058.2
36405.1
29377
43478
52619.2
35867.8
40456.1
42343.4
45540.3
33029.7
62335.8
28984.1
73541.8
49939.8
48939.7
47293.4
48051.8
30227.5
56684.6
50461
69126.2
40135.9
63295.3
52366.2
29673.9
59103.2
52718.6
47240
51078.3
57816.3
69199.9
53089.9
58957.8
57005.6
29972
41710.7
43611.4
30127
71118
34673.9
57072.4
60157.4
64621.6
50978.1
33181.5
44658.4
49549.3
83621.1
66989.6
54357.7
43634.4
33282.2
67574.1
66323.7
57881
48214
52543.6
79303.4
45097.4
64964.1
45959.3
68687.8
33141.1
36190.2
57690
49926.5
30446.6
67998.2
26687.9
50578.2
40645.1
35188.7
39120.2
48850.1
35872.4
51600.2
74146.2
50140.6
41039.4
48796.3
38090.6
48598.6
48818.2
46074.9
44913
59520
45417.4
49549.3
58486.5
57375.1
41781.2
50919.4
43841.6
32884.2
33368.7
50798.9
41932.2
45349.8
45553
59331.3
35664.4
46871.4
26418.4
60621.4
50000.7
51538
40295.5
39108.6
42620.6
66314.1
57487.2
36362.9
47970.2
30451.4
45185
50016.8
57644.2
36885.4
48476.3
68728.1
34637.4
44065
51993.8
43620.1
56939.8
53710.1
70753
62302
56581.8
59115
31066.7
37859.3
49504.2
58430.3
23345.4
72309.3
62895.9
42534.3
63433.3
54687.6
50951.7
60317.6
77637.2
59863.8
56798.4
74809.5
58266.8
58173.1
44818.5
46226
33206.9
57141.3
62323.8
54077.9
71692.4
64958.1
58299
38756.3
80106.8
40667.8
51620.7
72140.1
39732.9
69938.9
63517.8
39558.8
85126.4
61576.1
24851
41250.1
41723.7
49252.5
77154.3
54983.6
46298.7
28147.4
33754
63247.4
35393.7
58645
35011.2
39225.8
38083.2
59652.2
55539.1
47555.4
40574.4
55424.2
45807.8
32335.6
56990.6
46712
42151.8
63032
55502.2
63273.9
45597.9
25489.9
89397.3
47599.9
49295.6
85657.5
43320.6
47170.8
56079.4
30186.4
35393.8
42351.6
65170.4
64435.4
22844.8
50020.9
76328.6
62884.1
49884.4
30434.9
38507
35698.6
37930.4
47831.4
33809.4
54827.6
31715.8
72168.7
36885.8
60369.2
41184.3
42733.8
47765
60605
67074.1
33991.2
53111.4
61352.2
55964.7
39299.9
48356.5
43608.4
35978.1
44785.5
57173
51371.3
39504.6
58584.1
50694
37704.6
28555.2
64395.5
34439.3
56668.5
25637.9
85523.1
35676.4
50187.3
53179.8
47254.1
50556.9
47493.4
36232.7
54230.2
51218.6
55768.6
33344.9
41548.6
32554.8
54138
48875.3
53248.1
39180.5
42708.6
35773
34239
43919.5
41837.4
81599.3
35435.7
51487.1
67835.4
52201.7
26019.9
29688.6
38704.1
33905.3
46203.8
74970.3
47282.6
53969
41624.2
62407.5
26970.2
66273.8
45385.6
40128.6
31442.1
68106.2
50965.8
38885.4
37217.8
47019.8
27331.9
43246.7
59721.4
42560.3
43903.1
45031
31198.8
48222
58726.1
44736.7
39018.8
58044
64685.9
58738.3
31067.3
63505.9
50542.4
40206.6
54683.7
61264.6
46584.9
43701.8
33623.8
38275.4
79962.8
64957
53581.9
40441.4
81367.6
64305.5
44050.5
69764.9
74479.9
41935.3
34849.4
44281.1
66226.9
41810.9
51008
27295.5
37569.4
29602.9
48684.4
56581.9
56959.8
32180.4
38896.8
55991.1
41748.3
36792.5
53265.7
55166.4
37868.3
33584.2
34835.8
37996.1
42199.5
52617.6
69152.3
40438.6
35380.2
54777.2
44798.7
71961.9
50736.9
42660.3
40498.2
62513.4
45127
40432.2
69890.2
69023.4
43366
75904.7
45010.1
39287.6
21219.7
69927.8
54078.4
18217.2
63581
52154
49740.6
49404.6
32968.9
48248.7
44290.8
58573.6
56369.3
45428.5
80750.2
21176.6
57286.4
29542
42995
63767.6
31742.1
45130.5
41524.6
29756.2
23558.6
71307.4
54902.1
46893
59945.5
49195
44994.6
46358.1
34055.5
39461.6
35155.8
54982.7
36942.6
41058.6
58087.8
32495.9
38065.5
54597.5
42523.4
62710.1
70518.2
42677.4
35344
58143.7
55895.9
55273.4
37158.6
48060.1
48101.9
39874.8
40041.4
55793.7
37102.6
36753.8
58641
42005
44250.2
38917.2
75832.9
71615.8
47685.4
48426.5
87524.2
28065.4
66109
61511
80062.4
39361.6
70738.2
62764.8
32052.1
43201.1
42594.3
55060.5
67356.7
48397.7
46159.1
45372.5
54952.6
44170.6
64164.1
64189.7
25511.4
54070
44282.6
77496.9
40481.3
52539.4
50778
106189
46541.8
51975.7
41053.5
46400.7
31358.8
90107.5
44198
53125.2
58023.8
69945.8
42553.8
40201.8
32712.5
38767.3
77898.6
60149.3
62476.9
74074.8
37494.2
73418.2
41595.9
70953.2
55885.4
56943.6
41459.8
34548.5
46813
60686.2
43614.7
41651.8
31667.8
49290.4
73255.5
37994.5
39477.9
51553.6
40301.6
58335.9
39439.6
76744.9
47919.9
47196
43060.2
34969.1
40348
46890.7
38830.6
31015.5
60022.2
42714.6
23960
54178.1
52011.2
39340.5
38853.8
43690.4
53982.9
23860.4
41983.5
102230
41674.2
35284.4
63834.2
38751
43984.5
61301.3
53823.8
66859.4
55067.4
31866.1
63831.2
48361.8
35131.9
47801.4
59542.2
42370.3
49758.5
51474.5
63757.4
59546.2
42233.9
46366.6
69278.4
68847.8
40232.2
46622.6
44441.6
63812
37759.9
59466.5
57985.4
46330.6
34805.8
59845
65623.7
70070.5
54362.9
57709.3
36376.1
45006.2
32754.1
44569.1
53874.3
68922.6
47395.7
74104.7
35412.9
43340.5
33649.7
60374.9
67794.3
42140.5
38148
79454.2
30555.6
57482.5
57717.6
37861.8
90713.3
33636.3
28980.2
53887.8
18183.6
53706.1
35171.5
48107.1
63496.4
40265.2
52451.4
49827.8
38472.4
55363.2
55341.5
44913.4
53645.1
62433
43101.1
36927.3
30095.5
37230.9
29156.8
62722.8
64160.6
101377
46801
47816.5
40336.2
39730.2
53206.7
63426.2
50430.9
45622.4
37607.7
36432.3
47066.7
40764.2
56312.4
58921.4
61474.9
52866.9
44819.8
49313.4
39663.9
67557.8
41505.6
75651.2
61548
62849
73285.7
41170.7
65853.7
41370.1
29288.7
41493
45251.5
42437
56327.9
54117.4
52159.3
45673.4
39845
48798.9
44155.7
68926.2
44253.3
49298.2
35766.3
48145.7
39205.7
50839
76040.1
26547.3
42577
83621.7
28884.4
50209
29397.6
51874.1
65519.1
43390.4
39972.1
73465.8
43790.9
51409.1
51131
35579.8
36579.6
39268.1
66723.1
39746.3
48952
50945.3
37860
25551.8
43040.5
36104
40067.4
74726.6
31534.8
56203.4
51294.2
37956.2
47476.7
68164.2
59258.2
32427.5
50610.2
47921.5
63257.4
52906.8
36172.6
37125.6
53645.3
48440.7
53433.8
44885.6
72037.3
47237.9
58038.2
27606.8
52092.7
36306.6
67445.2
39255.7
36719
38839.3
36543.9
78041.8
48243.6
42928.2
33521.1
54015
52197.9
65990.8
41762.6
37445.2
29489.4
32177
48349.7
76615.4
72703.9
40733.5
38709.4
44352.3
44316.6
48207
42192.6
38936.2
35641
73534.2
38792.4
42001.4
67945.6
59828.2
60630.4
87383.6
61514.7
61412.5
28711.9
25305.6
52435.3
47101.2
57705.4
87748.6
65217.5
42661.4
28408.9
59418.2
37699.6
45105.4
54659.9
48405.2
34992.8
42031
46872.4
55209.3
41419.5
60892.1
51060.8
37766.8
45425.5
44847.5
30839.8
40971.7
47448.9
46369.5
36042.1
29767.6
42431.7
41051.7
50505
46280.2
39992.5
37268.7
38291.4
29367.8
60675
39959.4
41180.7
52475.6
49722.5
19604.9
26115.7
41786.1
33275.5
42048.7
56537.2
51109.6
69986.5
42533.9
48755.1
56039.3
41827.3
56689.8
75712.1
30012.5
43191.2
45410.4
58170.9
34584.2
47236.4
38643.6
35445.4
37802
51750.6
35095.9
62638.6
43935.3
37542.3
27048.5
50750.9
24385.7
39965.2
57455.5
54537.4
42149
35355.6
54527.8
33639.2
65186.3
28322.1
27738.5
35895.6
64770.2
51742.6
25005.4
30757.1
31983.5
30983.3
46366.4
39118.6
43884.9
46450.1
50120.9
49617.2
44287.9
34830.4
51010.8
46225
40159.7
53189
36043
62514.9
46627.5
38179.6
43892
54641
73737.4
42138.6
57558.8
41581.4
35343.6
50179
35269.2
36629.1
41341.4
40327.4
30963
56048.6
37445.5
62508.5
46036.2
50155.4
80060.9
39118.4
39126.6
47685.1
27264.7
72988.6
55768.2
27629.2
23693.7
30139.1
35007.6
45096.6
62694.7
59990.8
27512
21880
44995.5
36102.3
35172.6
56879.6
68059.8
46663
45567
31405.8
28764.4
53867.8
56722.2
37259.8
27433.8
44550.9
55480.2
29441.6
45245.5
43057.8
36214.4
40716
28377
49164.6
54274.6
34420.8
83336.9
32906.9
34626
29981.8
40944.8
61848.7
43973.4
46758.2
47234.6
53849.8
40588
62544
54135.2
45507.9
52214.1
27771.7
34518.1
29963.9
58349.4
38071.6
62373.8
55503.1
61477.7
51547
69636.1
40230.7
54527
29248.4
35914.3
54022.8
56236.9
53828.2
35762.6
33689.8
33079.7
49434.5
49222.2
36605.9
40378.3
57371
43406.2
96165.6
54972.2
27788.2
59187.2
50835.9
43377
48046.3
54639.2
34415
52648.3
78941.2
49233.1
68010.7
61607.4
29333.1
44417.6
26469.1
41282.3
46354.6
70874.1
37742.4
46231.4
28186.2
51130.9
42482.3
45039.2
60020.1
46148.4
39416
55671.8
50432.7
28526.6
52490.4
55980.9
38861.9
52880.7
38497.4
43928.2
66397.8
58417.9
62994.2
36080.2
67757.4
52527.3
57024.4
31291.8
64988.8
65219.8
22961.9
79670.1
42050.3
35853.9
42361.4
31826.3
64292.5
65689.7
41064.2
70673.4
64531.8
33689
40159.1
60977.9
30559.8
55344.2
41212.6
58222.3
57787.6
28962.6
52787.5
49193.4
41566.6
52293.4
57347.5
30005.5
54888.9
35148.1
56166.5
43298.2
70130.3
89040.1
49729.5
36886.2
57006.6
51266.9
42304.9
71236.2
47291.7
44428
74534.6
52107.7
85424.2
54407.8
34612.8
34042.2
64521.9
57556.6
35786.6
48055.7
42813
54609.5
48379
41223.2
63944.9
63111.2
50023.5
71954.4
51389.7
56541
57582.9
35565.8
29517.6
62193.2
68704.3
49420.2
38160.7
55886.5
51027.4
69155
53305.1
63131.5
58465
62913.5
57601.5
58595
53210
37704.9
101824
89848.2
48500.6
64621.7
55913
49076.2
48010.4
42424.8
63520.6
64430.4
58174.2
40993.2
36204.6
26123.9
59479.8
61418.1
44550.3
69186.4
32893.5
43239.4
40988.7
43885.6
55756.2
57763
28522.2
72123.1
53207.8
88265.8
57107.3
58494.2
50409
46577.8
50410.6
54526.6
57801.4
48329.6
43199.2
46609.8
43573.7
30657.4
43782.9
48545.8
49650.2
37550.7
30354.6
36998.2
48310.6
61295.4
49899.9
31689.4
56757.7
57428.9
41381.5
40394.3
42094.4
57422.3
69724.4
40568.6
32313
43231.4
34465.8
37601.5
30632.7
49024.6
57082.6
52057.9
38489.3
59007.3
54118.4
73225.9
39105.9
43136.4
50495.4
29274.6
56209.9
83688.5
39147.4
84367.3
43923.4
61919.3
41573.9
32059.8
49212.6
36487.3
48575.5
48482.6
59374.3
39354.3
48375.1
41138.9
55393.3
44724.7
44113.5
49323
42654.3
60008
62497.3
46116.5
66914.8
32369.2
59058.2
60467
57429
54726
60788.2
48080.2
40941
41568.6
52692.2
63806.8
66746.4
51602.6
34415.8
31192.8
36617.4
36934.9
50912.1
42689.8
65704.7
48027.3
31440.2
46488.1
52804
67488.2
26077.1
38021.8
46534.6
63164.6
44393.1
71212.7
50434
49182.6
42859.8
63876.5
35835.3
64624.8
42967.9
39341.8
43277.3
41366.3
61477.7
51302.7
32584.6
38743.8
40229.3
36115.3
22551.7
44855.8
61968.6
55189.8
50203.9
58971.4
29433.4
33637
69124.7
63393.9
31111.6
26971.4
48355.7
50524.1
39298.6
43632.6
36992.2
43478.1
54836.8
56425.2
80122.2
54988.8
53860.9
79879.2
36319.8
34859.9
67273
61372.8
55350
41774.6
39084.6
37457.7
51106.3
49639.1
38818.3
44871.2
37720.8
39634.1
39734
75045.2
58293.8
22260.8
40543.6
39219.1
37810.1
47874.2
49763.8
45616.3
49001.3
48712.3
31521.4
26316.1
38461.8
56575
35437
76293.6
69073.2
41093.7
61074.9
60137.4
34915
57504
37066.2
45941.5
30259.2
51937.4
43821
44249.3
47640.3
51895.8
37119.8
56757.3
42151.4
48097.6
49871.5
54637.3
54514.3
56586.5
53136.1
34641.9
56247.5
42110.1
49615.2
72450.9
49482.3
39777.8
48394.1
34592.2
62119.2
31171.4
46600.3
53061
67478.2
45649.2
64386.2
55971.3
65033.9
65563.9
44465.1
43169
42246.8
77331.8
50791.4
70351.2
67082.2
60931.8
32009.4
43782.8
37273.2
30145.3
40746.4
24475.3
56062.1
33247.6
28324.8
51291.8
53961
68530.9
34352.1
45399.4
48011.8
51359
41067.7
30666.9
75369.2
31754.7
40703.4
47431.4
39204.7
38896.6
49169.4
47960
50912.1
76899.8
46036.4
64761.3
36767.7
41968.2
47457.4
35315.2
42139.8
36031.8
50005.5
35552.6
54765.5
60278.7
52412.6
27377.6
52127.2
48642
39480.2
35162.3
45874.1
63896.7
83776.2
33687.5
44244.6
35998.6
44013.6
33369.4
47804.5
78928.2
47001.4
45848.4
48247.1
49773.2
46139.4
44310.1
65442.3
75158.6
50025.2
61661.4
71422.2
31304.9
45302.8
46489.2
27444.1
54725
47841.5
40528.7
49038.4
37801.4
37741.5
54777.4
50836
19618.7
70619.2
56094.3
38042.4
45573.3
63900.5
43093
47485.8
57098.2
36617.8
41264.8
40996
52589.5
61484.6
29306.8
35051.6
37195.9
26521
62514.3
39670.8
60283.1
57025.4
29855
47130
83629
68599.1
35739.9
39514.3
31601.1
61496.2
58012.1
62801.1
45723.8
53975
45318
36362.6
62329.8
50985.9
51660.8
71605.8
41642.6
66496.2
45978.2
49112
55623.3
26212.3
60084.3
44473.8
50453
38622.8
61550
26187.4
41850.6
71109.2
52487.3
49616.6
46792.1
60191.2
47877.4
50507.9
35546.2
62211
41724.2
48471.8
49003.3
33647.8
69089
58761.1
57264.6
51667.5
28545.4
32956.2
47687
43218.7
71457.1
49268.8
26929.2
49208.7
46275.3
56243.8
57512.6
38787.6
53241.3
42744.8
43073.8
31386.2
20841.6
32501.7
66657.1
34951.6
37375.1
33050.6
69604.1
44583
65247.4
56307.6
42929.1
44173.1
28809.1
64421.4
58077.1
36459
57952.6
59395.4
45478.9
35086
37653.7
34152.2
30538.8
44925.8
33971.1
32141.1
75586.4
31806.9
36846.6
51492.7
34871.4
54534.2
50128.9
33706.8
28469.6
56679.8
50346.9
33727.5
41700.2
48288.4
27371.9
23746.2
63141.5
33303.5
32470.2
19364.6
44526.7
33361.4
35430.1
45301.4
54989.4
59835.9
42942.9
38338.6
33731.7
25785.9
40058.2
66555.9
41061.7
45805.4
64671.3
61299
75399.8
57833.3
62300.5
59664.2
30663.8
33921
50481.4
73993.4
62607.8
34153
52388.2
49527.8
43661
36502.6
51434.6
32320.5
53601.8
44055
39004.2
44769.4
38146.9
33940.2
62818.1
25800.5
58545.2
54622.7
17625.2
64237
55696
84564.9
28977.1
43697.5
55037.4
44894.6
35060.4
47149.4
33298.6
43468.6
48787.4
52614.2
64603.8
54774
47314
53881
42615.2
57494.7
33614.6
47416.4
66654.5
51597.9
60649.1
37423.7
61611.1
45508
34729.8
54789.5
44966.2
37279.8
47730.5
38903.1
45485
78429.7
52123.6
50090.7
43558.1
43719.5
36920.2
49553.7
50125
38457.6
52974.7
59895.8
49037.7
36053.8
44821.9
58641
49069.6
69577.8
42485.8
61459.4
51741
41819.2
49011
44972.2
57202.1
58515.6
38009.6
50584.7
64305.8
26812.9
48876.3
54358.3
35049
28433.4
44195.8
39327.8
43286.6
67424.6
55349.6
50499.8
36964.2
31075.5
36944.6
44522
70077.7
41939
47489.3
56524.2
25008.7
65610.1
70217
53500.6
62623
31612.1
63960.6
41159.8
49102.9
39473.4
53026.6
62201.8
39549
31540.6
31488
56939.7
69878.6
43204.3
63125.1
46615
35958.8
41341.1
52619.3
36339.2
52608
52267.8
61713.9
38007.3
43850.6
59216.6
46723.3
42156.5
24453.3
46873.8
44379.3
51395.4
35731.2
48842.6
25204.1
43011.1
46457.6
56101.9
59437.2
62441.2
47730.6
39595.9
43606.8
51727.4
68281.3
45215.8
47451.8
64890.1
32791.8
53639
45095.9
48790
25977.1
32231.8
49508.2
42126.4
34129.6
25361.6
43463
49310.8
56265.4
37291
28317.4
33471
44061.4
54964.9
34968.7
60515.4
29480.5
27222.1
40795.5
45184.6
48721.5
43008.4
34165.8
24820.7
49593.5
37584.3
68045.5
42527.4
45226.1
59572.2
33656.6
48919
42226.4
54847.6
39608.9
37648.2
49220.4
41013
42761.9
58198.8
35807.7
52743.7
39515
45906
56453.7
51085.7
66950.7
41728.4
30283.2
60810.4
24269
51163.8
56919.2
43411.8
65159.8
45313.2
50539
29219
38484.6
78429.1
33149.3
53482.6
39047.6
45601
39545.1
60676.6
48477.9
58088
36410.4
33797
53771.3
40253.5
38429.7
42024.4
38479.7
38128.5
43675.3
42804
39145.4
23561.7
70098.2
28699.8
47835.8
26647.2
42276.6
52603.8
39877
57161.7
47988.8
26702.3
33365.2
29589.4
25610.5
30918.4
65304
31268.8
29578.6
46502.6
35026.8
32742.9
51248.3
63518
46376.3
45530.6
65881.7
47701.5
47664
35177.3
35023.4
21350.1
32773.8
34741.8
51856.2
57309.5
43466.1
53909.7
52983.4
39177.8
44997.4
40213
70789.1
38161.5
43612.8
33019.8
55696.2
41052.6
64626.6
35523.6
51363.4
40856.2
76355.7
51590.8
63608.7
51720.5
47355
47489
30075.8
75825.8
33890.1
40923.9
50593
34296.3
20953.1
45111
35936.6
52308.2
54604.8
38846.6
44377.9
42576.3
76850.2
50968
35108.9
54642.9
79971.2
45858.8
80388.6
52556.1
54972.3
40929.2
41566.5
36179.8
66276.2
34362.4
31187.9
48300.9
38556.1
73418.6
34185.1
38750
42529.8
41668.1
76662.2
53965.8
39296.6
34592.6
59826.4
53675.6
33132.8
28696.2
47779
36694.2
45072.7
32879.9
38983.1
60323.5
28685.5
22565.9
49660.2
42552.9
63759.5
55562.8
35931.8
29571
45088.2
53520.5
48056.9
91026.5
48005.7
34552.8
36798.2
53314.2
40679.4
36808.6
33558.6
24282.8
48894.1
35484.6
43935.6
31746.2
62913
26616.7
27488
36911.6
39075.4
43529
52461.3
40404.8
46224.5
32428.2
24999
58024.2
36412.6
37860.4
42676.6
39929.8
25119.4
45231.5
53559
46211.1
29415.6
25333.5
29693.6
25884.5
47075
38876.6
33252.3
42122.6
39130.6
19977.2
45017.8
37292.1
65809.4
37960.7
21727
40078.4
32545.9
31102.1
55837.8
26228.6
34243.8
42231.4
49626.4
35944.7
71293.1
36984.6
57533
53370.6
25162.4
68666.4
68785.8
50707.7
36985.1
30328.5
57608.3
33572.6
30230.4
49827.8
40478.9
40822.9
32098.2
64687.2
29068.1
45067.6
39105.1
47152
37841.6
72215
43778.9
36730.5
57316.3
32680.6
46469.9
49099.7
35075
56960.7
40155
45168.8
16858.9
63422.6
40656.1
25956.9
32567
26653.8
51910.1
43052.7
26918.1
61503.8
44181.9
43351.1
39284.6
32653.3
47418.7
34129.9
46835.6
48853.3
53391
51258.7
43451.6
51162.8
48320.3
29136.4
32557.3
53536.2
42168.2
38993.7
52662.6
51845.5
40518.5
28077.8
49645
53074.4
56555.8
53037.5
41541.4
23656.3
33768.3
61194.4
78941.4
35538.3
38037.8
40225.3
56785.5
59333.4
36526.2
59081.8
46158.6
60179.4
67415
45118.1
31817.1
37443.8
32926.2
71239.8
40310.7
47107.1
47966.7
35186.5
42141.4
61124.7
43849.1
51482.6
58592.7
45590.7
67075.9
45136.4
33994.1
57171.8
20679.8
47321.7
68172.2
36115.8
40965.7
40688.6
51161.4
45120.8
42977.1
34681.4
50561.6
73681.8
33165.7
40582
84368.8
32787.8
33295.8
41155
41522.7
28923.2
39752
38796.1
72026.2
33127
27485
41842.6
39749.8
37492.6
41378.6
50592.1
66617.8
20513.4
38377.4
40994.1
64233
44998.3
26543.8
23949.3
77800.6
73556.3
48714.6
48646.6
36146.2
73174.7
45483.1
41359.6
36106.6
49316.2
62509.6
87242.7
50589.8
31882.2
58761.9
52484.5
55437.8
64304.1
47974.6
62701.3
38309.3
42869.3
49986.9
62045.4
63539.2
68962.4
47019.4
71191.3
40892.2
92369.5
72536.6
54763.6
42992.1
33692.2
60683.1
47286.2
54341
48408.6
35127.4
64016.3
54940.2
48966.6
35805.7
23771.6
50675.7
55155.8
42974.2
66381.5
52097.6
49376.9
62109.6
52020.3
50611.2
48261.8
42655.9
70503.3
41962.6
40112.1
66893.4
37225.5
43699.8
32508.9
40557.4
50781.9
40223.6
36877.8
36555.5
31332.2
32949.4
44711.4
62365.2
47706.3
57186.2
32185.4
64866.2
51308.6
39294.2
35853.2
30602.2
51998
27297.5
37380.6
49411.8
55081.8
65345.1
48792.4
48917.7
47394.4
37040.6
46914.2
50456.6
70079
74778.7
45308.3
50580.5
44971.2
35289.2
49269.8
42799.1
38950.8
43808.3
55186.6
56080.7
55868.6
32453
48344.6
82363.4
51068.3
58711.6
31396.5
47786.6
44398.3
36203
32958.6
57655
52582.1
44612.2
47506.4
54285.8
61845.2
43984.7
56476.2
53139.2
77542.3
37895.9
53258
56542.6
60224.2
63363.9
29217.8
51323
33866.8
59953.6
81138.9
77118
67526.8
56226.7
43665.8
44604.8
60749.1
32195.2
53656.8
52773
61367.8
40751.8
70352.6
40490.9
53430.6
61038.2
56266.5
40111.7
72547.7
45419.9
52648.2
51661.5
48354.4
56834.2
51251.2
43232.9
32500.5
55396.6
41808
82945.2
30481.5
33885
45631
68209.8
34696.6
61775.7
43115.4
42266.1
37329.2
50402.2
32478.1
56517.8
58741
53617.4
42873.5
59185.6
32864
36072.2
45888.4
51599.7
56641.5
31323.4
50291.7
36853.1
44550.7
54664.1
50393.7
46409.8
56325.6
32945
33517.3
50325.5
43265.3
38125.8
53215
42865.8
41190.8
46893.7
45297.2
40698.8
26459.4
25132.2
37345
37088.6
44183
45736.3
26637.8
72952.2
32625
59435.4
45817.2
49703
34378
51277.1
31908.6
35929.8
44568.3
57131.8
46045.8
59806.4
50029.5
31563
67422.4
47100.2
43426
61692.5
52314.3
48209
38213.8
63355.8
55033.8
33996.6
44497.8
46012.9
41228.5
47554.1
27716.4
30210.1
39579
50416.5
56236.3
40523
44450.5
41068
59349
30160.8
51933.4
58728.7
31445.8
81666.6
49484.4
47837.5
29744.4
48751.2
28149.5
50950.6
43218.6
53937.2
48862.5
37248
21314
43061.1
75799.6
29635.4
43475.7
20606.2
49116.7
44954.3
61299.7
55713.6
41712.2
66217.2
39157.6
37570.1
41990.2
35010.2
57125.6
51402.4
42870.7
49128.3
30095.8
39522.2
56741.4
65101
47420.8
45162.1
68581.8
46134
38368.9
37284.6
32315.1
64751.8
33619.7
53385.3
43273
33819.4
69640.2
57915.8
39733
45054.7
56466.6
52602.5
40133.8
34652.2
45072.6
60226.2
47268.4
50076.7
25593.3
58538.2
33918.3
51751.2
44049.5
33427
38219.7
49233.8
74391.4
39759.6
44085
62801.7
45144.7
42406.4
46969.7
39536.3
58171.3
38046.9
61074.5
33647.1
22812.2
115728
68962.1
47583.6
34998.6
45550.9
57331.5
46212.6
62863.4
44118.5
46968.3
48396.6
55700.2
58911.8
45627.4
45472.6
42879.4
41424.8
97768.6
31151.2
63014.5
34353.4
42212.4
35820.2
47323.8
71963.8
68216.2
28475.7
33873.4
52922.3
53246.6
40739.8
73754.6
56616.9
47133.9
47662.2
60504.6
57955.6
47852.1
54516.9
74167.4
51271.7
55684.5
65867.9
53551.6
35550.9
64463.6
57364.8
33580
56753.4
53502.6
43867.3
34427
58592
26940.2
37071.1
35781.1
37012
67144.3
47031
66093.9
36652
43661.4
67117.6
87065.1
34472.2
51174.7
25849.5
40042
38410.9
45926
37321.8
53218.2
49097.8
32662.8
41203
51716.2
37097.4
41827
49251.8
64690.4
51130.6
47003.3
51348.2
55549
52203
43303.2
70753.3
65084.7
54729.5
48613.5
53725.3
93141.8
60196.6
55431.9
55179
38000.9
55512.2
74600.1
53524.6
54522.1
40643.2
52827.5
43038.2
56429.1
48552
101854
52668.7
39100.8
50397.3
44081.1
46222.4
47366
38218.3
81111.5
59489
32763.3
34814.1
46505.1
57839
63184.5
62061.4
44875
35620.6
70929
41743.6
45703.6
54629.1
76237.1
30548.6
52570.2
48480.1
40861
52553
47358.7
58160.6
47350.1
44148.3
57176.2
89878.7
29724
62796.2
42956.7
55987.9
64142.2
47331.1
34157.1
18577.3
58228.8
46056.6
16481.7
66023.3
35952.5
39314.8
58222.9
36378.6
65127.4
40949.9
53930.6
32907.4
35184.7
67179.1
36005.6
59938.2
87253.4
44831.4
57132.5
37855.9
38233.8
35098.3
78767.1
24480.3
27872.9
48926.9
39627.6
26056.6
66504.8
60330
27239.9
44903.9
29048
53052.2
39212
47578.3
25623.4
42700.5
53388.9
48337
48236.2
57680.7
49822.1
58333.6
26157.8
32490.7
51730.7
52203.4
57024.6
48273.2
49669.2
60444.6
26557.3
35379.8
66683.7
60830.9
52351.9
48553.8
39870.4
41770.6
41578.6
25685.9
29819.5
53741.4
42858.3
48845.6
40776.4
44260
53289.5
51743.8
19823.5
38794.2
40429.8
30645.5
48948
15226
41107.7
41211.3
34949.7
35891.3
26018.6
28107.6
44942.2
24084.6
38300.8
50713.7
20770.3
43802.6
42963.8
35824.6
42206.5
32659.8
40408.9
36148.3
56575.8
44565
37009.7
50648.2
34367
37378.5
28550.6
27699
27301.1
50843.8
47936.7
42445.1
24730.6
34384.2
45812.2
48098.2
44453.8
41297.4
51780.2
50350.5
33771.4
42940
31298.6
48276.6
52674.2
38896.9
35144.1
33382.4
41245
38520.8
30009.6
30836.6
23878.9
43300.8
36113.6
31700.7
40642.1
41085.9
35345
65350.6
29141.5
63761.4
50753
31893.4
59649
44673.5
55022
41637.8
52570.4
35937.4
62167.2
40402.7
47330
35988.2
50717.6
26792.2
29322.2
28583
73384.4
45956.9
48366.2
48049.3
37697.4
38956
73379.5
35773.8
49646.8
43300.1
74728.1
56012
56667.9
32095
46853.8
36183.8
61297.4
43883.6
37225.8
48363.6
61297.7
51993.4
48269.8
40945.9
65012.8
43961.6
51079.2
33775.7
59539.1
41636.8
73099.1
53672.1
49162.5
45053
43741
42858
41347.4
66796.7
69524
26697.2
36729.8
37496.5
52277.5
47009.2
43017
42027.3
31379.3
35351.4
42552.6
46914
31347.4
56108.4
53993.2
40220.4
45189.1
44327.4
35247.4
37535.4
52472.5
56115.9
52327
35750.6
49244.2
34449.4
36052
63302.7
46307
27099.4
37357.6
43537
57519
29234.9
50282.3
51695.5
54011.8
58186
56224.9
69143.4
40290.2
50454.2
38755.5
60274.6
40150.1
44323
45337
62683.8
35455.6
65775.1
67674.7
82725.7
59517
30629.4
32581.4
46185.8
49772
60891.2
45828.9
35660.1
39171.2
40389.8
46603.4
52471.8
83700.3
61269.9
36493.8
51047.4
54183.8
44429.7
38390.3
45357.3
51971.4
30770
43520.2
53971.7
58176.2
47704
50714.6
44312
39392.2
38649.9
56142.2
62154.6
33325.2
50033
39524.3
49677.8
51901.2
44422
32167.5
68667
57382.6
68223.5
40269.2
61708.5
63109
55070.3
67629.4
27543.3
60975
39436.8
37569.9
31988.5
48704.2
53286.8
71705.1
67007
28622.1
34974
47898.2
37965
36766.6
55426.6
76512.1
28344.2
30545.2
44349.4
36217.4
40595.4
33161.2
32312.7
63848.2
43030.1
59995.5
41442.4
46119.1
43372
74423.2
43942.1
50842.6
36606
44080.2
36444.4
54945
36948.9
83843.9
22841.4
30226.9
64575
56021.5
43752.6
54617.5
81385.3
29897.4
45922.2
41719.6
75933.1
39315.4
60643.4
31202.1
63110
34133
49235.1
71778.7
60873.8
31658.6
21829.3
43963.4
48578.1
28721.4
63108.9
47905.1
40592.2
40880.6
56236.5
36066.4
39367.4
51300.6
54363.8
45461.7
31850.5
31334.2
38119.2
39111
105448
35095.3
71228.5
30187.4
57266.6
51257.2
31147
49710.7
73987.8
37429
50803.4
56347.9
52500.2
49269.6
38572.5
41999.6
45878.1
32061.7
65828.3
66327
60412.3
56179.9
40895.3
56793.1
16300.1
46220.5
58836.6
32382.6
40264.1
70386.4
35259.3
56718.8
47542.9
64702.8
63461.4
50915.5
76801.5
66994.2
34521.1
42776.8
48358.4
54593.1
65897.3
34803.8
54981.3
62634.4
53414.8
57519.9
64328.6
54048.2
61594.2
60918.1
46544.5
35978.6
51848.5
43861.5
52062.8
47708.6
68020.6
51883.3
50817.2
48943.1
37452.6
48456.1
85197.1
54475.2
43089.8
50718.5
68102.4
47119
71831.5
77445.8
76414.2
61304.7
62989.2
60529
43216.7
56012.5
54181.4
68971.2
51502.6
47562.6
52960.7
57212.8
39432.2
68625.4
57454.3
77018.8
40314.6
55054.6
40865.4
69007.7
62258.2
60970.2
60215
56509.9
42453.7
33526.8
64051.3
71292.8
47736
51536.6
52187.1
55355.8
22660.5
77071.4
37851.4
42168.2
38702.7
50029.4
48554.8
59701.3
77672.2
28611.9
48031.5
49156.9
47427.5
56195.2
60278.9
42447
42426.1
44362.1
38207.8
62968.9
35624
25664.1
55107.7
39120.7
45871.7
37322
40002.2
39337.3
23823.8
61640.2
38575.3
46182.7
48597.3
38278
61916.4
46663.9
51321.7
45504.2
43665.2
31284.7
30503.7
51520.9
52388.2
33980.9
50669
50281.2
33662.1
42729
40907.3
63962.1
54442.5
38239.8
51704
42400.2
38865.8
44199.4
66872.2
46302.2
34538.2
66551.8
31288.2
49348.7
44419.6
63282.9
90018.9
63153.2
39181.7
39866.2
46634.5
72249.4
29257.9
55943.4
56074.3
60287.3
47239.8
40641.7
40507.3
42446.7
46757.8
47992.9
71297.4
47480.6
65510.8
52685.1
32581.4
37069.5
71180.2
31844.8
48528.1
46162.9
56301
44147.5
59543.1
40110.8
64954.6
41403.7
51679.6
57494.2
52559.8
52130.2
43082
40111.5
59265.8
27384.5
46792.2
36698.9
71620.8
53588.6
24791.2
66321.3
52511.8
30056.7
55631.4
40943.2
33465
28178.9
40403.4
68086.2
69835.4
53705
46569.8
57400.7
46966.3
61468.4
41668.6
56544.3
60635.7
63482.3
24876
52380.4
38366.3
48576.1
60260.9
48434.3
54067.8
39253.3
47009
43187.5
54427.7
47129.8
51204.8
37177
43604.3
78395.1
73381.2
76329.3
27823.8
43068.4
48812.1
49924.6
48816.2
77309.5
61455.5
61071.4
56495
54628.2
43689
66172.6
50710.5
63662.6
36900.9
46967.7
61697.4
72756.9
45719
80317.1
65746.5
61734.1
81400.2
60265
68822.8
92275.1
41569.8
51478.4
48262.6
62190.2
64264.1
74958.6
45472.9
52667.8
82151.2
44409.8
54735
44342.6
86626.6
59616
36219.9
67384.6
40836.2
35024.8
67477
29600.5
72850.9
58157.9
47758.9
68185.3
94107.2
47095.5
40477.4
52680.6
77583
60478.2
75638.5
58103.8
43792.5
49466.9
35732.8
76034.1
45508.3
78212.7
49759.5
47012.9
51470.6
55124.6
50536.7
37851.2
62408.3
70371
41310.6
62312.5
30759.6
64795
26841.8
55793.5
60089.2
40938.7
36186.5
37305
76687.1
45747.8
77455.4
53299.4
48474.6
53630.3
64041.7
56855.8
44142.2
55884
30279.7
61885.9
42926.4
55757.6
52013.6
53211
40554.1
45691.2
25172.7
31827.9
27989.6
41928.7
87341
47956.7
58313.4
13205.8
30068
54932.8
44174.9
47219.7
37218.4
39012.7
38584.1
56073.8
25031.3
47058.2
38339.5
51736.4
52859.4
29875.2
63141.5
41437.1
47480.8
36427.1
35961.8
45489.6
30681.4
75521.7
23013.6
61593.3
74604.6
63891.1
59968.2
42538.9
34757.1
50511.8
31271.9
69168
36444.5
72521.5
41228.9
63167.5
61132.6
43995
59811
54788.2
43988.4
50673
66910.8
38604.9
33435.2
73624.6
45503
45731
65230.3
71244.6
43261.6
32644.6
39049
51308.2
41903.9
38820.2
48368.6
51690.9
73725.2
68960.7
49083
58032.5
50393.4
45290.7
45218.2
29475
52956.8
36943.4
46353.8
58229.3
60188.7
54282.3
52801.2
39465.4
45762.1
62880.9
47212.2
72309.8
35434.4
17310.8
50869.9
29281
52860.1
58819.6
27470.7
66304.6
39823.8
49057
38558.3
81336.6
26618.5
44156.2
38584.4
48537.7
52802.1
54906.8
53212.2
29080.3
44122.1
48605.5
44845
54585.3
54849.5
55651.5
43694.5
44376.1
52667.3
46736.6
26061.9
49974.7
56365
50602
50286.6
49478.2
47873.5
45406.8
52325.8
75679.9
32234.2
47343
36198.3
61122.8
28128
48914.7
66856.9
37410
49984.8
56253.8
45733.3
69635.2
48472.9
34984.6
49622
41497.8
55548.6
54722.2
49744.6
57172.9
60233.8
57707.9
47748.4
49585
52950.2
43707.2
44554.1
60619
70754.8
47853.7
48887.8
41902.1
25970.6
26820.3
30461.4
67258.6
66444.6
54609.8
64279.8
36864.8
36049.9
45028.4
52868.6
27558.7
45314.8
31438.6
62943.7
21824.8
56571.3
31815
52976.1
42072.2
64526.4
31833
54938.2
52801.8
34503.3
42047
31976.2
62997.8
59389.2
57825.3
49719.3
70686.5
41419.9
37890.1
43166.9
40026.9
35629.8
36224.5
35210.4
56174.3
33837.4
50926.5
31626.4
49650.8
59927.2
21933.1
31903.8
36100.9
44779
22057.4
59101.5
36072.6
46566.2
49000
37388.7
35133
53192.6
59040.2
44547.6
37746.3
36003.2
49609.7
45081.1
48915
43587.9
76388.1
50328.5
53953.8
35079
54364
51171.8
69350.4
65225.8
32810
26782.2
48435.7
59163.3
38079.3
74562.3
56778.6
50553.7
42743.8
52778.6
33448.6
50539.5
45707.3
44419.9
55986.2
27192.2
48360.3
59767.8
46329
61646.1
67902.7
58816.8
75716.1
41030.1
59659.6
58286.8
58382.2
52977.9
61081
40363.8
54730.8
72117
38888.6
56414.3
43824
49941.3
57218
59317.7
58841.4
43299.7
80048.1
52303.6
57821.3
60296.7
64170
37035.9
44617.5
57015.8
85650
49562.3
100324
46542.2
37468.9
49323.2
36235.2
33172.2
38376.7
76815.6
50820.8
49604.1
63670.5
52312.1
36920.8
60529
60089.6
33105
80093.1
30299.9
35675.7
74549.4
41808.8
30309.8
44470.3
35581.4
74716.4
44509
40715.9
41396.1
59295.4
46206.6
66745.4
47014.2
41535.7
42525.6
55121.8
77570.1
29101.8
48201
43877
43371.8
47367.1
47111.1
50760.1
61528.3
61117.4
59982.7
60486.6
64839.4
30543.9
37206
69835.4
48555.4
26973.1
44622.6
77372.8
66458.9
37762.1
68568.2
40366.2
59817.7
43219.1
74848.7
66709.8
46047.7
34156.5
47460.6
31479.9
36053.8
51275.7
57376.7
41987.2
42025.8
63795.2
51129.4
42717.6
41433.2
26113.4
51666.6
61846.1
60827.7
53284.2
44095.4
54989.5
49387.4
48500.4
45700.9
47128
55913
39607
64351
62534.1
39531
48520.4
69829.6
70967.1
31772.4
35256.1
27808.2
58874.5
41180.6
57165.9
54067.2
37917.2
34681.3
43324.5
43806.6
47812.9
48814.2
32622.4
61731.8
58196.3
78275
57483.5
53156.3
34750.9
39729.8
61789.1
67184.6
73483.3
63328.9
86039.1
26334.6
35553.9
44209.6
75574.2
52995.6
35522.7
36262.2
36279.4
48555.6
34850.5
31038.6
55236.9
68590
44986.3
47659.9
47237.7
30288.5
34863.5
47139.6
54059.5
44968
32442.1
45939.9
36075
72200.3
32899.6
36074.9
67721.1
73863.5
65102.7
24954.7
63145.8
58269
30176.5
45660.7
53081.7
52534.4
36595.3
72540.5
44729.8
43530
23483.6
40587.8
64393.2
46131
52672.2
32072.6
24625.8
48287.9
29387
39791.5
43468.3
99788.1
49281.1
45749.9
22545.1
54771.5
34663.3
57543.5
51302.2
63561.4
59998.3
56633.6
53477
53184
61367.1
41973.8
43292.7
43646.2
77973.6
27800.7
76723
57040.9
64960.8
33799.4
45859.8
47233.8
43915.5
40460.4
52863.7
47287.8
41738.2
36261.5
63894.4
52603
35870.2
28087.2
58402.4
29303.6
32415.6
60754.6
30436.2
50256.6
48629.2
34892.3
54811.7
55071.4
55151.4
51983
72227.2
56332.4
49641
36250.8
48499.5
48809.8
59559
43260.3
50411.4
49761.8
71416.5
43269.8
68575.1
42159.5
61795.3
38883.5
68660.8
47786.2
43864.6
60070
46797
28036.5
61802.9
74684.3
45127.3
41973.7
60325.8
39038.2
32789
75862.9
78123.8
41728.1
80754.6
50212.6
40491.4
63981.9
56377
75963.9
51874.5
56724.2
32654.8
41513.5
36165.7
41800.1
55437.8
39786.6
38266.4
40809
55310.2
54273.5
42977.8
64006.5
31915.1
69703.4
29286.7
56090.7
37152.5
21007.1
45594.8
54172.4
40943.4
58266.7
56438.2
37586
56407.4
49823.9
56407
51989
27915.8
31969.8
65942.6
48755.1
54600.8
52442.6
35951
35642.8
50350.1
56616.8
52748.7
45515
48259.3
39122.2
28277
39041.8
39118.7
36444.9
24584.8
41130
33674.8
44751.9
46492.2
57027.5
49454.6
32375.4
43297.2
25450.2
46676.6
54933.5
39916.6
38311.5
30729.7
54354.8
54015.2
50589
35519.4
22899
44151.2
43645.6
86379.7
44669.8
51012.8
46374.2
55141.4
38867.2
32044.9
44913
37647.5
37609.4
27899.4
39149.2
43966.2
34161.8
26776.9
44208.2
86952.8
28630.8
43750.2
26717.2
40329
32917.8
41310.6
64292.6
25807.9
38641.2
52243.6
59399.8
37428.2
18211.2
34986.6
38041.4
47221.7
52114.4
43647.8
22913.8
50073.1
46936.6
32559.9
29493
39187.4
44593.2
35093.7
65310.7
34455.4
37902.7
30909.8
39003.2
54790.4
44917
34978.3
42677.7
46891.6
39938.6
64117.8
51866.1
35088.2
55891.9
37048.8
65698.2
48856.8
32607.8
27858.5
36795
71573
46258.5
87620.6
33300.4
42674
48565.9
24952.6
48121.3
39067.9
63459.9
67146.4
46211.6
35381.4
44225
34363.8
56291.6
37760.6
65697.7
48186.4
46243.8
51699.2
57372
55203.3
41294.1
30983
48147.8
68893.4
20823.9
46041.3
42258.6
37860.9
34704.4
43144.4
35005.8
46927.7
52466.5
49940
50059.5
55027
45239.9
32568.1
39069.8
33909
43533
79137.3
54471.3
34778.4
27200.7
48102.2
20762.2
45734
73566.6
60606.3
15013.8
61731.5
39389.3
44776.9
43829.7
33228
45817.4
73001.8
37338.6
35542.5
47481.3
40208.9
47712.5
34215.4
18405
22505.7
58031.1
29577.5
31811
22600.9
58688.9
40427
30525.1
63116.9
57149
55413.8
54444.8
36175.8
28386.4
71619.3
35158.6
48509.1
46801.8
38316.8
50771
34199.9
59916.4
71534.5
42759.1
65791.9
61819.2
24359.4
44634.6
43958
51094.4
40859
68765.7
52197
42217
61581.8
67948
38368.8
63118.7
66266.9
36201.3
39522.3
51597.4
79206.7
36123.4
49334.8
68260.5
40762.4
33930.3
51592.2
43219.1
42979
50760.2
58271
23568.7
42121.5
68357.6
32444.5
75183.4
59541.2
55249
38538.7
79412.4
39931.8
39120
76540.2
61824.1
59642.4
60271.1
43329
62704
40165.4
56913.2
46009.4
36265.1
32645.8
72647.5
32841.1
46015.2
39290.9
71450.7
58938.7
56991.3
81107.1
32317.7
48774.6
54929.4
27860
32594.8
36207.9
47025.4
61487.6
43585.7
27240.6
57739.4
46248.5
39508.3
50503.4
65033.4
54262
54223.6
62632.2
62925.1
44098.7
32390.6
37594.7
57535.6
58587.9
60914.3
43419.5
42221.5
63837.4
37038.2
70375.1
37237.3
75455
41601.9
60072.7
67266.2
37589.9
50588.5
60000.9
38368.6
36296.6
30190.8
67520
44594.9
84579.3
78659.8
61041.4
50369.8
46845.4
55271.5
54717
46731
62137
60733.8
27779.9
62831.3
33381.8
32800.8
49432.8
41278.8
28328
56099.2
54013.6
58915.3
56988.6
34704.2
37167.9
56091.2
60202.2
52939.7
60662.9
47409
80053
75152.6
76955
58343.4
48565.6
54126.6
33776.2
74668.1
50761.6
39950.2
36671.5
64459.8
63836.3
68359.5
50720.6
42969.1
33457.7
44198.4
39970.4
48884.7
57695.6
73482.6
53974.3
42267
41524.2
33985.2
48301.1
57294
30465.4
31421.3
37871.1
39255.3
48330.5
38842.8
46109.3
36584.5
42402.2
55691.8
45644
64934.5
75820.9
59428.3
49493.4
50418.8
25771.2
32773.5
46813.4
40801.9
76832.9
64504.5
37581.6
81067.9
36435.5
47212
52438.5
57161
38999.8
70881.9
53607.9
41243.4
47807.8
42644.3
50584.9
32491
47907.2
47778.5
45909.3
77042.6
61946.6
31861.3
31521.4
50089.3
40903.9
39548.2
61742.8
32054.2
31213.4
50669.2
80482.8
53448.2
55476.1
39875.9
58603.6
42325.1
38641.4
35440.1
56016.6
35914.3
42910.2
52561.4
32101.8
41269
55880.2
33697.4
62397.4
84606.6
48883.8
22686.6
78984.4
62805.7
40323.4
36883.4
40711.8
59403.9
63943.4
44773.2
61016.3
44737.4
47410
52177.4
51279.4
45897.3
41030.7
50108.9
60824.5
53758
54775.8
49852.1
61304.2
43558.1
47299.4
56815.2
39206.2
45284.4
44517.8
34719.4
54362.1
54716.4
47172.4
56994.2
41044.6
76953.4
67615.8
39706.6
30192.2
66954.9
27743.4
54452.7
34622.2
57531
29551.9
39098.2
56835.6
49372.2
65929.1
43710.3
52347.4
35628.7
30244.6
37971.1
51847.8
67929.7
64706.7
56864.8
61618.6
74987.4
43613.3
34494.2
44837.8
62666.7
58021.5
43385.5
51186.6
47993.4
39553
50077.7
60408.1
66129.6
80492.2
56840.1
93277.9
61722.4
47874.9
37251.7
77352
58760.6
32839.8
39263.4
63648.3
66651.7
49108.7
45748.2
33850
39625.1
88670.4
43583.4
35235
67569.9
60996.1
80890
46713.2
77290.2
35104.2
39482.4
44769
52517
46681.2
65901.2
54892.6
48084.2
58903.1
52196.9
49872.4
30213.3
47083
36946.5
62096.9
38776.2
35470.6
57704.1
54089.1
40535.6
62067.8
24951
30447.9
42753.4
46446.6
52959.8
54276.4
22602.6
68419.2
56870.6
72693.8
49716.2
51974.3
41487.9
29467.6
58855.7
41966.8
57136.6
50869.8
41565.9
22550.1
40315
41641.6
45759.2
58103.7
44220.4
39642.6
51127.8
40052.2
53143.4
41197
49215.5
65839.5
55567.4
55206.7
37832.4
46308.3
55459
46979.3
78492.3
44760.2
42084
39995.1
49545.5
44563.2
70982.2
39668.5
51114.9
61865.9
42579.9
44769.8
63024.3
49441.1
24451.4
64076.3
52368.2
47934.5
73593.2
40876.7
27023.7
47126.6
51037.4
69423.3
59517.4
61663.1
32946.9
43865.3
79240.2
64698.1
70092.2
56168.2
47887.4
48894.9
58453.4
41405.2
53957.8
87383.7
62173.8
54037.7
78678.1
48197.8
76809.7
66476.2
52809.3
42539.7
47760.9
43762.6
48542.6
77383
53109.1
44954.6
37285.9
49179.1
35071.8
39729
72130.8
54962.8
49227.6
51071.4
58669
58630.5
73235.4
55042.1
46524
48537.4
51893.2
55751.8
48872.1
57160.9
66976.3
87198.6
35265.2
50867.2
40923.3
42978.5
35654.3
86263.3
39265.4
51016.5
41705.5
37064
41874.2
37917.8
34862.9
29587
37636.2
44808.2
64975.9
75402.6
36256.9
46348.7
41699.1
27420.8
42431.9
51290.3
67121.2
41507
51328
35841.5
41335.1
58806.3
64026.6
65909.7
44270.7
47656.6
31900.2
61038.2
51729
59902.4
43952.6
46889
55493.9
48794.5
65620.4
65805.4
37652.6
69913.8
22586.6
50068.3
83325.1
46113.8
51054.6
45324.2
34288.1
59011.8
65008.2
40874.4
67244.8
59031
44949.1
51871.1
31448.6
60312.6
70004.8
41249.3
77061.5
48664.8
54235.4
51585
35171.8
62152.6
72816.8
37498.1
46508.5
39906.6
88376.1
40634.5
54376.6
58758.2
55091.8
60589.6
49273
61600.7
52808.5
30637
56638
63880.2
59248.2
77097.9
82462.8
67561.7
51065.8
78722.1
48378.6
50321
32295.5
63083.7
72911.9
51768.3
51627.7
42734.9
38660.9
47645.3
45892.9
75219.1
62481.2
64615
30327.6
80091.5
40894.9
96028.9
44333.7
91786.5
50768.2
59768.6
39192.2
58223.4
40043.6
58445.3
35328.6
40957.4
52800.7
55291.5
49620.5
49635.8
57281.4
63185.1
44738.9
27886.4
64150.2
36165
51841
41126.9
52804.4
85608.9
78084.2
49551
35952.6
34259
56591.3
34444.3
48484.9
50738.2
57957.8
30024.3
43014
35371.8
41500.4
85253.2
41611.9
60170.3
46341
44036.4
47829
75780.8
70461.2
47729.1
50440.6
48617.7
51682.5
47840.9
64314.5
36676.9
40335.3
30325.8
58390.4
36397.5
81063.5
34869.8
42086.4
22009.4
58164.3
50387.4
49569.8
84985.9
42730.2
42967.9
61263.3
38511.4
41926.2
50832.6
56488.9
66364.5
50250
36272.5
40899.8
41107.6
34857
39964.1
39635.2
50246
58326.7
67629.3
64363.7
40654.8
63843.7
41929.4
60395.8
33099.9
29296.6
45549.9
47393.7
53266.2
44133
45838.9
71633.8
46165.5
41350.8
21818.6
41222.2
43029.7
30151.3
17078.8
22368.7
51210.6
45020.3
60138.2
37955.4
54484.8
34902.4
31984.8
40315.8
34959.3
23566.5
35017.4
53233.6
24357.4
35193.8
93871.9
50481.8
31937
41132.5
62036.5
69573.7
61122.6
34235.7
45587.6
50754.2
68266.2
30756.3
33936.9
59998.6
33396.7
38222.8
43318.6
63348
45819.4
58322.6
29920.7
35040.8
39419.9
48151
41525.6
66221.8
46389.4
43592.5
49100.6
66274.7
36011.8
45890.2
46479.8
27607.6
59717.3
49071.7
35495
33133.7
37519.8
40957.6
32434.9
45935.8
29607.5
43351.8
39182.4
50420.6
64942.7
41546.6
36573.4
51217.8
52172.1
36841
48453.4
49930.4
56280.9
39274.4
30224.2
38293.8
29051.3
48456.6
40063.9
62429.8
42220.3
51577.9
38733.2
65849.5
45463
64867.7
55584.4
33411.3
46156.9
42616.3
35562.6
37462.2
60891.6
50737.3
34639.2
73809.8
64415.6
42159.6
67032.5
90775.1
49767.9
59751.9
44650.4
71356.7
48380.1
46282.9
54876.6
28679.4
58234.3
36545.8
26119.8
57797
58640.6
56510.5
53291.4
63409.8
36110.9
41782.2
62059.2
48668.2
62177.9
50732.2
55359.8
44954.2
74191.9
55763.8
43151.1
53445.6
59250.7
51967.1
41921
40193.2
59073.9
51018
61567.1
43214.6
76005.8
52174.2
49499.6
38542.2
33768.9
80381.6
49943.6
45352.9
42064.8
50655.6
51860.2
41510.1
47921.1
57993
57089.5
59212.6
47053.6
56480.5
53752
29200.5
48754
44127.8
42365.8
34844
41061.3
78349
66122.6
49458.1
44661.7
42646.2
59514.6
69073.2
49208.4
55955.9
26601.6
46941.8
64748.2
48837.7
89949.8
53242.6
69361.5
74143.1
45459.3
60089.6
62168.4
51243
72130.2
37278.9
22067.3
45089.2
57100.6
51510.2
55269.6
58819.5
33340.5
51383.4
63573.2
60666.2
41512.3
34169.7
50238.6
39097.9
36887.9
76839.3
98648.1
52453
22100.6
40436.5
52114.6
50737.4
60055.6
42582.7
34077.7
50554.6
53547.4
52576.4
53322.9
49699.8
31226.9
53068.2
58317.8
56071.3
77223.8
56381.5
32250.2
35166.1
47144.3
59323.4
45195.2
64247.4
62699.2
47335.2
57009.9
41743.3
55091.3
59835.4
35469.4
71922.1
44264.9
34258.9
38302.2
39427.8
35305.1
31126.6
50876
39616.7
25380.4
56285.5
41741.7
47021.3
30226.2
48943.4
34941.4
54980.7
39523.4
62403.2
48093.9
34034
54789.1
28618.2
46780.2
36952
38168.5
67637.9
44053.4
44689.9
40368.7
37484.3
46988.4
25416.1
35774.6
49587.4
51001.2
72028.6
41196.9
54116.6
42055.3
33821
47360.5
50197.8
52426.1
43765.1
48741
41108.6
31578.2
36032.8
30769.7
50361.8
44183.8
39648.2
44572.4
34886.9
52492.2
63856.6
36385.9
50110.4
26932.6
41642.2
58363
47805.4
64073.6
34130.2
45164.3
58166.8
32979.3
37213.7
26191.8
56941.9
34266.4
52089.5
46610.2
60961.3
59819.6
57484.7
50869.9
30585.6
43844.4
33654.4
46671.2
76650.8
40321.7
51761.1
33635
36277.2
41897.5
45066.9
54818.1
37279.6
28505.6
64297.9
68051.7
39965
65174.9
38441.6
35141.5
52319.4
31105.1
36632.8
65227.3
35033.3
44158.3
28248.2
44620.8
36035
49365.5
47562.2
28108.7
38193
39423.6
66951.4
35085.7
59168.1
29207.6
44020.3
42165.4
52683.1
71141
34090.7
64469.1
60169.9
54448.2
74422.3
49028.6
39230.6
43155.1
27690.4
57061.9
55141.8
41088.7
50245.3
28607.9
36322.2
52908.1
54860.5
57573.8
38829.6
51153.2
53268.5
58444.6
41574.3
54611.5
65035.9
71837.7
39830.5
35986.6
37729.2
49605.2
57909.4
58908.2
64776.8
35848.6
54962.6
43483.6
64927.8
26944.6
54589.5
43948.6
50014
30479
46391.9
32041.3
57151.6
59638.9
29506.9
33378.6
57816.6
72691.7
62263.6
41339.9
76176
54632.4
44445.5
34347.4
36640.7
44528.3
44109.7
46720.8
44406.1
21095
72182.2
33266.9
82742.6
58242.3
70143.9
56375.3
50207
35648.6
31889.4
38490.1
65433.4
78471.8
50730.2
52649.6
46430.2
83540.9
48712.1
73721.6
56283.8
62124.8
34156
31057.1
54665.3
42812.2
34322.6
34229.3
69471
44607.2
54002.5
48077
38738.1
52387.6
49933.2
37050.3
63980.7
49474.5
90024.8
71168.2
39053.1
57045.1
48491
50472
46103.4
67286.8
61959.4
44222.2
50510.3
57456.5
76701.1
44911.4
38716.3
41005.8
62706.3
47782.6
49311.8
63721
33153
81964.9
43787.1
45293.4
34681.8
32739.2
63920.3
59865.3
78659.6
44818.4
74838.2
65152.6
73314.6
58681.9
54543
53376.6
62724.3
33385.3
44859
30774.5
66070.1
51202.9
49822.2
54491
57669.7
44459.8
73396.6
58615
48484.5
49559.8
50453.8
60868.2
64242.5
56298.6
75959.8
38708.4
67650.5
49970.2
47729.2
57483.1
45414.2
41815.7
58968.2
40156.8
77303.8
83978.7
43163.4
40758.7
42001.5
35106.6
45774.7
40052.1
83571.7
44298.4
32525.4
36603.8
51016.3
39635.8
42887.2
35443.3
24538
66664.6
34694.6
44615
74833.3
62539
64836.5
55601.4
42776.2
52232.6
55624.6
51427.6
48837.8
56188
52920.5
53803.6
39853.8
27147.9
65333.2
24142.2
67800.9
62585.6
70629.5
42919.9
44079.3
69474.8
54233
57077.8
35170.9
69937.6
59525.7
40507.8
61976.1
40343.2
51582.9
44106.8
34312.7
48092.6
62082.1
55135.1
47122.6
41876.8
56228.6
32994
70188.7
40488.1
44744.4
53069.1
42050.5
41335.8
31465.9
54156
36898.6
66253.1
52637.4
31405.2
30481.5
32137.4
63002.6
52071.2
17425.1
56278.4
22285.4
34873.8
48716.4
64210
23991.8
29788.4
45808.1
28393.5
48066.1
38790.6
58343.4
29119.4
48120.2
41354.3
33487.4
52487.5
35727.5
43223.1
53793.4
28542.3
39179.4
51674.2
37481.4
28117.4
67160.7
35145
34676.4
36629.9
49098.2
34537.9
23854.2
46533.8
65432.2
37208.2
37704.2
31367.7
55645.2
52427.5
42944.3
45436.2
48010.6
46284
60301
48939.2
42429.8
67486.2
47811
35560.4
43237.6
57129
62158.2
69589.1
53122
50042.1
45674.8
42035.4
50322.8
45765.8
43659.1
67937.8
39863
61085.1
35663.2
37417.5
83509.3
50945.7
43379.4
77053.8
40551.4
37036.6
51891.6
69027
33248.1
38671.6
55604.1
44095.3
55527
51013.8
85684.6
56150.7
56452.2
48226.6
29299.1
57593
46476.6
64628.2
62814
84374
65852.6
40949.2
59914.2
55962.7
71890.6
54409.9
77944.2
39359.7
37531
63875.8
33292.5
83196.8
74598.5
55992.8
41275.1
34989.8
56114.1
54871
65343.9
56794.5
29404.6
35032.7
38865.2
46587.6
54056.2
60379.5
56566.6
70961.8
43283.2
62124.6
26640.8
45395.3
53719.9
59665.4
50916.4
55838.3
40397.1
41652.1
47355.6
71517.3
55139.3
51739.7
52431
38066.4
59698.1
57772.6
54519.3
34143.1
35943.5
99206.6
57941
62825.7
41319.4
44408.9
34825.9
49067.1
51514.3
31571
44518.2
87009.4
56173.4
62433.6
53869
45030.7
32506.9
51753.9
43794.3
50419.6
56288.3
41871.9
20382
54162.8
63360.8
70485.3
66291.5
39643.7
84663.6
39604.2
36923.4
100319
71159.1
76519.4
36109.6
69429
56706
58428.2
45191.8
62382.6
34221.9
57361.1
40968.5
42311.1
40833.5
60285.6
48308.4
32557.4
35174.7
83783.2
78150.7
42903
55113.4
61289
64678.2
46665.3
41916.8
47766.4
42865.3
60389.5
62919.8
53508.1
77127.7
69848.7
48257.6
45579.1
44057.8
48556.7
45712.6
75341.6
45789
57301.3
53870.3
28523.1
28643.7
56703.5
57159.6
55404.6
28004.6
38605.3
57034.5
39733.2
31250.7
34485.7
59748
32949.4
68882.7
35186.7
37701.3
31260.4
57488.2
48357.5
44005
56576
35157.4
38994.6
37891.1
54998
39992
48117.8
67325.2
46373.5
49076.8
40359
48097.9
45425.3
69573.4
30714.8
67789.3
49150.5
33640.1
72575.7
43035.6
73906.3
37940.1
66191.8
53187
33176.8
44555.7
41273.8
55904.6
61881.4
73492
48516.8
30944.3
35368.8
41740.2
54316
46754.7
48460.3
42828.7
49403.9
30467.2
35551.4
34816.4
43905
68264.7
57451.6
67521.1
47939.5
28181.1
30800.2
31432.1
40170
52057.8
39406.5
52217.1
53069.1
39872.9
29813.2
40937.8
50306.2
39632.6
30594.4
19023.2
35484.7
50884.4
36722.2
83859.5
25548.8
22504.8
58018.8
36291.6
55958
37537.4
52274.4
28191.4
29353.4
54350.4
37428
46858
53842.4
60193
32639.8
40361.4
41562.6
85762.6
58285.8
42982.8
56067.8
41040.2
54464.1
39070.3
46084.1
35048.3
62539.2
27355.1
42478.1
35287.8
57009
50728.7
26171
51625.6
41054.6
28080.2
33587.6
56965.1
24106.6
43910.3
38766.6
33880.6
57869.2
50045.1
41119.4
38934.9
41917.1
14310.4
31033.9
55608.6
39188.6
46785.6
36332.4
51915.9
42458.5
53748.6
40233
48463.4
39416.5
30239.8
41277.4
38318.1
73858.2
48348.9
53037.5
40779.3
37960.8
38576.3
42675
47272.5
42816.2
48714.2
30998
27070.3
30449.7
58537
27215
55669.5
14161.8
52912.6
36091.5
51982.4
30529.8
26936.6
36996.4
27016.9
62617.7
36793
26234.6
44668.5
35287.1
44044.7
46498.7
57325.4
82729.1
24278
50260.4
32110.6
34823.5
35342.4
62900.2
43995.4
36424.3
51588.3
43964.7
76563.1
47124.1
32041.6
46476.6
69615.2
32920.9
32636.8
45407.8
36329.8
67837
45133.7
43015.1
51160.1
21042.8
25950.8
37830.6
33300.7
38264.8
50152.7
60107.8
34136.5
60051
48220.3
41350.8
58237.6
63641.8
46940.2
31366.1
27043.2
43774.4
28963.4
28795.9
43473.9
47200.4
45224.4
33253.8
35334.2
42898.2
52265.4
57756.2
54362.7
40407.4
50088.3
45503.4
19547.7
46563.2
37474.5
52792.6
60234
85886.9
47620.6
55155.7
54469.9
54454.3
37071.1
58408.3
37557.3
44715.5
76597.6
38807.2
64889.8
39895.4
41570.6
48206.8
44696.6
44856.6
49298.2
41052
32863.2
39393.5
35585
40197
48191
30800.8
59229.6
37129.9
41428.5
47799
47154.4
28979.3
64436.2
28348.6
35469.2
30082
61448.3
48652.8
41660.2
54068
40468.9
45083.7
64221.5
48780.2
67806.3
60778.3
38390.6
33695.1
53513.4
54388.5
33027.4
56646.8
24708.6
63884.3
57209.6
55415.4
39397.4
57625.8
31078.6
52846.7
34931.4
40699.9
42723.3
26397.3
50676.5
46837.2
29223.2
43748.7
47453.1
41074.2
48095.2
47419
69173.5
41708.2
56925.9
43860.1
59700.7
34221.5
41387.4
67772.9
41140
43047.3
34638.2
69169.9
33494.9
49979
43577.6
49853.6
69284.9
28178.9
43694.6
30946.8
39523.5
50038.2
47550.2
39360.2
56600
27176.4
66743.6
47124.5
37237.9
43883.8
37317.4
21111.4
53316.5
28194.6
43936.9
39058.3
35865.1
50220.5
32257
42385.8
45690.7
52624.9
39685.8
60112.8
55540.6
51492.1
28187.9
53901.7
43703.2
34425.1
65493
49191.4
53299.2
58323.7
56233
40926.3
25788.3
43911.5
40146.2
48155.9
50624
69001.2
24100.2
41740
50119.9
51575.3
35784.6
43748.2
54132.6
46000.5
48464.1
70252.5
41965.7
39058.1
76090.6
32739.3
53652.2
38691
39119.8
46814.6
49271.1
69827.4
46573
71463.1
52002.6
49161.6
43101.8
74893.8
30560.4
36296.4
42063
43735.9
31713.8
51482.4
36285.4
40139.1
45742.3
34943.1
41860.2
42309.3
21421.7
80120.5
38489.6
40554
89691.7
46063.8
54310.6
38987
73892
29263.4
41239.4
43573.8
38092
45081.4
53998.5
39291.8
48645
59582.4
58850.6
37708.3
61870.2
44121.4
36397.5
52533.4
45513.9
42941.5
44087.7
38421.9
49159.9
49610.6
34641.3
49545
52265.7
59258.2
31978.2
38755.1
55640.5
45973.4
51202.7
58943.9
38867
44258.6
46446.6
45210
59213.7
47715.9
28627.4
35987.4
42868.1
45396.4
61464.6
37764
37978.2
38495
50042.6
50615.6
59642.1
36935.3
48043.8
24050.3
48783.9
45001.1
41068
45366.8
49926.1
40123.3
63716
43301.2
54681.4
52033.2
73121.8
52943.3
45522
39117
42440
42452.2
25082.2
26727.9
64392.6
55116.6
32742.7
58923.4
61859.8
80058.7
45414.6
33276.1
51061.4
47111.3
52197.7
50704.5
50577.9
93515
59372.8
48572.5
43004.8
59653.1
67592.3
65951.5
37741.8
40371.2
28467
85664.6
54339.5
30213.1
30244.2
71467.8
53921.4
33836.4
29696.8
47355
68666.8
25664.7
54713.8
55271.1
73825.8
74250.7
42330.3
35642.9
65067.8
52530.4
53453.5
48509.4
52892.4
44653
30517.8
53779.7
56510
65853.2
31778.7
68168.8
42884.2
63890.2
44661.8
46158.2
63568.6
64813.8
58532
50425.9
56290.4
60660.9
49846.1
34514.1
52566.7
23231.3
59516.9
62238
55732.2
52109.6
63352.2
53352.6
26817.6
46176.2
61181.8
33227.7
37562
34518.2
46630.7
75419.8
69279.5
44573.1
38581.5
39299.7
48958.7
70902.4
53434.3
53422.7
48821.3
79232.9
33517.4
63439.5
67846.2
61396.5
28567.5
43806.2
36716.4
65344.5
64687.3
57456.6
50455.8
66042.8
59424.1
70456.6
50486.7
45585
53285.4
41289.3
52611.4
51729.6
65355.1
40108.9
38008.8
40595.1
72553
42598.4
51930.3
34272.8
46734.2
46096.2
61639.4
45850.3
75335.5
69945.4
64303
55875.4
40837.2
48805
51219.3
41882.3
40775.9
90028.2
63951.8
52082.8
45660.7
52350.9
51198.3
54751.8
31187.4
44230
63366.6
54113.6
40001.9
45637.4
59070
41554.6
54346.5
41026.7
49338.6
43113.3
65250.1
55667.4
33547.1
68709.4
46967.8
66613.6
57767.8
37395
49028.2
15783.4
53158.7
75555.7
51821
65076.6
46665.4
63336.2
42615.4
20406.4
51045.9
40788.6
43732.2
69376.3
60954.4
34520
45554.1
58581.1
42551
70731.5
31728.2
43251.5
52816.3
56829.4
30024.5
58538.1
50571
64213.5
45916.1
76487.7
56966.8
38802.1
48896.3
41342.4
37334.2
32577.3
46944.2
31137.9
37109.4
73765.4
19833.8
48782.2
31468.4
37208.5
42466.8
48170.6
69490.3
42963
45687.4
69940.6
60342.7
48393.4
46081.5
66767.8
51901.5
53527.8
32160.9
66656.9
64743.1
56643
43018.1
49991.4
68726.6
107190
41209.9
43966.6
55335
82084.1
28908.7
33947.9
38060
57491
38379.5
49580.9
59732.6
55491
45809.7
51591.8
51648.6
63007.1
55608.6
42157.8
58553.1
50922.2
19188.6
72288.9
49567.6
43929
52756.6
43275.5
54908.6
60428.1
44960.8
61608.8
52898.5
44777
64577
43635.3
40498.7
55499.9
40384.2
43722.3
39931
50535
69000.6
45851.4
68364.5
36178.6
48578
68826.9
43698.4
49797.8
62262.4
49637.4
42383.5
40089.1
47721.1
66366.5
89833.7
45080.3
50182.2
68139.4
60241.7
68148.8
40120.9
34919.4
45905.3
57857
45665.4
47134.6
59087.9
62441.4
33480.2
50903.4
42857
40413.8
35085
40323.9
35931.8
60780.2
47516.1
29425
58176.4
28873.2
49361.5
55598
70775.4
78159.6
64461.4
30105.2
43383.6
46124.7
44038.9
69441.5
74939
47373.8
48470.6
48791
53090.6
57094.2
43661.4
49550.2
32533.3
60956.6
46801.8
61515.4
45587.9
58986.4
29334.3
59164.4
32114.9
59139.4
48377
41419.4
40248.3
41805.1
36201
56357
53100.6
55411.3
54081.3
35110.2
23469.1
28116.3
69407.8
44461.1
41209
71706.1
42857.4
41822.2
55748.5
39724.1
66909.6
71802.5
36732
55462.5
29379
94627.5
28149.5
39278
87494.3
54364.6
28209.8
47420.2
56296.9
56444.5
33360.1
55445.9
45181.2
24341.2
33477.7
87694.2
49004.7
39276.1
36535.2
69040.2
44892.7
51172.6
33069.3
30365.4
39428.6
46405.6
46006.4
40849
53996.6
48783.1
34919
53300.7
25891.5
43467.2
55669.4
82345
61099.2
43616.6
47333.1
55195.7
37597.6
53413.2
47574.7
58935.8
47489
40311.6
60726.2
55235.8
62775.9
40211.5
66865
60356.3
55458.2
60214.1
58159.5
33855.7
55171
49398.2
46052.2
53500.2
60874.3
71689.5
44081.4
45379.3
83240.7
45578.2
56335.5
67570.4
64263
31071
99990.9
37612.2
52684.2
47360.4
59533.8
40804.4
54327.4
62719.2
42966.6
26432.4
72961.6
49578
31662.1
69272.2
28065
32078.1
37306.6
58971.2
58943.1
56066.8
38367.9
69835.4
35130.8
40104
63640.4
53620.1
60635.2
58001.8
48592.1
60548.7
25876.8
45266.4
36309.4
49805.2
46987.8
49605.6
32033
45341.6
50992
33783.7
37503
65983
36155.5
39062.7
36480.1
56830.6
53725.4
24716.4
42855.3
60133.6
37204.3
32113.9
44080.1
44744.5
40814.6
46611.5
32563
27594.2
30363.6
22917.8
39055.1
34516.1
46307.2
60033.8
53862.8
47309.4
61702.9
44525.8
61085
50778.2
47469.4
46518.2
59510.7
51130.7
42079.3
44597.2
33512.5
28629.6
49826.1
57755.5
18234.6
41603.7
48136.4
34026.7
55956.5
37267.9
38919.4
47696.4
30010.7
64477.1
41622.2
32862.7
60854.3
52311.5
58171.4
67685.8
47571.5
65936.5
37297.3
42742
46872.6
41294.6
35255.7
81423
29013.4
49113.2
40752.5
44019.5
44159
81260.6
36070.8
48942.1
38081.4
29759.2
66644.8
31733.3
41996.7
62092.2
29231.5
45797.2
51480.6
32054.4
28182.8
29654.9
35552.6
66050.2
74848.2
36122.4
26738.6
27796.2
71101
50326.6
42280.6
48719.8
37079.8
42545.8
56736.6
59175
49485.9
33751
68916.1
35632.2
44332.1
44055.8
59634.5
38661.8
47570.9
37351.4
31983.3
55901.7
43807.2
41678.1
45294.4
80183.1
40974.5
45386.6
23063.6
38602.3
22887.5
55681
51806.6
26818.2
44564.1
70432
52450.9
51048.2
28252.3
63374.3
45642.8
45279.4
30079.8
50932
57463.5
33475.9
46159.5
55082.6
33857.5
49101.2
31776.5
26226.2
62966.2
46072.4
43705.8
28679
27092.9
52343.3
53939.6
64739.3
23846.2
24077.6
38151
48921
39011.8
44957.6
55996.6
29043.7
66493.4
75390.9
34360.7
89193.8
50718.3
79671.2
31736.9
59790.7
52732.6
33213.8
48005.8
55329.2
61796.7
45531.8
64669.1
56307.1
54665.6
61885.8
48167.2
36240.6
63023.2
52014.6
45419.4
43309.4
50653.3
66873.5
54814.2
61701.9
57710
71024.1
28914.4
35315.6
51555.1
42541.5
59915.1
65645.6
48345.5
53863.8
26249
35916.6
39867.4
49347
38375.5
35376.5
38556.6
47976.8
52525.4
61971.7
56231.3
54444.9
66047
54897.9
32067.7
48172.7
59293.4
34092.7
52079.8
63106.7
37479.4
42668.1
40722.5
44461.2
52631.8
69136.3
22959.4
40591
38139.7
75438.2
47640.1
53690.3
61707
50526.2
68242.6
90940.9
38420
51037.3
62118.4
16101.5
39709.3
39554.8
60158.2
48884.5
50871.4
61280.4
64281.4
28854.6
63613.8
69599.8
29022.3
69398.7
42234.1
43211.3
53020.9
49521
28842.3
56730.2
51967.6
46671.6
58342.8
79287.5
52846.7
65494.7
35697.1
39469
52890.7
73560.2
59907.4
59636.9
40619.9
60160.9
63710.2
36430.7
41754.8
37154.2
70845.4
58738.1
63367.7
53966.6
27907.7
46581.2
47946.2
52261.6
62721.4
32054.2
47764.8
80113
66069.5
51341.6
60656.5
57413
31529.5
34050.2
46734.2
37816.4
76403.5
59983.4
38742.7
36090.2
42789.4
41357
26114.2
65531.8
40503.4
59794.4
69035.4
54401.4
52344.2
47496.6
39380.9
37639.3
43720.1
31122.8
74166.3
59115
89028.5
70527.2
50503.7
40034.3
57397
55538.7
49804.6
58466.5
61650.8
49035.5
83487.7
34930.1
47566.2
49718.9
49427.4
31732.2
50133.1
27552.4
67369.8
44760
37067.6
57036.2
31482.4
34502.4
42676.2
85374
31634.4
67805.9
30649.4
35846.6
33131
30665.6
59245.6
47912.3
55853.7
37392.4
44033.7
70746.6
40290.3
61149.8
24508.7
27532.2
23939
43791.4
104586
54613.4
39097.3
34195.3
22435.3
39389.6
38062
63946
59905.3
31136.2
26311.1
41625.2
36870.6
45308.6
31017.4
38719.8
46719.3
33077.3
36286.3
42208
55736.3
29597.1
56711.2
37689.1
37622.5
78022.6
27447
36433.2
49734.5
73687.5
45775.1
43085
55979.8
56159
45745.5
87436.9
52398.2
39152.2
56848.9
69712.6
46469.8
56858.2
36314
26536.2
37579.1
43384.8
41022.5
45202.7
69808.5
50459
55670.4
70005.8
49311
37735.4
92745.8
34143.4
45454.6
43668.6
50023.6
51298.4
53224.2
45897
39442
43345.4
42209.5
52066.2
47658.6
66713.3
53622.1
42437.8
62276.2
48176.5
45707.7
75725.3
49263.4
51160
29719.5
55014.2
46257.9
37999.4
42548.2
45238.4
29224.6
85189.1
50375.9
48536.6
55637.4
71171.7
43136.1
35843.7
36406.8
67031.8
80501.4
68975
52553.7
50396.9
36681.7
100943
53482.9
47528.2
98684.8
64433.6
51636.4
52934.6
74565
35319.4
33569.9
64078.2
37284.5
51613.5
36133.8
74163.6
28847.7
66898.4
29874.4
39653.8
52766.2
41190
45684.9
54172.6
49321.7
43068.3
21000.5
76395.7
36136.7
57219.4
96381.6
42124.7
47594.6
28816
41101.9
63270.6
65089.1
32688.4
46922.2
38819.4
50042
55786.7
42758.1
42136.8
32749.4
32411.2
45373.9
52775.9
44711.3
49856.3
50297.4
69870.6
63437.5
44259.9
45795
41537.3
50433.2
24294.8
49116.8
49874
32627.6
30800.3
35406.1
40425
30168.4
65056.2
47173.1
52495
34904.3
30838.2
60153.5
53733.6
50957
44936
31603.6
44855.1
32127.3
42675.9
30916.4
75298.3
33223.7
40830.1
38645.2
47045.9
58327.5
43099.5
52517.5
75427.6
34651.8
56980.1
53135
45320.6
45165.4
45523
38894.6
33598.5
60099.8
46013.2
35228.4
65746.7
58765.3
44031.4
47684.8
26592.6
29647.3
53043.7
43300.3
60755
35758
38338.4
44676.2
42686.7
50565.9
31774.9
27736.2
37235.6
36768.7
32997.4
32338.3
61198.4
49806.2
59240.9
40471.3
49098.6
27313.4
41884.3
45002.4
40723.8
29802
52106.9
68499.6
54909
29997.2
24962.2
45590
39904.2
38494.6
33104.6
32697.5
39622.7
56737.8
56186.5
37523.4
34923.3
40716.3
27012.2
40627.2
51869.4
49789.9
49112.6
43490.9
44040.5
51044.8
43238
44165.3
46520.5
63500.1
41957.1
34281.2
32664.7
80237.8
50759.4
65743.1
36541.3
66815.4
44701
49438.2
44812.2
50121.6
24845.4
27678.1
72903.4
60645.6
41996.8
40455.8
40556.6
66805.4
42840.3
42552.7
46046
61522.1
43243
44034.4
49497.9
42082.5
37825.6
47441.5
42526.2
74358.2
37922.6
68614.7
67642
34950.1
53298.5
53732.9
54024.6
55567
35644.3
56475.1
63866.9
53890.6
36152.5
30192.2
61674.8
61826.5
38910.1
49634.6
48395.2
64305.3
32362.1
56157.4
18506.4
45593
52291.8
76501.8
63126.3
54481.6
31741.5
61116.6
52348
34001.3
42771.2
61211.3
33714.2
38909.9
27945
38517.4
56627
49405.8
42740.9
55889.7
36363.2
59173.8
51029.4
55687.6
36807.4
43821.7
59606.1
49152.2
75636.6
73328.8
41580.5
45942.6
65099.2
36388.8
32716.9
60463.5
42945.8
32818.5
49007.8
42544.7
23111
69908
40583.3
56594.9
59344.6
63513
44282
65336.3
69804.2
54586.8
36174.6
28530.2
60622.8
50233.5
39394.8
55811.4
72959.4
47025.8
37737.8
54288.2
59418.9
48002.2
53459.3
71674.1
22026.2
36794.2
29841.7
42644.3
30652.6
39502.9
56367.8
85269.9
31597.9
38896.4
58981.4
26103.5
42238.6
35405.7
42403
57076.3
31498.9
49057
38299.9
31786.1
63969.6
60016.4
60141.6
36248.2
37588.1
39372.6
36586.3
57174
38686.6
63479.2
41980.1
83745.8
38853.1
38124.6
30852.6
59770.8
43789.8
59081
58375
53493.7
33917.5
28897.6
48291.5
48597.9
79348.6
38864.1
42928.4
22753.3
34198.2
74014.2
49734.2
29391.9
39064.6
47862.6
36279
59626.8
42605.8
59698.5
41735.2
68939.8
55162
52365.4
54233.7
31999.5
65864.2
51616.5
47786.4
38587.4
50107.8
28696.3
48837.2
34925.5
47457
49348.1
29520.2
53782.1
39741.9
51783.1
67929.8
34614.2
57137.8
37289
49415
35593.8
56286.2
30085
32802.3
42450.6
36018.4
48953.7
42005.9
45749.6
41024.2
35298.7
42288.9
26085.7
33052.3
34518.8
62392.8
53152.5
57107.7
52714.2
41549.7
39513.9
27215.4
36917
65441.7
53296.3
19705.8
59522.2
58399.1
32159.2
41155.3
62947.5
40903.1
59690.1
39499.8
53124.3
45538.1
40085
26920.3
45968.6
37203
43018.6
57233.7
66248
61611.9
39285.2
39672.4
53955.4
48778.1
50177
40026.1
76157
59187.5
44870.1
63141.8
32253
63928.8
33870.2
45127.4
60427
31792.4
52941.5
35143.6
34753
55278.4
66063.8
40571.5
27803.7
51768.2
20696.6
24146.2
103836
45166.2
49080.4
46321.5
32146.9
27992.1
55922.6
55675
52450.9
33404.5
42920.6
52224
30135.7
43882.7
52286.6
35531
25961
68619
59525.9
34934
68760.3
43815
47555.9
45014.9
58178.7
56444.3
50188.6
31590.6
64051.8
57323
37473.8
44199.6
39809
66646
37232.5
49301.8
51117.2
49135.5
46379.1
68514.3
32063.1
59862.6
62169.1
55049.9
47199
42362.6
82330.9
60278.7
50691
36569.2
61593
43039.8
45130.6
52467.3
75905.1
56310.9
72104.2
73402.3
44055.1
80096.9
54001.2
69789.7
33808.9
50985.9
64700.2
39677.4
51640.4
60538.1
37105
64519.9
28986.6
47839.7
54340.8
51738.9
51749.2
68682.5
48242.3
62925.4
65662.5
58598.5
42776.3
68951.8
65583
35452.6
47264.1
57875.5
63446.3
64006.6
69747
45383.8
37681.8
46743.8
78783.9
54067
52729.7
56955.6
46616.9
29793.8
54004.6
67791
58209
65104.6
42536.6
62494.9
74302
44977.8
54398.6
59428.6
51269
53831
55577.6
38988.4
39973.1
47037.2
61203.3
32355
67893.8
68575.8
47906.6
63813.6
45868.5
34750.2
49197
45491
78955.8
33025.4
39017
39119.7
50036.2
84797.5
54869.4
41234.7
36387.4
45584.2
49422
54959.2
39186.3
45677
47414
46248.1
38316.6
38069
40925.8
45409.9
36814.5
37060.8
54756
37284.8
45393.6
48239.4
40232.3
42829.1
45679.4
41627
40100.5
36063.1
35816.5
35368.2
43203.6
57561.6
53678.6
46439.4
29414.1
42086.4
61729.8
32122.4
35501
25429.2
65058.3
36374.5
46180.1
58951.2
43955
66220
35510.3
63204.2
70336.2
49674.2
46339.1
57920.6
44735.1
58442
43256.8
47290.2
49838.6
40883.8
36248.2
33138.7
52652.4
38780.8
38738.1
48782.8
53340.6
50105.4
33987.1
69182.2
39715.2
37091.9
55960.6
66763.4
47038.4
63013.8
50957.7
41948.1
65915.3
26502.2
49611.4
46050.6
45192.9
43674.6
59254.6
47732.3
55157.2
49279
41505.9
40478.4
59549.9
63515.2
62440.6
50790.2
74912.6
37153.9
47226.2
31135.3
56069.4
37525.9
49211.1
67140.4
49609
39115.8
45331.3
30326.4
36384.8
55299.1
44203.8
59673.6
60293.5
33168.6
89430
80831.6
80778.3
45805.8
51808.2
57681.3
41277.6
63967.7
50212.6
46789.2
62911.8
43144.6
65218.9
61148.2
41634.7
52271.8
50544.3
71801
47513.5
72919.4
43412.6
56149.7
55137
68567
55129.1
65898.4
48976.4
45994.2
63419.4
46138.2
47705.6
44330.6
54382.4
50461
36923.3
63797.3
35471.4
86048.1
40667
60877.3
52428.6
68113.8
67052.6
44678.6
45577.4
30775.3
46949.4
33943.7
38986.3
51337.2
32191
57638.3
36375.3
30786.8
74444.3
54313.9
58131.4
66069
73862.9
39476.1
47352.7
37231.8
64480.8
31194.4
42409.8
42321.7
41704.3
35471.4
49375.5
52249.6
56468.8
56914.5
34071.1
39810
53753.1
34855
26775.4
33800.6
45223.6
40950.8
52258.2
46216.3
37746.2
35816.5
42670.6
47418.2
66713.8
41088.6
44310.8
62610.5
44192.5
31635
37494.1
27608.1
51460.4
100754
37318.1
52060.2
30595.3
37117.8
63256.4
41459.3
31682.9
31306.6
43868.6
31894.3
51708
46265.4
57614.2
44262.4
34473.9
57220.7
37215.4
40275.4
59634.2
29613.9
21353.3
36653.2
48487.4
37642
47092.8
45620.6
29532.1
47238.7
50282.2
36281.1
34098.5
35467.8
49013.3
21388.5
64579.2
37544.5
38837
33321
46228.1
41113.5
51799
46687.3
31778.4
43783
38333.1
70902.1
22058.1
29685.6
27545.9
66684.9
52063.9
44055.6
35389.2
25623.8
33262.7
52466.2
31509.1
50734
55177.2
47543.4
53605.4
40659.1
44456.2
62293.8
51811.5
45084
41003.6
40865.9
48692.8
54445
37276
44689.5
51273.5
48074
29761.1
45962.3
41590.2
48625.3
44796.2
55706.2
34260.5
24415.3
46803.4
20584.8
76802.6
51997.3
69898.6
36602.9
61988.4
42229.5
31606.6
38242.1
52149
18154.6
54773.4
27550.8
42411.7
45163.4
52506.9
41912.4
40925.2
46094.9
34271
55582.4
50441.9
55752.2
34299.4
37041.6
36912.5
47966.2
66822.9
89123.8
37721.8
50900.4
34004.9
39265
33562.6
58600.2
56656.5
37251.9
76061.3
51939.8
23814
77917.6
26039
34685.9
55723.6
50832.2
53709.4
47478.3
33423.8
51761.5
54415.4
40109
55786
37908.7
50331.9
37618.2
50104.7
32728.6
40290.3
48308.9
48052.4
37732.2
55034.4
56722.2
42695.6
44171.5
27947.8
57447.2
41288.9
59527.4
37981.4
51723.7
24434
28685.5
46688.4
47569
42208.9
30856.8
59408
47485.6
49577.6
37318.5
48699.2
33096
47618.9
57817.7
46879.7
50229.4
48967.4
41539.3
62444.2
57527.5
60573.7
41979.6
32028.9
41275
40016.9
37875.1
53267.3
39231.6
24033.8
66869.1
49646.5
40259.2
37649.5
52529.2
33741.7
23356.8
51511.4
40994.6
63017.4
60978.5
27548.2
38861.5
41277.4
63632.8
39491
38680.6
65731.1
59564.8
49340.1
58032.6
45959.4
38756.8
34009
47707.3
50100.9
54270.9
42770.6
55328.9
59779
36287
40223.4
40656.6
54853.6
56308.6
51110.5
49032.3
33981.4
45677.1
45963.9
35183.4
61882.5
61597.7
22218.9
53022.4
45113.6
45377.5
28726.6
30749.4
45849.4
58296.7
34556.5
55779.2
57300.7
40314.2
21718.2
23506.7
40705.6
55912.9
46963.3
47895.8
49779.8
52468.9
28256.7
38232.1
53645.8
47301.1
36655.4
47574.8
35117.9
51560.2
39618.9
54773.5
40093.5
29641.4
72287
45855.5
22800.1
39697.4
41490.3
38953
44419.4
30260.2
33763.9
77417.9
64999.2
33681.9
40201.5
47056.1
37738.8
40421.1
51756.1
37105.4
27256.6
62027.3
42389.8
25504.7
35389.7
38597
23441.7
53905.8
47762.8
45622.3
57133.7
36789.4
27298.2
49361.8
57127
42018.2
76534.8
31042.2
68677.4
50026.6
28647.4
45791
35127.8
63207.9
27461
49932.6
40565.4
42348.4
40003.8
71148.5
64582.3
40503.2
42842
38408.1
73625.4
67280.6
67997.8
30110.9
23472.9
51773.8
38602.4
48142.3
83566.3
47773.9
42398.8
50768.5
58041
54615.8
34678.9
67109.1
51702.6
49699.8
60289
42872
53166.8
35831.4
53491.8
82852.9
43694.7
65220.3
42864.2
52626.4
45559.8
45213.8
22599.6
22157.5
73123.4
78931.3
43702.7
44159.8
41261.4
51498.1
38227.3
42727.8
88510.2
51778.2
28137.7
34725.7
28740.9
42500.1
65508.8
71853.4
51018.4
45503.8
48036.5
42251
50625.5
26728.7
48692.9
61155.8
47215.5
60086.1
28939.8
29602.2
65402.4
37494.2
34945.6
38490.7
71028.4
35460.6
40326.4
38674.7
22576
61618.2
47340.2
47815.8
50122.7
36651.9
20521.7
74251
35588.5
48477.3
40584.6
38320.7
32712.6
57973.8
53484.8
38762.2
47879.8
87701.5
67061.3
38881.9
39352.6
64973.8
32353.5
63748.7
66259.9
38013
35454.8
51780.2
49442
46363.4
54221
44955.7
45865.5
33399.4
36693.9
50465.4
71797.2
48616.8
26731.3
40123.5
78578.6
52351.3
36358.6
55065.7
45604.2
29219.1
46321.8
82423.1
51169.9
55141.8
42334.2
33999.6
51719.4
31801.6
42458.1
51403.8
38059.5
75152
30348.5
42735.4
54611.2
54447.8
51174.6
40085.9
46830
43471.8
78825.3
48827.2
49206.7
72559.2
33206.6
49690.8
42667
71089.3
45916.8
37042.2
64103.2
35855.4
28123.1
45339.9
32409.8
61067.9
48982.6
63141.1
54512.6
68685.4
81855.4
30260.6
56286.7
28550.7
43775.7
35110.2
38702.4
72951.1
55760.1
50612.6
47986.4
60432.8
46157.6
56359.1
58804.4
52071.6
41199
41668.7
45098.4
63179.8
56333.6
38924
43598.6
36507
35614.1
48803.4
23620.8
39772.3
36495
39546.8
48059.6
32388.8
44570.9
60364.7
22026.1
30778.4
48122.2
51597.3
44915.9
51069.1
52137.6
50043
48644.7
72835.6
57627.6
40448.5
39522.8
53291.8
35606.7
38789.9
43984.5
44423.8
38277.1
40457.3
65417.5
45479.9
33362.4
91295
53856.2
52279.6
80253.3
54590.6
45374.8
43313.1
53361.9
57585.2
28822.6
33534.6
25022.6
48542.9
52231
33882.8
41586.2
44344.6
35910.6
30892.2
40306.6
67864.2
41214.2
67290.1
32785
24598.2
57149.4
42707.5
45678.1
40717.4
78438.8
40694.9
61271.6
48463.4
54672.3
49418
94993.3
51115.9
48328.1
76731.2
50171.1
40153.5
63721.7
65088.9
41740.2
45348.3
62156.1
58470.3
47779
63072.6
50018.5
49931.1
51877
59164.9
58540.5
50304.5
27936.5
54122.2
49696.6
30690.8
36530.1
56815.6
71236.2
39295.8
29770.7
50637.8
41006.6
47577.7
46782.3
57036.9
44311.5
52325.4
62755.1
50059.9
53469.1
49201.1
53189.5
60233.2
49659.7
65662.2
75245.9
35298.4
66372.6
38403.1
57851.8
36001.7
35299.6
66412.8
51233.1
41592.8
56851.4
47035.6
54446.6
82575.6
51744.6
51170.7
60564.1
39222.2
42493.3
59809.5
60839.6
67076.9
48393.2
35184.5
53119.6
43436.2
33118.8
46084.4
49070.9
41921.7
57033.1
57024.4
41279
52429.3
50143
54611.6
45183.2
37329
42827
46417.2
40813.5
80344.2
49436.7
37800.7
50484.9
32146.4
47478.4
24742
50889.4
23555.6
46630.4
52937.8
55914.6
58053
20692.1
47454.6
30541.6
42169.3
50963.7
46913.8
80157.6
44088.9
60614.7
57267.5
45522.4
65655
39259.1
62190.8
40259.4
55085.8
43054.1
52647.8
46680.7
44712.4
52717.7
39933
60749
71284.2
55533.2
47306.6
57502.9
46616.2
83709.5
61883
50673.4
54054.3
59986.4
34110.2
32265.7
53754.4
48997.4
58375.4
51219.4
57234.2
25250.3
36806.1
52041.5
37892.5
63763.2
50328.2
54205.6
32750.6
51792.8
58447
73709.3
48814.2
31067.6
54781.1
39986.5
35922.7
73482.2
42196.6
24554.2
30604.6
40470.3
45035.8
45703
43924.6
67855.6
38722.5
68036.2
51456
33449.4
32181.2
31952.7
51275.4
41479
91939.7
61722.9
61581
40429.6
57279.8
27425.8
30641.4
58590.5
52030.2
56893.4
49449.1
28710.1
29189.4
23369.1
61789.8
70141
46590.6
53217.3
60531.9
44660.8
53526.4
46102.3
53298.9
62612.4
55790.6
60235.1
49618.6
52042.7
89868.4
62968.9
51658.3
39710.8
32641
52331.8
51311.4
112892
42568.5
44111.6
33803.5
46937.1
64465.9
35933
85124.8
61332.8
41545.9
44321.9
24020.4
32281
58430.6
36092
63719.8
31037.4
55392.2
77822.2
43027.4
34237.4
54392.4
37469
37753
50273.2
39866.2
76908.2
45788.2
24908.8
82121.9
56953
47484.9
41766.5
34881
85315
36117.4
53509.7
55013.9
40661.8
69948.1
51139
47186.6
44822.1
71098.6
56507.5
65098.6
87725.2
63241.9
46713.5
26459.7
50974.8
47502
40537.4
52995
41293.9
41786
52035.6
33270.2
43729.8
50913.8
32728.1
53257.9
42801.6
52819.2
56343.4
36646.9
53614.8
28905.1
55972.8
38504.6
49032.4
39679.8
54419
46964.9
34963
45852.5
68240.9
49195.5
49908.6
55381.1
35251.3
71550.9
51701
53366.2
45706.2
65959.4
49145.8
70126.2
56835.8
51889.8
30856.5
74060.1
52070.4
38057
33548.7
57591.5
42633.7
65049
52856.8
61937.4
39856.7
43936.8
64959
47037.2
40946.4
56629
49211
38203.7
36578.8
68111.8
36861.8
54214.2
55060.8
61945.7
61333
46839.6
55043.7
60317.4
57149.4
73197.9
63775.7
40442.2
47521.9
52549.9
42988.6
56854.8
58437.8
54197.5
56920.7
81694.4
56648.5
70292.5
50821.5
47598.6
70669.5
59764.8
40962.6
35924.1
48422.3
45888.4
55923.2
70275.2
38156.8
71634.7
61776.9
41916.8
85959.5
52405.8
54027.6
52771.8
50010.4
64463.6
75957.3
62148.1
57779
36200.2
64049.4
31438
51908.8
55780.2
62370
42974.2
44805.9
49701.2
41581.5
46640.4
59026.4
39130.4
33153.1
24993.4
52074.8
28008.9
66758.8
45317.8
57987
49718.7
40035.2
19210.4
31833.4
65454.6
56820.2
60351.1
57106.4
32630.4
34383.2
78091.2
54144.1
64205.6
33204.6
51433.4
45489
40286.6
54487.2
64304.4
44302.7
72207.9
61342.1
63953.7
45433.5
51974.2
43353.5
45598
73185.4
43645.6
71667.8
58482.5
57282.6
41780.9
39797.4
62114.9
43597.4
43768
49345.4
92022.2
46349.6
52048.6
55198.1
34591.7
62170.9
50878.7
41442.4
45397.4
48922.2
60932.8
29030.6
38475
50093
64909.4
47435.9
45676.5
47608.5
41104.2
39500.1
47835.4
36460.9
49768.4
42287.7
39521.4
35712.3
56442.2
44858.9
33663.4
45478.5
35212.1
52050.6
31371.4
24365.5
40068.9
60352.7
59502
35078.4
59637
52240.2
53531.5
63391
43180.2
42362.1
36802.4
40971.7
25343.8
32205.4
64947.4
43352.8
32479.5
42347.2
37538.2
40387.4
34335
34356.7
44043.9
42498.7
44171.8
66488.7
47243.4
25852.3
82088
20867
50843.8
37734.9
48276.7
52867.4
68288.1
84147.2
54189
35830.8
45965.2
61967.5
58412.5
80678.1
52895.8
58500.6
42305.2
43369.9
59473.4
54315.5
54543.7
41271.4
40150
47247.5
71675.6
54510.4
42199.4
52607.4
51302
68878.1
62339.5
46096.7
43446.8
65594.2
50941
45482.4
36402.2
36845.6
40940.5
35301.8
31041.4
44916.3
49886.6
37929.8
45811.4
49275.1
36957.5
23001.4
35373.6
42622.5
37081.7
47472.6
47234.6
37522.2
65885
47973.1
38301.8
50170.3
32254.4
35989.8
34221.8
45624
49890
38086.8
38005.3
42612.6
36746.3
30066.7
44820.9
60264.6
37377.6
40573
42504.9
37437.1
38001.2
39438.2
43161.7
40409.5
38900.4
47723.1
39332.1
55318.3
17149.5
59315.7
36373.4
54732.1
48200.8
49568.4
45576.4
46997.1
48854.8
54389.8
31125
67984.2
44935.3
46535.9
45554.8
33975.2
34585.7
51117.7
67062.7
47701.4
31228.6
39703.8
16498.5
28729.9
49446.7
46416.6
49473.4
28893.5
31492.6
38828.7
40950.2
45248.6
51724.5
31700.5
44697.8
44947.4
70425.6
30177.4
45186.4
51610.7
61506.3
66059.1
34365
70432.9
35272.2
43473
67768.9
45260.2
66465.9
43892.8
56399
23476.4
49235.9
49127.4
45277.7
67259.5
51232.6
27838.7
33276.8
50761.3
56355.7
48478.2
29166.1
48366.3
43696.6
33909.8
47352.2
59531.4
36358.3
42088.3
36401.6
71688.4
19430.1
50785.6
71709.7
77205.4
70993.4
50146.7
54569.7
58038.8
51451
70176.1
80127.9
40237
53945.4
43847.3
62872.4
39790.1
43570.8
52347.3
45759.1
66780.8
27822.6
44597
42929.9
64367.4
41270.2
37174.7
38271.9
46384.2
64567.9
37958.9
33303.4
73860.1
46901.1
63619.4
49608.3
43471.8
57294.1
41479.4
44405.1
46938.4
73589.9
43977.8
45651.6
30116.8
64013.8
47454.7
55557.1
91917.5
55509.5
44003.6
48259.3
53162.8
66006.4
45007.9
75390.6
56187.3
64416.4
53721.4
36074.5
54455.5
55712.7
36310.8
46877.2
50670.3
57139.2
63065.2
46968
44595.1
53615.6
29676.6
79753
86667.4
63066.5
38306.9
41818.6
47619.7
45764
36395.8
58584.7
35820.5
57706
41698.9
76909.9
40128
43669.2
57195.4
30326.5
22038
58574
48733.5
40150.7
34662.7
23128.9
51336.6
53588.8
57686.1
49543
36631
45580.7
61526.6
72647.2
52555.1
26705
55487.2
58894.1
57125.3
71746.9
49096
47873
38830.9
48965.2
36186.8
36491.6
45601
59679.6
77199.1
54351.5
64598.3
64343.7
58436.2
50356.3
52512.7
49504.6
45135.8
56153
40646.6
52745
24907.2
53087.4
42608.7
47001.8
25882
52391.3
36523.5
48785.4
37073.3
70633.2
36782.8
60551.9
45214.6
53031.5
36417.7
53395.9
50064.6
61319.4
59707
25943
38346.1
49138.7
48187.4
26735.3
41085.9
30634.6
47075.7
24544.4
26905.9
73254.5
50782.9
28055.6
48648.1
54504.6
53208.5
34749.3
29591.8
24543.4
49799
66928.3
60136
47081.8
47793.6
36140.2
42273.8
53247.6
35771.4
56125.4
58443.8
35819.8
39536.5
47443.1
68295
65895.5
46363
49963.5
38087
47122.6
67308.2
37901.4
34515.7
53966.3
51586.6
51696.3
55000.5
40687.8
42907.9
40195.7
94174.6
57629.5
49817.9
32925.4
82348.6
41457.7
29438.3
71992.3
51950.7
42054.3
32583.4
65056
66743.3
40723.7
62127.1
56872.8
44708.5
63905.1
52283.8
55335.3
53631.8
58286.9
32090.6
43845.8
54634.5
49277.7
38004
65511.2
47618.4
38699.9
57172.2
37396.7
54206.2
61551.8
54001.8
57239.8
58600.2
50311.4
45844.4
37198.6
45588.9
54995.8
50377.8
54501.8
34162.6
39310.2
44263.6
70131
29976.3
57182.2
53238.5
42094.3
58518.5
43701.6
50484.6
47449.2
79796
55492.2
39698.1
52923.3
29153.7
41291.8
71370
53977.5
53308
31194.1
43424.3
61593.8
50667.1
62872.1
74607
42627.4
32214.2
62593
33949.4
36099.4
54418.6
78469.8
48033.4
67372.5
62509.5
54341.7
76827.6
41254.1
48341
54466.8
36992.7
72033.3
40624.4
79986.8
62349.4
48428.2
34555.1
40807.4
30347.4
58944
39955.8
38398.2
45178.7
63741.7
42297
75622.2
30799.8
69462.9
52011.9
33946.5
27122.7
51328.9
57886.2
56365.5
75524.7
33518.3
30479.2
44787.6
27784.9
45686.2
48039.8
62148.6
63165.8
36914.1
45794.5
38659.8
60589.3
44769.9
47149
60001
43989.4
34327.2
87531.8
50720.3
37211.4
47355.8
46011.4
50191.8
65684.1
46826.7
28087.8
76228.6
51233.4
51805.3
84393.6
40902.1
81392.1
26522.6
65320.1
50170
50565.3
42688.5
49062.6
47162.9
50942.6
56579.4
41524.9
65167
73917.8
50805.9
47903.6
58431.5
51130.6
44071.8
38577.9
30661.8
36153.7
60152.2
60291.3
44913.7
51613.8
81985.1
68039.8
45568.7
28152.2
30964.8
57854.7
57977.4
74566.5
53150.9
26795.8
60447.1
41500.4
39115.1
49819.6
39631
49146.7
59977.1
47287.1
32400.8
53568.7
56252.5
54893.4
68620.5
45903.1
62639.5
38976.8
66245.9
53197.2
75482
31267.1
64608.9
71266.6
45156.2
38683.2
68728.9
47354.6
47437.4
66520.4
80261.4
33185.4
57626.2
36306.5
69475.1
44330.3
45048.3
32509.9
64209.8
41506.1
47732.2
54477.9
37766
66294.2
41623.6
34490.5
66614.1
59522
61975.2
42169.4
32706.7
29118.7
63564.2
65548.4
31747.2
56781.2
42197.4
40191.4
48598.4
39611.1
48021.8
27807.9
41725
53082.4
40494.4
58214.9
45760.7
43014.6
33457.9
31614.6
41665
39603.7
48903.8
67100.6
46193
45038.6
34161.6
36804.4
38506.6
57137.6
58894.1
47479.4
47695.7
59538.6
54055.4
45444.6
41696.8
35482.6
32144.6
42102.8
47057.7
24439.3
43984.2
35614.5
32198.1
36700.2
59506.1
56461.9
51521.7
48461
58822.4
49516.5
54831.2
46505.3
41149.8
43701
48983
28445.7
46694.4
24918.6
53147.3
41077.2
33056.7
40378.2
60252.1
34121.7
25912.3
15478.3
58949.6
48566
42378.1
55937
57743.8
43618.7
46202.8
32664.9
45300.6
81035.4
23995.4
71151.9
52723.4
47244.9
56293.4
44968.9
44561.4
53287.4
45157.6
47444.1
43576.4
38234
58268.1
61476.7
43218
44673.4
56218.2
42535.4
48330.9
49776.8
32857.6
45582.2
62550.3
36533.6
32775.9
54830.2
38203.7
51277.8
45792.3
40129.2
34257.5
40965.6
63742.8
46531.3
31318.6
18721.2
48970.7
72796.7
38829.2
72860.3
36873.5
36011.4
55842.1
61046.5
35968.5
64563.7
35903.2
33300.8
73838.4
31694.3
49366.4
40591.8
65071.1
33434
22943.9
52281.4
53889.2
42198.2
43223.3
36519.5
36539.4
55071.9
75780
39243.2
33230.7
41473
40405.8
32686.6
51074.4
40335
51290.6
37081.2
58461.2
28544.5
41218.8
47207.1
44102.9
58050.7
39504
49658.2
54978.8
50375.8
42799.2
72176
28287.9
37271.7
33895.3
50096.8
31160
37469.5
56911.7
42565
64075
46382.2
44796.6
23686.8
43478.5
55462.2
45685.9
57229.7
46277.6
40730.9
55832.2
49051.9
34400.8
55406.2
50415.8
20521.7
35023.4
54787.4
23701.4
44718.6
41726.6
39429.2
37821.4
58028.3
42808.2
70385.4
48536.9
52546.9
40867.6
58525
37811.3
46665.8
34531.6
64521
69360.1
33322.1
50587.1
74649.2
65155.8
46432.6
46119.3
51161.8
53021.9
62302.2
43901.9
30551.4
48693.1
48123.4
44527.9
50704.2
43337.6
49707.6
32286.9
47890.4
56332.2
30507.1
43206.9
50476
109869
27638.4
36439.2
35875.1
41232.9
61776.1
34599.2
73712.2
71168.3
37315.6
29485.4
56370.2
71466.6
41223.4
47906
50043.7
33474.5
36907.3
39241.5
35627.5
46585.5
63999
42668.9
71539.6
56113.4
42059.7
101550
50902.6
44233.4
47993.6
50916.7
51902.6
50217.6
55482.6
45629.6
35557.6
91853.3
45452.7
51658.9
56762.1
72041.7
60282.1
46332.6
65806.9
53648.2
59735.3
56175
73393.5
82693.1
28176.2
56172.2
56233.4
43764
40675.3
75007
52189
49885.3
51247.5
30570.7
30877.4
55108.6
34907.4
71483.8
32971
29636.6
49042.9
44008.8
46906.6
59521.1
41974.7
58162.9
54015.7
41729.7
67853.4
75293.8
40264.6
59508.4
80697.7
44385.4
59667.5
65230.2
41263.4
72761.8
58465.4
52417.8
72577
37373.1
54273
42478.2
40696.4
56568.6
51682.8
43478.3
45750.8
80238.2
49444.4
63348.1
38615
37763.4
38841.8
44573.8
44627.3
35649.3
42329.9
50662.5
47300.9
66627.6
34098.6
61050
57035.4
47309.3
65647
50200.2
41554.7
53299.4
40540.2
58336.4
55967.1
70918.2
38186.6
58140.6
52566.7
61933.4
54998.3
63538.5
40865.2
52884
49432
45815.9
48203.6
70314.2
53583.5
51817.8
47632.7
60931.9
35951.8
59030
55032.7
48111
24266
70893.5
34967.8
27362.2
42398.7
62713.6
35083
40700
49477.6
28230.2
57526.4
38195.6
44001
87270.8
25319.2
47469.9
64286.4
41944.7
31463.3
59388
72839.4
35880.3
36321.4
54049.9
45109.9
31689.7
51696.3
54223
43948.6
61883.5
30455
40120.3
18273.9
57061.4
43541.8
61403.1
39922.4
42959.9
43312.3
45775.4
57803.4
53376.4
55249.9
58182.8
46952.7
81364.2
52642.6
64225.4
35624.9
48653.4
45316.5
64472
73318.7
66273
62879.4
52697.4
43915.4
35625.7
55004.6
53826.2
61980.6
67209.8
67242.7
49505.6
32051.1
46598.8
74131.8
66634.3
59385
47514.2
46214.8
40065.8
61310.7
58007.8
72712.2
47153.3
52492.4
65577
29892.5
36342.7
64213.6
52528.9
58721.8
63568.8
35932.1
45091.9
55813.9
53062.1
57487.1
51693.6
50289.4
79878.3
36432
57950.1
40654.6
42890.6
43720.6
59892
46839.4
61070.6
41995.2
50656.3
48719.9
42986.6
84128.2
64255.8
45521
82263.2
59517.6
47151.8
51396.3
63186.8
46203.4
75596.4
57749.4
45695.2
50809.6
53048.6
58573.3
73310.1
66886.6
42442
38973.3
33182.5
48783.9
50780.2
69343
52225.5
46613.7
43373.9
52065.8
38361
25131.8
31582.6
61748.4
70338.6
66841.9
59757.9
49469.4
43505.9
64660.4
57695.8
104786
52584.6
31373.4
56124.1
40236.4
62655
78096.7
48540.2
39881.8
58626.3
46402.3
68484.6
48521
70997.7
65888.6
80417.8
58138.4
51810.6
63347.3
53894.2
49403.9
53741.9
50494.3
47257
40841.4
58332.3
54023.8
52770.5
42388.7
54113.4
66204.3
47831.3
62368.9
80992.8
78512.1
61592.1
47810.2
57009.9
56927.3
50830.9
57522.8
63196.7
49513.8
52361.8
43979.4
67779.4
35708.8
44710.1
48373
87901.1
71224.2
45010.5
46876.3
39588.5
64642
45938.6
57879.9
67387.1
31450.6
58462.6
60712.9
72766.2
46400.1
52897.9
38604.6
67376.2
63190.1
51241
76114.4
51295.8
65646.6
54308.1
30647.4
56684.3
48367.5
35151.1
56957.4
43086.7
52351.4
34678.3
72391.7
60161.3
65924.4
40697.3
53839.1
56389.8
51846.7
55604.7
74304.8
46125.3
35160.8
63298
54379.4
46648.5
75053.3
38936.9
59556.4
59777.8
58799.8
62678.7
33706.3
63320.8
67353.4
56743.8
61010.5
50117.5
31059.2
61518.4
65439.4
54448.7
22925.3
81847
40581.5
50361.4
65868.7
47766.3
63782.9
45067.8
39736.3
36092.6
63160.4
36747.4
61455.7
46563
34774.4
51571.4
64867.4
49230.5
39466.2
52609.8
55820.4
50334.8
46082.4
45688.2
44394.5
47775.2
35249.2
44556.5
48275.5
52512.3
45276.2
46669
58775.9
35395.6
60802.2
40416.6
77476.5
38895.9
42949
36211.1
50069.4
60146.1
51164.9
65036.9
39453.6
54594.7
46129.8
71021.4
68357
72431
51919.4
44186.8
42405.8
61880.1
59206
57659.6
45891.1
62520.9
45365
40791.9
75307.7
67101.3
65690.9
56444.2
47306.2
71594.5
68872.6
52001
55463.4
68578.7
56816.2
56789.3
96333.2
77178
42079.8
55189.9
57357.8
26540.6
63967.5
55087.4
57685.4
67342.3
61864.3
26756.9
40433.2
62580.6
66900.4
52992.1
52139.1
63952.7
34398
56845.9
68430.5
52440.9
52235.5
46638.5
60968.5
60228.4
64874.7
46679.4
62363.3
52615.1
47066.3
30652.5
62243.2
68686.6
29936.9
56406
47729.5
54977.5
69520.9
44332.7
41255.2
55933.8
52190
70748.2
50676.4
86814.6
63418.2
48535.6
61383.8
58943.4
48851.3
72086.9
65992.2
82658.5
56197.1
56898
78541.9
69637
44426
37602.9
57357.5
71906.2
58073.8
54538.6
49228.6
24067.5
70629
46720.7
40832.4
71460
36181.4
38638.2
30586.5
49314.7
100856
42920.4
64962.3
36716.3
42622.5
77210
39300.6
59511.4
50609.8
58731.5
65467
46671.7
50758.9
89697.8
76464.2
70792.6
27666.2
49708
52986.8
76219.1
44459.3
56409.6
35523
49824.9
48606.6
49321.6
59557.6
50273.9
64028.9
48344
77501.2
45948.7
56797.8
71230.4
61019.1
64101.6
49652.8
37330.5
57409.4
49353.2
59290.5
37073.5
47016.8
44811.7
50788.2
98990.5
66123.8
41399.6
81464.1
32869.8
46410.3
39089
61839.6
40740.9
48954.4
36436
52580.8
43833.5
63746.9
110207
76189.6
49625.2
55790.2
66870.1
44770.7
65018.6
74943.8
53434.8
53134.3
54506.8
41667.4
36405.2
53537.4
38811.7
67912.7
43088.1
43260.4
47517.1
67707.1
39774.7
64962.1
52747.6
68311.2
39014.1
50590
45318.5
53359.8
45964.1
53000.2
36810.9
51183.4
66617
57808.8
26619.6
60025.9
59073.4
75368.4
49707.4
58335.9
40694.6
39252.2
56188.6
57807.2
52137.4
41576.2
68065.4
42354.3
47713.4
40776.1
37039
46557.8
59771
43874.3
43530.6
42993.5
50139.4
50900.2
33033.7
43052.4
53263.4
47408.5
45520.2
61895.6
44920.6
58025.8
69823.8
70732.7
41613.2
28806
59254.7
61282.2
34115.2
42589.1
83583.4
57981.6
57810.6
28576.6
55466.2
52921
32565.6
42466.1
65795
43487.4
56861.4
44096.6
39878.6
49415.7
58828.2
71029.8
34264.9
29769.1
52674.7
43725.7
41533.9
40815.8
41086.4
50246.9
55448.6
42681.2
49919
48331
41169.5
36675.2
35531.6
56908.3
59635.5
45138
46275
60863.8
43884.6
52242.5
63413.8
41145.5
49929.8
40816.6
49505.4
37460.2
51611.4
45035
26216
20584.4
54055.2
37341.8
61802.6
46621
39630.3
40424.1
52937.5
37985
54364.2
28352.2
40391.1
53471.2
24743
38507
57015.3
51061
44517.1
36768.7
37328.6
61372
56781.8
64443.7
22205.8
51700.8
57801.7
23553.7
41575
52338.7
37719
39007.2
37958.1
44609.3
45265.9
31575.4
56678.3
59912.6
55875.4
39061.4
40143
40608.4
38799.8
60046.1
42413.4
32583.3
31474.2
35153.1
45757.4
48802.7
54113.4
41263.6
49356.2
40231.8
25906.6
50263
52467.4
36244.6
64821.9
52524.2
62574.9
45547.9
42727.8
48272.7
50475.3
49213.9
65050.2
46699.5
40683.2
34355.5
33276
47426.3
46934.4
44803
76272.3
45795
23510.5
48116.8
49621.5
52208.5
40609.4
39379.4
37604.3
50694.6
25643.1
57169.6
35932.8
57306.3
68737.3
67816.4
41759.2
59243.9
56524.9
60648.2
52675
42914.6
56634.3
54658.5
59238.5
45713.4
41565.2
51080.4
34533.7
50315.5
48063
81747.4
54041.8
55430.9
33613
37724.3
38600.7
39747.4
26528.2
36422.2
54820.6
48206.8
42011.5
46123.9
60619.2
28063.2
46198.8
56446.2
44189.3
56636.7
49595
43475
86188.2
41117.5
53992.6
44287.3
41385.8
39186.6
35949
41299.3
44798.9
36888.2
36764.3
58437.3
56157.2
67115.1
62479.8
34522.5
68973.1
50522.8
61667.7
46352.1
58282.2
33707.7
56604.1
41556.9
35688.6
56530.2
67290.9
43000.7
29738
35939.5
42191.1
56842.1
76201.3
63013
54349
54203.4
49091.7
24259
41195
70394.9
49663.7
65047.2
54367
57325.4
49910.4
61193.8
81161.6
51719.3
49383.5
55490.1
40546.2
47293.8
36214.6
69358.2
48025.1
51525.8
52662.2
61993.5
40365.7
41174.4
65529.6
47221.9
50168.5
65889.3
43900.7
30859
78521.4
48126.2
58866.8
52926.4
60414.6
43048.2
47483.4
58496.6
41245.4
65598
41829.3
51137.3
51651.1
72167.1
32537.8
84919.4
27536.6
55452.2
42776.9
40546.1
47100.8
65607.1
90892.6
46613.2
70503.7
70881.4
40377
55245.4
56328
57110.6
57557
53642.6
70219.4
57836.3
48416.6
57347.2
62321.4
38702.9
54536.2
66787.9
36606.5
56097
43974.4
48520.9
47381.5
29801.8
61809.8
66201.2
53332.9
47502.6
36213.4
31578.2
33364.4
48394.4
43817.8
27554.2
37945.5
33924.9
38468.6
66284
35264
29749.9
52858.2
61725.4
52694.7
34555.4
32288
43959.2
46739.7
55286.5
50976.2
73263.6
39089.2
40013.1
43764.2
53322
66146.6
57306.2
45600
28119.6
41614.8
58528.2
50707.8
38709
60462.1
41766.4
29292.4
45417.3
63360.8
69309.1
50605.7
49078.4
32056.8
56599.7
53339.8
58782.3
49175
46595.4
43324.3
28078.6
62376
52956.1
71034.3
49348.3
47778.2
47839.2
42094
28438.1
41061.8
59384.9
70475.4
62317.4
50803.8
51376.8
37931.1
47169.8
34371.9
55277.2
78110
63926.1
41750.6
40887
43074.1
35497.8
46135.6
69434.9
73961.2
40155
59141.7
40143.8
91752.6
52109.4
47421.4
43677.3
54097.8
51129.4
62654.7
36408.2
48257.5
48781.1
39394.4
29586.6
66541.8
77767.4
31104.2
45627.4
72443.6
51146.9
49494.9
58665.8
58499.4
39630.3
59191.1
55804.6
77780
75885.4
49154.7
51765.2
49533.9
33033.6
43468.1
45540
51378.6
44657.8
44138.2
41985.8
95740.5
54988.6
64336.4
53184.7
65882.7
50543.4
70965.4
53468.6
89232.2
42204
40694.3
48084.1
80298.1
87574.4
59098.1
50734.2
32108.7
45622
50366.5
52661.9
65251.3
47114.1
35244.9
40951
35114.8
55691.5
46273.7
73569.1
49077.8
27887.8
67652
43149.6
43403.5
60336.2
59732.5
64129
72665.4
47469.6
65286.2
38173.4
33003.8
38781
52267.9
74740.6
39702.9
71928.2
55195
17704.2
35422.7
64442.9
52853
53457.9
51425.8
46609.8
30977.2
57227.4
42820.5
58609.8
28295.3
28927.1
31366.5
59536.4
65847
96864
43892.6
46779.8
48819.9
31841.3
35028.3
53616.8
41479.9
57848.2
45758
52269.8
66643
56285.4
41916.2
30279
53087.4
51187.8
28776.6
55891.6
56237.5
37011.4
48761.7
36886.4
32839.4
29017.4
89544.4
63375.1
47208.9
20986.5
39095.4
57275.2
29961.4
39341.3
27577
67248.2
87505.3
31807.6
68392.6
49392.7
41637.1
38651
61017
48729.4
43992.3
41203.2
54707.8
33604.7
67701.2
46175.7
44225
31618.6
49164.9
62690.5
63171.3
40717.3
55524.2
39811.5
31431.6
33806.2
43751.3
35779.4
97208.6
39871.9
55219.8
35334.4
35037
54819.4
57194.1
66279.4
71689.4
41321.9
43082.2
52321.2
65870.6
34134.3
49726.4
52202.7
31995.6
58687.3
33536.2
43495.3
35082.7
46910
54683.6
52899.8
49690
18656.2
50336.3
64470
31918.7
60589.4
42347.8
57467.8
45831.8
44966.7
46600.6
52635.5
34271
45425.2
57658.6
33781.9
39165.4
50547.4
35753.4
52498.4
31128.4
42991.4
65340.2
38485.8
29517.2
62035.5
44658.3
40045
32188.6
56910.5
33966
52297
45647.4
39960.8
47909.4
39827.7
38211.4
28089.5
59914.9
54283.8
44829.1
74099.7
58841.9
48310.2
39862.6
52099.6
50276.7
63282.1
65227.1
46673.4
26242.3
22768.7
43254.3
31578.1
35532.9
44224.6
59238.9
26821.3
37246.1
36879.2
52675.7
43292.2
42067.8
50312
55287.9
35195
52774.4
44303.8
28918.3
51505.8
69882.1
49313
64154.2
35191.9
55583.4
30476.6
35644.6
56551.3
37479.8
45150
48845.5
39776
30361.1
36551.4
31458.2
41103.4
51508.9
34864.7
34888.9
74247.7
39896.6
55809.9
29496.4
51492.8
32050.8
44219.7
46524
44444.2
46966.2
49308.1
39053.7
45806.3
31800.4
47456.6
63659.8
47400.4
64391.1
39046.6
64184.3
40782.4
48243.4
62254.2
71377.5
37911.6
80065.6
44736.2
93027.6
46807.5
59157.8
70366.4
42374.2
70892.4
50781.1
62454.2
82872.7
44785.9
45970.5
58176.9
61483.4
39310.6
60626.3
48291.8
65413.5
31591.2
44428.1
60265
52014.1
69430.8
42822.9
60474.2
43768.6
40177.5
47748.5
54754.7
57079.4
35646.5
39739.9
47297.6
51141.5
35458.6
47738.1
53890.8
42994.1
50427
33907.8
41523.8
40647.7
33700.5
50610.2
50870.2
41608.9
39633.3
52977.4
24611.8
28060
37441.4
64267.7
22224.6
36109.6
28451.6
50652.3
36519.5
45221.9
34453.8
62347.7
30885.4
77485.1
71840.2
68730.6
37519.4
33004.5
58942.3
50938.2
39598.7
60357.7
37588.4
48593.4
30875.3
39054.2
61001.4
51961.8
44940.8
34115.5
47056.9
46621
61430.6
45047.8
32753.9
36145.5
54366.2
46309
59677.2
34454.1
57511.4
50132.2
41325.8
29302.2
65512.2
36368.7
61392.9
34176.8
53617.6
63333.8
51642.7
38106.6
45308.5
66940
39629.1
68998.5
70679.3
48719
52457.9
48744.2
37815
54865.2
57555.7
54281.6
51177.1
40720.9
48810.7
42337
66284.1
35341
38925.4
67572.5
41608.2
42413
52294.8
63255
48023
53150.3
78416.4
68008.9
42520.9
67644.2
49670
52959.7
70507.1
52081.4
55071.8
46291.4
42689.4
96805.7
50209.6
59312.1
39515.6
54073
47988.9
66357.8
42096.9
50252.2
58956.3
78341
71674.8
39837
67614.4
78297.4
59063.4
49047.9
59294.8
66191.8
42312
78871.8
46543.4
40057.8
51311.4
48028.1
76798.1
69165.5
45840.4
59673
50500.2
45199
50711.4
62457.3
108718
56577.5
58171.4
54418.9
61359
42547.4
52886.6
43916
60351.9
52803
55117
40319.1
96015.6
63821.6
51037.1
49318
61619.6
47366.8
64392.1
74836.1
67434.2
66833.8
40851.4
33088.1
40275.4
51625.4
48289.6
69280.2
65667.9
37128.4
44267.6
60152.4
61753.3
45669.8
33597.4
84086.6
55068.4
52263.8
36009.9
38565
53581.2
65776.5
60411.4
51317.4
47274
59243.1
61180.8
48641.5
76419.3
61981.5
75600.6
53676.2
52723.7
67259.5
52873.3
81095.9
48169.5
56371
49045.3
66624.2
61934.1
68660.4
49924.3
51222.9
60171.2
47538.6
57599.7
48271.3
102168
75215.6
38883.6
43451.7
43375.5
56341.6
77281.9
58013.6
52349
40314.3
67507.8
56861.2
36820.8
62897.8
53196.8
40836.2
58032.5
49703.9
58181.8
43906.2
53815.2
50396.5
47824.5
44947.4
52348.7
85537.8
49952
27645.9
86273.8
48526.8
36123.4
70089.2
40191.7
53441.8
42508.6
42299.3
31002.4
53747.6
46144.1
35827.5
73140.9
52513.9
68995.8
55150.6
40727.6
60730.8
62122.6
47615.2
40996.6
49100.8
36619.2
39132.7
47231.8
54486.3
50803.6
64629
29576.5
39480.2
26654.2
63266.9
58101.4
85106.6
51250.2
63985.8
22882.8
62497.8
43474.2
61151.9
63008.2
56647.4
78481.1
63461.9
48321
38243
51179.5
74862.2
61147.9
44939.5
48287.5
69647.2
51901
39686.6
54957.2
69150.2
46763.8
48276.1
68547.1
69439.2
56401.4
58942
49199
31588.6
38404.6
100377
48738.1
83324.2
57023
31874.4
68250.8
41831.3
77369.8
42290.8
69007.8
38740.4
46437.8
59086.9
62719.5
28710
58535.4
59559.6
40469.7
49508
47554.5
61623.5
56292.8
50540.4
39085.6
37317.4
60789.7
65968.7
50897.8
37386.7
82171.8
41142.5
29300.9
69938.9
43762.2
58123
81356.7
41454.6
42387.2
44449.1
66597.9
40510.6
47194.8
37538.5
62619
47046.6
71074.5
81095.1
42830.6
39452.3
50755.1
40544.3
39429.9
46267.1
46086.5
77218.6
38536.7
56902.9
53174.4
32702.7
42573
39688.2
57053.8
73639.4
43268.6
43508.2
40249
54552.1
55234.9
45799.4
50552.5
74533.7
49269.2
50021.2
55633.4
56208.7
60004.7
62442.2
43215.5
29302.9
56381.2
56635.7
43207.6
69794
42362.8
47163.2
63604.3
39179.6
41286
55023
77225.9
62264.6
43395.4
73784
41371.4
45949.3
32108.7
68639.6
53604.6
69320.6
52506
53620.5
47663.6
39722
49797.5
35343
71474.2
75272.5
42283.4
47253.6
90020
35774.8
60764.4
54445.7
27495.3
24616.7
37805.4
41314.6
45418.7
42707.4
52521.8
36398.2
41334
44350
75988.2
59950.8
49451.6
73679.7
44171.3
61190.6
47699.9
47998.6
43814
60173
47471
41890
53281
50240.4
42101.3
44560.5
33437.2
84185.4
60051.8
62067.1
65153.8
35456.4
64395.5
74323.6
39018.1
80190.2
42663.1
44001.7
46409.7
58907
77609.8
36989.4
78682.1
56681.8
56386.3
28429
70753.1
38184.6
33854.9
49646.7
68581.9
37869.1
32305.1
34702.9
67159.6
53793.6
85650.9
53616.4
51916.4
51691.5
35871.4
35647.3
39202.4
49587.1
54240.6
42118.6
28604.9
48714.8
38129.8
51704.6
54557.4
41061
38114.6
66085.6
63919.8
46522.2
61695.8
37188.2
46302.6
39661.1
63180.8
47529
39163.8
39216.6
50455.1
45616.5
49041.5
43022.7
42572.6
45360.4
37618.9
66626.2
63654.2
51450.1
51499.4
80248.7
37781.4
68656.2
50759.8
52070.2
78911
49222.1
33642.4
78990.3
32947
55924.6
41680.5
52178.2
36727.7
54220.9
44297.8
40093.4
64289.7
42656.6
58925.3
31048.6
59846.2
64459.8
72044.8
42861.1
55794.7
57201.4
49788.8
52847.8
75937.9
42037.4
42489.8
40599.5
44853.6
75598.1
53117.8
47450.6
43572.5
57201.3
49296.2
40925.8
51278.7
35234
40523.4
51315.5
55863
55644.2
32165.9
70850.5
59864.2
61540.4
41105.2
43583.9
39529.7
60264.1
97569.8
70953
46836.1
46654.6
42397.8
62290.6
43349.8
62064.4
64800
64349.2
31849.8
54004.1
47686.6
53952.3
47054.3
68328.6
49086.8
56157.5
38405.8
60923.1
62859.4
49458.9
31207
47807.1
43463.3
45955.4
36218.7
55942.7
50118.9
60099.9
48590.6
55252.5
60286.8
54701.9
33602.9
62586.6
43904.8
68328.8
41960.7
31551.4
48997.9
34739.8
30265.4
26037.9
64534.5
49513.4
39273.7
38265.8
36802.2
37588.1
53969
39168.1
55255.9
32020.3
40931
31098.8
42253.1
38265.1
32033.1
55309.6
37295
41816.2
35017.8
53688.2
58683.6
74724.5
79080.1
40054.4
42882.2
47217.8
45995.2
50688
41970.3
43452.5
42728.2
38598.1
54636.6
32509.4
41653.4
43259.8
56465.9
38651.9
52703.9
88641.7
64414.3
66330.2
51376.3
48373.5
57275.2
54759.2
56529.4
45565.2
57410.2
33151.5
67777.8
43045.8
48608.6
42010.5
56512
47800.3
69419.6
47286
26057.6
54085.2
56078.6
72276.3
55118.5
62067
86967
33863.5
77655.4
40302
53033.8
41472
60364.5
45634.6
56208.2
45701.4
49072.7
65689.2
42791.2
70409.1
55197.6
37303.5
56835.3
59421.3
37707.4
44036.9
53995.2
41029
52248.8
39985.2
59874.3
23695.7
56337.5
50902.4
47751.6
36971.8
53461
28882.8
59398.6
37826.3
38403.6
39456.8
54974.9
35148.9
54254.3
42458.3
42163.6
40066.1
64398.6
26075.7
73762.2
49529.1
29480.2
54686.1
60237.2
58718.1
65985
50660.2
54411.2
50116
27037.5
36955.1
57593.3
37790.2
95304.3
64451.6
56221
55203.9
60844.7
64943.2
35915.4
72135.3
59188.6
39205.6
54478.3
40906
63682.6
54527.4
41345.8
42228.1
77153.7
86058.2
36138.9
68064.2
54145.6
44236.4
38754.2
40706.4
61334.2
51532.3
50844.6
33096.6
40594.8
29196
48830.2
43583.2
50019
27758.2
39322.6
41465.1
58232.1
44463.9
55120.5
39284.9
54136
57303.8
73465
36595.6
67221.7
51764.7
43985.5
54763.3
27905.5
51380.2
49579.2
50430.7
65183.8
40757.4
31060.2
61805.1
69243.4
39960.8
51113.9
47088.6
50978.2
31117.8
54587.5
53537
61209
50856.6
51440
46367
58318.8
53232.3
31043.5
46641.8
63575.2
19809.5
73643.4
45928.8
69568.2
54184.5
28307.8
48319.4
43935.9
34193.1
44157.7
70904.3
43577.9
74385.1
35776.4
62554.4
81437
41449
68370.5
47325.5
51696.9
62372.5
64828.2
36928.3
34350
49760.3
68322.8
44355.7
72826.5
76551.7
46003.9
43163.4
72085.2
39977.4
36956.1
61663.4
54631.8
73539.5
48224.2
64764.8
57056.4
40469.2
46409
46947
73584.2
61315.4
58083.9
53736.9
53561.4
36295
39043.4
44953
57307.4
51011.4
29255.8
68489.4
43853.9
62043.7
81563.1
41071.5
40021.8
68227.2
39071.6
54688.2
84203.3
64500.9
41933.4
67173
56271
38160.1
41949.9
26483
67374.6
49761.9
50611.4
59636.8
29445
44764.3
56389
50315.2
47477.1
54098.8
37173.9
62014.8
63200.2
44262.7
39009
38462.6
70712.2
55519.7
67400
54266.3
59588
42947.4
29356.4
66879
48980.6
53197.6
27210.7
77976.6
45442.3
46052.2
50370.6
53343.8
66109.9
48181.1
69493.9
46527.9
36481.3
37103.2
42519
52266.2
48939.2
46086.4
58683.4
51203.5
57039.9
59764.3
54916.8
49645.8
45964.6
38123.6
63871.2
50141.7
54398.8
54233.5
44769
29680.9
77061.9
34432.1
35459.7
47823.9
42167.2
40071.9
57019.7
61708.2
61574.7
49678.4
52041.3
39940.1
39740.9
44911.9
42318.5
42951.8
69115.8
43170.2
77013.4
58173.3
74793
43039.4
49913.3
51157
40908.5
40779.5
68588.2
70523.3
58944.4
50230.9
35398.6
42750.7
34191
34189.9
54845.6
68863.9
34116.7
43659
50571
36617.5
35206.3
36201
40581.8
55804.7
61578.2
42013
36472.3
39225.2
80571.3
44250.2
49442.4
43010.8
69792
51839.9
58525
51460.9
39539.7
42743.3
40736.8
62102.2
69574.2
56845.4
81809.1
51723.3
52155.1
58339.8
69024.5
47377.4
46682.8
57217
46629.6
37236
45465.4
58720.6
78984.9
35797.4
27047.8
57236.3
87340.8
57964
40143
72543.4
38105.1
45314.5
47359.3
61041.8
55140.1
42792
52334.7
40977.4
52310.6
62546.3
53032.4
39019.4
74662.2
36611.9
34964.8
48561.9
46231.8
46898.9
52066.6
63473
63347.1
28425.3
50884.1
71041.8
53424
42424.5
66835.7
70894
59904.4
46821.7
59547
52170.9
57069.2
37212.6
75367.6
93509.8
60050.7
69054.6
76117
47564.2
33273.3
57827.2
62452.7
74762.6
50778.7
58199.1
51369.7
63682.1
52164.6
66572.8
59811.5
78593.7
42703.4
50101.9
25201.6
62131.8
63504.1
50062.2
40709
39717.4
49216.5
64260.6
44483.7
58862.8
42617.8
41544.4
66581.3
53918.6
35529.5
69308.6
34059.9
79357.1
69745.8
40497.3
49418.7
35138.9
36018.1
36223.1
75890.2
40013.8
48465
51418.2
53793.8
48195.4
54529.9
53157.8
47715.9
49474.6
56011.7
36006.2
57980
50569.6
37915.3
41936.3
47285
50316.4
77757.2
33448.7
51353.3
31195.1
32616.5
49252.3
69019.4
56389.1
38927
41701
40844.6
44758.3
47453.1
80951
47221.5
56957
52109.8
37726.7
38461.8
60918.2
59692.3
60923.1
59807
36053.5
33701.4
63007.8
51427.8
61129.1
47340.5
66619.7
52597
46361.4
60225
38802.2
79762.8
40587.6
35629.8
63798.6
78380.6
51529.2
45453.3
40383
47312.9
48801.7
57017.9
72400.6
67480.4
54239.9
41765
42103.8
33026.6
38906.4
38593.2
44522
60331.8
29588.3
34376.5
55223.4
63088.2
59067.3
50276.4
54119.3
48219.4
57854.2
58595
55159.5
46782.9
44895.9
50625.2
51498.3
82446.6
76059.7
60737.3
36321.5
47881.2
55211.6
56346.4
44045
68360.1
37734.6
39835.4
43877.3
45711.5
33014.6
52812.3
53494.8
50619.7
54086
75178.2
35342.2
55575
55275.1
48576.2
47029
43572.9
51585.3
58221.2
37412.8
47801.4
46366.6
72761.8
29433.5
61705
42987.1
60754.5
45244.4
49094.8
71158.6
43931.9
43751.8
36642.1
37306
41346.5
71262.3
37569.4
31885
49191
65396.8
51266.1
69787.4
57222.3
58952.9
39213.4
34347.2
44283.5
38839.4
45669.4
43581.6
45003.3
32202.1
31922.8
42920.6
50241.7
84514.9
34902.1
54500.9
57646.6
37357
60387.4
79012.1
44737.9
40980
28761.1
68387.9
46335.4
55460.6
49913.7
37980.7
66128.6
47953.2
58101.6
60211.5
46817.9
56142.5
54563.5
57711.8
37877.7
61552.9
53665.8
57541.1
78387.9
56142.8
46283.8
67504.6
74089.8
45412.6
62930.8
81002.7
47951.3
78887.1
44271.8
51664
76351.5
44640.9
68326.6
35924
42595.3
60261
52412.4
58482.7
48383.8
52103
78117.7
63986
39989.7
85361
60975.5
53567.4
62592.4
43435
43081.1
52417.8
55419.6
57419.3
60966.3
37225.7
41478.3
43214.8
65489.7
53011.3
45791.8
68097.8
62808.6
37984.6
46956
56934.3
30689.7
45875.2
62198.6
40105.9
27768
77782.1
34549.8
26601.1
44916.9
47705
45399.7
41992.2
40438.4
69153.9
62568.1
50601.8
43304.8
37841.8
69659.1
39866.6
63754.2
53667.3
47414.3
44235.5
48936.2
34201.8
54929.9
39570.6
46428.4
65550.9
59813
77728.9
52380.7
53495.3
33876.6
62194.3
52985.4
59910.6
68819.4
74112.5
42610
