0
0
0
0
0
0
0
0
0
0
1155.28
15420.3
20506.8
26256.2
35840.4
28626.7
20057.3
15447
17321.4
30290.6
36665.6
56130.2
60009.7
47029
56039
61139.5
62716.5
72869.2
66397.1
59577.6
62575
63036.5
73070.8
80561
81789.4
80928.5
83201.8
84163.5
83920.8
83840
84998.2
83946.1
83379.9
84420.2
83238.1
84985.1
84372
84382.3
84592
84284.9
84518.6
84033.7
84623.5
84551.4
84623.2
84430.4
84693.2
84264.2
84952.9
84279.4
84011.4
84481.6
85118.9
84583
84419.1
84317.7
84175.1
85518.4
83584.3
85188.1
83498.5
84137.9
83374.3
85105.9
84735.6
84582.6
84618.6
84771.1
84265.4
84611
84365.4
84418.2
84760.5
84957.3
83829.1
84626.3
83931.3
85044.4
84561.8
83246.2
83639.1
84850.6
81907
78702.1
81503.7
81360.8
83507.4
82714.2
79400.8
82652.2
84746.5
78634.5
82649.1
83999.6
73595
77029.6
80342.6
85165.1
74049.9
82885.5
72867.8
71626.1
75526.2
79925.7
80905.7
76657.3
81008.9
82804.6
74113.7
75902.5
75164.8
80674.9
73803.4
83032.3
73023.3
77112.8
75261.7
76985.6
73121.4
80473.1
84583.3
82402
67634.8
76103
75958.3
77641.1
76275.6
75805.2
83038.8
75383.1
75622.3
68505.3
66238.2
66723.1
76148
68571.9
71185.5
83187.8
62763.9
65061.6
81875.2
71606.2
69281.7
73197.8
62403
58643
66340.8
69239.6
77067.2
61697.3
70929.2
66706.6
60930.2
75938
85247.4
76008.5
66442.2
75990.7
74525.4
72023.7
81018.7
70343.5
71403.5
71313.5
75710.8
78480.3
84786.6
77814.9
79909
80405
84938.5
72068.7
82485.5
73048.3
83831.7
68486.2
74552
68896
57106
77423
69825.8
67099
63414.8
83772.7
63756
63398.2
73976.9
76844.5
73502.2
70978.1
71766.7
69447.7
71740.8
79859.3
52807.4
59667.3
56217.6
62029.2
66066.1
68928.4
54250.8
64361
49744.1
62311.3
68476.7
83916.2
60365.8
68454.3
55014.6
45035.5
68256
66775.8
80829.6
83820.6
82778.3
55047.4
65996.9
60588.6
83334.3
75101.4
85499.5
69830
68066.1
59478.2
67459.9
81142.5
80175.7
74723.8
58117.5
70113.8
70532.6
76136.2
84153.4
79923.6
71247.8
66660.2
67703.4
73116.1
68995.4
69627.8
60070.4
61814.2
59930.6
70952.3
81681
50868.6
60291.2
57018.1
59085.4
79209.6
70278.5
59935.3
66752.7
69318.6
66652.7
49700.2
52731.9
55410.7
45564.6
50721.9
59048.5
44341.1
63442.5
50128.1
63351.8
59420.1
50732.4
82396.7
65152.9
57759
53743.8
43520.1
63255
71399.7
59147
54188.2
59670.6
71544.6
53680.7
70293.3
52860.6
43596
42884.6
56458.6
56541.1
69701.7
55901.9
46584.8
53583.1
67097
67467
53489.8
66802.2
59473.6
57425.5
76022.7
53993.6
51713.5
58926.2
60167.4
50720
64682.6
51143.8
68184.5
59690
47006.2
58028.7
52876.6
51572.9
61022.3
61146.7
45830.9
71200.1
47073.8
51269
60001.6
74947.9
50009.4
53642.4
44936.9
67254.6
46683
63899.2
77624
48977.8
51266.1
64393.8
54466
45976
52315.5
51506.1
61490.4
55644.5
67401.2
57596.5
44455.1
49866.6
50129
48838.6
58773.2
52625.4
54798.8
54491.2
47695.7
56508.2
53847.1
59288.6
48108.3
53585.2
49579.8
52897.3
46088
71025.8
53905.4
56111.4
53310.2
53971.2
45577.7
72002.2
54274.3
67564.3
55871.5
61954.1
42623.7
46982.2
55595.2
67834.2
62135.4
65665.5
74645.5
53438.7
65519.2
62718.2
75905
62808.7
57766.8
62333.3
65881.9
62617.1
69542
58145.9
46400.6
67264.5
53912.2
54193.3
55252.4
54615.2
41054.7
54532.6
50634.6
59058
66219
60505.7
51768.4
44428.7
54869.5
52133.5
45399.8
59557.4
58821.8
57473.1
57239.8
48131.3
63972.5
44771
63226.7
67673.2
85131.9
49831.9
71045.8
59031.7
63126.6
71142.5
64736.3
56264.4
65053
44170.6
47162.2
49627.4
56664.6
48964.6
57406.2
54128.1
47872.5
35876.7
51055.6
59113.8
56031.2
52447.6
48492.6
37890.6
42944.5
46698.2
55694.1
54923.1
57288.4
42915.6
41461.6
46032.8
52447.5
56334.6
43194.7
47777
44860.6
47551
46992.8
56295.5
56537.9
57478.5
57221.2
48461.6
38998.2
41518.2
45685.7
56607.8
64915.8
64113.9
58346.2
37066.2
58314.5
47067.5
53163.8
61619.2
62799.6
41361.6
51082.1
42942.2
47232
39103
51014.2
60355.6
49522.2
49804.9
41107
47402.6
52339.8
55338.4
47744.3
61864.1
39747.1
46248.4
40199.4
35951.7
51759.3
47806.1
47978.6
34844.6
49206
39948.5
46854.4
48091.8
34772.4
43607.6
56179.1
36398.1
38096.8
49971
52817.5
46471.8
44072.6
47922.9
43165.3
39294.5
41049.4
46136.6
57279.6
40666.4
48997.6
34827.6
41175.7
44158.1
54069
50570.1
39033.1
32329.1
41695.7
41706.6
33641.8
49425.4
52953.6
33619.8
53297.1
31018.6
31240
45934.8
43302.3
45203.9
50242.1
38999
42220.1
46548.2
49357.8
42197
45128.1
61222.2
39731.1
41422.2
32952.4
61347.8
50385.5
39798.3
39449
50262.2
45611.2
54747
55433
47119.4
41391.4
43527.5
43510.2
57721.2
52308
58079.3
30740.2
48083.9
36774.2
57638.6
43195.5
49412.2
49277.2
36174.8
35706.4
47607.9
42180.6
33904.6
43191.6
46088.7
41921.4
62941.6
48457.8
57787.7
51710.4
47681.4
39375.6
50713.6
58609
47077
63223.2
46365.1
49878.4
45006.3
43251.7
56261
58357.1
70003.6
45140.6
49212.6
64196.2
60002
57316
64846.6
56468.2
46250.6
43737
57090.9
67086.5
61244.1
46796
54277.7
45117.8
56154.1
59910.6
58704.4
44650
49006.6
45134.6
54108.5
46779.4
56537.4
51486.2
58977
37143.4
44035.6
43048.6
49237.1
44840.4
39291.4
56718
41936.2
38305.4
44862
43987.9
46768.4
47536.4
42516.4
47795.5
44986.9
51899.8
54334.2
56726.6
41159.9
51601.5
56554.2
44086.3
52959
40722.5
60892.1
59845.5
44257.8
69873.4
53930.7
47887.1
58264.2
62196.7
41847.3
46351.1
49317.5
43079.4
41362.4
65209.4
52486.1
41518.6
45419.1
53805.1
60476.8
61154.1
47424.2
59541.9
41625.4
38529.1
59621.6
42802.4
44727.3
42547.1
43271.6
47745.4
49011.8
54509
44545.7
35377.9
45625.4
44107.7
57513
58422.8
40355.8
43440.6
34365.7
32129.9
44245.8
42979.5
38970.6
31283.4
42252.9
48349.4
27985.3
46567.4
47472.1
46766
52566.3
50014
36644.4
60597.8
47996.2
52979.7
51271.5
41423.3
61333.3
29320.6
50880.4
51781
44307.1
53235.8
31959.7
35938
43273.4
36031
47557.3
44443
38945.3
33429
38050
37655.9
33411.5
38525.5
49856.2
53803.6
62497.8
51191.9
36456.6
38738.9
50412.8
57030.2
57994.1
38522.2
31726
41315.6
31103
43554.6
56117.8
47970.3
44124.1
45955.4
42711
50737
55180.2
42729
45448.8
38449.9
44303.2
64911.4
48376.4
43787.3
42664
45760.7
50149
32856.2
51898.5
40053.2
49003.5
43079.3
37292.5
59859.6
53617
35170.9
58640.3
48351.2
50246.8
56962.1
48452.7
46579.3
36166.3
44933.8
44482.3
39439.6
46613.4
58905.2
43605.7
50940.6
46450.6
32991.7
50084.2
42960.2
70524.6
55168.4
42042.1
45689.9
35558.4
40541.8
61423.6
57402.2
45718.6
47216.9
47759.8
52464.8
54966.4
39135
36213.8
51418.4
60711
52840.1
40239.5
50443.6
35857.6
44848.3
56014.2
48195.3
50726.9
43253
49812.1
47553.2
56578.3
58153.8
43139
54500.5
47593
55475.8
50625.4
34713.2
42923.6
52370.7
51940.3
52959.8
45073
31187.4
37316.7
57127
49730.2
48729.3
52612.6
40585.8
50639.9
35014.3
45456.1
48945.5
43599.2
55798.3
56719
42906.4
50746.4
39486.3
41537
49032.3
47252.4
46134.1
53298.6
56680.6
66297.3
44467.1
50981.4
62187.3
63609.4
57510.9
59678.6
40305.3
63572.8
54714.8
58681.8
60745.1
52348.7
60533
49511.4
44437.8
49605.8
63606.1
57338.4
55294.7
53697.6
53681.4
52466.6
44836.3
58032.3
46783
60954.2
43666.9
45112.2
46482.6
44434.5
45187
51603.4
53966.9
46969.3
36746.6
58570.8
50198.2
57848.4
51169.6
41922.1
46191.8
49419.7
52675.2
54587
40785.2
61785.9
38123
50269
55492.4
39244.2
50377.2
48819.5
43204.5
48270.2
58209
36061.7
49246.2
37620.8
52360.7
49198.8
53381.1
42309
50495.4
52815.9
44113.8
41474.6
44124.6
49944.2
45259.8
55432.1
50469.4
67484.2
52794.6
47652.9
47502.7
49314.9
54053.8
46881.9
57710.7
41999.1
40609.5
55783.4
65475
58204.1
52932.4
40719.1
51063.8
48339.9
49028.6
49184.6
44442.2
53057.8
40603.9
47575.4
56515.9
45441.6
47487.8
53745.8
49488.2
52466.8
54475.1
43382.2
42395.5
42924.5
55557.9
34092.7
49086.8
29918.4
46775.8
49946.3
55155.4
41688.4
49395.4
49940.7
47948.3
50090.4
39009.3
37309.8
58427.7
56797
42590.1
46768.6
63522.4
53014.6
48457
52601.8
58519.6
71916.1
53200.6
36577.8
45027.4
55697.2
58812.2
58035.8
40965.7
42136.7
38251.7
39427.6
49149.8
58197.9
57152
40787.4
56499
34002.7
45552
50256.2
74581.4
41714.6
61526.4
49954.4
40047.6
43693.4
58860.2
62796.6
50167.4
58710.3
54263.8
44512.4
43512.8
50995.4
43508.7
60394
34157.6
44544.6
73872.6
43686.9
45910.3
54797.5
47107
42219.6
33084.3
38337.6
54804.9
43837
51415.8
57755.7
32330.3
36402
39789.4
58620.9
51013.2
50706.9
40931.8
43332.5
49122.9
51271.6
66315.6
67648.1
50843
42846.3
76856.5
61681.3
57420.4
62765.4
57746.8
43862.7
54545.1
50658.2
43230.1
45049.4
65181.8
45352.4
57981.3
40336.2
49981.2
47640.2
41038.4
54474.4
47187
33885.2
53422.4
34228.9
30392.2
35665.8
40476.2
43135.1
35143.8
47734.2
51160.5
35512.3
56004.8
46005.8
46537.7
51915.6
31028.6
49450.7
69775.4
61694.2
71775
55176
44038
39367.5
35763.6
48236
48696.2
59326
51787.4
44631.3
53719.7
34064.3
51838.5
34104.6
44632.8
38715.9
47993.9
49802.1
52666.3
44262.2
41111.9
61618.8
43562.8
45605.4
35037.3
50111.6
31646.7
54904.8
50081.4
32533.5
43020.7
36873.8
43329.7
45521.4
43038.1
38862
36145.5
39822.4
45561.8
48945.1
44334.5
32040.6
38308.8
54138.5
36120.7
50843
66079.6
53866.5
38027.2
47883.4
47481.4
48759.9
50844.9
45919.2
38245.9
39516.5
45915.6
39016.6
51065.4
63337
47964
31167.8
41082.6
58709.7
50785
38551.4
40076
40604.4
43849.8
34697.5
40768.6
37179.8
36489.4
56123.8
56747.1
38565.3
39783.8
43548.1
48565.8
45509.8
34686.4
50926.3
42375.6
55095.4
37170.7
54443.8
41885.2
47877
57166.6
35005.5
53658.7
35484.2
42234.7
64396.2
45943.5
45610.2
40520.9
36396.2
57264.5
50614.1
44098.6
50437
45779.8
28369.1
47916.5
56622.6
37919.6
47494
47334.1
43753.8
42967.4
35405.1
67220.6
48559.9
42317
54820.2
47148.6
28893.8
38700.8
52801.5
38471.9
43584.9
33006.4
40904.5
38320.6
43376.1
52858.6
55159.2
30516.8
44360.2
36606.5
36055.1
51072.4
45151.8
42229.6
60111.6
33605.2
33056.5
33429.6
49324.6
40814.1
34735.4
40481.1
39320.2
40033
56590.2
72111.6
56535.8
38540.7
31061
50019.9
52624.4
39727.8
46005.1
35006.2
34196
55973.9
27987.8
35938.2
39621
33935.2
29647.1
49585.2
49523.3
62327.9
38152.5
29125.8
41419.3
37430.6
61853.2
48693.2
44302.2
29623.6
24483.7
36912.5
52117
38139.6
45048.6
28984.6
37984.2
44499.5
29038.9
41198.8
50715.5
43904.2
41560.6
55746.3
40297.2
31197.1
57804.3
52990.3
52705.6
62732.8
57405.6
41333.6
46883.5
31760.3
34452
53619.6
39539.2
39109
48960.3
40996.1
45477.4
68255.7
68564.3
56347.8
47253
49378.4
52207.3
57196.1
45708.9
50082.7
58846.8
41989
44209.5
54118.9
48103.8
46134.3
38839.4
52293.7
66111.8
59765.2
43693.4
44623.1
47044.2
39393
47746.6
43478.8
43849.9
53323.4
66553
34779.2
49063.8
45381.2
48263
41573.9
36279
28965.3
58036.2
46837.4
61979
52844
62059.4
47732.2
45125.1
50837.1
44351.3
51236
44469.8
36495.3
41829.7
45911.9
54663.4
31425.6
45194.2
46257.8
42829.9
38824.5
56517.9
57482.5
54095.7
66762.9
46118.6
39379.8
38959
62033.6
65173.4
38233.5
36075.4
29665.5
28646.6
44050.9
30007.7
27749.8
63463.7
47351.9
34960.8
52040.6
39234.6
30250.6
57209.8
39135
35330
28771.4
41880.7
40285.3
47291.2
55239.9
35393.6
38811.8
51137.6
58102.7
48664.2
42369.8
40429.4
36951.6
38015.7
63383
68751.4
32674
38712.6
35753.7
53316.7
52137
58341.8
41687.1
41868.4
48964.7
43875.8
47906.6
42881.8
70009.4
36071.3
31068.8
47667.4
36776.8
30566.5
41186.8
37742.1
34860
25352.8
33799.4
46226.6
42650.8
53485.8
38003.3
35931
37894.3
43066.9
32354.7
44786.1
46397
36482.6
38419.1
39036.9
56449.3
44263.3
53574.6
31775.9
49126
57385.9
46029.8
58859.5
44476.1
35205.1
36731.4
42440.1
58399.5
66403.2
45982.2
33127
32312.4
41139.1
35585.2
48582.4
65003.2
43552.9
34445
42116.1
54690.5
46180.8
66037.5
48474.6
29685.3
43684.4
35882.5
42394.8
66490.5
47202
38110.2
27431.8
31322.6
45005.8
61374.1
37067.5
36825.7
46002.1
26733.8
32440.5
50913.3
32194.2
44812.2
30178.6
37940.6
31776.2
45895.1
53436.4
47848.7
38924.2
35355.3
42801.3
26747.9
67114.6
46652.6
36906.6
33370.2
40581.6
26853.1
48571.1
32172.2
30024.5
33803.3
49291.9
33883
36959.1
33536.6
37629.4
31406.6
42943.6
36708.7
53765
47992.4
40670.2
53110.6
39588.5
50272
48965.8
48623
51182.1
40069
44226.9
43193.8
43772.5
47535.8
49751.5
54446.2
50264.1
61167.3
51258
48378.6
40056.6
52389.3
54119.2
35687
40395.9
37757.4
43660.1
54770.3
51704.6
58882.9
47186.3
42183
38867.1
49135.4
53121.9
34623.3
51097.4
40499
33103.8
31350.9
59930.4
37349.8
51261.4
48638.2
39617.5
33118.2
55623.5
57053.5
44335.8
40103.1
36821
52083.4
43435.4
37844.5
35573.1
41173.8
55084.7
36061.5
35088.3
44026.9
39314.6
49505.8
36914.2
32947.8
66874.3
43806.6
49967.4
40542.2
52141.7
27804.5
43526.3
47189.2
50560.6
34570.2
48018.5
26639
42603.1
41957.8
28801.9
60393
67512.2
44569.8
49133.2
34981.8
23851.2
30409.3
42727.8
39343.3
44867
32338.5
46404
28431
32879.2
48710
45986.5
38993.8
38320.6
51362.5
29615
37482.2
50275.8
47503
20953.8
63788.2
36737.4
42197.2
52663
39564.5
40683.9
46277.8
46468.6
57975.1
51669.5
41460.3
42200.6
51303.8
34782.9
61658.7
44111.4
37528.2
49926
44551.5
45683.1
31278.2
45419
57234.8
47284.8
46466.4
35713.4
36005.7
58036.8
41019.4
36725.8
56931.6
39476.8
51130
40872.8
48708.2
43215.4
41010.2
37744.9
62302.8
31090.7
47394.6
46170.7
54448.6
30510.4
43616.6
29706.6
42891.4
71176.7
49051.6
36781.6
43064.9
48068.3
64599
51553.2
61799.3
46924.3
37509
43534
44581.8
59882
52537
44755.6
32956.2
37775.7
56806
68996.2
60223.8
71928.3
27983.8
47393.6
40483.4
34914.9
60502
55725
49248.9
45908.1
33234.9
58562
60015.2
52538.4
40194.9
44429.1
29192.8
47673.5
54757.5
55118.9
42017.5
51298.9
37581.9
33001.5
53453
35968.4
44216.2
29392.9
47456.2
29390.5
32341
43367.8
40012.6
39090.2
36788.3
39447.8
47574.1
28353.4
58238.2
55728.9
31592.8
48270.9
41216.9
27650.5
38647.2
30385.2
51589.6
45441.2
42911.3
38485.7
27502.6
41028.6
38643.9
35102.8
32733.8
31579.1
43711
30995.7
50290.1
37126.8
34590.9
42165.6
54140.6
37548.1
38663.8
40930.9
31852.6
48813.1
44736.2
64985.1
27573.2
35136.3
46409.6
46375
39254.6
33129.5
42655.5
40970
46648.7
44562.7
72765
62500.5
38226.9
37221.6
32541.9
46842
43331.8
51583.2
56085.2
51438.9
46637.6
42350.7
47211.7
49097.1
46327
47924.6
39303.3
44219
26668.2
54890.6
41625
53653.4
39856.1
41600.2
36067.2
59267.6
35241.1
43321.6
32538.6
59657
31283.8
43038.7
40117
36162.2
50843.2
44732
52862.7
50819.4
38595.8
61449.9
40264.2
42527
58658.2
41620.5
42946.6
64543.3
62976.7
60070.7
51243
49213.6
62154.8
61838.1
55263.4
40859
49762.1
68578.5
58231.4
70356.9
56492.6
52549.6
36782.6
49167.1
72254.1
49266
58704.9
51880.8
43749.5
30380.2
44506.2
50131.2
50886.7
46289.7
38457.8
64687.8
49917.7
61623.1
41157.8
48033.4
37855.4
49387.4
39185
63916.5
57526.2
35862.6
36679.4
56147.2
31609
48237.4
34107.1
56759.2
41037.8
40529.3
43996.9
35344.2
36724.7
65533
61530.3
60567.5
25387.6
48217.1
28151.5
34456.6
46163
67653.9
40354
50616.4
38890.2
60825
45486.1
45631.7
35720.2
58255.1
33041.2
46406.2
43029
51000.6
53166.3
62091.2
35696.4
46442.9
35375.9
47586.2
56194.6
53141.9
62332
57066
35486.2
41027.3
27516.1
59320.9
42057.8
46631.4
56922.6
52345.5
54749.3
81369.8
76260.9
59407
42671.8
34517
69935.5
55851
49229.8
61654
67574.7
47914.4
57683
53779.5
52992.3
63370
73346.7
49553.5
51140.2
54883.3
51701
57032.5
34392.5
51099.7
37660.6
59271
42881.4
54596.9
35330.1
64553
51023
69944.4
60223.5
43517.2
36569.8
56614.1
55750.6
51102.7
46936.3
52546
32753
35721.8
47227.7
69921.4
64486.4
53687.5
41627.4
31130.2
39845.8
64795.8
47068.7
65377.8
61296.6
52160.1
47104.9
35212.9
57860.6
42319
45989
44681.3
44320.3
46423.7
49540.8
45329.6
42505
39906.6
55348.7
49736
40573.6
50820.3
39516.6
54082.3
53264.6
58091
38598.6
77574.8
65228
47566.9
41828.6
56845.8
51193.6
61620.8
49858.8
63188.1
60720.5
59007.7
55434.1
65970.3
53637.5
75182.6
72507.6
65916.9
46896.3
63095.8
47453.4
42809.3
41642.6
52986.6
56715.8
58373
53479.4
47020.2
66290.8
55351.1
49130.7
39859.2
48746.2
36105.7
32657.9
41948.3
56775.9
47761
49667.8
55203.4
36746.9
39291
46560.1
71568.1
32575.1
27095.8
48086
69869.2
53825
35699.4
46488.2
47572.1
40778.8
46795.2
44377.7
32932.5
31185.9
35155.4
40228.8
59281.8
59527.8
27790.3
38661.7
48421.6
50988.2
58236.9
58926.1
51948.5
35316.1
34201.9
40628.9
50327.1
50255.4
61690.4
38484.6
38753.2
65936.6
72633.5
47605.1
46222.6
65727.5
48199.2
52980.1
63962.6
44030
29584.7
54133.5
54523
58186.9
38255.8
55380.2
51226.7
34016.8
48614.8
63532.5
57379
38983.4
71828.8
50240.1
77219.9
53008.5
57613.4
57267.6
42874.3
46392
74051.6
53120.1
77694.6
65139.7
41188.7
41027.7
49608.6
61154.5
43193
45647.5
49609.5
47709.1
61046.2
46063
64258.1
81845.4
47247.4
55177.5
45403.1
64758.4
47885.2
57489.6
66477.6
45156.6
60892.1
51905.4
75972.6
72768.3
75495
46231
48093.4
47898.6
32042.9
42579.2
43577.6
55313.6
47539.4
48386.6
57244.1
39520.2
51935.4
34982.4
51226.5
41011.9
36506.8
59100.8
30402.4
51612.2
42313.2
59583.9
31661
29994
51723.7
48855.4
43478.9
42361.8
31837.8
47760.9
48596.8
57239
46910.2
53809.4
53079.9
53689
54140.2
54419.3
49767.8
70144.8
48200.7
61035.3
48637.8
52406.6
43645
49736.2
46177.1
37706.1
49292.8
71524.6
57914.5
44388.5
42899.7
52675.8
50303.8
60862.4
53775.8
51280.9
56092.8
44484.7
47496.1
62639.3
53871.1
61607
36814.4
33796.6
54079.4
67301
48033.6
64297.2
63767.1
54256.1
51280.6
63923.7
69400.4
49899.6
44103
61602.7
61329.4
43933.2
71271.7
59733.2
46662.4
40432.8
48414.5
54694.1
51717.3
64120.7
54244.2
45343.9
46827.3
32732.1
48047.8
50786.2
39717.8
67123.4
37759.2
63354
44863.5
35229.4
53123.4
42522.9
48137.2
49415.8
31611
32763.8
58729
60873.4
77408.7
42465
51762.2
64565.4
44068.2
58413.8
70142.2
43835.2
58183.3
58202.6
58848.8
47866.6
64742.5
55945.4
58898.6
41412.2
45309.1
48884.7
44946.3
50392.6
53259.8
38403
28303.2
39063.5
55004.5
49002.2
35114.6
32475
50892.5
62874.3
63213.8
64361.8
39978.3
50306.2
39447.2
42769.8
35650.2
62915.5
43695.9
42001
49442.6
36621.7
33431.8
69542.5
62644.6
37689.2
37437
37080
52172
63653
52509.5
52888.2
37974.8
27147.4
30556.8
54622.6
51555.4
56917.2
41724.8
51616.8
51811.9
68595.8
39277.8
43093.4
44857.3
45217.5
69368.6
57751.4
45489.8
61429.3
59737.3
38226.3
56197.8
49735.6
47940.2
45364.5
57546.2
39676
61519.7
49996.9
43612
30671.8
46708.8
52839.6
54971.6
46203.2
46223.3
43771.8
54099.5
65860.2
75290.8
51691.7
37310.9
44399.2
33190.3
56390.6
46477
52067.5
64030.4
41527
68876.5
55401.6
46954
41687.9
43255.6
64071
49112.6
59421.5
34590.6
38087.1
33795.8
60247.9
57393.6
50145.7
71287.7
38523.7
36132.4
40159
38494.3
53714.9
45537.8
40366.6
46228.7
58834.1
40258.4
62080.8
47289.4
58615.4
45756.8
47781
53244.1
67676.5
38346.3
59005.3
61366.4
40057.3
53608.4
65305.8
39531.2
49063.1
48099.4
59263.3
45864.2
51724.2
40895
47504.6
37718.6
72824
56178.1
83191.4
41020.6
58320.9
61558.3
58805.8
79069
53820.5
47183.2
51600
60096.9
48504.7
45154.9
53926.4
62048.2
50839
58989.4
40395.9
35819.4
54343.2
55218.3
57179.7
66133.3
48788.6
49204.5
53462.5
60241.2
60479.4
41773.7
45705.4
34122.6
49840
42889.4
53706
49525.5
45144.4
36144.8
45789
54105.4
55265.7
65073.6
44153.4
61627.6
41843
40490.2
37813.6
69346.1
59686.3
49540.2
42379.6
39456.6
47537
60514.9
53817.7
64507.8
46457
52341.7
54148.6
58815.4
46708.1
67558.9
50517.7
46628
47925.1
65982.9
73138
68951.7
55862
37625.2
50187.8
64069.9
55835.9
51455.8
44250.8
58665.6
54148.6
52288.7
68415.1
51459.8
59029.2
49903.5
73051.8
56415
61287.8
54265.4
54250.4
47849
36335.7
44116.1
37354.8
53950.7
39472.7
61135.5
38987.5
39306.8
41541.4
60334.8
49670.3
40742.9
46167.5
42399.1
44467
44601.8
46297.9
58280.8
55340.6
55782.8
58847.4
68290.2
47669.4
64542.6
67766
43560.8
61178.2
60027.4
50047.6
65174.6
47496.8
71161.2
49604.7
36090.1
69126.7
73138.4
56970.2
76110.6
40056.1
48237.8
48934.7
42645.2
64263.8
59832.2
66531.2
63547
48394.4
68026
61803.1
58479.5
65697.8
67919.4
36661.8
64558.2
70271
38296.1
47908.3
45233.8
43042.9
53069
50918.6
76497.9
45906.4
46326.5
55314.8
55214
36134.5
69530.5
78368.2
56306.6
40814.9
43898.6
33935
61296.5
53392.9
68944.3
57290.6
36125.3
46032.8
35611.7
65720.6
64651.1
77046.8
69166.1
61499
43887.4
38079
50767.8
73960.3
53278.4
69869.7
35024.2
53062.2
40755.6
44706.8
56058.8
51542.3
50490
50327.4
49366
36456.3
30851
65810.8
39337.6
34025
52239.7
46967.3
41125.1
52608.7
43925.3
42203.2
46055.6
56565.6
40541.5
37966.7
54380
45796.1
58743.7
37617.4
48724.7
59906.9
49653
46039.6
39952.2
60405.4
54596.3
62818.7
41488.2
41507.9
50526.9
46732.5
52833.6
63461.4
52049.7
55618.6
56790.9
55244.8
40495
44366.6
65734.7
37319.8
31526.6
62614.2
72944.5
42657.4
52089.5
43535
38319.8
64754
46794.1
45552.6
44426
56227.8
51934.8
62552.1
53358.3
44283.3
46250.2
49262.2
47674.2
63887.4
42601.4
65611.5
54791.8
45101.6
69415.3
54601.3
73807.4
41927.3
51701.7
60111.2
48765
60414.2
58434.1
40239.7
59958.7
56425.8
39669.4
56597.2
51287.2
63841.4
85244.5
64112.9
34502.5
48196.5
49125.2
39207.8
54140.6
74564.5
39218
64845.8
62302.7
68151.3
61703.9
60397.4
53014.2
51992.5
41411
47584.9
57753.8
39983.5
35521.3
42722.2
51155.8
47547.7
53249.9
40326.7
61785.4
55280
39644.4
32570.5
38161
46818.6
48820.3
29283.6
38212.3
38067.5
46573
41126.6
45034.2
22454.5
41988.1
52433.4
49953.9
42333.2
30459.4
34383
46007
39617
52164.7
38060.7
52337.8
37029
46693
30978.2
52588.6
42480.9
48086.9
60998.2
46232.2
40247
36931.5
45626.3
40526.7
55790
34804.3
51077.5
42664.2
38635.9
53871.4
36373.6
50821.7
46268.6
53103.5
48068
58771.8
58019
78268.3
76304.8
48250.6
48025.2
39373.7
39915
59274.5
59888.8
40049.6
65426
36770.5
40757.4
38692
52497.6
61019.8
40421.6
29976.2
35226.8
38411.9
51958.7
43892.2
83798.9
32246.1
37963.4
43147.2
46670.2
52036.5
66242.3
66716.9
39638.9
41360.6
38140.3
56469.5
38153.2
64696.7
51865
39674.6
40833.5
48328.7
51837.2
36327.7
45275.6
42273.4
35492.3
30787.6
57588.2
42982.7
39277.3
44664.2
40762.9
33293.5
46949.1
47943.8
61988
37279.8
34682.4
40206.1
60548.6
64583.1
55514.2
32037.8
43153.8
25741.7
51163.4
47639.4
55771.9
65831.6
38278.2
39293.3
54467.5
39845.8
45253.6
70124.9
40069.3
56744.9
43369.4
51923.5
61817.8
39083.4
56279.9
39459.3
41065.7
55701.6
52522.2
53526.4
42251.9
34634.6
45049.2
43897.9
36153
41120.6
54804.9
42017
36615.4
60154
51986.5
56585
51199.8
37346.7
42400.2
48279.2
35762.6
68087.5
76936.1
54074.9
55682.1
44707
43786
36871.3
62648.5
60186
41687.6
65523.7
55497.4
38861.4
47872.1
43448.3
52709.3
47832.1
53843.5
47594
40686.7
32588
45045.2
46877
65186.7
81071
57520.5
65327.9
43495.8
24977.4
34052.6
64129.5
53417.3
49539.8
54147.9
33941.1
43159.2
53901.3
62341.4
31214.3
74917.1
63315.9
49938.5
51482.6
40253.9
48670
59677
65128.9
59028.7
43882.8
39650.8
29449.7
59663.2
56187.8
64953.1
39932.6
42942.1
36169.8
48217.5
43034.5
59850.8
43602.2
62048.2
58602.3
49068
55568
70315.8
60313.4
79588
83932.3
49824.9
47924
53746
74317.9
60124.7
67686.8
63356.2
67126.9
67422.6
62892.9
55237.8
79716.2
44815.1
34117.8
64718.4
66765.9
47701.1
43195.1
53478.4
67010.6
52795.8
53404.5
51489.4
59164.8
75301.2
52126.7
71784.8
48763.4
52099.5
63567.8
73465
48157.9
73443.2
47185.1
44513.3
52497
48408.1
68809.2
46575.4
50798.9
63037.4
69228.3
60839.9
59029.4
81068.8
40909.9
41927.5
42566.6
39706.2
41017.8
38089.3
46311.2
41467.4
43685.7
59090.1
45547.3
51019.3
29282.6
30182.8
65191.3
59305
62302.2
59221.9
23973.4
66819.9
53503.6
51491.7
35774.1
47747.4
45234.6
52004.3
42403.8
59629
54752.6
56814.5
61487.1
55781.2
43819.3
65498.3
43593.9
42256.2
49525.3
50695.3
48410.4
47624.7
49322.2
46168.1
49254.3
49607.6
63651.8
47509.8
45072.5
37456.2
51734.1
46101.9
62269.3
69392.3
48372.6
39815.1
59383.3
51463
33665.8
61393
38123.2
58708.6
63635.4
52073.9
40859.4
59161.4
53715.1
37436.9
43643.7
42539.3
50015.9
61722.2
68080.6
39993
71336.3
33556.6
68290.3
40993.9
52931
35141.3
53880.3
52282
40975.2
44206.6
57275.2
42610.2
48411.5
47434.2
63162.6
67651.7
74415.8
34619.8
36590.8
45176.1
34631.1
54901.4
56797
45172.1
34373.5
44157.4
37357.8
63109
62371.4
43127.2
48627.6
52123.7
57907.8
37633.9
60210.5
59207.8
41349.2
36602.1
50097.9
51077.1
67841.6
51775
41555.1
45901.5
52743.8
54377.4
55956.2
53283.7
46414.5
45788.7
51564.8
56618.2
52399.9
55598.9
44964.2
71297
62436.7
42369.6
31063.6
43916.9
47477.8
50842.8
61611.7
59685.8
45513
48758.2
49553.1
42875.8
50285
51840.1
44887.2
47112.3
57979.4
47709.3
66332.3
43235.1
42564
43861
55584.6
48009.5
40308.2
47387.9
33574.6
33077.4
48218.9
50674.3
54729.5
45196.6
36557
47907.6
53623.8
50860.6
60496.6
52001.4
55727.3
58363.4
58631.2
21966.7
27786.5
36110.1
39694.5
40897.4
50845
34834.3
49858.4
53653.5
62953.4
28744.8
41186.8
45824.9
50326.5
28571.8
41165.3
38140.8
35407.4
41676.7
44622.1
50923.4
68418.6
70468.3
33100.6
35879.6
42088.7
39245.2
48755.1
64968.6
62612.4
64477.2
53623.4
36508.2
42290.4
51915.4
39619.8
60282.2
52390.6
47628
48787.5
41549.9
36986.4
28312
46427.3
43855
40449
47834.2
49971.8
32993.8
38212.1
42880.1
38907
40656.4
41195.7
44936.2
41328.3
58433.8
44484.4
36204.7
32317.7
43419.8
42720.5
59170
43958.9
45990.6
34154.2
37840.6
34899.6
57202.7
61557.3
46312.4
47229.7
34263.4
39116.2
34231.6
54666.3
45160.4
50449
48300.1
32573.6
33042.2
41288
57929.8
28947.3
39194.6
54339.3
42625.3
31592.6
29580
46075.2
40769.7
27893.4
45519.2
46554
33074.3
21947.4
45323.5
44516
52523
26474.5
47268.7
48042.2
63212.4
39918.2
44410.2
52877.7
41398.6
38890.6
39226.6
66919.7
50680.6
51880
69426.2
39839.3
63448.6
65527.2
58172
45744.3
44952.9
50223.4
51237.8
59145.5
59096.5
65617.4
44545.4
34745
49393.6
54204.2
57637.9
62269.9
54247.3
64667.2
90571.6
64495.3
36126.2
67713.8
59631.8
53657.3
44320.6
40470.6
40368.2
61030.1
49299.5
44049.3
56492.2
51971.8
49892.7
47742.6
69345.7
69336.6
56693.8
41666
51357.8
71635.5
57011.7
54589.5
78523
72915.9
40226.1
50797.3
52747.5
49100.2
54528.7
81913.5
44037.5
53886.5
43313.2
40756.9
51716.5
54321.9
67156.6
57254.2
31657.4
61015.1
53301.4
35328.7
39979
40367
34916.6
58687.2
53401.5
36413.8
50115
40584.4
46571.7
43221
46562.9
49135.5
53592.9
47871.1
40766
39743.6
70748.1
49019.4
60265.6
35249.6
46420.2
36971.5
44110.6
52632.1
58437.4
56827.4
36628.6
41628.1
40094.2
81431.7
44536
34845
53908.3
29276.1
39014.8
48845.2
40248.1
33083.9
72134.4
70318.8
38122.2
39931
50373
38067.1
61942.1
40041.4
49792.1
41312.6
51866.2
52795
56467
72989.5
46319
42179.6
32159.4
42343.6
62057.8
75032.1
49502.9
37629.2
67783.5
52824.3
36933.9
53243
53173.8
24936.5
57995.1
54424.2
54312.1
40524.2
63802.3
29411.6
43095.9
50504
49194.1
36228.2
49135
59538.1
38293.5
41808.6
34645.1
45335.5
25165.9
66521.4
41421
50099
66859
49699.8
48536.8
41860.2
45722.2
36500.6
36765.6
58260.6
69544.2
42550
59079.4
61217.3
59269.2
46150.2
60749.4
29186.1
37547.9
41587.8
45623
58418.4
34714.6
50454
39453.4
60189.1
67102.6
50854.7
48219.9
39485.8
75184.2
52378.5
51614.6
56987.1
55576.5
58518.4
56591.5
85285.1
61272.6
53231.4
43143.3
38470.2
32568.6
61819.1
74193.8
59654.2
46383.8
54023
48930.4
48439.2
71443.8
78426.6
49555.8
53462.1
64104.9
73499.1
51070.2
60889
54433.8
72684.7
55062.9
80034.6
60607.4
46539.1
50989.9
62771
52076.2
62037.9
54283
47653.2
62343.1
45797.1
63423.8
61689
61512
53591.4
49554.8
55757.7
45919.4
69562.2
68697.8
54634.6
39227.3
28042.8
78876.3
69338.2
48209.4
45385.8
33574.5
38056.9
68794.9
55428.1
66369.1
57202.3
46813
34726.4
44711.3
47238
50730.2
34278.4
36867.8
45552.8
40645.4
56223.1
31506.1
54077.7
40487.2
44843.2
37386.2
65175.9
56766.6
35255.8
45469
54714.2
40371
40910.6
49465.3
42652.8
62026.6
42089.3
57008.2
43905.4
41300.7
70019.7
76565.9
37555.4
45502.3
48145.4
43844.6
50609.3
47206.2
66901.8
41162.4
48901
40242.4
42264.6
53938.8
71421.3
59960.7
39457.2
37835.3
43040.9
34828.6
39587.3
48299
69012.8
59803.4
42959.4
29076.2
41215.6
49808.9
57154.9
44359.7
57208.7
38264.7
37095.6
76918.4
50636.3
58263.2
66229.8
63474.1
45861.7
40484.5
52165.9
48531.5
45801.8
47535.4
44650.7
43295.5
47580
53967
41851.4
44204.2
45117
45409.8
39487
53507.2
47663.1
47029
37326.1
35945.9
55751.4
46018.4
53880.1
41355
25819.9
39164.5
52072.1
54266.7
46339.4
43024.2
35324.3
46933.5
42892.3
51730.8
52712.3
50411.2
49735
41750
43485.3
39019.9
55166.7
51700.4
40469.6
44789.8
33145.4
53024.7
62761.4
53506.1
62606
70489.8
49621
43708.2
71785.8
71925.6
49021.8
49671.8
37976.2
41047.3
65868.6
55812.4
57438.1
28673
68989
64019.9
38409.4
67872.2
65618.4
58402.9
43150
73478.6
51577.5
37840.5
46663.3
48782.6
45241.3
51718.1
62896.2
72254.8
49473.9
54825.9
38362.7
56597
41243.4
51249.8
57319
46176.8
55899.4
57616.3
41838.6
50255.5
51832.9
44155
47497.2
77710.3
71167.3
42027.5
36297.7
61744.9
54192.2
65861.6
50880.5
43051.3
50523.5
43480.2
33279.4
66264.3
75747.9
40452.6
45813.7
44536.2
37316.8
48706.6
47427.8
56965.4
42719.6
32960.2
41789.6
49276.7
53771.6
51463
68264.1
48580.2
40505
36021.4
52004.8
46216.6
40202.2
37542.8
51928.8
35914.3
49815
46651.1
51084.2
46836.4
44483
39537.6
56972.2
49704.6
54797.5
48700.4
60253.1
50577
54566.3
42662.6
28922.5
58731.9
65772.2
42081
45375.9
52718.1
52214.6
36790.2
52167.4
46101
33496.8
52112.6
46411.1
53146.2
64254
43606.8
38700
46170.2
42519.8
28362.3
44672.3
49145.8
78171.8
50594.2
64315.8
36432
47568.9
36915.4
50636.2
38255.9
50551.3
31407.5
33530.9
25792.6
39547.2
29321.3
30305.4
32580.2
54232.6
40140.7
55505
62027.4
40879
27667
35203.2
34114.8
34614.2
46237.2
52818
47548
32867.4
47810.7
31086.9
32602.9
43031.3
41666.2
40778.6
31415.7
47730.5
38098.6
23187.4
33181.9
55489.8
33329.8
28603.8
50098.3
39019.6
61803.9
73601.9
29470
52067.7
47485.5
49572.9
51533.3
63767
37882.6
43954.8
36194.1
48328.1
53246.3
49907.8
52129.2
45503
35935.4
40111.3
68801.5
40927.4
52939.8
53840.9
47821
43078.6
51658.7
55593.5
48556.5
49482.1
44066.2
35302.1
60474
62436.5
56347.5
42002.5
33447
50242.1
44327.7
41504.2
45271.6
64731
29427.7
35927.8
32485.1
49640.6
42872.7
50285.5
51069.3
46330.7
36474.3
43148.2
48955.1
37369.2
47630
42623.9
31192.4
46039.1
43461.8
49962.3
45288.7
32139.8
38287.8
47261.3
65939
38665.7
50179.4
53663.1
51563
55609.1
52135.9
49929.2
28456.2
41484.4
32376.6
29399.4
54799.2
54630
38919.5
49651.5
43709.4
31033
40823.7
56675.9
58577
44357.4
59132.9
42513
56781.9
65875.8
58068.2
48770.2
48780.6
53892.6
49812.6
57735
49349.1
56409.7
39219.8
42714.2
43302.8
34435.8
34759.1
49693.2
42865.7
62020.9
37212.2
63197.1
56003.2
43401.4
56982
29157.7
54431.8
55007.4
46305.8
53449.8
64087.8
44115.8
57103.7
57615.8
52785.3
56843
43125
32609
38759.4
45953
45006.5
54489.7
34727.8
35705.4
42996
32892.8
51866.5
43283.8
50538.6
38307.4
44932.7
36869.6
35663.6
40358.2
51045.6
57495.1
48359.7
38034.3
41896.6
59035
28871.5
29600.4
41943.9
38369.4
41236.6
59433.9
27436.8
30049.9
32224.2
51000.6
48343.8
39208.3
55849.3
48434.4
33228.8
64845.3
35742.7
51664.8
27207.6
70106.1
48854.5
34154.6
35096.6
43517.4
47590.6
42324.5
31684.4
41105.4
41937.4
28022.6
40751.2
53427.9
51232.2
28598.9
46639.8
29732.9
24769
34300.3
55757.8
46404.2
44742.5
27789.2
30386
30990.2
45699.6
65930.1
29847.3
37284.8
24739.5
21633.5
61011.5
57572.9
37827.7
46125.5
31035.4
33361
40917
40003.1
35662
52836.2
64252.2
41721.9
40511
27188.6
38330.9
56413.2
35427.7
21522.9
35883.6
57778.8
54598.9
43606.1
52411.1
34835.1
43484.4
20774.2
54760.6
40585
55284
55234.6
58941.1
51113.5
45824.2
47239.4
59168.8
40501.1
59023.1
32872.5
50412.8
46247.3
51223.8
58513.6
62332.3
32627.2
61429.3
36737.9
25715
73388.2
71359.8
46874.8
54185.5
38571.8
57127.8
34964.6
38378.1
55281.1
40557.3
33383.5
30188.2
48679.4
40382.6
43229
44148.5
50196.6
28842.9
36057
29629.1
43703.4
39324.2
29172.6
55754.1
54039.9
49246.8
38061.1
41124.6
26727
31521.4
41742.6
43068.2
49630.2
25378.4
34051.1
71900.6
80039.3
40789.4
30259
38715.7
32871.4
33634
38691.4
32136.2
48805
36646.9
39671.3
44278
49860.8
39757.1
35790
40978.6
29705.2
27387.8
47237.3
42342.2
36331.1
56804.6
64542.6
42885.8
48267.2
52205.1
60645.8
63797
38497.4
47995
55375.4
39285
51511.7
41755
43929.3
40347.2
52514.9
49131.7
38308.2
51470.6
54034.8
58418.7
35168.1
46751.8
60686.2
49182.6
47931.7
65996.9
45935.7
48157.7
29769.8
42250.6
60186.1
44512
41733
37698.2
50071.1
56279.6
40905.3
55066.2
45876.2
54591.4
41647.4
34977.3
56271.8
53262.6
41519.9
48809
67736.6
40480
43042.4
66096.4
39790
51942.3
46118.2
50592
49253.4
59181.7
50105.3
49670.8
30619
32539.2
33435.4
78259.3
64571.6
35767.6
39912.2
50074.6
43613.4
47880.4
52240.7
50780.2
44287.7
25878.4
61681.1
31109
28103.8
50875.9
42464.6
39763.1
43421.7
50583.9
34375.4
34979.8
31723.4
44690.2
27428.5
49736.7
49935.8
33071.3
41271.1
36591.8
32860.9
51840.1
47067.8
29168.2
34303.8
36138
25543.1
34486.7
50195.9
50797
46633.1
58840.5
43894.2
43577.7
46927.6
43741.8
42855
39519.9
59518.2
73047
70628.4
54459.5
57195.1
46079.5
30783.2
62623.5
58787.3
54174.4
61240
40119.1
38145.3
54654.4
43148.4
47709.6
31932.9
46002.2
51280.3
56253.7
62509.5
41674.2
43773.5
47121.9
41655.7
56428.9
35982.7
74145.1
45600.8
52325.2
61309.3
52982.8
51002.1
55264.9
49752.8
46555.1
42784.2
49063.8
56462.4
40235.4
42384.4
41015
39398.2
38277.5
38056
49539.4
63413.1
47837.5
28075.9
55842
45370.8
38179.8
43281.6
53186.3
32501
39293.3
43048.3
50578.8
49419.3
57229.9
44887.3
34662
45166.6
31656.4
59577.4
60439.8
49486.1
32966.7
67210.7
38874.5
45683.8
55766.6
54980.4
30621.3
41040
33073.3
43714.7
48559.5
44318.2
31163.2
50678.9
31554.6
69988.2
48131.4
33695.1
37553.4
34929.6
29733.7
46212.1
54374.8
68326.3
37383
44027.7
41857.8
49357.8
41649.4
47985.5
75151.2
50377.4
45663.4
37310.1
51215
45082.5
33031.7
34876.5
44430.9
58620.5
40408
37211.4
46733.5
44551.4
54041.8
65576.6
63725.6
52666
42298.4
34104.3
38523.4
63596.8
69000
53105
43201
41483.5
44913.5
38545.8
48411.8
49241
30460.6
46508.6
44709.7
35637.8
53991.9
53148.1
58923.2
43120.1
44540.6
38635.3
56968.9
40650.7
31244.2
73639
60714.6
42572.6
29580.7
50493.1
46206.5
42747.9
43200.4
46176.7
52152.6
38594
50634.9
36799
44221.3
65113.6
32573
40683.2
47782.6
69502.6
74894.5
49069.2
51477
59790.2
56407.8
60170.2
48618.9
39884.9
40908
45410.5
55765.3
67084.4
67554.6
64608.8
41146
43581.8
76576.8
59032.5
68140
64761.7
69663.9
60051.8
50976.3
53571
60238.9
46950.2
49837.1
78499.8
58561.9
55751.7
48569.3
66311.4
70483.3
67029.8
78581.1
68653.7
57426.7
42833.8
70655.8
84761.4
60000.2
66695.1
52554.1
51142.8
63008.7
84953
46103.6
54986
51879.7
62282.2
57049.4
59731.1
56707.9
56536
36743.4
46489.6
54984.7
41915.3
58157.6
53327.3
45105
42519.6
55634.6
71072.6
45674
45719.5
68370.4
40797
57202.4
84612.7
58771.4
61701.1
37602.1
36781
42501.8
36018.2
58594.7
42444.4
40882.8
52131.8
59376.2
43624.3
69920.2
54452.4
60651.6
53046.2
62057.3
41185.2
41540.6
53272.9
52295
39364.6
69699
49709.1
55331
67649.1
66909.5
35390.4
41631.4
35205.8
48697.2
60229.5
51481.3
49827.8
64793.1
37914.2
45124.2
68163.1
74579.4
53629.1
53685.7
58938.3
53697.2
58505
67571.6
48889.4
58074.5
40864.4
66484.3
60513
61149.9
56762.1
60093.2
43414.1
55463.6
62434.4
47394.2
66086.6
61675.8
81961.3
43066.6
72020.2
60739.4
44361
48849.2
46727.8
71067.8
65502.6
54461.8
52903.3
49040.1
49624.8
61772.6
83932.6
80733
48344.3
43335.8
51451.4
37389
61550.6
59678.7
51956.6
59303.5
48744.7
59671.3
64583.5
66132
84400.1
76782.6
51727.7
56860.3
51252.3
73591.9
62132.5
59457.8
51721.8
60966.7
48083
67465.8
57180.3
56213.3
53863.3
82917.6
41021.6
47401.4
62646.6
45770.3
52173.4
65921.3
59867.5
71520.3
47474.2
60892.2
46749.3
56331.4
53017.3
51543.8
37474.5
57386.9
58718.7
59832.1
64460.3
58075.6
57105.3
54734.4
48636.3
53301
51550.8
64026.8
54125
51795.4
59522.9
45482.4
66010.7
28994.9
39576.3
43977.8
38424.3
34075.8
52867.9
49392.3
49118.5
34288.7
30116.4
49006.9
44921.4
41567.3
48292.8
34234.3
52787
59955.6
55461.5
51919.6
53618.5
57953.8
48628.9
81092.1
55561.2
46855.1
55992.8
60245.5
43876.2
54588.3
48305.7
47203.9
40233.2
47944
39993.4
50256.6
50186.4
66244
48623.8
41200.2
44653.4
51529.4
47291.6
39439
66851.4
40347
42437.7
33392.9
54332
72057.4
37501
37512.8
34670.7
64480.6
62857.4
38649.4
25530.8
26678.2
43356.2
39959.8
47224.7
60444.2
34349.8
56183.3
35659.7
44543
52220.6
36662.8
50725.7
37790.3
51910.5
32404.4
48520.8
52083.1
56452.4
53296.6
41400.8
66954.2
46574.7
38557.6
35290
41188
24465.8
59176.1
38257.5
35458.5
39381.8
20117.6
51241.7
57483.5
57378.2
41032.8
39599.6
36535
43094.9
43922.8
40569.8
36504.1
43199
49463.1
30648.2
34635.2
55015.4
46300.5
66989.1
51902.7
43876.8
75594.6
35186.9
34503.7
45894.3
34964
75481.5
64856.6
53722.4
47167.1
43916.3
39044
66635.7
52713.3
76885.6
61633
44138
28087.3
67306.6
45210.6
61376.1
60541.1
57244.7
51084.5
69723.4
44850.3
34976.2
57413
42593.5
56346.6
49721.3
53741.4
46179.6
43022.6
31911.4
31751.3
66744.2
54006.9
67555.8
54512.6
40392.1
54827.4
56384.5
51814.1
77193
65065.7
55015.4
55671.4
48526.9
53469
48964.9
59634.2
37975
47728.7
57891.3
54783.3
55585.4
32474.8
33438.2
58616
39937
48714.1
52533.8
60644.3
48104.6
33667.8
54486.2
34207.4
60951.3
53110.8
83414.3
36055.2
35649.5
31304.7
48875
52223.3
48753
32757
30283
41919.2
48594.1
48550.2
52705.9
70835
45454.5
56725.8
44779.6
68434.3
46170.4
44227.6
48111
53902.1
41115.4
46927.5
65126.4
56453.1
45123
44271.4
42075.4
41822.5
48863.9
51041.4
55831.9
50791.5
57179.1
56588.6
57460.6
57803.9
77675.4
77680.1
61243.6
37545.7
60444.5
60574.2
48283.1
73158.8
48094.7
50174.1
35005.9
57823.4
73802.5
63054.9
60108.3
54902.1
41207.8
38297.3
40964.3
48729.3
42726.8
48171.1
48826.4
43594
61739.1
48656.9
56990.7
39063
39181.4
53909.7
52528.7
60091.1
45832.6
35039.8
59944.2
72450.2
44234.1
40969.3
27584.4
52848.7
49597.9
41665.4
42164.3
36609.4
39738.6
56629.2
46569
54480.2
65852.4
41316
49485.8
49797
47786.5
49789
42424.6
70489
43426.1
43401.7
40738.2
27291
54250.2
33405.3
44422.8
62328.8
32675.8
30529.3
52015.1
34793
74637
47864.4
29258.4
39410
37920.1
63195.4
40465.6
47571.9
42860.2
34415.1
18475.5
29155.6
41594
53490.7
54348
34557.5
42698.4
27687.2
37514.2
42282.1
33524.2
61612.9
49405.9
27757.2
50190
44876.6
38526.8
52460.2
42812.4
66785.1
48548
39301.7
44642.9
54961.1
48318.4
29172.7
43959
34549.9
31323.8
46280.2
30210.4
50162.9
47993.4
48343.7
52559.1
26771.1
28241
33383.9
63291
51769.6
48437.1
40402.1
62188.1
39467.4
47326.7
39992.6
29718.3
44625.4
65930.4
27300.1
42606.6
35896.4
56506.3
42688.5
71241.4
38600.8
50734.6
55705
33757.3
37646.2
36611
55882.2
39304.5
40768.1
65801
28601.3
71298.2
32913.8
39303.8
51779.8
56942.4
52689.5
39735
30471.3
28377.1
60221.7
45232.7
60603.4
24196.2
40358.6
41646.2
60468.2
46399.8
56881.9
57219.1
47450.2
59284.1
52874.1
51264.6
44284.5
47504.9
31204
38716.5
43317.2
42634.8
36404.2
38797
35312.2
45211.4
51113.7
28803
31645.2
42376.8
62685.3
48929
36246.2
32827.4
68285.4
61144.9
33507.9
31144.1
34532.3
62469.7
46097.6
49611.8
49855.3
31234.7
47109
52527
41186.7
42913.4
34870.6
55646.2
54895.3
60189
44141.8
38345.4
32913.5
34451
58985.4
60845.5
39776.8
54638
38860.7
47369.4
45948.7
62216.5
59476.6
81231.4
55144.3
73917.4
57512.6
45597
38929.3
37197.4
47161.8
38268.9
37056.6
56407
41987.4
56928
48466.8
50735.8
56242.5
46760
61391.8
38549
35984.4
64569.8
50802.2
50762.4
47487.8
65493.5
38603.2
41885.5
50531.4
37049.4
56786.8
61053.6
47841.8
58757.6
58266.1
57817.7
45968.2
39887.5
53710.5
84681.2
48585
56801.4
55995.7
43796.3
58781.3
57768.5
49641.5
56979.4
52498.6
40234.2
55533.3
47982.6
53830.2
58748.8
50488.3
35208.7
59364.2
42224.2
49837.3
43270
55796.2
61648.9
42941
40660.3
38096.8
32714.5
63274.4
31251.4
35279.8
49354.2
50029.6
52580.2
35641.8
44809.3
56717
40724.1
39166.7
38235
40007
59669
41208.3
51974.2
61785.3
72033.5
36589.4
57246.8
39479.2
36338.2
33589.1
40701.8
44994.6
59072.2
52537.2
53051.6
43444.6
40096
52950.8
34336.8
77461
49929.8
63175
43511.7
41275
36064
44681.5
59344.3
52059.4
38470.9
46276.8
48225
62608.2
69569.8
77997.2
56761.9
38177.9
61232.1
51040
58833.5
65334.6
76636.9
53772.9
55175.7
43951.5
51891
55153.1
55703.5
51371.2
59816.2
54718.5
42320.2
78008.2
48945
56775
43498.5
41528.6
43349.1
51981.1
61029.4
71069.1
36599
39918.2
34646.6
40552.4
49123.4
51502.6
61545
40193.8
47717.2
39133.5
53568.1
40917.8
64374.3
43887.4
60112.3
42915.5
49945.9
37854.1
46084.9
48199.6
49260
53911.2
51819.8
35427.4
62142.6
50754.2
47248
53075.8
46103.2
28719.1
41673.6
40162.2
52584.2
38805.4
60331.9
33105.3
47053
57871.5
31951.2
80019.8
66377.8
55189.4
43774.4
44980.6
50767
44070.1
52010.2
53522.9
46256.7
60226.2
56997
78222.3
56934.2
58347.5
43717.7
57317.3
68969.8
60915.4
46877.1
57701.7
49287.4
53749.2
65181.6
56488.2
38888.5
63083.8
54197
45950.2
72988.6
69430.6
67262.2
78422.6
47382.7
36725.5
53726.1
36206.7
78232.6
54073.4
53650.6
50688.1
50913
39094.6
35120.5
39495
60549
64775.4
44434.4
51263.3
51450.7
48349.1
58040.5
53212.2
36961.3
57331.3
51671.3
56969.5
53913.9
58259
63277.9
58952.6
45319.7
39091
47023.4
77350.6
56367
52731
50634.7
59152.5
57709.1
50245.7
58296.2
46861.5
57920.3
51380.6
40768.6
56809.6
58614.8
63518.9
41894.3
52526.1
52702.6
75567.3
47999.8
61549.8
84045.3
55635.1
48659.5
43978.4
77232.3
78939
43223.2
67376.6
34566.4
59729.6
53481.4
55496.2
61993.5
69840.5
71551.1
67186.5
60854.9
77040.1
55727.8
68071.9
57832.6
44084.8
32932.4
59921.8
54396.6
75075.3
60250.7
50254.2
56411
54962.8
43947.3
47112.3
48989.3
57336.2
65562.4
50123.4
38479.2
69170.4
43323.5
39545.4
53401
50983.7
58815.9
40520.5
34525.4
57263.7
60900.2
59586.8
61579.3
50909.9
54117.8
41222.9
53469.3
63529.3
40145.5
56043.8
44673.8
35444.2
47783
65809.6
45755.4
58474
72974.9
43230.1
49760.2
37686.8
44322
48201.2
52735.4
34196.6
44836.3
54948.3
59665.5
51956.6
45895.1
49743.8
45166.6
57748.3
62369.1
58449.5
55668.6
45589.1
68267.9
61405.4
44234.2
52975.3
53689.7
47699.2
52393.8
52375
45096
55358.8
47978.1
50901.8
65996.6
76384.2
59792.7
60523.2
35915.4
35917.8
62383.8
48007.7
59940.9
66550.2
47069.2
54731.6
80888.2
47435.9
63336.5
36625.8
43867.8
59039.4
63387.3
72210.2
76729.6
36064
47613.1
50875.3
45115.7
61787.4
51041.4
41583.7
52280.9
42043.5
52709.5
70495.1
34702.9
51860.7
62401.4
49445.8
43740.2
36055.4
49520.9
33528.2
52633
66701.4
51322.6
47093.9
31367.5
50978.7
67790.6
53222.7
38350
49421.7
64226.2
78095.9
50405.9
44380.9
44730.2
47063.8
76569.3
51115.8
53767.7
38216.7
51837.8
60706.9
73914
83785.2
60812.6
52573.5
34440.5
59694.2
53102.6
50697.1
76152.4
79097.2
29432.6
34787.6
45089.8
52994.1
48008.9
61740.2
41179.7
34268.7
46830.4
39427.9
47327.6
51995.1
41342.7
54211.8
43407.5
45798.4
53639.7
55366
51554.8
52793.3
49851.7
47029.5
53970.2
47436.2
42883.4
50206.3
60271.8
48269
58917.4
36486.7
46799.6
39562.1
57314.9
41750.5
39933.6
47441.4
59892.3
35950.9
50300.5
46959.3
47830.2
42588.6
47079.5
40959.2
76415.5
41556.2
60164.7
33789.5
42723
39510.6
34797.1
57361.2
41648.3
50331.8
36035.5
35390.2
44846.2
30803.3
47918.2
46523.6
46724.2
41078.6
48399.9
75737.6
55965.4
52420.6
40528.3
51000.7
57733.7
69778.3
72643.4
64299.5
73568.2
42658.2
45244.7
53639.9
78509.9
66560.1
63406.3
59973.7
55323.7
40557.6
51651.8
68097.3
59577.9
57416.9
39680.3
66833.2
52721.3
64374.7
42488.8
50190.1
38799.5
45369.3
34119.8
58300.9
47504.6
64783.9
63324.1
62910.9
44594.8
43720
40086.1
41520.6
53385.8
45924.6
43842.5
56345.4
30560.2
70355.8
56452
58044.9
56846.6
42601.6
66106.6
60581
40594.2
83027
53831.4
30837
57230.1
39470.6
57861.8
41738.4
46817.6
55157.8
41670.9
42305.5
47291
66350.6
40547.4
62905.4
45392.5
56642.3
40721.8
39517.7
25743
48199.4
33491.5
40551.1
44850.3
36309.8
30986.2
49482.2
59487.8
58555.2
42039.5
60006.2
40483.4
38623.9
55898.8
46385.4
52608.4
39288.3
59535.4
35884.2
40619.4
45291.3
39870
55359.8
79339.7
40923.8
39105.8
39459.8
48175.4
31940.1
49866.9
45611
61585.8
59307.5
52603.4
30134.9
36089.7
52442.3
37044.2
41029.7
55073.9
42678.6
50051.1
51655.3
29400.2
51163.6
47456.4
49999.7
53297.7
40900.3
42210.4
32770
46463.4
49003
35056.1
39939.9
55933.1
43044.5
39489.9
40093.2
22888.2
44647.3
77326.2
58047.4
59213.3
31988.2
44387.2
56348.3
73452.9
55885.4
52454.2
53147
55776.9
30054.3
67672.8
67420
45517.6
51918.5
34107.6
42430
36511.3
33311.6
39967.4
77140.1
43353.1
42935.8
51286.5
68632.2
64329.7
31486.7
55519.8
46373.5
51660.8
52602.6
53379
73276.7
61750.9
48334.2
46208.3
41846.6
39641.4
70904.1
63299.9
42058.7
36475
24874.2
55302.5
29989.1
45980.2
51469.1
54000.7
49560.4
46374.7
39717.9
48142.5
36891.1
61842.7
50585.3
41752.3
38989.5
65816.2
37808.8
60704.3
53395.8
52711.9
35177.9
51343
36402.1
42597.6
45125.4
39962
51733.2
39987
45889.8
61732.8
36969.2
37648.6
40173.3
52810
39777.6
38038.5
52844.1
61043.8
44155
32529.8
35625.5
56131.2
36155
46989.6
48790.2
49598.7
56730.2
53173.6
48855.6
48758.6
45708.1
38340.6
42310
43787.6
46589.8
35783.8
33373.4
40286.8
61786.9
30994.4
47096.9
77982.1
73912
46472.9
43883.2
55004.2
39560.6
41550.9
40664.5
61937
56947
50557
38212
42439.9
44721.7
36615.8
64074.9
42821.3
31183.1
46943.5
34565.8
66118
59347.2
54665.4
26772.2
52656.2
36662.2
44893.7
50542.3
63701.4
31697
42647.8
55581.4
51993.7
32946
51452
32941.4
56396.8
46174.4
52729.5
59436.5
44846.6
55462.8
41294.6
43917.8
58177.4
45323.4
43172.7
57794.5
46885.6
47320.8
50042.7
33172.2
45911
59975.5
47565.7
53541.3
23633.3
33705.9
26479
52672.6
58170.2
37566
47578.1
31938.2
31755.6
34040.9
57017
40322.7
27161.2
60548.6
61213
26668.2
63316.9
57224
35223.8
30821
44731.8
47096.6
27147.4
45185.3
58079.8
56336.2
34107.4
52344
31304.8
40550.2
60382.9
40744.2
41094.3
48796.5
47785.7
39769.5
32211
39547.4
52967.8
40053.7
38178.1
41164.5
37231.8
31895.7
53571.5
43704.1
31314.9
57442.4
57718.8
46679.3
42694.9
31819.6
32740.7
32104.9
36111
37706.5
48247.8
53058.3
29835.5
33703
37918.8
51086.5
49389.4
50003.9
27540.4
39843.2
43840
35854.2
33324
40356.4
43410.2
43991.8
38404.3
39608.2
33368.6
29014.2
44157.8
55432.4
39310.1
40318.2
47778.8
35910.3
54174.3
46909.5
47179.3
55488.1
37293.1
41275.4
55600.6
42117.6
67457.2
48452.8
38471.8
55805.8
42804.6
48979.1
46145.9
51803.4
41156.4
39727.9
40595.5
46012.6
47377.8
48757.9
31083
38989.3
32114.2
44326.7
49519.9
65264
43492
51455
41852.5
37931.8
52910.1
53691.6
29437.7
50961.3
37718.7
52946.7
35429.6
41442.1
51743.8
41858.7
56924.2
37097.8
37154.5
33693.8
48758.7
57731.3
35192.2
74739.3
61824.8
35166.2
29165.6
53219.8
40332.8
44410
58184.2
38740.4
31969.4
30668.2
32030.1
59482
42149.4
33085.5
47745.8
24524.5
32881.9
72458.5
39847.1
72625.1
43291.5
51571.4
39368.4
52489.4
58848.4
63378.7
50116.6
50577.4
55047.9
59401.8
33557.7
58987.9
50019
46909.7
32698.2
48062.6
55715.5
40199.3
31969.6
51525.8
34709.4
68705.1
46764.3
70266.8
43856.2
70173.4
52173.1
51347.4
36573.9
29728.4
67152.2
62944.6
78111
37504.4
54397.8
61149.3
38286.3
66967.4
55945
45601.4
50184
58626.2
47816.8
55936.4
64506
43755.8
49308.2
41594.2
32404.7
53767.4
49065.7
47285.5
45240.9
30055.6
43253.4
60037.1
61874.6
54396.8
42447.7
48667.2
33816.7
50673.2
55930
51642.2
39522.1
40408.4
57574.8
41490.5
47204.4
55111.2
46437.4
44675.4
49472.2
23875.2
41561.4
37522
36235.2
41786
52947.4
50570.8
52151.5
37669.4
43088.5
43196.8
41334.5
49660.1
37742.3
58842
41485
39949.9
50887.6
38071.7
54584.5
42626
44019.7
46360.2
45715.1
34537.2
55741
51476.2
43176.9
61626.1
51321.1
50480.8
48359.4
63228.2
61928.4
62928.9
49675.9
58997.4
58923.4
57118.3
39308.1
35757.2
42773.4
49524.7
39221.5
35524.3
56287.1
55433.2
49825
48219.8
39246.2
50216.1
51241.3
75572.6
76767.8
58918.5
42196.6
41296.8
33388.8
42649.8
70061.2
41238.9
55725
39376.3
60218.4
39549
54430.4
37470.8
83839.4
57811
31267.9
57039.1
42866.3
43952.8
43848.6
58820.6
60960.2
48274.8
56912.9
47492.8
45014
42413.4
58124.5
41993.7
61648.1
58901.6
42311.7
51493.8
52854
53771.8
49575
48149.9
38488.2
40121.8
44128.7
73440.1
60879.4
34365.8
47933.4
47673.8
42538.7
42918.6
42003.6
45096.9
32450.2
51761.1
46166.2
53190.8
49019.4
50025.9
53700.5
57188.9
58715.4
59795.8
53390.4
39748.6
40242.8
32892.6
64264
30367.8
46582.4
35988.3
62256.6
47648.2
47868.5
27644.6
28553.5
34896.3
47970.3
37460.3
34050.6
47881.4
24861.3
51505.5
34769.5
32207.3
39095.2
59530.9
50161.7
42317.9
30744.2
53251.5
43540.4
37770.4
36237.3
44923.4
44878.9
53779.7
58622.5
45579.1
52162
67097
54425.8
45806.2
45786.6
58333.6
65595
40560.7
39557.4
51279.1
48543.3
58707
59765.8
45805.5
50310.1
55603.8
57546
54206.2
28514.2
37172.7
65851
51034.4
65793.6
44914.4
46101.7
46355.2
33280.3
39887.5
78188.7
55695.8
54494.5
56751.1
62413.2
66233.8
69312.9
42344.4
54873.8
40988
64246.2
68838.4
60059.3
54686.5
41890.8
44161.3
62223.5
61529.1
33213.5
60734.5
44182.5
35983.1
68996.1
43360.4
48541.2
50128.9
46715.4
50959.9
49610.3
59505.6
47557
53334.5
34587.1
52786
35572.6
50757
60418.4
67519.8
53861.8
62175.4
38807
51832.4
43197
43051
58668.4
61322.2
59955.3
52244.3
46030
43387.1
59813
38038.9
62626.2
52625
48796.2
53460.4
27107.3
38965.8
56631.7
42765.5
40759.4
54433.8
33113.9
37550.7
49821.4
60361
41701.3
79974.3
44945
59740.7
54526.7
48088.2
47589
59701.3
47870.4
65170.7
60625
44851
59893.8
49697
52351.4
52039.7
59089.8
59481.3
49309
40037.3
37488.5
72236.8
43244.8
49257.8
51385.7
68355.4
31480.4
56183
44718.2
50653
49602.5
51099
42227.8
43706
54985
47197.4
38781.9
30385
52077.3
62821.4
63943.1
52366.3
46746.5
57411.8
43169.8
36139
61125.2
55025.3
44542.5
52060.5
38378.2
47485
53283.7
53247.5
53356.3
47993.8
36722.1
54181.9
60001.2
40273.2
70156.1
52226.8
48932.8
59149
66110.6
57003.8
59917.4
49020.8
55626.5
56512.3
55397
64028.8
63010.1
52997.2
55258.5
49017.2
46554.7
49366.6
50428.5
62372.8
31143.5
51754
34454.6
37448.9
34195.8
39319.7
45395
33210.3
47036.3
63237.5
64323.8
45465.8
54611.5
44002.2
68283.2
53029.5
35138.3
41782
43595
47634.3
48506.3
64718.2
44167.8
45834.1
48122.4
64060
46214.7
49479.3
49344.2
52436.4
46668.1
42222.8
54369.1
57730.8
67154.9
46543
49764.4
43554.6
67046.4
72762.8
65898.2
66623.9
48378.1
43020.6
30442.6
49302.9
48691
55180.1
67210.1
47475.3
50832
42174.6
62545.3
78504.7
38614.8
42780.6
51627.5
38623.6
50447.3
36767.5
53583.4
52603.3
52159
63734.5
44413.3
47430.4
62015.8
47185.4
61679.5
71172.5
39632.8
47095.4
38508.9
50802.8
47393.2
55133.2
52137
33851.8
51813
53609
50593
70308.7
44019
45342.4
57069.4
33594.2
53170.4
39764.1
49992.7
53836.2
46978.6
33854.6
35031
45578.9
46041.1
48915.2
50839.6
57049.1
56982.2
34771.4
54715.4
51623.9
39915.8
43698.1
60367.6
46275.5
49849.5
57771.7
39577
60983.7
56630.3
58356.7
56340.6
46666.9
45901.9
36272.3
40784.7
31183.5
39073.5
60666.2
44563.5
41785
27787.9
37068.6
40887.5
38181.4
38944.9
59628.3
44847.8
53101.4
37904.4
49908.2
39331.8
50815.1
54395.4
31578.6
53298.6
63663.4
37245.7
49289
33928.4
43308.6
51867.6
57365.3
43931.2
25563.4
32146.4
39306.9
38654.6
44079.8
37791.8
56781.8
49746.6
33799.8
39337.6
43351
51865
36893.8
45680.1
32379.4
63262.2
44020.3
29529.7
67395
39986.2
51137.1
43216.8
56039.8
43990.7
43755
41099.3
36921
42628
40563.4
44493.4
48979.5
41198.9
32110.2
34963
32984.9
49491.1
54324.6
39980.1
34831.2
39873.1
38362.2
43779.4
42223.6
41504.2
38343.2
35035.4
30936.7
30953.5
49319.8
29690
32128.2
42639.9
34721
47075.5
47127.7
38118.8
47529.4
23764.4
46485.6
36807
39690.9
46275.6
43147
38703.6
43085.6
31165.8
47955.1
30996.8
38150.6
35660.6
42239.3
27828.9
51526.6
38465.9
53993.8
56643.4
36750.4
33862.4
31358.4
47521.4
30308.9
44563
29075.5
34787.5
35340.1
36210.8
28564.1
46476.4
38689.4
48299.8
37809.5
37140.5
40232
22719.4
60111.8
69152.9
47689.2
33412.7
28233
33551
50270.8
37836.6
32274.6
38667
33321.4
39711.8
46241.4
39955.4
35389.5
55634.6
25645
47322
34467.6
54614.8
34797.5
33201.1
31579.3
54370.2
43018.3
49563.3
40901.2
59542.2
61606.6
34038.7
53707.8
43315.7
33188.8
42617.4
42627.9
67482.6
48411.7
51151
47410.5
57939.8
48319.8
52175.5
42657.4
49838
56195
44648.1
42715.7
59867.1
43727
62518.1
36634.2
32514.1
68371.1
39663.6
42820.6
27080.7
46860.2
67259.3
29683
60793.8
41117
53269.6
31173.1
57728.5
44557.5
54025.1
61894.8
46004.6
37568.6
37789.9
71023.8
58524
59041.6
48527.3
60442.8
47002.2
41117.6
63669.5
51415.7
51037
48299.5
33822.2
25469.9
39703.5
42284.1
41615.5
45126.4
51620.5
39564.8
37529.3
55155
39596.8
75727.3
31231.4
36892.3
31120.6
46651.5
41983.4
50636.6
36915.8
55615.8
35618.1
44248.6
26328.8
50944.5
49489.8
62030.1
32368.7
28089.7
43880.3
38408.2
51186.6
42297.4
27952.5
30284.6
37679.1
56271.9
61156.6
50456.6
40035.8
38919.8
51805.7
40024.9
53677
47601.4
61590.6
34396.3
38637.6
54495.4
31557.9
48714.8
51335.4
55117.6
72456.3
53481.1
57409.1
41484.8
65027.8
43605
38154.2
50730.3
49641.4
71366.2
73891.9
42290
55619.6
65660.2
35662.9
46238.8
58436.1
64820.7
47198.1
39009.2
33634.2
47087
67767.7
52765.2
53492.2
35406.1
45266.2
47444.6
41364.6
38841.2
38229.5
32781.7
49553.4
39661.6
40968.2
68959.9
37868.3
44511.1
30066.4
31143.5
43402.3
52814.6
50830.5
50119.1
47889
32737.3
32208.5
52565.4
54023.4
32889.6
59927.2
48884.1
36561.8
48459.2
59562.7
54268.2
52741.7
44341
50018.2
27356.2
60051.7
67468.8
61727.8
50501.7
44815.9
33766.3
37083.8
56421.4
52542.8
49013.8
54539.1
29413.6
44516.1
60447.4
39481
41986
42044.3
67793.4
39460.5
41512.4
52284.5
34423
61899.1
67037.2
43906.6
65051.7
41571.8
46292.3
41739.9
47015
42619.3
67950.6
29779.9
34709.8
43301.8
44523.5
33549.3
51708.2
43103.7
40030.7
54479.4
48728.7
59548.6
65572.1
47043.5
63848.6
42796.8
43805
40862.6
70525.8
41840.8
38958.7
42519.3
56588.3
36197.4
40704.3
38414.2
42292.5
50643.4
54505.4
43276.2
42686.7
41227
61214.1
54681.1
55226.9
31083
40269.7
36852
40448.6
44373.4
53720.2
53571.5
58550.8
73285.3
49578.1
40772.1
51520.3
41598.6
38197.8
54237.4
45387.4
43491.8
56301.6
32696.3
43232
62333.6
64917.3
39785.2
31496.3
63044.8
61003.4
50507.8
45444.6
59657.2
40024.2
31168.5
70844.8
50321
57873.3
49040.3
49084.4
44591.4
48523.9
58164.5
42545.4
64510.8
35031.4
52910
49695.6
55798
71454.6
70661.4
42851.5
47707.9
50105.5
53721.4
48305.8
61071.4
38933.1
44423.8
43059
34769
61930.6
74723.8
68491.1
49689.8
45705
47414.7
35464.6
53529.4
49376.2
45525.5
57072
33964.5
55812.7
48164.6
30231.1
41978.8
64937
62484.3
60562.5
42963.6
47896.9
59319.3
43755.9
48773.9
57486.3
74281.9
40162
37141.1
47722.7
42995.5
58569.4
34970.7
46258.3
50292.8
46630.1
41709.1
43772.5
55187.1
52085.5
62750.5
56062.9
29574
43094.6
29528.1
56821
48853.3
49074.7
51511.9
62043.4
43157.4
58834.4
53272.9
62720.6
55300.7
48098.9
40547.4
42589
84713.4
52099.4
25123.9
46683.1
56315.7
32380.4
42164.2
63941.1
69257.7
60472.2
50464.6
56617
50986
34134.1
43409.8
45991.8
56903
65377.4
64359.7
56376.6
51215
46669.8
44113.5
41032.4
67555.2
65362.9
47772.1
45130.1
43510.9
41331.9
56491.4
76885.4
65234.2
41697.7
44467.6
35598.5
33405.1
36654.7
62800.6
56791.7
53902.8
62922.2
46414.6
46384.7
31869.1
49544
28561.7
33925.1
33081.3
46097.4
53863
48387.3
58342.9
38034.9
56233.6
23351.1
35378.6
62809
33195.1
60325.3
54524.1
50371.7
42993.4
42688.5
58994.5
44382.2
34100.8
43149.3
49738.2
33895.6
50683.4
58499.7
49166.3
44621.3
59138.9
45279.8
41769.4
48275.1
34951.8
35209
41499.9
64819
69188.3
57537
50956
30771.8
60296.9
50676.6
47295.9
41587.9
41712.6
56548.7
55108.2
49942.7
42552.3
47297.6
49119.3
63811.6
52249.8
53594.1
51116.8
66756.1
45316.1
50768.2
33703.8
46291.4
41466.4
40167.4
45256.9
53949.4
52603
54434.6
38686.6
40243
40953.4
56700.4
35292.8
43106.3
38056.2
50675.4
35361.6
43166.6
44639.9
38530.2
39686.6
42017
45407.4
42504.6
56905.6
48531.8
36551.6
52731.3
35462.5
55315
67850.7
27272.2
60248.6
66863
28641.4
55851.5
35492.6
44067.3
60819.9
56293.2
33064.2
57626.4
54697
51661.4
58190.2
50153.4
62479.8
40857.7
40483.9
47390.2
41783.4
46767.5
57745.4
46820.4
44069.5
35867.9
49836
62936.6
70863.8
56341.4
42680.4
44122.5
64583
40379.8
55233.7
58866.1
56243.4
27254.3
45791.4
54508.6
32160.5
81034.7
60053.6
51490.8
55261.4
46161.8
55957.6
43871.2
70418.4
69160.8
63153.7
30623.4
68719.2
68250.6
47691.4
59876.7
38839.2
34734.1
55250.7
71986.8
32559.4
36536.2
43402
41898.1
32997.9
57240.6
53101
48229.4
34808.2
48768
31639.8
30433.1
47544.2
56809.3
51749.4
46419.3
39699.5
33302.6
36825.5
54304.8
64838.6
66001.3
46648
38955.5
50369.9
41438.6
49386.9
40205.4
46187.9
36545.7
33563.2
47346.4
40905.3
34653.3
45672.2
30287.8
39831.4
40588.4
45853
38223.5
37713.6
35087.4
37938
34952.1
32025.5
51172.6
39338.6
48451.7
24103.7
35476.6
56361
68135.6
49265.6
35903.8
31683.4
40012.1
47721.5
48013.4
47324.6
40699.8
53796.4
32204.1
54770.2
49308.7
52088.3
51846.7
34018.2
56422.9
37947.8
54678.8
34037.8
37057
25973.7
35542.9
38742.8
58598.5
40529
50204.6
39800.2
50268.6
40477
37816.4
39512.8
53391.6
46919.4
46793.3
38866.7
49346.2
40184.2
45192.9
34248.9
48656
59419.1
39031
40283
45941
56334.1
45673.8
29374.5
48774
37499.7
60757.6
39118.5
56000
27075.4
39905.4
58256.6
73994
56949.5
37551.5
57221.6
44380.3
42068.2
41718.5
46733.4
51575.8
47798.9
60876.6
36602.2
28708.5
40695.9
39027.1
66202
54679.9
36339.4
53943.5
49740.9
52726.6
44116.1
39124.5
48794.6
54493.6
83882.6
76321
41462.2
28439.4
31060.6
28916
43280.5
52213.8
66830.2
55395.1
44464.5
48488.4
43975.5
49790.1
57591.7
27519.2
44344.4
34912.2
69278.1
61418.6
56975.4
28811.3
56740.6
49799
31915.3
50991.2
42280.8
52932.7
48904.6
40530.1
36032.8
54810.4
45109.6
26426.6
43667.3
54215.5
40217.7
38256
33577
39254.2
46949.5
40437.7
53707.8
37828.1
49960.6
69969.4
47376.1
53553.8
49680.3
53633.2
34746.6
51358.5
51118.6
61184.5
64108.7
45941.8
29423.2
50451.4
32143.2
34479
34595.9
43061
44613.4
44921
47542.3
36606.2
33848.5
41603.5
39618.6
55383
43136.8
42706.4
42892.2
36410.5
40320.2
69067.4
41143.1
67259.4
43690.7
42608.4
43715.9
44400.8
42007.8
55840.2
58471.9
68958.3
36470.2
56161.4
25650.6
45720.2
49936.5
54910
51453.6
67217.7
32523
32135.4
46644.5
39810.2
44957.8
41523.4
55156.6
70721.1
53558.8
42403.8
53332.2
45065
54619.3
55913.7
37128.6
61495.9
39963.3
27130.6
42780.4
46445.7
38459.3
47193.8
26151.1
42549.5
26095.9
53459
49745.7
42265.3
47743.9
49816.1
52390.4
52013.8
38226
49260.4
53455
40210.3
43756.9
38205.5
72206.6
44603.8
45597.1
35421
32899.8
32076.8
48964.9
44084.2
55294.2
46545
39259.1
38791.8
52653.4
55912.8
41891.2
47375.8
35700.9
44578.3
37397
73156.6
57367.8
55748.1
45488.6
50125.6
56362.2
49267
53379
42914
67074.4
47411.8
50889.2
43802.4
62432.5
54431.4
44187
37466.2
34891.4
47318.9
37464.6
65803.7
29107
42332
50203
71829.8
48797.7
31839.1
58339.8
48986.3
35802.6
44321.8
45476.2
73406.3
55233.6
50729.8
70657.1
39811
39366.6
45337.1
53545.1
52724.2
48023.8
50492.8
46129.9
45352.6
36775
44864.1
43160.3
57017.4
42217.6
37524.6
51037.3
47232.6
30922.3
45048.3
50455
39542.1
49305.2
50349.8
47843.4
65097.4
41235.1
66349.5
49158.8
48208.9
59710.1
65088.2
49494.2
43829.4
56993.5
54066
52193.2
50849.9
36753.4
34531.2
77677.3
43832.7
42541.8
32691.2
40731.5
56855.4
63157
57653.9
66556.7
41923
43722.8
32784.1
47666.2
61021.9
52352.3
51326.3
36585.3
59475.4
54490.7
69107.6
53002.7
53095.8
51029.8
59699.6
67919.1
41563.3
67428.2
28369.8
48763.1
46262
52086.5
53355.4
56338.2
39040.5
48636.4
49251.7
54222.5
66451.9
50260.3
40455.1
54990.2
37543.4
41744.3
64971.4
66252.6
34610.6
68014.8
56714.3
57819.5
53599.9
57798.4
77680.1
66646.1
42106.7
49233.8
38273.3
54588.6
58185.2
56701.8
59875.6
48439.8
47263.8
29473.3
50126.2
57951.2
43642.6
59868.2
36105.7
40771.4
41142.5
38043.8
46320.8
71123.3
38745.3
47468.7
49998.6
50821.1
47519.9
43962.3
50054.4
42394.6
45194.9
51522.6
46093.7
66579.3
75340.9
49124.3
33283.8
36721.4
36569.6
52713.4
36829
54552.5
40373
53021.4
45443.8
34942.9
36305.7
49795.6
61927.8
45692.2
63958.9
43113.1
49810.6
39244.2
50976.4
36498.2
43588.2
37771.7
43544.1
42946
48437.7
48115.7
38862.8
30293.4
70482.2
45996.4
63854.2
49890.9
31890
29713.7
35530.9
60477.2
34829.7
33502.3
43129.8
39847.5
38242.3
44170.8
50891.4
67279
31640.8
24299
58961.9
43916.2
48656.6
38780.3
44148.2
51098.9
49897.4
30226.1
74180
56947.6
73551.4
45532.5
27932.2
49611
37963.8
30474
31247
45110.5
45319.7
53428.9
51103
56937.5
41641.3
61973.7
44792.6
62059.2
55977.4
58793.2
38415.1
32999.8
47851.4
49785.8
38300.3
48421.4
25272.6
37314.6
37739.8
62938.3
48620.4
55824.3
41625.9
65876.7
53225.1
38261.7
27010.8
23971.7
42899
69531.5
34679.2
41796.6
51009.5
51078.7
37185.8
49955
53067.8
51420.6
40302.6
36428.3
40200.1
57676.6
47226.1
19071.3
53121.6
31134.3
32209
55223.7
45365.4
56552.2
40576
37417.7
54362.5
30607.8
39264.6
45800.6
40788.7
49974.3
40814.1
61837.6
33398.5
39453.9
42950.5
51586.6
38494.7
28141
26254.5
56329.8
31314.9
46505.3
40401.4
35658
39510.2
51547.8
42545.8
39712.2
44985.8
39282.2
34364.5
64821.5
52593.3
68380.6
41836.6
48454.5
37307.9
42492.6
38864.4
37345.1
44936
50411.8
52525.4
36402.8
39229.9
58571.2
55886.1
34770.5
48519.1
46264
54088.1
39501
42235.4
77532.2
42686.3
31646.2
44612.9
25043.7
32572.1
56870.7
68353.3
74508.2
46906.9
58863.5
53319.4
54080.1
50919.3
32635
36038
45358.6
48284.3
66513.4
56273.2
40641.4
60555.4
47337.5
43173.8
66517.7
61732.1
52526.2
52230.6
41847.8
45270.8
42860.6
70276.6
36880.6
38833.2
47845.6
53698.2
45763.8
49854.1
39814.3
36856.4
45129.8
36855.8
35621.6
40605.9
46986.3
66165.8
45750.6
60117.6
54047.4
55451.4
57166.3
61017.5
38719.2
39891.1
28633.9
26366.6
53689.6
63641
57093.3
39679.8
30089.3
52452.3
47022.6
54162.5
50044.1
41912.2
54486.4
32853.1
77815
71688.1
39664.1
40935.7
52216.6
39190.9
38164.1
64605
50316.8
46836.7
47549.9
35502.7
48445.8
42997.9
42576
56730.4
51921.8
40687.3
30543.4
34787.4
60169
71789.4
38965.1
68218.3
51779.7
44951.7
55734.6
69549.2
67191.8
56412.1
54876.4
37942
32657.6
39584.6
42525.9
42014.4
44881.8
51590.4
38799.8
60583.8
51944.5
36308.5
51321.6
27295.3
23992.8
50850.3
46659.8
54239.1
58629.5
37451.4
47320.6
27156.7
57837.7
35125.6
52707.7
41624
37389
41174.7
31819.2
39808.6
42350.2
61828.7
54392.3
26491.9
44001.6
37772.2
46285.8
28150.2
48938.7
44904.8
29259.2
52969.4
37058.4
45217.4
41465.4
43720
41820.3
52425
49099.9
44005.1
45817.5
54719.9
43489.8
59065.4
59144.9
46586.7
53566.2
49627.2
73718.1
49743.6
40876.8
45975.4
47748.2
34550.8
39351.4
50083.1
45923.8
35642.6
57794
51190.2
51535.4
40496.2
58663
44669.2
49676.2
61183.2
59940.1
39631.7
52748.9
59719.8
43227
54806.9
58129
64569.1
52498.5
58761.1
43193
49426.1
55946.6
39699.5
57072.7
37679.4
51243.4
52100.4
46031.7
46760.9
51355.3
64272.2
55464.3
44818.7
43725
50151.8
29266.9
55104.2
48045
43583.8
56729.1
58015
50713.2
39297.8
60813.5
41202.2
36158.1
33753.8
63225.1
60901.7
29290.1
31909.6
38882.2
52686.6
47248.2
43764
53962.3
68747.4
42217.3
42511.1
44318.4
43741.8
43497.7
41282.7
33509.7
53101.1
53100.2
36423.9
44478.4
66210
51162.5
49942.6
49354.3
51855.4
53262
45579.1
40490.4
45564.5
45744.6
32686.8
65725
46143.6
39654.9
49723.8
45151.3
55813
33448.9
39767.8
38805.7
29071.8
29552
33715.8
32542.5
36373
54892.6
30137
47924.9
45953.4
48080.5
39325.5
37341
50459.4
73389.2
39478
59857.8
51465.1
44056.5
50970.6
41510.8
56460.5
41157.3
60792.2
37842.5
58970.6
47928.2
36016.2
39168.1
70526.5
51100.1
49025
53499.4
40572.3
48451.3
65478.8
55443
42984
56596.9
65059
40751.2
57724.2
66784.6
74785.1
60469.7
67271
82902.6
44328.6
38095.8
55804.7
41321.7
45051.5
47159.2
46890.4
36767.8
57452.2
77788.6
72068.6
48837.8
37090
38663.5
57034.1
49092.4
56667
42569.6
46613.8
49764.1
48288.6
37947.4
55234
71816.6
58277
51772.2
39290.2
56617.8
45747.7
51319.8
69638
44742.4
38922.3
42457
68825.4
55212.6
37193.2
69705.4
72982.9
36136.7
48678.7
75072.8
57332.6
45921.3
44890.9
61560.4
54992.6
54015.8
41024.2
37556
40037.8
66800.5
45214.4
42142.6
82565.7
62536.9
69781.9
49040.6
35707.1
44688.1
61959.4
50558.8
68169.3
71713.9
48435
44517.4
43375
36491
52633
57727.2
41879.1
62174.5
50896.6
48806.4
47758.5
59189.5
43997
41159.8
43464.2
56956.6
41389.4
47530.4
41512
40216.2
44660
69154.1
71953.7
45172.9
28667.8
47005
59958.7
26722
45345.8
52563.8
62844
56644.3
86099
55327.4
49260.5
51049
57654
79042.3
55893
40946.6
66706.4
45280.5
45276.3
56678.9
48888.6
59410.1
50523.7
71878.4
58870.8
49461.2
72200.4
57429.2
71840.2
37490
44367.2
57402.6
59268.6
67592.2
67422.4
35812.6
44855.1
47993.4
60641.4
52027.6
55168
42362.6
54668.7
57315.4
50404.9
59020.4
41875.3
66052.2
52158.8
34392.9
52231
73946.9
51602.9
54585.7
60632.9
64345.6
47786.1
52592.8
40279
51796.9
42697.5
48988.5
33388.6
55171.6
24393.4
42566.8
33393
61575.3
38637
72144.2
64019.7
53069.9
43685.1
50599.6
50766.2
55971.8
61375.8
57573.2
46564.1
61711.7
58252.9
48846.8
44625.1
31053.7
43612.2
61472.4
48107.4
58357.1
55299.8
52507.8
33780.1
54686.2
46995
53499.4
31368.3
43388.4
54673
65695.4
51593.6
58766.1
48841
31920.8
39632.6
45382.6
32521.9
41289
66597.6
59738.7
65058.2
32231
53136.3
68738.4
56036.8
56655.7
39116.7
42434.2
57743.3
37244.9
44829.4
45714.6
53178.7
32253.4
36471.4
28171.2
79037.9
62452.4
44063.2
48623.8
21983.8
61238.2
61267.3
49562.6
50049
46596
28577.3
44293
35196.2
74194.5
49455.7
50464
63799.8
32581.8
39791
52517.8
65641.5
33718.1
43896.2
39386.2
38405.2
56318.2
44329.5
44164.5
68045.8
66246
40985.5
51101.5
53183
47772.7
36249.8
31733.3
37700.8
32048.7
49282.1
36838.5
46810.2
22838.5
49389.5
68196.7
60345.8
32704.7
29496.8
54859.1
15629.5
53752.7
43062.9
30122.6
48160.1
33293.4
41517.6
51333.7
53934.6
48732.9
55106.4
57339
46577.2
37693.5
41786.8
25736.2
50540.6
47522.3
52151.5
36985.2
42679.8
46767.7
49609.2
70456.1
58906.4
54228.6
47882.5
29574.7
43124
51349.7
52467.8
60765.5
51279
56817
29079
26468.1
29139
32762.3
70446.2
42452.6
61572.5
39333.8
46942.6
41694.3
65086.3
39309.2
51154.4
38071.6
33772.2
51440.7
48853.8
39279.4
69843.7
44094.9
40922
67752.9
51696.2
47591.6
56416.8
57912.8
77474.8
54707.5
32288.6
52290.1
44865.8
51998
65401.7
36881.8
45484
43128.9
64204.3
42975.8
73502.2
44386.6
31271
60453.6
41233.2
45271.1
57761.8
73788.8
34294.5
48289.2
37874.5
49356.1
54782.8
46523.8
45607.6
63724.2
29905.4
40555.4
52673.4
59396
45409.4
63830.1
44195.9
61618.2
59068.9
45816.6
47864.7
48490.9
41179.1
52304.7
62737.9
32900.6
48849.5
46857.4
42249.8
70812.1
50232.2
77192.7
61451
43147
29193.8
41993
41247
46364.5
39170.2
35469.4
52407.1
38647.8
18515.3
59135.3
71529.3
42041.1
58020.4
80926.4
46095.3
53599.6
47521.7
45683.2
49500.6
43756.2
33233.4
53596.4
45156.6
47084.3
45064.7
34998.6
38240.4
48454.5
36559.1
34967.1
65230
31324.2
49270.8
39570.6
45393.1
41313.8
45283.8
51247.6
36768
40024.7
44425.4
42951.9
54255.3
38484.4
46511.4
45948.6
36526.1
45843.1
60738
44913
43764.3
40127.6
68484.4
66194.6
43285
29387.5
48098.3
40976.5
45089.1
40619.3
30796.8
68601.6
51811.3
41854
32813.4
55311.3
64913.4
46230.6
55222.2
51238.6
42669.7
54717.8
38945.3
49925.6
54617.9
53439
64166.9
46008.5
48023
32320.4
49221.7
37583.6
50464.6
49196.8
37596.6
41361
42053
35515.8
44587.9
26569.8
57493.6
30577.8
36383.4
31350.5
46833.4
28582.5
43584.8
37951.1
33314.5
42585.3
47262.3
39010.8
27768
48422.4
55411.4
50191.7
36079.8
39870.1
43197.4
51170.5
57393.1
56362.2
56979
39797.5
20814
36032.1
31746.2
51583
55333
66500.2
41967.9
36364.4
54560.1
41342.8
49736.1
58013.5
47278.1
57149.1
48103
43855.4
40095.5
46071
33995.2
68846.7
46566.3
38395.4
53573.8
65112
57708.3
52944.8
36026.6
56844.6
45566.1
54080.3
62449.7
46960.3
56948.7
46675.4
38973.2
52030.1
44289.2
51516.6
53232.4
50918.6
56591.3
49658.8
63021
57179.5
44509.3
72128.5
48783
50036.5
55098.9
39633
44707
62866
44928.9
54642.5
47428.3
42664.2
61279.2
65987.8
56515.9
32553.9
48389.3
61216.6
51669.6
64141.5
53351.3
51298.6
68965.8
50970.2
46192.5
47169.2
56206.3
54620.6
79355
58920
53988.9
44572.1
39585.4
42486.2
77455.8
55076.5
55264.2
49215
42376.6
48233.4
33214.7
51353.9
57985.4
55196.3
27370.9
46647.4
43344.2
51642.7
54219.3
59265
46931.1
44691.4
54769.9
41317.5
56502.2
51732.6
72611.4
57509.4
35763.2
62897.2
51342.5
45987
43880.6
48674.5
60259.7
70708.1
62071.2
60763.3
59534.8
60073.8
53464.3
67708.3
46613.4
46323
43104.4
59070.2
55727.6
49933.9
79531.9
70904.6
46395.3
54695.7
34547.4
71892.8
77291.7
56386.2
68619.4
39651.8
58558.2
39421.4
51339.4
62108.4
46813.6
52204.5
37768.3
41846.8
57184.8
47963.6
54176.2
84610.3
66662.6
45730.2
63421.2
51942.6
46569.7
50698.2
64587.5
67298.2
51833.1
61180.9
35000.6
62911.2
58233.9
66971.1
44193.1
43866.5
37415.6
61760.6
75698.9
59275.8
63666.6
34807
46507.2
46707.9
70716.5
63709.5
55667.7
51458.5
33228.3
48120.7
69264.8
52867.7
41199.4
35735.7
50277
32601.2
76689.5
67212.9
52954
51504.9
65701.2
53921.6
58125.4
58308.3
39937.7
53946.1
43143.5
45306.1
50480.4
49196.1
62172
37043
45834.4
53556.3
48984.2
35085.9
46708.2
55813.6
46556.4
44660.5
57884
46865.1
63563.2
46789.1
31414.6
57857
47835.6
57057.1
41661.8
42422.2
52758.9
58302.6
52829.4
45695.4
30247.7
52743.8
35191.8
51941.9
27067.8
39703.9
59064.3
37664.7
40375.7
51108.6
47397.8
54455.5
34835.4
42353.4
64021.4
66770.1
55366.7
40616.1
36438.6
43521.3
57637
42478.7
39609.9
44453.6
35704.5
45934.1
39107.8
36057.4
39340.9
62361.1
42362.8
45056.3
52941
41155.2
38965.8
51706.1
32994.2
54413
37373.6
41538.6
51214.9
44200.2
41300.9
53998.6
45263.4
38398.7
32421.4
48623.4
52645.7
48626.3
49861.8
47509.4
31818.6
46387.1
34952.9
40530.2
39747.7
40297.4
32696.3
51029.3
44069.2
49363.8
36383.1
40152.7
47615.5
45476.6
58423.2
31048.6
39572.3
31714.2
62695.9
22199.7
51479.9
55474.8
56551.1
59601.4
52905.9
47390.9
70314
45630.1
50203.5
58374.7
40662.5
53203
40550.8
66091.4
37003.6
54858.6
69196.2
35803.4
69112.2
36294.2
52268
32223.5
53703.8
48102.5
42247.2
47082.2
62055
45290.6
64640
49739.3
59396.3
46045
56599.7
45422.9
45064.8
48965.9
38285.9
61234.2
48923.3
45751.6
57312.3
43634.4
43138.7
42863.1
47319
46618.3
48367.4
64634.2
45337
49769.5
25493.4
59106
76202.5
64962.8
43444.6
39355.4
56501.9
33701.8
50080.6
51479.1
50005.4
55946.7
56125.2
40483.1
46250.5
56064
62656.9
69009
52137
26043.3
35703
48591.9
54843.2
75409
36655.6
48346.2
28469.7
53153
63285
46992.9
49267.8
58880
32724.5
36758.6
46878.2
40480.9
51657.8
75320.3
64061.1
63254.4
48846.7
35118.9
41869.9
63224.9
46501.7
42226.3
40105.3
59414.2
42224.3
51741.7
56210.8
50301.4
32539.5
41346.6
46654
38380.4
52795.4
47084.1
45155.8
51358.7
48601.7
29850.2
59073.9
46280.7
81792.2
66028.7
60218.5
48121.7
42123.8
41618.4
73417.3
77046
56983
64975.9
49192.8
51698.5
55283.4
37628.1
53355.6
46077.8
59314.6
38239.4
57144.3
48133.8
66074.6
54465
42612.9
59180.3
45944.6
40370.4
52263.8
58969.2
35778.8
62984.2
78778.2
50419.2
44432.2
47098.5
39961.1
50818.5
61976.6
47734
44682.6
61047.8
37618.2
42913.2
35277
50468.9
68793.3
44630.9
48685
41688.2
32821
68356
41537.4
33565.2
31671.4
23938.2
60059.4
35099
38356.6
42104.5
39578.1
20313.5
33956.6
37410.1
33387.8
57879.4
56628
74363.1
50939.3
47986.6
46839.9
41437.3
54346.8
64649.4
45061.7
34825.7
48597.7
53895.4
40088.2
37093.5
38103.5
49390.1
45269.5
35050.1
52079.4
48684.8
36792.3
31560.3
62200.5
49551.8
54153.8
73822.1
50283.5
38775.6
42826.2
60767.4
65415
39701.4
51241.8
36144.8
42611.1
51776.4
50981.3
39804.2
74689.4
57259.6
35193.8
62240.5
64617
56962.2
45391.4
19814
33305
37657.2
68537.8
42649.6
50115.6
47157
66580.8
50181.4
46843.6
51803.8
54380.1
36515.5
19661.4
45898.2
42978.1
51384.7
39078.7
61184.2
64584.6
43062.2
61230.1
37581.6
33010.2
58985.3
57964.8
60253
41524.2
45590.2
47900.2
47361.9
45154.4
37063.3
63941.4
39767
26329.7
30479.8
26181.1
51563.4
58363
35630.2
43586.7
41919.7
20818.9
39325.3
49072.3
42605.7
46072.4
40372.1
57905
37321
32282.6
47344.9
53873.6
45384
38249.8
42418.1
64280.9
39946.6
58683.5
58347.4
68097.1
47394.5
60304.7
58502
49885.8
60646.7
36517.1
42239.2
43863.8
32752.3
48016.4
63713.6
49216.8
57852.8
37674
57107.3
62874.2
69312.6
50826.4
41853.1
49904.2
48040.2
60609.2
74052.6
65740.5
46573.4
29610.3
35885
46530.6
60354.2
53784.1
73457.4
69858.6
56585.1
41777
35986.9
54751.2
38806.1
56468.6
35188.7
50514.5
57686.2
44348.9
61910.3
51853.3
55930.1
42805.8
39071.7
65002.6
39691.4
50089.7
49220.4
55808.3
50226
47561.5
39119.6
40566
51377.6
62408
55795.2
47289.4
34638
47957.9
36117.4
64615.2
58392.9
51501
46761.1
46152.2
34450.6
30118.5
46992.7
61302
58038.2
31931.4
32615.5
42943.7
57196.6
43166.6
43983.4
28082.8
44319.6
66656.1
51843.8
35576
42605.7
32700.2
23210.7
51693.5
56314.1
37670.2
59247.1
47199.4
26873.8
61692.4
71427.4
44320.6
39744.2
38261.4
36283.8
59769.8
37101.2
45892
61650.4
28190.1
19289
43274.5
50655
53535
57863.8
30757.2
65412.6
45641.6
57420.4
40666.4
44733.8
32774.2
42985.3
43864.6
42976.6
66169.4
31664.7
56928.1
59909.3
59113.4
37455.6
36795.5
61369.2
51291.7
47713
56314.1
60731.2
39443.4
47272.4
42692.6
70517.4
62751
42922.8
37120.6
33184.8
44947.2
61619.3
51913.2
53962.6
38133.8
37958.4
37681.7
30101.7
45605.8
60989.3
28944.8
63106.4
50911.6
32893.2
30879.4
32512
57358.3
35585.8
44484.9
32959.4
25891.3
62509.9
48151
56188
43866.1
25173.6
30339.8
26162.4
42905
39053.7
30176.3
54523.1
47854.9
30379.6
46869.9
50962.7
43572.6
42608.6
39642.5
35969.8
69314.6
51497
26858.5
48418.2
48454
50193.8
47774.5
46234
36789.9
44649.7
46453.5
28200.7
49399.8
50764.8
45296.9
35411.3
47116.7
32544.3
42062.1
41156.1
61714.7
38950.3
34889
38674.2
66127.8
54818.1
42235.7
42947
52698.7
36780.2
36078.8
49937.2
38754.7
55223.7
53597.1
30383.5
50188.3
61653.6
46815
58663
52200.9
35820.4
47645.7
52629.4
56206.9
56672.9
42570.9
57253.8
55416.5
43788.2
37627
38569.5
40208
41769
43660.9
68638.2
42051.8
51669.4
56243.5
42775.6
44300.6
35710.9
51130.5
72735.4
51882.2
48505.7
45553.4
42506.2
62771.6
48380.5
50107.4
46113.9
33261.1
40671.9
32446.8
37510.1
64767.6
60365.6
41274.5
25850.2
56565.5
44936.3
64629.6
39504.2
41930.9
44735.3
33326.2
51433.1
35565.8
37966.6
42207
53837.6
47978.2
39461.6
33967
42527.8
76901.8
56435
48767
31607
34257.4
36210.6
39573.8
65753
36318.1
77493.6
48558.2
38041.6
46348.7
51449.9
44312.7
51331.5
49100.9
51148.2
43129.8
51914.5
42275.9
84397.8
34059.1
37756.6
54049.8
58269.1
31041.9
63138.4
33651
52657.3
41809.4
41935.9
41210.6
64183
36677.1
43328.2
38770.1
58376.5
62128.2
46767.7
43621.6
47450.3
46342.7
46141.8
58323.8
60956.2
61698.8
63497.4
52856.3
40717.2
61500.5
45753.5
43656.1
63350.2
59999.2
43709.4
31592.9
50856.7
54163.8
58195.4
61654.3
52376.2
44042.3
61383.6
61408.2
53103.8
54759.3
45338.3
37855.8
45355.2
45942.5
60463.6
61764.5
36420.7
34592.1
46108.3
40992.1
64249.7
51579.5
31139.4
52211.3
64580.8
44917.8
65414.5
56086.6
38183.1
40587.5
51139.2
38346.2
56395.4
47314.1
37967.9
36363
44173
31604.5
49058.8
38139.7
37083.6
35446.9
41020.2
49027.2
51345
61000.8
38585.4
41542.7
30248
44595.1
44745.9
45444.2
42829.9
38017.5
37499.4
34357.9
56926.8
52439.9
39147.8
62331.8
57961.6
50234.7
39955.9
70576.9
39957.7
47152.3
38112
42128.6
51574.7
51565.2
58848.6
39487.2
36477.8
35458.8
53083.8
29589.4
59133.5
31094
57167
48330.9
36615
25891.1
46006.6
41571.1
60581.4
43209.6
48875.8
36491.8
61588.3
50000.6
32616
51305.3
37852.6
37854.6
40456.1
46604.2
57106.9
38707.9
46104.8
35756
60227.4
58730.1
57189
40614.2
42779.4
49872.7
46955.2
51631
47496.6
46907.8
37999.9
46903.3
49954.6
42633
64902.6
45550.2
39189.3
38358.6
48170.9
54758.3
56121.8
56778
52174.3
63609.2
49265.1
49515.6
63057.5
34594.2
61691.8
55778.5
42116.8
40397.5
41632.2
35955.6
40571
45484.8
41244.6
68749.2
53951.4
35144.7
78379.9
50484.3
37489.3
49395
33348.5
36181.1
66328.3
36131.6
33518.6
39881.7
44420
62393.2
55079.8
61583.5
53733
52037.4
40575.1
46649.3
40071.4
52624.1
45132.3
67897.7
65802.6
46368.8
56222.4
61913.3
63748.4
66197.8
67774.6
40413.4
66092.9
41014.5
42237.2
55523.6
57455
53032.7
70951
58083.9
45908.6
47976.8
58769.9
37887.4
50120.8
62244.6
64100.6
65222
58708.3
44780.4
47574.2
62561.9
56068.4
50207
56390.8
49064.6
76252
41164.7
47668.6
69103
28686.3
52265.8
72530
55573
37487.8
44005.4
30973.3
50983.6
58792.8
35191
60495.7
37425.8
52471
53504.4
62686.5
37797.7
48428
52285.3
59504
39307.4
33913.1
36174.5
59763.4
48046.3
39783.8
36654.8
45718.2
40671.9
46761.8
26728.8
45524.2
38157
48665.3
40668.2
48821.5
42171
27222.5
32277.8
40189.3
64775.7
45589.2
47883.8
42473.2
41744.5
34126.9
38403.4
45518
37642.7
38086.4
27193.8
27096.5
46176.6
46117.1
38393.2
25928.1
52728.7
44824.8
38870.9
54872
40181.5
52493.9
41380.9
37722.9
34211.3
44769
34351.6
33727.3
30984
47072.4
30728.2
41325
34849
38599.5
36744.5
30102.9
38004.6
58246.9
38443.7
33509.6
57150.5
36275.5
48192.2
36199.3
44217.9
48452.1
58795
40367.5
47365.2
32666
53563.6
53203
63969.4
60920.8
54960.2
38619.8
42459.7
35256.8
49524.8
63328.5
46788.5
41823
31523.2
45181.8
37814.4
45515.9
50564.2
40920.2
40956.6
32603.8
28611.4
39252.6
55340
52388.5
71218.8
35845.4
31292.6
56957.8
32375
62026.7
42027.1
37455.6
61271.5
48028.9
32284.9
49917.9
52407.9
44706.6
47545.5
29810
58898.2
55269.6
45080
56403
46740.9
32100.2
32269.9
44946.4
50563
53788.6
36493
36760.7
68953.8
34582.6
56343.1
46865.9
61145.4
41936.2
36481
42450.6
39235
47842.2
57856.4
54435.5
32828.3
42085.5
49634.2
55961.5
41377
61423
64366.2
43575.6
39173.1
51486.7
42093.7
52492.2
68011.2
45174.4
39919.8
55053.1
31266
47971.4
42579.4
35390.7
59167
35944.2
55211.4
54193.4
45861.5
53570
51139.8
71874.1
47408.2
64986.6
55068.7
40935.1
45961
43128.8
70608.8
44692.8
57909.7
49884.5
39784.2
41606.2
53831.4
61679
42894.9
85558.7
38749
53749.3
43976.8
57292.1
31219.3
56697.8
74518.1
48935.7
55355.8
54755.1
49447.6
49844
53415.8
32137.1
34867.4
57999.2
51289.9
30761.4
31459.4
44445.6
49972.3
47252.9
54756.7
33604.2
45163.8
49115.4
45613.7
58116.4
53023.7
47416
42254.3
32867.9
63953.3
62790.9
55487
55848.2
34084.8
41220.2
38544.1
64928.6
55251
48930.8
36103.4
64378.2
37609.1
36643.4
57987
45802
41493.2
67251
42298.6
33524.3
49875.6
56962.6
48271
45632.8
33531.5
54205.7
62985.7
39533.8
34691.9
48042.6
35841.8
57866.7
47444
51454.7
42765.7
36664.2
36371.1
34753.8
38922.3
60500.6
58930.9
46990.4
38959.3
42138.9
43290.2
54649.6
39191.2
66764.3
53663
45691.8
62380.2
51989.7
48385.4
35371.4
43463.3
48422.6
68236.2
49867.8
48340.4
47104.2
43301.4
53213.9
52049.8
72874.1
55638.6
42663.7
55525.5
51134.4
66413.4
55332.3
59381.4
43304.6
44957.4
54100.5
47537.7
47261.1
57663.8
50253
47279.5
38300.9
48077.5
60172.3
40644.3
63756.6
61866
49579.6
62029.4
48733.6
51697.3
40944.6
57226.2
75495.4
59770.6
62377
56802.7
34474.5
71967.2
57981.4
57257.6
70273.7
48282.8
35888.3
57872.6
47665.8
53785.6
48831
46170
38443.4
50655.2
35949.3
48967.1
45037.2
42369
55199
53445.9
50869.9
29693.1
46105.2
39085
45478.6
70623.8
54406
62373.8
36510.5
51045.8
35098.7
49067.1
62210.2
66234.6
43549
48251.8
48431.6
59276.6
65819.8
66529.8
49536.2
54891.4
53487.2
53728.2
56083
52013.9
57529.6
53615.8
64351.9
37935.8
32543.3
43883.5
63264
40947.8
58685.9
58230.5
52132.5
56762.4
46014.3
59433.2
47088.8
37444.1
47003.2
42002.6
43671
46584.7
59896.7
53116.4
46925.2
59983.4
39951.3
41719.3
37620.3
58231
48323.2
50513.6
43889.7
54953.8
43619.8
56914.2
46881.4
41384.3
54367.4
47917.9
54359.8
34967.8
39626.3
40904.7
49386.1
58215.9
47208
33017.3
35528.1
57732
46047.2
23744
39406.6
36541.2
56930.7
61647.2
39249.2
24595.6
60548.6
46951
44313.4
49411.9
33943.5
39696.5
39376
56169
38341.9
38142.9
43388.7
29575.9
31577.6
55723.8
78153
47468.6
48686.2
45087.6
23455.9
31713.6
39657.2
56453.4
57760.5
36931.1
46050.4
40609.4
52207.5
50253.3
55109.7
49551.6
58596
42403.9
22176.7
65545.8
49066.8
30172.2
38111.4
47120
42498.4
42375.1
51374.2
29806
44547.6
40857.4
54577
63188.6
28396.5
50599.4
45219.3
43012.6
30654.1
44919.4
32456.3
44156.6
50816.2
55659.2
40283
41526.8
30218.9
41407.1
51041
43740.7
44747.5
52204.2
42111.6
51524.4
36373
34446.2
51488.5
32475.8
39749.2
34976.4
38615.8
67364.2
42465.9
28852.9
41052.6
43541
44054.8
36753.7
33587.9
41988.1
45617.1
32048.5
39501.2
35931.2
23463.8
36565.8
33834.2
48367.2
41206.9
46208.6
33265.7
24191.8
34766.8
26996.2
40914.4
23652.1
35349.7
35916.5
44931.5
38425.4
40949.7
54325.1
52631.6
42088.9
23737
35107.8
29701.1
60363.2
57659
38655.1
61079
32627.1
29412.8
54399.2
38465.1
43926.9
60900.2
71476
33037.1
57971.9
52679.8
57245.9
42093.2
46131.1
54795.9
42383
34321.8
33494.6
64699
29828.7
43646.3
32871.1
39031.4
37279.6
44776.2
42464.1
35970.1
49883.4
65361.1
38587
51471.1
27964.2
28139.3
36638.3
30383
68602
43977.3
45209.7
60989.1
55167.9
48955
36171.5
53464.1
54153.9
46705.6
37753.4
53941.7
40124.3
37967.7
59276
54257.7
38395.8
35869
30015.2
62260.2
46520.7
50406.3
44058.2
29098.9
48191.8
52204.2
49222.2
51502.7
66994.4
50205.8
57468.5
49105.6
42714.8
31172.2
46289.8
49376.9
23842
33515.8
36898
52291
62890.8
55026.2
31738.5
65976.8
39633
40505
42642.8
57269.4
28299.2
41232.4
28468.6
53014.5
48142
51428.6
48834.2
49789.1
37125.8
48348.6
55528.6
43007.8
30871.1
43472.6
47838.1
40959.7
54055.4
56431.8
48161.5
44332.3
58246.2
60843.3
61424.8
54901.2
39427.2
38148.2
39826
46680.9
40664.2
40439.2
58150.7
71144.2
83880.2
64521.1
54320.1
59354.6
63298.5
66905.5
57814.5
41944.7
57487.8
46708.4
64623
48415
58250
74791
37446.1
40118.6
64851.7
49924.7
66599.3
72618.5
56705
34661.6
65532.6
66683.4
64327
63968.6
64800.9
60216.7
48907.7
50830.1
49770
37291.1
48247.8
51419
54492.7
47869.9
64099
37137.7
57916.2
54258.9
65682.9
47975.1
56055.7
57842.6
51657.7
71698.7
69995.7
51169.6
41956.4
45177.8
69464.2
46531.5
72887.4
79425.3
52768.6
48517.2
66646.8
46654.1
61177.3
48533.8
52197.8
60444.6
70031.1
60443.7
56075.8
51934
35854.1
56602.7
62022.2
41501.4
62026.8
66413.2
49533.2
42372.3
35488.6
35793
40268.2
66359.2
65757
49109
61915.5
48091.6
37212.6
52569.2
58178
59979.9
38278.6
45457.8
51022.7
69062.4
50778.3
68357.9
46392.5
37752.8
59996.6
40631.2
54026.2
59197.2
37783.1
58105.9
68037.8
36834.5
40027
44753.9
49907.6
48009.8
52383.7
40961.5
40859.4
38580.2
57625.2
58855.4
36893.8
53774.6
41089
32828.8
59519.8
34032.1
42267.6
45879.7
52094
46654.5
44464.2
48500.5
43369.2
61245.5
46302.7
40116.8
57319.3
58414.7
55110
52894.6
28399
39634.7
42673.4
62708.2
37335
33148.6
50711.6
33697.7
73918
46012.8
58562.2
48917.4
43315.6
50692.3
44472.2
42582.7
44094.4
42681.8
50579.6
30682.2
60905
38328.1
57544.1
56759
53007
41086.7
50519.9
36875.6
42804.2
56678.2
53900.7
55724.4
54507.9
33143.4
67966.2
53146.7
41142.8
52574.4
48835.9
31579.3
33253
57502.5
37443.3
38298.7
28665.1
48495.6
46511
42496.6
53862.5
28097.9
43526.5
39153.9
58237.8
41169.7
61138.3
58984.2
51852.6
47585.3
62599.4
68413
78196.1
55172.4
56024.6
46163.8
52619.3
48739
41444.8
50588.2
58521.6
37339.2
53036.5
59693.9
67298.4
52469.1
34382.6
48177.3
42582.5
37263.8
54554.5
55136.8
39782.7
55741.8
54982.8
39017.3
55549.8
49849.1
42626.8
49363.5
43008.3
51947.5
49782.8
38215.5
46114.7
50017.6
42957.9
53821.7
41179.6
41998.6
41798.5
53612.6
35746.3
43326.6
23268
61504.3
55756
49600.2
48283.8
63184.1
58339.4
40433
63779.5
52535.6
55195.4
58345.8
53917.1
59905.9
65255.3
59068.9
46423
71921.9
61523.1
56564.3
45470.7
54499.8
42607.8
59754.5
62060.1
60563.2
55138.7
27326.8
47272.1
51483.7
50963
41023.4
31839.6
32199.1
52144.5
42440.4
46912.6
33233.2
43845.8
42059.3
47786.3
55962.6
57083.3
51668.2
58133
30859.6
34688.5
49488.8
55868.6
39614.6
33005
30883.4
52968.2
50186.1
31146.8
54156.7
77226.6
53120.2
48573
43540.5
41950.7
49319.5
48201.1
69750.4
42575.7
44429.8
45392.3
44634.7
71273.9
59173
46377.9
42140.2
42292.2
52814.5
54309
66867.2
47439.9
44696.5
61342.8
69721
48134.7
52491.8
41812.2
40514
44704.1
44446.5
41851.6
59268.4
45614.6
55708.9
65462.3
63871.6
52317
52629.7
40572.9
43296.2
41157.4
40397.7
44098.9
68603.3
52866.4
42602.7
44580.8
41735
59011.8
59418
74338
38959.8
43077.6
50137.8
55008.1
39282.2
40932.6
47306.2
42937
68121
60249
48656.5
44090.2
37404.9
50476.9
74715.7
43787.8
54579
72563.7
34559.7
35004.7
43297.4
54733.6
51267
64439.4
55033.8
46793.1
60099
47051.8
41151
40017.4
59925.6
55675.8
68237.2
51899.1
54013.4
61007
40751.2
35364.1
55203.7
49268.7
41813.8
32597.8
65704.5
41781.6
51452
33696.2
31412
44086.2
52553.1
39646.1
45910.2
54405
57257.6
68974.8
56970.8
51970.5
50306.4
42564.5
62125.3
51360.2
51805.4
62961.8
35709.1
53542.2
52455.6
42721.3
35074.1
39581
57774.6
64304.3
37643.2
52186.9
39461.2
44266.7
59308.9
39317.4
69647.8
52319.8
40102.9
51988.6
44538.1
49701.3
53261.9
41804.6
43356.8
46104.9
43390.6
67300.1
64081.3
31604.9
65280.6
46224.5
32575
42261
59952.3
68181.6
70242.7
47249
62035.3
40602.3
60667.8
52491.5
53867.1
47084.1
53738.6
37796.6
30738.6
57701.6
66060.2
56191.5
41470.5
40973.2
42263
53653.6
55427.7
56760.4
50264
37109.5
59316.4
45585.6
44523
55480.9
48210.3
44208.2
53887.6
44956.8
28773.5
62055
68151
41867.6
33656.3
48540.2
32031
46713.6
33559.4
58204.9
57531
39229.8
36142.7
48443
73512.9
45636.6
47927.1
53081.8
75412.2
36555.3
62675
51393.9
45973.6
45697.2
36281.5
50750.9
61325.8
58079
61032
60722.5
34833.2
56088.7
58483.3
34788.4
49115.9
50958.1
35786
51552.6
46115.2
41065.8
53539.1
52259
45709.3
28112.6
51398.1
59031.1
74772.6
49257.2
48046
47364.5
46992.5
39693.8
49479
38737.2
58519
60098.4
45576.3
60742.8
51684.2
29107.8
45533.2
49937
64030.2
67215.3
62274.2
30673.9
36208.5
35677.4
49380.2
60726
63568.6
37810.2
47693
50710.6
53874.4
45035.7
60337.4
49466.6
42499.9
67897.4
32393.2
73776.1
40859.4
46176.9
45176.2
50278.9
30343.3
36677.2
63834.3
43936.8
38318.4
52102.6
43911.1
49053.9
32163.8
49596.7
40610.6
43931.2
56841
47683.3
41385.3
35835
59034.2
31669.4
22822.6
48137.3
46073.8
52823.8
38783.3
49336.2
47173.8
41866.8
47802.6
41633.4
40080.2
45685.1
47448.3
37911.3
54166.7
40235.4
39645.8
43100.2
50259.1
60532.1
50513.5
56067
71960.8
57770.3
45793.4
36031.9
24656.8
58954.3
39891.4
63829.4
56183
48461.2
37867
37353.4
35259
54327.4
48473.5
63672.6
68246.5
50752.8
41492.8
38884
45216.8
36224.9
58387.4
36276.7
47097.1
34088
40293.8
50201.7
63273.3
74202.1
48377.5
43845.4
34807.8
36011.8
45341.7
43912.9
49897.5
35325.4
38876.4
53479.7
56353.4
53305.8
70136.7
35825.9
49263.3
34831.4
38658.2
43843.8
44787.4
75686.5
60154.5
68834.3
77384.5
55946.2
47215.2
57791.4
65199.9
47264
44674.5
53476.9
58596.1
35350.7
50901
52937.4
62171.6
56771.4
41478
47925.3
53396.7
38678.8
39130.8
44204.1
46646.8
44386.5
38965.4
45893
58597.8
51871
50971.7
65384.5
42756.9
33806.3
54764.3
38525
34891
55861
55897.8
40447.5
52157.4
42997
42782.2
66858.7
50176
46680.5
33837.6
48318.7
43292.4
57099.9
39358.1
37536.2
68712.1
54877.6
56542.3
52655.9
57921.7
37381
58141
66553.7
53226.8
58667.2
44647.8
46162.5
41922.1
41837.1
42130.7
80912.1
33050.4
40462.2
36396.9
37937.6
46077.4
32224.9
54716.7
58749.9
39504.6
31415.9
56153.1
37443.8
52171.8
39229.4
43467.4
58965.1
44264.6
29826.4
38010.4
48411.4
46457
59416.2
39132.6
48748.2
35088.2
36677.4
31096.2
30810.2
37635.4
30746.3
47417.4
53130.7
24967.8
55434
44525.4
45790.1
32447
40646.1
35795.6
54445.4
48965.8
37487.8
38020
50478.8
50135.2
52380.8
46004.2
24779
46068.2
33493.2
42467.4
25586.2
50771.6
57166.8
66579.6
30448.7
37216.7
31090
59419.4
31425.2
51065.3
56647.7
33148.8
48831.5
45081.1
54026.6
60312.6
47621.4
39285.6
46985.2
35450.6
62260.2
44420.2
69653.6
63191.1
39579.4
47799.8
50793.8
50893.5
75082.1
40679.3
42560.5
52339.4
37970.4
46609.9
64583.7
41619
70246.7
39672.6
55794
58370.3
50481.2
62803.8
51728.4
36978.7
36818
59457.6
44053.8
51670.1
53802.6
74583.4
49199.8
42315.9
56383
44025.9
41035.4
55654.2
34093.8
44630.6
54717.9
41604.6
49121.4
33118
37713.3
34262.5
41847.2
65776.2
46514.4
45098.6
45175.6
31315.6
71303.7
55716.1
51343.4
36226.6
43525.8
47820
47803.4
55603.4
55286.3
40602.6
34262.7
62942.6
50341.6
46811
49241.2
47153.9
40844.1
37758.8
44743
36393.4
37879.1
55079.5
50465.2
46705.2
41543.6
65063.4
42091
32182
45783.8
48456.7
39219.4
45218.3
29359.1
67417.5
28661.2
44393.9
38076.1
41422.2
39339.7
54024.2
44027.4
36353.3
26072.6
45929.1
47802
34262.2
45046.6
46237.8
26231
32640.9
53316.2
44699.7
57394.4
47195.8
38301
49301.6
54729
64125.9
49133.4
44074.1
54147.4
40027.7
46300.8
29197.1
39409.9
58250.8
45686.5
65775.7
44633.4
40525.6
42675.3
49008.1
31665.8
44691.4
34342.6
36068.1
43735.3
44188.5
39473
49509.7
46311.5
33352.6
38727.5
64355.8
54668.4
60070.1
37533.4
42605.7
40072.6
47022.3
39478.1
48701.6
52712
34710.5
34635.7
28385.9
53344.4
44749.2
54128.6
29563.1
47688.7
45151.5
53348.1
37713.5
63503.4
55020.8
62727
67690.6
74870.9
59071.1
45756.6
47061.6
51146.1
43116.2
75952.7
40688.7
54037.4
48044.1
63571.7
62622
64395.7
45559
50757.4
43289.7
48787.3
51974.2
76602
51916.4
63707.3
53170.5
42617.9
42262.3
72788.3
67295.9
64683.1
40446.1
43960.2
40579.3
34111.4
57545.6
66190.7
43440.9
31785
56757.4
31848.3
59500.2
44918.2
55605.7
45782.2
33347.9
62307.8
36050.2
34108.3
39452.2
44168
39477.9
53934.7
43330.5
52209.1
36745.3
57249.8
56543
38934.6
52338.1
48099
39794.9
49831.9
50884.9
31931.1
36265.2
43188.6
43662.4
48505.2
42982.3
51360.2
40683
29217.8
50473.4
40999.5
32088.9
30932
63522.2
34236.8
51218.4
57038.6
56649.4
32616.6
49521.6
38836
37164.2
52442.4
56545.1
36509.3
41200.6
50091.4
41064.5
58364.8
63410.4
33301.8
56942.7
36382.5
32233
63719.5
61647
47211
56168
65952.2
45644.1
56297.9
54960
52401
43671.6
45989.9
51461
36375.3
61496.6
52795.3
71642.4
41619.9
46078.2
40953.9
49085.9
38427.5
68912
45019.8
49866.6
42596.8
48894.2
69190.8
52101.8
40350.2
47949.8
35881.2
56669.7
56751.1
49539.6
63029.6
40964.6
32258.5
39578.2
47532.2
73968.8
42135.3
69249.2
42211.4
55628.9
67902.3
50914.5
48334.2
55974.7
41229.1
45545.2
61581
54853.8
47068.4
53559.3
63453.5
59647.4
44746.7
37891.8
44207.3
60898.2
45993.4
51039.8
56765.3
46616.6
44574.7
37629.4
27907.4
29491.8
44542
39099.4
47291.8
45754.2
45436.7
25914
51195.4
36075.9
49165.8
51391.8
52538.8
46308.1
46187.8
43060.6
34183.8
51640.6
43621.4
42476.7
43787.7
65507.2
47741
32803
43482.9
56168.2
53534.1
38485.2
47772.8
37136.2
58679
46435.4
45499.8
38142.9
35454.6
45483
44685
44965.8
56216.6
47980.2
40963.8
33748.8
46536.4
65370.8
63702.3
44114.9
42340.5
43527
53143.8
36231.2
56433.1
44144.6
48518.8
44603.7
47105.6
53288.2
47161.6
32155.9
44144
83035
44234.4
40830.8
68060.1
31173.9
36306.8
42657.4
53632.6
45757.1
47859.4
38926
40271.6
48763.8
28977.7
60578.2
33656.6
46751.3
35408.6
55418.4
43636.6
39152
42927
40836.4
30732.5
45440.3
34806.6
50073.7
41199.8
47118
45147.8
58431.3
47360.5
38842.6
32766.6
58465.4
24674
69771.1
32076.9
23875.5
51497.8
51702.5
44358.4
68004.9
35157.2
68437.1
43006.7
32640
37664.4
57072.9
71065.3
56344.6
53492.6
46472.3
47219.6
55116.5
46378.4
54819.2
57378.3
50284
60640.8
42179
39096.9
54853.8
58946.7
58228.6
46294.5
64774.1
56743.4
47946.4
47431.6
47616.8
65599.7
55990
55121.9
51901
42590.8
44020.6
52401.4
52891.9
54898.1
46320
33769.1
46347
40210.6
42762.4
57472.5
53803.1
62074.9
47914.2
64214.1
53677.9
40118.5
47931.3
71643.7
32646.6
45100.1
59345.3
56260.6
46089
31388.2
49451.4
45503.5
75608.9
53846.1
51597
41238.5
37163.4
49863.8
39990.6
40885.7
50731.3
42005.1
36941
70296
55599.1
32705
51118.8
43880.7
38605
54966.6
53086.1
37417.7
38575.3
66506.9
41969
41627.1
66618.2
48651.8
50277.8
43913.4
74140.6
48850.6
32152.3
49664
60270.9
45435
47270.9
58525
32387.5
40065
51286.2
67420.9
69017.1
35173.5
57784.7
40333.7
30096.2
57463
55058.3
33692.6
48049.9
50421.4
41598
45626.5
48824.4
39906.5
37337.8
27548.6
50678.2
39392.6
30693.4
45667.6
31413.3
59651
63647.6
51405.8
37677.1
48797.3
36789.1
35150.6
47417.9
42776.5
62918.2
40034.8
43590.2
49452.3
44724.6
34502
42623.9
72064.6
35354.7
59657
72168.9
44585.8
66768.2
81318.4
56784.5
52842.3
47048
45693.3
51489.4
39450.9
53331.4
54696.4
49713.3
33401.7
42633.9
34216.7
37208.2
67051.8
56744.8
28938.4
48495.4
42964.5
32517.8
37198.3
36793.5
34007.6
38760
41681.5
49602.2
55306
39935.8
51202.2
47996.4
48913.4
57994
66426.2
37584.6
42809.4
42353
45280.3
43478.8
59954.8
71549.2
51535.9
49854.5
55358.9
40388.3
39145
61028.1
60747.2
43690.6
58112
32197.8
52442.9
37798.9
43589
52219
43561.8
60353.9
31307.5
41299.8
63736.6
45858.8
60255.7
55647.5
45207.2
32579.8
48036.9
79321
61436.1
52299.8
56948.6
45321.1
62493.4
81693.4
55816
51742
62084.6
49427.4
43973.3
67109.8
82901.2
76842.9
50337.8
40016.3
64936.4
48722.5
54470
51763.4
78058.8
45422.6
67238.7
63627.8
84431.8
70997.4
55081.8
76886.4
79836.1
50843
50913.7
59038.6
39196.7
59709.8
78464.6
53699.6
68548.2
50032.4
36813.3
32530.9
50577.6
73370.4
72478.7
36163.6
47950.9
49760.2
54976.1
56425.1
62913.5
59653.9
34762.2
57914.5
54047.3
49062.9
59020.6
40496.3
54151
63529.6
46435.5
39141.3
36668.5
36272.6
57329.8
56992.9
45215
62608.7
52499.7
43382
22591.1
59615
41728.2
44124.1
53748.6
41298.3
39056.1
59334
54707
41652.6
52327.8
40643.2
36362.5
37999.6
58623.8
41796.6
51330.1
50897.1
32669.7
44321
64218.8
62259.9
31808.2
43334.4
44297.7
39514.7
68757.3
57092.5
42356.5
45454.7
46723.4
42520.6
49292.7
51118.6
33944.1
61910.1
34168.2
28092.1
48692.2
33707
48990.6
30061.2
50069.7
46356.6
28067
63222.9
54278.9
47027.9
44185.3
42024.8
30512.2
40760
48855
43150.6
43083.6
44020.6
51185.7
33076.2
60105.5
50762.9
56468.2
27394.1
42769.1
40618.1
30421
46766.8
39533.1
51047.6
49382.6
34741.2
30087
37821.6
52174.8
50887.2
42400.2
42027.8
29575.8
33581.8
53242.1
65841.1
67758.5
39463.2
36661.1
47899.6
47380.6
53180.1
64993
64812.4
69934.2
47473.8
34705.2
39546.6
48376.8
57257.9
47020.1
54294
38755.9
48835.1
64026
69741.8
66230.2
40324.5
53484.3
48531
40849
41169.7
53452.8
50621
52749.2
42516.9
56295.5
78484.7
77967.2
52088.2
48216.9
52849.4
69539
48296.3
69836.3
61436.8
33404.3
51760.1
57937.1
72815.9
70171.1
69630.8
64085.1
46621.1
40798.3
47621.6
48363.9
55058.6
57452.3
58739.8
33131
46344
84104.7
66276.2
72158.1
44716.9
39934
44881.8
32959.7
40557.7
57392.4
57326.5
47551.9
45382.2
43526.3
53524
59831.6
79799.9
62670.6
49837.1
48964.2
58017.5
69210.7
50717.5
63971.7
43797
45593.4
37351
72887.5
46721.7
74916.7
74457.4
75744.9
63414
48918.2
47604
68910.4
63686.6
65295
51895.7
45982.7
47415.8
57699
76607.8
66687.3
74321.3
72761.9
47749.9
41938.9
57381
51005.8
64459.6
73026.5
52627.2
44117
66225.2
69417.4
63592.8
50371.6
63560.5
53012.5
51038.6
59306.8
55825.8
66370.3
43060.2
45521.1
42390.9
56563.8
40675.8
45176.3
57829.6
62589.4
58544.7
37585.1
77181.8
65113.1
47157.8
43050
52555.6
32390.2
52674.2
46057.8
44294.2
40676.1
45177.8
54920.4
46849
54571
52538.1
38961.4
52978.8
46525.1
36220.6
45325.4
35858.7
45580.3
30640.6
46612.7
38957.4
52514.8
48920.9
48265.3
43582.5
60661.1
37446.3
46420
40855
45583
48058.7
44992.2
46056.4
38755.7
70104.7
61118.6
37211.6
57564.1
51698.5
36728.5
36431.6
39763.6
28464.6
48078.2
66122.3
49856.1
47634.2
46210.1
40248.2
50123.2
51415
46806.9
43952.1
64008.7
46407
52345.4
58774.6
61176.8
60583.8
38643.4
48457.9
62945.2
61411.8
52814.5
45178.6
45563.8
45515.4
40074.6
63551.6
53317
55966.9
51670.7
43803.9
29539.9
44220.9
38662.9
57675
66437
57658.7
51194.2
36795.6
41770.2
51225.3
38609.1
45756.6
62007.7
84213
47923
52815.2
40655
44899.3
38659.8
71383.1
57564
59110.1
37996.4
41131.8
29711.9
70333
28780.9
63320.4
48151.2
50145.9
53263.9
52241.6
41943.8
56294.2
49230.3
68518.4
54865.4
25193.9
60633.4
50890.2
31248.8
46708.7
53864.3
57222.6
67978.1
66141.3
62225.8
57588.2
43899.6
54157.8
53735.3
52932.7
51732.5
75893.5
49817.1
47396.8
39640.5
44782.7
52845.8
53307.7
68188.3
49308.7
53041.5
53016.8
40668.8
37824.5
57805.6
42155.1
56405.2
60435.4
40999.8
46532.3
55708.6
49864.6
54904.1
35162.6
51738.9
43851.9
62072.2
37934.3
48356.1
37008.1
30573
43763.1
28329.6
34823
71386
33042.3
63225.8
42424.3
55912.2
54360
56771.5
55898
55035.2
37873.4
38691.7
36529.3
42990.8
55737
48850.3
29959.8
36623.9
25019.9
66180.6
61538.5
47639
54920.4
38153.6
47241.4
42134.9
45059
33374.9
33820.5
33566.9
58236.4
47984.3
45163.8
71909.5
54713
32257
40225.8
29416.9
51782.3
46778.6
50244
40684.1
40350.7
34218.6
45928.6
32291.9
37646.4
37115.9
33999.4
50613
50388.7
25534
49341.3
41706.2
39206.1
47620.9
47830.1
33984.1
35925.7
43456.3
36021.6
40607.8
54385.9
34669.9
45298.6
31057.7
33777.8
29279.4
48643.4
39850.8
37458.8
34455.3
40588
41770.2
36160.3
81572.1
47720.7
41761
33990.5
55227.4
42856.2
51927.2
76108.8
39316.5
41421.7
40767.6
47925.4
55364.8
42124.3
34585.6
47429
56632.2
52993.3
56317.8
36257.3
48831.1
37471.2
46556.2
57292.4
47166.8
77759.6
47669.5
39715.9
40893
50534.6
31509.1
48284.1
54074.6
61863.3
37965
49339.5
47446.6
32238.8
44367.9
48145
48455.1
36607.5
40760.6
68414.4
44041.4
47412.2
46659.3
52153
42847
49716.2
51070.1
67072.1
45905
34606.2
42201.8
36547.7
56466.5
48285.3
32056.6
40755.8
50254.2
52650.6
57515.5
35528.5
45262.8
47849.1
40366.8
59446.2
60215.8
43768.4
53917.3
36759
44884.4
56340.6
50373.5
50735.7
33945.8
54499.5
55329.5
53834.2
36878.7
36740.1
25794.7
35468.7
49743.1
40414.6
44531
48214.3
55328.8
40991
46669
38979.3
44326.8
57598.3
46583.8
52386.3
24100.5
44300.1
35294.6
46475.7
72170.3
42678.6
59230.6
40726.4
46917.3
76236.6
34375.2
49093.4
51604
33859.4
46181
63421.7
38543.3
32038.2
41813.4
57283
51197.3
43634.6
40906.8
43611.4
43717.9
42456.8
54511.3
40353.7
38183
62229.5
38428.6
60932.3
38006.8
37941.8
43663.4
47913.8
45411.5
40239.1
45592.2
41067.3
36098
50598.3
47877.9
48943
48428.9
33007.4
29429.6
50405.1
47004.6
29992.5
51442
42740
37457.2
50166.5
27471.3
53758.9
32426.6
39561.6
64538.8
57469.2
32290.8
75122.6
40402
64776.6
47236.2
31231.1
54725.3
64798.6
43510.2
54446.5
59263.6
48007.7
32911.3
43821
25468.4
74818.8
55144.3
64021.7
48381
50225.4
43723.8
40293.2
54916.4
67286.3
63336.2
57333.4
61604
35941.7
84213.7
76948.5
57604.6
62075.5
53509.1
50835.7
59501.4
54568.5
43840.9
64722.8
44522
34857.4
45868
49802.4
60585.7
46403.4
64764.3
47275.4
58298.6
43175.8
71168.6
46244.5
57213.2
41328.2
54509.3
50929.7
56540.1
40037.8
49445.3
56645.4
32152.4
39721.2
36234.9
43043.6
42142.9
43232.9
43682.5
38641.5
41924.7
62073.8
46754.9
41353
39658.5
44776.9
37480.3
39618.2
36568.2
69289.6
37992.3
32651.2
48988.2
30434.2
47345
45837.5
59578.6
57748.8
42784.2
60535.1
61706
45577.5
55764.8
42258.1
33525
46237.8
37873.4
58100.4
41833.2
68044.2
44720.8
60056
48226
42319
42165.8
32409.3
33860.6
30008.2
48147.7
45300.8
37059.8
44383.4
39086.4
35066.8
32280.3
46326
58685
30829
53017.8
50600.2
47735.6
56406.7
31870.6
41207.4
44301.9
41123.8
47628
45670.4
71009.4
58404.8
38142
61307.8
38407.4
48818.7
41169.1
57035.9
79690
48708.3
43735
45752.1
47482
58943.1
58288.6
60340.9
66243.1
73699
66807.9
76564.5
37484.3
59936.3
55825.9
53123.1
52018.2
67083.8
52144.6
56614.6
50503
43619.8
39779.8
43426.2
65795.4
40665
43084.4
55627.2
60101.9
48423
81392.5
75984.2
50036.2
36616.7
51389.8
53001.5
38511.1
56372.4
49298
55337.8
44297.8
65015
55194.4
55901.1
46888.3
50599.8
51405.8
37298.5
38277
50187.4
49664
32266.6
47728.6
43001
39180.5
62135.2
45679.4
54548
42264.6
60113.4
39065.4
64870
40199.3
52773
49569
58576.9
39686.7
53930.5
55330.2
37291.1
44646.1
38832.8
50657.8
48013.8
62305.8
53209.1
43885.6
51158.6
45430.6
65732.5
59835.8
37254
41407.2
54169.4
56682.2
35460.7
44657.4
42179.1
35199.2
71386.7
52780.4
61459.7
38699.4
29494.7
32705.4
58940.5
65431.4
60213.6
43061.8
55804.9
55366.3
42131.4
50150.2
55798.1
48615.8
54625
53564.6
57095.8
70838.1
43687.1
49397.8
36799.4
48337.4
48341.8
65843
37743
62455.5
52364.3
40073.1
49531.4
56975.5
75073.9
68388.1
43388.7
74194.2
39600
51479.4
81286.6
69865.3
44600.1
76647.4
55253.4
42555
58214.8
73760.2
78732.3
56322.4
57645.5
45458.2
50964.8
39649.4
49772.9
41903.4
58348.8
70710.6
39829.7
71120.3
52539.4
47618
56792.7
43611.1
53433
70645.4
40455.4
62651.8
47009.4
69470.5
73050.9
67388.6
54955.5
54155.9
62779.5
44869.4
47409.4
33752.6
58642.5
49454.5
51469
44025.2
41719.2
46495.4
46842.6
67808.6
53200.5
57222.8
33880.2
60529.3
52355.3
53279.7
32448.1
34544.6
44615.2
69611.3
45478
55739.5
59251.2
32746
38466.4
50585.4
34105.1
75146.1
56683
68632.2
54976.2
49331.8
45576.6
42001.2
45076.7
36800.6
69096.1
48853.9
59643.3
38249.4
44216.9
48826.7
58731
51026.8
53643.6
66117
58383.9
43567.9
46769.4
38416.2
42530.6
47430.2
53668.6
39254.5
46959
68984.3
39444.2
35903.6
31050.4
59267.8
43030.8
39559.6
37787.7
43557.8
45973.6
41863.8
39409.3
34300.6
46198.4
54193.9
46850.6
52715.9
35808.5
40657.8
31054.2
47111.4
40113.8
63160.5
41490.8
45512.5
44671.1
56019.4
51391.8
47465
47207.9
50056.6
34473.4
57074.2
37653.8
39360.8
71880.3
44364.5
45215.4
48933.8
47479
39320.4
55495.7
37988.9
61155.2
54665
41171
49816.1
41829
57032.2
57845.9
54711.2
52469.5
39685.4
57445.8
56029.2
37132.3
67324.8
44828.2
66726.1
55783.4
53772.6
39318.2
67250.2
51271.8
49345.1
48020.8
50868.1
59825
54226.2
43930.2
57195.8
42854.3
44880.6
50776
51576.5
57194.8
59168.3
34547.4
53447.2
36453.8
54922.6
37632.9
34929.8
53095
68984.7
57886.3
36079.8
40592.3
43712.4
46802
55284.9
56645
48923.3
54567.2
55547.4
52769.5
39230.1
45198.4
61762.2
27784.9
42035.4
56535.2
49220.8
40785.1
28698.9
40748.1
45819.3
48939.8
44159.1
60111.2
56706.9
52172.8
45257.1
60713.4
39209
43373.4
40199
35713.6
49505
57673.2
54343.5
39824.6
50887
50265
39077.6
52142.2
47478.5
48502.3
50230.6
55867
54689.9
32435.8
70476.3
40241.8
42794.4
39003.4
43106
39433.3
41370.2
50918.2
51661.1
46452.3
75692.4
47090.3
45988.9
39920.3
50058.6
47063.2
61679.8
43346.8
40209.8
39574.2
48667.6
50626.6
54466.5
58367.8
38417.4
42607.1
55794.2
59321
54772.2
56636.3
65736
38075.6
52132
53800.6
42081
34553.1
54046.6
41689
36601.7
52133.8
54158.7
59529.5
56701.8
38745.8
34011.2
43624.2
38284.5
46936.3
57167.1
53687.6
65678.6
42891.9
36218.2
35978.8
40797.9
45340.8
44597.7
59870.2
42958.2
58452.2
60420.7
68849.5
37901.9
60011.8
56181.4
65887.7
44562.9
58304.2
45836.6
66549.3
35158.8
39218.4
67717.9
65800.8
67654.8
52469.7
54299.6
51779.5
43194.5
54262.8
36440.3
67976.4
37128.5
42744.8
40828.2
38590.8
64379.4
54724.2
38948.1
54945.4
43873.5
45801.4
47852.1
52602.5
38762.9
34793
61335.6
42352.5
38294.1
41050.2
49726.5
40463.9
46696.3
74623
51628.3
61081.7
40423.8
34131.2
42156.5
44139
50797.4
58232.4
52630.4
35347.3
52711.1
45179.4
58675.6
55341.5
51004.1
54384.8
54175.7
38641.4
37277.8
38390.4
51946.3
44071.7
57569.4
47052.6
40608.6
37071.8
32307
69681.6
48000.1
63469.6
48011.8
32267.1
39895.3
68757
60380.8
61446
71376.9
43479.9
67769.9
46454.5
52251.5
48992.5
45840.5
53307.8
28210.2
56339.9
49856.6
38807
41577.8
48376.4
34053.2
34806.2
66818.7
55891
68768.9
34723.2
55250.6
40763.3
73710.6
41080.9
44539.8
54137.5
41750.7
42868.8
32138.4
43441.4
51943.7
38360.3
55332.6
43172.7
27348.6
37057.4
45153.4
36053.8
47777
54241.1
40333.8
70386.8
41622.6
60252.5
55398.2
49926.1
36549
51685.5
48003.2
59105.8
79021.9
44341.8
46417.3
24274.1
46327.8
38734
38579.8
59097
50459.3
68697.8
37986.6
33085.8
40564.6
26048.5
51241.7
50292.2
55117.7
46253
53527.5
48977.4
48296.9
62661.9
43519.5
54287.1
54305.4
30037.8
42435
45764.6
38252.8
55570.4
62519
40198.3
41195.4
34704.6
47141.8
34042.1
66950.6
39640.8
43806.1
53077.2
53859.4
53570.1
40310.5
43562.2
37723.5
47223.8
41740.2
42507
48474
60869
54174.6
48377.6
51696.6
47827.8
38336.1
39913
51092.8
44413.4
30986.4
36513.3
41784.2
39890
32653.7
37644.8
36115.1
27841.4
46676.2
54272.7
42472
58097
36384.5
45819.7
44481.3
45243.4
49680.8
54988.2
36935.7
41707.4
41083.4
32470
40862.1
56077.7
71335.8
39353.4
48845.8
47935.5
35046.4
58653.3
69076.5
69270.6
31895.1
32426.4
32376.6
49567.8
36115.4
30759.1
51085.7
32862.9
34178.8
41711.4
64181.3
63847
39200.4
51237.6
39269.7
28586.2
37838.9
44607
29024.4
39437.8
39032.2
68454.4
57287.7
33312.2
38052.7
45326.4
56007.3
37348.1
42260.2
55941.7
54373.1
57123.8
45122.8
64802.3
32709.8
41965.2
46176.7
61755
33009.2
45298.6
36866.4
30603.1
44141.1
64211
41992.2
54934.5
38633
45563.9
48400.6
29781
45426.2
32883.1
43044
62679.7
35115.8
40920.5
33374.2
35812.7
21208.9
45957.4
60981.5
46383.4
42016.3
57971
44936.7
39919.8
53636.6
49554.6
44844.4
48662.5
50679.8
39386.4
35275.4
44539
48801.3
46464
48532.2
32806.8
56634.7
47131
37930.3
35796.3
63999.9
41369.4
46614.4
51999.5
44712.4
62711.5
52815.9
35039.4
60652.1
41146.2
41884.9
37053.5
49012.4
59296.7
31256.9
29133
48549
34368.4
30530.2
51615
55283.4
60123
32855.4
53289.4
65409.8
45616.3
37707.7
46743
48434.8
43367
50015.8
58075.9
50725.3
54964.2
34152.7
35576.7
58273.6
47126.1
49391
69442.2
77900.6
36683.8
37025.1
59444.8
32831.3
30406.2
55410.2
50933.6
36999.5
57236.6
44393.4
40212.2
47391.9
50885.8
59352
48609.1
45176.3
45766.2
41795.3
61662.7
43981.2
41857.4
40947
54961.2
40794.6
55629.7
44911.7
51055.6
37988.6
43475.7
26612.9
40774
55529.7
28457.1
38565.8
73372
35619.2
47945.8
38263.9
58784.8
32805.4
41970.6
36961.1
28831.5
46332.2
42273.8
43865.7
48430
49042.6
32500.2
32388
35818.8
32505
53063.5
48472.4
51860.2
47157.5
35153
49079.6
52331.5
50887.8
28492.5
52097.6
31335.3
35869.2
43016.3
41874.9
47364.3
40005.1
34879.3
38919
24990.8
31801.4
43523.6
45929
59421
46627.2
35116.9
52104.1
49668.1
65704.8
37133.6
53960.7
50440.2
44483.3
68718.3
57795.3
43319.5
38443.8
34456
48217.4
52059.2
46618.4
38733.5
42328.2
41682.6
42721
39348.6
38478.4
43385.6
39030.2
46236.3
35458.8
55379
42562
45436.1
62651.7
43114.8
35366.7
48561.3
35663
48729.1
51431.5
66963.8
58771.4
32971.4
40340.8
64923.5
47248.3
45732.4
57123.6
48046.9
40536.7
49881
67675
54897.8
46406.9
49612.2
33579.9
40440.1
63199.1
67206.6
54564.6
77164.2
40233.9
52348.7
76172.7
74418.3
72848.8
45778
59127.8
54160.7
51302.8
59897
62403.3
62582.2
55396.5
45484.2
33215.3
36145.8
55346.6
40897.9
53825.7
51564.2
53105.6
49963.3
49239.6
48822.2
38872
48036.6
33655.9
56669
54724.1
56915.3
51622.6
48800.2
56796.9
71685
53075.9
48730.9
43134.1
56093.5
57840.8
56009.9
46696
48509
52370.8
59393.9
34726.2
55835.8
52826.8
34415
34942.7
56034
39863.1
46849.9
73620.1
49077.7
46786.6
50525.8
42155.1
48474.6
34581.8
44064.3
34445.6
44606.2
43639.7
43918.2
47733.2
50299.8
42618.6
70651.7
30122.3
59098.7
47973.1
32827.9
45151.1
41246.1
53941.3
51878.1
36359.2
61751.1
32446.6
53077
63606.7
46435.2
36226.2
71568.9
47782.4
51484.7
61863.1
52354.4
51466.9
48585.3
41061.8
83716.9
59726.7
39606.6
66029.4
46872.2
52232
54970.7
65102.4
63072.7
67616.6
33238.5
46734.7
38836
51049.2
41649.4
56669
62614.5
60244.4
51324.5
47752.2
57912.2
35618.6
47559.6
42121.3
56661
52443
50875.5
42461.4
38045.8
65628.2
58745.2
50693.8
32996.2
36761.2
54356.1
49637.2
44214.1
50963.8
61780.8
67270.2
46679.1
47897.4
60305.7
53414.8
32222.6
37369.3
70731.1
64213.2
45991.4
58143.8
43987
53267.4
45117.9
56648.1
44760.3
39238.7
40329.7
23794
44266.2
59207.7
33942.7
42294.8
36396.5
31702.6
36358.5
38029.1
46936.3
56966.5
50315.1
39103.9
35522.2
42109.6
49571.5
37399.8
49372
57287.8
56197
35464.6
34494
39741.1
48338.1
54803
32971.8
47688.5
34838.4
53828.2
42748.8
52610.6
44376.1
78824.4
43038
37373.7
59114.3
53771.3
64768.4
78881.9
70687.7
48926.4
52653
48399.6
61199
57148.2
63869.6
49088.2
40337.1
60176.5
50219.9
42539
45634.1
39269.8
31958
46581
62117.4
60159.6
41454.1
42883.7
42531
38969.4
63281.2
52754.4
38086.7
32480.2
36550.2
28950.3
40366.3
55366.9
55408.2
45181.8
44450.6
38624.8
47637.8
34198.6
67625
63997.4
55845.4
38774.2
32724.4
51859.4
38630.5
39814.9
47753.1
44539.8
39027.1
68885.5
67715.9
42901
38709.7
44566.6
38744.2
59138.7
35122.4
51216.7
37887.4
42556.9
43528.6
43277
59241.8
44452.6
39438.8
51231.7
44734.8
28933.7
28924.2
64538.6
48002.8
54258
47426.6
29890.5
51008.4
39547.7
58691.2
65003
43344.2
30298.9
52178.9
40132.6
36766.9
32418.3
57911
41311.6
58793.2
53425
41861.2
54268.7
41931.7
40909.8
26183.2
53851.2
50874
51102.2
36280.4
47995.5
37711.2
49669.6
47549
41139.8
37279.1
45393.6
34563.8
34442.6
45549.3
45797.4
48150.8
50731.3
38253.9
37208.6
57543
36720.1
69897.2
33426.6
53695
60977.4
55218.4
60122.1
43566.6
46417.9
30895.6
41830.8
56936.7
56657.4
40788.1
47940.9
58232
47387.7
51864
39234.4
40341.8
27762.7
37689.4
45489.3
64525.5
58767
56355.6
59442.7
35305.4
39465.1
58251.9
32001.7
54510.2
33439.6
66567.1
44406
50617.6
38367
61899.6
52334.1
45448.8
38913.6
33775.3
55032.5
54308.6
47045.8
33997.4
47296.3
60022
50780.6
39927
42550.7
52628.5
43460.8
46601.5
48763
53693.1
31482.6
50742.3
39648.4
48400.9
61912
43671.6
46145.4
39790.2
43603.4
24169.4
49465.8
55207.8
50394.9
44960.7
57016.7
37188.2
44436.3
52649.4
42873.9
31777
48104.6
31011
47465.9
41780.1
61106.8
53158.1
50262.9
44385.8
47077.8
54704.6
49213.6
44002.7
52306.2
60618.1
41757.2
33314.9
65628.9
60175.5
32831.7
59097.5
34465.7
33294.4
46604.6
42557.8
35134.5
63235.6
50242.6
40397
38271.9
37618
34722.9
53606.6
39852.2
62519.9
33712.8
61218.9
41814.8
54748.3
49861
50477.4
40937.4
39861.5
45636.1
54069
41875.8
44609.4
52403.2
52673
47521
32831.4
55481
49106.8
47811.6
69520.9
42025.5
51726.5
56451.3
42812.3
52687.5
36585.9
59583.8
52855.4
62215
36567
51613.3
52750.3
54631.4
39658.8
60891.9
52720.8
37327.3
53609.4
64835.5
52365.6
54512.2
62947.4
51135.5
61343.6
60897
38729.6
51925
58617.8
74654.8
54999
62055
45526.9
48477
50145
42640.5
35626.5
47847.5
41111.8
43111.2
49409.4
51788.2
53653.4
53488.2
78140.5
54549.4
44065
46765.4
47515.6
57676.9
35811
45785.9
61277.6
50140.4
61702.2
73707.2
44914.2
40119
57840.1
49833.7
47959.3
55561.9
55230
46577.8
24520.3
56393
54971
39324.8
32286.3
55169.8
39175
55637.1
58135.4
65795.5
43767.3
50877.8
43897.4
57917.5
52733.7
38338.7
43119.7
53501.8
61363.8
34256.4
41887
48938.1
47294.1
36564.1
49612.7
46380.1
56485.2
43908.2
37113.6
44817
45617.4
31735.1
46197
47947.4
48355.8
48041.8
59848.2
47392.3
49857.9
37530.1
46014.4
49404.9
44732.2
37841
37521.5
53087.6
46885
52185.9
47400.6
48345.2
29178.7
41133
35111.5
49965
33650.1
51340.7
74321.3
38181.7
32865
59669
29162.6
49018.2
49498
51276.7
30213.5
52401.1
46120.6
49456.5
51007.3
37017.9
42897.9
30559.3
36181.8
46989
52293.1
34443.1
34744
44133
49706.4
41380.7
47033.2
34415.4
45935
42715
46394.4
55331
39001.8
35082.2
41494.6
38731.8
63381.3
35930.4
39353.4
44320.3
36435.4
57326.4
45733.8
45899
68138.9
41547.8
45775
39131.7
30483.7
50457.4
49625.3
34514.5
52329.6
43386.8
34712.6
38613
46884.2
44634
48099.5
40340.2
52819.8
59034.3
68335
33002.5
52812.2
59708.6
59673
43450.8
42026.2
55045.5
41642
43931.7
55165
48221
57676.6
46645.1
45356.2
60992.9
35749
50114.4
44965.6
48256.2
34723.9
39874.8
34542.8
57674
47334.9
37165.3
40360.1
43033.4
37844.3
49524.3
54364.5
33190
43503.4
62787.5
50387
46309.4
57871
52646
31814.2
39625.5
57409
62679
59852.6
60163.4
52962.3
36150.8
62871.2
58387
59269.3
55990.6
51789.5
46047.4
30617.7
50039.3
67938
57111.8
38569
50160.3
48798.8
76020.6
33303.4
48932.1
62479.8
46286
48503.7
75500.5
54175.3
47131.8
50092.5
45783.4
57614.6
49080.6
46843.6
57193.3
33610.6
45221.4
49785.8
44916.2
44968.3
46791.5
48565.5
47612.6
63054.4
40769.1
60001.7
33968.3
39648.7
49237.8
60383
46044.2
50372.4
54383.8
33599.7
64403.8
62235
54962.6
71889.1
70251.7
53835.8
51246.5
60075
51868.9
55362.1
51437.2
40548.2
49541.4
66616.1
51085.2
45284.8
55491
74604.2
32924.4
51386.4
57109.3
67642
62365.7
57490.6
48514.2
51514.7
60123.8
57525.8
76444.2
71810.9
63539.3
60380.1
55633.4
46011.5
64112.4
67419.2
60588.6
81689.2
75759.2
39886.9
59349.6
55248.2
53787.8
54885
60637
42148.2
45344.4
60989.3
72853
49363.5
50628.7
60077.3
58176.6
77263.8
33144.2
54171.2
77153.8
63318.3
47351
53460.3
39590.7
52701.6
63792.1
57316
65140.1
79260.4
41741.8
53468.8
40265.5
50460.1
64946.7
63291.8
67107.6
55724.1
60084.4
60357.9
57212.2
63031
67312
60445.2
47817.1
67039.2
62827.6
58774
51807.9
48269.1
55383.7
50328.2
60183.4
57384.4
63930.3
47954.3
56539
47857.5
64980
63871.3
60844.5
73855.5
33488.6
64224.4
76544.5
65894.3
59567.3
64763.5
55244.8
65613.7
56024.4
55057.4
48357.4
65144.6
52886.2
57069.2
58228.8
63951.1
52806.2
72825.8
47719.4
72987.4
71361.7
54476.7
45385.6
46537.5
56412.6
37093
46458.6
60466.6
38191
53145.7
31956
53423.6
25877.8
65678.4
58331.4
62926.3
36157.7
53018.8
56705.9
44080.8
43390.4
49036.5
45961.6
51662.6
51634.7
42783.1
37708.2
40494.7
60708.6
57762.5
35618.1
55860.4
52236.7
51923.4
66389.3
69321.4
62781.1
40404.2
44609.2
38562.6
57901.3
58478.6
62885.1
57011.5
35267.8
67560
32081.9
58554.4
46162.4
60197.4
46367.6
69336.9
46196.2
61493.8
50187.9
54787.3
40198.4
40660.8
76060.5
80656.9
57325
48718.7
45410.6
62241.7
55271.2
53873.2
70581.7
54131
49001.4
47862.9
48173.7
67183.6
61394.6
65185.9
38303.3
56124
55415.1
49758.4
63159.7
69227.2
52959.9
58810.3
55233
47875.7
63249.1
53927
43389
51052.4
52061.1
36739.3
68823.6
41662.2
63391.4
39621.8
61030.2
50684.9
54951.4
51639.3
54420
43452.4
58079.6
71771.7
38362.3
64985.3
40817.7
36429.1
48730.5
64179.4
34902.7
48440.4
46532
51315
65351.4
39414.6
46906.1
70600.6
53906.1
59528.6
53394.8
64962.3
46375.1
55263.5
53561.9
63201
55187
49788.7
52635.5
50864.3
60139.5
50766.8
61882.7
56817.8
71184.9
47775.3
44591.1
74636.2
75381.1
42221.1
56225.1
61602.8
70468.7
49648.1
52306.6
52956.6
61828.8
52828.5
44449.4
55980.5
47000.6
60107.9
53069.4
48364.9
66809
48130.7
50932.6
63894.2
59133.8
42463.4
46782.4
50296.8
41964.3
65105
67656.8
52213
39937.8
46532.6
43645
44135.3
51109.3
49388.4
43944.6
50703.9
52223
43517.4
57037
48805.1
55848.1
33012.2
58837.5
41052.5
57227.3
31053.2
52431
52459.6
61294.7
64171.5
55547.2
39732.5
62736.4
51601
50590.3
47615.4
50709.4
52186.2
39028.9
48379.4
48627.7
48799.4
44810.8
46688.2
44291.5
53531.8
31145.8
44773
58590
44527.6
39731.4
37997.7
40036
55503.4
53556
61809.8
48570.3
33109.8
25994.9
46787.8
44689.4
43264.1
39751.6
41817.5
55219.5
52431.4
59270.1
46609.9
47711
59304.5
44381.8
60699.6
73911.2
63847.5
52926.5
39197.6
46108.6
39765.8
61532.2
51568.2
38879.5
49748.8
67398.9
60717.1
41764.4
59768.1
59741.1
52904.2
65079.9
59203.8
55534.9
55665.2
40356.1
55454.5
54047.1
49173.5
57548.3
41694.2
47616.2
62041.6
45555.4
64106.7
43624.8
44337.4
58549.2
79195.3
51423
52593
38089.3
50084.6
58755.7
42731
50135.8
48088.2
33189.1
49663.8
55975.7
39424.2
31419.6
47629.1
42412.2
52977.3
52016.7
64131.6
57147.2
44318.5
38185.4
59122.8
56351.1
54719.4
46952.2
44866.1
48094.1
39913.5
63219.8
51494.8
52865.2
41691.8
56375.8
36424.6
45106.2
36202.1
33530.7
45473.2
32140.5
63187.1
43545.4
64653.5
70017.7
42099.9
41220.3
61945
46535.7
62952.8
71509.4
72667.8
42573
43451.4
51415.4
39903.1
57303.5
64095.2
37508.4
56080.2
39957.8
48388.2
56185
42640.9
45023.7
55402.4
41875.9
59824.4
59246.3
62458.6
72649.3
58973.8
40573.3
52830.6
53449.1
54668.7
46925.8
47254.2
42523.7
58625.8
63691
67602.2
48011.4
48745.4
33341.8
49253.3
41876.7
52055
61193.8
49601.8
48346.6
45869.4
43413.8
38117.9
48508.1
50457.1
55429.7
35949.8
51639.9
55207.4
41128.5
61515.2
49426
56325.2
43035
38973.7
40261.1
56403.1
67627
79448.6
58845.9
55234.7
42330.9
44003.7
55142.5
52593.9
63662.3
41460.6
62797
83418.8
47105.1
40471.9
48656.7
42376.6
43978.7
49769.9
63953.1
40656.2
43966.8
29924.2
43851.8
34765.7
59052.2
49886.4
37050.5
30214.3
48368.2
44869.8
56182.6
53717.7
52771.6
41460.9
41841.8
55657.5
41471.4
59468.3
60773.6
44020.8
31086.3
48421.4
32027.6
50082.3
57906
35102.5
39795
37983
22950.9
44685
52847.1
34941.8
26536.2
57156.1
41796.6
39358.4
46415.5
43741.2
43099.9
30316.8
46591.9
54939
32301
45169.1
36587
32101.9
45603.6
53735.1
33345.3
28421.6
71626.2
43683.6
54661.1
64173.5
42523
31521.4
43271.4
57615.4
51364.4
45039.4
57967.4
64892.8
32646.4
56811.8
43751.4
45793.8
40088.9
43646.6
30820.2
65604.4
44736.6
38313.1
46005.4
39198.9
54163.1
45200.2
51935.8
56239.1
46831.4
41710.1
45956.7
41626.5
44109.6
60097
38002.6
38125.4
28298.8
44796.3
63771.9
39902.6
50423.6
51162.6
55689.6
47945.4
56597
46616.6
56279.6
56593.2
45509.7
66338.6
52991.5
43221.4
50968.4
46868.6
55359.4
58793
52748.7
45185.4
48844
38211.4
43384.2
63804.5
64634.1
52958
57118.8
79006.9
48828.6
52968.4
69857.5
61691.4
84931
57236.2
66900.2
64616.6
44976.4
59835.9
57046.6
58844.1
56823.7
42258.3
43954.8
56172.6
55040.2
65449
52976
59134.2
61306.7
54573.8
63914.6
49990.2
39272.3
52068
55568.1
59898.3
59168.1
52612
44719.8
49840.2
49015.5
50058.8
53919.6
48990.6
41028.6
44912.2
32035.8
53338.3
60238
33272.5
41504.7
34062.6
37719
54278.2
68831.1
52871.1
43530.2
40069.4
43340.9
44345.2
57972.5
41460.3
40681.8
52711.1
31284.1
53401.1
55533
35215
44338.6
70145.8
40093.6
41663.6
45832.2
75328.7
65633.6
62166.6
65913
29197.6
64206.6
58462.3
36678.6
67416.2
49987.6
74302
49219.6
44739.6
54021.7
34192.3
53039.4
38217.5
48680.2
53201.8
57459.9
62035.5
60417.4
42779.8
41558.5
46170.1
54351.4
47933
37306.2
33922.3
34625.3
43463.1
37582.9
51395.8
66746.1
40791.4
55768.3
42769.4
30575.9
59129.8
32306.4
49591.7
47197.5
30100.5
50511.1
49522.9
33865
51803.9
75015.1
46744.2
28808.7
46194.6
44785.9
43636.4
50865.6
43873.9
50840.7
47733.2
47173.9
41154.8
70851
63162.6
44355.1
55839.4
54018.6
50284.7
72643.8
62276.9
51497.4
68570.9
47200.2
34326.3
71759.4
56323.3
42208
69882.6
44712.6
56764.5
45795.1
66968.5
50315.4
59810.6
40543
48231.7
65208.7
49577
75816
78221.5
54041.8
38549.7
59004.9
32117.3
60143.8
54183.2
68449.8
50042.5
44285
48696.3
46382.2
54317
59968.2
54153.5
39124.4
37140.5
62251
53840.4
54753.1
57113.6
46823.4
48206.5
41002
48703.6
42290.5
60421.7
62621.4
52921.7
57717.1
69602.1
41892.5
52315.4
71318.6
40322.4
56513.5
53818.5
36861.9
59464.2
60008.8
58670.2
55181.4
70774
50429.3
66209
60777.5
58462.2
58953.4
65670.4
60874.9
62902.4
52222.6
51976.9
60909
59893.6
43260.8
47736.2
70834.9
64628
51846.3
42751.9
70995.6
48388.6
58805.4
60424.2
53605.6
52484.9
48834.3
53792.2
46342.2
60703.9
54531.5
65635.1
51937.3
52052.2
60826.3
77118.6
61942
33618.8
47365.9
30524.4
47119.5
53570.6
76002.7
52382.5
50378.7
37072.9
36309.2
52116.2
57673.4
42388.7
45447.8
32740.9
57763.6
52487.1
53920.1
41216.9
73470.6
43119
40634.7
45492.4
50697.8
56792.6
44030.9
34696.7
45717.1
44992.5
53965.8
54592.8
48780.1
45534.3
65812.9
39771.3
47208
35165
55776.2
43326.3
52893.2
55807.4
72002.7
43064.2
53744.2
69866
45691.4
45425
66353.9
72549
48209.7
74572
62799.2
51566.8
41607.8
42158.4
47922.1
60930.9
54250.9
62085.7
49074.3
37910.4
54394.8
38765.5
42039
44849.6
39100.7
45610.2
58832.6
62797.6
84096.1
46669.1
42425.8
51100.6
45400.7
69733.1
57835.9
51620
63291.4
53707.8
58028
67451.4
49636.6
43651.4
56161.9
49300.6
70696.2
60155
50520.2
67115.8
47674.6
72250.4
52940.6
63705.6
57817.3
40423.3
45450.2
48669.4
68695.7
46651.8
47174.5
55611.4
54772.5
50266.8
54297.2
46323.5
80678.5
52738.2
39624.9
33505.9
51655.8
60254.6
45477.6
55598.5
42657
40991.3
39199.9
62270.2
63158.2
53541.1
42654.8
47612.9
47189.8
58665.9
52008.2
54460.6
52700.9
39708.7
44118.7
53273
83775
48697.4
44396.9
63345.2
63334.2
44902.2
49056.3
53118.3
59378.6
53739.7
53457.1
59158.2
61586.3
69146.2
57902.9
39462.2
41678.4
68649.3
64171.7
47279.8
45947
26308.2
56088.2
56392.7
41810.2
54807.2
44975.7
45742.3
36770.7
40256.3
63303.5
57994.7
53625.7
28681.3
44873.2
57779.7
48778.4
51406.2
60217.3
41549.3
44602.2
47813.8
61346.5
45254.6
59911
43671.8
46976.8
39998
38367.7
47361.9
57733.4
46025.4
52484.6
49642.7
45382.9
66075.9
45448.7
55090.2
38429.8
45506.5
49738.5
56188.2
58164.9
56339.2
62236.2
71447.9
47527.7
52606.2
39250.9
74006.8
58740.7
67935.8
81738.4
69162.2
29192.6
68996.9
56681.4
51573.4
65389
65955.7
41485.3
43542.6
43638.2
44770.4
56849.9
64883.3
52669.9
68260.1
50921.3
36688.2
53723.3
64496.9
40799
33887
64520.6
67532.8
50422.6
56601.7
58994
37245
50410.6
49687.9
38461
55207.1
39571.2
38662.5
48047.1
52682.7
47156.1
38399.3
44982.8
41456.2
52761.2
55463
53411.6
34843.4
35904.7
45574.2
48873.2
56653.6
51628.6
29701.5
42341.7
49604.7
52874
40581
49089.4
46620
34809.7
52174.6
32899.3
59527.4
65227
57820.3
37086.9
41185.4
50748.2
63654.2
66068.7
43853.7
38989.5
43982.5
59179.4
29793.8
52402.2
45885.5
47217
31069.9
38609
39471.3
67541.3
57421.4
37136.2
37590.4
53879.2
47962.2
51393.6
54453.6
53531
35677.9
35380.6
41032.6
63275.9
36025.5
39174.8
41673.1
54067.9
49198.3
68294.2
69027
57667.7
61606.5
64965.8
58724.4
71230.2
58729.4
52859.8
56774.5
36681.4
64712.7
59435
55545.7
42433.8
58740.8
34893.5
52108.1
55317.4
63058.6
70673
49347.9
31304.5
46283.4
43092.1
45682.8
69945.3
49347.9
74122.1
49233.4
49633.1
44690.2
65339
72613
56349.3
53295.4
52448.1
67876.8
64969.1
38016.6
45744.2
60246.7
41856.8
40609.9
44755.8
43703.5
74603.3
64922.6
48173.7
35465.1
31130
43973.8
61823.1
64348.8
36214
41690.6
35436.5
33479.7
48533.8
68169.1
45432
43947.5
37138.8
36382.8
40281.3
54702.8
40327.5
39545.5
47273.4
64705
44614
47675.4
64578.2
37510.2
39319.5
51917
50948.7
54616.9
48357.7
46043.7
34001.4
59974.9
33024.4
54430.5
78482.7
45270.2
39148.5
76779.5
53564
67088.9
60398.7
51084.6
59368.7
85360.5
47659.2
50550.1
58290.2
75084.7
52637.8
45259.7
55787
85581.5
50681.8
39313.8
63328.6
71444.7
54884.8
57948.1
68018.7
50535.4
77511
51689.5
37251.8
56298.3
50456.6
39547.2
77012.6
46192.6
53946.6
58539
60456.6
54621.4
57199.4
54338.2
44007.2
49805.2
62942.5
61943.7
53170.9
61947.8
42114.2
44316.6
60955
49145.7
45118.6
60669
51447.9
27111.8
55372.6
62411.8
44202.2
54346.6
59231
54815.8
39943.4
60364.7
65028.6
43020
58714.4
57818.2
59286.1
75827.7
59032.2
65564.4
63894.6
58386.7
50956.8
49926.7
64502.6
48967.1
64265.5
42175.3
40689.8
50369.7
45413
49122.1
61571.9
68301
51800.4
51332.6
71427.2
66683.6
42916.2
60731.5
61306.3
58220.2
57023.1
48850.6
54359
43892.6
55315.2
57198.8
45615.1
69289
65704.5
60668
49003.5
62397.4
48137.1
60038.3
83317
54571.8
35129
68819.7
40023.8
48347.5
79401.7
64442
53585
47169.6
61396.6
43265.9
62423.2
65693.8
50769.4
53084.1
41971.5
74595.5
55168
61576.1
60315.6
74975.8
33337.4
63673
42923.8
57009.7
70740.9
57630.5
36658.6
56605
40045
47271.4
47747.7
50576.1
44541.1
48550.4
60811
49307.4
58700.6
21619.4
59127.9
34483.1
47701.4
50050.5
46665
34785.6
45051.3
48826.2
47317.3
46842.2
53065.4
35772.6
48748.1
40904.8
62891.5
39908.2
46532.8
44987.5
58511
65514.2
45819
44734.9
52377.8
34898.3
45817.3
44159.1
41169.4
40401.8
46635.4
56435.7
53784.5
46168.6
53357.1
56413.9
53176.2
62141.4
58379.8
39752.8
60949.4
55981.5
50048
48983
48133.2
29927.8
42993.8
52389.3
40858.6
41945.7
37150.7
42358.2
39187.3
42666.1
59794
61638.4
41713.8
37538.2
55415
39966.2
38015.5
59510.6
51472.7
64028.2
53353.3
28557.9
49123.5
53424.3
40507.4
61326.6
46769.7
59462.9
46314.2
56652.1
47635.3
55155.9
49829.3
46447.6
34318.7
60345
65932.7
49882.6
42680.1
18451.3
43619.5
62302
49928.2
63323.4
61699.1
39163.9
46173.7
41198
41118.4
32851.1
55724.2
42163.8
29808.2
55587.6
33710.1
38422.9
45713.9
41441.7
47911.8
53301.7
38371.3
36129
41787.6
59227.7
44782.9
49078.4
43226.3
48431.8
39490.2
38231.9
67253.8
45817
48332.2
50671.6
37156.8
30256
32517.2
46156.6
67578.4
33206.5
29295.7
53266.2
42215
49150.6
34892
48700.2
63275.7
45071.8
34030.4
48589.4
35783.8
30658.9
58922.6
70660.6
58578.2
31249.9
24032
30090.9
24831.1
41457.2
46152.4
52374.6
55335.3
37339.4
33481.4
35527.3
34096.1
57035.3
41918.5
50238.9
46080.6
50297.8
60098.6
39917.1
53102.2
44005.6
32353
34964.1
55864.3
40791.7
33658
43638.8
37742.1
43849.4
49371
52747.3
43931
64527.3
42233.4
35567
48607.1
56111.4
45018
59916.9
46475.1
36600.5
58432.7
55234.2
37609.6
44164.8
48386.2
51205.8
66728.9
64772
41466.6
42572.7
39944.8
38515.6
33457.4
69453.8
65907.6
42611
53269.8
45417.7
37130.2
40233.3
39153.5
49681.8
57020.9
30593.8
45345.8
73941.1
80677.8
43723.5
58158.2
46683
51182.8
59131.6
48126.9
50627.8
45184.7
63184.6
74701.4
72638.4
55515
47612.2
40109.8
38619
53696.8
76569.8
59740.9
37605
54686.2
59232.9
59802.2
57198.2
53033.9
38062.8
67577.3
65912.4
59075.3
50434.5
55271.3
38599.1
33492.5
50363.8
38109.4
53873.8
51967.4
41090.7
35430.6
28978.5
46869
54636.2
37916.8
59604
28665.8
45281.8
57981.5
71860.6
72638.9
48749
52632.1
49460.6
54878.4
48306.6
53724.5
48581.8
50659
61614.4
59525.9
49579.4
58103.3
52982.7
41180
48114.2
56067.2
53058.8
51140.2
59157
52712.4
35572.9
51759
59507.1
55925.4
59305.4
42039.2
46841.9
62095.4
84201
84269
68560.5
47275.4
44449
49056.8
59482.4
50148.4
72044.1
45581.9
50589.8
56451.5
51521.5
59577
58906.1
54553.1
65752.2
41886.9
38048.5
68176.6
48556.5
51948
52674.6
45573.6
45795
47555.8
64072.8
46198.5
59627
42738.5
55869
34453.7
59239
60715.8
50937.5
37166.8
46392.6
27637.5
34539.9
39049.8
57975.8
45552.1
42815.9
71885.5
57733.5
39531.7
35879.3
46258.6
31506
34970.9
69133
59479
27481.5
35815
36650.6
42408.5
66650.8
50188.8
51931.8
19374.2
32739.4
35424.8
53612.5
38370.1
35025.7
57325
50598.8
56356.1
40042.6
36871.4
52954.9
32888.3
36712.8
35310.8
44647.4
45190.5
50914.2
46053
44446.9
35719
43832
49280.2
49969.4
33774
54397.7
34845.7
63317.3
56023.7
56991.7
29893.6
56002.5
34000.3
45642.5
70626.9
42345.4
50071.9
58588.2
55806.6
62819.9
60766
60365.7
67305.1
47251
54745.2
32969.1
39351.2
78537.6
38039
50364.1
40029.8
63032.2
41381.5
45302.6
50354.6
38507.8
26743.1
33969.6
58347.6
46457.6
41387.7
61467
41072.9
56162.6
29828.3
45601.7
38897.8
47492.4
44982.6
36524.9
50773.2
31723.6
49331.5
34156.5
56051.4
39728.5
43674.8
26134.8
46671.8
39844.3
38118.4
45355.4
36559
42318
36180.6
60495.4
51536.1
51266.2
47697.1
27436.6
39598.2
49318.3
39515
46738.6
48233.9
40019.9
55388.2
54029.6
41338.6
38768
47018.1
36375.8
52456.1
45896.7
33943.1
49743
51345.3
44358.6
53664.3
37481.4
37624.7
46615.4
32357.2
59419
70684.3
26360.8
41250.2
41917.6
56346.1
41340.3
45811.6
29787.6
49736.4
63442
40692
52912.7
35512.3
28839.7
41422.2
50333.5
37519.2
43712.4
29389.1
29307.1
47609.8
31219.6
45866.7
49584.4
53976.7
48494.2
29760.3
40165.1
39550.7
38384.5
64845.9
44537.3
53672.1
41112.5
44090.2
64342.9
46988.6
47218.9
34901.2
51616.9
38209.9
31558.6
53900.3
78108.3
70405.5
39128.7
60679
72031
54991.8
47590.7
73346.1
68744.2
39070.7
54542.2
43367.4
44593.9
58765.8
59478.6
41459
55231.1
44307
48822.8
47606.8
53683
54416.3
51218.9
28701.5
41422.8
43417.4
68234.8
58683.4
33215.8
44387
45221
51570.5
38360.3
35544.6
49693.4
45057.5
43655.5
59431
33156.6
44641.2
43393.9
39289.1
36647.8
20449.8
30911.7
44610.2
57514.2
39161.5
40363.3
63015.8
55458
41935.8
34389.2
52671
56289.5
58365.2
60273.8
64146.6
48000.6
64995.3
36802
36540.2
45823.7
42958.4
55089.8
50666.6
53874.7
68545.7
41329
54168.8
42988.6
65968.4
64573.2
55529.1
38320.2
57667.4
50315.1
64440.4
55642.3
59560.6
57975.6
46803.1
55502.6
59027.3
59044.9
49619.8
52120.4
50491.8
44313
47110.4
46829.8
57473.6
51065.9
49261.4
59360.1
50722.3
37693.8
38566
49680.2
60463.8
58416
58975.8
46132.6
47240.6
35729
54038.4
42142.2
50833.8
66805.2
44493.3
41004.3
38486.7
49876.8
47526
50011.1
41187
48388.6
29861.9
37117.7
49684.9
40870.3
45796.7
39369.4
40957.8
44282
38936.4
42122.8
42126.9
37872.2
39381.2
53951.9
47153.3
52000
37708.5
31608.9
37061.8
68139.4
52895.8
50321.1
41727.5
30169
36526.9
49674.3
63270.6
45218.9
42803.2
35239.6
41953.8
51224.6
44906.2
41356.6
38930.6
33074.6
39611.9
46170.1
62629.2
37249.4
48000.4
24818.2
24759.8
47540.7
42222.4
43045.8
34206.6
45454.1
49788.5
28829.4
34200.8
50714.6
43485.8
45052.7
42634.7
43419
71538.2
43593.8
40012.3
57364.6
50681.2
42394.9
67505.9
61475.8
53086.5
39357.8
42075
55008.4
47728.6
47894.8
68052.8
49874.7
45462
56699.2
66205.6
64553.5
49023.4
56542.9
49610.2
35474.6
37324.7
49279.2
58577
58299.3
58107.7
43289.8
37359.4
62533.4
51703.4
52431
30986.1
42026.9
58167.2
41706.7
63693
35966.7
46573.2
59518.8
45289.8
38722.4
51231.9
55777.2
46563.3
41015.1
48670.6
56740
45277.3
69647.1
58159
60105
51687.7
56325.3
48954.5
37236.9
57721.7
71717.3
29005.8
81459.5
64092.1
28513.4
53013
53875.4
50809.1
79534.4
69860.2
39715.4
52500.7
58042.8
41380.5
55752.2
75652.1
49571.7
51790.5
47083.4
49136.3
67458.9
46249.8
53479.3
54404.2
41705
39877.9
53240.8
49890.4
58915.9
53607.8
49241.4
46404.2
36812.4
41974.6
57456
37925.8
56426.8
37217.5
36296.6
68575.1
41239.3
57362.2
64794
56367.3
58980.5
42110.9
47242.8
35369.4
34129.5
55871.2
68828.2
41666.2
64024.4
30471.1
45714.7
30810.6
47183.8
57798.2
73975.8
25074.6
43988.5
59076.4
54981
75979.7
67454.9
43112.5
33839.8
40970.6
56672.3
59272.1
50868
56490.7
29594.5
43683.6
54683.4
40853.7
58456.5
57356.6
41656.8
52047.2
38755.9
70514.6
46575.7
50501.5
31411.1
35103.6
51733.4
50204.6
69687.9
51885.9
79465.3
36372.3
40046.2
39710
31022.9
46420.6
43554.1
37302.8
58208.2
49236.6
43354.8
39976.7
41801.9
31317.7
47423.8
38052.9
41636
45967.8
51997.7
32573.5
27366.5
36395.1
46823.1
59535.4
62459
51356.6
77467.2
56757.6
47280.5
34743.3
57552.8
45428.9
48491.8
46195.4
41178.3
68472.2
52094.7
42087
40790.1
37269
49994.2
71738.2
55816.2
34386
52710.6
42830.6
45127.7
57248.1
41839.3
45034.6
47366.6
65738.8
68722.9
52759.8
54018
65277.2
40157
53616.1
35195.5
50425.4
53764.9
53171.4
45234.4
46968.4
52967.8
46042.7
60287
67010.2
54814
38315
42443.8
38153.4
51193.4
60167.6
37930.6
46688.6
47030.6
49115.9
42157.7
58780.2
51319.4
61073.8
68975.5
43864.6
40947.4
52858.2
44844.9
56195.2
49318.8
45793.7
46304.7
48164.2
41466.6
51003.3
50422
50406.3
63006.6
60223.8
43408.4
40736.2
46952.6
36279
51394
46365.5
58519.8
58910.8
54133.1
40112.2
43048.7
41420.6
45555
39237
45375.5
34818.1
54318.6
33374.3
38537.4
34919.5
48430.5
34850.6
47780.6
48527.1
60532.2
37556.7
29684.9
57065.8
42349.2
39797.6
52783.6
48947
38932.9
34941.8
54485.7
40980.7
64661.8
44286
36643
68578.2
42385.7
40995.2
61747.6
44016.9
59219.8
44218.5
63283.9
46923.6
39656.8
46797.5
58204.3
37608.7
56928.5
57794.3
51056.1
53415.2
44626.2
53757.7
30349.9
43811.3
38664.7
44435.9
53894.2
33099.2
59920
52214.4
54165.5
49116.8
42711.4
51161.6
49849.7
41088.5
41645.5
47654.2
37590.5
40068.6
59313
55367
70693.1
48230.5
53668.2
41878.6
38289.7
78714.9
36358.6
61719.2
33204
58729.3
71100.2
46482.2
49238.1
53892.6
61353.8
42495
64202.2
54156.9
67042.5
38789.8
39905.5
66476.8
43794.6
71293.9
42708.4
55470
53825.3
63892.8
48537.2
43317.7
57783.4
46857.6
57634.6
35237.7
42983.1
41507.3
44676.9
59604.7
51057.8
49822.5
49041.7
44645.8
39130.4
49201.4
60161.9
61625.8
52102.6
41214.1
33728.3
44578.4
50335.3
61719.5
51742.2
57222
42289.4
49473.8
33722.3
39568.6
70690.6
46978.3
56837.3
72217
59564.9
53531.5
54290
54489.3
37459
33422.9
51033.2
50171.4
81767.8
74454.9
38859.9
67544.2
43041.8
44080.7
80167.4
63392
56612.7
47653.3
73961
73607.6
62459.8
51471.4
55417.2
52331.8
46353.7
57710.6
43798.8
48335.3
69408.9
52645.5
46296.8
46671.5
53856.9
51785.5
57226.6
55439.1
61855.3
70868.7
74697.9
48230.3
49354.6
38928.8
47821.7
61570.9
54869
59344.6
47849.4
36940.3
61498.2
56897.9
36175.4
64336.5
47937.9
33022.6
52863.9
55804.6
49197.5
84275
47709
62717.3
48548.9
41441.7
61744.9
65945.1
45999.8
54032.2
55271.2
60002.9
46736.3
54242.3
40435.7
48059.4
53127.1
57570.6
51017.2
42712.4
39776
42520.7
55434.1
62855.8
32855.5
53622.7
40085.8
41357.3
61426.6
38065.9
62198
36570.2
33324.6
41140.2
37863.4
45036.5
50749.9
26322.2
53868.8
51886.7
41346.9
42710.6
45826.5
37063.9
53182.8
58867.7
67287.6
35046.3
38028.8
69232.3
61272.6
43891.1
47677.6
44754.7
32532.6
38936.5
72004.8
57360.5
56949.9
42793.3
33165.7
54980
28125.4
41982.6
62260.2
48843.6
38706.6
33473.4
47074.5
43300
40652.5
56221.1
54083.2
68774.6
48081
52078
47038.4
60078.2
41044.7
48147.4
84431.7
67947.9
56347.6
60194.6
51206.2
61881
42845
57205.6
61849.2
37032.6
52899.8
43042.2
50194.3
51982.6
32870.9
55981.4
33899.5
57305.4
63003.8
58809.1
36801.2
45958.3
39422.2
45806.1
36677.4
64494.6
58184.6
57332.1
44698.6
46625.5
29011.7
43804.5
42945.7
56911.4
50379.9
34446.2
51308.4
28798.8
60354
36808.3
57346.9
45855.7
55257.8
43955.8
49281.8
44821.9
38210.2
56933.7
29458.3
47823
46786.6
38697.4
37575.4
34224.7
53981.5
45617.7
59839
48421.4
42883.1
37820.1
36237.3
64419
75333.8
80402.2
54196.9
46043.1
53481.6
59886.6
65253.6
51153.2
45702.9
43471.5
33115.6
33970.4
59182.6
75325.6
42515.4
55620.2
59590.5
43414.5
59222.2
41711.5
70058.6
40197.3
52539
41835.9
36297.5
58187.5
55248.3
51624.2
48470.8
56872.2
44841.8
64327.2
59589.2
80253.7
32626.5
38306.9
48895.1
61947.1
62935.7
50419.4
45484.6
32874.7
43913.4
48928.3
39990.5
53194.3
52950.1
65202.3
70695.5
47611.8
55075.2
58423.3
58070.7
38968.3
60333.4
32827.2
43616
36065.8
45936.6
52700.6
59142
65420.5
52638.1
38016.2
63454.2
72604.6
47269.5
46257.1
56589.5
52106.2
36523.1
53757.1
44933.9
43367.8
49304.1
58852.6
28475.3
43375.4
59998.8
66906.7
36351.1
58766.4
41388.5
57561.1
63446.3
55035.4
42611.8
60598.6
42473
47437.2
46993.3
55481.8
64230.9
61212.5
59659
45080.6
34717.7
40671.5
64390.7
44246.2
56193.5
52469.4
42744.2
51409.8
50095.7
60138.5
46597.1
70090.1
40907.7
62039
36642.6
60280
51924.2
34450
28826.8
43324.1
55901.1
37427.3
38861.8
59665.7
37761.4
31492.3
46501.3
47855.9
36739.1
48851.6
58989.8
38658
41706.6
35036.5
54428.6
44553.9
44612.6
53756.2
74434.4
61561
45897.3
53276.4
46027.2
53038.2
49698.4
42614.3
55411.4
68458.2
53616.9
49573.8
65780.9
53593.9
66682.4
49201.8
54174.6
47818.5
47694.9
50741.7
50884
64796.4
53849.2
42519
45173.4
50063.7
47569.2
67832.2
70313.6
58334.1
51014.4
38172.2
41079.4
56695.7
45779.5
66556.1
42647.5
43480.3
48959.2
67316.9
52016.2
48295.9
36983.2
38100.8
41747.4
36290.4
41130.4
34454.3
39021.4
39752.2
36583.7
33941.8
54658.2
53352.6
46221.3
23732.1
46559.4
42041.4
44151.2
50654.7
35960
46654.5
37803
38401
37223
53402.9
74317.7
52281.4
60605.3
54582.7
50992.7
45102.2
51082
49431.8
61598.3
45673.2
79218.1
67501.4
60300.1
71339.8
39721
19739.1
51244
59115.6
43637.6
44354.1
33212.2
54882.7
75832.6
56116.3
39655.5
46784.3
55594.6
34580
45458.2
41785.3
47821.8
75118.2
65640.9
75414
47105.9
55761.9
43873
37415.2
53237.5
64209.7
51766.5
46718.2
58235.8
53300.2
67376.6
52394
39900.8
49244.6
63780.6
80972.2
54279.4
51385.9
44840.1
54143.2
55239.4
48565.9
47930.6
38423.7
59263.6
55126.9
86062.9
84121.1
47943.6
64332.6
52423.6
48526.2
52489
47015.4
42622.6
64434.3
57079.4
41859.4
44780.7
63590.4
72205.9
61723.7
53863.3
54261.5
57208.8
52751.4
49728.4
47431.5
35350.7
56948.1
36967.4
57024.4
38159.2
23075.4
55974.7
47555.4
51962.7
42379.2
30783.8
51713.9
51567.8
50786.2
32875.3
38938.9
65065.9
38617.2
35922.2
48702.6
44547
37861
53165.4
48904
74867.8
40153.8
59136
54679.6
51218.5
50305.8
67975.4
48671.3
34205.4
52342.8
44693.7
48146.1
50463.4
40275.9
42581.5
53692.6
58800.6
39311.8
52353.2
40466.2
70663
42226.2
51227.8
45986.8
59574.1
28324.3
29928.6
40148.7
58289.7
39457.3
66487.6
47409.5
57279.4
34794.6
33634.9
61771.8
42328.2
75571.6
48454.9
39792.3
29661.7
48153
62275.4
65154.6
48688.7
34437.2
39380.4
39265.1
42586.9
47596.2
48735.8
48070.6
34503.5
38821.6
54078
44202.5
45523.4
75687.3
47883.6
37705.4
44690.9
43612.2
45835.5
31170.3
24768.9
48319.1
41157
43825.9
45863.8
44718.1
38226.7
58716.5
50061.4
28874.9
55230.2
65730.6
23861.8
47230.9
51337
36370.1
57993
45899.5
48429
46396
49177.2
50201.8
56687.6
30322.6
44504.3
55788
56830.5
62234.2
35901
40895.3
45380.1
61855.2
54451.5
48081.3
36660.2
61869.4
26209.8
40444.7
46354
71150.3
47526.8
54178.3
28283.3
43889
44251
66279.9
35865.5
67173.7
56535.3
37426.8
42872.5
45056.2
44242.3
42348.7
74785.5
42671
39011.7
41527.3
56714.3
42895.9
66499.6
49798.8
50760.2
56713.5
61229
31205.9
40991.3
40419.3
59016.6
43658.3
38025.7
31419.2
42725.8
39524.7
50334.1
68291.6
60285.8
38873.8
60511.4
54436.4
54306.4
64905.5
47235.8
27229.4
54795.5
45277.5
64106.7
48811
42009.1
41521.8
33174
39927.4
54586
52165.8
50546.5
45716.5
63676.6
42915.2
50085.7
50809.4
47648.2
52470.9
41709.1
42892.9
54394.6
44595.5
39695.3
43857.4
36535.2
44225.4
61055.5
34606.6
37300.2
45841.9
43461.5
60452.6
46425
44665.4
65589
44987.4
40393.7
51476.2
43953
66245.8
45711.5
46632.9
42502.1
56785.1
52487.2
28902.9
55309.3
62049.6
52280.3
65367.6
31139.1
41454.7
51893
51057.7
55472.6
55060
44322.2
49977.8
62851.1
51623
59191
39980.6
61466.5
62407.1
33377.7
31732.2
39600.2
46653.8
48448.2
44104.2
45712.8
39128
50488.1
43309.8
39742.3
46272.7
42234.7
70326.2
41511.4
34923.1
31807.8
34953
38756.8
53377.4
60498.6
53067.4
34680.1
28992.3
51378.9
46209.9
52101.4
29967.1
32675.6
42363.2
55264.1
51301.4
52609.5
32713.7
55496.2
41904.1
46402.8
63967.8
71942.1
64101.2
46239.4
36672.7
24807.2
53897.7
56785.7
55812.4
49339.9
59056.6
33589.5
43759.8
49579.5
55553
50973.3
68012.8
52540.8
41506.7
66053.3
46253.3
51066.8
48320.2
61030.6
32114.6
39033.2
42553.8
37657.1
67046.8
56728.5
50814.6
39352.2
52401.4
57007.3
46808.8
71211.5
65367
75762.1
35829.6
62486.3
41848.2
44170.6
43507.2
43330.2
56804.6
73777.1
45847.4
52414
58542.3
74540.8
39054
53331.5
49352.6
60102.6
50687.8
62993.2
77682.6
37272.9
54014.4
72501.2
58462.4
43108.9
51285.9
57235.8
49428.2
53775.7
58049.4
46886.6
54176.4
76193
48815.8
62169.8
63358.4
56489.7
43951.8
51422.8
42618.3
69504.4
56091.5
63395.6
58216.2
50178.6
48535.8
56915.4
51068.9
71064.6
65753.2
55663.7
58187.3
50943.3
47182.8
59815.7
63148.6
41821.6
47175.4
47545
44083.8
38038.7
57983.3
48732.2
37094.1
55281
68879
60128.1
45859.5
46281.1
44447.5
50664.2
57824.4
51002.2
46907.6
40159.8
41105
34691.8
48379.8
48459
43075.4
53571.7
36300.5
38435.9
36155
50676.5
33502.7
51283.3
39947.1
38283.7
43436.4
51987.5
62417.7
50625
34537.2
49066.7
47503.5
55328
49033.6
54895.8
47494.2
32991.1
47061
47481.9
51291.6
42209.5
72183.4
85177.7
60419.7
53163.4
36551.4
48950.4
47972
57001.1
62821.3
52968.6
42684.5
46413.6
42831.1
51402.5
45863.6
41444.4
48922.6
40565.4
69666.4
44054.5
61597
53893.5
49532.2
52891.8
46535.8
51081.7
46942.6
49373
59229.6
56120.4
42066.2
42095.5
57911.6
57222.1
59750.1
48681.8
41384.7
36473
43284.6
35415
43194.4
44004.2
39490.9
43841.2
31120.4
33676
74793
39246.3
39884.6
62795.4
35500.7
45931.3
37086.9
40172.2
61318.1
46261.1
60317.4
54474.2
53375.8
35895.4
37874.5
45555.8
60865.2
64591.1
33112.1
41478.6
51561.3
41753.9
36850
66881.6
39425
36580.3
37196.4
48800
46661.5
32280.9
53785.2
53599.5
47477.5
44682.3
57438
61853
50921
46380.9
40898.4
47786.3
46308.8
48916.9
44397
40613.4
56734.2
36046.7
48179.7
53044.2
44892.8
40732.9
54504.3
40520.2
53002.1
47075.8
45022.9
53681.2
41984.1
65403.8
41519.8
39512.4
41123.2
37586.3
44758
38284.5
33540.6
33179.2
35663.2
51040.6
51545.1
79151.4
49854.9
26286.6
53165.8
46210
33841.9
46429.4
46979
49539
54061.8
52305.9
37566.4
49473.1
39002.4
49382.2
56493
37003.6
55813
52757.6
53200.2
44240.2
53638.2
48298.2
50999.4
42476.2
44555.5
48017.2
52323.1
61226.2
41854.9
36469.5
46247.3
53874.4
59684.6
34427.8
43795.4
45849.4
46614.1
52630
38231.9
54233.5
44556.8
56435
58135.6
64280.6
48803.1
50325.4
57684.1
40771.8
36669.1
57278.6
37484
48555.7
47587.6
62131.4
43683.9
60047
63764.2
41707.2
46987.1
48820.1
37501.1
46888.4
55285.2
45306.4
53461.4
37805.2
43577.4
37870.5
49808
41416.9
36936.5
33559.8
45551.1
44286.4
39105.4
55962
69748.9
54306
39448.3
48117
44627.6
30936.9
60822.3
30246.2
47473
40797.7
48392.1
38551.4
61908.6
46566
40765
42037
72477
58961.4
35188.9
35114.7
41554.6
47990.2
41499.8
38444.8
31806.1
32735.1
48064.6
84594.2
32201
41140.8
39811.4
46955.8
30870.3
58179.9
51337.9
35028.9
32895.5
51051.8
49515.4
62939.4
34876.9
56850.6
50519.5
30421.1
57809.3
40568.5
46922.2
37987.2
42662.4
41959.7
30844.7
47043
62308.6
61500.2
46666.3
44328.9
27109.2
33998.5
43653
38742
61784.2
29834.1
42506.4
42786
42357.3
58799.8
41487
40450.6
55442.6
50686.8
51444.9
52959.4
49493
38578.1
55022.6
33584.7
65321.8
42076.6
60428.2
32684.4
47965.1
39607.2
56708.1
40761.4
51401.7
54858.6
44609.4
42554.5
45873.8
61638.3
50144.5
51352.3
30071
37973
64026.2
53921.3
64606.5
64001.8
45524.2
60443.3
74623.9
41329.8
55972.3
50536.8
56728.2
38304.4
61681.9
37447.6
67991.5
69744.9
64700.1
66382.9
36056.6
47196.6
62845.4
78221.9
74487.7
52024.2
50171.2
47011.4
61511.4
60051.5
60752.1
63209.5
77571.3
33887.9
40442.9
55530.8
39008.2
46667.5
50313.2
37172
61134.3
57494.7
55153.1
55584.9
39613.7
45846.1
46009.2
56100.5
35422.6
54487.4
43155.8
55409.7
59491.4
75548.3
50903.8
68145.3
49360.8
52942.7
64670.6
60853.1
51608.2
63634.5
57702.2
50861.7
48003.4
53391.2
58395.3
68599.5
52278
80431.4
44843.7
63247.2
60636.6
58108.1
55041.4
49338
64336.3
32053.6
35615.8
63133.1
58191.2
59241.1
57434.7
39373.5
59014.6
46993
40174.1
76815.1
42939.6
58958.4
49978.3
61947.4
32746.1
51515.4
50059.4
56990.2
52648.4
64023.2
60819
56269.1
54432.9
45352.9
64487.6
47787.8
74500.6
59896.5
53143
46176.3
46376.5
63641.9
50896.3
57228.6
54507.3
40600.3
62611.6
44991.6
64450.6
57586.2
62473.7
50499.8
39820.6
74933.5
39873.4
46318.7
51042.3
53831.8
43799.7
57013.4
55672.6
57442.2
50035.8
40380.6
58575.2
66262.8
45348.6
57193.6
43371.2
49698.2
48045.7
61430.3
43403.1
70092.8
58915.9
39902.7
49931.3
75283.9
53093.1
46846.6
50557.8
41483.3
47628.2
57638.1
36698.7
51636.8
67683.5
55725.1
41106.5
57371.4
48174.2
51557.6
51602.2
42469.2
35598
62406.6
66617.6
57041.2
50102.6
46089.4
35724.6
55522.7
62244.2
38228.1
35054.3
40246
45517.1
49458.1
46252
40339.8
60305.8
36340.9
53581.1
40910.5
61162
65472.3
33098.3
56392.1
54410.5
29422.9
32534.6
64052.9
69661.8
47073.7
43698
55243.7
57395.2
65673.9
49053.7
42478.4
54987.4
48527.5
55427.3
37495.8
43735.4
58818.4
48974.2
44696.5
46170.5
61825.8
53750.1
71803.9
42411.6
41281.9
74009.5
46932
53177.4
45649.2
50522.9
42849.9
36800.1
62519.9
54181.5
64350.3
55901
51119.8
38384.3
55026.6
59079.3
51448.2
55620.8
49569.9
79115.7
58359.7
40869.8
43282.7
61698.4
52467
72110.4
33184.2
51553.7
57718.2
44391
64490.4
35475
50556.2
48050.7
41490.9
56716.3
41258.9
43286.4
57712.3
58841
55336
48423.2
56209.3
38972.2
48443.5
53138.7
56339
54334.2
45795.5
41054.9
36661.5
64621.1
59716.2
41456.2
42856.8
55298.5
61944.7
33975
41133.8
45354.5
44486
41979.2
59357.1
70273.5
53797.2
59985
80554.2
33179.6
44407.7
40026.2
55453.8
41978.9
37311.8
54067.4
48430.4
59799.8
32777.7
33760
44303.3
31699.4
53223
37830.3
59326.4
43862.3
52964.7
57377
35554.3
26625.8
38985.8
25245
35293.5
44839
47147.3
42121.5
46665.2
45281.2
34236.5
33392.2
41435.8
39325.7
34593.2
37784.9
45497
51856.4
58193.9
32932.8
26637
33186.6
55331.4
29825.1
41370.1
42810.9
44014.3
29509.6
35158.9
32989.8
50849.2
42617.6
44984.2
38889.9
37502.1
40746.4
41930.6
42471.1
43476.6
36975.5
47657
31278.6
36411.1
35012.5
38762
44535.3
43612.2
45468.4
42816.3
53879.2
69379.2
59697.9
68727.7
44975.9
40095.6
51425.3
35011.1
39617.9
70737.2
65415.6
66856.3
36286.4
49115.8
27809.8
50164.4
63323.4
65886
73423.6
37401.9
47982.4
41875
53788.1
47866.8
47429.4
49498.6
41100.2
48413
42529.4
53209.7
59487
40111.9
74349.8
50358.9
29388.2
30506.9
60055.8
63909.8
59715.2
54153.7
41317.4
49890.9
36835.4
61630.4
49904.2
53001.8
36373.8
57728.4
29590.5
41176.9
47444.8
63938.8
38402.1
61056.1
36155.2
59810.4
33258.1
52308.3
37501.4
56599.5
43025
33302.6
55464.1
45023.7
64238.6
65532.9
53605
73342.6
50534.1
53814.2
70845.1
44446
43689
68211.8
59884.2
47101.2
53572.3
60141.2
50465.6
39619.3
41571.4
48582.3
44863.2
59193.6
64194.6
54583.3
32889.9
65108.2
38980.7
39364.6
49271.9
44565.3
48808.5
46475.4
64482.4
60639.4
74681.8
67447.4
39860.8
43167.7
58547.5
47926.6
60512.4
57471.1
62017.8
51632.7
36186.1
44494.8
51024.6
76940.4
57470.6
52650.8
66356.6
38367.3
50182.9
27027.8
59183.1
50404.6
53405.5
39893.5
37411.8
32215.8
45311.4
61846.6
45287.8
44816.2
66756.2
43697.1
47583.9
55970.2
51945.7
39625.1
47170.2
42482.6
38208.2
33404.2
63123
56485
45509.9
34552.6
59209.6
45552.6
57460.6
49735.9
58665.1
55120.3
53037
58229.6
56191.3
44739.6
41249.4
31264.6
65129.8
63952.7
41394.2
65429
68656.2
26480.3
44510
40519.9
57539.9
43330.3
42333.8
71266.1
45361.2
53346.3
53626
56618.9
44250.6
53533.7
50810.8
40942.2
44498.5
47457.8
53886.3
64392.6
60714
41111.9
42494.2
62125.4
41857.7
43211.8
54052.2
40032.6
48486.9
39517.4
60727.1
52842.7
55606.2
45966.4
64700
44073.4
48409
57471.6
55467.4
52628.3
44007.3
47714.1
44555
59262.2
34356.7
51379
59520.2
54968.6
37486.1
45565.5
72443.6
38565.7
48613.6
55643.1
55885.4
38984.4
33635.1
51502.3
35727.4
54827.5
62408.2
49036.2
57932.2
58327.1
45059.3
77431.8
65377.8
44676.6
54633.2
35515.8
49494.9
43301.4
47229.4
66186
39539.6
58298.3
49462.8
54432.6
43219.4
49444.1
52601
37611.4
60858.4
59313.5
50200.2
67493.6
61985
51956.1
64032
61703.8
56740.1
79641.8
57596.7
46021.5
69132.4
55303
41810.3
59699.7
69616.6
53896.6
68661.8
56985
75880.3
61696.1
66208.6
74823.4
53827.9
65588.2
63358.6
60775.7
65716.6
79273.5
46779.8
52716.3
60351
61615.5
50251.4
44061
48739
47595.7
45310.3
55844.1
55750.1
55715.3
69299.8
60778.4
46288.5
47999.4
60436.6
48104.7
31202.7
73600.7
51117.1
70988.4
47757
34273.2
40977
44881.9
47148.9
64570.9
45090
79306.3
50281.3
31262.9
57681.5
51005.1
72937.3
57132.1
58668.6
52286.4
43821.4
41668.9
49169.1
48459.7
45018.4
42910.6
42663.2
63390
63868.7
58778.1
58567.4
47067.9
58973
58790.8
46192.1
62698.9
45891.7
42951.5
50956.3
59295.2
81236.8
62758.6
47801.9
48698.7
39230.3
57241.4
62723
54554.1
57581.5
55793.6
62319.1
80621.2
51538.4
43522.5
67593.1
57899.9
38512.9
61270
58687.5
66480.8
55546.6
59375.6
65445.4
53841.7
46024.4
57450.5
63312.5
56098.6
53014.5
49369
67670.3
49066.5
49329.6
71670.9
81326.6
58578.7
49242
66078.2
61691
44602.3
54316.2
48131.3
52638.6
49949.1
48152.4
49218.6
60887.1
62977.8
36534.2
39713.9
46778.4
43673.4
49021.7
51578.6
51384.6
48443
37652.6
36311.8
54034.4
82899.4
65815
44173.2
53345
47166.6
43455.8
56083.8
55151.8
68347.4
63325.4
55334
31337.1
54613.6
44515.8
48012.5
56883.5
36221.1
35465
55189.5
43507.7
42106
35446.5
60648.6
49665
31233.8
52393
57180.9
43614.3
53655.1
52411.5
24653.4
53587.4
60340
69603.9
59955.5
51743.4
49947.4
63553
37364.6
45366.2
70307.8
62362
40544
44434.7
64771.4
51133.8
56625.6
61927.3
42607
37218
54447.4
51059.9
57559.7
55949.7
46503.8
44535.6
42339.7
47146.3
56301.5
50271.4
45960.2
56227
41049.3
33600.4
38336.6
46939.3
47892.8
41225
38602.8
45252.4
35293
41054.2
45753.3
41158.6
42752.6
45036.6
55399.8
37739
37353
62726.3
49503.2
51452.4
53698.5
46071.5
33748.5
57330.4
61272.1
38777.1
47355.8
46238.9
57047.8
64083.9
46880
54807
52502
67419.8
52340.6
36629.1
46457.3
32355.4
63584.5
55217.9
51855
37441.2
31506.6
63030.5
35864.4
45926.3
41729.9
66495.8
71622.6
54024.7
49088.7
60261.4
63019.9
69777.4
46281.7
37929.8
61647.4
37996
39894.9
40982.6
55459
49811
44016.4
46573.5
44321.7
53649.4
50276.6
42806.4
45154.7
64860.8
44460.3
57152.6
48154.2
40962.9
58877.9
58267.4
55851.8
70371
55416.6
36530
63700.6
61602.2
50204.6
60305.5
47016.2
36674.4
44151.7
39904.1
61849.4
41458.7
43292.6
49756.8
54614.3
32919.1
36475.4
48645.8
67799.3
45834.1
36153.5
39999.1
47440.6
56886.6
52019.7
36587.4
41663.9
41436.2
50986.2
36901.4
54316.1
44868.9
42486.1
33136.8
53271.1
37398.4
56422.4
58128.9
34385
42493.5
36268.6
40988.6
66799.4
49689.8
57788.7
54539
38859.4
51667.8
56819.4
57153.3
51159.3
54356.9
49288.1
40040.4
50568
68968.6
57774.4
48039.8
54154.6
67768
56636
51335.8
47876
43649.7
42100.6
35127.7
50775
60961.8
61159
38069.8
57809.4
67315.1
53629.9
32897.7
65455.5
44061.2
51211.3
57914.2
49524.9
43346.3
33479.1
35067.8
52557.8
45354.6
68003.9
40669
44722.2
30059.8
84282.6
29123
47894.5
52332.4
55568
48634.8
61973
74138
42117
56620.1
33467.4
46985.7
51095.1
52948.8
46829
45070.9
65283.8
65682.6
47623.6
51410.8
38921.7
66377.1
63864.1
57984.2
51095.4
26009.8
43582.4
49234.3
50169.1
47867.4
53535.7
54568.5
41633.8
42532.1
43880.2
48272.2
26584.6
54281.5
54980.9
56396.9
41204.7
43350.4
48608.7
34331
52816.3
41706.4
30688.5
33376.9
45344.8
39919.4
49512.5
72695.2
53079
39470.3
39316.5
58543
53421.1
41150.6
83779.2
56858.8
41880.6
49609.4
33754.2
39442.8
47565.8
53657.8
61842.1
60220.7
67334.7
52686.9
38621.8
30644.5
67909.8
41519.2
46164.1
37613
53258.1
38541.6
39789.4
38617
45504.7
44979.7
47413.4
32848
33684.8
42256.4
42077.2
58870.6
37028.6
56090.7
46698.3
30928.3
35127.8
49879.2
28704.7
32878.9
36528.6
41676.4
36463.4
38668.9
43130.6
51124.8
57472.1
31087.5
36653.3
40289.4
59348.8
30920
43238.9
46346.2
40895.7
60504
39165.7
33528.5
57258.1
71388.3
40868.9
50222.5
64832.9
73706.6
31855.4
43946.6
58377.1
28578.6
58240.9
51395.7
56334.6
40477.6
58064.7
36323.5
47272.5
51037.5
40491.9
51598.3
58213.6
43616.6
54077.3
67945.4
63532
55780.6
44667.4
54472.6
47453.8
45860.3
58952.9
52936
74287.8
62966.2
59052.8
38521.9
62130.6
51979.5
53347.7
65459.4
55876.2
44898.3
44888.9
51402.7
53341.4
69015.2
43889.7
28754.2
48312.3
48801.4
44464
47264.6
42400
67876.8
43986.9
46859.3
52096
42092.1
47991.8
42244
54695.5
53224.5
42931.8
70227.9
52850.5
41360.1
49149.4
54817.8
65265.6
33098.4
47854.4
53137.4
51117.8
48034.2
54002.6
37061
47319.3
52522.3
56420.9
44917.4
53414.4
65855.8
68573.9
35389.5
39297.9
57839.4
51728
43558.2
46780.7
40643.1
47575
47901.7
63534.7
46527.8
39392.8
43627
42800.7
52440.8
50045.5
59635.5
67688.2
62648
54185.6
48524.6
51019.7
54918.1
73426.6
81965.2
69541
66393.9
55951
54975.9
37312.6
62096.1
56108.7
49868
51158.6
65457.5
54537.8
61775.5
58232
35339.1
65248.6
51712.9
48937.3
56490.1
37079.8
33997.3
49292.1
61428.7
58119.4
64992.7
66112.7
37207
48384.5
56047.8
41495.8
47344.9
61427.6
61018
43782.9
59183
43455
52128.4
61862.2
71332.4
79468.1
56666.3
60163.1
50351.9
43886.9
40037.1
73444.7
53911.4
67337.8
45935.5
50047.4
53970.3
62130.3
72585.9
55870.1
55097.5
47660.4
55079.9
34236.7
52680.1
58744.6
36394.7
34040.4
39181.8
66231
48779.4
49362.4
56960.2
41118.6
61813.7
49779.3
51709.4
57373.6
72605
45057.2
35436.2
83437.6
65956.1
60582.1
53067.6
45031
46117.6
40872.4
55075.8
51259.2
69312.4
69350.4
53309.4
50262.8
57651.5
31787
70155.6
54974
62931.5
48281.6
51506.9
34253.4
57641.3
43912
52860.3
61745.2
47127
57647
71672.3
44709.4
54560.5
39692.6
61930.4
39020.3
50853
55238.2
55719.4
53133.9
66953.5
54874.3
59616.6
55682.5
62026
54334.1
58850.9
51405.8
51205
46423.5
59891.8
57458.5
58676.9
75035.8
55469.8
68725.3
40351
55684.1
61385.9
75607.4
69471.9
67991.8
59156.9
42626.2
67609.8
58758.1
39336.5
73032.4
39790.6
61704.3
54773
64404.6
44957.4
51730.3
66940
56602.8
43484.3
62089.9
55610.4
45590.8
34155
51462.4
48319.9
50263.4
48773
52121
49274.7
39140.4
50753
42803.1
54315.5
41731.9
46986.2
78498.5
45832.7
47738.2
53238.4
42183
39753.8
43824
67312.6
56168.2
37769.4
51529
60171.3
52520.5
78394.2
67881.1
58465.6
65254.6
64869.7
53164.5
61124.8
56853.5
74774.4
40326.2
52029.9
76628.6
68646.6
54330.9
43829.3
54999.8
55623.2
61700.1
85027.2
59209.1
53648.3
58573.2
45393.4
58014.2
85329
69739
40983.8
75825
42005.4
64251.3
65725.3
55033
62998.9
54804.6
48843.9
48677.5
76054.4
48273
55123.4
42268.2
27916.6
44475.8
57264.8
58863.1
76807.9
44779.9
58645.3
48112.1
62087.7
50151.4
61120
58314.2
39200.2
51039.4
51507.6
47096.2
48205.9
57321.4
38524.9
42393.2
44475.8
54779.3
58120.5
32358.4
54803.8
41412.5
51004.5
48461.4
67126.9
48048.6
38528.2
54917.5
60281.4
46949.5
35466.6
23960.7
37389
30498.3
36201.8
37615.7
55773.5
38762.4
34666.6
56156.6
47848.1
51861.8
66507.9
68959.8
50393.5
35502.6
40343.6
34557.9
41445.8
51586.4
63330.2
46282.5
51316.8
51032.9
43771.8
41089.4
37901.8
43365.3
49165.7
55813.7
43660
45465.6
32266.6
63679.6
39796.6
35014.6
54325.5
62248.7
41115.4
63880.1
54083.1
39462.1
68071.3
33113.4
46931.5
48394.6
37563.9
47417.5
38643.6
38115.8
45148.8
64666.6
49561.7
46772.6
58037.6
52666.2
51953.4
62139.5
66581.4
47349.9
51427
51273.9
31853
45716.2
57464.1
50434.6
53933.2
41248.9
39585.4
45845.4
34782.5
34995.4
44972.6
34204.3
61274.2
60280.8
36999.5
43401.4
34960.6
36234.3
39111.8
42222.5
33662.4
47901.7
47411.9
52886
55895.8
39634.2
30203
56590.2
48936.9
50103
44627.4
61760.6
59462.1
53025
45863.9
45941
51459.7
40623.6
44151.4
38406.7
50893
42631.7
50093.8
49434.9
54304.4
47064.2
65222.4
69019.6
48690.9
28206
46723.5
22590.9
53642.6
51582.2
44876.2
41489.9
54812
43444.6
51289.3
46383.6
34695.4
39065.9
38204.1
48287.8
58947.2
43917.4
60759.8
69437.1
43112.6
27805.7
40463.5
47554.4
54092.6
43804.6
46860.8
60923.1
63486.3
63612.4
47027
44105.5
26939.5
46978.2
43763.8
35669.6
45745.9
49590.1
48229.9
40766.1
39864
42135
35908.3
32767
59443.1
31697.3
48474.3
70677.8
33889.7
56616.1
72025.1
44560.6
39357
38622.1
49979.6
49565.7
42809.9
52871.4
40931
44887.3
48110.1
57281.9
67285.1
72559.1
43015.4
55025.8
45736.5
43356.6
36428
57191.2
56077.9
57648.2
49359.7
36158.5
45464.3
65333.6
62177.1
60932.3
46449
50764.8
40494.3
52493.6
61992.1
47685.8
55591.9
72168.6
51049
45870.9
68033.8
36717.1
57914.6
55657.4
43639.7
40982.8
53506
39824.3
52383.3
42706.6
40762.1
44248.1
54635.4
67344.8
43612.3
40398.6
55238.6
37546.8
61395.2
81426.2
40220.8
55058.6
30550.7
40824.3
39771.5
44501.1
55026.2
43065.1
60767.4
33778.4
46249.5
43894.2
50999.9
44603.2
38827.2
72398.4
48000.9
62935.5
70092.6
34340.7
48926.6
39742.8
40739.4
64379.3
55550
45113
58967.8
60698.8
55597.8
46979.8
50766.1
54038.4
56215.4
51728.8
56023.3
40157.4
52610.5
41493.5
71471.4
81430.5
53772.4
45428.1
63094.6
51984.3
55042.8
42190.2
54160.7
70771.6
50268.9
54991
52603
37833.4
61488.9
49389.4
69597.2
63715.7
68065.4
43438.7
53353.3
64118.6
69554.8
65060.5
68822.4
61445.5
41440.8
47564.2
67345
62946.2
73692.4
47407
53194.8
55769.4
69457.3
54008.6
62861.5
55149
48141.7
47545.8
66152.9
36638.6
48809.1
42973
59364.2
40366.5
63873.4
57631
61770.6
55769.9
47479.3
60384.4
59002.5
59005.9
58937.7
66614.6
59496.8
50433.3
61681.4
56714.6
64399.2
56897.1
57944.3
58933
59447.4
49004.6
52790.1
54357.5
45199.9
56338.6
79703.8
60570.2
56484.8
61152.8
40985.7
56757.2
37649.7
53279.7
66261.1
65132.9
61713.2
63893.2
46979.4
58991.6
42098
60144.4
48162.5
62348.6
62877.4
49922.8
30989.2
62532.8
47149.8
60529.5
51111.1
74657.3
41769.4
60389.5
46114.4
47374.6
66554
75401.8
75965
73418.5
53292
47314.5
56616.4
48106.6
62265.5
63956.2
59316
45026.9
42272.2
48150.4
58010.3
53379.5
46016.2
56800.4
62118.9
58835.7
60630.6
74834.9
49541.4
61088.5
52822.5
52765.8
44125
45891.2
64252.7
41156.5
44820.7
58647.3
38690
58967.1
44522.5
52756.3
56442.9
47694.8
48569.2
36797.6
50874.7
49357.7
49317.3
32025.9
71181.5
62115.8
47099.5
71955.8
37766.9
44992.5
52003.7
70055.8
71293.8
37944.2
47119.9
55424.2
22258.6
48952.8
55977.9
59155.4
68806.4
37250.9
51826.9
46104.6
61447.4
78949.1
50002.1
36215.8
44903.8
26866.9
61757.3
47813.4
39414.4
51895.6
31427.9
48520.8
41569.4
54598.7
55003
43533.6
43665
38029.6
50790.5
55635
39802
31325.2
41849.9
65671.3
49941.7
48396.6
51800.5
43920.9
38180.6
50609.8
48481.3
52290.2
47163
45827.8
53276.6
47725.6
39430.8
50298.6
61483.5
63635.1
70025.4
47601.8
40310
37477.8
50190.4
55949.2
63772.2
51857
45748.5
46405.9
37127.8
51097.7
45337
38130.5
52688
50605.4
42185.8
43046.5
34733.7
24446.3
42516.6
59187.2
43436
66156.4
41981.4
42872
41351.4
46901.7
37592.2
59624.2
39632.6
43417.2
35733.4
59265.8
73244.6
49417.4
48909
36922.3
34809.4
51053.3
30377.7
50009.4
58395.9
44622.8
36262.2
47322.3
46065.7
58049
50277
71137.1
58313.8
41303.1
34007.6
43458.5
42762.2
46361
51360.4
28891.3
34453.4
35159.8
46897.7
58082
45059.1
52812.5
43443.3
49436.2
36445.8
38383.9
73895.8
46831.3
45432.4
45739.3
59133.9
51506.7
54053.9
50935
48095
44840.5
53514.9
42951.4
61220.3
40338.7
64401.3
60859.6
38502.6
49655.6
41732.1
35696.6
63924.2
36743.4
43078.5
47301.4
55962.6
56825.9
68059.1
66799.8
45544.6
61126.3
30405.6
40356.6
50440.7
61654.2
71926.3
53362.6
43245.8
69461.9
69936.9
64091.3
60438.4
63718.6
63571.4
63779.6
49673.1
68348.6
63667.6
61944.4
57871.6
58062.3
67045.2
58522.9
76064.9
51865.2
50730.4
55660.1
39389.1
58097.7
46724.9
59922.6
67040.9
64545.1
53858.2
80197.2
46727.1
50739
38021
58135.2
59630.2
84481.1
56359.2
45289
50412.6
41373.8
40415.4
80851.5
73624.7
75181.8
40794.2
48227.2
44471.4
71842.2
56327.4
49604.1
62601.2
51230.2
58009.4
52349.7
62907.4
64762.8
46895
48967
45497.3
67238.4
42352.7
45015.5
62430.8
56261.5
52418
47746.7
49902
50444
52896.3
46189.6
35094.3
45911.7
56120.1
43026
60127.3
56274.2
38413.1
43373.4
33938.1
60153.4
36801.4
60565.8
40663.2
43521.6
40645.5
60526.6
57020.3
44812.1
48443.1
81732.7
52670
47779.1
54397.3
62080.3
62463
65927.4
60161
68480
61159.5
39701.6
49846.6
67273.9
73103.4
58037.3
56481.4
49643
59705.2
73773.5
66211.3
68744
50102.5
44961.6
57057.3
70210.6
72441.8
67000.5
68352.2
56163.4
68783.2
59899.6
50816.4
69679.1
37610.1
49764.6
46243.4
58621.8
78461.9
70640.7
51782.9
49807.3
74065.4
51132.2
64328.2
52435.7
34873.7
50662.3
62051
59809.1
53452.9
63445.7
61382.9
49407.3
43988.2
62723.9
44653.4
71191.8
42267.6
74351.2
32798.7
56618.7
51540.2
47810.5
51574.8
69896.9
47876.4
61364.6
53036.7
47394.2
59088.6
67256.5
80326.6
54343
50287.3
54786.9
61482.2
70545.8
71790.6
52479.8
35401.8
37197
72638.6
61180.6
54754.5
54039.8
36721.7
41964
68565.7
55028.8
44615.5
55426.7
62586.7
44241.4
56298.2
60378.2
62949
45796.9
69855.3
55453.6
53272.7
79306.7
64839
72504
82247.6
45938.9
56630.2
61999.2
72962
48200.2
38639.9
37606.4
41951.6
71701.7
62027.8
72669.9
46619.9
42880.7
52861.4
53567
60036.4
57441.7
36915.7
42047.1
45594
63311.9
42880.7
42348.2
41204.7
39406.3
53627.2
51265.5
61447.2
35201.4
35854.8
46519.6
42029.2
46563.9
38723.6
33767
49751
35610.2
64802
41739.6
57679.5
27053.8
37545.3
41538.8
48116
45707.3
37527.5
49586.9
60400.8
60593.4
57056.5
34860
34752.4
39293
30268.1
61162.5
51335.5
57307.7
67395.3
40129.2
46745.2
41543.9
45793.7
54518.9
50213.6
43709.9
57841.6
53758.3
77648.4
71570.6
51068.2
49215.4
51906.2
41196.8
39460.1
51627
62029
57266.5
55868.2
76705.4
29861.4
63619.2
44445.4
71221.6
47385.8
46096.7
60841.9
48109.9
55496.2
72025.4
65278.4
34948.7
45169.8
47408.8
68093.9
56676.5
38737.8
51754
58170.1
62367.4
35999.1
54820.6
69864
42451.4
57852
40133.9
53079.2
41513.2
70726.1
69518.2
36057.8
52759.7
54175.3
32977.5
61628.9
47360.4
42473.8
50741
50349.4
45113.9
58791
62034.3
62924
68737
44568.8
57227.1
53358.9
64091.4
56549.4
42703.2
36537.5
58257
50518.2
64837.4
55508.1
41319.4
44068.6
38879.8
63276.8
52150.2
54742.5
42815.4
50845.2
55902.7
54765.7
34109.3
72122.4
58300.6
50121
72262.2
50880
32661.6
52951.8
53750.1
43530.9
54991.9
37389
59302.9
39059.9
54907.4
38599
44760.5
50828.2
47850.7
33772.2
59489.2
57257
42886.8
53090.4
48408.7
61375.5
50905.5
60140.7
45026.3
48052.6
56351.4
52326.5
41797.5
68686.6
51206.1
56838.3
44382.1
36829.4
36011.1
36312.9
48627.7
47188.5
58686.8
35942.3
56600.1
29401.2
54499.5
62654.9
54714.5
56185.9
52756
54104.1
39088.7
53982.5
52669.4
36595.2
48322.6
27804.1
44298
54375
35256.3
36261.9
33011.7
38914.8
49057.4
58188.2
37155.4
50273.5
37938.2
45661.6
66640.6
30792.6
33474.6
33741.1
44993
53121.3
36730.6
55801.1
53806.9
47130.6
27655
56049.6
44190.1
42196.9
39706.9
51537.5
39364.3
40622.8
36716.6
52595
46304.2
41133
40110
38169.4
55628.6
57281.3
43757
34298.4
45240.1
57240.7
47837
43903.5
62214.7
54033.4
38068.5
44109.2
64776.2
72639.3
43554.9
38961.2
44154
46194.5
38913.4
59194.2
45475
48411.4
38440.2
54032.2
50089.6
31788
55217.6
38348.1
69429.4
56972.4
55189.6
64879
38939.8
52352.6
37545.9
48196.6
57622.4
42924.8
53302.4
56560.6
53256.1
34695.1
67481.7
59979.3
55512.5
53054.7
67225.8
53298.6
51919.4
47522.7
41706.2
62674.2
51381
38701.9
65718.1
59871.8
55731
39809.6
49121.4
66461.4
58382.1
47573.4
55352.2
50955.6
56339.6
62529.2
72722.6
43234
67231.9
59131.7
45133.8
55375.3
82323.9
55041.7
55388.3
62797.9
36505.2
49329.1
38074.7
63316.5
42445.8
46977
32384.2
52555.8
47012.2
39475
57994
51990.8
48889.4
51227.7
46538.6
32948.9
62641.4
69432.1
44623.4
47972.6
64300.9
67932.4
52549.8
50435.7
65660.4
32916.2
42050.8
59675.3
55335.7
43406.7
33301.2
46356.8
31280.5
43921
51960.6
45833.2
60304.1
55828.4
53306.6
66789.3
39607.4
38188.9
31131.9
56207.4
42037.1
59660.6
43095
53787.7
36562.6
44682
46030.6
51830.6
70139.4
57596.8
70388.3
53744
50075.4
63017.7
45909.4
45762.8
48846.2
45898.9
48173.4
51301.8
47200.2
49345.7
62013
60042.9
53194.4
39030.9
51158.9
49005.7
31070.6
70398.2
47070.6
45960.4
36260.1
46497.7
52988.2
39163.4
55714.2
60591.5
31425.4
52253.2
54855.2
36320
68255.2
56394.6
40958.8
30496.1
46840.4
38846.2
41568
36545.1
33931.2
46891.4
38555.2
41121.4
49612.2
35156
58984.4
50881.6
39463.3
35467.8
48740.6
59666.3
48706.2
53654.8
40023.4
39408.5
36003.4
57369.4
70388.9
53559.1
39363.8
35095.4
24543
48309.6
47237.9
60788.2
64342.7
37539.3
41363.4
41684.2
51832.1
68866.8
45275.6
51445
42063.7
43158.2
36485.3
48740.5
38188.9
35653.2
40919.8
29863.9
63208.6
41166.3
59758.4
37903.8
32773.5
33264.2
42567.3
32856
44194
45157.5
38650.5
46887.8
47234
52548.3
46105.7
36934.9
51951.4
62452.2
56460.2
40908.6
37627.4
42509.3
53208.9
59179.7
49165.2
44270.2
33008.5
45652.5
73683.4
51266.3
61278.5
65671.9
27858.2
39218.2
57802.2
50402.4
45775.5
52965.1
47799.9
72944.9
56664.6
53371
40688.6
34461.8
40199.5
59729
48612.6
57962.6
51738.2
56240
60221.5
62905.1
50678.1
26308.4
58202.6
41524.5
47543.2
38534.7
59056.5
63023.6
69976.2
37837.8
48793.5
61956.2
60128.7
48842.5
39840
53270.2
43089.5
45762.8
57051.2
69690.2
36057.5
74576
52239
60457.5
34907.2
46689.8
60046.8
40729
38099
53921.8
63266.2
48530.8
67629
41264.8
49057.9
37028.4
38741
35830.1
34253.9
52499.1
70653.9
43981.8
42578.4
27999.6
44941.4
46573
37137.8
50378
31453.2
27274.1
42560.4
56558.8
54197
62493.7
32917.6
44022.8
58250.6
42819.9
34965.5
49140.2
49013
43490.9
60290.2
59162
45162.2
48771.2
51540
40176.4
33649
48364.9
58833.4
56645.7
47925.8
68294.4
64138.4
56977.5
53514.3
68938.5
50556.2
45612.9
63701.7
62040.1
56156.1
36069.5
65030.5
57802.9
56350.3
43532.7
53301.3
34898
48518.6
64201.6
54278.2
56565.9
58831.1
37460.7
44906.6
39537.7
59971.8
80669.4
62953
43094.8
47328.9
59396.7
51532.3
55842.6
46611
47921.8
49298
67479
73781.8
53885
66015.3
45336.6
66922.9
39401.8
45868.8
58915.8
55807.6
58321.6
55382.6
37501
42234.4
59481.6
50725.6
40205
40276.6
35852.5
55517.6
60898.7
60214.8
46894.6
41771.8
49074.2
42328
48173.3
61746.6
53165.1
41160.1
43437.8
52134.2
59424.4
56541.5
49654.1
40859.8
43162.9
44226.6
49652.2
56269.7
47106.6
37642
38413
39228.5
46911
57912
68972.8
64802.1
35993.3
38920.8
44281.8
42744.3
52756.9
48344.4
63826.4
59176.4
50595.6
36294.5
48305
68672
49733.5
49923.4
55499.4
47675.8
62562.1
44374.6
45302.5
31463.7
39748.4
52536.4
57566.7
47062.2
35418.9
47954.2
69998.1
51360.7
39438.2
63720.7
47791.2
54632.2
55165.7
50536.8
51388.5
56746.3
67161.8
47699
44703.7
67605.1
54467.2
48788.6
56689.2
59580.6
55804.1
51015.4
46896.6
62915.8
73415.7
53889.3
46743.3
37998.6
51104.2
49786.1
80684
58868.4
50832.6
47980.3
47834.6
42643.7
51187.6
66518.6
55656.8
50421
59162.6
48147.6
66022.2
68321.5
53809
43176.1
72200.9
37384.1
37406.2
53776.7
52572.6
44386.6
55922.2
55094
46716
64649.8
52695.5
39048.7
53303.6
52908.8
45473
45729
55479.3
45763.8
60948.1
81316.4
65935
44953.5
57930.5
42436.6
69977.4
62186.3
59920.9
55704.9
38314.4
75985.4
45657
65038.1
63961.4
62418.6
64336
47908.2
43142.2
46323.3
46068.7
60559.2
65183.3
83123.4
70009.4
56583.4
64566.2
58739.3
69028.3
62169.8
73381.8
85111.4
60440.1
51140
51436.1
61093.7
60276.6
80759.4
78126.8
80579.4
57100.1
77585
48482.5
58606.8
62022.4
63498.6
48222.2
48594.6
46477.6
53341.3
55137.8
81639
67570.6
43721.6
34980.2
58827.8
53313.4
43098.9
62944.2
69310
28295.4
46523.4
38760
41615
51805.9
63082.6
41760.2
28302.9
37280.3
41603.4
49606.6
54557.6
51135
47932.5
51751.4
35497.3
50188.1
52373.6
51437.9
53704.4
56668
58219.4
69114.7
56194.2
48790.6
63622.2
40769.9
55669.6
43133
56387.9
48381.7
54622.6
37513
55751.1
42164.6
46491
63651.5
66685.8
54633.1
57390
67261
51117
35075.8
68377.9
52492.1
58829.4
60920.4
58748
57830
52079.4
48709.6
61816.2
72513.2
45500.9
67202.6
77781.3
53017.3
65845.2
47585.4
40995.6
62227.4
42495.5
50126.3
76146.6
61105.5
55182
44139.8
55012
70041.1
60219.8
47023.6
45275.3
62803.7
54686.8
50195.4
48942.6
52696
39868.8
42647.5
57551.2
43927.9
67432.4
39537.1
50386.8
42241
34449.2
56783.7
63757.3
63001.8
62227.1
72715.1
27211.8
50676.2
69044.2
56854.1
58324.5
38212.7
69696
48213
69727.8
53641
41120.5
43010.3
53706.6
76511.6
72944.2
52295.6
58156.8
51637.8
40462.9
57394.6
60199.7
48538.2
60570.6
54376.9
50591
40579.8
60812.1
59626
36680.6
60077.9
43953.9
46619
70892.5
37484.1
49675.2
37051
47724.8
39588.7
45922.5
39639
46114.6
63828.9
48717.5
25636.3
48991.3
72676.4
56150
73214.8
55483.8
52528.8
45945.9
55529.1
44035.4
57267.9
53822.2
67075.8
70173.5
50126.2
60051
51377.1
36304.1
68742.5
34489.2
45563.3
43708.6
47908.8
51193.4
54331.7
55011.4
43627.9
69757
41197.7
47602.8
47727.4
56454
46834.3
55269.8
33093.6
72005.2
61545.4
56320.2
58288.2
42495.7
65224.2
42723.7
58859.8
49975.7
41554.9
55953.7
44990
67707.8
42969.5
72362.2
47937.2
49502.5
43927.4
49943.9
50419
43838.6
57190.2
47965.6
55906.2
41381
46028.9
65638
54766.6
58725.4
41494.1
66483
53704.5
51173.4
49617.2
43847.5
47306.2
55615.7
59262.5
49795.9
69753.5
47132.6
57890.6
57128.2
53111.9
39877.4
46384.6
80371.2
55865.8
45324.1
71780.8
47425.4
31105
43867.8
31693.4
39097.5
67285.9
43915
36761.4
56583.1
45937.4
43903.8
42479.9
60380.2
44475.9
46581.4
63744.2
51961
44625.4
42227.8
57022.6
57231.3
36223
73751.4
61537.6
47802.6
54675.2
53892.3
43715.5
58836.1
47636.2
42167
41201.5
54491.4
41383.2
37669.9
75767.8
38127.3
46682.6
51975.3
38550
75214
47488.6
29803.1
66501
48383
67813
52026.6
71160.8
35786.2
44898.6
31275.7
50831.8
67878.6
81123.4
51673.1
35147.8
50154.2
48688.6
76062.6
49897.7
43030.8
38975.5
41178.6
40135
43694.2
59372.1
48086.1
57292
50191
32549.6
60428.7
52902.8
38749.4
41076.4
33666.5
31033
53274.2
42656.6
32269.3
35741.8
41125.2
38541.4
37176
34463.4
33115.7
47869.2
55552.4
36499.6
47016.5
31667.8
48783.8
34968.8
58123.6
33491.4
46500.2
42552.8
53755.7
48946.8
35080.4
41415.2
59616.4
40831.7
37156.9
25076.8
18777.6
24632
74235.7
43767.8
41316.7
56208.9
43417.8
33688.6
58874.7
53267.3
48612.1
40892.7
47304.3
51038.9
58212.6
40785.2
53030.8
62869.1
31604.9
28335.4
64969.9
45729.1
62219.5
48245.6
37628.8
47689.6
43998.6
42863.6
45889
53808.5
33096.9
51840.3
41817.4
41501.4
54658.6
36386.4
55136.7
67045.8
58351.1
44839.8
51995.9
43947
38150.6
65002.5
41245.9
57145.1
46551.6
48617.8
46728
46708.8
56612.3
63514.8
66722.7
68570.9
35843
42616.5
46791.1
52486.6
48578.1
48251.2
49830
39313.3
43635
61943
56029.7
34321.9
51211.8
32619.4
43968.3
40808.8
65470.1
49900.7
40507.1
53341.4
73258.1
47190.8
39571.5
51555.4
44487.6
51087.9
57177.6
52432.3
77287.8
48461.7
74411.3
45484.3
58587.8
39316.9
53232.2
58580.3
67130.6
58918.6
62102.2
60129.8
72359.8
64558.6
61278.3
59314.9
57064.1
54270.5
53595.9
60642.5
72693.8
38789.5
47404.6
27552.2
44115.8
65321.5
41629.7
52725.4
32992.2
41146.1
48178.9
48972.5
49769.5
51402.1
37531.5
42319.7
53796.5
54664.7
46597.9
32139.9
61933.5
44717.4
56292.6
39844
50329.1
50683.4
44539.2
53678.9
57881.6
60912.3
52050.5
42513.9
63603.8
49123.2
53345
49791.3
41879.8
40236.6
46232.6
68134.2
50603.9
52975
75603
48848.6
40487.6
56301.8
45051.1
66157.2
62944.7
49185.2
57183
60924
58141.7
53438.5
62097.4
38537.5
54772.1
66965.1
66521.8
51078
63143.4
47108.1
47276.9
45656.9
45250.2
65919.8
61898.6
55831.3
38910.1
40624.2
34375.3
37449.7
44946.1
57213.4
37785.9
58960.2
33600.6
48719.8
50566.6
56803
53226.3
36219.8
34290.2
42523.6
44643.9
42537.4
50019.5
43120.8
50671
50280.7
50819
60549.4
57534.9
48632.2
46798.1
64305.5
51931
59821.6
47694.8
58323.7
45075.6
55001.5
35195.8
53133.5
55277.9
56000.5
74494.9
57790
39663.1
53553.4
42058.6
44108.4
57633.4
48026.5
55543.3
38182.4
41742
48186.2
47927.8
41584.7
34543.6
55448.5
60584.1
45151.2
51345.6
45672.2
68038.2
29545.5
48360.6
53890.2
44283.8
60982.7
63060.7
67509.1
31846.8
48202.6
61663.4
52967.5
61798.6
59301
69771.3
48412.5
48226.3
41610.3
43986.9
64715.4
52796.7
73167.5
61533.7
50237.2
34110
57633
48235
58051.2
47517.3
62312.5
50268.1
53889.6
38534.3
36673.7
40000.3
53684.6
63663.8
49298.2
46316.4
34854.7
32600.2
38923.3
59557.4
52759
54229.3
36469.6
47638.6
40508.6
46308.8
52305.4
42059.4
38761.1
40999.4
55469.5
69665.1
63373.7
40384.2
56032.5
52860.6
47568.4
49398.2
63664.8
50603.8
45973.8
46410.9
36540.8
76049.6
74884.2
62781.7
58894
38585.4
48322.1
56733
64672.8
56364.7
41755
46740.1
61319.8
54487.4
56584.7
40810.4
60667.3
58833.4
66528
69915.6
49084.4
63362.8
60206.4
44310.6
46091.7
55814.2
56857
57706
46014.9
69899.4
51637.9
56834.5
41843.3
45979.8
46629.8
64680.2
57195.7
73191.2
38355.5
47231.4
67902.3
59528.2
71923.3
59132.9
49202.4
38998.6
64113
67643.7
49161.9
49060.3
53070
41307.9
54114.6
66155.4
48341.4
79972.6
46759.4
59295.7
38073.4
58784.8
52307.8
49269.9
52244.6
51565.8
61140.9
49181.8
67283.5
57779.2
39705.6
61893.9
48201.8
55575.6
59423
37543
59950.7
62531.4
57347.4
34595
30897.5
44622.3
74907.9
60111.2
67566.2
57832.5
54699.8
71431.9
42837
61795.1
48287
46882.1
56698.2
68811.5
61076.6
54467
50521.8
54543.2
41405.2
37289.1
56502.7
64200.9
53121
61139.2
44499
56167.9
42228.4
54093
59487
56993
45073.8
59023.5
59696.6
41205.4
71655.7
80463.5
85115.7
65046.4
48649.4
54195.6
46025.8
43058.8
43716.9
55087.3
49687.1
53007.4
75301.1
72503.4
56096.6
61351.8
53051
46565.6
46803.8
60854.6
61021.6
45112.2
59975.4
46672
41989.8
53819.7
38821.7
35704
47487.8
39885.8
59957.4
38823
51097.4
44108.2
34919.9
44603.3
60436.3
61194
57196.6
45895.6
53314.2
32116.6
43027.4
44259.3
65876.3
49325.8
46780.5
43034.4
36916.2
42298.4
24380.4
41824.4
34014.7
63632.1
40663
63916.8
26474.1
39313.1
62591.3
32520.8
45773
59564.7
52016.9
50483.6
41534.9
38168.6
38842.1
53284.9
40187.6
35858.3
45037.4
64125.3
37977.9
48414.7
48856.5
48540.5
55218.2
45939.8
44300
63030.9
53428.4
46584.2
52775.8
39182.9
31728.6
31792.6
52109.4
47575.4
43117
60098.4
31331
45978.9
43096.6
49280
33402.7
35462.2
33257.1
60475.1
46647.5
33549.7
34502.6
47030.1
61948.1
36109
50328.6
59078.6
44472.6
47883.7
40103.5
58112.7
40641.8
55395.8
58779.3
23594.2
40722
76369.8
46952.4
39283.4
43733.4
51765.4
59825.1
50956.3
31840.8
42577.7
34699.8
46403.2
44451.4
55301
57473.6
61751.6
34056.9
35627.4
46374.7
39235.4
60291.4
34885.3
43184
36266.5
48005.2
32346.2
47219.4
37725.2
65035.6
47586.7
57682.9
39603
60078.8
44334.4
55937.8
35495.2
53514.8
45192.9
61800.4
47625.6
46539.4
51544.2
49176.8
46097
61360.6
40837.1
38954.7
52112.7
43955.4
38772.9
48944.8
57361.2
48447.9
50707
42209.8
56571
51229
58998.6
57539.2
34589
49989.4
55526.6
32587.3
35210.8
48910.3
41432.1
71043.2
81929.8
47246.3
42929.2
63644.6
58050.5
55336.3
50123.5
69037
51735.4
49584.8
47765.4
62754.4
67025
51664.4
52794.3
50624.7
41474.2
59659
54394.7
61241.3
55784.6
58674.6
38856.7
44003
74539.6
76024.1
45878.2
41589
43642.1
39613.6
43469.6
57116.3
42621.1
40399
44548.3
43891
54477.1
47982.7
44700.5
59755.5
60482.1
47810.5
46997.3
41026.6
66324.9
48657.4
54627.1
36953.7
50910.8
55452.8
65860.8
52983.8
41187.8
51740.7
68617.8
51233.2
68653
46308.8
47600.6
50799
41318.2
58114.7
69556.9
44802.9
35720.9
52893
54188.3
38890.9
44257.5
83420.1
54308.2
47083.6
57639.9
52675.6
43117.4
39319.8
48003.4
45749.8
58209
46591.1
52539.8
40262.2
42915.8
50654.9
36731.2
40124.4
63097.5
44297.4
53877.1
59947.3
36659.9
38081.9
43829.3
65905
70699
64807.7
55035.2
65316.7
50171.6
64919.3
58030.1
63602.6
58071
37369.1
56146.6
60013
49826.6
47628.1
71564.2
51593.9
35227.6
36266.6
37525.2
51786.6
39614.5
49979.5
61071.4
40869.4
64076
35325.9
57719
52176.2
54512.6
38843.4
58806.2
47654.1
57003.4
45448.6
54845.4
49732
65037
42701
67145
63586.2
42586.2
49322.2
59049.6
51007.6
55559.1
61919
53196.5
74910.8
55759.8
57099.7
61235.2
53086.3
53156.8
67922.9
58949
36739
61843.1
38813.3
47150.6
56982
68500.9
48942.1
64042.7
51694.1
57004.5
46561.2
81288.1
65211.8
75743.8
44594.6
65393.4
53026
49548.5
38014.8
73174.4
51194.6
53164.8
53937
63511
52624.6
72413.8
62969.5
65323.4
56751
58010.8
61575.3
52604.6
62802.2
53218.1
59174.1
51369.9
42901.6
38736.8
59524.9
52777
49538.3
40067.8
24514.6
48735.5
43198.5
36733.6
50083.6
49876.9
57437.8
49366.9
45743.6
45463.8
33271.8
54340.2
56267.8
46264.3
69923.1
32982.9
54060.2
40443.5
43965.6
43389
55355.3
38505.7
38981
50215.7
57795.2
33418.2
43419.5
39123.2
32999.2
55347.8
52557.4
47542.3
59086.9
62390.7
37742.7
40156.6
43478.6
58315.6
52297.9
48356.2
41456.9
43228.8
54686.7
52094.1
62755
40764.3
27273.4
31183.4
64280.1
38701.3
38877.8
53371.9
51364.9
68142
41097.4
54959.9
59429.2
64021.2
40711.9
53651.4
54820.2
52323.9
55484.3
65942.6
68988.8
59155.5
65761.2
54502.2
62494.5
55374.4
63037.4
40588.9
55635.8
61991.9
74202.8
62943.4
58422.9
50201.1
54081.2
36571.4
54709.8
69704.7
79794.2
52589.8
46609.6
76398.9
81208.6
62347.9
60395.4
57136.9
47437
63436.6
55724.3
68323.5
62581
64342.6
55153.2
45900.2
57393.4
69015.8
63511.1
69285.5
46830.8
50160.7
60591.3
65203.4
63926.1
55936.3
50397.9
49446.9
48816.6
47735.9
48780.2
68533
43153.6
47292.4
36626.2
58313.7
58485.7
75987.5
53354.6
53167.2
43532.7
59642
45286.9
43052.6
43416.5
65774.4
49485.8
44298.1
58931.6
39993
40258.2
63193.2
29983.7
48665.2
54417
49707
28065.3
46686.2
39245.4
61099.9
57218.6
35631.4
64401.1
62284.4
71037.3
36710.4
49610.1
64856.5
45134.2
48203.3
51808.7
45168.3
37001
63492.2
46647.2
45704.6
63531.6
64114
54341.2
54702.8
53949.2
35263.1
63956
50662.5
50870.5
54895.4
67457
27425.4
56446.6
59355.3
58666
45206.3
40683.3
56483
48262.6
65319
76758.2
43274.8
47209
52637.2
54781
33674.7
67465.9
61223.8
66676.1
54009.6
35361.5
36536.3
46027
70986.9
72988.6
63380
67521.1
46232.6
27764.9
42701.8
70024.8
62544.1
38912.9
62042.1
46940
41825
51603.4
47668.6
56009
38396.2
49016
38881.1
36392.1
70657.9
41264.5
35444.3
69894.9
53547.3
35249.9
58812.6
60099.8
41183.6
50456.6
25581.5
56859.3
39305.3
58864.9
54863.3
45972.1
40681.4
29671.6
63057.5
45850.2
34837.6
36964
71433.7
40230.3
39707.7
48107.7
42019.2
57157.8
41986.1
46871.6
39428
34905.4
37699.8
32400.3
57293.4
51826.6
65673.3
44323.1
56215.6
33541.5
40117.5
61192.2
54704.9
71072.3
32964.3
46311.7
47227.6
58549
68042.2
71193.2
48583
34848.1
34240.2
58505.2
56630.2
52577.5
53308.6
51888.9
37185.3
44971.8
62442
46461.7
43531
53461
43616.5
37050.4
32399.4
46716.2
52880.5
58549.4
29854.5
39480.8
53539.8
40907.9
54836.7
68861.6
70332
44396.5
57510.2
37570.2
40546.4
51922.6
46553.4
47139.4
38919
68274.7
42916.2
43419.4
55108.8
52748.2
35205
41069.4
22411.7
41312.7
55086.1
47973.5
53743.5
55478.6
48883.8
35169.4
36307.4
84793.5
51625.4
59516.6
46299
62016.5
29729
76413.2
46436.8
58538.6
48030.1
62151.8
47140.7
39908.6
51374.6
55940.6
62947
63157.5
51116.2
33921.4
35971.4
38123.2
51651.3
58301.7
67767.1
63336.8
62471.9
48210.6
42601.7
47494
51435.8
36042.9
58852.9
47805.8
34867
68083
56158.8
61158.6
54612.4
52099.4
62514.4
36244.1
61173.2
42235.1
63509.4
65710.2
58983.8
47440.2
43891.6
44061.1
51834.1
59625.8
62597
51655.7
46197.1
53068
59291.2
65530.3
61658.8
52454.6
67749.8
48701.8
39252.9
55864.4
49970.4
57454.9
57262.2
59455
40118.2
42181.4
47891.4
47163.6
44172.2
44574.6
61383
43791
49337.7
52507.3
52135
45021.5
51198.4
47800.8
47223.3
40423.8
53025.9
47536.2
36566.7
49013.7
71878.9
49163.3
32145
36579.6
59123.2
35234.6
43024.6
51216.5
46143.5
58649
44079
45664.2
47510.8
47083.2
38032.8
61479.1
50733
58334.6
47972.5
69653.9
67499.8
44377.9
46401.8
31674.4
37906
33595.5
48654.2
42678.3
44528.6
54071.8
63221.5
45763.2
46103.4
56017.4
54163
61299.3
38732.4
51765.2
41666.7
42825.4
40793.3
34501.8
37152.1
46016.2
65115.4
54723.8
40213.1
46364.6
62219
66613.9
60193.2
37001.4
35172.1
29922.1
50402.4
65607.3
33844.6
34736.2
44963.8
39816.8
31903.4
45281.9
32430.2
34897.8
57325.7
36983.6
54081.8
38041.4
38144.5
36845
35617.2
48301.4
51854.9
52953.8
44455.4
67686.2
32189.4
46508.6
47674.2
45446.7
71047.4
36841.6
35758.2
36909.7
60444.6
78343.3
64095.4
41940.4
43591.4
43600.1
68885.4
58355.6
40641.8
44525.9
51919.9
47792.6
38580.2
64626.8
71924.1
63885.4
46282.5
43110
57513.1
53271.4
64873
61038.5
49141.2
36097.4
40752.9
51301.8
71883.4
45541.8
58112.3
30951.7
41512.2
45376.8
52065.9
51562.9
38700
52482.5
30702.2
36897.5
32450.1
47491.8
57976
40970
37556.1
45907.6
43628.2
55872.7
37489.9
57318.9
48392.1
56013
49074.2
55349.2
50329.2
49663.4
42792.9
66031.6
69013.5
52396.5
35574.5
42392
55568.7
44651.6
38109.2
53154.4
44612
64238.6
55216.8
44371.1
30222.3
53103.2
64286.3
41251.4
62750.5
48807.5
53809
42694.6
36858.3
39093.6
37211.3
50058.8
51287.8
42831.5
60272.5
51007.9
31882.4
40443.7
64675.5
58229.5
47233.4
41731.8
37604.2
49076.3
38660.9
55199.2
46200.2
52686.6
31276.7
40894.2
49505.4
49207.4
40915.4
44467.2
31517.4
45647.8
40747.1
57330.7
58271.4
43924.5
44904.7
51738.9
50446.2
28723
61898.2
36972.1
33179.2
69212.8
42271.6
54033.2
43741.4
22349.4
28307.1
44694.4
38669.8
61495.8
29711.7
31909.8
83995
51791.2
42622.2
34721.2
42750.7
41312.4
62546.5
69147.7
49705
46053.4
34667.6
48242.4
47852.9
63592.4
63479.8
57445
35529.8
44422.5
40265.4
44457
42497.4
44451.5
58421.1
48335.6
62849.7
38839
43652.2
39683.4
44322.4
48071.8
46466
49471.6
35989.9
49144.4
52113.3
83163.7
67298.8
37369.9
37753
52639
55112.7
52227
59288.4
44901
39402
45769.2
54501.7
51612.9
48509.9
53296.7
48182.2
69554.8
65238.9
43113
56793
52020.8
40773
43761.6
33010.2
51608.2
52701.4
57792.5
56043.1
50500.7
47937.7
62204.9
35555.4
58586.3
36029.7
54038.6
41212.8
53432.9
59956.5
38509.4
49733.8
59380.3
56644.8
52770.2
40540.2
50610
39829.5
41529.2
57040.8
59375.5
42782
44086.2
35129.8
64871.9
65806.9
53257.4
54665.9
49359.4
37675
36118.1
42636.3
74817.3
59263.5
68978.3
44451.6
27762.4
58203.8
73076.6
48004.6
57192.4
48500.2
45344.8
56808.9
53097.8
42117.9
84626.6
52640.4
56574.9
52877.5
44191.5
42476
53995.3
33852.6
36371.8
31991.9
39866.3
48735
85639.4
52944.3
49989.6
45640.6
44967.4
40915
53185.3
68932.3
49136.2
36380
59114.6
55597
63564.3
55289
48191
66075.7
45795
51922.9
39458.6
60051
79021.3
34726.7
44233.2
52888.6
42499.1
71728
65039
60834.2
66086.3
74901.8
50527.8
60240.6
42901.2
67647.9
52345.4
37049
59805.5
48355.4
57040.8
56181.8
54692
75219
45976.9
43586
55738.4
42777.7
32333.8
56044.9
67556.5
43543.2
44963.8
68836.2
27006.8
37666.6
53319.1
71794.2
40711.1
61561.7
46538
55973.4
43719.7
64752.3
36452.3
73782
68482.5
61558.1
43025
82029.2
37066
50046.4
49887.4
50708.6
60263.1
79687.6
84097.3
59219.5
51232.2
77603
45226.5
51993.9
57295.5
80392.2
62236
65745
64302.2
56627.8
67179.1
84632.7
72677.2
58173
57663.1
74281.2
54169.8
62144.7
65989
68429.4
69331
69157.9
52516.7
65125.6
50803.4
60663
53884.3
45375.4
54105.7
63702.7
59963.1
38029.5
51713.4
38628.7
57430.2
56712
53190.4
63191.2
59207.3
44317.4
43636.9
41699
60630
48130.2
47694.2
39366.1
37948.5
55655.8
46316.2
48776.2
42675.8
58017.2
49968.7
45878
38493.5
34422.9
67838.7
34085.1
34565
52155.9
42166.1
34654.3
56975
68516.1
36486.5
36759.9
48289
53826.2
50962.6
51571.5
33932.3
41391.8
51406.3
57178.4
56976.2
54891
35439.8
45861.4
38820.1
46163.3
43896.5
50643.5
68733.7
52667.3
44280.6
60893.5
77434.6
55918.5
40204.5
54881.7
46302.7
43225.1
47558.1
44163.7
45427.2
62816.6
50218.9
54666.6
47799.7
46506.2
62553.4
51465
34935.2
46858.6
54044
66003.1
53751.6
41416.9
29644.6
45317.7
83705.8
54837.8
47626.8
47870.5
62440.2
53210.6
58418
46275.4
48033.7
48390.2
37767.5
69369.4
63498
53633.2
61209.6
59335.3
54342.8
53644.6
58174.5
35162.9
45428.5
57304.2
61310.6
48903.5
67144.8
56695.6
51261
40980.8
60734.1
36331
49059.1
48459.8
53038.8
28327.4
48968.8
51473.1
39332.1
36625
50156.2
47725.7
60663.4
52495
47145
35877
40322.6
43887
56960.9
44809.4
51615.5
37648.6
38348.6
47686.7
50180.4
45953.1
57887.7
49499.8
54190.7
50142.2
44290.7
46897.7
52030.2
64880.2
71883.6
65676.9
30860.2
38776.6
34422.6
37329
37743.2
59773.9
67257
51578
39198.2
37728.3
63132.6
52650.7
51568.9
80681.2
62948.1
38290.6
43943.5
38172.2
39291.8
54024.5
38906.7
55859.5
53445.3
50830.6
30740.8
44837.8
54809.4
52462.5
56515.5
54735.6
38738.7
62551.8
39183.6
42864.3
44204.5
44073
37093.6
77223.8
41762.9
34284.2
55675.4
33231.4
43207.4
37420
46031.4
63190.5
50059.3
29281
47257.3
50852.2
66664.6
65571.6
48146.8
35633.9
48539
38863.5
45280.6
68449
65775.9
31582
52911.4
43081
44926.6
46083.3
44590.4
63934.7
37995.6
50135.6
71852.2
38704
53296.4
56261.9
45574.2
47532.3
72658.9
39604.3
57633.1
64741.8
57241.4
33025.9
46757.9
54152.7
46583.3
62061.1
59279.6
37892.3
42023.1
62266.9
48433.2
43048.8
76009.3
70961.6
58931
68835.6
76583.3
57728.2
50494.3
41780.9
52158.1
50291
54546.7
54620.4
55554.8
63156
40166.6
63717.9
75251.5
50122.1
54557.5
46167
36950.8
47461.4
52708.2
55877.6
53145
54346.6
48637.7
38514.5
49581.4
53914.1
39902.6
56295.6
46423.8
35337.8
57644.6
51353
46232.5
52143.8
49769.2
66963.4
42282.7
59378.1
53802
45629.4
30135.5
58025.5
72437.8
60962.6
57860.3
46360.4
37395.6
51886.2
51838.6
43177
52127.7
71328.4
39444.6
61164.7
30880.4
40041.8
62699.1
48361.2
44819.6
54335.4
43627.5
58953.8
49653.3
50908
45698.2
50850.2
61070.2
53664.2
62577.7
42113.3
43135.9
50651.6
58390.7
43493.4
44021.8
41170.4
47112.3
64530.7
59871.1
58608.9
59766
62478.2
59974
47762.7
45429
45653.4
64080.9
49222.4
35389.7
40819.5
57676
26378.9
42912.8
45998.2
62057.2
42072.2
55540.6
51071.4
24736.1
53695.8
55949.1
65422.8
33069.1
38929.4
51360.6
51885
61787.1
48702
36376.8
43680.9
61101.9
32604.2
48345.3
63662.2
52482.3
45452
39301.4
39126
47041.5
44040.9
54797.2
58482
45237.5
42052.6
55619
60523.1
37543
70410.5
47076.4
40423
58210.3
57769.6
34262.3
39285.2
55104.2
76741.4
31788.2
39271.8
50025.8
58528.8
43047.8
53881.8
46842.2
33242.7
46118.5
56422
37802.2
40576.1
56179.8
56053.4
29961.9
41363.2
52771.7
46139.4
47131.6
59541
57918.4
60637.6
53752.2
30752.5
49399.8
42826.2
54116.6
59243.8
73379.4
43472.6
59730.2
54559.5
40401.8
53330.4
49783.4
49611.2
44532
44952
35438
54148
33884.3
54866.6
71886.6
40404
38793
45413.1
28307.6
49270.6
42626.2
60058.5
51514
48233.8
46931.5
41506.2
41728.6
42469.7
60512.3
37384
55367.3
32693.4
56643.5
63907.9
51304
38760.3
74752.8
39279
68206.2
74206.2
65738.2
66231.4
32253.4
42199.8
55292.3
61841
51064.6
53028.3
39033.4
25365.3
35840.4
37342.2
42007
50526
56021.8
48133
43901.7
31631.6
42381.2
43380.2
28735.3
54091
36043.3
48690.2
49394.2
29147.9
42878.1
40928.1
39475.2
50137.1
41098.2
72803.3
35839.4
47849.8
30955
64786.8
51224.3
49842.4
44823.2
58160
53252.7
50199.1
59586.6
48072.7
36805.7
40919.6
54540.6
36730.8
47465.7
51602.6
37087.9
43695.8
49168.9
51285.3
58854.3
54564.3
34056.6
42812.7
41167
43500.6
57241.5
52301
50236.2
42245.4
50792.6
43907.8
44413.4
49965.8
56481
64068.5
55764.6
38427.8
57561.7
49788.2
54050.6
43665.8
48833.1
54782.6
48279.4
37105
53353
58993.8
63423.8
42380.8
64627.8
64759.2
59241
47414.9
54945.4
61944.2
42391
70149.6
62568.1
54491.2
42859.8
41744.7
44269.8
70520.9
56282.7
71160.2
65198
55215.6
51497.1
54764.9
64596.3
64306.5
73919.5
45187.3
42081.7
53995.3
50732.7
67369.9
66642.5
58725
67426.9
57688.8
32206.7
58651.5
57584.3
61735.4
69394.4
74126.5
70719.9
54278.2
62485.4
48258.3
41615.7
59454
55173.9
50498.2
59557.2
50951.8
55203.8
65984.8
43320.2
56651.2
46370.1
40654.3
53146.4
48686
54161.8
46150.3
56427.8
49009.8
40496.6
32311.4
40527.4
43805.2
40456.8
82044.1
46002.4
39520.2
45927.2
37602.4
55420.8
40004.7
63559.8
49107
53853.4
46832.3
42178.9
62756.8
72791.7
69997.2
44027.1
48885.2
34618.2
56655
53041.6
60131.8
45454.1
53639
46751.3
34429
49651.8
64515.4
58492.8
45348.2
48367.6
43918.2
40659.6
32372.4
40892.8
51214.6
29538.9
53378.6
38906.2
54414.3
50052.7
51915.8
41028.4
55250.1
27102.6
38193.1
40601.3
64265.8
62042.2
52790.3
37688.3
50088.6
57115.1
41781
46392.4
46396
51936.2
31971.8
54611.8
56100.9
81315.7
44286.6
43231
38933.8
48141
43649.4
60721.8
51508.9
45031.8
34218.4
54993.6
70405.7
60618.8
41360.2
58708.5
37723.4
53192.7
55482.9
58382.4
40451.8
47336.8
47061.8
38867.3
61706.9
48295.8
38359.4
57898.3
42090.2
42403.1
39203.7
62431.5
38668.2
43816.8
33776.8
52325.1
40976.2
52346.1
56467.8
42285.8
42761.3
43060.4
45319.8
49847.5
45883.8
45952.8
55696.7
30937.9
52719.5
41569.9
57323.2
52264.5
38591.1
33649
38408.5
46032.6
51703.8
42273.8
56595.4
37713.8
53925.1
54315.9
49544.2
44137.4
32849.9
55235.3
27300.5
33853.7
66505.8
45881.2
47541.6
43956.2
35770.2
31885.2
51859.1
52208
50022
65738.9
42828.2
46167.4
67621.4
50825.5
51891.4
48278.3
42850.6
21581.4
49991.9
65262.8
58036.6
61725.4
50548.2
38679.3
53109.2
46137.9
54712.7
40438.6
47751.5
60169.8
55104.6
45835.2
57396.7
46238.1
35607.9
69220.8
51371.8
63028.8
38263.4
60939
58502.3
50897
44452.7
40778.5
63017.8
79070.8
47939
53025.2
64535.9
71050.1
59871
80959.8
55100.5
43616.2
46981.4
54217.2
51434.2
55439.1
53202.2
39018.8
61916.3
72547.4
76239
56091.9
44836.6
44673.3
50339.4
61916.2
50227.6
49400.6
49664.4
67678.9
41947.9
48208.8
44506.3
42606.3
37765.2
43864
47342.3
39240.5
55099.2
42131.9
31805.6
38539
49616.2
52363
57417.5
59950.7
33091.3
40684.8
58020.6
54388.9
62940.8
59956.7
54535
28784.2
43621.1
70111.8
49213.9
40466.2
52643.8
45219.3
40803.4
51473.4
51946.1
57579.5
50776.4
49835.4
37220
60876.5
70721.2
72726.2
50463.1
52686.1
56143.5
39099
47046.5
48417.2
50013
68016.3
41410.9
70209
45784.7
72219.9
39444.7
56295.5
54282.1
35871
38855.4
34917.7
45750.1
37974.6
45235.8
40975.9
49417
61480.8
31369
58364.6
41716.7
37371.2
41285.2
53449
75718.5
64542.3
63501.2
43114.5
55496.9
51823
58070.4
53210.2
38997.4
41909.4
54692.6
50421.2
49117.2
53580.6
72381.5
50744.5
59430.8
35518.5
56375.3
32995.8
28723.8
37213.6
45083
34675.2
46758.6
63739
24513.7
50506.6
34574.9
48831.5
54185
46272.8
44036.1
31905.3
42568.4
43412.1
44435.4
42677.9
40922.5
50821
43819.1
30641
41548.8
53584.8
50259.6
35037.4
39266.8
53314.6
53623.1
43257.5
43492.7
42718.6
40737
51879.5
55432.4
55232.3
34724.6
54786.5
46625.7
33088.8
51478.6
60902.3
41599.8
46152.9
66955.4
46946.6
48975.3
56134.7
76690.9
50804.5
46282.8
39382.6
45452.2
53079.6
45738.8
64955.7
52082.2
56248.6
47347.5
45782.2
50042.9
44486
48288
48103.8
56321.1
43998.4
50865.7
27255.1
58878.8
53826.2
60217
29752.9
39413
26054
43002.2
35100
24701.8
42109.7
48799.4
55424.4
52946.5
36794.1
45404.4
30797.8
42401.9
37709.7
55279.4
37292.6
45619
39031.9
64416.7
58657.4
43521.8
48206.8
44042.9
71852.9
38529.6
41667
37373.6
41023.5
47623.1
47669.8
52446.2
50153.4
47460
69980.9
48124
55787.3
50004.1
27918.5
49122.6
43681.9
33916.2
41977.6
59132
39053.8
46623
37863.4
60013.7
45151.8
57625.5
55280
25259.9
66806.5
42889.6
47782.2
58358.8
41421.2
53631
36395.2
60812.2
47306.5
59600.1
42460.8
54811.1
53428.5
47600.7
39160.1
53585.2
52233.5
46509.3
38784
26590
60822.5
50918.3
49774.9
30365.5
47342.4
35788.1
43733.7
37929.6
53987.6
44743.1
54367.5
38045.5
62493.7
56763.4
35597.5
42975.8
24415.9
53963.8
35820
46692.1
37281.7
52120.8
50157.2
44908.4
58173.2
48172.6
50434.5
49671.7
48071
52703.1
37905.8
48576
56159.2
31591.4
43982.6
43359.5
45975.4
30538.8
54996.3
35367
27275.4
37781.8
44032.1
32593.8
75970.9
80755.5
50439
44927
55506.4
51109.5
42278.5
55612.9
44573.8
39657
41087.8
54318.8
35219.3
54603.2
48575.8
46786.5
75426.1
64796.8
64999.6
34384.4
59789.4
54367
50121.5
51177.4
51492.1
40864.2
52270.2
36696
59583.7
52783.8
34457
51194.5
33687
31797.9
59741.6
44306.1
50686
39626.1
44456.1
47937.9
33156.4
43865.4
60208.6
40926.2
46189.2
56225.3
44121
43801.8
40446.8
45731.8
38711
41388.5
35923.7
51017.7
63015.4
23018.6
61025
55118.5
47423.4
49096.6
47203.4
42859.8
68399.5
57796.5
53965
59912.8
47565
38945.6
68065
49876.3
53300.7
62726.6
66424.6
45893.4
48688.9
48683.8
52651.8
52784.3
54033.8
41628.6
55827.1
65151.4
47929.8
43306.3
43383.4
37954.7
54983.8
49122.2
42428.9
41458.4
49631.2
49808.2
57037.8
50349.7
54593.8
39464.2
44385.2
43584.6
69994.7
71621
66643
32882.6
54281.4
54573
42774.6
39456.6
51344.6
48890.3
56282.1
36566.1
40237.6
62634.9
44931.3
49287.5
55646.4
47643.9
27756.5
44419.8
62537
46325.8
29261.9
48290.9
67416.8
43841.8
62367.8
48934.6
51867.6
43141
38626.8
47717.8
37119
63201
57443
44114.2
44133
54213.7
42041.1
60228.3
44280.5
48786.1
42993.8
50613.4
56007.8
56080.5
50644.3
46750.6
37682.8
27673.2
38430.3
49788.9
58413.7
50218.5
43898.7
42543.4
56534
57104
38098.7
51132.6
31067.3
32258.1
57376
53479.6
46872.6
43782.2
29042.2
51826.7
39992
49086.9
46618
27748.3
41712.2
52934.1
43187.4
59820.6
47347.8
40197.6
50295.2
38017.4
36980.4
42082.1
42959.2
52336.5
33724.1
58033.3
37610.1
52075.6
41728.9
57367
43369.3
47049.6
57659
48707.8
35688.6
27574.6
54163
35246.3
30396.5
44715.7
36327.1
32087.1
38327.2
55954.6
72933.9
56962.5
49633.8
38422.6
48236.6
57096.6
51841.3
53781
32381
36505.2
50386.6
29681
53089.8
63127.8
76893.3
26455.5
73496.9
59099
53525.7
44168.6
50942.9
48139.9
53526.6
30425.1
71732.3
52728.2
54586.8
67055.4
53323.4
37963.2
52063.4
53109.9
43274.7
52190.2
33350.1
53200.2
47918.7
63923.3
60726.5
76085.7
83157.3
72326.8
51665.4
67204.2
47372.5
60213.2
42193.4
49636.2
36731
50406.9
74643
63481
74578.6
81541.9
57334.7
50553.4
54734.3
46179.6
60470.4
70187.7
46379.9
61550.4
44761.5
49288.9
55118.6
73229.8
55531.6
64525
44259
47389.4
50705.5
48452.9
49585.4
61912
44038
53940.1
45018.6
56865
59430.1
46008.8
55386.7
51017
35487.1
51122.7
69480.8
55729.3
56573
57029.2
50637
36331
51304.9
42715.3
40672.7
36639.4
59119.1
52726.6
65178.8
42623
57419
40315.5
60441.7
54563.8
58250.2
50755.3
57422.6
45482.5
52353.9
45401.8
39663.4
67969
64232.6
66220.1
35539.8
43600
70686.1
61879.3
57116.6
62081.6
63287.9
58887.6
44252.6
43185.6
63526.4
53582.2
67032.2
63722.2
39563.9
44496
42454.5
67105.3
54792.2
60089
51778.7
40899.1
62979.6
62228.3
53168.4
53802
38596.8
30061.9
48405.8
58956.2
45671.9
53070.8
41972.2
35668.5
46150.3
34577
51985
47609.4
49424.7
42649.4
38337.9
57768.1
37647
35657.7
56681.6
48945.6
37063.8
45213.4
40768.3
31798.7
38026.9
43166.2
63673.9
53502
41583
27120.2
42759.8
50343.9
47059.9
48634.4
49488.1
51193.2
63199.5
47694.4
58871.7
48051.8
32833.1
33112.7
63321.3
56487.4
57050.3
45568.2
47595.8
43852.2
49603.8
41909
53513.2
56693.4
55960.2
53295.1
77493.4
37989.7
61022.7
65694.6
66904.6
52213.8
57537.5
50020.2
65433.3
54301
61213.3
64180.2
42187
55920.7
60434.5
47239.4
76837
54476
54816.7
47843
49330.3
53456.3
60849.2
44233.3
59029
68198.5
48557.1
46575.6
71103.4
43784.6
53713.3
42440.5
38433.8
64175.8
36214.9
48866.2
54611.5
56626.4
55219.8
41477.9
58376.7
36041.4
74888.3
41305.6
47213.9
30858.2
50377
52302
43942.2
56869.9
64578.2
49240.5
45363.4
64254.4
41322
54945
38814.3
67501.5
50154.6
46602.9
64907.8
49981.5
37114.1
48823.7
33837.2
39665.5
57473
46069.5
62157.6
56007.6
43650.6
50637.3
33733.1
57883.2
55021.4
39338.7
59205.8
41733.7
65780
39659.7
40586.6
57639.5
54682.1
63757.8
57777.4
55389.8
70937.7
46322.2
62925.6
52136.7
62358.8
56723.2
58215.4
59879.5
66807.8
49353.8
45056.4
68817.3
59909.1
69050.9
72014.4
62189.5
60254.8
42543
63427.4
48230.9
64247.9
56432.6
66115.3
43746.6
53577.7
66505.4
63426.1
79345.9
81637.9
51745
61793.9
46199.2
62275.4
68288.2
74986
74057.7
34435.7
46277.4
65805.7
67651.9
44166.6
78833.6
72320.5
52415.2
61037.9
54819.9
52872.2
75574.9
75325.8
51022.2
46395.5
59486.8
55181
66440.9
45029.1
61729.8
57702.6
47265.7
51336.3
48999
39711.1
53862.6
48531.7
57323.2
39151.9
56065
53435
41915
49195.5
57426.2
56904.1
58589.1
50427.3
38717.3
63247.9
49013.7
51409.8
40847
67760.2
42650.2
65483.7
37528.8
49468.1
57191.6
40026.6
51239
65291.6
62845.7
44762.7
51143.8
50522.8
35761.2
30636.9
45942
43409
47180.7
61686.6
30745.1
38611.2
51844.9
46079
30737.4
58817.4
48754.7
53900.6
62337.4
62270.9
48521.6
62701.1
29642.8
53240.8
51440.1
49667.6
56085.8
67041.2
39798.2
55239.5
46668.8
58107.4
58867.5
40511.3
37809.8
61601.6
48247.6
40315.8
50892.2
47811.6
46534.2
41773.3
42699.1
52134.2
40759.4
51659
42868.6
48158.3
42643.4
41926.8
54040.2
30030.6
22533.5
39058.2
49341.9
28825.3
42740.8
56248
55624.6
67488.5
44198.9
33329.8
33122.9
42221.6
57560.2
47035.2
38627.4
36051.1
31902.2
64601.6
55280.3
47647.2
41876.6
35804.4
64574.5
60811.1
60819.6
57282.3
84613.6
67895.8
48111.6
55532.7
63487
43863.1
46776
59342.2
40235.8
62855.9
65176.1
59319.4
58625.7
40016.6
67696.8
49912.3
55802.8
55300.6
52494.5
49749.9
45983.2
40472.5
31593.8
32943.5
59874.1
44279.5
49115.2
55693.3
52833.7
45519.3
44184.2
44594.1
47735
64192.2
51407
54929.9
41901.6
39090.4
55192.6
42793.5
37563
68924.4
51069.9
62655.7
74533.4
47082
41545
53061.5
66642.6
62898.5
39227.3
45856.4
52195.1
39880.1
47800.6
43692.2
44914.4
47097.3
30641.5
66473.5
47188.8
58911
33707.4
67276.2
31996.6
34765.8
53568.4
74827.9
48527.4
49249.6
32099.7
57805.4
49863.6
64493.9
47716.2
44479.9
56541
45938.7
35053.8
52482.6
71035.5
46622.6
60771.9
56576.7
47581.8
40071.4
68531.8
53591.5
53228.2
47020.2
50958.9
34747.4
51816.2
65793
62705.2
44996.4
46328.8
35663.6
46843.8
61210.6
59153.5
58354.8
44707.9
46955.4
24817
37610.8
46162.5
67814
73199.6
47154.4
52722.3
41354.5
47887.6
77463.4
70199.1
44901.8
45608.2
43661.3
38609.6
46250.9
48919.4
46204.6
65451.5
38934.5
52612.1
57582
58710.6
40599
43809.8
64421.4
51354.8
54823.5
53359.8
52125.5
40966.2
36962.6
42927.8
45201.1
58362.6
49470.9
35727.7
58919.2
42450
44685
41310.2
42680.2
44334.2
34684.8
57470.4
62725.7
45575.6
37622.6
40100.4
44222.6
59011.4
69215
33663.3
55981.2
56046.8
50294
39491.9
34101.8
41294.9
44473.2
49457.4
37935.9
43687.4
40544.2
52016.8
69746
58457.3
64104.9
46885.1
50439.4
34774.2
51775.8
43983
46817.4
43576
57897.1
31551.5
34570.5
44639
50531
68870.9
44158.7
40184.3
36167.6
55682.1
42301.7
32486.4
40999.3
34974.5
25677.5
60596.6
45031.6
32118.6
25971
46967.8
31896.8
34368.4
46792.7
46582
64038.2
31996.9
25745
43083.9
34345.2
44767.8
57699
51760.7
34167.9
40516.3
31378.1
51266.1
48876.6
53704.1
39142.3
47308.7
48393.6
35056.5
48565.9
52410.6
53394.6
46093.1
53582.6
62631.3
49987
41307.1
48076.4
54852.3
43421.4
47811.9
45600.2
43587.2
38090.6
52649.1
41204.7
42247.8
52633.2
50198.1
61609.8
38677.7
65004.3
50940.9
30833.8
49085.7
52559.2
58732.5
75228.2
49742.6
53936.2
58653.3
43140.9
53300.6
59924.5
44498.6
41471.4
40029.4
42472.6
58527.8
45472.6
54338.1
42511.7
45313.6
60923
47784.6
50796.7
54566
47647.5
58231.1
61689.3
53611
45772.6
42494.8
33675.8
63388.7
53973.5
70328.9
53233.6
38950.1
58066.7
57148
43320.9
41652.2
45174.1
40623.9
56193.9
23558.4
54246.2
63079.8
57273.8
72012
30049.2
49857.8
62040.6
71100.8
56732.1
33583.6
68230.3
40165.5
44556.2
34586.4
77147.9
68279.3
56884.8
55646
51227.2
59658.1
32984.4
57279.5
37849.1
48721.4
73223.1
56151.8
69007.4
58353.1
61377.8
45364.2
74748
68526.1
60202.7
65887.8
57518.6
37431.7
54692.6
79116.4
62936.6
52387.3
39137.3
41510.2
49343.9
50818.4
66875
59367.3
54845.9
44223.1
57611.5
50797
58704.3
45104.7
62066.4
61467
48134.6
48639.3
53504.1
49926.2
54846.3
40159.1
55561.9
37368.5
42696.1
55087.7
67370.3
66750.3
45050.9
38597.3
53641.2
54558.6
66012.7
45296.5
52750.5
44804.8
35680.6
40620.7
80180.5
79916.6
67295
56664.1
61091.1
45146
62514.2
56196.5
83390
62259.1
56786.7
58346.2
46159.1
44906.6
53890.2
54399.1
48769.6
43046.6
52687.8
44583.4
34132.7
56083.8
42867
65460.6
49080.5
33617.7
41992.4
61673.3
45119.8
42366.3
41401
43202.5
56858.8
58476.1
53977.8
42469.8
61568.9
45242.6
46834.2
48603
44040.5
50902.6
40968.1
35456.6
47865.1
36252.3
56749.8
66864.6
27697
39473
46309.2
47002.5
47667.9
40544.3
44889.8
34119.6
63727.7
52643.2
36010.6
40182.6
39166.6
34928.1
46305.2
43782
36596.6
38957.8
37459.5
44947
56161.4
55956.7
43591.7
50552.9
29818.9
54545.8
64614.2
52820.2
43363.4
39037.6
44550.1
69792.5
53325.5
44665.3
49597
44315.9
41656.4
53465.5
41410.9
41270.3
29103.2
44916.2
41475.4
41048.8
53225.8
41522.6
44660.1
48515.7
33355.2
46916.2
59333.3
79339.4
69513.5
53416.3
49061.4
49007
56804.6
50934.5
53509.2
60603.1
35272.2
49534.6
50772.6
75174.1
81718
48050.8
25921.4
27689.3
40994.5
50805.7
64562.3
57013.2
45101
36581.6
34898.6
52676.6
83834.3
45000.4
28551
40822.5
52252.6
42338.7
67222.8
58640
62249.4
46556.9
64528.4
72832.6
68841.7
69515.8
37479.2
51718.8
52626.6
60733
59475.9
52775
75335.9
42132.6
35848
45143.5
32910.4
73414.3
55535.6
49714.8
51766.1
43737
35520.6
41316.9
56040.2
49124
30360.6
46787.6
58722.9
37182.2
58178.9
41162.8
33885.8
43692.6
32647.8
36478
35420.9
52341.5
41155
51461.1
57411.4
70037
61666.2
30279.5
41522.9
47212.6
62070.9
52917.7
52635.1
50465.2
51980.6
38841.4
52031
41890.6
24908.2
39003.8
47523.2
27704.2
34005
49886.6
55290.9
48775.4
59093
66711.8
54468.4
36516.6
63703
51957.9
43113.3
48648.5
61410.2
58447.4
70762.6
47401
63510.6
25880.4
30297.5
43175.4
51910.8
36787.4
63616.2
50947
43402.5
43489.3
52873
44546.2
46196.8
70323.8
34240.9
56456.6
58673.8
50721.2
57182.2
57383.3
49128.6
70203.6
64952.5
53039.6
42353.9
57372.8
42333.4
52008.8
52335.3
58548.6
57776.9
47121.8
48069.3
38328.7
52717.2
80875.8
56767.2
40664
41953.3
52669.2
57440.9
61593.6
61768.6
64748.2
46867.4
42796.8
53030.9
52594.8
50617.3
50044
53737.5
52985.4
59025.8
46238.2
43224.9
54999.7
35735.4
52893.5
53382.1
61378.3
52834.3
58229.8
48637.8
47666
37271.9
50957.4
46083
74603.6
42988.4
40098.9
39114.7
48996.7
49773
56913
44603
67573.2
28001.2
42874.4
46966.4
46070.9
62217.6
44988.1
48746.6
56086
47108.2
37769.7
45156.4
39990.4
35455.4
52075.3
49017.5
61065.9
36267
47845.5
46889.8
55237.5
48439.1
59494
61188.7
39692.4
47220
58062.9
59726.3
53100.6
57111
55824.5
49799.8
57706
47011.9
38484.4
62495.3
56141.1
52343.4
53042.4
74326.6
40921.1
60376.2
57308.7
59430.8
41120.9
52987
62127.5
41925.4
37998.5
32353.8
42530.1
53038.7
80106.1
79884.3
42599.9
64747.2
56552.8
48685
58287.4
69858.7
42171.4
40244.9
73275.2
50749.4
60864.7
52791.6
36012.5
35829.1
65226.5
63748.7
61051
41014.1
51855.8
44043.4
38175.5
51429.4
42052.5
41908.2
41821.1
46970.1
57358.9
65488.7
58065.5
35831.9
61035.4
62487.6
55758
60684.4
40770.6
63209.8
42367.4
39481.4
55698.2
45587
51755.9
62663.8
43178.2
50699.4
40973
38592.1
63894.6
80323.4
52409.7
46337.7
65119.2
45553.6
46297.5
50257.4
55380.6
48126.2
46761.6
60086.4
44560.8
48243.7
32960.1
62236.1
40044.6
53368.9
54549
41714.6
61084.2
35646
58647.5
67402.6
41585.3
43166.6
58687.6
51496.6
58324.6
44512.3
41895.3
59210.2
48363.5
42468.2
52686
65652.3
58078.7
52095.2
56743.9
39141.8
40642.4
47510.8
71440.6
61949.1
45572.3
71188.7
49300.7
38769.4
54996.6
68727.1
53905.6
55450
70006.9
57207.5
49532
65440.2
47291.3
64015.7
40310.2
52379.7
52691.8
46651
59457.7
65582.9
46970.2
44457.2
48141.1
56615.7
46587.4
41805
47401.6
61459.7
29178.9
65753.8
50568.4
44510.7
56966.1
48227
71997.8
52139.4
66059.8
44301.2
65458.2
39859.2
72559.1
60128.5
46039.4
49286.2
67786.1
40133.1
45413
47773.9
59502.8
44199.7
56881.4
67082.4
55806.1
51123.7
59108.6
35157.4
50992.1
56027.4
50365
49578.9
61709.3
55031
55523.4
66382.2
33565.3
82714.3
59554.5
56837.2
60419.1
54998.5
47342.8
43805.9
75970.9
62694.6
52713.3
66254.8
43161.4
53986.6
41261.1
51845.4
54630.9
60939.4
50737
54214.4
61801.9
43237.4
43759.2
54291.2
71665.5
66159.2
35322.1
47421.8
42125.8
57953.4
63856.9
61254.8
55867.8
36761
40278.6
56824
59567.4
43461
77110.6
50971
40294.1
56876.2
48289.6
67269.2
74399.3
58040.6
42827.8
50115.9
56292.6
60065.7
45900.3
58407
37473.9
47644
47298.6
64369
59594.2
42073.8
59745.9
43769.1
60509.5
48278.3
39970.2
58508.1
64291.4
44288.3
64525.6
51601.5
46896.7
62419.1
42332.4
50094.2
58205.7
53360.6
54217.6
52696.1
63991.1
46339.6
37097.3
35816.5
49486.5
51389.8
44288.7
50639
51016.5
46733.2
32818.5
58148.5
69925.3
44607
58976.9
60210.4
44364.1
28362.6
35864.2
36900.4
37852.2
56672.4
48417.4
43699.7
43911.2
37325
49299.3
46499
30375.2
48915.7
50438.2
38166.5
46430.8
37204
47081.1
45276
34037
79082.9
52733.9
44706.8
61126.3
42913.2
58226.2
49092.7
67652.7
56461.9
37862
38289.5
41881.8
53741.7
42694.2
60002.4
59456.3
41112
36726.9
49487.7
46907.9
47764.1
53108.2
60578
43781.4
35093.8
42459.6
59299.4
43915.8
43886
53779.2
51234.1
42936.2
51902.5
43049
55836.2
50374.6
41831.8
49231
25829
45030.3
52945.3
32830.2
35287.7
54698.4
48040.2
75058.8
51162.9
43191
36739.8
33085.4
74457.7
33212.2
52847.1
43253.2
59920.7
45192
52758.4
64052.2
53839.8
44623.9
61634.9
51262
65825.6
46191
69047.8
69739.9
45953.6
63149.4
39019.3
40143.4
82717.4
54690.4
55248.2
52265.9
52893
61218.9
38972.8
48584.4
48283.6
70400.2
62454.2
61682.6
66305
46883.2
62155.9
49600.6
49651.9
44367.8
61172.8
53784.5
33188.4
69815.8
73189.2
54030.6
55175
52009.9
54520.2
55992.9
65096.3
55007.9
49195.6
49715
55106.8
62115.9
56581.4
56851.7
58993
46872.2
54135.2
58076.7
63585
51260.8
53974.9
51881.1
48002
50287.5
66152
52813.4
57272
54773.3
44727.1
56210.6
64833
57754.2
65099.6
52761.1
46092.5
42291.8
61782.3
55783.6
52863.5
51085.3
69508.2
81610.6
38789
46507.4
41075.9
50965.3
49782.2
52001.4
53375.7
57067.4
33108.3
43612.3
58099.7
48787.8
32419.5
51539.2
35833.7
38037.8
61224.1
61391
48736.7
51999.8
40635.9
65463.9
61820.6
55017.9
42245.7
35358
38058.2
49780.4
67281.1
40163.6
45184.4
51543.4
46024.6
33681.5
51577.8
50884.6
45128.6
46658.1
55109.8
35594.2
41929.6
57136.9
55339.8
45758
49726.1
32857
57967.8
61702.8
63651.5
64047.4
45940.9
23841.5
38733.2
68216.6
44756.4
74313
53863.8
47839.1
45044.6
55895.3
41779.8
40081.2
53284.4
56532.5
38420.9
40602.6
42393.1
71047.6
56645.9
55522.1
46192.7
53909.8
70756
41677.8
71260.2
39667.9
38768.2
68480.4
51056.9
56607.7
49216.5
55072.8
46437.9
84425
56873.4
63721.3
57942.2
49576.9
37685.4
58344.4
80881.8
84907.6
82147
60250.8
49331.9
41275.7
69575.5
55129.6
52714.7
56723.6
67534.7
55696.3
51537.3
47629
47951
40747.4
67785.1
59072.3
59971.5
44326.9
54541.4
42865.4
55241
56659.9
49007.4
69124.8
61428
56768.8
57629.1
49601
40596.5
38624.3
37219.4
54619.4
71676.9
46617.2
61134.3
49509.4
43767
59864.6
35211.9
58807.7
61457.4
66318.1
60919.8
37000.6
69415.7
49364.2
62794.6
51165.8
45207.4
42627.8
58780.6
58907.9
47721.4
48543.1
52559
37631
44093
46121.4
39918.4
53315.5
56404.9
46361.7
56079.4
53194.7
50795.4
48362.7
50567
44349
72896.5
43893.4
64119.3
57718.2
55355.5
47357.3
40562.1
25474.2
47094.2
65236.2
51237.8
38030.5
51137.4
65726.7
40596
38085.8
31999.3
44007
46598.1
40674.8
64409.1
35615.6
41299.8
51993.6
53452.2
60881.6
53452.2
35622.1
64852.7
40561.8
48237.3
45817.8
50080.6
53291.5
46769
50599.7
46556.6
37437.6
68724.8
75118.3
32316
40424.2
55984.7
61286.3
29088.4
47653.7
41245
41543.7
42921.8
40355
39592.5
63925.2
56249.2
42454
48346.5
56211.5
36075
52029.8
37127.7
51957.9
42251.8
66080.6
58920.2
40101
50914.1
45666.9
59466.2
54264.8
39745.3
56118.4
46073.3
60486.1
41299.1
41575.1
33563.3
42113.5
43588.5
36567.3
45908.4
44704
41731
59536
55695.6
46094.7
56783.8
62103.5
69288.1
46643.7
66462.7
71482.7
47691.4
65702.3
45989
54836.2
44456.3
58848.8
63319.4
60762.9
65283.4
52941.9
67412.6
34816.8
36620.1
40463.8
67604.2
48165.5
66769
42815.4
34430.5
48068.2
55997.9
68194.6
46434.6
70646.6
39561
52692.9
45739.9
59380.6
31845.1
69863.2
42927.1
51408.2
53627.3
48825.5
44937.8
52202.2
58400.6
46461.9
66179.3
70454.5
57589.4
54799.9
33799.2
52977.3
62269.8
57309.2
50903.4
37606.1
59227.9
40871.5
71382.8
47335.8
36936.2
63897
36438.5
58223.4
61218.2
55316.2
49169.1
48559.8
53685.3
36927.9
60395.8
46533.6
66285.2
45742.6
53186
50010.8
82674.6
56689.2
45679.1
51600
49540.7
54339.7
34046.9
46431.8
36874.1
32877.1
42363
60817.7
58527.2
37298
56648.2
45591.4
43787.6
54110.6
38883
53250.1
70365.6
53801
44709.5
42185.5
48061.8
50952.8
41575.2
53973.8
44384.6
40374
43737.6
50005.2
47178
55041
41797.4
44014.7
38681.5
57974.6
42140.2
52122.6
45791.9
25461.3
41909.2
32693.8
34392.6
48237.3
78723
38537.9
26397.2
56394
45248.8
41535.5
39166.3
54338.5
54373
52076.2
52547.4
39259
44708.1
53582.5
41331.7
51653.9
58556.1
40488.1
36008.5
66213.3
46720.3
32559.9
47924.5
55070.7
56172.6
58187
84117
45334.6
37649.6
25891.5
52707.2
46222.1
47582.4
42520.6
41593.3
45470.6
53662.4
56363.4
48965.5
63591
82880.2
26872.4
46622.2
66894.8
39402.4
47158.9
52201
65251.4
51063.5
58280.2
60681.7
44225.2
56113.8
73071.8
48811
51494
67591.3
49813.9
60608.2
63705.9
53202.6
63508.4
71683
84348.7
69912.5
67627.8
55495.3
58600.9
49794.9
61773.6
46941.9
54439.2
45325.9
76607.3
49497.5
68294.6
52008.6
43664.6
66687.5
44363.8
59838.2
62162.3
43957.9
50979.4
46071.8
62703
44453.5
57113.2
50160.3
43585.9
49701.4
43255.7
52933
65877.2
53537.3
43084.8
59793.1
69858.4
62440.7
38417.8
33845.5
50084.2
56264
69954.2
64658.9
52671.4
35546.8
52717.4
31842.6
46834.3
43419.7
40329.1
33400.2
52179.2
41004.9
46288.4
43885.1
56116.4
63802.5
27582.2
32499.6
63824.2
45998.3
54329.4
45959.8
41031.7
49607.3
45610.4
41580.4
41668.4
27470.9
45646.5
27202.2
31923
35762.2
38833.9
50378.4
47764.9
48874.7
60787.5
51158.8
27280.9
53839
42075.3
43984.6
58227.2
51850.6
35120.1
51626.6
36919.2
31239.9
49153.8
34826
46198
30712.1
39240.6
45358.8
49773.8
49315.9
43574.9
71017.8
46877
50561.7
48964.2
32799.9
28673.7
41004.7
38643.3
60735.6
32313.9
39117.9
44047.5
40890.1
54329.3
41073.4
53353.4
54208.6
60874.6
60055
42269.9
62948.2
47512.8
51073.5
47919.8
57767.4
58563.2
34878.9
39737.8
53241.4
54092.5
56444.2
44234.7
40240.3
44227.1
40676.7
57824.3
53247
51404.6
47531.2
46213.8
36183.1
47542.2
28703
53359.7
58307.7
39771.1
27234.4
46739.9
56071.4
49503.2
54192.6
34563.9
21372.7
40201.1
45821.4
36945.8
55605.9
46513.3
64367.1
56854.2
31602.9
38751.7
37874.6
59167.2
64235.1
48372.7
46174.4
52527
44083.8
48105.1
53740.2
40650.6
46418.4
53354.2
52879.8
47129.9
50940.4
44701.8
47510.9
65933
59536.6
62349
49301.4
48609.8
56488.2
42698.3
75070.4
65703.4
67695.6
38239.4
53358.2
57533.3
60152.3
67897.7
56827.4
32466.9
43461.3
52073.3
37984.2
59663.2
60132.6
55913.8
53817
39486.2
65765.8
58907.4
52645.4
46843.8
49638.3
58652.7
68950
69971.3
56374
45616.3
51233.9
74183
47555.9
51518.6
40415.7
69429.5
59864.1
42294.6
42135.5
76040.6
71494.8
27238.6
56238
51064.6
43614.7
53169.8
72403.6
57345
60364.4
52789
50441.6
58930.1
68676.6
60142.6
53208.5
47255.8
57971.8
63144
57768.8
65453.2
49840.4
68409.4
49243.6
52205.7
47861.9
54822.1
60653.5
71688.3
41523.3
61432.2
71555.7
81178.6
52048.4
76432.2
84402.2
75333
59837
50021
50509
64188.6
59035.4
68856.7
63783.4
61642.5
53903.2
61751.8
59736.9
64759.5
60847.4
67094.1
40152.5
38064.6
58265.4
36540.6
72054.7
49383.4
51000.2
58170.2
35198.4
41280.2
57159.6
66037.2
41787.2
63545.8
37314.5
33164.7
52892.9
55428.2
49471.1
38087.7
45270.1
45835.5
51545
51300.7
53549.8
40570.6
43316.4
41451
62492.3
47003.5
48777.8
37288.6
55632.7
51251
43228.9
41368.2
60140.5
46465.3
39408.7
39928.1
39800
51201.4
54139.4
66604.6
35582.1
69240.4
65280
47820.6
54192.5
58543.8
44753
43228
43831.8
55572.6
54468.8
75646.8
58600.9
37622.8
57575.7
57740.2
60088.3
64167.8
57965.4
58094
75390.2
69315.8
71228.9
58704.5
62780.5
56316.9
52364
41905.8
68565
73315.9
52856.6
70117.8
74134.5
52820.3
53362.3
49868.4
53262.9
58353.6
43217.4
53638.7
63691.4
51082.6
65037.4
70823
64997.8
57849.4
47301.1
47745.9
71411.1
41049.8
57995.2
56533.3
71948.4
40830.5
55883.6
61112.9
42714.5
42471.9
57417.5
41298.4
61024.8
54462.2
63508.6
63018.5
41811.4
56984.4
52224.4
57203.3
57796.7
53480.6
53096.4
56548.4
66832.6
47801.9
63466
59603.1
50230.5
60311.6
54164.2
39329.2
45779
84423
47186.9
45484.3
66225.4
60201.3
47763.8
64823.2
54786.2
60904.3
61290.3
54955.3
61138.5
83822.6
85249.3
57073.4
52645.4
41946.6
70110.3
74752.6
62262.3
69757.3
76830.9
51589.5
50432.3
57392.3
50698.2
59033.8
56000.1
48253.9
41598.2
63537.9
70314
49525.6
57925.4
68602.9
51758.8
48293.1
60620.6
38210.5
49241.6
43213.8
60567
31116.5
38655.3
64896.3
39348.9
43726.5
56090
60243.4
45022.5
56368.6
62039.5
38585.7
46189.2
54422.2
37531.6
47106.4
42734.4
40750.1
53563
51671.1
43977.1
47565.6
46313.3
39187.2
41111.4
64124.6
33878.3
52703.1
53345.2
34422.2
56372.2
56769
38256
35908.9
47333.3
60085.9
45213.7
47112.4
39829.9
47466
33896.6
40735.9
48183.7
39699.8
59914.3
72742.6
48553.9
39632.3
30461.7
55003.3
47124.1
33614.3
49050
73259.4
36654.2
56718.7
77654.7
64643.3
54539.8
59518.9
41163.1
54725.5
52431.2
61363
44906.6
54891
55601.4
55082.4
59880.1
59478.9
63420.6
44124.6
63757
56439.9
61647
59932.5
75649.9
43809.8
59507.7
53578.1
55652.2
68657.8
73951.4
50604.6
53086.6
55705.8
57790.9
69509.8
45380.2
52379
46613.6
59310.1
57427.8
53492.2
50529.5
57829.1
39232.3
41583.4
43873.7
55165.6
43368.2
38594.1
65549.4
39661.8
59512.3
48872.7
56595.5
44656.3
49289.6
37523.2
40192
46353
64521.8
56349.7
59341.1
40081
38160.6
42626.6
48470.2
71519.4
45029
57006.3
68364.6
49540.4
39021.4
48055.7
50181.2
31086.6
47669.5
57193.1
65254.6
57522.6
73776.6
46498.2
57487.4
46178.2
47924.1
36420.5
50196.1
74299.8
55083.8
66155.5
50648
50306.1
44016.1
59544.4
49417
47651.2
45379.8
43705.8
64999
54266.1
44948.1
41735.1
42869.8
50910
59788.2
38799.1
36288.7
39405
45623
47507.7
42153.2
39860.9
30421.3
35332.6
48164.6
36328.5
40053
63547.7
45461.9
43928.6
35537.9
50562.6
37039
40250.3
39386.5
42045.5
33753.9
32893.1
42197.4
62047
53852.6
27260.4
44827.5
49929.8
33242.9
48555.8
62408.5
65851.4
47262.4
33079
41351.9
55182.6
41851.8
56988.6
47477.4
52002.6
44562.2
40654.6
33055.9
43080.6
55641.4
39372.6
42765
34589.6
31594.9
45889
41055.6
45271.6
43229.5
51024.6
47236.8
42784.2
35375.7
40101.5
43660.3
43796.6
55515.5
57659.5
33310.8
55746.7
39845.8
36102.6
39365.8
66540.5
62537.2
49075.2
55170.3
47848.2
44861.4
48624.4
34439.3
58351.3
55457.7
49471.8
40457.8
45111.7
33134.7
38683.3
37209
39865.6
51441.2
58910.1
58749
48117.3
33759.2
53936.3
54383.8
53530.2
46922.2
41262.6
57630.6
32664.2
43540.5
32986.4
70812.8
57930.4
37886.2
48795.2
47077.2
54474.8
46684.5
48884.7
28574.6
44357.8
40071.5
71106.5
37541.8
33378
35850.1
71545.7
47347.2
51229.2
29403.2
65574
41365.2
45557.3
37574.7
38691.3
45778.4
32778.2
40873
71831.1
36759.3
43581.8
25182.8
42402.4
38761.4
34355.4
48858.1
35805.1
36573.4
44995.5
68655.8
43200.1
38271.4
52402.9
30439.8
30995.8
42163
50284.3
32317.8
38416.4
49211.8
34855.4
44463.8
70671.5
53068.2
38586.8
58267.3
38244.2
31765.7
51463.4
41664.5
44579.8
59891.8
50205.4
61508.8
46734.7
40336.9
69713.5
47773.4
39891.4
50707
56309.8
48251.3
56796
40950.2
72583.8
68619
54913.4
46005.2
43213.1
32889.5
52504.1
75711.4
50342.8
34149.9
32928.1
55747.8
59013
56317
70338.1
39644.2
38522.7
48183
49739.9
54630.2
56246.3
65012.3
53097.3
28133.4
40504.4
50040.8
58381.3
50986.7
68303.7
29119.8
61971
55334.7
43582.7
45918
59086.2
59141.9
48191.8
60755.7
78944.3
62669.6
52747.3
50179.1
56836.3
51866.8
55166
64680.9
64186.2
52257.4
35126.6
62887.1
52442.2
47873.4
61526.8
71865.8
51414.6
55067.2
54110.3
35173.5
47912.8
39821.8
50739.8
34288.9
61716.4
38079.3
55864
61359.6
62186.6
44133.7
65821.4
52793.8
47897
77152.4
54920.1
42633
33907.4
69241.1
53098.6
42952.6
47636.7
79345
54361.9
56856.8
48402.2
47218.4
53200.6
66703
74546.5
62864.1
60763.8
52037.6
44003.3
45070.8
55157
49775.2
50507.9
53450.2
64276.3
50298.2
46570
63597
46671.7
65135
55526.2
44442.4
52892.5
58541.8
59969.8
71234.3
68927.3
43813.6
67480.7
65737
50928.4
58343.6
65130.4
62774.1
60871
50918.9
56389.9
45552.2
63283
55089.4
59607.8
58740.9
52836.6
54331
73321.7
58983.6
50834.9
57645.1
36649.2
53348.9
52792.6
45881.2
56237
53986.3
44926.8
51668.8
54485.6
62621.5
69606.7
53031.4
54293.7
45219
49748.1
47813
78397
84898.9
53978.7
65025.6
52524.8
63615.5
46499.3
42802.5
66497
61456.2
56879.1
39893
47207.9
48022.1
70097
58902.1
53795.1
63818.4
47416.9
37902.7
59227.2
45566.4
30897.5
40551.7
44749.8
46103.9
51509.8
66892.2
43988.1
42390.6
41633
29338.5
42968.6
54403.2
34545.9
55417.3
44830.7
48857.1
34513.8
33590.9
41608.2
51236.6
46963
60376.3
40542
29789.7
49003
53070.8
48307.9
32322.1
37033.2
43495
27179
37728.4
45290.8
35594.4
50137.6
44784.7
39016.3
43559.7
56654.6
40106
39639.8
28159.4
33236.5
60799.2
57617.9
40455.6
48004.9
40706.9
48129.1
47127.9
30937.4
34119
54799
47118.2
54959.8
54849.7
36717.8
34757.3
34894.5
44174.6
41767.8
47982.7
52134.2
46214.2
43532.5
46955.2
43823.1
62042.1
37388.9
74179.9
73085.9
45221.6
49114.6
51634.6
32679.7
63154.1
31350.8
54294.3
63347.9
45053.8
44110.3
47389.1
50918.6
45189.8
53647
40629.7
47941.4
54001.6
49964.2
47379.8
43200.2
41550.6
57762.1
40742.5
53281.8
54962.2
51323.6
72305.5
62393.7
41869
59132.9
40521.3
59655.4
41864.8
34036.2
45804.5
43607.9
45480.4
49420.9
50437.6
53529
49511.4
59793
53994.8
42666.2
51428.2
62629.8
59033
64263.9
50197.4
46888
59000.7
54334.8
42723.8
76518.8
52984
44126.5
54011.6
47266.6
47393.4
58185
50668.6
58126.5
43954.8
45845.1
59620.1
49071.8
53739
45978.6
67822.4
56747
73780.9
42300.6
56373.5
51314.1
61082.6
52021
70349.1
44445.5
65025.4
40607.1
45496.8
39258.4
35774.1
44174.8
54607.3
40533.1
60523.8
55819.4
45692.8
32127.4
57167.2
69598.9
55808.7
46682.3
32587.4
55311.1
34901
50174.1
47590.3
64240
54239.5
59446.5
58134.6
49279.7
57935
56977.5
48873
38412.4
45510.6
46300.5
59399.1
37732
43215.8
41067.8
70720.8
50963.8
36137
50988.2
47559.5
58254
55624.6
47656.9
49368.9
32478.5
75469.9
42561.1
48967.4
46264.8
29954.8
32522.2
65750.3
61774.1
54878.8
58327.5
71754.6
46037.7
60431.7
58756.5
64445.2
52139
60963.4
43792.1
35403
63776.5
59012.4
66959.6
59876.8
75308.7
37959.4
64706.1
62047.3
53818.3
38112
41956.5
69877.5
56957.9
40240.2
54941.4
50803
42875.8
46183.8
42636.4
29335.5
36573.1
34219
43740.6
50651.3
35905.4
46997.8
58723
56988.9
50742.4
37689.3
43451
50882.1
51791.4
34831.2
53566.2
56832.5
38019.7
48159.5
42034.1
40273.7
47982.2
40535
33235.5
51374.4
48108.8
64808.5
64104.6
51767.9
61494
76967.9
44542.9
52217.3
60275.7
57442.2
77832.5
40297.5
61729.9
57050.5
42010.4
45665.7
59729.8
45570.6
59988.1
46263.4
47777.8
50138
73627.6
48277.3
50077.8
65814.6
55974.2
82487.9
55005.7
46574.8
71726.5
60083.5
70843.7
37851.4
57305.8
56573.6
56302.2
71044.6
68477.7
63601.3
60835.8
43954.8
55141.4
58810.2
46321.6
59803
47366.6
53666.1
54423.8
61158.9
50972.6
44542.2
41772.1
46241.3
48647.9
37985.7
44988.6
43920.4
46404.6
41368.7
49588.4
50417
48800.9
50063.3
36371.6
44009.4
41191.6
45287.6
46497.7
50471.8
45641.4
53949.6
37218.8
37873.9
65196.2
52190.7
45814.4
52477.3
37240.3
34628.4
50263.4
38284.5
46763.7
61773.8
38589.8
58044.6
78030.9
62156.2
61966.6
46033.6
52500.6
46915.8
56837.4
49195.7
60884.8
53667.4
55584.9
75126.6
33384.1
60159.4
56566.1
46865.6
49859.2
55885.9
50398.2
47094.5
47432
52644.8
41136.7
53006.9
77300.8
53602.4
43490.7
36071.2
40278
49891.4
73920.5
42110.1
43786.2
46463.9
42963.6
32322.9
37965.8
51607.3
58012.3
78423.7
62997.6
29575.8
29768.9
42880.5
53077
44527
60480.7
49506.8
32963
60602.9
46182.2
41518.1
46599.3
47003.4
51820.3
43350.2
68707.5
58346.2
47589.4
33020
43064.9
44082.8
43339.4
56045.8
62131.3
46344.3
61845.1
41728.1
35261.4
32594.1
54095.7
58878.2
38179.8
21910.2
54048.8
58482.4
34548.8
51540.8
56107.8
41109.3
38707.6
41321.8
35188.8
36277.3
57351.6
61344.5
42526.3
47296.2
40119.9
65435.3
47427.8
57247.3
63297.8
54698.9
53066.5
30224
60590.2
48877.3
42686.9
46848.2
38551.2
46403
33265
56172.6
30424.1
52762.5
76302.4
45267.6
37735.6
40383.5
72894.7
34596.2
41704.4
47602.9
71385.8
69906.6
60845.5
60345.9
63704.7
26616.9
47740.3
38886.2
48325
60961.5
55799
56846.8
31651.2
53070.6
57897.4
54129.4
60642.6
39949.4
41025
38733.3
37349.8
44810.6
47833.8
60332.7
42903.1
26722.4
43352.1
51081.7
56866
46561.4
32602.2
59461.4
48277.2
45882.2
53421.6
45707.8
49305.3
41226.6
48924.7
29448.8
49333.2
46381.4
43639.4
40112.5
29231.1
55306.2
35521.7
47548.2
37074.9
49801.3
79288
47107.4
49948
56539.8
30446.9
34944.3
55205.8
58103.4
52295.6
43427.6
58116.6
31763.4
35440.4
53799.1
50695
67441.4
47667.2
34294.4
53131.6
44206.5
41316.2
53484.3
43721.6
51203.6
27385.9
46963.5
47269.8
50302.1
33048.2
41036.4
45705.5
67459.7
58265.7
38435.9
39455.9
41043.2
41356.5
54416.6
37640.1
49042.6
68818.3
46900.1
34131
48316.4
47850.9
54274.7
55132.5
50306.2
48737.4
44754.7
66155.5
64181
61422.6
56663.4
51160.6
46108.6
48586.5
56509.8
53428.1
59540.1
71846.7
46751.3
44861.7
47091.5
62375.8
54996.4
44867.3
42865.8
52476.8
47643.3
49603.3
68474.7
49529.3
60073
35654.6
61928.6
53096.2
40925.1
48418.3
52278.2
37433.3
39913.7
44614.6
40759.8
61999.6
44022
24116.2
31976.6
52425.4
45744.2
27552.6
37901
26692.6
45276.8
31810.2
39266.5
33968.7
41834.4
49294.8
46178.2
35063.4
45268.8
32661.1
46863.4
29900.5
34536.6
33615.9
45513.2
59728.8
40411.4
35613.3
47783.2
58077.9
56315.6
59391.9
57878.2
34235.7
55678.6
44255.1
49131
61392.3
44998.7
28253.4
42358.5
28017.1
70845
55525.8
50576.3
39649.1
45893.4
38479
31767.8
36806.2
37777.9
60081.1
28203.9
61928.4
55918.2
60375.2
44933.5
48027.2
51864.6
43844.8
27593.8
42048.9
39486.8
41121.7
44413.7
42002.6
31541.8
50124
57571.8
41524.9
59013
51200.3
38251.3
35785.8
44174.7
54164.1
64333.7
44317.6
57291.8
49083.6
67779
39592.7
57198.4
53796.6
45556.3
54130.2
56048.8
38881.5
43585
56443
56616.2
42344.6
38664.7
60865.3
52594.6
51520.4
52542.5
49985.1
46143
54455.2
35085
37837.4
56263.2
47310.6
40000.2
56028.7
38614.9
54612.7
43792.6
55965
66096.2
60021.4
57749.7
36700.2
56075
51187.9
38678
38549.2
40906.9
32371.8
53243.6
55269.5
37050.2
46497.9
48813.4
40036.2
61286.6
40046.8
45208.8
40217.4
51012.1
61105
38719.8
59123.3
66294.7
46929.7
65394.6
55043.8
61187.4
50688.1
62781.7
57307.4
43923.4
63035.5
52026.6
43534.2
47462.3
38154.7
41525
65170.6
48150.6
52615.7
43324.3
66919.9
58988.1
50013.6
69978.3
56328.7
51882.2
71029.4
41858.1
45545.3
60855.6
38113.4
55157
68238.2
35686.8
42431.8
35853.3
61467.1
60982.7
50703.4
45547.8
47058.6
44642
45732.6
58902.4
46939
31129.8
62680.5
50529.1
60051.7
72593.4
46255.8
48834.2
49056.9
59831.8
38487.9
54690.7
45890.6
51360.6
59250.2
29905.8
30167.5
29807.2
53006
62730.1
67591.4
40799.5
47997.4
39611.1
47365.3
33358.8
69259.1
52073.4
62950.1
33929.6
44549.8
34746.9
51459.1
66352.8
35804.1
63015.9
40241.4
39883.5
45424.6
30871.2
50811.4
62057.7
32750.6
45163
51580.4
60457.3
44216.9
36857
48894.5
35292.4
37092.4
37853.1
60419.1
40047.9
56319
81667
40204
43860.8
48477.9
24029.4
53328.6
70240.2
64437.9
42965.8
54550.5
45563.4
33256.9
50983.4
75736.5
44003
41894.5
41035.8
49682.1
53128.1
37556.1
56682.5
44102
44858.4
44421.9
44631.7
57204.7
53804.2
47176.2
63393.6
46616.8
42023.1
54768.6
63856.6
53261.8
33232.8
56626.3
40476.6
62525.7
60460.3
66341.2
48853.9
53221.3
43135.3
40335.2
66675.5
56948.9
57120.7
64429.1
59314.6
34902
59613.2
66834.6
61007.7
78795.4
52322
52912.7
42746.2
52918.8
60788.3
59449.9
43544.5
62129.5
43393.8
48052.2
41740.3
53822.8
67602.1
52057.6
38667
57007.3
49684.6
60707.4
75576.6
67733.5
60222.7
59999
29478
32639.3
60306.5
55660.2
45019.5
28725.2
59330
45349.6
53943.4
41587.4
52785.1
42308.6
52644.9
39694.4
43900.6
49798.8
57210.4
47308.3
70348.1
36397.8
62352.2
61077.4
25601.7
44853.1
28363.6
31517.9
43272.9
67799.9
61520.6
46090.6
34621.3
46779.2
43674.5
45024.2
42538.8
64238.6
37372.3
40722.6
64436.6
51968.2
36876.1
47514.9
44517.8
33665.2
29250.6
45044.7
48185
57824.2
60354.6
66573.3
42251.8
43570.3
47771.4
30904.7
57470.2
48213.1
45682.2
40311.7
38581.2
43874.8
51628.2
65020.4
36602.8
51551
59355.4
47561
56179.4
52173.9
51873.1
59671.8
36055.1
56475.4
39126
78364.9
59354.9
63192.4
64824.4
44667.9
50006.7
54699.6
60308.6
44074.2
48434.6
49064.3
36324.4
68059.8
41977.1
53066.6
43999.4
37601.1
36283.8
49781
69586.6
44977.6
24453
60551.4
45457.1
46155.4
58328.9
48933.9
33166.4
50488.8
49765
48427.6
34809.3
61254.2
50234.2
84580.2
59326.5
66917.9
61915
42842.6
47361.8
53674.9
62820.2
80772.8
49152.2
43628.6
50402.4
57702.2
76889.2
44487.4
40534.9
49149.5
57717.6
40351.4
50612.9
45486
44504.8
56150.7
42623.2
50570.9
58277
46360.2
56145.2
44253
69675.1
46742
58143.4
45973.4
59646.4
44940.5
55797.4
66271.3
42121.5
49331
54607.4
46888.6
49611.3
53421.3
57976.3
56810.1
51659
45745
57608.5
55149.8
44495
58009.7
47913.2
76781.5
56402
54207.8
56157.4
45080.7
38520.4
54357.8
48104.6
41354.7
49252.7
51230.5
52346.8
39525.1
41684.3
51822.1
57379.4
40765.3
44679.5
45276.2
44564.3
52415.9
54615.6
52582.7
38128.5
59322.1
40257.2
39697.1
37401.8
48026.6
41199.9
33538.3
60248.2
45178.5
44816.3
46162.3
53910.5
56865.3
69966.1
55267.7
51973.8
35251.8
50484.6
59522.2
42849.8
34071.1
44030.4
55439.1
48342.1
53010.6
39564.5
37951.9
71218.2
49315.1
46461
55436.6
62289.2
55612
68916.2
46942.5
43865.6
46236.1
59414.4
49010.6
61280.4
62806.3
48407.9
50855.5
60257.8
66012.3
62891.6
58858.7
55724.2
60002.2
67196.8
70815
47079
59593
47994.3
42297.1
42062
39213.4
45737
48270.4
55467.6
35842.2
34069
41897.4
53824.4
48443.8
49123.8
39901.8
31328.7
65784.7
51986.6
46695.6
32810.7
52257.6
40974.6
62379.2
45684.1
46846.4
49301.7
45479.7
64938.8
33819
72096.5
44083.5
44620.7
38713
51913
46586.3
44613.9
47189.1
49616
57288.2
52392.7
37345.5
43616.4
54113.4
28892.7
48300
40071.7
45321
45125.7
60982.9
26282
38782.9
41236.2
37662.2
41925.7
53618.6
64659.3
49097.9
53098.8
33022.6
28667.6
51741.2
35091.5
53334.6
55036.7
38253.7
24645
42595.2
49505.2
50409.4
46266.6
55624.3
38579.4
42029.3
58245.7
42945.4
40216.6
43224.2
52005.8
48034.5
54379.2
37006.3
45631.4
56566.3
45093.8
54481.8
68984.2
48673.5
52819.4
36545.1
38984.5
61058.6
48238.2
53154.6
51239.3
42855.6
25432.8
47307.3
37691.3
35287.2
42561.6
47989.8
52685.3
40515.8
44875.8
40568.5
49145.2
58485.3
53623.5
61896
46449.8
56671.8
50350.8
56238.5
36919.2
57308.1
56179.4
38067.3
36087.5
26190.7
50714.2
52868
52517.5
49757.6
46476.2
48757.2
43630.4
44875.8
45032.3
33402.3
52735
33627.4
50241.9
55696.2
26761.6
37135.6
57597.4
35777.4
54069.8
74880.9
41586.8
57018.8
48923.4
54349.9
75699.4
47762.2
41681.6
43419.5
69639.8
44505.2
55061.8
44504.9
42018.8
60512.3
51502.6
37879
42099.4
46600.2
47472.5
46083.8
32373.2
47893.4
42319.2
33962.4
44875.5
65838.1
60240.6
35696.2
28608.9
36789
55018.6
56019.4
60303.7
45164.6
43939.4
37520.5
31824.4
62073.1
69374
39747.2
45804.4
35279.9
41882.8
35896.1
49803.4
41173.8
34693.7
63677.8
25539.9
48598.2
49477.9
50776.2
49034.2
52344.2
52361.5
43638.1
36965.9
76656.3
44869.8
34428.9
43035.8
69228.4
59491.6
63940.3
57130.1
50450.1
44680.4
42403.3
43629.9
61456.2
80193
39886.5
49721.8
46510.9
31994.6
41666.5
57978.6
54580.6
44659
30958.9
30332.2
40298.5
60709.7
55150.3
51102.8
27687
42171.6
44729.5
53614.6
34737.8
49945.6
29695.4
58475
34891.8
64400.9
38951.4
43800.4
34162.1
37796.9
56697.6
35585.8
63174.5
50293.8
48596.8
39050.2
49453.7
61979.1
67531.9
33137.1
59936.2
37432
59929.4
52765.1
61177.4
47788.2
35053.8
63817.7
35205.3
50433.2
51328.5
53998
47418.6
61129.1
44550.3
54375.3
65821.1
55419.2
42343.4
40590.2
65491.4
57565.5
41746.2
63330.7
34221
41163.2
40553.9
45958.9
57275.8
47795.8
52916
65035.5
68689.9
44630.2
26855.4
40351.8
57295.4
55470.6
59907
38901.9
32095.4
48525.4
69286.2
47074.9
47325.8
62004.2
60813.1
37137
62101
74074.1
48852.8
52485.4
53988.2
43130.9
44313
40776.5
43593.2
50028.7
34051.6
65087.8
62025.4
48176.7
40612.1
28848.6
31383.6
67381.5
55635.2
58418.7
53254.5
29653.4
41816.8
50462.5
36427.9
49642.2
43854
55119.8
33004
34979.9
68913.7
57016.5
37457.3
36181.4
42253.7
55962.7
46195.8
62983
48768.4
20301.4
69039.5
68553.9
62540.5
66314.5
48627.6
73210.6
56162.2
50251.4
67396.6
38960.8
55373.7
57923.4
49673.7
59933.9
64179.8
53547.1
49279.8
57937.2
48705.5
47276.6
34199.4
34097.8
57403.1
48323.2
54338.6
38665.8
47043.4
42736.6
54441.1
55084.3
44840.1
41388.1
56536.7
43391
47483.8
65919.8
66117.5
60996.1
63770.3
50100.4
47241.8
35966.5
55559.4
67834.5
50734.5
68105.8
42617.7
42737.9
40303
49105.2
44205.3
48089.2
45157
49302.1
49005.8
49446.8
46365.3
52363.8
35092
49552.9
51511.8
53831.8
53268.2
53605
44527.7
41232
41863.1
39649.6
53668
41335.3
60656.4
61080.6
62809.3
54100.6
50585.8
34430.6
72652.9
55827.6
36246.3
60134.9
44771.4
59815.8
44826
37380.1
60322.8
53114.1
57664.4
61180.9
58258.2
56683.3
66350.4
35500.1
33119.8
58823.4
51826.6
57837.6
54369.5
51484.6
45132.3
32571
48945.3
40114.1
40865.5
37622.6
45474.3
56684.5
46345.3
53174.1
62690.7
54425.7
75565
57053
48777.2
56232.2
57897.4
69405.6
61746.6
39398.9
48743.1
66822
62490
61752.4
84179.4
71978.6
48967
62014.5
80489.5
63707.6
68713.7
60242.9
48220.9
51559.8
59838.3
63219.8
75284.7
84624.2
71444.5
64569.6
66119
62016.6
84012.1
64789.1
56746.5
65296.7
62810.9
55444
76571.2
77781.1
57250.2
63445.6
72666.8
45944.5
51614.3
77590.4
71921.8
51198.2
70488.5
47563.8
70611.8
50345.3
61994.2
52524.8
58779.4
56430.6
47800.9
52844.6
47922.2
45621
46644.6
53471.2
62896.6
60329.9
46617.6
42456.8
41424.9
46203.6
52216.2
58864.1
52343.4
46624
36250.6
50164.6
45403.5
48068
57745.6
57019.4
62500
51236.2
57992.3
45645.4
54540.6
44042.9
51708.6
30463.5
53333.2
37777.5
59545.6
54086.3
79287.7
49390.5
68476.4
49486.2
71659.1
71549
46597.8
55057.4
60184.3
67407.4
60998.6
51577.4
68942.5
43052.3
41465
71751.7
60380.7
47854.2
54913.3
48855.4
48327.8
65835
56494.5
70878.6
69116.5
58560.7
55044
70760.5
60432.4
74550.2
56397.7
59449.4
30902.1
60137.6
59376.6
51726.9
40512.2
40958
73035.8
61357.8
39847.7
59611.5
70676.4
54185.7
40456.1
65094.6
50240.8
73051.5
52658.6
61057
58601.5
60000
55273.8
55480.2
53183.6
68276
69520.1
38680.9
44236.4
49456.2
52521.5
41947
59662
45624.4
50314.5
53663.9
48164.3
44070.1
55430
48892.3
51637
60585.5
43593.2
71870.6
57147.9
46308.5
60301.5
31954.3
36576.9
44953.5
44981.8
43684.5
56729.7
55531
61436.1
44603.7
42834
52500.3
62735
41103.6
69585
40392.6
55964.9
45737
34939.9
64493.3
37616.3
64443.5
46592.5
56539.3
43526
43862.5
32235
39289.4
69485.7
48078.8
43924.9
84229.1
52199
42363.8
57771.8
41203.2
40620.2
62373.9
49322.8
56608.9
33798.2
42626.2
56665.8
59893.6
46568.8
66921.6
50052.3
54902
56177.2
57261.3
43669.7
54952.4
62416.5
68079.2
59322.9
59831.9
42115.3
50187.8
61092.8
68960.7
57283.9
41213.2
45624.6
60036.4
58550.3
62225
63031.9
55266.3
50923
37428.1
38488.3
36301.9
58183.8
49330.3
62735.4
62117.8
44296.3
45225
65015.9
43668.8
55506.7
70160.2
46264.3
49602.2
59980.6
66234.2
50428.3
55534.3
64275.1
45326.5
58733.4
53226.2
54854.3
63115.7
81573.5
51065.8
46896.6
68921.1
60805.6
65544.6
49581
63051
51430.7
68271.9
75041.1
41476.5
55489.1
53808.1
63575.7
66354.4
66383
56975.4
60966.5
56383.7
61208.1
71674
63675.5
52109.8
59627.7
57714.2
49108.1
72613.8
50904
52015
28853
35175.5
48916.9
56814
44197.3
74213
66999.5
36409.1
55147.8
58734.8
57206.5
65655.8
45041
29813.3
55102.2
58287.5
52833.6
59200.9
65503
49309.9
38077.8
55965.8
56918.7
35462.2
47555.4
53824.7
61610.4
46834.4
53399.5
46781
57909.9
49140.9
50784.4
56723.9
55072.8
48077.5
45146.2
52790.3
45285.4
45597.1
53025.8
46351.5
43954.8
62902
38871.8
43063.1
34169.4
49281.4
48678.3
53183.8
48049.8
31981
25711
59239.4
28816.5
49488.8
55278.1
49301.3
44385.3
31494.2
37962.6
34770.5
30972.6
47041.7
47112.2
41170.1
42321.9
32752.6
42781.8
45239.8
41909.3
49729.7
52764.9
57956.2
40651.5
45333.5
43635.7
41119.7
59499.4
45031
56704.4
45744.7
40448.2
42533.8
56100.2
58001.3
54254.3
51705.5
65352.2
59995.4
46648.7
42082
48703.4
33926
60140.5
68209
52634.2
50987.2
55145.9
46021.8
46667.9
61125
42367.6
44299.2
47000.1
21647
41984.6
61683.7
69651
49696.6
45544.6
63607.3
45627.4
40108.3
59707.6
45889.5
37498.2
40109.4
47870.5
40435.4
33000.8
58757.5
51762.2
59952.2
36819.6
61094
32529.8
62961.3
41719.9
51969.4
48828.2
54067.4
55509.2
34721.3
41488.9
48933.4
46449.5
40520.4
47439.8
69306.8
39734.6
44993
46168.5
37242.7
39447.9
35655.3
62956.6
43712
34486.1
36463
46691.2
49376.2
47799.9
37507.4
44634.6
36234.6
30416.1
40792.9
30999
42902.9
37296.7
35172.8
56557.6
57271.4
45771.3
62135
66861.4
37627.4
43879.4
45022.9
62192.7
65186.7
54760.3
33358.9
39786.2
57822.1
39807.9
57977
41835.4
42377
65834.9
72589.7
54879.8
61777.4
36255.6
53895.3
52764.9
57646.6
54836.2
65628.4
55310.4
60763.8
48540.6
57215
44638.6
46240.1
53144.9
70531.2
35120.3
48263.8
49469
48425.2
48594.8
73659
55279.6
62347.1
52065.5
63076.8
65788.7
69413.8
59819
55713.1
62549.6
55334.5
51887.7
55951.2
48892.4
60202.6
66732.5
72650.6
58064.7
56668.2
55994.9
59306.2
61501.6
73319.3
84843.5
58275.8
63636.5
68726.9
75121.6
76009.1
66337
77894.3
79553.6
70459.5
61263.4
57510
58728.1
64504.5
62013.3
67106.6
68537.8
43482.8
59225.7
47024
45419.2
64818.7
63101
44843.3
67331.7
46386.7
64814.9
59144.7
61928.5
68310.6
66858.2
53413
54102.1
50062.1
55835.2
42834.1
51329.8
45089
59156.8
37333
42462.1
49657.5
41457.8
46683.9
57268.6
45915.4
43937.3
46722.2
46631.8
33115.3
51442.2
61620
64103.7
60129.4
38145.4
62436.7
42086.2
46534.4
42944.1
53438.5
42174.6
49879.2
68500.2
56337.8
49421.4
49728
64413.8
51213.7
56954.3
43719.7
55872.7
69031.8
51636.1
40346.3
66881.9
53113.7
65219
71879.3
51981.6
32049.2
56699.3
83635.3
62850.8
58079
46687.1
42347
51470.5
52756.2
49504.4
66012.3
48092.7
51687.2
47297.4
30682.2
61834.8
41721.4
52600.3
55464.2
67874.7
56977
29925.4
46213
60501.4
50172.6
67003.2
60603.4
49295
59980.2
77227.6
60768.4
52994.6
58280.6
43801.8
55407.6
58237.1
46846.6
61365.6
67573.6
85564.6
58148.4
67935.8
68592.4
58702.4
50734.4
62084.6
50852.7
53528.7
49294.2
63000.2
52449.5
84609.6
65415.7
35928.8
47642.8
58126.4
52866.6
55498.4
52770.2
34596.4
32826
62908.8
60553.4
47221.4
52356.3
49383.7
41433.4
37505
55490.8
64425.5
54748.9
53905.2
48775.2
53310.5
58314.1
39550.9
55816.5
53445.4
48401
41735
53448.1
44228.3
55516.2
50991.3
46922.5
65042.5
40550.5
36608.8
42188.5
42243
42099.5
48926.1
33654.5
48112.6
59634.2
62559
49462.5
36666.5
43947
32901
37263.9
58114.2
60730.6
54120.1
49391.2
43080.1
36611.9
45178.1
56736.6
42645.4
50671.2
41744
41543.8
53932.6
40925.8
60142.9
67097.8
58166.3
48284.2
59568.3
40810.2
47302.2
42317.4
34170.6
56167.1
49774.6
39943.5
55615.7
52796.6
44821.8
54503.8
59963.2
56491.4
52731.3
71463.1
54936.2
50911.2
34036.9
48825.8
45108
51247.2
56868.9
51313.1
48078.3
64093.9
72038.8
73322.1
40334.1
42559
51361.7
53164.1
52254.2
50355.6
71628.9
41929.2
48263
51672.4
54841
65136.7
74659.1
40885
49030.5
67183.7
67917.8
53033.4
44406.1
50803.2
44645.4
55878.5
51444.2
54025.8
29988.7
42506.2
43004.8
39461.4
38552.5
41073.2
56199.4
46214.3
39442.2
35584.2
43029.5
34151.8
62592.9
46581
30967.8
45672.6
66689.4
44541.2
64397.3
62391
79097.3
57145
43135.7
37276.7
43301.8
31135.8
56729.8
54914.2
36849.7
58498.2
27193
49234.6
69036.3
50060.5
62406.2
55095.3
38433.7
56250.8
42967.9
67682.7
54014.2
53899.8
68509.4
38170.2
70084.2
65911
42188.6
58742.6
43171
45735.1
53743.9
53795.4
46364.2
63254.9
64224.6
55430.7
52864
63153.4
47516.9
52503.7
57590.6
47203.5
66940.9
41390.5
67085.5
59228.3
51218.9
56774.3
49853.5
64388.1
47178.5
54301.3
58678.2
60915.3
35364.6
66503.8
52664.4
53584.4
69863.8
63063.5
44212.7
48176.2
53380.8
44537.9
70579.4
41155.3
40400.2
49015.8
64870.5
61615
69403.7
41651.8
56489.5
45383.7
66854.9
70874.2
59645.4
73954.8
54351.1
64330.9
50891.4
57390.1
57175.8
79833.2
56715.7
55234
64673
64940.9
83214.3
52139.7
56667.4
45640.6
46438.4
58138.7
72637
46472.5
53137
51651.4
52013.7
52449.8
48307.4
64482.6
53699
52583.4
44590.5
70996.4
36797.7
47500.6
43532.7
59739.4
50807.5
56800.3
44273.8
49677.8
46730.2
68591.6
44861.9
50034.4
53601.3
56491.2
43739.3
44345.1
57172.4
59619.3
58693.4
50544.8
43297.1
73342.6
63333.6
39686.1
63977.3
65639.7
82280.2
50221
47700.7
49486.6
63141.9
48850.2
64730.8
48465.6
47982.4
56704.7
52989
66351.4
53449.4
48012.5
41129.7
43901.7
58694.3
66699
53366.8
52884.3
66574.4
57599.5
44528.2
76772.8
70255.4
49022.6
51930.8
45546.2
58877.8
64714.2
61510.3
68002.6
60773.8
37693.1
47486.1
53758
61099.4
63601.1
46306.6
53883.2
46034.6
38593.2
58303.9
36558.3
62214.5
50644.2
51510
42730.8
44869.1
41445
44041
64591.3
57500.5
56777.5
60116.8
46091
62063
46151.5
46619.2
63504.5
59381.1
49173.4
72170.8
69003
58035.4
40340.4
52068.8
43981.4
57603.8
57712.9
59879.4
52978.5
50149.4
50611.2
49111.7
58965.8
69096.6
55780.4
53652.2
46841.1
52533.3
66775.7
60634.6
43726.6
56106.1
56107.4
60102.3
66806.8
52965.4
26662.3
60581.7
52792.1
58534.8
59008.7
36090.2
54448.5
41845.7
40707.2
45345.1
44304
46652.9
54871.1
43204.8
38444.8
74419.8
45937
35718.9
42450.2
37348.1
42587.6
40046.4
44128
43961.4
29869.8
45422.6
41104.2
41375.5
29393.6
43860.1
49535.3
29456.5
36563.9
20246.3
35405
52101.1
54529.5
58943.2
27603.8
38443.1
27787.3
53483.7
56988.9
47637.3
38262.9
26088
46371.2
44776.3
31576.8
54673.3
40565.4
38139.9
49769.8
38775.8
49369.9
45312.2
42377
51261.4
52994.3
49875.3
32298.1
49205.1
60325
49935.7
39193.7
46911.8
42739.1
46859.8
64568.7
65764.6
49459.1
31922.6
48960.5
45925.8
56384.6
44105.4
48052.2
45075
60040.6
47241
40673.8
49445.7
38714.6
49230.2
50353.2
58844.7
37606.3
47179.4
48284.6
54867
21693.1
38576.2
49804.8
47554.9
29335.9
38393.5
50160.1
51464.5
50990.4
38862.5
69503.3
53192.8
47565.4
47321
46801
33939.5
38325.8
58521.4
51458.8
44004.3
39583.2
28142.6
45766.6
45565.4
30508.3
38941.5
49143.4
36862.6
53237
76442.2
52383
50252.5
53557.8
50985.4
57138.9
38079.8
49476.2
51920.7
49967.8
54166.3
62439.3
48174.1
54061
62219.1
71064.3
61340
48999.9
58308.6
69494.9
51761.6
56505
60117.1
68862.8
67277.3
55114.2
44804.9
52353.8
71594.2
71970.9
65670
68021.4
60526.7
47455
36993.5
47570.4
49670.2
56662.4
50723.6
47923.8
65489
57831.5
40021
69319.4
67379.3
45511.2
44398.6
56897.4
42520.6
43434.1
55636.6
53924.2
66451.4
52848.6
52639
61780.8
55661
63535
53225
57155.4
50713.1
51363.8
53520.3
54935.2
43267.1
38009.8
36299.8
60751.3
41261.4
57917.9
59815.2
54056.8
44534.8
51993.4
42727.4
50854.1
51905.4
78836
70396.6
50375.1
60594.4
49802.6
62767.5
37161.9
38184.7
60402.7
65617.3
61189.2
66777.5
36348
58975.7
50487.8
45955.1
60828.3
70867.8
65977
67366.2
67512.6
42643.3
40511.1
47933.3
46973.8
44603.2
45988.7
45189.5
37961.4
35940.3
31500.7
41136.6
47267.9
71551
43488.2
39027.4
43561.9
40477.6
46773.9
51173
38456.3
40964.3
59066.9
37773.8
32728.2
49151.8
38469.2
44509.5
45768.6
60380.5
50123.7
50552.2
40392.7
60133.4
43459.2
64507.5
59965.4
51977.8
39276.5
69616.3
55688.1
48549.4
56000.1
47389.3
57181.5
49639.8
48783
55944.1
70849.4
68725.2
62993.7
47424
54093.4
56284.2
53587.9
60228.5
54953.9
31881.7
43017.4
44663
48945.2
74467.2
43005.9
50435.8
62599.1
50330.6
64190.6
75076.2
60321.5
52145.8
67756.1
52652.7
58312
35462.4
36535
61534
53088.6
75584.6
63758.2
45880.2
66783.8
54364.7
73085.5
72491.4
64504.2
52585.4
39916.2
57233.7
60710.7
51296.2
88234.2
46219
39552.3
79037.8
62991.4
50571.3
43606
55643.9
64466.7
63463.7
54831.8
61993.8
48933.4
46159
64072.3
38557.9
62279
75999.7
61520.3
37527.5
49950.2
56479.1
72059.2
55835.9
36809.5
47946.7
68268.2
74997.4
62888.1
75459
54277.9
57400.7
46697.9
71241.2
77265.5
53874.2
60791.6
55007.8
50153.4
59826.5
36577.8
51871.1
45878.1
54011.8
44760.7
44089.3
65529
62960
67011.5
51542.3
51456.2
63175.4
37249.3
36449
63583.6
52138
45399.1
43226.3
43969
29648.7
55444.5
29561.6
45785.8
56957.8
61638
37571.8
41681.7
67869.4
42326.7
34633.5
39349.4
38144.5
62813.1
37349
55949.3
36222.7
65183.8
45337.6
42382.6
48682.9
62720.7
32680.6
39216.6
56780.2
40941.1
64691
44679.3
41302.8
42415.8
67278.8
48056.1
51180.8
36230.2
60585.1
41876.2
45953.4
56831.1
55577.6
58147.8
47269.5
58062.2
37061.6
55799
59420.4
43844.4
44183.5
61545.8
27365.4
50385.8
54924.9
60121.6
58128.6
66272
52256.6
54995.9
56331.6
75923.9
69157
48343
58622.9
60928.9
54796.8
62311
75644.3
75229
50253.6
57577.8
69526.1
52792.2
53797
53246.9
47083.1
63346.3
72977.1
46525.5
55385.4
69921.6
49905.4
67519.3
80768.2
43340.7
42404.5
41782.3
53202.1
43901.4
47943.4
60167.2
58754.4
55702.5
55455.1
54007
44186.7
43809.8
65179
36899.8
48321
58089.8
56782.3
55355
40174.6
30924.8
53716.2
53200
46938.5
53634.2
52817.8
55860.1
66568.6
38464.8
51992.9
47591.1
74797
70617.3
84656.6
59477.8
57029.8
43084.4
47965.8
61361.6
73088.4
78384.6
82604.6
61025.2
48680.5
63326.6
60756.2
73974.9
76895
50035.5
45787.4
68256.9
54832.2
59394.6
62764.4
62839.6
69908.6
45588.8
46222.7
61912.5
57672.4
66589.7
70862.5
73193.3
57552
58610.6
70022.7
54462.2
71052.2
52927.3
57227.4
54375.5
43306.1
64259.4
73971.6
74230.1
58141.2
58153.6
52333.4
58124.5
62050.6
58589.9
64593.4
50054.1
43439.3
76888.1
67282.6
62424.2
76983.6
67698.9
46636.7
51692.3
81594.8
39601.4
54343.3
43544.5
54863.5
55465
63975.4
72103.9
52547.1
57144.5
34443.7
36493
46129.2
52119.4
28005
51548.3
33716.9
40803.9
57811.8
46585.8
53299.4
55676.2
53800.7
31304.5
38519
52505.5
50069.6
39857.8
48951.9
41220
56134.4
63157.6
36711.1
50418.6
54629.9
41222.2
39593
25867.8
54579.7
51880.1
59528.1
56365.5
41704.5
38802.8
54658.6
51300.2
44059.9
42871.4
50023.7
35633.4
46474.6
52210.6
44409.4
63094.6
35478.1
34548.2
28728.8
32935.4
49557
65193.8
57974.6
33341.8
59895.1
36923.6
46271.3
57620.4
50539
38171.4
50387.2
37036.9
43582.3
58692.6
36817.8
43320.6
45911.2
31888.6
28112.6
42074.6
38821.4
70129.7
36182.6
34848.2
45306.8
31428.6
37213.9
63390.7
53329.8
59592.1
52613.4
53929.2
63600.2
60762.3
35048.2
46913.7
55856
71288
74831.3
42387.4
33324.7
59432.9
66318.6
39207.8
53718.4
55936.2
36376.5
46105.4
45850.4
59744.2
69300.8
41642.6
45019.8
50132.3
51548.8
57449.6
46529.4
69853
38343.4
46667.9
51241.3
55910.3
70985
52567
39770.2
53439.3
48170.6
36130
57294.2
46134.9
61162.1
46148.2
64159.9
40618.2
44370.9
47826
42213.8
63955.7
42686.6
51679
67920.1
48478.3
47418.7
54139
39191
63980
66715.2
54677.4
63134.3
54677.6
41768.2
44571
47222.3
50092.2
54874.9
50107.8
52455.9
55333
39405
57041.5
60607.1
45463.2
49017.2
49011.5
43311.4
51807.8
62866.5
39066.5
75605
50876.3
54466.7
54551.3
43030.7
50528.2
59484.1
49846
63918.5
57627.3
45161.5
54784.2
47937.1
72789.7
55551.8
42987.2
43068.7
55765.6
37072.6
55185.4
48862.1
53424.3
43471.4
36031.9
43931.6
31760.2
44187
66708.9
50333.7
57216
53384.6
64550.5
44729.4
57932.5
54018.3
29494.6
42240.8
64239.8
43405.8
42149.1
44041.5
50177.9
34654.1
39741.4
56117.3
74149.4
65899
42126
48433.9
50021
36810
47213.8
54216.4
57243.3
43155.9
67446.6
52707.8
43043.7
60543.8
45412.4
65718.5
50448.6
48170.6
45073.4
61943.9
59568
52353.9
61985.2
47009.4
35039.2
50508.3
61328.2
54970.9
37720.4
48151.4
40899.2
57879
46981.1
61254.2
44460.8
48628.4
48131
47746.6
53127.8
64133.7
46714.4
36279.8
61949.5
41374
43094.8
57134.1
62980.5
64122.6
46368.6
49890.5
53698.7
49145
48262.2
42883
42252.9
44595
40003.6
48814.4
45806.3
38679
32324.3
50102
37091.7
50217.5
57663.4
38187.5
80669.4
30924.6
48920.2
59113.8
63095.3
29214.8
48430.5
41702.8
35710.4
41796.2
50737.7
34044.1
41083
69309.4
40268.4
31080.8
34918.2
53772
48885.8
50247.4
45618.1
41866
34058.2
50691.5
60706.6
41096
46187.1
44786.3
67483.8
31872.9
33691.7
41130.3
52337.8
55443.6
37853.2
43275.9
62790.9
42208.2
47316.4
54848.6
37686.3
42217.5
45248.2
49302.2
70943.5
41535.3
50628.5
59175.8
59527.7
50801.7
53296
69987.2
54665
63299.5
45137.7
55716.8
53824.9
55995.9
48156.5
51418.8
66342.6
56845.8
52921.6
31799.5
35764.8
51357.4
59445.1
60636.9
47285.1
52898.4
53142.5
32688.2
52929.6
47883.8
60842.6
64989.3
38831.4
55271.8
45320.9
61682.5
41949.4
43633.4
30070.9
45415.5
50251.8
52558.3
63120.9
65260.7
51316.6
41395.8
38132.8
72872.4
52912.1
52332.7
78862.2
35010.2
38204.6
53238.7
48380.9
54731.8
52572.5
44995.9
67607.6
45779.1
55664.2
39591.3
49128.5
34224.6
62168
44646.5
37587.5
60558.1
33168.1
63296.9
64363.4
68609.5
43333.4
49897.7
35497.9
32109.2
46813.2
61931
55126.8
55292.1
67313.8
58392.1
44603.7
44669.7
67091.8
29862.3
52310.2
54449.4
56219
56400.2
59883.2
29392.3
41291.4
70392.2
43959.3
61521.5
59039.9
76875.3
53244
48931.7
61165.8
32090.6
48076.9
50181.3
43519
49992.1
45038.3
59286.9
61000.2
51756.3
63846
52636.3
44389.8
45612.3
70804.2
78463.4
59187.3
69016.9
56337
44787.2
64916.2
52688.1
76807
48633.7
43853
45055
48103.8
46928.5
66286.6
45057.9
54788.6
41429.8
59248.2
54920.2
45838.6
55155.3
41276.5
39513.9
51827.2
43957.8
41443.2
75102.4
63426.2
66918.4
30513.5
71457.3
51140.5
61206.1
70958.5
42160.1
70648.6
44594.1
53549.8
51299
52568.1
41198.2
44628.2
61469
39764.9
64295.9
45712.3
45298.1
51372.6
49772.3
48821.5
69740.4
70339.5
32571.4
54151.9
72654.6
73395.2
74926
52116
35121.4
38170.8
60617.6
39628.8
82478.2
58628.1
68526.9
49883.3
41785.8
54665.7
57138.2
59473.8
43751.4
51484
44605.5
62834.7
60187.2
45371.8
41359.4
37491
28816.9
41411.4
54603.4
83144.6
65383.4
46748.1
33436.1
24771.7
50017.1
37410.4
58892.9
43762.6
38855.7
47778
42021.4
57052
47850.2
54334.9
41984.6
47217.3
55475.2
40188.8
57950.6
72279.4
54429.2
39180.6
54127.8
41895.1
70912.5
44239.5
44969
38821
34288.2
35981.9
55999.4
47662.1
56961
47018.9
37821.5
45949.5
49809.2
58429.5
47108.7
52065.2
48078.6
48561.4
44508.7
40695.4
54549.2
34114.9
50155.5
48879.2
49807.6
35955.9
44137.6
39186.1
66769.4
58645.3
61240.1
51416.5
45933.6
46324.3
33932.5
44573.1
50171.1
44678.9
59581.8
46408
50851.1
42660.5
34166.2
41490.5
53460.1
53882.6
51798.6
42319
59013.6
53189.1
66902.9
48651.6
60058.4
27929.1
46836.2
41607.6
54329.2
45100.6
57940.8
35774.2
40473.3
46881.3
40837
34340.5
29381.4
28616.2
44398.3
52487.2
56969.1
58748.5
62258.8
53538.2
54052.4
64180.1
62238.4
37554.7
42212.7
41937.5
60087.5
42746.9
47626.2
53923.7
41982.2
39585.2
50502.2
62591.4
49733.3
77814.4
64771
49878.6
46889.3
46951.1
60821
43841.1
47718.2
69969.3
66193.7
50440.5
39041.6
36460.2
44973.4
48140.5
51848.6
55089.9
32751
33248.2
31006.1
33137
52772.6
49439
35442.3
46104
45999.5
56506.2
35918.9
62312.2
46389.8
55195.4
36507.5
33987.3
44110
44714.7
43012.6
55612.5
46489.2
47466.9
53402.2
43843
34105.3
58774.2
33081.5
43301
71395.7
57139.5
55127.7
51405.8
46946.4
53717.8
51542.9
42828.1
54855
50730.4
40471
49544.9
40499
48131.6
51025
52397.4
33683
45847.9
48235.8
39277.6
53100.6
48855.3
36310.2
34318.3
60866.2
37106.7
50449.1
53169.6
42012.1
41770.6
68510.7
39614.8
48949.2
38304.8
47720.2
46492.4
38630.2
41385
46026
27522.3
48845.1
53421.8
60705.1
40651.2
34524.8
52684.2
43319.4
41669
55121.3
46271
38454.1
41008.8
36542
36574.4
52221.9
48861
45645.9
66328.6
39124.8
52116.1
33688.7
51702.6
45507.6
55919.1
28165
31869.8
37150.7
64247.9
37045.8
62121.9
47043.5
41061
51649.4
39741.3
41717
42921.9
38276.7
48850.3
49995.1
72336.6
51866.1
50648.6
46575
41870.3
36623.3
31906.2
36942.3
36510.9
50675.3
72824.1
58005.6
36144.7
51258.2
53798.1
31020.1
46639.7
37615.1
41211.8
66301.3
55750.9
40496.5
41174.8
51861.3
45125.9
63370.5
68585
62733
41479
33461
36596.6
45968.1
48330.6
50820.7
29231.5
40154
33227.3
57482.7
64681.9
54430.2
45167.5
29856.4
41319
53790.2
51281.5
54504.4
42462.6
38669.3
40067.9
55071.4
68978.8
41049.8
41442.3
59055.7
61110.9
47189.2
49991.9
50581.5
38695.8
41314.6
51451.1
61927.9
56519.1
63251.3
53865
42523.8
38771.4
59427.3
43559.8
37108.9
51045.6
69083.8
48500.6
74116.7
54242.2
58468.9
60911.7
34319.2
45202
43936.9
54242.6
55719
38791.3
63359.4
36918.1
39509.3
61731.9
54466.2
65097.7
65769.4
50405.8
51124.2
51048.2
50094.3
58299.9
51389.4
54261.4
55719.5
40940.4
46131.2
70054.4
80894.8
55880.2
34983.2
49482.5
52123.6
61136
55980.4
41147.1
50678.8
58448.9
54168.4
30487.6
72401.1
49544.8
41915.4
36559.4
52056.3
48023.8
52687
51674.5
56272.7
59902.5
47050.5
31147.3
63013
54848.7
61020.1
52376.9
40736.5
50883.4
71070.4
66933.6
52409.3
52805
49986.2
82435.1
67485.3
52807.2
67031.1
55926.8
56706.6
39572.6
65922.7
59922.4
58150.6
51469.9
50465
43744.2
52814.6
47068.6
51469.1
56475
66493.8
77103.4
70172.5
53591
54300.2
66291.4
50548.8
50787.3
58382.6
48299
79928.1
60986.7
75418.6
52777.2
47493.8
46967.4
49983.4
54219.3
50789.8
57961.9
64488.2
66791.7
51653.8
77120.7
70384.1
64345.3
61152.7
55545.4
46561.8
59850.2
62920.8
55170.2
62195.2
69929.7
67293.9
56186
80633.1
77779.5
45347
61354.2
60761.3
54678.2
50601.3
36258.7
58869.8
34937
53946.6
42322.5
49165.3
51707.4
52160.9
55602.8
56353.8
84287.7
67450.3
77641.5
50647
54652.2
59646.2
61595.1
52606.2
47995.1
76103.7
67745.6
41326.4
63250
73126.2
39177.2
51933.4
60726.1
45731.7
55035.4
50144.5
40189.8
50649.8
58389.1
55257
37607.3
38384.8
45167.1
67246.8
71919.3
41695.9
35048.1
50043.7
31168.5
47422.3
59744.7
56800.5
59659.7
41316.4
36282.3
44260.5
47168.6
49091.8
40362.3
70955.9
41607.5
53140.8
47060.9
46130.5
60979.5
60727.4
43500.3
42683.2
29872.2
57907
56593.9
37050.3
51493.4
39191
34013.3
65479.9
65792.9
45479.5
42493.4
54042.5
44728
59604
50886.6
70863.2
50952.6
45531.8
52570.1
40350.7
44661.4
33060.2
59480.4
60527.7
47149.4
51442.7
39879.2
49578.2
58378.9
53422
40945
54412.2
51817.8
57004
56805.8
68393.8
39611.9
43918.2
63897
71319.6
44118.5
64558.4
54835.9
71492.4
62853
52539.6
45936.6
62292.9
46692.4
52808.5
58667.4
73821.9
54771.7
41588.6
47392.7
36024.2
40745.5
62206.2
74449.4
38587.6
33369.7
60889
50424.1
41334.8
54464
48308.1
27358.2
45648.9
29388.6
41788
35755.5
54904.6
53015.9
57777.8
32868.4
55259.4
63084.4
41079
28547
40340.6
60099.9
42432.9
30020.9
28220.5
34420
35228.2
73967.5
50168.6
45198.2
43064.6
43100.6
39188.9
50055.4
46612.6
52537.9
57682.7
37851.9
30713.3
49501.3
36784.8
47061.8
25658.3
43540.2
48273.4
40084.7
48352.8
38974.2
35378.3
46065.7
47750.3
48260.6
49671
37913.1
39602.1
43125.9
52027.5
40334.9
36843.9
47245.4
31664.3
56504.6
51855.5
56939.3
52358.2
46157.8
24008.8
34449.6
30612
52112.9
44329.2
42421.2
33104.8
48704.8
38031.3
50431.1
37278.6
45021.9
45446
51236.8
49112.2
56479.6
68400.3
52748.6
37650.5
43782.3
50206.1
42303.4
38156.5
32868.2
51925.7
40464.2
54354.4
40544.7
33153.2
54673.9
65328.4
27191.6
40558.9
42469.3
52096.6
41279.7
57483.8
39677.8
33770.8
51013.3
49803.4
43495.8
49722
66302.4
30711.5
46453.1
45155.1
36373.6
36130.5
48045.3
54466
47846.1
30449.4
31797
32088.4
45253
54353.7
43218.4
45887.8
45231.8
36074.7
40159
43038.6
49441.8
52636.8
37846.8
37596.2
38387.4
53611.5
40105.4
51069.6
70997.8
39578.3
52467.7
38581.2
43578.4
40732.3
49131.4
34122.5
46703.1
48225
36829.1
50718.8
37789.1
39763.8
35464.5
38066.5
68107.2
50891
55097.8
39191.4
46330.2
47219.8
56382.5
53522
51419.8
23831.5
47146.2
36664.8
37869.6
53901.1
56887.5
54120.9
32527.9
54588
49345.9
41921
52802.3
33806.2
44889.8
47336.9
78104.5
56954.2
40340
59466.3
36923.6
73650.8
46039.4
36101.8
39720.2
41505.2
35661
69001.8
71782.1
58282.3
56322
29966.2
55668.3
35865.3
60984.6
61199.8
61479.8
36557.8
57770
67977.8
59776.4
56598.7
44944.5
70599
61976.2
37110.7
65053.2
63199.1
59691.9
60885.4
39432.2
51054.7
52856.8
74441.8
49608.2
61697.4
48579.4
56545
39760.9
49164.6
56199.4
66679.4
54001.6
50580
56372.3
49421.8
50055.7
68180.5
46855.8
44494.2
43512
59736.5
36137.4
50888.8
46534.6
60519.8
63508.6
42031.2
61543.1
38642.6
49164.7
66814.1
54017.9
49395.7
54621.8
38982.2
58208.6
72441.7
35791.4
58928
58666.5
53383.5
35643.3
57445.4
48186.2
59901.3
65313.3
58907.8
51411.2
45844
65980
67170.6
61944.6
38590.9
30918.2
49212.8
72903.4
53787
72162.4
49636.3
44454.3
64661.2
49069.2
43437.4
46411.2
59233.6
48497.9
72806.1
64490.4
46501.5
53927.4
54194.2
51273
54413
55757.2
53727.7
41426.2
38847.1
61583.5
64891
47363.5
56589.7
52632.6
65212.8
70963.1
48884.6
33295.2
24811.6
69371.7
40361.6
59133.8
84136
49304.2
47701
35723
55125
35962.5
58971.8
56267.4
54805.5
46147.5
41929.8
50933.6
48043.4
66020.6
69375.6
66623.7
48602.2
54656.9
82245.3
54116.5
57540.8
42826
50208
57430.6
60079.5
52275.3
62912.8
48388.4
47758.5
48521.4
71939.4
66222.7
77315
43599.4
43460.2
67801.3
55128.9
61818.7
56504.9
54196.7
37436.3
57721.4
75137.5
59354.9
49408.2
54965.2
52868.2
57373.1
45578.7
63715
61164.1
60822.1
44334.5
62726.3
48261.8
64213.6
55600.2
52459.1
43019.8
45937.4
38090.7
69093.4
67473.8
69396.4
52839.4
48813.4
42864.2
55153.8
48879.4
48884.2
65832.2
61775.6
43489.4
57453.7
54956.6
48300.6
44983.9
30623.4
54451.1
46804.6
43640.9
35151.9
50598.8
57358.2
41183.4
68033.6
37881
40404.2
40492.6
49431.2
55706.9
38393.7
66353.4
47350.3
44279
58008.2
46343.9
55001.4
67820.2
56386.6
48780.4
35481.9
60367
54493.1
58127
36352.1
44797
41924
35931.4
35072.5
61776.2
67741.2
59392.8
44562.2
65251
29907.9
46601.1
57064.4
44480.2
62699.9
44748.6
35555.1
47807.9
34911.6
51508
58942.2
57262.9
49390.3
47780.2
31290.3
52563.4
33833.1
51103.8
66705
38194.7
44929.8
43346
43223.4
36547.4
57257.4
56367.4
60098.8
33795.4
49689.5
49397.7
71907.4
26687.5
51623.9
37833.8
51324.2
57436.7
82829.6
58403
66982.1
52280.2
32733.3
59328.7
55238.5
46424.6
32679.5
45561.2
42580.7
50643
53200.1
56969.2
45385
37804.1
63577.3
57313.6
49789.6
51885.8
38767.4
43676.6
52119.3
42312.2
46537.3
55637.6
74999
56362.4
50401.9
41831.2
37201.7
58362.6
67291.5
53162.1
45627
63033.8
66456.5
79864
85294.3
61558.7
35210.5
43621.9
54309.4
50001.2
59492.3
57634.1
54478.6
56065.4
68700.6
45851
46177.9
67319.2
63545.1
62395.8
47423.5
61618.2
48930.9
47519.8
59437.5
41980.2
52485
51470.2
49023.1
54194.6
67204.8
56267.9
48584.4
61310.2
52418.4
48297.8
46660
53636.9
59551.3
44719.5
61183
53782.8
63595.1
53110.5
47109.8
48622
55368.7
58999.8
37102.7
52607.4
67242.8
65946.6
77211.4
47014.3
34122.3
47617.4
53992.5
56794.3
40871.8
56108.9
53939
38896.5
50973.4
57005
69749.8
46440
43811.8
45991.5
55378
56387.8
48324.1
48329.4
58064.6
55088.6
46652
48380.9
47618.8
48808.5
42287
38549.2
54450.2
52784.3
52463.1
38652.5
68598.7
41565.7
54101.3
38688.6
49681.2
61471.7
58464.3
49924.9
32981.2
55569.2
43098.1
50881.7
54435.5
57881.4
54065.6
49048.2
52130.2
45787.2
56146.2
54028.1
57624.3
57018.2
68730.2
45900.1
39250.2
45953.5
45636.2
64549.4
53256.1
62837
46355.5
60588.3
58764.3
46684.3
45539.2
55468.6
46851.4
53499.5
38279.4
76062.5
58301.7
58560.1
32500.6
41960.6
44685.5
61729
75936.1
51382.1
55742.4
51048
55673.6
40251.4
74146.3
61932.2
61893.9
41980.8
41265.6
34638.8
57775.5
72539.8
41274.2
56231.4
38377.8
45890.1
52326.7
49983.1
46849.4
35164.8
51900.1
38907
35537.4
50509.4
58684
48936.8
51826.1
44226.2
40182.5
73670.6
48009
45059.8
50800.2
53915.2
68635
63211.8
45101.9
48886.2
64339.6
73676.6
67921.1
46873.4
63616.9
58492.7
45386.8
60778.5
53291.3
72209
65786.1
48251.4
49178.3
49757.1
67504
51355.4
57400.9
43526.4
47942.6
57935.3
54621.8
52742.6
47292.2
60154.1
53366
38081.2
60290.9
39741.3
64113.3
79960.2
51692.3
58423
52168.8
35154.1
47056.9
60044.9
39948
62837.5
58071.3
61163.4
43257
59260.7
48302.4
48948.2
65516.5
63570.2
45804.2
52530.8
55138.7
43836
84692.9
60385.4
47954.5
49363.2
62167.5
48536.6
53738.9
64119
51097.1
56959.5
45866.6
59762.6
52893.7
64643
75029.8
73128.8
40128.2
62671.3
74747.2
46711.6
71392.6
64202.5
76611.6
70193
66709.7
49741
40357.9
84993.9
58537.3
47189
70589.4
60308.6
62292.3
58632.2
62482.9
59691.9
49010.9
69307.5
62376.7
45925
54049.4
65881.5
75812.7
65096.9
52976.4
68931.7
66302.5
44059.1
64645.5
55353
44447.4
77909.3
56115.2
37002.1
59915.1
41447.1
43393
45212.6
39099.6
59598.4
50360.8
55314.3
52347.6
49707.8
37217.7
44433.7
35525.9
42243.2
49218.7
54930.9
54761
49545.5
37229.5
56926.1
52628.2
49705.3
43461.1
21261.7
65096.6
59746.5
78203.5
48626.8
36422.6
43616.6
43122.4
44907.8
31743.9
46511
38741.4
58280.5
42119.5
63463
48857
39453.1
69746.9
75614.2
66745.6
50078.3
58923.4
47395.7
45616.9
56796.9
63026.5
41424.2
43027.6
44668.5
53417.8
45492.8
56250.7
51296.7
49137.1
49684.5
35656.6
40437.2
48202.6
37840.6
44576.2
22626.7
39561.4
43033
47257.4
69766.4
28941.2
47737.4
31028.6
45954.9
43929.9
41381
48775.6
36407.3
36129.1
32231.7
44374.6
51049.4
38708.9
44140.5
48137
30759.1
52331.1
39576.2
48505.8
48956
35630.5
46892.2
40376
52351
51241.4
52782.9
45834.2
45211
22878.5
41421.2
49719.1
30878.1
47729.4
62758.4
64659.2
37165.9
50501
44986.4
36910.4
30500.9
55741.3
55490.7
55098.1
64158.5
49730.6
72451.5
53324.2
50013.8
47356.3
66566.7
35668.6
34340.9
53626.2
43959.8
48854.1
79549.8
35951.8
48003.4
39842.5
42111.4
59390.2
46159.2
48011.8
44843
33737.4
43831.6
40569.9
42341.1
41185.1
54252.3
33258.4
44313.2
51487.9
46587.3
59086.6
32582.9
28456.7
31881
56596.4
80262.1
41943
43277
37017.8
35573.3
43494.6
42974.7
53761.5
46682.2
41530.2
47176.6
53643
33348.6
41557
39711.4
52246.1
57477.8
46832.6
37368.7
49270.3
64639.8
35641
54588.5
44612.2
65990.4
52408.2
58387
54675.7
46168.2
27853.3
48801.9
47815.8
55512.8
52702.4
44931
43705.4
35525.7
42864.6
73851
60580.9
34163.6
40216.6
41728.4
45280.5
48014.6
43976.2
39694.1
48481.8
31267.5
66205.2
41955.1
47615.4
49657
40830.9
34980.4
40150.9
58606.2
62759.5
52146.1
38762.2
31829.2
39190.3
48538.6
55295
32073.9
36648
24224.5
47829.4
30019.5
41326.6
53652.7
45947.8
49316
51304.6
48855.5
40415
35252.8
44735.3
26026.2
29083.2
44592.1
44061.4
38215.2
30567.1
44046.7
55402.1
60789.1
27089.8
36803.8
36764.2
42367.3
40161.8
47962.6
51293
45766.2
34415.2
45768.6
29855.9
34639.7
56459.5
51974.1
37415
28853.6
58862.2
42764.7
39739.8
49769.5
65522.7
41539
33837.6
31082.3
44189.9
47356.6
53142.1
50538.5
52134.8
39418.7
46935.3
38766.2
41462.7
45346.6
56126.8
48081.9
38720
56741.7
55120.4
38516.4
46380
54336.5
79195.9
49152.3
33233.7
45563.3
57997.7
44697.4
51061.4
41288.2
43161.1
50953.2
57490.4
50469.1
65129.5
59376.3
74032.2
34485.5
62065
50487.2
55477.5
65498.7
81970.5
55739.8
58298
45918.5
37937.4
61796.4
73828.6
58837.3
53198.6
38400.5
53571
63581
73408.4
54273.2
60153
49713.8
55658.9
38664.8
68244.3
72042.6
73484.1
54724
52670.5
63068.5
60661
59514.7
54058.8
64857.2
62773.4
54407.2
57598.8
49040.2
44004.7
49550
46057.1
54987.4
73738
38760.6
52920.7
71061.4
39578.9
62801.2
51961.4
52935.8
58959
71828.2
45363.2
50917.1
46880.3
59671.8
47023.7
54839.3
46447.7
45922.9
48442.3
58985.9
69971.8
72305.3
42436.6
58537.8
43656.2
64250.2
68459
56016.6
41971.1
46794.4
63883.7
56448
69967.2
60719.5
55452.1
55089.4
44538.7
64253.5
58901.4
66963
35985.2
54511.4
64898.9
55696.4
47230.1
48113.7
37384.5
46891.2
81137.7
50897.8
72850.3
79702.3
66184.6
50623.5
70898.4
55181.4
59847.6
48080.6
62206.2
70910.4
62360.6
49294.2
53553.5
64658.1
57651.4
51295.2
79260.2
49700.2
74414.9
69153.9
58917.6
69234.2
52643.4
54374.2
49353
50306.2
59725.8
59682.5
41510.8
51060.3
45018.9
42816.6
60839
48056.8
54447.9
71860.7
61514.8
44722
37692.7
42372.1
39906.6
46190.1
43465.8
81100.6
61118
50467.8
60840.2
55326.2
43522.4
67200.4
51156.7
67929.5
61178.4
60761.1
50526.3
53451.5
48104.6
52657.3
64278.7
49809.2
54162.6
48772
35957.4
40498.2
43848.9
46920.9
54187.8
42435.1
58930.6
40390.5
34413.7
54930.8
27805.2
46878.6
34499.5
54201
52486.2
48978.6
62576.7
32297
48581.3
48304.3
37587.8
56159.8
70642
60222.4
40571.8
44389.9
53383
45235.4
65299
33008.5
36093.8
48926
43672
47171.9
51045.8
49961.7
54973.4
31652.4
38154.2
59072.6
52585.4
42338.5
65717.3
47727.8
58275.3
41580.2
34755.7
46162
42594.8
49991.6
48941.2
53382
37105.7
58734
37936.3
55113.5
34235.3
50031.8
46031.8
36406.2
41491.4
38416.4
63193.7
70642.4
45268.5
44878.7
47845.9
45907
56532.8
47314.2
54121.9
49409.4
36139
32152.1
45501.9
76615
33085.8
40359.9
35755.2
45590.2
54853.8
62321.6
44727.9
37883.1
30702.5
39457.4
57863.3
58854
42911.5
58709.9
46467.6
39165.4
46790.7
36195.4
55003.7
52707.4
46502.8
36704.9
49084.2
36840.6
40955.4
46171.5
43514.6
51847.5
65820.1
40489.3
44139.5
31951.9
35152.9
58361.2
59218
38025
36655.5
39768.3
33229.3
66970.6
59250.8
59357.8
57394.8
53724.6
53789.4
32831.2
54762.1
65677
51645.3
60437
65799.8
44581.4
56684.7
59482.6
62758.6
69604.4
44131
59165.8
60250.1
48099.6
54564.6
53906.3
56047.6
42227.1
47191
56818.1
39669.3
59354.2
61486.3
68187
53278.7
46175
62900.2
58286.8
36808.2
64015.8
58111.4
49868
48638.2
40897.8
52304.5
37841
49628.6
57514.7
38891.4
46815.4
53749.8
42692.4
39149.4
52960.7
70707.4
57266.8
46227.3
57734.6
40504
39161.8
35875.4
53732.2
57266.9
51846.1
39912.6
66361.8
38273.9
57889.6
25616.4
52528.3
57207.4
37566.9
36700.2
43314.6
43431
75497.5
67696.2
55653.9
58520.2
45449.5
28867.3
49184.6
53201.8
39663
26019.9
54481.3
34353.7
28923.1
46601
37604.8
39818.6
29271
24505.8
38188.1
55043.3
33232.4
44143
42435.8
62926.3
29535.3
34673.8
32141.9
28511.2
34842.2
55573.1
39332
43021
48460.5
57524.6
40309.7
29675
38397.9
39371
47455.6
27454.2
31518.3
35335.9
51500.6
41739.8
41127.5
52314.3
47151.4
30125.8
37290.9
54592.4
39799.6
46550.5
38666.5
61057.4
46764.6
39708.8
46839.8
37253.8
55522.6
67718.5
52259
46185.2
50437
32059.6
67237.4
48804.7
51023
64436.2
51277.4
55950.4
52245.5
39875.8
49837.7
54920.9
36859.2
64578.4
54249.4
49860.9
55040.3
60429.5
53450.3
54494.5
34771.2
36968.8
55747.6
51593.5
56186.9
52033.3
51639.8
35506.7
50738.3
44986.1
66114.6
57094.4
41868.9
44864.2
43892.2
46932.3
58203
62395
49741.4
49811.8
45160.9
46266.5
42944.2
45629.1
71173.4
33351.4
60490.6
66045.8
43201.5
48332
47983.6
29803
49578.8
54055.9
62430.9
46681.4
30800.2
58754.1
40494.5
36801.9
40868
51952.1
53237.7
60563.6
64610.1
46579.6
49724.4
49489
40540
41703
41529.7
60714.5
42101.1
41640.8
60215
38602.9
38655.2
52838.6
41306.7
41809.9
31620
47280.7
38008.6
59960
38719
42045.2
33501.6
45542.3
52679.6
36112
29581.8
43499.3
35009
44967.7
61429.1
49285.1
53536.1
39787
43067.4
38642.6
54883.3
36675.8
48807.7
46360.1
49078.8
35616.6
38099.6
60367.4
43310.7
53087.6
42755.2
36877
38993.8
30201.3
60553.9
52171.7
56748.2
20803.2
24675.5
47752.2
61463.2
53507.6
46102.5
49547.2
45093
46390.7
47162
63959.3
45576.3
49167
54290.6
46061.9
51927.9
42268.9
31870.7
49139.9
44186.3
51135.8
63088.8
53643.4
44074.4
59200.5
32612.2
55525.4
62186.2
49988.2
57778.2
56593.4
43196.5
33127.6
55177.5
75752.9
49660.2
34426.2
63215.8
50981
33838.6
41370.8
73868.5
72832.2
52652
45674.5
47843
44518.8
47833.8
47700.2
43192.6
52919.6
60056.1
49335.4
48320.9
51307
52700
41127.4
73756.4
48394.3
37463.4
44547.3
46732.6
69374.2
34622.2
38627.7
39157.4
46251.7
41198.5
51002
70279
45352.3
32363.7
27064.9
41353.1
60184.1
49875.1
52109.7
55215.6
33816.6
46539.4
52617.4
43747.9
52974.4
46665.4
55583.2
36117.5
64026.2
60100.8
47856.6
41448.6
56692.1
58401.8
52852.6
49112.2
38108.9
40497.8
30058.1
50347
58890.3
53567.1
32425.1
57821.8
44149.8
39689.8
56892.7
46873.4
46592.2
74575.9
42623.3
55272.6
60960.6
46914.2
40040.5
57461.1
68506.3
69397.1
45356.7
40918.5
39996.1
40319
58688.4
47806.5
33898.5
43290.7
23672.6
38490.2
58480.6
55789.9
59973.5
39225
38799
50068
31031.9
43121.7
37902.5
45973.2
45156.5
42207.4
34215.6
45132.6
36994.1
39541.9
68595.2
41017.7
39883.7
55683.7
45227
54418.3
27465.4
31163.6
45474.8
69993.7
49229.6
51387.2
59515
42138.6
44378.8
43647.1
60683.7
41206.2
43546.3
52344.4
56749.2
35994.2
62769.7
44956.7
54688.6
65043.4
47995.3
69654.9
33128.2
51253.5
33190.3
50704.3
58413.8
60883
40999
47676.7
49631.9
36909.8
44456.6
47091.2
58359
41785.8
56339.4
57058.6
48977.6
64791
37130.2
53150.6
42776.5
55494.8
49086.4
28496.9
39865.8
47950.5
37963.8
51005.4
61848.4
46881
46178.6
45671.3
39229
60480.6
60943.1
68936.9
58839.4
61187
40201.9
40312.9
39449.7
37850.7
72262.9
43318.7
64633.1
40246.3
58401.4
64396.3
58027.4
54425.5
62301.4
55763.8
38342.2
43456.7
42733.3
60993.9
48806.3
49573
67526.4
41658.3
37589.8
47997.7
60513.4
62076.1
54859.8
50767.6
26450.4
57722.7
24316.7
48351.5
49448.7
42285.8
32442.2
47248.2
46774.5
64284.2
52940.2
46148.2
54336
31903.8
36510
41773.9
56495.9
50243.1
51164.6
42143.4
37209.6
69523.3
40484.4
49998.6
64490.8
83892.9
68656.9
49455.8
56635.4
45071.8
64879
50444.6
50590.2
38591.6
53384.2
34316
40563.5
48695.1
68722.2
40239.5
43802.2
58358.5
49720.7
41702.6
57848
53219
35627
59398.7
55035.2
38197
50034.5
53986.8
38677
65962.2
43398.5
71900.2
54747.6
47780
58900.2
41834.6
58823.3
50813.9
43970.8
57169.2
56127.7
33683.4
63868.2
61468.6
39547.8
69642.7
48298.3
60708.3
52103.1
32981.5
31116
50862.5
62427.1
55175.9
48370.6
43149.6
39868.1
34557.4
31311.4
39147.2
47155.8
55782.1
39676.1
37739.3
63943.2
40654.6
63376.5
48376.9
40434
39352.9
62542
50033.2
60774.2
43673.7
76665.4
46541.3
51123.4
50891.1
51002.6
69883.8
67412.1
44536.6
47010.5
42689.9
57585
66782.9
74629.7
55496.7
60639.8
50288.3
49393.1
48588.5
43737.8
55639.4
46655
41653.4
61459.5
41248.2
53032.3
45872.5
46989.2
55993.4
43455.6
46829.2
56608.2
42038.2
37449.8
43712.5
45809
23325.9
55156.3
48135
44011.7
32615.3
53250.7
51109.2
66369.8
54766.9
44727
56600.5
61886.4
32534.9
38100.2
52812.4
64702.3
36140.9
61980.3
34022.6
25214.5
47577.5
60517.5
61526.6
41415.6
37963.2
43556.7
48547.4
65114
80304.2
48402.7
44475.1
47161.7
52532.5
66175
75807.8
70754.9
42784.5
46895.8
37564.2
61693.5
63271.1
67104.3
41545.6
42859.1
58419.6
55665
56106.2
62508.6
61926.1
45574.6
41721.7
47382.7
52729.6
59644.6
55096.1
36465
27705.6
46121.7
64494.3
64101.9
44080.8
43531.4
40417.1
27841.2
39089.2
69197.9
57562.7
49994.6
38603.8
51373.5
51095
39390.9
59351
51337.6
45734.6
50098.8
42917.2
52354.2
54068.4
33205.2
36450.6
46328.9
65944.9
29957
35256.5
38051.2
45610.3
61634
45114.4
65375.9
44805.8
55654.7
65612.7
50199.6
52236.5
51500.4
43159.6
49773.6
58671.4
46867
43138.2
45062
53840.9
61269.7
53949.4
46367.1
45802.5
49821.5
43898.1
53125.5
51594.5
44782.1
35251.8
35536.2
27503.8
39002.9
38100.5
58597
48876
35594.6
51791.7
36179.9
63561
51233.4
64398.6
46752.4
59993.4
45912
47979.4
68352.7
43363.6
41561.7
59875
61203.8
58198.9
45257.8
50050.3
55007.4
61227.5
62262.4
52557.4
52112.8
48560.7
48892.3
37493.5
39230
47176.2
50571
47615.1
63865
59676.8
41648.2
53819.8
47761.4
54193.7
49606.8
56601.7
51996.3
59835.8
52000.9
65917.7
47247.1
38945.8
45052.6
47316.4
56010.2
54329.7
41413.3
45526.5
30860.2
47381.3
41242.5
49356.6
46850.4
37207.5
51529.9
62960.2
41099
46409.4
43382.1
53725
55495.8
37998
56207.8
39645.8
45616.2
71456.6
51777.3
55054.6
54099.8
34030.2
43038.9
62311.8
68427.8
64827
60208.1
40975.4
49720.8
63615.6
51647.4
40876.7
46978.1
37721.5
63277.2
51929.4
44832.9
37612
57988.6
53053.2
35387.8
70281.8
56327.7
39733.5
36773.3
36057.8
28888.9
39642.2
45807.6
51399.4
36323.5
52603.3
53671.8
35320.2
58668
50750.2
42580.6
41987.3
33117
55410
55471
54436
63553
57808.2
50128.2
73284.2
37879.4
46525.4
62706.6
64783.9
59262.5
66679.8
39882.4
41500.7
49001.1
55946.2
49630.6
43617.3
67090.2
54808.5
63578.4
35785.3
47927.2
35596.6
56282.1
50006.2
52337.6
56109.4
59839.8
57597
39994.9
59580.9
44866.9
56940.7
33499.4
42815.7
62068.2
42391
48518.4
51538.4
35489.2
36639.4
74702.3
53580.2
49999.3
40084.8
47434.2
41865.5
33852.2
43476
40497
64805.8
54889.4
52996.8
66795.3
49876.9
52804.6
41247
51995
53419.2
44270.2
49888.2
67190.2
45280.5
50037
59506.6
60026.6
52774.2
57672.2
64507.4
40793.5
56922.4
61062.6
61525.5
70442.4
77109.4
49919.3
43941.8
51465.3
57194.6
48472.4
70049.7
52362.6
42435.1
60763
47470.7
38407.4
65674.7
60293
53220.2
48914.9
50692.4
43699.1
49140.4
40428.2
55611.9
41665.8
45752.6
59553
45815.1
40639
39574.2
39031.1
51493.9
54736
35556.3
53551
58726.1
34187.9
41284.7
46301.2
60796.6
57492.2
62688.3
54121
70113.5
51147.6
54614.9
77205.3
75704.9
44899
46225.6
53469.7
55850.6
74261.8
59076.6
35778.3
57292.4
43056.9
59579.9
45781
42672.7
58090.6
39549.1
41070
44809.2
68788.8
46701.3
43554.8
35322.2
33097.3
53366.6
77365.8
80542
61122
51621.5
30423.8
38154.1
57213.6
70117.7
65095.4
61821.2
63884.5
52915
65243.5
48077.5
50427
57140.6
82292.2
61131.2
64132.1
49109
63602.4
68683.4
56337.7
61136.9
67471.7
57537.7
49548.5
48691.1
39163.9
82982.6
57309
50823.7
56227
58509
76724.9
44002.1
57552.8
60085
47665.4
44468.3
84748.2
62047.9
36951.8
74090
45541.8
45046.3
42495.4
52777
38644.2
47967.4
49800.4
50726
44867.7
43109.6
48300.8
50798.7
44369.7
53812.9
40033.2
51749.4
42353.1
45184.3
44630.7
49369.8
47682.9
31847.8
39985
54131.8
61229.3
57976.3
41939.2
37303.6
58932.4
63282.1
63657.4
54078.3
54608.4
48006.3
42542.6
58352.7
64029.9
57903.4
58141.8
58945.1
63313.8
51153.7
53124.1
50855.9
38084.7
43018.2
64602.6
51263.5
52817.6
40553.4
67485.4
49067.6
46923.6
52881.5
54992.4
38660
62589
38094.8
53496.2
54273.6
57457
44528.8
39021.2
51876
67612.6
56884.8
39569.1
48956.2
58084.7
48788.7
45407.9
49485
60788.5
39790.6
46707.1
38386.1
47522.6
59556.4
52885.9
42051.3
50341.6
41042.9
55604.5
47821.1
45532.8
44384.2
45740.7
54611.4
56462.9
54436.2
40230.6
51853.8
39054.1
36460.7
60585.8
41549.6
41629.2
49456.6
43369
43494.4
56676.5
57206.3
72464.7
47728.5
61355.8
35722.6
44840.6
46456.6
58979.1
56630.1
37245.1
52605.4
71006.4
59759.3
50954.7
43383.4
54081
43483.9
47540.6
75930.6
37583.4
54800.9
48946.6
38750.1
48343.4
52988.9
47231.4
47026.6
40265.9
48321.6
37621.4
37832.7
51447.4
44878.5
52115
45404.2
40955.9
60371.9
51667
50744.8
43919.1
60724.1
53927
55345.3
47428.2
54543.3
59675.5
48678.5
48133.8
42782.1
53992.9
49115
55786.8
51750.6
44922
46011.3
52489.4
54350.7
45380.6
48790.2
52941
52131.8
63114.9
64312
41010.2
62441.9
64301.8
59384.6
51817.9
46998.2
40829.6
83604.6
75248.4
55924.8
49600
53702
46007.7
47253
73206.9
62292.8
72246.4
73109.4
40023.2
51463
47660.3
49348.9
63928.4
72954.2
59653.9
43388.9
60217.2
62668.7
40213.3
49610.4
62617.4
47208.7
57188.6
66658.6
63935.4
58999.8
67332.2
47292.2
58471.1
57047.3
58816.3
57604.5
43481.4
60044.6
56130.7
48548.6
56298.9
73713.8
60991.7
55254.1
62653.3
42483.9
47320.6
52710.6
49453.7
50393.8
60002.2
55091.7
48549.9
46933.8
38554.4
42776.9
45649.4
47801.3
57035.6
55809.2
67353.9
54809.5
48027.3
66443.4
50220.6
67683
52724.7
41706.3
56620.6
49908.4
45525.8
63019.5
57788.6
60880.9
46293.9
50595.9
48936.5
57458.3
61091.1
43306.2
44975.9
39111.8
27742.2
51239.7
48754.3
55229.8
47506
37832.6
52694.1
49810.2
65952.3
43439.4
41179.8
48035.2
36293.7
37992.8
41674.2
55552
42951.9
39511.8
51676.7
50926
49951.8
40643.8
36652.1
35635.8
67619.2
41160.6
61256.2
52220.6
56163.7
51635.8
31352.2
32208.3
52834.7
39458.5
39144.9
59837.3
54739.5
38039.7
29288.8
40791.4
47389.4
39405.2
57912.1
52807.2
39771.8
53974.1
41459
37393.3
42317.5
50709
48291.8
52726.9
68190.1
35765.6
52206.9
38807.4
58432.4
63760.2
54724.6
45708.3
48874.7
43068.1
57241.3
56114.2
56181.4
40490.8
41331.7
61785.3
74334.4
58853.2
36614.6
40748.9
50189.6
49621.9
51584.5
59400.5
58902.6
58756.2
45494
49811.9
36366
50157.8
40782.5
49228.6
50376.2
50957.3
40728.1
46976.1
50331.7
45793.8
30150.4
63028.6
40592.4
47779.9
51120.6
49376.8
49462.6
61399
57102.2
36386.7
57549
43687.3
35200
41077.4
61326.7
37823
39761.8
38557.4
51120.8
33891
55397.4
32357.8
26416.9
29488.1
43607.9
45429.2
29241.9
48203
36641
39237.9
33763.4
58676.5
60211.2
36909.4
45975.3
36690.2
34594.2
51676.2
52208.6
46290.5
49317.4
41441.1
47595.4
40911
39084.2
58125.4
47563.9
47203
37163.8
56017.2
40791.5
48093.4
45612.6
41015.7
51648.9
33983.2
52256.2
44189.8
41477.5
25762.2
33520.2
35581.5
27042.3
45225
56415.4
55877.4
34484.4
34466.2
45376.3
57177.5
54685.3
51441.8
53917.6
39685.7
55549.5
68229.4
41386.7
33160.9
54065.4
56105.9
44613.5
35454.6
60193.2
55977.1
51087
60910.5
41030
70740.9
49225.6
56420.2
45054.6
41391.8
45595.7
40108.9
44535.8
47612.5
43498.8
46707.8
61188.4
53456.2
47266.3
34340.6
40390.2
40327.2
46695.2
48771.8
39546.4
57611.2
47395.3
47825
45009.3
80186.4
47297.6
46046.7
57362.6
33254.2
43643.8
59933.8
55807.4
45920.9
54941.1
43784.6
54436.2
56505
46127.7
56521.1
39256.3
48053.6
60143
46785.5
38841.5
61468.2
56650.8
52370.9
70896.2
50419.1
32603
43795
46126.2
56354.2
70458.1
56001.1
37442.1
57055.1
44858.9
47108.9
75187.4
56014.2
47038.6
50471.4
38876
31344.8
62697.2
59071.6
35224.8
52090
46161.7
53601.1
40444.7
49903.8
46515.5
48636
58106.6
39657.2
48159.8
79238.2
74037.3
39438.1
44164.1
45410.6
32143.1
38262.4
67447.6
56819.6
33837.4
51384.2
49645.7
59095
42107.4
54954.2
55019.2
54307.8
42800.1
51566.8
50125.4
60073.8
45202.2
36488
56914.2
27467.9
62669.7
53486.2
59459.9
35604.1
41606.2
53308.9
62169.7
46043
46007.5
41000.9
38748.8
40858.4
46417.6
60943.8
66056.3
57853.2
36836.6
40012.9
36298.6
53185.3
42744.9
56029.9
43573.4
35514.8
41631.8
43767.5
38166.4
56674.8
50171.1
39304.7
44070
40217
38864.6
45968.5
48383.1
49888.6
34782.2
47753.4
50285.1
45239.8
39824.6
37812.2
42574.8
42229.1
53291.3
53709.8
61432.2
54493.6
46236.2
66771.7
84056.6
45471
42632.2
49678.8
32623.2
58066.2
44549.3
67303.4
48430.1
58403.4
42877.7
39923
38108.5
47771
62348.1
48352.6
61107.7
64687.8
50467.4
50474.4
60169
37362.2
31578.5
40098.2
49671.8
51254.2
65032.4
26546.5
65560.4
45627.8
46579.8
43234.4
44794.5
53266.9
58267.4
41331
51443.6
47749.3
45351.2
37343.9
62780.9
51281.2
58142.8
58175.6
51450.1
50519.8
48319.6
64073.4
68340.4
67385.4
59137
46508.6
50941.9
51354.4
50102.1
70892.6
56528.5
56009.4
51207.9
47046.6
63086.8
46065.8
40031.7
60038.2
62858.9
62941
51285.9
30994.1
67585
43874.3
46324.4
58166.1
51943
60623.6
49732.4
34031.4
44043.8
48599.2
57637.3
59810.2
53349
64224.9
65680.5
67037.4
52930.8
53246.3
81756.3
49886
69526.8
58143.7
33133.3
49636.7
45677.1
45556.1
77399.6
58911
47289.2
45406.3
42613.8
48949.6
62781.3
82879.9
59163.5
57875.2
43178.9
51231
58079.3
71726.9
59388.5
48647.4
64128.2
47192.7
58225.6
70411.5
68879.4
47533.7
52001.7
70717.4
66745.5
68556.5
54059.8
49599
70000.2
47887.2
54438.5
72169.8
73417.9
46876.8
66834.7
42248.6
60185.1
68676.8
60963.3
58289.3
57608
48966.7
69011
50514.2
74268.5
62353.3
60661.1
45767.2
44388.8
55197.3
61612.2
59465.6
59510.8
59465.8
61841.6
61697.4
53773.1
53335.8
68879.8
45216.1
54133.2
57096.2
69219.5
50136.4
38226
56437.6
40250.6
47542.9
54326.6
83404.3
41723.3
73652.5
82637
46500.2
51613.8
47472.2
44739.6
41084.6
67602.5
56319.7
55832.8
58907.8
55899.1
48490.3
58674.7
51973.5
74263.8
73859
47641.3
58334
34823.8
37004
44771.5
52376.8
50491
54550.1
59029.4
53128.1
53218.6
58442.8
53088.1
49460.3
44253.1
49738.9
45776.8
33761
46172.2
57281.6
65007.3
33953.9
40351.8
42013.5
47424.3
45218.2
55383.3
42895.3
56514.3
61171
51559.9
42680.5
49094
47365.4
56246.5
57952.8
42618
49185.4
52241.1
51805.4
62418.8
45502.6
71078.7
54885.3
50462.3
48371.6
49525.4
55401.5
57529.8
57440.2
40983.7
63903.7
40371
45171
54027
38759.8
63104.9
35389.5
40091.9
63616.2
53397.8
78491.3
52181.6
36308.8
60866.5
35321.4
44532.2
47282.2
55726.2
61661.8
53017.8
59207.5
30672.4
39512.8
52075.4
54193.1
39521
78116
41812.8
41768.8
50854.1
67697.7
36605.6
44767.4
74320
48704.8
46342.2
40292.6
44853.6
64216.3
38580.6
36103.3
50442.4
33377.8
69383.4
44899.6
42805.8
53510.9
50013.8
70653.8
51269.2
31940.1
58931.9
55345.9
57624.1
63676.2
45533.9
39501.3
52234.8
60920.7
32264.6
50472.6
56067.2
39762.2
47577.1
50900.4
28708.7
40633.6
33153
40532.3
44340.2
41480.1
39299.5
47098.7
42997.4
30318.2
42235.7
30403
48703
37619.5
57458.2
42328.2
58162.6
50910.7
40060
54494.5
33829
64925.4
68458.6
33521.5
35179.3
55343.6
57145.6
31848.4
47807
55598.5
30232.9
61309.6
40315.4
35527.7
39990.2
51715.8
52033.9
44756.6
48055.8
43728.9
45364
58170.6
39662.5
59128.2
42894.7
32162.5
67964.9
60527.7
38629.8
61481
34647.7
57723.8
47359.4
48377
50008.5
49059.8
55725.3
55117.9
41919.4
48654
46832.2
48041.2
44084.4
43812
40067
54982.5
66385.8
44763
58100.2
61892.1
55782
31506.3
36031.2
45468.6
45582.5
43806.7
58505.3
55730.9
43911.3
31603.2
45948.9
43430.8
46682.6
36637.7
53971.3
34113.6
44968.7
47846
49991.8
70099.5
36463.4
44511
40019
47464.2
41731.8
63670.9
37719.2
61055.5
46693.5
53113
47164.4
63172.7
63273.8
64840.6
61274.6
52767.6
47317.7
41560.6
47639.1
55415.4
45824.2
60713.4
73453.7
50970.3
51082.4
67862.6
51408.6
51919.3
56699.8
61954.7
47486
57373.4
63140.6
48481.2
48618.9
51397.1
68949
53778
59016.2
53253.6
53922.3
70004.9
74732.2
45522.6
42418.1
53331.8
34753.3
39195.6
63803.9
59313.9
48476
50389.3
55902.6
44793
51053
72678.6
54607.6
41916.4
62268
57811.4
61475.8
61780.2
32985
50713.6
49965.5
45320.5
53212.2
50393
57264.2
46497
45734.9
32320
39233.7
40744.1
62289.8
43935.4
38562.6
24677.7
52974.3
41594.6
29146.7
30480.9
39453
41226.5
40962.9
57055.4
50987.4
38088
30004.5
53629.8
36784.2
67694.6
36088.9
52532.1
37238.8
33979
43570.7
42269.8
42153.9
38481.8
54979.3
38537.5
30473.9
45669.6
57926.5
76527.7
43197.2
33611
43167
56969.8
48309.1
38436.6
52768.8
50656.7
49382.3
43614.2
47854.4
45885.6
54323
50638.5
55941
65527.8
39426.8
48903
56060.8
47013.5
28799.4
28195.7
38720.9
61803.3
54292.2
74723
33151.9
33112.1
35794.6
57123.4
70454.8
33026.3
39647.1
40158.2
40483.3
45498.2
44719.3
49403.8
56118.9
57277.4
38801.2
47953.8
50205.6
73487.4
53937.9
40403.8
31925.4
60758.6
61457.4
47301.3
44469.7
33859.2
56791.5
51766.2
39169.6
42546.4
60448.1
44681.2
36610.4
47314
47489.4
39386
47210.1
33948.6
53589.9
48621.4
45566.6
44851.3
36377.8
49310.4
60224.3
41833
51086
61292.8
39011.5
48613
55738.6
59889.4
66305.8
44254.2
37567.8
42565
61419.1
43092.2
35279
51585.5
43847.6
44461
52229.6
42681.4
49897
69631.8
45209.7
41857
43817.7
55515.9
40861.1
56358.8
60473.4
41873.5
64129.8
44242.4
46816.6
55676.4
39437.6
44735.1
41478.6
57639
40466.1
48373.4
39951.3
46554.2
56680.9
45748.6
47465.1
63393.7
57656.6
37012
56864.7
51296.4
63830.9
67435.9
64988.5
71373.8
56026.2
61931.2
42493.6
48975.7
53707.6
59458.9
59606.7
51710
36474.6
59450.2
66621.8
45218.7
44588
50745.4
49703.9
61844.8
38816.6
45273
40240
62696.5
52393.6
46357
60018.7
35502.7
34942.2
49517.8
80324
51625.3
50809.9
37985
37752.1
41870.9
44661.6
56293.5
35738.3
36688
61132.2
50712.7
44742.6
43118.6
40429.7
41448
44232
39515.4
40333
45442.9
44317.4
65518.8
61682.1
73264.2
60147.4
58888.4
32456.8
50259
59647.4
29839.3
44016.5
53817.4
74460.6
36607.4
51076.7
48794.1
37868.3
33332.3
60073.4
49886.8
53026.6
61386.7
55686
62838.1
36666.1
58044.2
55614.4
45879.8
52677.6
40855.7
57755
42328.2
55289.8
55555.5
54151.6
60426.1
52817.9
54579.2
46247
47727
54744.3
71300.6
63906.2
48882.4
54832.6
42691.8
61800.1
58626.6
79638.4
65193.8
56146.9
54761.8
47998.2
49084.4
36285.8
56554.6
70112.9
55589
49766
50977.5
54490.1
46127.5
68080.6
74562.8
39567.1
42523
57158.4
35319.9
72825
52866.2
40647
80181.5
51739.3
47314.2
50247.9
47694.5
35031.9
46860.1
44070.6
77032.3
66315.7
73691.8
69800.6
30885
52294.6
50446.7
49596
63786.6
38811.9
49632.8
52057.8
37609
50383.4
64620.8
61717.9
45862.3
35766.1
42640
59892.6
59541.4
42330.2
48429.8
49264.1
55111.5
45011.8
46556.4
38499
46843.7
56979.4
43950.7
37883.4
48526.6
49977.4
43970.9
42714.7
54245.9
57582.4
63658.2
36376
59021
24017.8
56659.6
47626.7
48381.4
40467.4
45703.9
40849.4
46977.2
24672.3
26732.9
57658.2
50966.8
39300.5
56635.3
49000.8
42148.6
58513.8
56975
46805
58737.8
49827.8
75216.2
38931.8
33526.3
59282.2
41496.8
37122.1
51156.6
50699
43685.3
56744.3
41444.7
50294
54821.4
44404.7
34632.4
35748.3
58355
43922.3
33138.5
51420.4
71006.9
39288.6
51289.1
43607.8
39403.8
45197.6
55505.4
42858.8
35701.1
58645.4
67801.4
49396.1
53416.7
31459.6
55191.6
30550.2
45465.3
56843.3
58492.3
51033.3
79336.5
56035.8
52130.2
65953
55991.4
56406.5
50064.5
46306.2
47720.3
64126.4
68348.2
67880.1
61200.3
55639
47050.2
39074.2
41547.2
59077.1
57322.1
52611.2
44012.9
48622.2
66180.2
56631.4
65324.4
39491.3
48653.4
48399.6
63067.1
60955
45158
37643.8
32625.8
69254.2
46903
55335.2
52068.2
44774.2
40813
38534.1
29702.5
36159.5
37248.6
41989
57707.4
39892.6
61836.7
49442.4
47353
54441.8
34349.2
42655.5
49132.4
35210.3
61701
61517
64434.7
44042.2
55425.9
40360
47990.4
56669.6
44762
50433.4
50953.7
61953
53346.4
47605.2
57292.1
53410.3
53204.3
45146.3
55633.4
60596.1
51097.8
49699.4
65923
64708.2
46298.2
51121.8
47080.3
42156.8
80219.5
62687.1
69221.8
73806.7
47460
61067.4
59283.6
55567.6
57128.2
44182.3
48280.7
54691
58341.2
58327.9
61430.8
41005.9
41738.3
62360.4
66154.2
52697.2
53569
77304.1
51833
51713.1
76265.6
53981.6
62625.3
48012.9
50611
49206.3
50413.4
66902.3
42154.2
43288.2
47521.9
38597.5
32363.4
55663.3
52924.9
42491.9
41957.9
48973.7
39362.2
32242.1
43933.4
44165.7
46532.3
48909.4
32430.3
47112.6
39141.2
40420.2
68111.1
45671.9
31029.9
40878.6
36756.2
55261.8
57146
47593.1
53417.4
43667.8
39473.9
40283.7
59774.8
50645.6
56131.7
42082.3
52036.6
35539.2
51293.4
53621.8
56691.5
61745.8
67387.4
46484.6
60600.4
44431.4
49351.8
84429.4
68578
65123.2
76683
71780.6
46387.4
62011.1
67082
56279.8
42495.2
52822.6
61351.5
51693.9
58299
66874.1
73159.2
36458.8
69068.3
51729.5
52041.6
55542.8
74630.1
54895.1
61969.4
54247.9
77182.2
62531.3
67154.6
52754.9
62674.4
45862
64048.8
48702.5
56439.8
33535.8
40937.7
72819
74266.8
65549.6
73665.4
53932.2
58231
46586.2
56886.9
62165
78307.8
52811.4
58651.4
48765.3
75651.8
63582
40463.6
53157
55625
51408
49539.5
43348.9
57558.7
51058.9
38699.6
41816.4
61905.4
72769.4
42145.4
54401.9
39525.3
64349
59803.8
42341.4
43651
66303.4
52512.1
49961.9
62836.6
52244.3
50021.1
57034.9
49594.3
52584.9
73944.6
65453.8
78974.7
57002.4
55391.1
63304.2
42577.7
57736.4
75186.6
51011.4
51855.8
55909.4
77858.6
54521.5
67382.1
51072.6
48561.4
58535.9
48052.8
54098.9
51267.1
61599.8
54216.6
67198.2
56841.9
62485.1
46171.2
71143
58747.2
37808.5
53176.6
44722.8
39743.4
51703.3
75237.8
47413.2
39677.8
52330.7
37002.4
50626.3
71902.6
65496.7
57079.4
39509.1
55229
31698.4
57457.7
40989.6
55676.9
48260.1
66490.8
32139.8
51299
49206.6
73470.8
47464.6
46786.5
40038.2
52825.4
42826
43922.3
58326
71131.2
44669.3
56609.5
48314.7
48840
84187.2
59037.2
36142.2
43510.9
57017.9
54621.4
68832.7
46535.2
52308.8
48767.1
49729.3
35526.6
36568.7
52958.9
52100.3
69118.9
46001
50520.4
61261.8
49214
52437
55656.8
47235.9
58734.4
42159.2
47427.8
55967
44149.1
44186.3
55809.2
47130.3
46059.5
66858.1
56429.7
42801.8
44552.7
59370.7
48212.5
48188.6
39001.8
65947.8
42157.8
42833.8
67019.7
50414.2
38995
60474.6
55557.3
35478.6
50605.8
44096.2
66669.4
45221.8
37279.3
39299
50577.8
44439.3
31788.6
52255.6
44783.9
59677.4
49761.3
49140.3
44324.1
49653.2
58338.6
47844.3
50933.3
47142.7
47896
40436.4
78351.5
66890.4
65785.8
46188.6
56657.6
32777.9
55975.4
57337.2
63405.4
32238.7
47661.1
58548.8
52727.5
48784.6
45009
45961.6
69870.1
49350.6
48527.4
24863.9
53896.5
38063
38561.1
42036.8
35529.9
40197
61638.9
37269.6
57796.1
49825.4
35087.1
44564.1
47041.8
36521.1
70937.4
37677.7
61994.7
52965.9
46588
52016.4
40865.8
34560.1
54225
37946.5
48923.4
47866.3
61730.2
38083.2
31523.1
66895.5
42722.4
57009.8
52496.4
72726.7
25737.2
46764.6
52671.4
38643.6
69010.1
47747.4
43127.4
43110.2
50359.5
72379
68801.8
51541.4
48375.2
78594.4
43297
74381.7
65122.7
57491.8
46301.2
70749.4
71411
48794.2
64161.4
43359.9
37587.8
67869.4
47766.7
44006.3
57422.6
63633
63839.8
61080.6
43468.8
35027
71881.8
78541.4
65573
44017.3
46831.3
60019.4
56154.1
63596.8
60830.5
40953.8
45196.7
43268.2
49147.2
78603.5
84553.5
54622.4
61178.5
46874.6
52427.6
46197.5
46060.3
58576.6
74342.6
44941.7
44859
45719.6
42511.6
53019.8
80714.1
52855.7
37585.7
51299.2
46614.3
69966.1
66846.2
66535.6
48832.7
57901.4
74161.2
46750.2
53156.8
45630.7
43157.5
41195.4
48857
64158.3
64786.4
48355.4
42491.4
56106.5
48336.2
50719
38970.4
60830.6
45136.2
73789.2
57156.6
63934.2
42549.8
44487.5
48972.4
52737.5
53961.4
59948.8
83060.3
56648.9
62255.8
50326.2
62732.9
62774.6
72338.7
63980.9
56174.7
60507.2
44594.8
49605
74912.2
66726.6
76993.9
48181.8
63189.5
40948.7
45354.2
45767.2
43856.9
40944.6
45698.7
52194.9
51897.4
52104.5
62359.4
59143.7
42660.3
30579.4
44681
42368.9
44813.9
65504.6
55101
45046.5
44374.8
43694.3
48746.6
69846.2
67233
47738.4
51386.7
37424.2
28381.4
59506
57931.9
57887
24007
38425.2
51692.4
46365.4
56061.4
43650.4
45840.7
63438.2
44792.6
31428.7
65784.5
53415.1
74343.7
54380.3
44347.3
44817.9
48755
57509.5
42786.5
51169.6
53461.6
38446.8
45047.8
57206.6
68620.2
41523.4
47647.6
53244.5
62483.1
61049.2
40739.4
45283.7
44973.5
46474.6
72506.7
54621.8
45453.5
35716.8
49279.9
68636.5
46151
43537.4
40486.9
49589.4
38703.9
64583.8
55307.5
49519.7
63109.4
64113.4
44346.1
34178.8
41282
64957.4
49979.7
65166.3
62137.4
52975.3
60635.6
59399.8
52138.6
65202.4
71998.7
39603.4
58196.2
65417.8
55732
57341.6
59871.2
43543.3
62988.2
70577.2
74416.6
61782.4
42014.5
52449
39619.2
52567.3
38093.9
71675.8
51986.9
45584.5
45863.4
71044.1
41060.2
42436.1
42647.7
50231.4
41425.8
36001
40223.5
64764
57492.2
52580
30844.6
59768.7
56788.6
48894
51923.8
59237.1
55500.2
42626.2
62846.6
46544
61764.6
53700.6
60651.6
65951
53990.9
58520.9
54705
43733.8
31138.4
58246
52472.8
56083.8
47888.4
59519.8
38122.8
57987.1
42268.8
39648.6
64060.1
58437.1
39171.4
57241.4
36336.9
60039.2
43076.2
44017.4
60976.5
72981
39008.1
43914.6
53995.4
55731
36523.7
74491.9
65076.5
49706.7
45215.4
60323
51778
49349.8
56180.6
59307.6
55269.8
53859.8
49290.6
57448.2
64966.1
39907.8
43959.4
62548.7
51471.4
83449.7
68521.4
43282.5
59488.6
50751.4
41465.5
49336.1
72560.7
48021.1
39639.4
53305
63797.8
69585.4
50457.7
51787.8
41324.8
37231.4
30281.8
54198.1
64256.6
34756.9
56410.6
55004.9
53853.8
54612.9
59701.4
45914.9
44853.6
51033
70229.7
78402.2
82582.2
49022.4
50326.6
44684.4
42036.4
36666.7
46554.4
44391.6
41692.9
32784.4
53850.4
44105.7
50295.8
50627.8
39419
51531.4
54799.4
46193.8
42566.2
34285
53452.2
49804.3
44230.6
54114.2
47095.8
51727
39703.2
64753.4
47428.9
61513.4
60546
44867.6
56332.2
58934.2
50640.5
56179.6
51732.7
60525.6
42821.2
47797.4
64526.9
52838.5
41412.9
46150.5
41619
58883.8
51757.7
28912.8
39802.1
49795.9
64597.9
64795
57737
31241.8
47678.7
51834.2
67901.8
47927.3
55587.6
60799.6
44172.9
65327
46615.4
54520.7
49423.5
53509.1
62381
60852.6
49773.9
49803.4
49459.8
69369.9
51534
41310.9
52601.6
46023.8
52417.7
47059
45279
74595.9
53970.4
59574.2
47376.9
61105.9
42006.2
53777.5
46156.9
58195.3
51910.6
49695.9
49207.9
51846.1
41538.6
57348.6
71298.3
63994.2
55026.4
67619.2
43247
58483.8
35400.2
42887.4
58824.1
48830.1
32949.5
51385.3
44563.1
49602.5
51413.6
57244.4
66500.3
57294.6
36477.4
56509.9
34979.2
45584.8
51914.5
32177.6
52055.1
45510
59600.6
49363.8
66089.6
43338.6
44665.1
45159.4
52842.8
61870.5
47519
53665.7
39823.4
38441.3
37588.1
50073
45483.6
44367.8
40533.4
28246.1
44934.2
55609.4
46858.5
51206.7
45311.2
45324.6
50609.9
37124.6
53738.3
44887.1
56294
74090.2
65716.9
50015
48502.9
36035.5
62667.2
63799
63858.2
72986.6
72275.8
38309
42748.4
45507.9
71020.6
67008.5
70121
41329.1
54227.7
46894.2
66998.2
70744.2
56029.7
63513.1
70227
52261.8
54544.3
53393.1
67942.6
63722.9
45263.5
67222.6
38860.6
48888.3
57264.6
52623.8
55382.3
57736.1
48305
35043.8
56800
53456.4
40323.6
58508.5
61463.2
54456.4
62286.9
64139.4
55598.4
47062
40296
51742.5
38610.4
47813.8
47034.6
57735.4
44086.7
44691
47227.3
46363.7
53627
61323.1
36662.6
48400.7
57542.1
44590.7
49133.4
44143.9
43019.5
57022.1
61191.8
61338.2
63870.9
37083.3
42470.2
43040.4
33683.4
36534
41601.6
43608.5
45471.7
35444.1
40718.6
56186.6
47252.6
51269.8
46543.9
72044
23111.8
41097.4
39691.9
36442.5
49342.1
43733.9
47943.6
49251.5
54452.6
37908.2
65097
65243.7
43486.4
50643.7
57183.8
46670.1
59598.6
54477.4
36595.8
46342.9
48096.1
43487.4
71522.5
64183.2
35052.6
49882.9
63121.7
56443.8
60588.8
52805.2
50510.6
35775.8
45554.2
42919.2
68634.5
43287.4
59759.6
44415.1
65553.3
64572.4
41939.1
52415.6
52235.9
41233
78991.3
69496.4
72398.6
52195.2
66513.7
55011.8
63115.3
58174.3
73075.5
59264.8
65664.3
51269.3
50242.6
52426.3
50605.2
77783
63571.5
36174.9
67823.4
66651
55352.6
53420.7
42564.1
58497.5
80571.4
68138.5
67708.5
54136.3
44818.9
42910.9
38414.5
52439.1
67333.8
56212.9
57157.9
52279.8
43994.4
43553
55629.6
58041
71499.9
55237
70791.4
72147.1
38272.1
44324.2
60291.8
38200.3
39271.7
55061.8
45969.8
53539.6
51957.9
39751.7
50468.2
63098.6
42445.2
50885.2
43577
56358.6
55769
59340.3
38006.6
35740.2
61256
36471.6
37915.3
52866.2
39289.1
49839.6
41327.4
44819.4
29928.7
49815.8
64276.6
56998.6
52902.3
59345.8
42749.8
54882.4
37861
53257
58286.2
70996.4
59665.8
49860.7
48106.8
63722.6
43418.2
55606.1
54331.6
40705.4
72797.9
42695.3
54229.4
42027.1
61432.8
42441.8
52097.4
44591.9
48928
59209.1
68262.3
50281.8
65603.8
40177.6
57355.5
47383.3
49279.3
62124.8
53042.8
68418.2
38267.7
53516.2
49448.5
49826.2
37681.3
54829.8
47887.3
70804.2
47630.7
60590.1
65335.7
43329
56703.8
46363.8
49423
51012.3
38954.4
24513.6
49315.6
53390.6
75371.4
41931.8
44889.9
37333.7
68263
52035.3
57345.9
63686.8
57551.4
52828.6
54358
53834.9
65834.6
51182.9
50654.4
45553.4
67166.7
57230
48968.5
42688.5
56294
39280.6
38659.3
69218.2
53795
52105.2
57058.6
56822.8
53760.3
56191.9
80264.5
52063
38799.4
66373.4
61948.5
35289.6
56423.4
49976.3
47358.8
49211.6
64518.6
71512.3
52634.7
38512.2
64913.1
46517.8
63025.7
57575
48705.5
35301.5
43621
49239
69699.7
63338.3
50949.4
49412.8
48418.7
62408.1
65725.9
78971.4
43188.7
76495
60340.5
47742.4
59955.1
44006.7
46416.1
73829.4
50601.8
56846.1
71330.6
54405.1
45849.4
54302.6
64799
57557.6
53559.7
64771.4
49567
55730
79173.8
72060.8
34609.6
56265.9
40805
59971.1
40913.6
58858.5
46488.8
61226.4
53560.4
55486
39503.4
52562.9
61519.5
61168.5
55504.3
58258.6
53888.2
43576.2
55077.5
60858.1
49563.7
67043.3
63240.5
53797.9
58318
51600.3
56668.4
77443.7
47519.8
61680.4
62325
60339.4
74385
48131.4
44610.5
51402
51752.4
51094.7
75370.2
84050.2
61628.2
75499.8
49692.1
38254.8
52447.3
75701.3
80092.5
66710.7
60629.8
51844.9
46888.6
61826.6
79692.3
66367.5
46596.1
35501.3
64485.3
61383.1
58194.2
72412
47970.2
71670.3
40511.8
60041.3
71248.6
61596.2
48776.7
60543.1
61499.6
75967.8
52334.1
50784.6
63715.1
60818.2
44610.6
61757.1
46986.2
56847.7
46838.4
51546.1
49236.2
53571
55734.3
42944.2
62063.6
54328.6
54271.9
44566.7
44674
27652.6
67823.2
42199.4
55952.5
35794.9
56644.7
41141.8
42005.2
50042.2
38014.1
28819.9
45910.8
50304.1
50700.5
58478.7
44288.4
32390.1
33917.7
43613.6
55835.6
58852
69222.6
29876.6
51759.4
43876.2
56178.8
40056.7
76855.4
70565.8
60570.1
44829.9
26879.9
59086
54274.8
49681
62502.5
57610.4
49089.2
65704.6
36120.1
43833
39465.1
55562.8
46106.2
62152.9
59008.2
42043.3
46120.9
50285.4
42399.7
39016.2
63947.5
38991.5
50892.4
53347.8
35985.9
64857
49180.1
40107.7
53312.7
59023.1
39701
58488.2
59779.3
56514
52978.2
45935.2
48342.8
65730
52999.6
45766.6
52185.8
47002.7
49225.4
80478.5
49682.2
41120.4
47874.6
48570.4
58433
52629.7
51106.5
40827.4
42895
53542.6
42785.4
41823.4
59455.8
47434.4
40165.3
46496.5
41597.5
63761
65182.6
33824.6
37854.3
44095.3
36026.8
49903.5
44222.6
48566.8
49032.7
35711
51503
49187
63279.7
66294.5
47698.4
42793.8
32126.5
65954
71142.6
46100.7
41760.1
36870.9
62128.9
42024
44123.6
70879.9
63425.7
26791.3
56760.3
52174.2
61790.4
62212.5
50125
50759.3
40839.2
40342.4
52231
43469
73472.6
47899.5
42360.6
63526.6
56656.7
45220
56703.1
53152.7
60177.2
51105.5
65686.5
57861.2
63053.7
64258.6
44349
62510.9
75098.2
59252.4
54994.4
72142
84728.9
51310.9
60575.4
66190.2
33413.5
48985.4
38750.9
63536.5
64632.7
59429.2
46870.2
57001
63517
35570.3
59190.8
49803
46791.7
37814.1
27695.5
49236.4
50225.8
51885.4
50362.4
51834.6
44390.2
40861.8
63232.4
46587.5
61519.8
27771.7
52377.8
41096.4
46644.6
36241.8
44827.4
37112.3
47748.6
49464
42308
50974.2
57874.6
45004.4
37103.5
63094
62740
68670.2
58040.1
32965.5
40775
33376.2
46311.8
42245.4
64149.8
56791.2
57937
38621.1
52231.6
34084.2
38650.6
48177.3
62889.5
43244.1
54381
30690.1
54823
50735.3
38936.6
45751
50907.4
43233.2
66445.4
63581.4
46293.6
60661.4
54128.2
33380.6
47407.9
43171.7
42411.2
37896.1
56214.3
47497.2
39771.3
54881.8
30029.4
45985.4
54461
64823.4
45310.8
57591.9
46101.3
71434.5
39823.8
42141
56367.7
49782.6
36203.5
54762.5
55187.9
37030.6
33390.5
42796.2
64103.1
71472.2
64337.6
59788.9
63199.7
50360.9
55412.2
50877.7
72784.1
43915.4
43589.4
52168
47545.1
42159.3
46283.9
66576
61012.7
54236.6
46948.2
59971.6
46502.6
50357.4
48804
47164.7
51102.7
66890.5
49288.8
57979.9
45215.3
63807.4
49716.9
45527.5
46584.5
55326.5
42262.6
38510.6
57493.5
83502.8
58186.5
68484.2
63641.3
52753.4
36103.9
46686.8
53025.9
46565.5
42539.6
51909.8
55346.9
40543.3
60046.6
62494.2
55877.3
53830.4
45989.4
45973.5
41038.2
41799.3
52023.9
50634.1
54314.2
48560.7
45856.5
46496.7
56393.4
30791.4
37959.3
53638.4
34048.4
50361.6
66129.8
45602
46657.4
58603.9
41203.9
59782.6
66474
52919.6
44550.5
35736.8
73147.9
30958.9
46181.2
63769.6
49198.1
51337.3
34326.1
51088.4
36409.4
37032.6
69680.6
54596.5
52360.4
49258.8
41978.8
58844.2
57283.1
53152.2
51009
53296.6
31619.8
40899.6
35553.3
59245.1
41313.4
40605.3
63631
47932.3
54090.3
44038.1
33422
37652.8
61754.7
71025.9
43882
62888.5
51268.8
42482.2
42862.8
62397
44965.3
64381.4
46647.2
42041.1
46424.6
59122.4
46111.9
61898.7
45013.6
68850
45016.1
71077.1
34130.6
45049.9
54097
56193.4
77960.6
44029.6
53972.4
54072.9
54777.6
40900.6
48810.7
51436.9
34022.2
37002.6
75247.8
64623.5
37332
62019
65456.1
38444.2
62051.8
53398.2
38870
51407.3
38379.5
73493.1
56367
36659.8
44794.9
44057.5
46018.2
45687.8
41405.4
52784.6
65251.8
28517.9
38507.3
33348.1
46694.5
49108.6
37165.5
41801.9
44995.8
51322.2
37736.2
37495.3
26874.2
58776.4
42048.3
59282
42146.3
56360.6
50900.6
66651.7
48887.5
53670.2
64454.6
56851.1
61139.2
49945
47932
55148.6
49074.2
43952.2
66012.9
55741.1
48352.4
47917
61754.1
53588.2
43901.5
39638.4
46841.2
55257.2
53640.6
45401.5
53742.2
55708.2
54146.5
43123.3
39420.4
60973.4
72084.1
40448.2
45165.5
55730.2
60635.2
57971.6
63664.3
39522.8
65036.6
43349
52062.2
62926.9
47359.5
64425
54929.7
55723.4
51600.3
60042.5
57277.3
55765.1
62334.2
53297.5
50336.7
53173.8
53892.6
58393.3
47512.5
43172.6
59528.7
64806.6
56590.3
68669.3
82387.4
51676.5
39077.4
43726.3
65837.7
52473.4
47275.5
40450.3
55705.3
39709.8
57634.6
53289.4
49239.7
29970
58531.8
26276.7
60510.2
77106.5
54126.9
48269.6
36536.3
41188.5
45802.8
57649.7
44051.5
33487.1
51110.9
33714.2
43527.6
40220
35729.1
36436.8
44028.3
54324.7
33711.4
66709.7
41412.6
28618.8
46730.6
36991.9
47975.3
48333
57175.5
36257.8
72544.6
51666.4
54234.6
36010.2
67773.8
29429.5
30481.6
55571.8
42821.1
58424.7
60391.2
58081.6
38715.7
47127.6
45710.1
45694.2
52237.6
65630.8
56895.5
40797.6
50581
37504.9
33603
62787.3
60110.6
46205.9
57092.6
46534.2
47186
29797.9
43735
59385.3
49694
43727.4
52040.6
52809
49984
52164.2
59633
51532.4
45855.5
59065
38457
49179.2
58998.3
82416.7
54012.6
59004.7
53861.4
35532.8
47440.8
44172.6
55989.8
39762.1
55315.1
35635.9
43949
73178.7
87562
82851
56861.8
44101.9
48283.6
35037.6
58472.8
56954
61135.7
43602.7
40348.2
56390
47165
58126.4
41543.8
58585.6
32071.4
37561.5
41540.5
52848.2
27817.4
53511.5
43964.1
30902.7
68875
54921
53601.1
60016.4
56299.8
50272.8
38995.4
38283
42483.8
59150.3
47121.4
62629.5
78178.7
58759.6
43730.4
30729.7
45148.1
60445.8
68495.8
66347.6
33120.4
59047.9
30763
34293.1
49526.9
47876.3
48803.4
41592.7
45005
32052.3
59652.2
54482.2
61934.6
80761.3
65704.6
43878.6
39725.2
50682.1
62211.4
48890.6
60011.4
51370.6
32577.2
41299.4
47316.8
80202.6
84301.3
65936.9
44445.4
53702.7
38457
50715.6
49899.5
54256
46433.4
50299.7
51716.9
52179
55637
54272.9
47215.6
53534.6
67287
55638.6
65360.2
57003.5
53306.7
56657.6
44182.7
55749.8
60445.4
59227.7
49812
56202
76059.9
50040.8
59569.9
53203.6
55428.6
44811.1
58954.6
62278
56763.5
40349
65930.5
44156.2
55666.6
64597.3
47707.8
61385.8
46257.3
45831.7
51534.2
70988.7
56114.7
57436.5
54747
66267
34418.7
69036.9
64100.9
53414.1
65140.8
66403.9
40801.8
52191.5
50717.8
56455
60316.8
44040.2
42450.1
46704.7
73603.6
51043
47540.4
46044.2
44041.2
56439.8
62662.5
54091.5
57054.6
51812.7
52231.4
40214.4
63387
43096.4
47663.8
63350.6
54288.5
62027
48357
52645.6
30282.7
64507.1
61332.1
66766.6
54145
52519.4
55926.2
56830.6
38926.2
55190.8
72455.2
59631.3
75166.6
52297.8
61033.1
42585.6
69249.3
51636.9
57412.2
58172.6
63765.6
60439.4
60890
75775.4
59127.9
59542.4
53584.3
49292.1
58559.2
70722.1
64645.9
63487.2
66179.9
56147.3
64881.1
63946.2
42541.8
41417.8
75925.3
64742.5
46261.7
67997.4
57237
68673.7
56910.5
45522.7
50879.9
49167.2
63730.3
53456.2
69221.3
35795.9
56970.2
70210
81047.7
77855.7
85353.3
47790.7
60263.4
63378.1
53073.4
64335.8
74417.8
58531
54429.9
50974.5
77270.4
59591.5
33393
56962.2
43803.1
46347.7
59283.8
60771.6
60721
54401.2
49737.3
41404.8
49775.3
67684.6
52686.8
76863.4
49298.6
46019
47951.7
56780.6
52625
45558.9
43818
51379.1
44018.7
54985
66416
35754.6
59004.8
53283.2
48656.6
39106.1
66447.5
48185.8
70499.5
47872.6
36760.7
53765.8
55429.5
64626.5
53015.5
70391.1
49461.4
58752.9
55838.5
67172
43963
51255.9
54508.4
48659.6
51601.3
38187
51245.4
38042.7
60567.5
58187.2
54473.2
54616.1
66322.6
41105.7
33813.4
43917.8
40476.2
68308.9
57347.8
56811.5
45650.8
46571
33560.2
73601
52585
45377.4
60048.6
52582.6
42055.3
65039.4
60039.3
57680.7
30904
55534.5
56100.5
39657.4
56436.4
59253
38775.6
55044.8
51227.4
38112.2
45192.6
60909.3
38501.4
37619.4
59358.6
51783.6
50833.8
43636
48301.2
47426.8
48549.2
61236.9
54514.1
52324.6
41232.1
44974.4
49183.4
50133.4
58785.8
53645
55737
50989
41499.2
55497.8
52515.8
58803.4
37201.7
48028.2
42969.4
71630.2
70375
33605.4
66531
43263.4
51509.5
68607.3
48939.8
57843.5
40498.9
61441.5
54108.8
27807.4
63381.8
46419.6
52090.1
47193.7
45250.7
49571.6
36115.2
65065.4
43953
40678.4
57936
44656.9
44811.6
53134.5
59173.5
38761.6
33286.6
34496.6
52874.6
56889.9
35757.9
51459.8
43019.8
38917.7
49331
56743.9
57932.1
59129.9
53729.8
56649.7
72735.7
56898.2
57081.2
63548.6
53289.5
57814.3
80410
57486.2
44990.3
43631.4
43590.8
54307.2
46414.6
44970.2
37666.1
49241.6
49102.5
55204.3
50563.1
45937.4
43903.8
40406.2
44716.4
63931.7
58072
58496.1
69584.7
45763.5
56647
84332.5
56406.7
60870.7
60682.6
53945.7
49024.6
59755.1
36363.7
51531
65771.8
51153
58111
56087.8
40593.2
31162.8
40994.1
54306.6
51388.6
39317.4
60815.6
66355.8
53952.1
35977.8
39602.6
61259.8
45603.6
37659.6
66517.8
57376.5
64894.3
54805.1
52219
40556
41543.1
58400.8
35625.4
53037.4
43579.8
50365.7
49816.6
35158.6
48803.1
56593.5
29550.4
47821.8
55695.2
46999
48560.4
58277.4
58833.4
56345.3
46559.4
43371.3
45808.6
58070.2
54769.4
42385.3
46931
51240.6
50244.9
60196.5
58015.8
66022.5
30145.8
47005.8
56103.1
56355
57230.2
51981.9
43620
44747.1
46942.5
46613.1
61801.8
79524.6
58323.4
32509
56013
64549.7
49063
48846.3
41610
57453.8
44870.6
47620.2
33609.8
64675.6
49083.8
30631
52109.1
57299.6
42760.2
57176
69124.6
63670.8
52253.9
38048.3
79200.4
53696
55109.4
64888.1
54115
42051.4
45269.8
46141
47291
53598.2
41313.2
43598.7
73847.7
44182.5
62436.6
47498.6
61824.1
45982.9
49979.3
37099.5
53704.9
49475.8
34766.7
59411
48339.9
57387.9
28982.3
47758.4
50327.9
41635
57627.8
55370.5
52754.6
46204.7
69958
48475.3
36796.1
52233.5
40922
46977
45623.6
57641.1
60783.5
32458.6
43131.6
59190.6
35115
39796
40587.4
54984.5
47273.8
57539.7
52607.6
29389.2
60783
55835.5
41172.6
26414
46867.2
32780.1
55527.6
41302.3
53300.6
44563.6
72891.3
44041.8
31465.8
54655.7
44031.6
29949.4
32837.1
57485.4
50227.4
44311.2
37402.9
43507.4
37832.8
62890.8
62067.4
58868.6
49316.9
34731.8
45702.8
35385.5
74428.2
55017.6
67700.9
41167
54205
56389.2
66020.2
59401.4
35310.7
53152
52343.8
50330.6
54394.9
49138.8
55432.3
66202.6
52802.2
45390.2
53075.1
48364.2
63533.4
64396.3
41035.7
63932.6
60624
47563
45462.2
50675.4
58662.3
51485.6
52390.3
41676.3
42580.2
50322.7
61452.6
58357.8
48658
46533.4
54729.4
51173.2
70360.2
41811.4
44311.8
51271.4
53616.8
37464.1
61589
39272.1
71014.2
48708.3
49966.8
56262.6
58966.2
57635.2
46822
62526.6
39254.8
54481.8
65344.1
38656.4
47260.2
60527.8
54060.5
35637.5
39244.7
53581
41968.6
54714.6
65756.6
43934.2
45412.8
52699.5
45055.5
54764.4
46447.5
33491.3
32028.1
51979.6
48887.9
42245.7
40615.1
33628.2
38314.5
35768.1
31822.6
27044.9
44160.6
53485.5
37301.7
38522.8
32449.7
46539
49796.1
43725.1
27574.8
41232.2
66978
50420.3
40174.6
45174.1
37477.9
44890.8
54824.8
60827.7
40560.6
46240.5
43584.8
52381.6
46475.5
53029
50392.7
55924.2
67617.8
72250
48250
51132.9
48497.1
50722.4
45416.2
40210.6
53131.8
48449.3
43963.5
55588.1
55109.8
31417.3
52361.8
54620.6
49061.2
53331.6
63209.6
67391
52606.2
40468.6
49432.7
44237.3
65653.2
55306.4
51763.5
46728.4
38568.3
37739.7
53398.6
67321.1
58733.8
43660.8
52026
62190.7
54811.2
57077.4
39214.9
49025.5
48357.9
52030.8
70995.4
59461.9
54671.7
55129.1
56651.4
51724.3
74531.2
58880.9
67221.8
49976.7
53233.8
44818.2
59029.5
57548.6
35965.7
35337.8
58286.8
49974.2
78413.8
58552.7
55871.9
48003.5
35303
43513.4
48217
73123.5
78274.6
53971.8
53639
57653.6
67163
46293
62962.4
65025
39476.6
40060.2
47694.2
65217.1
50994.6
46453.2
44020.7
66854.4
36826.6
45749.8
60296.8
56819.2
40953.8
52031
60425.7
58423
52695.4
46555.8
56886.5
38862.6
45391.2
46908.5
69056.5
59473.8
59738.4
35886.6
46983.2
48446.3
39285.8
63079.7
49552.8
35096.4
61170.7
42268.6
51453.7
47022.9
41574.2
40608.8
44155.5
40485.4
62343.7
52757.9
45720.6
43100.9
59477.9
31657.9
47031.4
56576.5
65315.7
56244.7
40028.8
38300.6
56252.4
48754.7
63447.8
45800.4
51635
58910.1
50764
51027.4
57424.2
36047.3
45373
46527.5
31088.2
56687.7
50275.8
55275.3
48278.6
53691.4
45127
40952.4
54980.6
51702.3
38308.9
53060.4
57781.3
58236.3
49581
38408.6
49940
54535.4
59665.2
50496.3
58586.2
57205
62158.1
54666.6
67147
47994.2
63697.7
51149.7
35248.7
53348.3
70233.1
57382.2
75714.9
64275.1
58427.8
59666.9
47181.1
63670.7
61272.3
41249.6
80864.8
54554.7
73604.9
51168.9
51377.8
47091.9
53070.6
55918.1
57888
63735.2
68443.8
50273
62593.8
46846.3
56162
65617.3
45257.7
51159.5
70599.8
50584.2
74044.9
40137.7
47896.1
42741.3
52687.8
63089
37043.8
57975
37372.9
61513.8
44404.3
71625
47325.2
55939.1
41966
44023.3
47266.5
60807.6
58933.7
73235
71371.7
62552.9
33143.4
62281.1
55796.3
42466
63346
79540.5
48775.5
52961.3
55259.2
55528.4
37947.8
36018
46827.8
43541.5
47666.2
42376.8
42780.1
42933.8
52341.1
46515.2
44400.6
55668.3
85294.5
54434
42451
53933.2
56199.9
38203.4
52105.7
48150.8
46272.2
48891.8
48051
38131.1
35545.7
49533.8
43851.2
42676.9
55967.4
54625.8
38661.1
46902.7
39338.7
38359.4
37324.6
41673.2
46856.7
39620.4
54333.8
46301.4
48751.5
38849.8
55711.5
41198.1
50570.1
25955.8
50026.5
68886.8
29275.3
45274.7
52920.8
47862.3
55308
34603.9
54803.6
59129.8
48352.9
51749.8
36540.6
44933.1
40449.7
42402.9
49628.4
61165.6
59084.7
42765.9
44681
37522.4
50674.4
55223.2
53313.6
63715.8
63015.9
48819
69709
38884.2
61476
54488.4
39723.5
49877.8
45136.5
44527.5
61475.8
60858.2
60917.8
57571.8
73131.4
45067.6
52298.1
55701.4
69741.2
58566.8
56950.2
60553.2
47260
51098.5
48923.3
82580.4
68454.2
57033.3
66112.2
76748.6
40176.7
49575.1
69016.3
54667.1
51453.9
52920.2
62432.5
57644.9
58341.9
53494.2
53200
49223
46848.2
46055
65258.6
49899.1
80604.7
85289.3
84570.2
51438
47837.5
44312.8
48244.2
60679.7
69996.2
46862.9
45814.7
45075.1
42437.3
70470
62441.6
43941.4
52140.2
33989.8
53609
43365.2
63486.6
74027.8
55820.7
39933.8
63073
51505.5
61871.2
61171
58604
41672.2
56499.7
52606
58277.3
79125.3
84171.5
54651.8
64810.6
62097
69712.6
67262.6
74904.4
76939.5
70572.5
49170.5
42082.3
30809.3
62804.9
61472.6
42394
64309.4
45699.2
49007.4
57472.8
57009.4
36815.6
43960.1
59559.8
61821.4
34235.6
48777.4
43969.2
45259.4
59758
54469
35583.8
51931.7
43242
35943.1
52248.9
52329.2
52580
35462
44114.6
42706
39493.9
46695.9
56491.4
45220
57398.6
65707.7
60336.2
35673.8
37997.1
38128.8
43574.6
50987.5
42107.9
58592.6
38554.7
37945
60299.4
49095.5
51024
63438.3
42465.1
28365.4
44087.2
32787
45013.4
51186.3
36581.8
63853.1
38206.6
59817.8
36338.8
48275
66094.5
50358.4
71062.8
59847.5
57506
53993
35259.8
54271.8
62875
55311
44539
49567
40591.5
48880.3
52033.1
51763.2
50451.5
63066.2
62134.1
54148
43924.6
51361.9
56604.9
47865.4
54745.2
54543.6
46737.4
66067.8
61524.1
58179.2
53870.2
55352.1
56820.5
58011.7
62616.2
54097.8
31328.7
37443.4
40558.9
61471.8
51449.8
59566.5
39841.7
51610.5
60086.3
44854.8
48911
61724
54027.4
48997.4
30191.2
49029
50734.5
34832
49717.5
40238.2
41951
58579.5
44549.4
68574.2
57967.8
41003.4
47517.3
54276.2
49872
43671
41509.8
57940
61533
33430.2
49955
60263.5
48034.2
67785.4
68544
34821.8
40480.6
55845.8
46910.6
47971
54197.3
36603.6
63465.4
66502.9
43899.4
50420.1
69472.5
47883.6
42061.7
53592.4
43702.2
59402.9
67977.9
39559.6
55206.4
48220.8
69655.6
72380.6
58909
54339.2
56805
54561.1
51712.6
52577.9
42309
53192.7
49934.8
38799.3
53061.1
41134.7
38527.8
47527.8
65329.4
42901.2
60332.6
39223
39457.6
55630.7
48240.2
49990.2
54937
50687.6
67185.9
41692.8
37238.6
53517
47474.7
43032.4
48187.6
61265.4
58424.6
68791
60352.7
78085.4
57829.8
49022.8
70028.2
29045.5
52010.9
47401.1
43270.9
63585
69194.8
68588.2
74059.4
51993.8
38909.3
46130.6
60193.6
46914.6
74081.6
55254.5
59105.6
71274.8
65880.3
34196.7
65504.7
48117.7
56581.6
48918.2
49902.6
70599.5
54332.7
58968.6
71757.9
61029.9
48804.2
58399.3
50292.8
65163.4
66311.4
66877.8
49993.8
51915
41926.6
41328.2
62345
34296.9
39564.7
31961.1
37690
39694.1
50303.5
38790.6
39392.4
53687.8
39028.5
53204.2
49410.1
43746.2
38232.7
49393.1
51556.5
45905.7
51094
39477.9
40668.5
59155.6
65531.9
45647.4
49554.2
31501.1
37805.8
30469.7
44905.7
56192.2
51511.4
38314.2
45949.8
36143.9
47827.6
63754.8
57696.3
38269
47736.3
41193.7
54376.6
37928.3
51036.2
37906.6
32195.3
58595.5
63076.6
47530.7
44141.3
49520
31441.8
40204.4
49387
51157.9
76430
66957.1
42933.7
47059.6
29097.5
47617.2
48725
51499.3
47765.4
50179
70769.1
43876
57914.6
58270.2
43300.6
42805.2
65062.3
51918.9
49360.6
38981.2
63409.7
57063
52231.6
47035.8
41387.4
48483.6
68739.2
49490
62799.8
46976.1
61572.9
41868
67842.6
47453.3
56777
45025.7
71885.7
71600.7
51556.3
57081.4
66573.3
43551.4
54323.6
63257.3
45363.4
49450.8
47459.2
77809.9
31309.5
64377.8
67878.7
55504.8
50566.1
45644.5
51410.2
46089.4
69264.2
60085.2
38544.4
39608.6
51299.6
43655.4
73649
32022.3
37223.5
39876.9
49223.1
66495.7
52978.7
38719.3
39228.7
32084.6
55615.1
38701.9
49501.4
46249.2
53320
34546
68631.3
37902.7
41425.2
54450.8
43697.4
54032
35741.2
62154.2
62137.3
57609
58213.8
39762.4
35878.5
42814.2
45461.6
59975
48586.9
70561.1
63218.6
77439.6
50581.7
52957.7
62490.1
41960.2
59528.4
51909.5
72341.2
56883.9
41929
53774.6
63754.4
58881.7
56433.4
51954.7
44755.8
72307.5
51887.8
63309.3
61040.2
42562.2
39949.2
63832.6
44773.8
44383.6
47328.2
45142.2
63512.6
50253.6
37902.1
55147.4
59800.6
50090.5
42780.9
59526.2
43283
57301.9
60114.1
42565
55510.9
38898.1
41477.8
43585.7
32402
61816.2
52033
53360.9
52957.8
48100.6
45703.4
62236.1
44655.5
51930.4
58788.4
61683.8
64264.8
40036
67779.6
44069.9
53685.2
63915.6
72995.2
61094.9
54676.1
58465.8
70090.1
70285.5
74302.3
70559.8
42771.8
39138
42949.8
68199.4
54798.6
62870.8
39583.4
59251.7
49844.6
46676.6
65975
59716
45022.3
66773.4
47804.1
37612.6
53257.7
47956
53984.8
32149.1
40231.2
55190.7
54362.8
44405.2
51400.3
58537.6
48645.6
34562.9
50156.3
56982.1
43894.2
48038.6
45246.6
47003.9
51438.6
41460.9
49819
43357
59555.3
61820.6
47348.8
34261.4
43604.7
37554.9
56686.8
70149.4
47147.9
51990
44600.1
32714.6
54640.7
54110.3
52023.3
50221.7
37194
51538.9
51389.8
40561.9
40238.2
52682.6
41879.4
38482.7
42854.9
65891.4
72445.1
43193.4
59880.1
54162.9
66710.6
59229.4
55878.1
59703.4
58551.1
46647.9
54249.7
40141.1
53568.8
37146.5
41868.7
40114.2
41087
40450
57356.2
48131
49474.6
46226.3
49039.4
50069.8
39608.7
57573
70473
56079.9
60498.6
43372.1
36162.5
72301.5
60555.5
61935.7
62613.3
33666.8
36669.1
41401.4
52896.7
42801.8
78323.8
41064.2
46587.7
52519.7
44853
56384.6
41740
48554.4
38955.7
36807.3
46430
62697.5
51388.6
47174
60085.8
58824.2
41364.1
44304.4
47280.1
57620.7
69054.3
59432.2
64769
45616.9
49901
61223
59746
56426.1
68870.8
54518.6
63022.5
58344.8
58809.3
34575.4
38885.4
76953
60992.2
60987.3
48767.2
54158.3
55874.6
59725.1
40346.9
62874.2
47219.9
54843.8
25527.9
37672.2
42127.4
66245.4
48317
36853.9
39888.6
39954.2
39075.6
41156
65475.5
51807.6
35376.4
63696.6
39364.7
49196.2
38332.6
33335.7
69818.2
58127
41397.7
59649
59641.9
51356.9
65964.2
51500.7
41665.7
57307.9
56254.3
53560.6
48009.3
50196.2
46602.5
48637.2
50102.2
37658
34873
35370.1
56723.4
47225.5
30195.8
47094.3
38654.3
51841.1
46562.1
41535.8
38689.6
38440.4
44707.6
48785
39328.9
64693.8
55914.8
43322.6
66518.7
54471.7
33482
56195.4
44095
38499.4
35281
68453.3
47289.9
38477
28597
67245.5
52598.2
45110.3
36395.9
51911.9
46519.4
64004.5
52485.8
39621.5
44066.7
51737.3
65482.3
53429.2
55851.7
60355.3
40752.9
46302.2
56200.8
54327.6
72403.8
63866.6
38901
51305.8
53056.9
48606.8
54764.3
55391
62665.5
53568.1
57960.9
48987.4
52966.9
65691.6
34601.3
41200.1
46169.9
39156.2
61293.4
64561
41965.9
39923.4
51315
52764.9
52050.3
46887.4
30774.4
54060.7
39558.2
58046.2
52181.2
49347
45594.4
48126.6
41995.7
43373.4
57461.8
46367
46232.6
51611.1
31411.7
48280.2
65263
84391.5
47573.4
35756.6
57620.5
48624.5
59720.2
61813.9
61563.1
44985.1
31443.5
44649
46888.9
30047.1
55152.3
52972.2
62432.9
47154.9
75465.8
31680.1
67874.8
44876.8
57629.5
62419.9
42762.6
46563
57462.9
42773
46035.2
39289
57639.8
60147.2
57315.8
83576.5
63599.4
63260.4
37799.8
46016.1
50661
54049.2
51609.8
65479.2
50106.3
50319.5
37921.6
48680.3
45579.8
36518.1
46835.5
62136.3
53214.2
47387.1
40965.5
51139.5
48710.7
65857.4
37045.8
54417
48675.9
62995.9
45351.1
44654.7
56085.6
56592.3
42480.5
45770.8
48686.8
69624.7
34683
50208.2
34590.2
32295.4
36318.8
48882.7
55479.5
49629.8
51544.2
40347.4
48002.7
46874.8
44627.4
48362.1
42138.1
35723.8
50698.8
33031.4
49469.7
34912.2
44816.1
48737
51551
38594.3
32231.5
56790.2
34409.8
46464
62069.8
55281.1
59354.2
52674.2
55475.7
42713.1
69673.6
36438.3
52741.7
49022.7
32333
59755.5
51516.6
46040.2
50529.4
41322.9
49054.6
69175.3
61073.6
57742.5
54703
41110.7
39152.6
53663.4
46597.7
54698.2
53221
46365.7
55034.6
51802.6
34576.6
58420.8
61181.1
40154.9
57172.8
46830.8
60550.6
54829.8
32403.2
60274.6
66140
49586.3
67428.4
44341.3
30614.8
58471.4
47202
63177.5
44333.6
63490.7
64628.2
60309.1
64518.2
48918.3
61373.3
36076.7
56139
46838.6
35964.4
53652.6
32982.2
48560.6
51527.4
48782.4
54625.5
50093.3
41294.6
56510.6
75505
62818
38804
50801.8
45766.2
53807
35630.4
64947
35727.9
33430.1
35984.1
44619.4
62596.6
29236.6
30653.7
41350.3
35663
39845.7
40209.4
44849.5
38687.4
57970.7
48238.1
41316.8
41638.4
41273.9
29040.2
51256.8
52165.9
40933
36180
34059.5
25066.2
29352.6
32025.2
51791.1
33777.6
37694.6
29013.6
50276.6
47084
38805.2
45115.3
49187.9
56974.1
34278.5
35830.1
34390.8
57014.4
39608.1
58325.8
34839.7
43639.9
45664.5
46354.2
40973.7
69684.4
57419.4
43920.2
44886.6
55269.2
40744.9
47829
42538.8
56195.3
49408.8
34934.9
36512.4
40631.4
62066.5
53163.8
56774.9
34026.2
36784.2
39289
50561
69310.6
51082.6
42466.1
62127.8
65811.7
36766.2
37303.4
40887.2
42406.2
53618.8
46343.4
58179.4
59863.3
44531.2
53284.5
41091.8
41944.1
56202.1
48013
46591
40437.8
35653.4
55137.2
68744
59329.7
57713.1
50966.5
49441.2
38806.2
41981.5
68582
37664
56257.9
55170.6
61545.5
31911.4
43601.5
49024.2
57396.5
56961.6
54983.8
54635.8
48138.4
44866
44165.3
49343.1
54551.4
56456.2
32283.3
51308.2
62877
65291.1
47690.8
45871.3
46903.8
61958.2
58239
36325.1
69956.3
33324.8
39647.4
46464.2
54254.9
45692.8
36950.4
39277.4
72489.7
63525.7
43093
39630.6
76825
74872
60077.6
60393
65688.1
56841.9
59203.8
70520.7
57005.1
44130.2
40595.1
46883.7
71585.8
53947.4
45016.5
46444.3
52932.2
66291.2
53418.5
41707.3
57910.3
46220.5
48302.8
32960.7
52678.9
79145.7
35702
70175
39630.1
37988.2
62073.4
55748.6
39346.7
51669.4
60772.8
47999.2
41598.7
42377.4
37794
32707.1
61383.5
50606.5
35495.4
35239
40034.9
34788.3
51139
59575.5
45129
46994.6
56507.7
56365.4
38341.1
42151
63113.1
68332.7
43011.4
66234.6
33007.2
43002.6
68785.1
53702.5
42443.7
58139.4
73903.8
50240.4
37179.4
54106.6
49816.6
58347.2
68374
62220.2
46483.2
59696.5
53167
55529.8
56965.2
50833.4
50598.9
33917.4
64238.9
53199.7
41902.3
56957.1
42367
48060.9
38859.2
56965.8
67854.2
38973.2
71669.8
77485.1
52929.7
43153
46279
71251.1
46751.9
46416.1
47158.8
58246.5
73789
46340.4
60974.6
56431.4
49848.5
61641.9
44791
54575.9
34088
50033.8
43593.3
54620.5
58420.6
68640.6
54656.3
60688.8
70913.2
43699.5
51467.6
39682.9
43181.3
44564.4
62221.8
69853
51407.8
36808.4
50762.3
28073.9
49879.4
46886.6
40481.8
48511.8
44593.7
49145.4
59445.4
62398.1
58111.9
68780.5
49920.5
53855.7
57349.8
55178
43826.6
38235
46182.3
84577.3
80682.1
53607.3
33196.2
41280.7
34727.6
35722.3
47386.2
70729.7
41344.3
41905.8
51673.3
40071.4
52027.8
44928.6
48451.2
36563.4
37164.2
44698.7
52406.1
43486.5
42781.9
55723
51710.5
43439
47451
38366.2
44574.8
50373
28321.4
29480.3
40964.1
43147.4
43306.2
52202.4
42806.2
59296.3
52715.2
30750.2
36952.1
43065.4
39311.4
41539
43780.3
42913
53173.6
51309.8
46640.8
29491.7
42826
47778.3
47619
24611.8
36795.2
47281.4
48128.3
29775.6
50553.7
46287.7
63931.6
35011.4
39222.5
48897.4
64919
63596.9
50029.7
34658.5
66428.9
39058.3
58926.2
62377
62762.5
62354
56209.4
52128.5
41310.5
52001.3
61266.7
58410
41802.6
49501.4
37653
40729.8
58261
56853.3
42247.4
48754.7
52232.2
43159.2
58178.2
73166.1
32216.3
43435
35752.7
53551.1
44193.4
43558.1
79288.8
45686.8
38391
42130.8
53627.8
56111.1
41904.9
66566.5
46767.2
39000.5
31062.3
52213.4
58325.6
51737
56092.9
81342.4
48128.4
48227.6
41409.1
59081.2
61456.6
70706.2
56421.6
47188.6
42399.1
59649.7
65859.8
39715.3
56335.6
58035
57824.5
59746.2
64710.4
61939.7
50561.3
49136
51017
50685.8
54156.6
45044.9
74385.6
66800.4
54542.9
50174.8
57565.3
41164.9
69462.7
55066.9
66112.9
50987.7
62227.7
44843
63847.3
47320.2
40632.7
43292.7
45478.1
61504.2
53429
61686.1
43237.4
50448.9
48610.5
56905
48856.5
53045.2
52749.3
43583.7
57891.7
43869.9
51806.6
62708.4
41799.4
46360
26904.4
42533.3
41365.1
75373.6
30658.6
54065.7
37791
53746.5
60270.5
69814.8
41134.6
49099.2
43209.1
39736.8
61398.5
59724.3
54966.6
52109.4
29784.4
35474.6
62604.5
59961.6
46788.3
56669.4
59614.6
48789.7
50391.3
45384.2
54548.8
44350.8
57286.3
62601.7
42373.9
57943.6
59165.8
37016.8
57194.2
45863.5
53082.2
49495.4
42892.3
69350.1
38690.5
36967.3
72666.8
48319.1
50131.7
47818.1
42132
48936.2
46076.6
61499.6
65020.7
54689.1
56277
46273.4
43867.6
44607.8
82933.6
52628.7
40426.5
39050.5
63538.1
52136.3
54059.4
69212.5
54605.6
50869.5
60384.3
57704.6
54247.4
57888
55248.7
49555.4
43970.2
48558.7
47935
45925
64118.9
55666.9
56523.6
67301.1
49745.4
43151.8
42856.6
45760.8
49003
46081.4
54940.4
54757.5
57662.6
50247.4
53316.7
51536.2
55619.4
73728.3
55848.2
68913.5
54892.4
46160.4
47671.4
36245.4
41230.5
46829
40586.9
40151.5
37222.4
68725.1
53667.3
50941.4
55117.9
48534.6
50096.6
50532.7
47088
57047.1
65483.6
69024.3
50790.7
54555.5
39342.5
75387.8
69094.6
65639.9
60900.8
76177.3
63689
57899.4
47350.6
74611.8
74347.6
55637.4
65755.5
54877.2
68859.6
57304.6
56142.3
51552.3
60977.3
56800.4
42249.8
56883.3
57294.4
29906.2
61814.2
56680.5
45079.7
60118.6
77550.9
46256.6
44253.7
42097.6
52793.8
67144.4
56567.2
33291.2
57812.1
59155.8
41919.6
61252.9
60034.8
46427.2
62348.2
48342.7
66272.5
42797.5
39901.4
46789.2
59657.6
42033.5
43850.5
54052.3
47868.6
58436.6
52039.3
33865.4
44729.2
46686
43377.1
54522.2
32835.3
42686.4
50647
45680.6
63762.6
38375
43686.6
61912.5
39080.2
53194.5
46915.4
40394.7
33629.3
46167.6
33606.1
41475.5
46875.8
60432.4
42173
48088.9
48502.7
38870.5
40218.6
34868.8
45393.8
49773.5
40452
26245.5
39680.1
43955.1
52375.8
50756.8
36480.2
43478
30057.8
34192.9
48502
48003.6
56141.4
34185.8
27269.9
56602.6
54559.3
44340.9
58557.4
35593.4
53532.6
37632.1
51486.7
56775.5
55698.6
55817.3
51889.5
51680.4
44939.7
46177.7
46963.8
40487.8
37701.2
69190.7
45801.6
46842.9
59572.6
43631.8
48188.8
43602.1
39094.6
36968.2
79648.7
48504.1
65516.2
58825.6
34434.1
55066.3
53449.8
43084.9
36383.8
50835.1
84451.4
40223
47701.2
58115.4
49932.2
45958.4
45046.7
69864.1
39841.8
57637.7
47537.8
47649
51603.8
50281.2
57164.6
74022
51423.1
44767.8
46405.1
40867.4
50778.4
56526
41458.2
40127.5
50033.3
48861.4
41922.3
38813
61545.4
68241
56056.7
44122.8
54318.7
55661.7
63664.8
44637.3
59628.3
64195.7
71251.8
64200.1
44637.3
43260.7
65451.3
68725.4
72886
60137
63945.5
48718.2
65921.3
64781.4
46103.4
67516.2
64634.6
71469.2
79551.4
51203.2
46391.6
49397.5
53975
39400.6
78519
51141.8
47697.7
42743.5
36465.8
58546.4
47633.6
59106.2
50164.3
43777.7
58591.2
53089
47140.1
62750.8
62779.7
50164.3
46513.9
54106.3
67555.4
55006.6
54221.3
39015.4
49503.3
44646.5
43775.6
54611
47967.5
48395.8
40493
49772.8
65001.8
36899
38006.2
62098.1
47155
56619.4
41066.2
31048.3
36673.8
45606.3
42459.9
54889.1
49242.4
40253.7
54196.8
49736.7
45894.7
46202.5
41354.5
45166.7
53759.4
80810.2
40282.6
30946.5
35925.2
56207
44075
60471.3
48447.6
66043.8
57750.2
35896.3
40048.7
42699.3
51752.8
37715.2
53125.1
66816.2
64178.9
55380.6
51037
54923.7
40066
50423.7
45007.5
33205.8
49386.5
34081.4
42808.5
42604.6
39966.7
59124.5
63584.8
57637.4
46052.5
59010
51239
33687.6
60496.5
43393.3
62320.3
36533
50141.2
46658.2
54936.1
54838.6
65240.5
33771.9
46200.6
25845.6
42187.8
32254.2
38667.4
39651.9
45353.2
43600.9
50919
49843.2
45696.5
36487.9
35485.7
49514.2
49013.4
69641.9
48706.7
48461.7
43578.7
51542
61180.8
68368.3
50824.6
55217.8
48131.7
63477.5
54986.6
56565.1
56499.4
46943.1
41209.6
39384.8
63265.3
47132
61175.6
33749.4
36660.6
41363
33269.8
53513
55119
56419.4
37263.9
45901.2
30613.6
46136.2
47237.2
64536.9
32869
42250.1
47516.6
45902.6
66644.7
39290.4
48264.3
50193.5
62668.1
48894.2
51439
83368
61414.2
66689.3
52092.5
57016.6
53398.4
38075
41933.2
43674.2
53226.7
51410.9
41961.7
51700.6
62916.6
40224
37746.8
36939.9
43836.2
38783.6
54436.7
50429.8
40621.8
42419.8
41665.6
37374.1
34056.6
46144.9
78190.5
59501.8
41134.7
39434.5
43296.8
33796.5
49935.8
66583
62559.8
44257.1
43094.7
35386.5
34084.6
64210.5
47674.2
52697.5
57692.6
47783.2
44760.8
54573.8
36331.7
45342.9
60750.2
57518.8
38873
54930.2
46990.2
60098.8
46240.2
48445.5
44509
47169.6
74134.8
71102.1
44951.1
37627
40864.3
40626.5
52772.2
55020.6
47091.3
55975.3
63295.9
43130
53450.6
54097.4
82453.5
74821.1
46200.1
42914.2
45504.5
65644.5
59106.6
53848.1
42042.6
42115.3
52264.2
63239.6
58473.8
76864.6
59203
41063.7
65435.9
47665.1
60272.6
79459.2
84160.3
75400.8
67655.4
33988.5
60293.9
62733.3
65851.2
58112.5
43409.4
56331.7
38809.2
52974.8
81782.3
54424.2
50368.2
49534.9
61527.6
45427.4
57880.6
45542.7
51506.5
37471.8
54768.2
43973.8
60079.1
48189
78317.6
59499.6
59287.8
66093.1
47194.4
47477.7
40709.2
33022.5
67218.8
56284.1
54992.2
35995
35226.2
62502.5
51396.7
62363.9
59273.1
56626.3
56146.2
28153.7
63769.2
47823.4
46475.8
53630.9
52841.4
39830.1
46237.4
56827.7
36856.6
40413.8
67806.9
25805.4
42505.7
55691.3
59934.6
58114.8
37906.3
48246.1
39386.3
44541
41832.1
54190
64850.1
45832.1
45276.2
46236
39014.4
50157.5
34622.6
53764.3
71059.1
61387.4
39034.7
48259
74878.2
28831.6
46747.1
50964.8
49285.5
41557.8
66021.8
32999.4
37550.5
34734.1
48265.1
58615.4
43865.8
69389.9
43962.2
60011.7
42637.4
40241.7
46711.1
56507
46783.7
40357.4
39855.4
46344.6
52396.4
50441
45682.9
57104.9
52130.8
44843
58756.3
58284.7
45768.2
51435
53838.2
50363.7
44653.2
54309.6
45350.7
30219.4
63360.3
63210.4
56002.9
45749.4
56248.8
35833.9
63851
71664.2
42683.9
51287.8
67447.6
45341.6
45866.3
46097.8
45070
48893
40315.3
52298
49616.6
55797.5
38469
47037.9
43629.4
52744.6
48091.2
44154.1
46423
39602.6
53832.6
49459.2
58250.5
57868.2
50286.1
47029.8
53024.5
71060.8
47915.3
83948.2
63094.7
46300.4
40818.4
59327
47560.7
48387.9
32352.6
55059
26468.9
47713.5
45595.7
44608.6
59735.2
49201
46407
30988.9
40376.6
42064.2
43218.6
47381.5
37168.4
55423.2
48242.3
40648.4
30379.8
31644.4
57331.4
42882.2
49287.4
32701.8
35701.5
53254.2
48233.7
48648.1
43128.6
54436.6
37485.3
47623.5
34086
38663.8
34510.3
56459.3
48992.5
54028.2
49889.5
43870.2
39663.1
57028.2
51862.7
49737.9
23352.4
36563
46107
45214.2
48138.7
64481.8
50254.7
50943.9
59400.4
36206.8
77294.2
52470.1
45823.4
51396.6
53601.6
46254.5
50260.2
52858.4
47760.2
37452.6
40763
52756.7
54192.5
62946.2
43883.8
49097.7
30271.4
34129.7
46800.2
45883.4
56235.4
58412.5
42470.6
65703.9
52553.1
36481.9
33808.5
69010.8
56493.1
64763.6
49262.8
38585.5
43825.4
58876.4
40509.6
41481.4
45137.5
62306.2
28158.7
57033.4
45290.6
45987.1
44816.3
46776.5
65990.6
43946.2
58894
37835.4
47667.3
66595.4
51277.8
65912.3
52539.2
27865.9
48803.9
56231.9
44276.8
58222.2
56780.4
33601.8
29536.6
31678.7
57373.5
43340.6
34044.6
42481.8
42902.5
61575.1
61250.4
59045.5
49462.8
46915.8
41552.3
47065.8
37408.7
49073.4
45981.3
46253.6
59661.4
42334.5
57313.4
32218.8
37636.3
55499.6
49493
54388.2
53495.6
61605
63488.2
58439.2
42030.1
57050.1
38757.4
77712.3
59015.7
69590.1
42492.8
50841.5
43524.2
52934.4
52849.1
43793.4
65690.5
41067.4
38304.1
49748.3
42169.9
49290.9
46112.2
59616.2
50710.2
44875.1
64491.8
59852.2
59710.2
60912.2
46825.3
44656.6
46639.6
64779
48347.6
53989.8
73565.3
42108.8
47619
59713.6
47596.2
43951.8
44705.2
56305
58219.2
71938.6
50220.5
50771.7
46170.9
49657.8
45375.2
60434.2
68530.8
65453.1
66743.6
49809
35649.8
68106
62303.8
61060.2
65655.5
41184.1
39009.9
50948.4
44968
46670.6
56980.4
52669.8
54248.8
59378.3
69271
55110.1
46892.1
38261.8
42418
52819.2
52178.2
54678.2
53815.9
58352.9
54712.1
49786.8
52735.1
47719.9
62039.3
66625.4
48488.2
54159.5
46645.4
52641.9
47965.6
49124.3
56160.4
58580.5
53365.7
40834.4
26729
62386.2
69629.4
64247.8
45517
41246.9
52038
46944.6
51813.7
65780.4
51380.9
45507.2
60752.9
59953
53981.4
52396.8
62824.5
40071.9
56384.3
82684.6
50452.1
71929.4
67600.2
56066.2
52188.4
65148.5
56642
63557.4
58745.5
73017.2
46154.2
60229.6
43754.6
68885
57960.8
51270.8
60624.9
49978.2
60427.1
58328.1
66516.5
40215.1
49332.5
81331.4
28392.2
51091.1
67803.1
60398.9
50350.8
50053.4
61553.6
36690.2
48630.2
59819.4
67964.6
54936.6
58668
56137
49929.5
40479.7
61649
65748.1
32681.4
50754.4
52273.9
61746.6
62722.2
55530.7
75648.6
43024.7
58285.2
34905.7
33538
39262.6
61142.1
60447.9
62368
66671.7
35778.3
66821.4
45816.6
56025.1
45090.3
72969
52896
55835.4
60034.7
64911.4
44504
33257
61727.5
65163.1
59115
58055.9
40929
39329.6
52917.6
62603.8
43734.6
54366.5
66313.4
60956.6
45507.4
45546.1
50955.3
55314.4
51990.8
50305.8
64833.8
57340.2
64132
34991.8
62629.5
36590.1
41454.7
77377.9
54145.4
51563
45428.1
48187.6
35623.8
38787.2
41165.8
37054.4
49896.1
51893.7
34195.8
62167.4
44995.2
71592.3
54225.6
55246
66622.8
58729.7
54271.2
48344.9
52676.2
57119.5
54223.5
63038.7
29007.2
63423.6
54653.1
52180.1
61268.6
57853.3
40622.9
55191.8
61827.6
66646.5
61874.1
50305
42621.4
30483.6
31886.6
50634.1
59396.4
59945.6
47138.6
48697.8
64518.8
50367.6
51222.4
60672.7
38741.9
36967.6
38078.4
48984.2
55706.9
52273.2
51280.2
33003.7
43889.3
29950.8
45782.9
42828.2
73189.8
36017.1
42465
48365.3
42735.7
40054
67338.6
59803.5
35735.5
33360.6
36739.4
28739.8
38155.8
56070.9
75721.5
41588.8
60747.7
45102.2
64182.9
52014.2
59360.6
47030.2
56749.7
64309.5
35526.7
42458.6
32956.5
45063.7
61620.3
36620.4
42598.5
46850.6
42197
54990.5
39710
46452.9
54341.4
53594.6
47908
43578.3
54293.3
61953.1
49571.1
42900.4
57348
35288.5
59007.6
45219.2
41585.4
49660
58641
36104.9
76214.9
54029.4
72397.4
43646.3
57233.4
53752.6
44679
68851.4
58121.6
54778.2
63842.2
37076.1
61774.6
38963.9
58610.2
35499.9
57811.4
36976.7
47173.5
41845.4
50803.8
40593.4
49585
43335.6
51243.6
54862.6
51923.6
48773.4
40333.2
57440.9
55641.9
53602.4
48546.9
51674.2
59051
43219.6
41571.8
68824.2
59707.9
50786.8
44227.3
71730.6
53315.4
59697.8
60425.1
46138.9
46257.8
36460.6
42461.4
60298.6
49217.5
55500
65363.2
44771.2
47323.2
55019.8
53462.9
57531.7
58025.3
62654.3
54548.2
47662.5
63932.4
57913.3
55607.4
58233.8
72307
52004.2
39902.6
70135.4
54485
68494.3
62464.2
63437.3
49104.2
70754.2
80701.8
54723.4
69651.4
54006
45437.2
58547.1
72930.3
82682
55776.4
82115
53865.5
37367
53492.3
68662
60998.2
69073.9
51513.8
53432.8
40835.4
56597
45602.7
80181.3
63253.8
51668.6
48984.7
36901.1
50985.3
68653.6
43037.5
51508.1
64654.7
43882.4
37684.7
52082.3
45135.7
69083.6
75198.6
50194.3
53586.5
51318.6
37837.3
64125.8
41503.3
42407.1
43512.8
59729.7
50834.6
38288.9
58925.9
72996.1
47563.9
80409
57959.6
59779.5
51347.4
44113.8
46283.8
44969.2
71581.1
54430.6
53734.2
51064.6
50728.2
41334.2
35777.4
36155.8
47086.2
69641.8
47058.8
61281.5
44603.8
52733.7
49834.4
41723.4
57141.6
59662.1
39019.8
59293.4
48547.3
50195.9
56427.9
59745.4
50298.6
53883.9
52034.7
53338.9
64328.2
58665.5
60175.9
33250.2
61403
57327.9
49560.6
52852.8
51799.4
50579.3
34091.6
51770.5
58637.7
52370.2
46957.4
30463.5
33224.8
57937.6
42184.2
53607.5
49548.2
49877.3
42469.1
39686.7
44781.2
49363.8
31815.7
61936.6
59527
62841
35503.3
40987.4
50417.8
47046
46749.4
67330.1
57839.4
50360.7
37820.6
38829.3
69504.1
38866.2
46002
44786.5
47575.4
47404.9
69061.4
44533.8
44015.4
33504
53154.2
52530.6
47868.9
50748.7
43648.3
49045.6
58480.5
41185.7
60154.2
44292.4
54527.7
48886.9
67250.1
68699
66919.7
44496.8
36270.6
51483.7
49320.7
51740.1
72383.1
57947.4
41736.9
41765.8
48452.9
49353.3
65836.6
56566.1
44370.6
50810.6
47300.7
59859.2
48413.4
55513.1
56562.7
35979.5
72688.4
55315.5
44570.1
43063.1
53062.9
61453.6
37711.2
35580.7
54028.1
47138.2
62929.1
50640
64961.7
41409.4
35684.3
33620.9
78333.4
41957.9
49805
65651.8
41148.1
48884.2
50330.6
41118.9
42016.9
65152.7
38512.5
55771.7
41534
69981.9
32940.6
35450.3
54166.9
35797.9
41022.6
53427.1
39086.6
49088.2
54193.8
47436.9
41662.4
38982.6
52569.2
61228.1
59827.5
54787.9
45930.9
47000.6
44675.8
28418.1
43303.8
64934.4
51737.8
54596.5
50519.5
60656
65320.9
51139.5
37304.7
48874.2
56910.6
61037.5
58950.8
59610.6
63013.1
39251.2
53572
59260.2
42426.6
46545
57006.4
42754.6
66350.5
42065
45482.6
34720.3
39152.5
56880.5
50322.3
56839.3
46070.8
42374.8
37774.4
38449.8
57658.4
41295.4
62736.6
62554.4
34663.8
39026.1
56334.6
43433.4
65238
68147.2
53644.6
43877.6
43604
60395.8
70179.4
58003.5
54677.4
61962.6
56111.4
56649.9
58607.4
62270.9
69023.6
68165.1
55154.2
58545.4
56125.3
71402.7
55323
68658
74653.8
59627.5
55145.1
52406
57390
54136.5
71471.8
55233.9
35975.4
53839
82531.6
75209.1
41107.7
65967.4
38650.7
41746.4
58641.4
66560.9
47289.4
66650.1
62046.5
48045.4
35443
69225
51344
41527
46347.8
56478.6
53068.8
63277.1
63186.2
50862.5
56090.9
75498.7
37510.4
61201.4
57164.8
66687.7
45938.4
54364.6
38378.4
49338.6
66933.6
60005.6
62593.5
44607.8
48457
53750.1
42322.7
51675.8
59016
44798.1
57645.2
55083.4
62251.4
69205.8
39803.1
60847.1
45252.6
40664.6
54333
55405.8
71573.4
42471
47910.2
66175.6
43958.4
50631.9
44554.2
38338.3
43207.5
55095.8
84019.8
72340
48323.6
36742.4
51667.8
49163.9
55893.5
68153.5
67220.9
67273.2
58209.3
51519
40421.4
42113.9
81816
56146.1
57792
40381.8
60767.5
37989.4
36915.1
77649.4
50100.4
63013.6
71532
54369.6
37383.8
42010.5
49302.5
52262.9
67840.2
62232.7
54794.7
58749
64249.4
36890.9
44714.1
55503.3
40641.6
54844.7
52036.6
62687.6
52554.1
42288.2
46165.3
36195.3
43140.2
34639
52673.6
58637.8
47259.6
70071.6
67827.6
50607.7
39473
54671
32195
49849.6
42197
59045.7
56559.8
54603.4
54779.3
42268
60756.2
38619.6
52707.8
60188.1
52562.1
30401.6
42687.2
59972.2
51444
48405
51864.1
31576.7
38946.3
49173
61184.6
58002.3
54248.2
56151.4
37923.4
44377.4
41882.2
60859.4
48725.8
50478.6
64989
57107.2
56106.6
42157.5
57101.5
53560.9
40162.8
41218.9
53203
45574.6
71701.9
66030.3
45082.7
53081
50211.4
41341.9
54005
51691.8
47937.3
72401.5
72552.5
53689.8
56024.5
59002.5
48051
64607.8
67160.7
65309.3
50349.7
59617.3
52632.5
64740.3
78855
57719
64530.7
61814.1
51934
61559.5
49263.7
76382.9
56249.8
46038.7
70887.8
50362.5
68962.2
66418.5
61694.2
54274.8
56021.4
45576.9
44117.5
58192
56973.5
57694.4
42629.5
56202.4
49362.3
54672.2
53261
57054.5
67162
42718.7
55385
58506.6
67109
74787.5
51245.3
37845.7
57252.8
55676.8
62892.4
45223.2
44822.8
56614.9
46884.2
49173.6
39049.3
60681.5
36340.3
56583.2
54712.9
44839.9
36867.8
57283.7
52227.2
36382.6
44545.6
33819.2
43325.9
50843.4
49289
58443.5
57809.3
48412.1
64808.6
61896.7
41978.4
66026.6
57433.1
53719
54593.8
60100.4
65823.4
63838.1
67904.6
48934.5
50568.3
41321.6
41943
41056
48625.4
51352.8
63470.4
74606.2
36987.3
55746.6
69208.2
56041.9
56991
73030.2
57679.4
26575.6
63393.9
75449.6
44223.7
60785.6
61397.4
37973.3
59250.6
69827.6
64729
61575.4
59720.2
44486
50141.7
59545
75043
47577.6
64271.8
38317.4
45377.6
58552.4
58476.6
53627
60334.7
61365
64876.6
63629.4
47579.6
60265.3
48543.2
47283
59331.5
56478
64688.9
43295.8
57309.1
56055.1
76151.4
61342
72441
55171
50515.6
57607
59976
49515.8
49954.3
47297.8
57634.6
56460.6
75396.8
58981.4
44901.2
41891.2
67668
51100.6
58154.9
52040.6
42341.4
46809.3
75545.9
55641.4
48492.2
55929.5
67285.4
42943.7
66469.3
63342.4
45548.4
57702
53519
27692
64263.1
39152.2
52000.9
64918.2
51238.6
34578.2
60742.6
50429.8
68773.8
61509.8
42235.9
45248.9
51911.6
57254.5
74978.6
48596.1
46953.6
45137.4
52151.4
52315.3
52679.2
43923.9
41191.6
34429
67895.5
53924.2
45660.1
40630.3
29928.2
47597.8
32413.5
51873.5
46540.6
59399
40747.2
45810.6
55957.1
48691.9
38136.2
63808
62308.1
36596.5
44107.2
51447.8
51763.4
55091.1
46257.5
51055
39650.9
54372.9
49390.6
63636.4
43454.6
57349.4
51355.7
39166.3
77131
63551.4
60155.7
58003.7
65425.1
28989.4
45749
44407
59077.9
42955.8
62958.4
68382.6
61985.8
68557.1
48723.6
67852.6
44409.3
43784.8
73167.7
56131.6
55787
53945.5
51284.5
49194.4
57102.5
60466.5
48331.3
49543.1
58955.7
33423.7
48195.3
40843.8
60841.5
52067.8
52724.8
65406.1
42409.4
52460.2
64024.4
69511.2
45503.4
57105.4
44284.1
65451
74794.4
68301.2
46817.4
62884.3
60807.3
50146.1
42501.8
54076.9
63172.7
52968.2
54156.3
43117
33531.8
37843.1
46458.5
48069.8
42639.3
41121.1
39648.9
41189.9
50910
62765
45825.2
33181.1
32476.5
48080.6
39272.7
54529
49159.1
45750.1
40988.2
56007.1
40356.2
71310.9
60415.4
51620.9
51392.5
33413.8
42245.6
59159.5
63701.9
52269.4
38891.1
52499.8
61037
30317.6
32155.5
51553.4
37899.7
57876.6
34289.5
33985
51431.7
43470.7
57950.6
57567
56783.2
56906.3
37057.5
24573.4
59151.8
43673.4
41557
62213
43489.5
45522.5
38687.7
69558.3
35913.4
48460.4
70390.9
63260.6
54632.8
38609.3
33259.4
29898.2
38271.4
53329.4
70303.8
62302.8
40506.2
52408.2
37475.1
46255.7
54232.9
39030.2
51585.1
55286.6
44743.8
47057.4
53640.7
40018.1
55310.6
48322.2
60622.9
54950
47587.6
42708.1
41746.8
38673.9
39301.8
44089.7
51276.4
62256.1
46089.9
66665
62679.4
44261
77251.4
66624
62835
63496.3
50148.6
54317.6
54335
63255
46654.4
50926.5
73170.7
30153.2
45402.2
44661
41903.2
45528.2
63628.3
42574.1
68352.4
67339
56594.6
49897.4
59946.1
63528.9
51917.7
59129.9
59604.6
59896.6
64557.1
47221.7
59782.2
44900.7
45147.3
49251.2
37747.4
62438.6
39107.8
64286.1
46889.2
28682.3
50703.4
47853.3
48956.7
45507.6
39911.4
29127
47697.8
61079.9
50816.2
71826
33690.2
42950.2
38484.3
48876.3
39918.9
28473
37602.2
35066.8
60179.8
30051.4
51087.4
44016.8
31075.9
48315.1
59950.7
37585.9
56243.7
28734.8
45181.5
58270.4
50194.6
60374.8
54914.2
25171
39484.2
41449
65848.6
46804.2
46646.9
49703.8
45500.5
42590
39968
59547.6
49547.2
65066.6
39234.6
57788.6
51905.8
51980
36614.7
42973.5
61583
48527.1
34004.7
68983.5
51983.4
34787.4
53153.3
53534.6
58641.7
34124.1
38941.6
44961.1
54229.2
55108.6
54171.2
55609.4
41201.1
40259.8
39103.1
62775.7
57606.5
56505
51422.6
64235.4
58808.5
47926
64386
65510
46762
31056.3
52350.3
44285.8
52695.3
69094.4
53022.5
51064.6
44468
43825.9
47030
32505
44039.9
56864.3
38306
43185.1
43140.9
45107.6
45089.7
35477.8
49826
59817.2
52543
37596.7
32928.6
47090.1
52692.3
53775.8
58709.6
47817.4
25336.9
40034.1
45723.8
46586.1
47605.2
65839.4
52232.6
50576.6
52339
43273.6
49251.7
49192.4
36672.9
40497.3
56432.8
67130.7
68042.8
49475.9
32025.5
60630.5
39648.1
55634.9
39555.2
56765
55061.4
28405.9
67708.5
72156.8
44601.4
53506.7
48232.6
51806.2
43240.2
49355.6
49520.4
47725.7
38758
38713.7
51972.6
37893.4
29239
57088.2
57515.1
64170.4
39370.4
48243.5
42593.7
63069.8
55927.9
71014.3
62343.9
36347.4
47197.9
57788.5
56668.2
57856.1
45087.9
49620.6
55276.3
46092.6
45820.2
57334.6
33545
47707.9
60122.7
63331.8
40107.5
54742.8
42340.8
43369.6
65606.8
42731.6
40162.9
33607.7
37735.4
39904.5
58625.3
44212.1
36558.6
44817.7
48082.7
36096.5
56621
28844
47655.2
65620.8
33264.1
37876.9
58052.9
45648.5
35762.9
48369.2
42665
69493.2
55943.8
77979.8
50751
45799
52418.6
58853.6
57172.6
61061.9
48392.8
70197.1
43406.6
48014.9
49065
56457
48981.7
37936
63208.9
40728.2
58554.6
37920.2
53040.2
59069
68596.5
66548.2
60520.5
42266.5
34815.8
35094.6
38793.5
59474.2
56077.8
53973.9
54800.1
59551.8
55786.5
50444.5
59621.6
44606.7
67526.9
54126.5
60159.4
64343.2
81450.7
59701.2
54467.8
45241.5
68344.3
76233
52022.3
63112.9
44616.2
59143.9
58480.7
47851.7
83989
83938.8
79501.4
63713.8
47885.7
35121.4
52237.1
59756.1
83215.1
63436.8
50819.3
51557.7
55941.1
56511.4
54527.3
71494.2
66057.9
47414.8
56546.4
54091.9
66009.5
69371.8
59141
79775.3
42138.2
44877.9
49542.9
54319.8
55018.4
54488.5
49086.3
56296.8
36673.8
34571.7
47844.5
71244.5
40973.4
38338.4
42517.4
63380.8
49922.1
49240.6
45271.5
49161.4
72936.8
69130.1
57878.9
57743.1
46207.8
59900
32944.7
67917
43472
51872.2
72791.9
49132.6
55062.9
51520.2
52027.5
50297.7
55780.2
73776.6
61308
53554.2
42318.8
68461.6
37154.9
60481.5
44368.6
63460.2
60016.3
39584.2
54067.4
52920.5
68607.5
59418.8
64538.7
27744.8
45334
54233.6
44476.1
57147.9
56347.4
33585.6
51642.9
44120.9
42574.5
51725.4
56733.6
47806.2
44115.6
47774.4
49555.2
66128.6
50862.9
40847
40723.8
42530.1
42675.8
41924.2
50519.5
67790
50664.2
36445.7
48027.5
54106.5
40769
70762.6
42540.4
36210.4
66829.9
45808.3
45870.2
33916.6
34067.8
62039.6
44120
45891.1
60161.4
63245
39458.2
41055.7
63795
55248.4
57193.7
46752.4
66565
61831.6
42553.8
70307.2
53631.8
34843.6
57318.3
48381
31085.3
61513.4
74065.9
41462
46523.9
55648.2
49587.8
36636.2
46354.7
65519
53173
38154.3
49539.3
36467.6
67528.1
50141
57614.6
60930.2
39619.1
56658.6
52754.7
50934.6
55325.8
49209.7
59005.9
63524.8
25358.2
64466.7
48697
60363.4
57994.4
42926.7
41742.2
66152.9
56223.4
38947.6
46617
55347.1
49012.6
63337
48134.4
48685.7
54595.3
72447.4
52857.1
43820.2
51193.6
56865.1
50871.9
44709.5
59463
53872.4
46463.8
48697.2
59794.3
53166.6
46262.3
39281.9
36077.4
55912.3
44537.9
54159.2
46750.2
53466.6
52045.2
59188.1
54386.2
49555.4
42845.1
33336.9
57405.6
56375.4
46978.7
66690.1
51997.8
46655.5
46069.8
49455.4
47319.7
43025.2
61286.2
34110.2
43604.7
40143.5
48418.9
62009.6
53737.5
37401.4
67588.4
34637
37609.7
50906.1
38244
35176.2
58695.5
39927.4
34306.9
57796.6
51885.9
32723.8
39178.7
36172.6
48478.1
62656
52659
36927.9
66279.6
62267.1
72690.9
38610.1
40080.7
39260
35607.1
55028.1
68769.7
42449.6
32267.4
42832
42394.2
41126.1
41386.5
59505.2
38804.2
55860.1
49394.3
51612.6
48593.1
54432.6
50733.5
45703.7
47792.7
45926.1
40366
32320.2
65311.8
71835.7
55572.8
47807.6
44681.1
32916.2
52643.4
52925.6
60145.4
55899.8
54162.1
65666.4
46786.7
52201
42860.7
42221.1
29381.4
62280.2
53055.5
42239.8
37617.3
43019.3
28588
39886.1
45041
63610.4
39934.5
56335.3
30489.6
44129.8
46287.6
48372.3
79542.6
55571
41188.8
37225.2
34548
45752
61469.8
45136.6
42751.5
55296.3
36318.2
45462.9
73477.8
70166.4
58379.8
32429.1
43789.6
44563
30995.9
57336.3
61584.9
70336.2
63721.7
30594
62927.5
46976.2
43479.1
67570.5
61948.7
57853.4
54686.2
42894.2
52460.6
50883.8
55609.6
60388.1
46213.6
54914.1
70336.2
44865.9
33037.6
56966.8
40095.4
44520.2
53450.1
55513.4
34476.5
46365
59946.5
52425.8
44612.6
45768.8
60400.9
42088.2
48886.2
54219.5
57469.4
55240.2
38785
59824.4
49089
38998.7
53883.9
39934.9
58194.5
44117.1
50074.4
46652.2
47382.2
40164.3
43708.2
58747
44617.3
52620.4
50673.9
43884.4
57308.7
46186
57348.9
52593.1
27950.7
58785.7
42623.7
39294.5
59008.5
55579.3
58415
51321.7
57308.3
40894.8
44602.3
37609.8
47294.6
60197.6
48433.1
50351.4
45293.4
43031.8
62694.1
66035.9
30691.2
51279.8
56436.2
64398.2
51759.8
35134.2
64089
55880.2
44289.8
44509.1
45923.6
44563.7
54963.1
43909.1
42282.2
48678.5
51072.9
61170.1
55103.4
42932.5
60014.8
32704.5
33817.4
63706.6
57450.9
66682.2
45497.8
47025
35264.7
49736.9
59476.6
65462.3
63107
41378.4
52525.3
57704.5
51859.4
57174.7
54836.2
62353.3
58580.2
63583.1
69154.1
52418
59187
66668
52699.3
47090.9
41088.6
49881.3
57138.8
74581.1
38176.5
59564.5
54544.4
41857.4
48913
55531.4
36916.5
56245.7
72144.1
35591.8
49667.7
48129.2
48891.3
39964.6
60285.4
43265.6
51440.8
49437.2
47329.5
40134.1
47127.5
48409.3
50672.5
38343.9
37696.1
46618.6
42539.3
49660.4
74394
54050.6
57732.4
45710.7
54705.4
50235.3
46820.5
63445.6
55978.3
63233.9
46078.2
52190.9
49824.4
35460.8
70812
39102.8
52197.1
61257
56591.6
42587.1
47470.4
29533.8
41392.2
56341.3
42454.3
58255.6
54187.6
57240.6
47373
48867.3
54717.9
44303.2
44020
63738.8
72505.3
49555.4
53249.8
48189.4
41720.6
45050.2
69175.4
60802.8
40097.1
49260.6
72689.5
57057.4
52841.7
67732.2
55401.4
45986.7
78757.7
49215.7
55628.8
40118
39608.5
40459.3
59299.4
51967.8
59463.2
41527.1
47876.8
49516.1
45596.4
58064.4
54941.9
50794.4
49623.4
49590.1
48661.8
31387.2
53504.2
65856.4
50640.6
37534.8
29971.6
28243
36629.3
38089.1
48586.1
44816.1
48966.6
41618.2
34859
58194.8
63660.5
62497.5
40786.6
42811.9
46562.1
29859.4
51491.6
68033.2
66734.3
43762.1
43760.7
35414
53085.9
52326.8
42454
62901
83210.6
56346
43974.1
48990.9
41532.6
58210.2
54934
55084.5
55768.2
43130.4
48432.6
58044.2
44943.4
61590.2
54387.5
49424
37827.9
68621
59819
47857.8
57302.4
45119.2
53459.4
62972.6
37369.4
49842.6
58815.6
67803.3
33391.5
56335
44509.4
55176.2
60608.2
48037.4
55192
67867.9
57816.6
60983.8
51322.5
42322.7
55977.5
85964.4
55393
69662.7
56316.2
50040.6
48000.2
50562
62647.8
64967.8
73651.6
44407.2
57445.2
55039.5
61405.4
63149.8
37456.9
48664.6
47335.9
56375
63358.1
75250.3
55121
65679
58758.3
58695
65874.4
56664
52748.6
45648.9
58754.7
54381.7
60195.3
63922.6
54746.8
63905.6
57088.7
67902.5
58379.5
70725.8
51177.8
65240.2
53173
48237.5
54748.2
48946.3
40979
47516.1
57180.7
67490.4
44998
55778.6
43663.4
46954.2
43123.4
47094.2
45510.6
48301.5
31364.2
41935.7
31519.8
52739.7
49974.1
61184.2
49066.8
38711.5
41060.6
46786.4
48525.8
49575.4
48697.4
39291.6
48819
75861.9
40651.5
48546.7
51204.2
33269.4
33558.9
38001
63215.4
45091.8
44337.8
55617.9
46561.1
75959.8
52033.2
57314.3
35994.6
56644.1
37330
51058.6
45467.5
51816
44762.3
46244
43608.6
53732.7
69485.1
58569.8
38172.4
54777
37807.3
44514.8
40538.3
44606.2
45585.3
76711.3
59935.4
49168.6
66727.5
43399
57924.3
44983
35091.8
70374.5
48257.5
71737.5
51552.8
49747.3
67445.6
66121.4
40541.3
72158.3
59603.4
63558.8
52433.9
58007.4
46165.7
51069
61751.2
84370.4
60851.8
59531.4
39072.3
74842.3
49421.4
51410.2
50277.8
52748.6
32454.5
58675.3
44213.4
66664.6
60277.7
43426.1
60842.6
60346.4
50358.9
83590.8
69821.2
74495.4
75014.9
76718.6
59312.6
65167.8
64341.5
68519.8
54645.4
49627
52029.4
45485.9
71077.9
56907.8
48187.8
82075.7
60824.9
70009.5
50436.6
61545
53135.9
54577.8
51814.4
63424.3
62443.8
54498.1
70238.2
47509.4
48859
66677.1
49841.3
55288.2
60289.2
77104.7
56565.4
53103.7
57111.8
56849
72458.2
79610.7
42570.2
65753.4
51541
48869
42807.8
56129.2
39652.6
54199
45750.3
32160.6
54610.4
49746.5
58998.5
38846.1
39912.9
50828.2
49336
63458.4
49730.7
38342.6
51267.7
65039.9
32498.3
48078.1
45122.3
61078
50934.8
61423
67959.1
52268.4
51168.9
60572.4
54457.6
58630.4
76392.1
74197.9
57535.4
47587.5
66313.8
42224.5
56598.9
36633.8
72921.1
53377.4
78932.6
82455.7
49158.4
62724.6
46535.5
39828.7
48902.6
47061.5
53405
39737.3
77896.1
44233.2
44833.6
49811.1
65140.5
47461.8
34565
41703.8
51727
32091.8
54255.4
25413.3
58631
55945.5
40577
56997.7
45681.5
53363.3
40955.9
40491.8
38563.2
51615.5
56059.1
73001.4
39874.6
64386.2
29782.7
45997
65690.3
53292
42463.8
64633.5
58670.2
46863
66518.5
53081.5
38313.8
35587
63930.6
59690.2
54663.5
53212.3
37778.2
47191.2
33893.9
38701.3
66763.2
58134.3
55305
45740
54661.8
44730.2
41554.8
64547.8
43270.6
39773.5
41753.8
50669.3
36974.4
54294.5
46111.8
53857.4
38615.4
34962.3
37488
42317.8
43951
62179.4
61265
52595.1
64884.2
77424.2
66626.5
44648.7
46828
62197.3
73383.5
51931.8
56093.8
42891.2
54174
52085
58561.3
59913.2
55870.2
57190.9
54045.8
49595.7
58190.7
64104.7
47974.7
42607.2
58345.3
57417.9
48943.4
45887.8
57528.5
53534.9
50608
37832.2
76218.3
50620
73960.5
68685.8
52979
51543.2
48363.2
67097
57950
57062.7
77042.6
46739.8
44546.6
69594.6
48008.2
51549.3
49322.2
42559
40752.9
78667.1
63179.8
83980
44783.4
40795
45292
48923.4
48299.8
61629
28322
29895.7
54231.6
59773
52036.8
47283.4
60597.6
59684.2
54889.6
70580.5
51071.5
47585.9
41059.9
64998.8
58148.6
55739.7
55809.7
55237.6
54681.5
50628.2
51528.4
53141.8
68536.4
65746.6
69946.1
44212.3
41948
33687.5
64871.7
46530.6
64051.8
48063
60454.8
40376.4
48974.4
54505.8
56061.9
49482
55827.4
54348.5
54000.1
39661.7
45686.8
59428.9
63012.9
40415.1
55187.6
49006.6
41338.6
58390.6
37536.1
66724.4
49852.3
40778.5
56255.8
44398.5
43804.5
55007.8
53307.6
42828.6
54580.2
57319.4
61447.4
51683
42994
54131.8
48830.7
54948.9
56193.1
58158.9
44702.6
35021
39311
61785.8
58139.5
48788.7
49581
51180.6
59528
56182.6
48449.4
57627.7
65687.4
75043
54731.6
41049.4
55774.1
59166.2
58165.9
59321.4
60444.5
75193.6
59457.6
50585.7
59251.1
60420.3
83773.8
59533.7
56285.1
50087.1
44571.7
69185.8
61611.2
71919.4
68751.9
58020.6
50238.2
59184.2
56262
71667.4
69483.7
73297.4
60859.7
46166.1
37532.6
52460.8
63227.4
57005.9
47315.8
31604.1
30746.4
43288.4
60380.8
65251.1
73998.4
45689.8
40149.6
54677.3
42134.2
53843.4
63971
61572.6
46727.3
41103.4
61518.2
44608
49162.4
36734.4
50407.3
36458.2
41752.6
53643.9
61498.9
44937.8
34590.6
44105.3
43950.8
42748.8
47934.7
54484
59848.3
52448.6
64461.5
54040.6
56867
41639.8
47480.5
48931.7
62173.5
53885.1
30408.7
30865.7
60882.5
26369.6
40116.5
41411.4
66545.4
51935.8
47523.7
43242.1
62313.3
40001.3
48849.8
58241.4
38499.6
50602.4
47030.8
46692.5
49785
49698.9
49497.1
49974.6
50776.6
59998.7
59364.6
41148.9
37368.5
59440.6
39768.8
62219.2
28580.6
42042.2
37188.4
39074.9
47479.4
72812.4
50667.6
43435.4
37492.9
26854.2
47873.4
61088.9
44282.1
70124.5
50846.5
50920.7
43877.8
73936.7
59628
38305.5
60714.7
67932.5
62072.2
50426.6
58416.2
43549
39684.6
74061.8
55385.1
59954.8
65615.1
38823.8
42935.1
55648.3
73393.4
45903.5
47217
53671.6
43774.9
47452.4
67217.6
67521.9
51340.3
66939
84583.5
37835.9
65206.9
49837.9
44289.5
45699
61811.4
50431
72593.3
50206.3
49538.4
53984.7
45776.5
55170.3
57790.2
58842.4
48434.2
49111.7
56589
35352.2
53411.8
51025.1
49059.9
60714
56057.8
42226.5
60617.4
62016.6
59317
45735.8
44573.4
66378.3
47017
39032.4
39717.3
37022.9
68179.4
50729.7
42676.6
51864.6
38650.2
49128
54144.5
31521
55182.7
53393.2
55779.5
50936.5
65064
42399.9
41105.8
50527.9
58083.4
71692.6
57093.2
59164.6
51297.9
47553.7
66319.8
65394.5
42274.8
34166.5
76321.6
53226.7
53832.3
58996.6
72400.7
39618.6
45645.8
48130.3
38532.8
39219.9
54656.2
71022
50368.4
52705.8
85241.8
50862.7
50453.4
61239.8
64559.5
50641.9
59109.7
61883.1
47460.4
63451.4
32481.6
57989.8
64922.7
37734.2
52349.6
67365.4
46815
58630.3
51811.4
44959.9
32113.6
45050.6
41495.6
31964.5
49642.3
38259.7
42181.9
53626.6
34469.3
52695
31056.2
34291.6
40035.5
44974.6
47853.6
33747.1
41508.6
28119.4
31892.9
49817.9
57784.4
50126.4
53570.6
42109.2
52840.7
46254.9
41420.6
46754.2
54302.6
67187.1
41312.5
39679.4
58314.9
58428.9
51661.8
53051.6
41857.1
57696.3
60088.4
58319
54357.5
49839
60835
56735.6
71219.6
72025
50977.2
48636.1
55789.8
66030.2
53642.3
64099.9
58594.8
46709.8
60588.4
60853
42125.3
60189.6
63472.1
59853.2
59471.4
59456.2
48241.2
63040.2
69877.3
54780.2
58140.5
51555.7
67451.8
59924
49198.6
78906.2
78794.5
69166.3
59107.3
47093.1
49509.8
65610.7
61859.4
48215.2
41092.7
38961
60261
48556.2
62657.4
49928.3
49248.2
65580.3
45217.8
53006.4
39980.2
67616.9
48831.4
49446.5
50394.2
52798.3
72315
58212.4
42761.5
51572.4
51478.6
42294.6
44557.5
51295.4
77142.2
60403.9
57907.5
44370.2
58859.8
59705.4
47636.2
42736.9
63411
48935.8
56056.2
55978.4
63278.7
56101.4
69198.5
63043
55847.4
48396.9
56089.4
53081.8
63031.2
58256.8
52435.8
46865.3
43475.8
47820.1
53645.4
48673.4
47637.4
51269.5
48997.1
45132.8
71182.9
56365.5
61981
45331
56533.6
63499.3
49731.1
40249.8
54975.8
45507.1
54059.1
29979.7
46887.2
33717.7
55045.7
47692.6
62182.6
49692.3
55891.9
60575.8
47379.4
54517.3
61967.4
59884.3
40615.4
46992.7
56102.9
48195.2
67005.3
62062.2
70063.5
45886
63954.7
55901.8
45800.9
57564.6
46039.7
61879.2
56623.8
69550.8
58525
64559
50060.8
49296.6
57858.5
46129.8
54692.6
49896.6
58500.6
60551.8
56127.7
59518.9
61797
66189.4
57937.1
42260.4
45272.6
57167.5
53545.1
48647
80637.4
58600
65059
58413.6
41981.8
49783.4
51569.8
46117
47551.3
46998.5
42961.3
54068.2
74959.6
58697.5
52990.1
49425.1
39847.5
54549
53144.8
52205.4
51311.8
46640.5
41115.3
45703.9
49734.6
41492.6
50735.7
59717.6
62126.8
50156.7
57654.6
54551.8
53086.7
70420.2
79619.2
53033.9
61651.4
60953
58548.2
51357.7
75490
59078.8
65279
61629.6
54359.3
63275.8
46705
58065.7
69078
53146.7
48051.4
67495.1
55075.7
55574.2
43536.2
57197.2
46661.3
53527.2
46869.5
53945.9
43057.9
61777.9
42814.3
58479.1
61398.3
49255.7
47481.5
66707.7
54106
50817.9
56177.4
64280.6
71160.3
50941.5
46804
49689.6
44817.3
38063.9
45581.3
39847
53976.4
40553.7
55746.1
43322.6
55964.9
40518.7
50815.1
58869.1
68833.7
48252.1
63698.2
54053.2
62704
61506.2
52255
65939.2
72860.9
54034.4
43803.9
46613
60270.2
65076.1
63314.1
57154.3
42140.2
52111
56008
47254.5
50133.9
75029.6
52238.5
48777.2
34444.7
45701.5
34759.6
59243.7
60131.8
45103.6
44211
45101.9
43620.2
49663
44130.2
59722.6
58580.9
38867.6
62852.9
59251.6
60637.1
30293.4
35491
44705.9
62690.2
55622.8
50098.4
43613
47590.1
42470.7
51619.8
68954.6
72167.4
64315
31006.6
42626.7
49550.2
50481
60875.8
65353.7
47795.2
56061.1
59632.4
58750.2
46042.8
40044.2
67891.9
60828.7
54510.3
49131.5
47565.5
48343.6
69852.2
57610.7
67563.7
41347
52203.8
50331.9
39603.8
69861.8
57815.8
37437
48622.1
53911.8
49429.8
72230.5
42036.9
40989.4
56314
55963.6
70513.8
39887.4
38071
44094.6
31318.8
47509.4
42651.6
41481.5
59530.6
48882.6
50063.9
54534.6
46611.4
37243.1
50910.8
76799.7
58708.2
54412.6
46427.7
44792.9
43472.2
49055.6
37998.7
51689.8
56378
53798.7
32864.1
40462.2
32398.2
83033.6
58715.6
48737.8
34430.5
40844.3
68572.6
45211.8
37452.5
62720.1
32314.5
50494.6
46960.9
58111.1
37589.4
50221.5
44526.2
62173.4
46877.8
43417.4
51611.5
47716.6
44455.2
46446.8
52645.5
48484.8
37400.6
29516.5
46517.2
34133.3
47075.4
48804.5
47118
31269
51116.8
58036.2
43701.6
32780
41260
40959.8
37205.8
46506.5
47851.9
45924.7
42444.4
52293.6
32326.7
43736.6
49641.8
45313.8
32784.5
35245.1
59662.3
54495
35101.2
38998.4
53305.4
27155.3
31150.1
53571.7
57465.8
80059
40366.6
39937.6
34342.5
66607.4
67007.8
65734.8
38073.9
59482
46666.3
67284.7
46960.3
38282
61029.4
61530.4
46628.3
41999.8
36314.1
60808.8
60338.9
67382.6
59002.3
45756.9
38639.1
49968.7
38070.9
60488.1
50947.3
48666.6
50111.7
48024.9
41464.9
58413
44747.3
50521
61778.6
24010.4
41815.3
50712
46192.8
45949.1
84522.1
55275.3
51153.8
52891.5
76384.2
68571.7
67761
47836.8
47649.5
38796
56920.2
55359
43640.5
44521.3
55574.7
58499.2
46343.6
56130.1
50184.6
51249
61960.5
47900.3
58744.2
61544.7
40611.5
47040.7
53110.8
50949
58798
52695.3
57636.2
41086.8
65727.5
73073.6
45881.9
57197.5
51823.6
56827.8
39722.8
45641.8
52518
61508.5
63016.5
61360
54551.3
61681.6
47921.4
55100.7
58132.2
49782.4
38521.5
59067.5
52263.8
59869.7
51052.2
38997.6
81841.7
82715.1
38060.5
33912
68949
49742.7
42424.9
58634.1
62585.4
46678.6
43253.3
51161
35455.4
56266.8
52166.2
55062.1
48392.4
52916.2
49794
36881.8
49820.3
67989.8
71537.3
37772.3
36183.8
50281.7
56999.7
68265.7
51644
71366.6
61573.8
63737.1
41611.6
49346.2
57795.8
75330.3
60313.9
47293.9
45909.4
61997.6
35539.5
54229
66814.9
64387.8
53978.4
41063.4
67391.1
43312.5
63223
50119.6
63805.8
42597
53084.9
69760.6
52323
56274.2
42261.6
42012
43937.5
44877
45850.1
47701.1
50105.2
63176.1
48812.4
71952.6
43968.8
47428.4
51386.2
60934.4
49612.3
31835.8
65622.9
65461.8
58335.8
77179.2
47352.9
44872.6
57969
41880
46389.8
46677.5
68080.4
52099.1
42063.1
55306.6
62277
59850.7
84648.2
56861.6
50343
33448.8
61576.6
43840.2
58527
56974.9
50016.9
55713.7
36066
48193
49403
61395.7
58957.4
45356.9
45173.2
48911.7
58385.7
58806.2
58638.7
47021.4
37672
56917.7
55761.9
63236.6
71677.4
54619
46259.4
41530
45580
49230.6
60966.4
59167
68472.1
59066.6
33698.6
48314.6
47082.4
61419.6
55003.2
47877.8
58961
39890.6
39116.4
59320.8
45809
38829.4
36054
69490.3
51444.8
40675.3
33719.9
58397.9
37707.8
52518.7
52884.5
51149.8
39565.6
54157.9
54781.5
46990.6
58609.3
59660.4
52690.2
52394.6
47748.7
45729.4
43174.7
51075.6
50196.2
37320.8
36246.5
53567
31609.1
43338.4
64454
38127.5
42826.6
46817.3
35138
40479.8
64534.8
39013.9
53378.1
34948.2
51626.6
49919
48633
66637.2
66939.6
37444.6
50259.6
44947.3
50025.1
55246.4
42142.6
56177.1
75029.1
44268.8
36268.3
48245.1
55635.9
45080.7
38717.5
36544.4
57844.7
35845
35060.1
63803.4
29272.7
52416.8
59610.4
56276.2
54260
52539.4
49395.7
49028.1
42820
55985.8
52614.2
68015.8
29168.3
37544.3
40206
67259.6
51780.3
70805.4
65416.9
66291.5
47018.5
39850.2
57493.1
58540.6
47723.8
56034.1
62793.4
57435
73711.6
53233.1
49706.2
71192.2
51890.3
59566.8
50895.7
54705.2
31055.5
59605.9
60808.8
59966
61798
64567.5
42394
55184.9
55347.5
59022.3
58353.7
57541.8
54787.1
50687.3
65662.8
61730.9
76095.4
45416.5
48610
45985.9
63856.7
65937.8
62144.2
67714.1
68389.3
38765.9
48025.7
54339.4
44610.8
41880.2
39482.7
67407.4
65319.8
43022.1
60648.2
44136.6
57459.4
58495.2
56402.2
59562.5
48208.8
35718.9
42066.5
46613.7
44882.8
43867.4
51072.6
49593.8
40233.2
50978.7
57106.2
62648.6
72213.1
38365
43372.6
49995.3
71277.2
32973.8
60435.9
55243.1
35247.8
64875.9
57347.7
44310.7
42673
40725.4
47569.5
43940
39644.8
51424.7
55173.2
65870.6
27021.8
34997.8
56383.2
60029.9
39865.8
45393.6
49348.2
69713
51314.2
48235.8
39375.3
63860.6
45280.6
44813
43984.8
65096.2
38365.1
45591.3
36752.2
65433.8
52667.8
61858.8
56181.4
41969
38991.9
42408
47070.2
48574.4
52526.2
38767.4
58906.3
63024.5
51216.9
58863.4
39788
41047.4
52102.5
57789.8
44897.6
37842.1
62041.4
50235.3
46356.4
52565.8
49825.7
77063.8
49105.7
47550
51462.5
52751.3
58571
62563.1
57217.9
41791.7
40820.5
45173.4
56156.2
62275.3
43318.7
35622.3
59788.6
42313.3
52593.1
71439.7
38327.3
61189.7
45366.1
32493.2
30315.4
40997.2
46932.8
39691.2
33779
39021.1
39925.9
29040.5
47463.5
44149
44447.3
43821.6
36386
43889.3
37368.3
39564.7
31726
33230.8
48542.5
57633.7
39213.6
34324.6
22656.7
36681
49188.9
49350.4
52782.7
40551.1
48001.2
53890.2
50389.4
42535.9
30561.8
53365.8
43911.8
71667.4
57226.6
49005.4
49387.4
56997.1
54619.1
62191.1
45699.3
59475.8
57899.9
47698.5
57279.2
43216.8
30746.8
56471.1
47012.1
60471.8
57249.5
59927.7
50539
61718.4
59237.5
52339.3
46786.2
28683.8
69851.4
35726.2
41539.3
58746.6
46613.3
46311.1
35319.3
55923.6
48515.8
46570.6
64715.6
48348.6
41725.1
50357.6
51036.6
48574
40359.9
44119
55796.3
61623.9
55967.3
53251.4
33863.8
55729.4
41957.9
47901.2
54978.5
61401.8
50056.5
39879.8
58436.2
54972.4
39028.6
70150.3
61566.2
67212.9
42292.8
47104.2
52207.1
65396.8
61476.2
49236.4
46643.2
42092.1
47413.4
55302.6
55979.8
55308.7
38926.8
45761
45439.4
48008.6
62503.4
42280
54741.8
49435.7
67013.6
49543.8
39205.8
64019.8
71065.6
31402.2
55346.7
61278.9
53141.6
67470.7
50135.4
72044
47646.2
56065.8
68186.2
60426.3
50756
53868.9
53271.4
53092.3
49951.7
40718.8
54281
56763.8
39953.6
67364.3
45792.1
49662.5
46439.9
42232.9
39763.4
37994.2
56515.5
44009.5
61659.6
70997.7
56672.2
53530
55848.6
46260.3
69286.2
58543
67746.2
59314.9
66603.4
49247.4
53310
44252.4
50798.6
44837.7
57805.9
66737.3
61870.7
54435.7
44452
67423.7
54420.3
49992.3
51976.3
74803.4
50687.7
41001.7
57523.9
50330.4
65277.7
42527.6
61304.5
69663.4
48637
67695.6
69069.4
64635.8
54264.3
53254.9
39971.4
56427.7
50361
43167.4
48220.5
49220.6
53415.9
43237.1
32134.5
43992.2
53706.2
69165.1
50502.8
60345.9
41633.8
49455.7
71285.4
65986.8
48939.1
48484.4
52339.8
47570
52600.3
46178.1
57575.6
36639.4
61079.9
37750.6
58749
49436.2
51900.8
51869.4
55385.8
64202.7
33842.6
36034
54547.2
54317.5
37931.9
66195.5
53779.8
46236.2
36138.7
73432.7
43242.2
28710.4
38000.8
36764
43564.2
38764.7
65030.3
56353.1
44152.2
63148.2
37186.6
40321.5
64789.9
45472.2
45411.4
61821.7
48614.5
39293.9
47366.7
50508.6
66890.3
55802.6
45848.5
31573.9
47510.7
35260
48134.4
51082.2
64519.3
40133
52499.2
42205
46714.2
54782.4
44809.5
41867
31105.6
45307.8
57383.5
40826.6
46150
53339.8
34265.9
37413.1
50774.2
44712.1
54099.9
52523
48188.6
45430.6
50659.4
49332.8
58514.4
41569.5
55435.9
47379.1
58337.7
50287.7
39967.6
49291
75535.4
48045
75702
57862.1
63125.2
50532
62443.3
44757.9
47404
62550.5
49573.2
57831.1
53414.6
48165.4
67651.6
41334.9
35382.4
61513.1
74050.8
77724.2
44724.1
52762.2
33099.9
54417.1
52047.7
58402.5
54121
47468.9
55871
57397.6
50663.8
48708.2
47914
45071.3
60521.1
58947.8
64642.5
75473.3
45706.1
57575.6
62702.8
54079.4
42117.4
56884.6
71186.5
51045.8
84445.3
54980.7
67439
56368.2
62673.4
68659.8
52034.2
49602.7
53809
58656.8
70866.6
67016.6
61419.2
70200
59555.2
82443.4
64717
79266.4
65727.4
77479.3
54513.1
54375.1
46674.1
48000.2
53561.9
69116.1
53567.3
71599.4
56124.2
49125.9
40089.2
60864.9
69427.8
46067.4
63973.8
49232.2
60941
52301.5
54040.5
58397.5
53818.4
58529.6
81447.6
57657.8
45642
59154.3
66114.8
35802.8
70101.2
55663
39347.4
70488.5
47752
65979.4
53900.6
64137.5
57234.5
42742.7
59159.1
73681.1
57656.3
37945.8
48376.1
58540.5
58933.8
55743.8
57926.7
51105.8
59679.6
60715.6
54285.6
32929.4
41363.8
56522.2
38363.8
45557.3
62265.3
66821
29563.3
50070.6
57499.1
34994.1
39660.4
64204.8
66978.4
40219
61423.5
34200.5
48340
53075.1
43063.1
43827.3
65670.5
52654.9
62331.2
71800.6
59164.7
38507.1
58508.1
69639.5
60915.2
37934.3
47415.2
54897.2
66191.1
49313
62244.9
31278.6
74644.5
63700.8
53938.2
69729.4
49557.2
64337.7
68423.8
61358.9
52077.6
43312.2
44027.3
50762.6
42819.8
42495.4
65458.9
57135.3
55125.6
50611.4
52589.4
55273.4
62732.6
32812.6
47839.8
57425.8
48245.8
49101.4
83643.7
52958.4
51207.3
42796.6
31608.7
48003.1
62242.4
32057.1
50963
38123.4
36063.8
41222.2
38378.3
30397.8
40613
46311.8
50574.5
65681
31819.3
31473.5
51644.4
44752.2
42561.8
78768.2
43754.2
37069.9
44672.6
50108.7
47206.2
40462.4
45043.8
43749
50157
51303.8
41567.3
65333.8
48681.7
50641.1
43027.8
45044.9
43702.7
63235.4
43378.4
35612.6
45571.1
41039
45837.2
35717
38477.4
31479
45522.2
34576.8
55866.6
39355.1
44832.1
37861.6
39753.2
41871.3
41940.5
53944.8
43085.4
38740.6
42888.7
34894.2
45175.8
42822.2
61016
53397.3
52577.4
54134.8
39200.1
33924.8
50215.4
54022.8
46456.6
48942.4
68672.6
45935.6
69460.3
29323.5
37333.3
66035.1
46491.9
38323.1
39907.5
38741
62252.1
45843.8
39842.3
42620.1
45522.6
61396.4
31750.7
59157
61230.6
40866.1
54795.4
41846
37474.9
72553.8
52297
37825.5
44101.6
57843.4
59464.2
51945
50369.3
40989.7
44382.3
47253.6
43393.3
57218.2
60333.5
52193.3
41123.4
66678.6
50289.4
42966.5
68645.5
44159.5
41636.6
45537.6
64887
45334.4
55376.6
36039.5
61504.1
59702.9
50323.4
45716.8
37099.5
35804.9
58670.1
57995
53592.9
37750.2
38304.2
42970.9
40530.5
43245.7
52156.2
31409.8
59273
56204.7
70741.2
49230.7
64716.6
70927.8
41972.3
33217.7
64345.4
57014.2
59043.2
36060.2
56722.3
38286.4
38563.6
56796.6
71398.2
62705.5
39258.9
38592.2
39675.3
55227.1
48757
34956.1
36219.9
52645.4
46978.4
49397.6
44612.5
57280.4
36630.6
48524.1
52950.4
28193.6
67296.1
50472.9
48973.6
60997.4
37821.4
68471.8
72300.6
62552.8
75682.2
55056.6
54135.7
60500.3
59677.6
39064
48186.6
53225.5
45079.4
63208.2
63021.3
66402.2
61801.3
44887.4
50565.8
62066.7
58080.9
63259.5
57540.2
45741.2
59360.3
53420.9
54645
42899.2
44939.2
35694.2
49206.9
48771
44534.1
46261.4
43310.3
41568
49120.3
58940.3
42131.5
48374.4
28409.8
54362.7
47143
42459.9
56244.9
50724.1
55556.4
53175.2
53428.9
64758.7
62486.4
27175
36279
44252.8
44117
51560.2
41599.2
45408
59625
50599.3
31583.4
49928.3
52449.1
47463.4
49809
42749.2
49967.2
52274.1
65985.4
52859
38585.4
45123.8
58343.2
55197.1
61922
70410.6
39800.2
66813.2
33871.7
47584.4
48376.8
43917.7
53744.7
40011.4
44093
42107.1
65176.3
42350.3
57755.5
53187.3
55319
43786.4
45348.6
59382.5
34856.2
56090
50385.1
45290.2
52289
58076.7
58999.5
49151.3
68361.4
49173.2
44439
61838.9
57262.2
29799.4
52196.6
67011.7
65583.3
62520.5
72113.4
57466.5
68814.2
65914.2
50526.2
60168.3
58554.9
50314.6
56826.2
68158.9
52513
60293.8
71054.7
37287.6
62283.4
49605.2
56978
66151
62069.7
59527.5
76235.6
58780.8
60836.7
58996.6
47395.2
49775.8
54359
66117.8
68124.8
68785.6
50197.8
62862.7
74115.2
65649.7
74175
57723.8
48793.4
47178.8
50329
30365.1
46310.3
76479.8
67417.4
45729.4
54240.2
43842.3
67067.7
59850.8
68332.2
56427.3
49353.2
42375.4
51218.2
39410.1
66746.2
55713.8
43938.1
58680.9
58030.2
41769
47605.7
65617.4
63505
63360.9
52366.1
45254.6
57334.5
46675.3
60631.1
40183.7
47703
54841.7
45868.2
65768.3
57384
48430.3
75496.7
71193
53761.2
54382.1
62326.2
60428.5
53330
47156.3
55518.5
47399.4
57238.2
46245.5
55753.5
49279
48668.6
56668.3
48573.4
55219.4
48907.8
51175.4
66197.2
48574.5
60809.2
47473
56155.9
56419.4
48980.3
61162.1
45719
60926.6
54689.4
48473.2
59572.2
64704.2
56137
49616.4
38435
42239.2
54017.4
67398.8
51014.7
45026.6
41532.1
64359
58619.6
45565.9
41424.8
50490.4
53532.5
48709.4
58748.8
60544.6
44895.8
49520.7
61519.1
67353.2
45392.2
46894.3
48599.7
35307.3
46580.9
50381.9
60375.4
46507.5
50628.1
48535.8
67392.6
48958.1
66511.4
68441.5
53116.1
52892
50715.4
60903.1
55626.5
53646.2
68004.2
38740.9
44614.9
63859.8
55741.4
56745.6
59550.2
63192
78616.7
49972.7
59466.2
48734.7
43749.8
37753.8
58150.2
50494.1
60146.8
50909.5
66922.7
67302.8
39008.5
42579.6
50094.3
50975.9
72783.8
49057
46852.1
49919.4
55680.9
83782
67482.4
72054.8
33996.6
53722.6
40487.4
65171
55158.8
66121.7
76599.1
55703.4
56746.8
39009.4
52121.4
59564.6
53276.6
75677.8
46972.5
42771.6
52750.6
43635.1
66516.4
58871
55548.7
59923.4
48597.8
56626.7
34025.1
63763.7
66546
69671.8
52141
43406.2
51364.5
51792.5
66149
60163.8
64168.6
48257
60767.4
49383.3
65225.9
48605.7
56688.3
46710.4
38696.2
58772
52278.7
64059.8
52450.2
35272.3
44038.6
63022.5
68204.9
51335
48360.7
34368.7
44927.8
49271.4
52444.1
59607.8
42310.6
39599.3
72697.8
24884.1
52327.6
58830.7
61569.8
52684.3
46971.6
48668.2
58564.2
49223.7
65938.1
56228.8
48870.4
47805.5
50481.9
77601.9
51294.6
45279.6
65846.8
56003.4
40168.2
50330.4
56657
48072.4
61500.6
41021.4
56674.4
40989.3
41520.9
46414.8
71222.6
73741
53302.2
58961.1
54813.6
70976.2
45563.5
55124.7
46393.2
52220.9
39998.1
43033
48329.3
59226.3
64084.5
45617.1
54846.2
40587.4
61729.4
59423
44905.6
41209.8
49078.6
39238.1
75690.7
47257
50248.8
75157.6
60523.4
53273.4
51812.9
55506.2
45403
51636.5
45715.4
40115.6
59715.9
60306.4
54793.7
44705
47560.1
73894.6
68671.6
76081.1
47985.4
67857.8
46432
44978.3
44985.8
71463.3
68542.9
64572.8
51190.6
71616.2
65948.2
56616.5
51133.5
69629.8
66169.5
67666.9
68066.2
83285.4
39821.9
63359.3
47510
59214.2
37527.5
40330.4
61686.2
62077.1
41570.7
50118.1
44319
68606.6
51059.3
44007.8
49593.7
46087
35870.2
50788.1
47826.6
45325.5
52757.1
41224.7
53110.7
53278.7
47689.5
56668.7
58990.4
45103.1
39538.6
50009.9
66427.8
50729.6
29242.2
55057.8
31810.2
46450.8
52582.6
51673.9
65589.4
41179.4
53891
34230.4
44898.4
35579.1
47834.2
54004
43845
59988.4
45152.6
45850.3
50860.6
46030.2
49675.8
46625
34261.8
51768.7
44224.6
37608.7
42056
73810.6
43800
44500.6
47420.8
45676.6
50007.9
36448.3
55678.7
54206.2
74768.9
71951.9
53915
37831.7
54673.3
58203.4
47291.4
47697.2
51268.1
65596.7
56017.4
61291.4
41035.2
58643.6
65264.1
67872.2
84651.3
53304.8
53228.8
38203.4
71547.2
57287
35400.2
50096.5
62424.1
49190.9
59228.5
58181.4
48587
56005.8
57633.7
76116.6
43787.7
42078.1
53096.6
50656.6
40657.3
48155.6
39650.2
52746
54595.7
46768.2
56686.6
40747.8
43855
37526.7
54931.9
45862.9
44459
46745.8
47096.1
49256.2
52918.6
42568.6
38391.7
35440.6
61793.8
53622.6
51031.9
38102.7
25442.9
42735.5
54967.2
56329
42806
42320.7
31747
46223.8
50283.5
61456.4
43140.3
38193.7
57161
38458.2
53327.8
37081.7
43959.2
53767.9
58001.4
34250.8
57019.2
55939.4
52261.5
70932.1
40082
40672.4
46005.5
41946.5
42961.4
55166.7
32727.8
45979.1
41746.6
35731.5
43132.7
46305
69614.4
49043.7
42371.4
59492.7
49796.1
37779
47610.3
43122.2
47597.4
39740.6
56598.3
41886.6
35687.9
40583.4
69054.8
75297.4
65921.4
48813.1
55206
47234.2
51469.9
64509.2
37587.3
52370.7
47761
38511.5
37613.1
58041.6
65535
52801.3
41759.9
39960.2
38645.5
31904.7
45187.3
30146.2
48497.2
34613.6
57547.5
41812.2
41362
45187.6
49508.1
41650.5
56018.5
38233.3
41701.8
49118
56463.4
34824.1
51895.4
42352.8
62145.4
51558.7
46603
42177
36815.6
68612.9
65670.4
39935
68683.8
40376.5
40430
47977.5
38171.9
55552.7
58753.4
53662.2
39585.4
47918.2
57713.6
44984.1
47496.6
37137.1
37633.1
31613.5
72672.4
42372.1
52460.1
35100.2
50280.9
42562.1
61454.4
44982.8
53873.2
47129.2
43553.8
40953.4
43948.4
58277.4
50041.8
70852.6
44979.6
40673.1
52905.3
43864.9
53762.1
75769.5
50675.8
40556.6
41459.7
45477
62175.3
57770.2
52151
46699.5
49639.4
47761.6
52719.2
58393.8
68330.6
47751.1
39442.8
51059.2
65482.2
59757.6
52053.8
47408.5
68178.6
62304.4
55243.8
51755
58809
63104.1
54439
38228.7
53882.2
38050.6
50064
62913.8
52374.2
45058.5
54545.6
73326.4
45935.9
59185.9
47852.2
58411.4
41708.2
41570.1
46397.4
70010.2
71845.4
34394
39699
67042.5
56095.8
49485.4
49075
45173.2
30688.1
65627.4
56850.7
51745
53889.9
47904.8
66191.9
66678.3
40888.6
67475.3
55269.9
50577.4
57026.8
61626.6
80655.6
63486
61647.9
55259
45424
68991
63128.2
54525
54327.2
48260.8
42038.2
51280.2
40234.6
59784.8
48334.8
65950.1
60167.2
63892.2
36599.1
38411.7
37946.6
46678.1
59065.5
62023.8
67062.8
45267.6
39810
63929.8
49474.2
46963.4
51407.6
51697.4
35769.2
44615.4
57643.1
51798.4
40163.3
49411.3
60175.8
53247.8
64461.5
59562.5
46073.6
46564.9
39498.9
52720.7
41280.9
61919.5
40286
35603.4
43127.9
52906.3
58337.1
38235.3
60248
34151.6
47612.7
64533.1
70946.2
61979.9
53713.7
30408.2
50647.4
69957
65011.8
48637.9
78776.1
37449.7
46858.1
48095.8
52589.8
74823.1
57879.4
44511
59497.4
56309.4
63459
55610.6
50129.4
49792.2
47648.8
62885.1
56618.2
68992.8
64628.6
44318.2
39555.5
55628.2
64393.7
72302.1
44787.3
39539.7
36814.2
45022.2
52354.1
44301.9
32325.2
49261.4
50018.3
41388.6
45675
48748
50360.7
45419.5
53898.7
52675.8
57773.1
56403.6
48043.8
45647.7
63812.7
50220.4
67207.5
64708.3
66290.4
73787.4
44113.2
56897.2
37378.5
54694.5
55476.8
61230.6
49649.2
51674.2
36993.1
64452.3
58840.6
52703.2
54121
41322.3
45732.1
44969.5
56425.8
49168.8
39079.8
53479.5
59381.3
60631
46164
47837.2
42272.4
36955.2
46018.5
69883.5
67639.8
53684.4
44479
52113.6
62265
39145
46483.4
39779
44000.6
60697.9
48149
52271
59415
39318.5
62177.8
70918.7
37162.6
42035.9
59246.3
60738.6
48124.8
59116.7
36137.5
36906.3
42941.9
47116.2
52813
48892.6
61541
50172.8
33065
42969.3
48009.4
39742.6
28925
58346.4
40048
48456.4
65707.4
68338.1
41283.8
40125.9
40869.4
47039.4
53902.9
50883.8
49149.6
51747.7
66549.8
38873.8
39306.6
54077.2
55933.4
57186.8
45478.5
39570
54167.4
46817.9
47150.3
45514.5
47615.7
56688.3
57469.2
65281.8
48899.1
53502.3
58847.3
56817.9
53369.8
60297.8
54472.1
77170
59588.5
60752.5
46284.9
42579.4
55563.4
50551
53867.7
69630.3
60071.5
65664.6
58178
73940.6
54964.6
63081.5
54585.4
56257.7
62196.3
55980.1
59350.1
44418.2
45105.4
64820.2
42020.2
52289.5
40954.8
65011.6
65544.6
52934.1
47101.8
54110.4
44207.1
63889.6
47466.3
51341.8
44087.4
52848.6
33528.4
52325.3
61725
81806.8
54023.6
46968.7
46153.4
37394.6
49241.7
63460.4
50158.6
51225.1
59807.6
51369.2
51725.5
36947.5
66335.2
54369.5
43870.7
56202.9
35289.9
36079.2
44541.4
56028.8
36017.3
62134
52418.5
51994.6
54715.4
65705.4
41336.6
44253.4
39131.3
44306.4
38931.6
35098
40097.8
54477.1
37117.9
39665.4
44625.8
44778.9
51557.4
62715.6
63495.4
53636.2
40980.2
52463.3
42015
45173.8
46662.7
50921.5
38667.4
53704.6
54464.7
37280.4
60178.1
51956.3
38556
41225.6
48882.4
49572.8
54129.6
45082.5
35671.1
32104.3
55305.8
67588.1
39569
40698.2
58346.6
35966.7
49792.1
34189.4
32846
58447.8
56640.6
35522.2
40096.9
44242.4
28081.2
55681.8
28851
45017.4
57144.6
38284.2
35784.6
41818.3
47195.5
67391.8
49933.5
45290.7
39042.7
42045.1
45447.3
52638.5
38826.3
37278.2
56412.2
52977
62789
44669.8
46915
46321
50113.9
27715.1
42360.2
61027.4
51470.3
44891.3
47909.4
64860
35866.4
46932.7
48144.2
41723.4
53734.6
62975.1
58163
45253.3
70387.8
50192.4
49127.9
60431.4
56889.8
37683.7
36706.2
75593.1
79621
64825.6
68296.5
36680.4
48726.7
44813
52771.4
58486.2
46885.6
83250.2
63032.4
36744.5
68055.9
83619.7
75144.8
68113.8
41713.3
65864.6
64779
43154.2
75969.8
79295.4
57026.5
67271.9
75893.8
73251.6
54864.6
57202.1
55030.9
56204.8
67320.2
82529.8
56068.3
66855.4
70223.7
55103.1
58498
33687.2
53124.1
74896
74003.7
70066.2
57816.6
76297.7
61746.2
63273.8
60491.8
49122.2
65785.9
67839.7
57121.8
76720.4
48096
59263
55163.8
59836.6
78903.3
70595.1
27983.7
51655
67793.7
48313.8
55513.2
70454.1
56383.4
64413.4
43914.4
59215
60995.4
50896.2
55411.8
51046.6
49812.5
45251.7
58006.2
70571.9
60043.8
56931
35540.6
41108.5
45564.9
82849
84434.9
72546.6
45059
59551.7
62549.8
49341.8
47161.7
70698
42760.3
68697.4
73331.3
84635.9
77799.4
62639.4
52720.6
55640.2
51352.5
61469.3
44579.5
57632.6
57179
53575.6
65782.4
53711
67011.5
71718.7
61400.9
51653.4
48184.3
38289.3
63242.2
64322.1
66805.4
49829.4
69901.4
40838.2
59816.2
68089.8
55323.5
50939.2
49737.9
66137.8
62738.7
63304.3
63668.2
50834.6
42938.4
47811.4
55546.8
44480.1
39822.3
52521.8
63142.3
41384.4
50139.8
64913.4
39116.6
57933.8
52339.8
47765.1
46345.4
49294.6
39607.7
56879.4
49872.3
52041.8
62866.2
29323.7
51589.8
43505.7
42915.9
64580.2
41919.8
57010.2
54443.3
39291.8
55182.2
49097
50513.9
49691.8
43530.6
55956.2
78422.3
67740.6
44478.1
63443.2
55669
51216.1
54384
65975.1
38679.5
43585.1
45827.4
62684.7
42650.8
40177.4
75018.4
44386.5
35465.4
53599.2
42341.4
52328.7
53638.6
72750.4
55875.6
50267.3
60972.2
54972.5
41820.8
56431.6
67695.8
63997.5
61057
73879.4
59210.2
50797.4
55544.6
61652.6
55243.8
43806.6
47230.6
47330.1
81918.6
48819.4
39650.3
66356.2
60683.8
38045.4
66853.5
50106.8
47500
45984.6
57661
38536.4
47956
65697.2
50945.8
48827.6
62057.9
61395
66125.4
43724.3
44499.7
51224.6
54963
66476.6
61104.6
46367.3
48115.1
57221.9
55890.9
59447
54249.3
51933.7
46067.8
65498.1
54024.2
64197.4
32267.1
48241.8
68735
57959
64018.3
63644.7
54337.2
46382.1
41155.5
58829.4
50533.2
44582.7
44703.5
39080.2
35919
40413.3
56814.5
56949.6
62255.1
30988.4
28450.2
46168.9
35545.4
50702.1
52849.6
46246
60242.6
42984.6
38805.9
48069.5
45818.2
44177
36600.5
40341.8
38034.3
70983.4
61622.4
46927.4
56077
41948.3
56807.2
60361.4
52706.6
54712.1
36257.4
71289.8
64374.5
56870.7
57017.4
51897.8
40227.1
52370.4
46507.4
50072.1
38663.7
59436.7
82937.8
56801.8
59598.6
36784.2
45123.5
61414.6
61378.6
69745
57370.2
57663.2
50108.8
52916.1
65858
61712.3
77227.4
59012
46603.7
53834.9
55852.9
42088.2
55869
73668.9
70682.9
65052.9
45551
62296.2
47172.7
48937.9
78678.4
75321.4
46943.8
45600.2
45754.3
55474.2
56793
68766.4
53474.3
45577.8
45574
62555.4
52335.8
52699.3
39640.2
48752.6
67110.2
41485.6
68393.6
71752.5
55301.6
48003.8
40945
34360.6
47925.5
57176.6
47834.5
53885
62613.2
54089.6
42238
45519.6
49454
47179.5
51800.7
48500.2
52555.8
44949.4
49129.9
40808.6
39246.2
59564.6
56619.3
50740.6
57378.2
56198.6
53214.8
79492.2
84224.7
79192.1
52619.1
54176.8
50796.8
57256.1
70443.9
66071.6
63442.2
74305.8
50679.4
57710.4
64731.9
66417.6
67960.6
58225
61764.2
62994.7
61758.1
55163.7
67699.5
31236.5
49087.4
52368.6
71137.9
64213.2
50702.4
59853.4
49455.8
42681
57479
65955.8
49587.8
69382.1
59139.6
52516.4
54716.8
58575.4
45771.1
70476.2
44686.9
61584
45728.7
47785.5
65531.9
60587.4
41111.9
47331.6
52576.3
58310.6
43143.7
56503.6
60212.2
41951.8
45735.6
36475.1
52433.7
39631.8
61007.8
50755.9
45710.7
49635.8
48898.6
49434.9
71084.5
40633.8
41872.2
37121.8
59362.8
64423.5
51356.6
67929.7
48418.5
42100.2
44438.8
64847.4
43081.2
58514.2
53011.7
48445.3
47752.6
31674.6
59090.1
38841
52247
52244.9
54075.8
56604.2
57074.4
62007.4
41373.9
54512.6
62539.8
49031.3
64266.1
42057.9
41315.8
39824.1
54229.8
81200.5
61736.7
51169.9
53470.2
53874.3
62768.7
45653.8
63371.3
68639.1
62055.7
45870.3
69223.5
63070.5
62427.5
62991.5
51915.8
42447.5
75353.2
84247.5
77522.2
60103.8
53521.7
57171.8
50362.3
60476.9
80766.2
78660.4
61933
47977
66726.3
69537.8
74521.7
68999
65666.9
51098.2
71502.5
78025
57939.8
60488.7
84773
65281.3
41128.5
44536.6
65091.1
43746.9
46585.3
55107.8
39801.8
71630.9
59298.9
46456.8
64471
60177.7
48996.6
78102.6
46134.9
53726.2
55453.4
33475
62051.1
45055.5
55250.9
43024.3
41707.1
53158
43842.6
34275.8
54755.4
43452.8
45291
45801.5
73956.1
63132.6
31300.9
60138.8
75551.4
45362.6
39582.3
37108.3
47412.2
35959.8
42635.4
40901.8
57299
58077.5
48986.2
48742.2
32637.4
54093.5
58452.7
42215.2
46493.6
61159.5
48594.1
55875.1
42692.1
66355
52447.3
61845.8
42937.9
40600.3
38749.1
70017.2
71678.6
48433.4
61706.2
46013.9
34185
35223.2
36593.7
63967.7
62663.1
63574.7
62042.2
45952
31861.8
44556.4
41900.9
56261.4
51526.6
41532.2
46679.8
35277.4
41393.8
57420.7
61538
39995.7
42784.1
48381.1
38298.9
64423.4
49685.5
52718.1
47800.2
42021.4
58169.7
68711.8
52588.2
44848.6
61316.6
70543.1
64799.8
70316.4
64039.6
44604.4
59159.5
48934.4
71745.3
50532.3
55226.4
40595.7
52002.7
58902.8
65047.2
55059.6
74160.4
65306.9
65407.7
50682.9
44017.8
57228.7
51132.7
71653.4
72260.2
55345
55068.6
56228.8
54571.4
66762.9
49158
58995.7
61390.5
55098.6
71094.2
62661.7
64127.8
47747.4
52811.7
63180.5
48157.8
71242
56289.8
56495.4
63978.2
45758
69248.3
52968
46540.6
63405.4
57579.2
65377.4
62282.6
56040.8
52280.2
53603.6
48623.4
57591.1
65332.5
66948
63393.8
61305.2
63054.3
63877.8
58384
65138.9
85437.6
74174.7
33954.8
47931.1
43315.4
54800.6
55762.9
62232.2
52286.2
73258.2
41083
41009.9
62437
77976.8
54922.6
71747.7
53290.9
55093.4
34720.3
47714.8
76197
55681.3
67629.8
42074.6
47058.1
54109.5
62154
55654
79103.5
43944.2
55733.9
48109.4
64194.3
48546.7
68894.2
53696.9
54208.2
48122
37165.8
65262.4
59845.4
76956.2
83777.1
48002.3
49034.6
61681.8
39881.1
44367.2
35535.4
62205.4
56980
61112.1
56188.6
56777
51483
50902.9
56372.1
67811.8
70781.4
44545.7
46292.3
44958.6
52593
38815.7
62395.6
45929.3
42061.2
59771.8
33237
43101.3
55969.7
45419.9
61892.7
59185.4
40017.6
41638.6
56736.3
58284
54462
50147
43471.4
65061.1
50124.9
74607.3
55639.6
37733.2
64928.8
42679.8
59313.4
69377.8
47291.9
53084.2
51793.7
54820.6
49686.7
54516.4
73874.4
49370.9
45709.5
62554
43850.3
65005
46113
57903.4
49475
74897.7
63687.2
59210.4
52943.9
78480.6
54849
52724.5
32407.3
39666.3
48699.5
48492.7
60730.5
43844.9
51565.5
43934.5
51914.6
60090
54699
52051.7
41741.8
66114.4
42879.7
37852.9
45495.5
54923.8
33058
48219.7
35411.2
49449.4
51310.2
44966.2
40996.3
46901.2
44233
39718.7
53165.6
38465.8
55105.4
51905.1
45970.2
58049.2
43950
43481.8
53085.8
67229
58232.6
52857.8
58062.1
60194.7
66272
53410.2
62241.8
61297
52519.1
58921.8
41173.8
58529.3
54086.7
44427.6
44103.1
58142.5
53199.8
40377
28289.8
40319.3
41847.4
68841.1
60638.9
59097.3
52884.3
41858.7
74807.9
44219.7
43687
57136.6
44063.2
45883.1
50741.8
79622.9
61962.7
63422.1
58161.9
68393.4
40276.7
36110.6
47688.4
56639.4
48352.3
57984.2
60838.6
62124.8
63365.9
51522.8
60012
53807.4
47563.8
41427.4
59293.7
50248.4
49364.4
67364.4
40309.2
27599.4
49693.1
60687.4
48260
73861.3
56193.8
63432.6
77673.8
56414.3
39994.7
33582
40901.5
48372
67565.1
66939.8
44747.4
47735.3
43292.2
50636
52549.2
49322.2
62203.4
45964.6
68985.2
35833.2
33125.7
39914.2
52817.2
34045.6
35399.5
52534.7
62969
52423.4
54662.3
61978
50742.7
53390.9
49198
57953.1
40979.8
47736
50015.5
58545.6
57132.6
58633.4
52815.8
37717.4
54491
49106.6
56917
52741
49093.5
68333.4
80275.9
49123.8
39469.5
46194.8
43941
44853.4
32670.2
41771.8
65178.7
62734.8
71249.5
38897.7
42776.5
35992.6
51887.5
59079.7
49137
47379
58289
45046.4
45275.4
39480.9
64762.7
43457.7
60504.2
38008
42251.9
58806.7
48120.2
40866.6
46741.3
56624.4
62471.8
67368.6
53640.1
47607.2
52427.4
55197.6
50702.7
50208.6
75864.2
41635.8
57382.1
65802.6
35010.5
53314.8
34199.7
57425.6
36670.9
54863.1
47159.4
56541.8
58180.9
32466.6
58514.7
33806.1
39020
43647.8
45485.8
57781.3
63560.1
43572.7
45727.3
30892.4
55436.8
38881.3
58872
58755.8
56430.9
54287.3
53088.2
47395.5
47860.7
52718.7
61801.3
60686.6
60725.1
37226.9
45575.9
50413.2
57468.8
50277.4
54640.3
61491
61534.8
49719.5
61333.9
59939.4
67252.6
55411
75960.9
54837
45862.6
37903.4
52984.8
52699.6
54787.4
49242.4
81108.9
61312.1
46050.6
39931.6
41202.6
54224.4
46981
49628.7
48275.8
61795.4
50850.6
45899.4
64004.4
75799.8
57131.4
42917.7
51958.2
42421.4
48970.4
61250.7
52934.2
51614.6
46957.4
44950.5
40930
65945.3
52934.6
61795
44196.4
40412.2
44975.8
65893
55106.1
58761.4
44242.5
53345.7
44141.8
71591.1
55358
42667.3
58850.3
72776.9
50907.5
46518.5
58945
48671.6
54229.8
43191.8
53524.5
48633.6
53204.8
34774.8
61070.2
57434.3
60340.4
51311.9
59199.1
49047.5
63734.6
45151
47191.6
51501.5
48181
45824.3
61465
48411.9
45631.4
64428.2
47170
39542.3
48107.7
57878.4
47874.5
36499.4
38006.3
58343.6
36087.5
45513
60579.8
37970.8
31088.9
43305
42327.4
45487.9
34987.8
42915.6
26337
40936.2
40582.3
54647.4
31634.8
50299.8
26563.3
41457
43350.8
41713.8
30891.1
37734.7
26009.1
31996.5
43019.5
33813.5
38642.6
46778.9
21502.4
41159.8
48650
29998.3
38156
30149.1
48099.8
33032.1
45217.8
54511.4
74108.1
46331.6
44572.4
45276.8
38984.5
37873.3
34662.6
39439.4
47151
65331
56086
24536.2
43345.4
56228.2
44379.7
54555.7
34851.8
42071.7
37938.2
44690.5
41616.4
54400.8
61129.8
44274.7
40995.8
38722.6
51258.2
51073.8
54498.2
62842.6
61273.4
43753.2
67393.4
54909.5
46659
49223.7
54407.4
37207.7
45814.6
52658.6
46397
53595.2
49673.1
53655.6
38723.7
44026.8
51642.9
60671
62531
37020.2
45439.6
67157.1
37390.7
36325
44791.3
51629.4
42356
56585.8
50375
51239.1
55435.8
50808.9
37959.4
39147.7
55521.6
55855.4
62579.8
50628.1
33454.5
41165.4
41662.2
41437.6
46066.3
59921
44981.1
52397
51382.4
36878.1
52426.2
30394.9
51916.2
51418
57574.6
52345.6
36943.8
49150.9
43778.7
42543.6
52769.7
46727.6
52750.1
59333.6
55825.8
38256.7
41052.2
53296.3
33268.8
70261
53639.4
53669
45170.7
69484.2
56275.4
58337.3
60376.5
62985.8
51423
48007.7
51819.2
39424.3
47214.4
63552.8
66707.6
61412.5
44180.8
35375.4
38195.8
61303.9
81029.5
38991.7
28909.4
38451
49519.2
61678.9
41335.4
75942.2
44366.3
62649
44366.6
58243.8
66089.4
65015.6
63191.6
55335.5
67112.5
32061.3
60038.2
67926.6
52138.4
54949
57140.3
54158.8
73865.9
48960.5
40685.8
75654.3
54654.4
40571.2
36406.6
44696.6
49382.9
57585.7
41849.9
51548.3
58792.2
54279.4
49607.7
62319.3
51742.9
50047.8
49499.3
57840.9
59560.9
63009.8
46971.8
25776.7
53705.4
59250.8
57908
56894.8
54453.4
41837.6
45532.9
54556.7
58548.2
66521.5
56521.5
48796.4
63631.4
59865.3
75006.5
49857.1
70978.6
73852.9
48244.6
54959
71820.2
74138.7
62387.2
62230.4
61033.9
51774.1
50139.8
70878.4
52977
53308.9
63937.2
67954.8
40669.6
48810.9
61817.5
49690.5
59687.7
54570.4
46764.5
40770.8
46184.5
66338
68158.4
54154.5
76755
47844.7
45587.3
58132.1
65036.5
68155.6
51823.8
47870.6
61748.7
51387
60589.7
54263.7
35736.1
48914
73424.1
62146
52023
54694.4
51233.9
67864.6
51474.6
70111
66731.1
46102.2
51489.9
54899
57675.9
50172.6
72893.7
43212.1
39493.4
54878
47467.1
52711.4
37544.8
64074.8
41326.6
42563.6
62469.6
43225.3
49454.7
71621.6
41912.3
27569.1
53006.1
47738.4
67817.8
42283.7
58581
48368.2
46766.6
49029.6
56488.3
49137.7
40646.1
41584.9
37401.8
43655.1
57976.9
52897
77563.8
61483.9
46769.4
66986.6
55257.2
59791.9
74123
64914.1
54978.6
55792.3
43520.2
30862.2
49599.8
58438.3
70659.4
67004.3
37154.6
51131.2
58457
57472.8
60305.6
50593.3
47331.8
43658.5
43530.2
48385.9
58261.3
35586.5
50800.8
39878.3
63806.9
43861
54819.8
59688.5
49677.7
31532.2
52019
32011.3
66893.9
48338.8
47422.2
51785.4
45941.6
37769.7
39595.1
44236.2
55105
57855.9
37090.5
50496.6
49306.9
43535.6
36644.4
57028.2
33453.6
33928.4
44763.5
54330.3
38269.8
49703
27704.5
39060.2
33583.1
53679.3
41406.6
51961.6
39781.2
55128.8
58486.9
44439.9
44747.1
35881.5
35893.7
35621.3
49791.3
38664.2
52055
52775.1
25072.4
44471.1
55647.5
35176.1
41136.4
48516
46878.2
58941.3
76316
59991.6
54239.9
47574.1
40145.4
44463.1
57995.8
42870.8
59120.6
38810.6
66436.6
44898.8
31160.3
48367.1
55839.2
48318.7
39370.6
41536.6
43132.8
52181.5
68301.7
48001
50327.5
38414.9
55492.6
70697.2
49966.2
56078.7
62080
53389
44846
46214.4
52246.6
64721.4
69079.8
32289
61110.3
54623.2
48799.1
54051.6
49190.1
47742.4
65170.5
51655.4
49160.1
50157
37521.1
45187.3
52033.4
49848.1
51139.8
48544.9
43743.5
42746.9
49717.8
73835.8
60401.1
67666.4
49772.6
60684.5
48459.2
56470.1
69915.4
63722.1
53351.2
56610.3
50996.6
43738.1
66351.8
45871.8
52161
28891
55113.7
69256.1
54652.4
65751.7
64171.1
50135.4
47817.1
59787.1
40705
37286
47918.5
55473.9
66772.5
47059.8
51246.2
37219.8
38344.6
66710.6
63016.3
62818.7
56222.8
58490.2
64056.5
40509.1
47325.1
42661.2
47196.6
56831
61818.7
63898.1
57002.3
51287.2
65974.5
49157.7
36930.6
55632.5
60480.7
38407
39408.4
46879.1
75176.2
52601.1
53405.4
47275.8
45497.6
74160.9
47671.8
41499.2
52457.1
34198.6
65929.1
75606
45927.3
62242
64191.1
43640.3
58991.1
46307.8
49613.8
48319
60949.5
71901.3
73206.6
62946.2
67603.9
70076.4
74845.1
44348.2
73726.1
44648.9
49220.6
66095.1
71660.7
66019.4
73784.3
56694.4
60283.2
69421.6
65742.3
64474.2
63285.8
77200.6
31870.9
62263.1
60393.4
60071.7
68746.4
60163.7
43046.6
54474
56974.2
62409.8
47792
54051.9
51628.3
61747.8
56522.6
55670
72403
80951.5
45415.2
51977.1
45390.2
59102.8
60177.5
78260.5
44122.3
61011
38780.4
45790.8
59840.8
64187.1
37915.9
56979.7
52287.2
58539.4
46856.3
70416.4
49452
64989.7
45501
51720
51890.6
65230.9
71968.5
72752.2
75494.3
49470.3
69096.3
71949.4
67156.8
70666.1
51695
54329.8
58203.3
48616.2
64796.3
53316.9
61098.5
74675.4
39383.8
31951.7
60731
49256.8
58563.9
72734
46556.6
46410.2
40974.1
47459.8
55746.2
38870
73020.4
45912.1
56006.3
56573.4
34895
48772.6
39326.8
66750.1
45930.2
44618.8
68351.3
55737.2
48576.2
59272.2
39459.3
64888.6
46103.2
42320.6
54628.6
67169.5
62640.9
45561.8
50934.2
42806.2
64285
44732.8
52808.2
72453.3
46443.1
55355
43101
40753
43522.5
35966.4
52586.2
56232.9
46519
63556.1
53520.2
34018.8
51695.5
54647.6
49082.8
63187.1
70558.5
36815.4
48533.7
42847.3
43417
51376.7
43813.5
47313.8
48565.3
56628.2
48990.4
44681.5
48555.6
43529.8
63730.6
49035.4
51635.7
34863
34085.6
48308.2
79110.6
43677
58694.7
42001
41772.8
31303.7
47874.9
43221
43732.4
45496.2
49354.3
84445
46678.6
58339
55842.5
46999.4
42323.2
35428
53627.9
43853.1
61400
53628.8
32821.8
41521
55807.7
40971.1
50943.9
31465
44335.9
44974.1
66049.8
47069.3
66976.3
53824.6
45317.4
26818.5
59517.1
49976.3
45854
57331.7
61640.1
52470.5
45899.4
54965.9
54480.7
53107.4
51211.3
46130.7
51106.6
55293.4
49276.8
64684.8
66297.2
45524.2
55840.4
65623.4
64296.6
47552.8
51377
46398.7
37991.9
57377.8
60542.1
73379.4
62536.2
50093.6
70507
48176.6
52380.4
49782
84300.6
64427.6
50547.7
62574.7
74518.6
80481
68229.3
53474.2
59084.8
52229.5
47739
51498.2
66451.9
67422.1
52926.8
66823.7
44049.7
62126.8
79711.6
85727
59752.4
55385
63625.8
78016.5
56202.7
71166.6
45764.3
36928.5
42752.1
61220
64868.5
51424.5
76094.6
44987.3
27115.6
50989.8
66988.6
60971.3
57510.4
44091.4
54216
55721.5
69487.7
45263.8
56634.5
60419.4
79432.2
59105.4
49223.4
49730.5
67379.1
72353.8
61931.9
72297.7
42855.6
56937.3
52274.7
56996.2
44779.7
58071.3
53431.4
67049.2
63272.9
54412.8
57853.7
41497.8
50689.8
75659.7
61716
65492.4
63324.2
52919
46665.2
51509.2
44524.9
62997.4
51472.3
49695
48091.7
51790.5
56422
39960.6
82153
51678.9
52310.2
52990.2
55707
44046.1
44620.5
42114
46862.2
54134.9
41144.1
68183.2
43614.5
34328.2
39781.9
60056
46274
57794.6
58598.3
53056.5
39026.5
40774.5
51881.6
49500.2
52828.6
59321.4
45874.3
56957.1
51151.8
51502.1
41203.8
66026.2
38736.6
42515.2
51690.6
45263.1
34225.2
45245.4
42516.8
53113.8
35964.9
45244.8
47009
45665.4
53457.8
48429.6
32555.5
38191.6
54230.2
34618.8
43577.1
63378.3
51941.7
39998.8
52700.3
68272.1
59476.4
43235.4
34240.1
64535.1
54771.3
45667.1
45631.5
69899.6
48109
77014.6
64216.6
48890.2
49579.3
42599.8
45864.6
57515.6
45742
49151.2
64645.4
64599.8
48251.6
53632.2
53329.6
58166.9
56100.4
43073
51266.9
62514.6
42674.2
52439.2
69579.8
41807.6
39187.9
46703.6
31597.2
59464.6
61396.4
42567.2
59288.2
64648.7
52092.2
66590.1
58401.1
67761.6
61991.8
64264.5
72280.2
65321.3
70155.6
59880.9
55808.3
55433.6
44775.6
50095.4
74103
61615.7
48817.4
55716.1
53205.2
47822
54935
53328.3
39959.2
64215.9
59750.2
52401
48937.8
55628.1
49774.7
60677.4
35979
55895.8
49897.7
56018.5
55807.5
60931.3
65836.3
61831.4
49344.2
56043.4
53079.2
57459.7
65794
74369.2
48082.9
49731.5
51177.4
42919.7
55071.3
44871.7
49899.4
47446.1
37980.6
43049.5
68261
59316.8
50638.2
61272.9
58932.8
56084.4
46734
47721.3
48707.8
70845.5
54940.4
54443.2
50513.6
33562.8
32241
35976.4
58737.7
53948.4
33346.1
44576.1
45586.6
30854.1
51367.6
69251.8
59742.6
34950
45751
53013.9
52137.4
60860.5
38603.3
40421.8
52778.8
49490.6
63834.2
59626.4
47104.2
65390.2
53440.2
44039.1
52939
51851
52802.3
40919.9
46724.9
50463.6
37026.7
58846
39460.4
53504.9
41465.8
49927.6
43407
63193
51595.8
51172.5
49937.8
57179.5
56960.8
76951.3
50211.7
66236.2
54299.6
42055
65501
57835.8
60039.4
68459.8
63196.2
58067.1
70449.4
58343.2
32634.2
48048.5
50781
73101.9
63126
53208.8
51975.9
52461.8
47534.1
68723.2
56684.6
54335.9
60465.5
58375.8
46334.2
40633.4
69909.4
77350.6
41568.5
75471.2
69052.4
52238
66398.6
65040.9
53115.7
61664.5
65008
57898.7
41746.4
51106.4
70008.6
62095.4
62758.5
59137
55307.4
77619
85252.3
81679.7
60874
78209.9
59066.1
59067.3
57522.8
64628.4
58247.8
63937.4
50323.3
68225
65973.4
53193.3
70674.8
67455
60118
40657.9
67577.4
52053.8
60978.8
45184.2
61061.8
68003.7
62179.2
52252.8
72005.7
63139.4
56185.3
59725.5
56646.1
58875.4
44487.8
58219.1
57075.4
43450.4
57639.1
59369.8
48685.7
61700.1
54583
57480.9
43299.1
51853.1
42551.6
44776.2
58155.4
39706.6
69952.6
69577.7
52335.7
50282
82204.6
42997.8
56679.4
53004.2
42091.4
67780.9
62441.8
56854.2
46498.4
48598.8
41543.5
50475.3
65295.1
40662.9
57469.1
56507.8
49903.5
65128.3
42150.1
56418
50353
74789.6
45659.9
44299.3
63045.6
42739.6
66360.6
62738.4
54329.8
45695.9
68447.2
51637.4
52661.3
44632.4
48329.5
55455.3
45672.7
60796.4
49467.1
39923
41139.4
64677.8
67060
41574.3
47125
65698.2
45329
55749.8
72770.8
68854.3
39606.9
65330.7
47735.4
46780.2
71267.7
46902.1
56768.4
51892
48150.1
40401.8
53643.5
65588
70608.5
54212.3
50128.6
69184.2
57036.7
69228.2
65480.6
79141.1
55169.8
57325.9
47544.7
55239.6
69665.2
54358.2
56934.6
65230.1
60669.1
51540.2
62288.4
59121.1
50703.1
53278
45630.8
62778.3
61383
62665.7
70436
58812.6
51623.9
49420.4
57664
49246.6
60110.3
78669.1
51129.8
45682.6
51544.3
57449.5
51811
58729.8
41151.7
62594.9
49608.3
39791.6
57998.8
47720.2
54303
63599.2
48534.9
66766.7
72931.2
48990.3
56556
78071.9
59549.6
75418.3
66897.8
60797.4
61616.9
60366.2
54785
65088.3
65102.6
84146.6
53776.1
53989.4
45031.2
49083.4
43968.1
61798.2
46755.7
52229.1
57190.6
55437.1
40885.7
63344.7
42427.4
45452.7
52211.4
53098.2
36385.8
60756.2
39681.4
69326.4
40282.4
49937.6
78034.8
53014.4
47379
58981.1
50672.7
44212.1
64051.4
46789.4
58319
64214.5
65981
53906.5
58235.3
61215.8
54742.5
45535.1
44223.2
47992.9
53924.9
50775.1
48874.6
55924.6
52344.5
51710.6
44207.2
68079.9
54424
53017.4
59763.5
46375.7
48415.5
62991.9
57918.2
47122.2
63419.2
46193.1
61040.9
50626.1
45538.6
39080
44413.2
42804.8
66113.4
55954.7
52063.3
38123.2
48075.9
53261
63281.6
39235.4
52821.2
53609.4
56172.7
44469.8
60487.9
41823
50230.1
51893.5
43485.3
46268.2
72288.6
50642.1
64083
43783.9
48950.6
34854.1
60938.6
61664
52138.6
50262.6
57400.2
48390.8
44660.2
32706.3
56023.6
78632.9
57708.2
42169.3
41726.5
55430.6
49640
70538.2
65120.8
42121.8
63763.8
45911.8
36370.4
52004.6
60255.9
74429.4
68493.3
45747
47530.4
49135.6
71468.4
52653.7
61620.9
42838.9
41727.5
37176
57574.8
45399.1
60471.4
50919.4
74684.6
34533.8
55918.6
40669
58496.6
56074.5
36212.8
40866.2
49890.6
40895.7
47635.8
52019.4
69273.8
37791.8
55193.7
53684.6
65247.9
47148.3
45699
48539.9
59862.4
41337
58617.1
59693.2
49511
50384.2
46897
50288.9
33836.5
45534.7
50481.1
35718.6
43571.4
46099.3
53916.2
43041.6
60773.4
54039.9
34369.4
37436.9
30076.6
58047.9
67674.2
30745.5
54311
46830.5
39393.4
29930.6
47398.6
59011.9
44000.2
30054.7
38489
27521.9
50394.6
69670.8
43950.9
51378.5
50072.7
49437.6
39386.9
39974.6
34066.5
36954.8
62023
56233
55465.4
60023
37614.8
40579.4
57113.2
52766.3
61587.3
54311.5
48413.1
56117.4
43536.3
46482.1
47785
38240.8
53796
59669.2
49881.4
42858.2
58956.2
38946.6
44508.4
38807.8
48872
55923.5
51863
55365.1
50434.1
39233
55729.1
35759.9
29691.7
50171.7
36371.3
48027.7
59802.4
46097.7
34043
62063.3
41361
52134.9
40355.4
40499.4
36652.7
42504.6
70415.4
41802.1
50268.1
47831.3
37553.8
36570.1
43379.1
58106.4
60607.4
41607.7
52764.8
39294.5
45956.1
50327.5
62042.6
56723.6
50894.6
57731.6
49297.6
37181.4
45836.8
45861.3
52842.8
39332.2
42088.6
55364.2
29909.9
39904.7
35003.9
70784.3
52661.9
63735
46837
39519.6
40309.2
61801.6
22490.6
51091
55433.5
36252.6
41252.2
42037.6
37511.8
54310.9
54167
40550.7
51032
61715.5
37252.2
58522.2
35276.8
52162.6
40535.9
41433.1
55233.4
67177.4
85072.8
64064.5
55700.7
66043.3
44137.1
35899.8
31776.5
43971.4
60583.8
55859.4
60870.8
57537.7
47311.3
53681.9
48014.6
49325.6
64170.6
52394.1
44087.4
44198.4
56525.9
58155.2
60445
39809.8
69932
48229.8
35326.8
61371.8
61702
66732.3
52671.6
47140.2
49429.4
52138.6
48044.2
62992.2
53520.7
62937.2
43369
52625.7
42815.8
65283
77928.1
84761.5
48832.5
44648.6
42355.3
56975.5
55955.7
44249.5
76120.2
73498.5
52002.3
67193.6
57285.5
69813.3
55849
56090.5
54469.3
61187.5
47620.5
42339.1
44769.4
77014.8
41715.4
43711.4
48451.7
53683
66533
48824.2
68371.2
46367.8
36871.3
64100
51402.5
55443
49358.4
54289.1
53047.2
56841
54454.7
61450.2
60225.8
62341.3
48248.9
51289.2
57364.4
59476.2
56933.4
74600.6
58135.8
49897.2
54982.4
67616.5
63107.8
66073.6
58852.9
67467.5
55995.2
32068.1
51097.8
56043.1
68977.7
69337
77726.4
52503.8
40970.1
38552.2
57755.1
59052.5
58577.2
41575.8
54078.9
55956.7
49722.7
58931.2
42964.2
33267.3
49729.8
61572.6
51057
67615.3
57921.6
32995.7
41102.6
46006.2
48716.1
79086.7
50188.4
58604.6
41255.8
47465.3
68103.8
64218.7
50025
61626.7
39043.7
51804.7
66295.4
43906.6
51611.5
62080
75295.8
43951.3
50961.4
65255.5
43444.6
49489.6
46799.9
50685.3
47831.6
43538.6
49176.8
32118.3
51684
51802.8
84037.8
68072.1
44367.9
23667.7
47385.6
43346.9
52480.1
45064.5
56258
48207.6
64849.8
57473.9
47391
77795.8
62168.8
72722.5
46343
44066
62305.2
38190.8
36698.8
36134.2
37796.9
51998.5
51604.2
50805
53360.6
40474.6
34391.7
31486.1
56831.4
52725.4
53255.4
65871.3
62404.2
25106.6
57736.6
54139.9
57403.5
48080.2
52829.4
51520.3
28617.6
46121
60718.6
61076.4
51735.8
40699
28212.3
28216
43305.8
39289.4
42300.1
73051.6
42823
32290
42762.5
36713
53614.1
51894.9
34530
29102.2
36983.4
47588.4
69686.1
48569.5
46496.6
49278.6
36830.6
57931.8
28169.4
33491.8
53893.8
59902.6
49201.4
57661
44026.2
32969.6
57220.7
48452
43553.8
58170.8
44985.8
42935.1
42169.4
38646
26000.8
42886.6
47182.3
57157.7
33673.8
56541.3
58722
34505.6
48444.9
50497.4
48589.5
31428
49351.1
54301.5
37814.5
32865.4
63329.9
62821.6
39781.7
54878.5
68023.7
53294.6
35188.2
43504.3
65888.4
59937.9
45826.6
56126.3
37279.9
44122.9
43536.4
58134
36366.5
33260.7
46107.6
65474.6
46171.9
45988.7
55592.6
37963.3
29422
59795.2
53564.8
48848.7
55364.9
47253.4
56713.4
67774.7
42671
47724.7
44144.4
33567.5
38918.5
51685.6
57826.9
59651
53738.6
58275.1
45999
38253
38333
33099.4
56641.8
57636.8
43678.3
37015.4
53816.2
29884
58201.9
61209.3
54774.4
38718
52632.5
49644.6
44278.4
84397.8
67909
44592.6
34492.9
45211.9
62806.5
66161
42631.8
40838.5
62158.8
58917.6
51409.2
42418.4
49139.4
39099.7
55655.1
45775.6
47204.8
59694.8
39996.3
47146.2
41104.8
29665.8
39616.6
55715.7
44605.5
71613
58318.6
57562.9
44987.5
40344.5
43547.9
59596.5
59707.4
52882
76040.6
42167.7
53708.9
51454.1
62996.2
55616.8
51693
66791.6
58696.8
39245.2
42219.4
49116.8
49371.4
57414.1
64910.2
38740.9
39396.3
61312.2
51404
66200.3
82858.6
57275.5
55113.9
42997.2
55219.6
50079.4
83243.4
56587.8
58540.4
65992
64233
77027.4
68897.6
44631.2
54147.8
68111.7
67564.6
52337.3
67393.9
44942.2
58797.9
69408.1
57727.2
65701.2
68576.3
46563.8
54757
45217.3
54962.7
60299
35014.9
40781.6
53234.6
44576.3
53918.6
42958.6
55555.8
50393.1
44985.4
51795.9
44661.3
75687.8
38796.2
48289.1
47589.9
35423.5
71882.3
50041.6
47664.6
48976.4
35599.7
51215.8
41976.3
46085.9
53714.5
73433.3
46295.3
44760.2
62944.6
65327.1
56393.6
56096
71521.5
59230.2
59495.8
42000.5
60224.4
40350.2
48957.8
76559.5
68907.1
65364.7
76282.4
48778
60322.1
75580.7
75551.2
49859.7
42230.3
47980.2
70772
45400.4
74805.7
68898.5
53259.6
57259.2
54663.5
59283
66845.4
65982.3
48086.9
63869.8
58818.7
61061.3
61201
58682.5
51907.4
44851.8
55203.3
47837.6
65515.1
34936.6
74789.5
42373.4
48327.3
68133.2
66939.8
82148
64588.5
66618
53468.6
46068.5
51071
56395
64026.6
60482.2
56646.2
45927.5
57136.2
46158.6
49086.9
60978.7
47980.4
36366.1
66927.8
50403.4
55196.9
64537.5
47292.5
42451.3
60844.2
56030.6
47343.8
39433
65375
48731.2
56888.4
45399.7
47860.6
54777.2
64055.6
31373.6
49727.6
47297.5
44832.2
42369.4
46604.1
35402.4
44112.6
42423.8
47934.8
40142.2
43531.6
36402.6
40611.5
34291.8
48720.6
41358.9
31943.5
40869.8
55500.4
52699.3
44733.5
47948.6
65755.1
52961.6
38208.2
46037.6
53663.8
53513
36118.8
48943.6
53705.4
67386.9
70107
62651.3
68106.8
49211.9
44648.4
53680.3
57870.6
39859
76681.3
84685.4
40981.7
45893.4
50847.5
42107.6
46534.4
72482.1
68391
45285.8
56614.8
51506.2
64045.1
54534.1
51196.6
53320
71415.1
46155.7
66226.7
47522.7
53480.5
50271.8
59198.3
51250.6
58809.8
48551.5
38373.3
64182.4
63597.1
64452.6
59626
55135.7
47303.5
46381.1
63231.4
57220.1
51204.6
49496.4
51198.8
50563
49719.8
61157.4
68888.8
65276.7
61345.8
81302
57169
60836
56231
70219.5
44818.9
63408.2
72003.3
83260.9
67522.4
54327.2
51191.7
59605.1
63601.2
59104.8
57040
37133.1
66892.2
53245.3
50356.7
58244.4
60206.1
51179
48944.2
41566.5
47129
41106.4
53251.4
53697.3
39405.5
68165.4
44689.4
36448.6
52215.8
62609.2
43394.6
52961.3
60831.8
47209.3
38973
48486.6
50777.8
51447.4
57904.7
45337.3
74355.6
59118.5
58926.4
56463.3
51898.7
39871
37043.6
35041.2
44277.6
64015.4
76754.4
63519.5
54002.1
56494.5
57903.4
66385
69258.3
54338.7
58179.1
45358.2
52384.2
50802.6
63588
50049
43975.4
68358.3
60749.2
54108.9
51637.8
37753.5
44989.3
48250.1
67538.4
54851
56795
41450.1
52227.5
57644.7
30963.7
56493.2
63164.3
42391.5
34005
64139.8
58568.5
39335.1
55631.5
54981.7
43367.2
40565.5
51254.6
43050.9
46761.9
47918.6
54385.9
39259.8
46543.7
47336.1
32846.2
51605.8
69138.2
54145.8
40552.8
43509
57244.2
71201.1
59439.6
48959.7
48297.8
58582.6
50987.4
63913.1
53283.2
42561.8
45392.7
37480.2
71075.7
38485.4
48999.1
77707.6
64826.7
41103.8
58531.4
37635.4
44167.5
73639.9
43679.8
30840
68374.7
46276.6
45142.4
66257.8
49752.4
56460.7
45968.1
46514.5
64685.2
76716.2
43192.9
49166.2
69157
52521.1
43205.4
66540.6
74970.3
65879.6
52473.8
70038
61500.8
60331.8
69369.5
92971.5
62011.8
39768.1
59111.7
71272.3
56124.5
52861.9
49761
69648.5
64022.4
58833
61412.9
71625.5
47191
53528.6
38899.4
54258.1
48613.2
41485
43804.6
45654.8
51537.8
63051.7
51476.7
39804.2
30699.1
51688.8
55059.4
66665.8
60153.2
40061.1
65576.7
36044.2
56712.5
64031.2
48648.8
53352.2
49432.3
37019.9
49665.8
38550
54334.2
51243.8
47867.7
60067.4
47810.7
42808.8
54994.2
36662.2
42423.4
40164.9
39080.3
58523.5
51756
55771.1
42048.9
47851
56511.3
53614
43295.4
58978.5
41594.4
78025.2
50919.4
53538.7
48039.4
55468.6
44731.6
55356.6
76526.6
73975
51750.9
60861
40978.2
38423.5
52299
75195.8
66701.5
68522.2
37436.6
65322
40732.8
61980.8
68072.4
57764.1
42046.2
25770.3
48305.1
40033.8
45119.9
55869
58278.6
43374.9
38895.9
52426.2
52794.1
60680.3
54068.4
36329.2
52353.5
34914.7
58835.2
56193.7
46070
44422.6
38373.5
39211.6
30221.2
50168.7
78805.4
34606.9
31761.8
64240.3
34961.4
36728.5
51569.4
43956.9
47563.8
43813
43970.6
60383.4
51893.8
42209.1
45759.8
74227.4
64061.4
51218.2
48299.1
40564.4
43023.6
52961.8
63934.7
53396.6
48349.8
50829.3
57969.4
53233
75459.7
44689.8
47716.1
52007.5
62870.2
49337.2
45975.1
56425.1
70585.5
52839.4
55633.3
53379.5
46107.5
59369
37865.6
53422.4
49276.3
39599.4
60707
25996.1
46726.4
59437.3
38884
59911
54140
30031
62024.2
51542.8
51619.3
62797.1
50205.4
36475.9
64899
41402.2
46665
40669.4
49652.2
45241.5
64944.2
47747.4
67877
53274.8
43277.8
42350.3
47326.8
52231
52972
39324.9
45375.4
42658.6
60605.9
37215.4
42686.3
41935
33902.3
51847.6
52014.5
72891.1
37478.2
51137
47104.6
43570.4
40443.7
35394.7
46197.8
57286.8
43235.6
36980.4
49949.6
37401.2
39471.8
44692.1
45423.6
52246.5
44263.4
51088.6
56792.2
46256.5
59746.4
51778.3
39720
29735.8
35441
55796.2
64977.4
64786.3
74278.9
53472.6
51477.8
40566.5
53851.6
61618.2
39739
60063.9
76318.6
67514.2
52169.8
77168.9
60744.4
41400.4
58839.4
54602.2
60879
63911.4
42714.6
60384.6
58352.2
76313.8
48125.8
60555.3
35566.6
47964.1
49698.2
54434.2
77697
58916.3
54897.4
54511.7
49363.2
58506.8
67710.3
59865
49355.3
37599.8
56438.6
52069.5
73308.2
53326.4
67158.6
44739.5
50591.1
49431
39279.4
49528.3
57965.8
67747.2
56045.8
50194.3
61236.2
47119
56120.5
44168.6
54389.7
40975.2
56885
64261
37015.4
46764.2
45923.7
55667.8
47882.3
43852.4
68782.1
46490.1
40596.5
48491.3
55287.4
42192.6
63710.4
58373
58463.9
45937.8
45323.4
43835.4
35114.4
62219.6
51090.2
63074.4
37431
38145.5
58041.9
28266.8
49289.5
58484.2
35430.6
48571.8
54033.2
68265.3
68365.7
56828.8
38409
41966.9
59422.4
63637.8
53795.7
41673
32186.7
38596.6
48222.3
44500.1
49301
51107.7
43136
51817
52742.7
46004.4
51059.1
47475.1
50483.4
82613.6
66656.1
65850
45763
52215.7
62075.6
36521.8
62635.4
50847.7
49917.4
48284.5
55503.8
50050.8
68359.1
45622.2
54924.9
37487.4
51018.7
36758.2
51134.1
53713.4
73154.7
53223.7
61080.6
74201.3
35392.2
44766
58209.6
61170.7
33692.3
38116.6
53466.4
35381.1
52269.9
34484.3
32020.5
44326.3
26145.1
50749.4
41110.9
38048.3
44959.3
49286.3
47773.8
33446.3
59491
38167.6
44012.6
48455.4
44563
34249
46157.9
42697.7
42713.1
43026.6
45625.3
39991.5
42280
54858.7
55694.1
42397
50591
49483.3
46779.3
54387.3
44145.8
52519.4
44778.1
44861
70229.3
36782.1
51936.4
51264.5
47987.4
51122.7
37172.9
46458.3
72175.4
52749.7
51928.9
70176
47805.8
39518.6
64024
52535.8
50875.8
65073.1
67432.9
34042.6
62152.2
43375.9
66581.3
55043.9
49286.2
41713.1
69000.6
56937.7
64907.8
36049.9
36724.9
42990.3
54624.6
61407.3
76377.7
60085.2
57121.9
47322.8
73984.9
67672.8
57983.3
63869.4
44443.8
43103.4
51676.9
56398.2
65790.2
84914.2
63707.8
45414.6
56622.3
63331.4
38293.8
62795.1
54175.4
59995.9
65590.7
52435.8
60916.7
49256
44267.1
49997.7
63740.9
47054.9
52081.2
57676.5
71140.3
42751
46165.7
52171.5
49704.1
54687.4
58389.1
64943.4
34881.5
49858.6
42038.2
31375.4
38577
50611.6
50549.3
43934.3
41190
42442.4
52827.7
35920.8
64159
47404.1
60252.6
48425.4
38400.9
45241
68607.4
37143.2
41416.9
33968.6
32909.9
48835
67666.7
46956.7
68966.2
37160.3
54505.7
54427.4
61930.1
70937.7
49128.7
39442.1
42141
45512
51999.9
72034.5
64289.2
40051.3
42995.6
39738.7
50138.8
64921.3
71730.4
65335.5
54105.3
70215.4
57318.6
37829.4
38886.3
50287.7
46907
57381.5
59745.4
44863.1
49654.9
44629
52236.6
50528.9
41967.8
31404.1
63150.1
61431.6
51915.2
50174.7
54291.1
41660.6
47259.8
49127.8
43291.2
46704.9
51838.9
40253.7
65270.4
50331
36609.8
45077.3
47667.5
52827
48789.4
53745.4
36989.8
54586.9
36607.9
57105
63509.4
36432.6
54721.6
45532.6
52251
52868.8
42883.3
57143.1
34948.7
42493.8
46404.1
35731
52049.2
40747.3
36961.5
41911.9
53818.2
41201.8
41125.2
46386.1
52798
49893.5
53530.5
61061.9
69243.3
50738.2
67351
39434.2
26269.6
42831
72654.5
48904.4
63154.1
24554.1
53305
65785.8
35671.6
35282.9
46911.8
45877.2
37017.4
38446.6
41981.3
51319
54677.6
70032.2
43581.5
57590.4
55178.1
42192.5
65367.3
43427.8
56629.7
41151.2
46559.7
39455
40797.4
48400.9
66057.1
55695.8
70150.1
51807.5
45405.8
80187.9
54026.4
54478.6
41684.1
66510.4
53678.9
58129
61623.6
61553.2
54112
52470
48478
61252.8
62722.2
51155.1
71676.4
76678.4
64453.5
35390.6
59740.9
70583.8
45877.7
62722.4
49297.4
69629.4
85265
63246
45879.3
60515.5
53229.4
58509.8
58762.7
58447.3
62492.6
54914
36254.8
47951.7
32796.8
46822.7
51859.9
54080.8
52395
42307.5
53434.7
48616.6
52564.2
40970.7
68254.2
43399.5
53680.8
50341.8
44363.8
42439
53475
57262.4
58948.1
67370.5
72321.4
68181.4
43510.1
57953.6
64011.1
60356.7
50360.2
53373.1
41680.2
50311.8
45419
50432.5
62093.1
56284.4
48991.4
56084.5
62599.6
44533
56258.2
61526.1
64226.6
67164.6
55241.8
53397.9
62895.4
68992.6
38926.9
50433.4
49091.4
69439.1
46052.4
63186.1
71171.4
49101
58953
74209.8
46190.3
48752.5
50292.6
49626.4
41630.4
59815.2
62365.2
59230
65558
50611.4
39073.8
43206.4
65712.3
63873.9
51944.7
48954.7
68534.5
45993
67454.8
49318.6
44721.8
53397.4
69624
56524.3
46094.2
56609.9
44241
48891.7
67737
48024.4
46613.6
61976.1
64360.8
52694.6
50973.1
46995.1
56659.9
50836.6
41052.1
50867.1
68398.3
75074.1
57318.8
58536.3
72328.1
39782.8
56425
51847.7
68286.2
55857.9
57012.9
84815.6
69031.8
48345.4
66324.2
36285.4
56718.7
36367.8
43698.8
56521.4
51175.9
50906.7
42176
67599
61413.8
44767.8
62749.3
44890.1
49720
57284.4
44098.7
44285.3
62221.3
56746.4
54205.5
79978.6
48612.6
46500.7
77147.9
49315.4
53672.9
46067.4
69089.5
68942.7
58642.2
50044.7
48199.7
48031.3
43173.6
53329.7
48551.6
42986.6
51359.1
58528.9
71911.5
45897.6
45501.4
61069.2
32450.6
64299.2
67522.6
61592.3
39633.4
49363
58543.4
48336.9
40940.2
44380.2
37916.3
27488.2
51102.3
45728.2
53000
51105.9
59731.3
55177
36916.1
55447.5
48632.1
54238.6
36080.8
42679.4
39952.5
44604.4
50042.6
58508.6
45095.8
52586.2
40007.5
45967.4
42757.8
67451.4
36532.9
45822.7
36136
44386.7
56851.7
46297.7
61319.3
58465.6
53648.1
51470.9
55945.5
50620.2
46269.8
59461
66230.2
53056.6
38638.8
28538.2
64002.6
41373.6
38348.6
52867.9
43628.9
41044.5
35880.8
47029.3
53976.6
47793.9
51446
34936.9
62137.9
62663.9
36248
46901
66478.2
61625.4
57110
58727.8
34240.1
55335.2
58387.8
51916.6
49825
67369.3
47521.3
80872.9
69047
63277.2
57837.4
46745.1
36608.1
61583.6
60827.3
76206.7
57567.2
65465
69598.9
63267.9
64570.3
44443.8
78625.1
80322.6
59435.5
64130
40495.2
61646.8
85029.4
85189.7
81810.7
57286.1
50737.6
56203
48024.2
76049.6
71845.9
54875
32825.1
56138.9
51146.9
71839.2
68949.4
62334.6
52178.1
54599.3
45400.6
57263.8
67414.4
64340.3
48288.2
46346.2
42819.4
61955.3
81594.1
40775.8
49417.7
72310.8
71307.4
58124.9
55105.3
69756.8
48870.2
58824.3
52771.7
65835.2
58190.9
43116.2
39720.3
32443.3
60927.4
48765.4
58466.6
51186.9
73034.6
37141.8
28804.8
58812.1
47033.2
54005.8
74083.8
82975.1
42251.6
41931.4
38078.9
31690.4
49085.4
46085.4
65885.8
56808.6
37209.1
31295.8
40914.4
66357.3
62371.8
35590.8
62481.8
60305.6
44716.1
50287.4
66016.3
50123.8
55608.2
54312.9
53457.7
54912.9
55879.7
58587.6
40663.9
51794.3
49117.4
45174.4
64215.1
31785.3
68926.8
66841.3
46637.4
52859
27213
58220.8
43973
38685.8
53602.1
59151.7
61112.2
54983.4
51555.4
37241.9
40651.3
71087.7
50424.6
49787
39675.5
39521.4
52863.6
76845
62623.8
45053.5
42294
44079.6
38273.4
46483.5
54211
83343.4
59873.4
41947.4
41151.9
33023.5
57762.4
53723.4
35828.6
43719.5
31569.6
41436.5
53400.7
56002.6
61943.3
32838
48538.6
47553.8
45350.3
48137.8
47769.8
55078.1
47855.7
48805.1
39412.5
61474.2
64469.7
77746.6
41905.5
58538
48391.1
39685.4
42554.4
57020.6
61718
46599.9
66533.6
47004.7
37317.8
58718.8
34449
37647.8
55391.1
35474.2
50245.6
47979.3
56166.8
64984.6
32858.7
69844.5
53855.6
47852.5
43677.4
44588.6
72778
37207.4
49054.3
40173.9
47384.2
43885.3
44621.2
45880.8
51239.1
71236.8
47200
57248
63116.8
41175.2
33141.3
34901.4
50777.8
63476.7
51914.2
72480.4
55508.8
53860.6
49632.4
65179
56137.8
61264.2
41462.3
39957.7
59483.5
45693
44699.1
45107.4
52895.1
52483.8
39167.6
45803.1
59615.8
47409.8
64734.6
34517.4
63066.3
38746.2
57980.5
54119.9
48037.4
58574
42133.2
47346.6
40633.5
40861
42557.3
55211.9
51601.1
59203.3
62417.6
46736.6
38701.4
40762.3
32175.3
62851.7
43091.8
41729.8
53407
47046
59737.4
51193.8
54572.1
80573.2
42614.2
42530.6
51065.4
50539.7
48702.6
59952.4
59260.9
45656.9
63643.1
58739.4
71165.3
63793.1
50955.1
49385.8
46183.2
36701.6
39094.7
49986.1
75689.8
57051.6
47277.2
42828.3
44586.5
53630.9
55971.1
58022.6
61296.2
50379.7
58382.8
57470.3
42443.5
50302.1
68768.8
50012.6
36386.1
37790.3
58065.5
43355.2
70902
41465.5
53789
52814.5
51341.8
52242.7
79111.4
72408.2
42545.7
51417.9
47292.1
64042.5
58759.8
56300.2
62708.6
54626.8
49356
58898.4
54505.7
55030.4
58098
51136.8
68117
63892.2
60801.4
67172.8
50623.9
54996.5
80148.3
41973.4
65356.2
53197.5
46247.4
56648.4
62096.4
56680.2
50533
68343.3
44114
52176
53352.3
53124.8
48907.4
51159.4
34055.6
51232.5
38883.4
56921
36865.6
72801.8
30652.5
61245.8
55075.8
44891.4
42245.2
47995.9
52249.8
67900
62833.3
43505.3
57893.9
47896.8
67208
48394.6
75608.8
67161.8
41708.2
34603.9
59912.7
58385.4
58297.6
39505.8
65646.4
67132.6
53330.2
40060.7
56472.8
57046.8
51133
54559.7
58895.6
60920.6
56042.5
54652.6
64062.4
34370.4
42063
68517
46012.2
41840.6
57238.9
77279.8
64480.2
57052.2
49702.1
48790.2
39319
53410.2
41551.8
60624.6
41791.5
47821.4
50733.4
57446.1
67199
41359.5
53019
47966.2
52697.7
42496.3
38023
44774.8
65418.2
58755.1
41471.9
72243.4
55359.4
45964
63211.9
46543.4
62530.8
60025
44125.8
34100.2
58332.1
48498.5
54770.6
50214
59008.2
47495.3
51872.2
44490.1
65313.2
62502.4
55741.8
67546.1
49689.8
49383.4
46617.6
54806.8
65878.2
51485.3
54834.6
56464.6
57246.8
64137.1
68215.2
51293.6
58114.2
60857
40646.5
58424.9
53273
58336.1
68222.1
51048.2
59685
45948.2
59847.4
73666.2
48112.6
47264.6
29464.2
55383.7
59296.1
46601.1
52368.8
54680.6
51797.4
55336.7
29380.6
53790.2
44662.3
51518.1
54697.3
51925
34544.6
60390
45679
34217.1
58886.8
34278
44621
68023.7
40825.6
41216.8
38123
50483.7
57369
50523.6
48177.9
61514
28229.6
43040.4
42206.4
40501.5
47036.9
47554.4
24689
43837.2
45301
42038.3
72314.1
36527.2
35056.6
47343.9
40740.6
55733.4
64328.3
64969.8
36460.9
50121.8
51234.4
40051.3
52849
71475.8
49081.8
56378.6
55663.8
27352.2
39933.7
78837.5
58458.2
81831.4
59433.1
41049.7
60605.4
57617.2
59916.2
64983.4
47907.7
57124.3
68785
60104.1
52951.5
46394.8
55270.7
74330.7
70868
53797
52808.8
58324.2
48077.7
46093
63919.7
45393.7
49048.6
53060.1
41117.5
55499.7
65122.5
51205.4
50376.1
59656.5
34920.7
60992.8
63087.9
72624.3
48108.6
44946
55025
47247
51168.4
52096.9
54338
64807.8
62559.1
47075.2
58582
37434.1
51602.3
74685.5
44642.2
59606
67863
42526.3
40893.9
66224.8
66023.8
61766.8
62448.7
35210.1
34494.6
62580.6
46659
50333.5
54737.8
39263.9
43071
35974.9
56026.3
71839.3
48401.5
45766.8
51189.4
39978.9
49586
62775.4
62844.5
56370.2
71433.9
44187.6
60805.2
38583.8
75194.6
42251.6
51266.6
56581.1
68861.3
66774.2
59709.4
54732.2
41648.8
56366.4
42168.4
53190.6
52851.8
31669.3
42271.1
53039
78534
67305.5
50205.2
49780.6
60387.5
32225.3
36735.8
72250
58963.5
43783.4
43658.2
32040
43999.2
37492.1
71911.9
52442.6
34242.7
44265.3
61092.1
71056.2
58340.9
33774.5
56153.8
43024.3
47819.7
41405.1
52247.9
51299.7
54361.9
44081.2
44655.8
52276.2
41379.3
40145.3
41676.2
57094.6
60890.6
47482.6
47838.6
45331.1
40872
43413.4
59258.7
45046.7
42788.2
29349.1
53246.1
47468.7
45572.5
35258.6
55507.1
40317
58665.7
43205.4
49951.7
44919.4
35291.7
47442.7
50620.2
51660.2
57859.1
48342.3
41830.2
45028.5
60975.4
59447.3
55915.8
52827.3
42322
33181.9
51963
55399.4
53925.9
59537.2
53612.3
39383.8
56571.3
51782.4
67105.7
80691.8
49219.6
42480.1
54597.9
44020.9
41852.9
69096.4
61840.7
51760.7
33357.6
61059.4
49684.3
45619.6
45498.6
60431.4
45829.7
38607.5
54387.7
51205.5
59689.2
55292.2
52122.8
54846.9
45416.2
43383.8
33812.3
67579.2
58950.4
60654.6
48268.6
42039.8
44489
43733.1
46773.9
38814.5
64787.6
48688.4
44658.8
52840.6
36389.8
48769.8
51204.2
53480.6
62012.5
40003.5
52052.6
38213.3
65112.6
30082.4
66028.4
68656.6
47841.7
44147.4
49332.3
47902.2
68284
47874.5
60833
31348.5
54043.5
57032.7
59636.4
31563.6
45764.9
51611.4
53532.5
48987.9
54725.5
52443.9
49980.8
39322.4
71792.2
52908.2
37976.8
64285.9
57989.4
28072.6
44737.5
53038.5
47097.5
50928.6
63166.4
51424.4
52942.6
63603.6
46650.2
40800.8
46441
38870
33521.1
65107.9
43937.9
41798.7
51343.1
53552.6
31517.9
51918
77009.3
61288
49450.4
48035.4
48852.2
55894.6
67849.4
53264.9
64769.6
46923
50866.9
53264.1
56381.8
43527.3
63691.4
46221
47682.6
59896.2
44029
33221
52321.8
57629.8
38229.7
53519.4
52494.7
34392.4
45893.7
51775.2
48114
47097.4
44732.8
57342.6
34935.2
54015.6
49635.2
52175.9
39582.7
29287.8
42946.2
54453.7
53020.2
31944.9
42177.5
51059.4
57560.9
64669
38904.9
65938.4
32762.2
34355.7
70670.6
30900
51296.6
45505
48063.8
45379.4
79117
60254.7
72291.5
62338.5
66463.2
52178.5
46613
44571.8
56925.3
58061.1
38731.9
43939.1
55178
57051.8
37474.9
41822.4
50089.2
59522.2
89968.4
55838.4
54315.4
50287.7
40978.6
65851.4
50150.4
42492.9
44905.6
57662
38028.3
47165.3
56878.8
84700
44236.4
63252.4
27749.1
47769
57425.9
42992.6
43309.4
49927.8
38955.6
52297.5
48956.5
75274.6
40164
38963.2
36039.3
61668.3
63419
70585.3
51918.5
51478.2
50098.7
45875.5
43220.5
36678.4
47662.6
62732.2
53774.2
52408.6
54233.4
51793.4
59107.4
38813.7
44639.7
54030.1
34194.8
48597.8
56008.2
50823.5
64327
57547.5
45952.2
56401
62299.8
51456.8
32556.5
46407.5
57077.9
67339.3
37721.2
59148.6
61133.4
59349.7
42350.3
40581.5
62191.2
50600.3
48757.4
42214.5
46953.2
41243.9
36747.8
43114.6
37828.6
34002.5
57926.2
77194.4
40016.5
50219
43693.4
35308.6
67184.1
54363.4
55496.8
57342.1
39052.4
56945.4
55401.9
44436.4
53631.7
50326.3
35710.5
38624
67909
39640.7
45498.4
50521.7
66970.2
39080.3
48706.3
56869.5
66500.2
47424
52449.3
47363.5
52750.5
60647.8
48781.6
41823.9
55325.4
58573
48704
45284.6
52836.4
48893.8
54503.9
78453.6
49245.7
61856.9
40366.2
55483
50540.3
54963
39952.2
53770.6
49319.4
51923.4
57992.7
53026.2
55780.9
47396.9
45708
61959
42050.6
40799.8
61764.9
45296.2
53272.4
56753.9
40061.3
50060.2
39747.4
40850.6
73220.8
25232.2
54437.8
46612
51101.9
57845.1
44755.4
64714.9
57619.2
79905.4
60065
52047
53351.3
42798.5
76925.8
74969.9
35365.4
66243.4
58552.8
50948
53119.9
43175.9
60373.8
53063.5
53243.4
71081.3
51848.9
51323.4
62780
63378.2
66923.4
67141.3
59450.1
36391.8
46927.8
64385.7
44802.6
42143.4
57558.6
42324
48407.6
33263
60708.4
45867.4
60503.8
54589
77121.4
51784.6
32504.9
48579.7
39213
53443.2
70903.8
64939.6
60667
53763.5
39918.5
37475
45515.5
68622.4
81857.1
53399.1
53874.9
60418.4
43918.7
64182.6
73516.2
53519.3
55238.8
45070.3
36583.8
54355.6
63213.4
52242.6
64219.5
63185.6
51037.8
31363.1
52085.6
50574.2
64606.5
59739.2
50481.8
43081
47724.5
57139.8
62686.7
53269.1
49776.3
35603.4
52671.8
55888
46312.2
36889.3
52861
45862.5
62551.3
61768.7
60509.4
47329.1
67472.6
48399.5
45041.3
55918.2
59477.4
49337.4
52496.9
63758.2
44973.2
37560.3
45113.8
54337.9
60794.6
57169.8
37430.3
32583.4
44815.7
52315.2
45770.1
45688.2
41354.4
44049.9
30607.4
25123.3
58598
27831.8
26042.2
39898.2
34893.6
28052.2
46584.2
35356.2
55509
36840
31354.2
39455.6
32429.8
35139.2
64609.8
39966.6
48427
36487.4
33912.6
52018.2
50316.6
62143.4
73374.4
50996.6
47447.1
42573.4
54459.1
49808.9
42518.3
37689.9
44082.1
47358.3
57909.3
35788.3
51818.6
39467.4
48773.8
34758.8
56900.9
60241.7
40338.2
59295.5
44798.6
42245.4
47764.8
43315.5
54919.9
41421.6
47477.5
46438.2
47979.8
68614.9
56611.9
50506.5
52676.2
76517.4
52239.2
49952.2
42004.9
62602.6
69851.1
60850.1
80506.9
40474.5
56543
59228.5
53155
43947.7
50390.1
51892.9
47548.9
37550.7
43146.6
51110.6
44199.5
42002.1
59444.9
69696.9
50882.4
67115.3
62488.5
55585.4
41260.1
61604.4
38641.8
49362.5
46515.4
50012.4
58348
66248.3
47943.4
63561.9
57919.9
43487.4
36484.3
59571.8
59303.8
50491.1
62420.6
46868.4
39347.8
55209.8
60048.6
66410.8
47731.8
58966.4
47914.5
52793.4
56102.6
59460.9
61082.6
63833
51980.1
68888
59907
51752.3
55289.8
65558.9
70387
65832.3
63051.4
66807.5
45566.9
54488.2
63911.4
56111.1
72090.5
61801.4
68504.5
51302
49291.7
62989.6
41925.8
54624.2
58167
45776.5
73568.7
44716.8
39446.5
53654.9
42474.5
67061.8
57820.2
54707.1
43434.7
55409.5
58566.8
59625.2
59351
50533.8
53036.9
52203.5
56515
63924.2
82201.3
69066.2
46785
70967.7
80855.9
55837.3
71537.3
59657
55381.8
44636.2
74496.9
41425.5
58099.1
75111.7
57990.3
48866.5
66074
39653.8
51205.4
77215.7
63603.4
68643.5
43539.4
66716.7
55869.8
56787
59968.2
60499.4
51495.5
55871.5
59410.7
53154.8
53751.4
47820.6
40084.6
39282.3
63924.2
56814.2
46525.7
61363.8
48361.3
31899.8
64347.9
42577.8
49630.2
50699.5
51145.1
39266.6
46964.6
32045.8
32311
47860.4
42919.7
41071.8
49000.2
41577.3
40417.2
52273.3
54281.9
32311.6
41368.8
44668.6
24781.5
47461.7
53375.4
37958.2
62144.2
42489.4
43610.9
49906.2
32808.6
69112.2
55260.6
61563.3
39293.1
45374.2
37847.9
52117.4
64418.6
40107.1
68616.4
76505.7
41998.5
72228.5
53320.3
72302
39279.5
47793.8
51557.6
49799.3
70912.2
63925.4
45975
61350.4
54111.8
49819.4
73136.2
38085.4
62994.9
64879.2
55190.7
40805.4
53925.6
70825.4
47021.7
48534.8
53051.5
59218.6
44517.5
28224.6
51254.2
49672.1
61710.8
60249.8
56340.4
45844.3
48958
51965.3
71625.4
84136.7
50031.3
43069.6
50725.5
51528.4
38702.3
50933.2
38910.4
59461.5
59567.4
55291
45404.9
44571
37863.7
44459.7
52344.6
48530.6
47349.5
59729.5
60616.2
40533.4
61310.6
35423.6
65678.2
48184.6
60217.3
72689.4
40910.5
41740.6
59005
47775.3
43746.2
38122
43080.3
53273.7
45652.5
61772.5
61602.3
70582.5
62126.4
36731.4
49821.2
58529.8
44429
33349.8
45970.7
36090.3
41945.3
49104.3
38206
54465.9
50087.5
40618.2
60461.4
43413.8
50660.9
61784.6
42210.6
54740.9
38994.7
49029.8
34235.4
42198.8
51055.7
67131.2
51591.8
85064.6
43234.6
53616.7
41167.4
41076.9
51313.8
72717.2
48735.8
52644.6
46419.1
53668.5
51718.3
59569.1
44254.4
57556.3
58970.6
52879.8
44950.6
49601.4
51065.4
43213
41299.1
38164.1
39664.3
66887
43464.8
47834.7
42183.4
31029.4
24143.5
41579.8
55954.6
35404.6
35907.3
36022.6
31691.8
34039.1
52961
40106.3
24554.6
44531.3
38153.5
46741.2
40391.2
39907.4
26888.2
49709.5
71483.5
58444.4
60158.1
51881.5
39997.3
31771.6
35437
48750.6
58667.7
43866.4
42138.6
39551
22399
24830.2
54229.3
49374.8
49877.2
56882.2
47536.6
45257
30067.5
59138.4
39671.4
52537.1
39301.8
33695.2
38487.7
36948.4
56114.7
46607.1
45164.4
45145.9
38495
38776
65156.8
51948
43800.5
31976.7
57918.5
35772.9
58100.2
39073.4
64560.3
30267.2
39285.6
36926
74191.5
35719.8
39308.2
37901.5
43989.5
35762.2
28190.4
40308.2
34744.4
58702.6
65812
44208.6
41872.7
32362.3
25662.2
39485.7
53771.8
53291.1
46919.4
46312.6
36827.9
47905
55730.4
48724.2
41121.8
37498.2
37265.5
40400.1
43381
57553.6
63138
43728.7
47542.3
39219.9
64781.8
35596.3
28515
47959.8
40298.6
25125.2
41321.8
29693
80065.8
41099.4
47662.3
43835.2
43687
51719.5
36349.2
53145.8
32639.3
53081.4
54534.7
58248.2
27624.1
38008.3
39183.4
52872.1
31501.6
48709.5
53260
66885.8
33925
29773.4
49558.6
37090.5
33145.3
69352.4
39047.9
42907.5
46704.5
33016.8
38254.7
41639.2
62115.8
51771.6
50323.7
42782.6
46695.5
58420.4
36026.5
50320.4
31970.6
38504
47101
50311.8
31585.4
38837
60343.7
51426.1
38052.6
38462.3
50627
42341.1
34562.4
43009
76758
43182.5
62836.6
36621
34056.5
55069.2
58264.2
61579.4
45274.4
54200.2
58113
60498.5
36357
57111.2
32208.2
53374.3
51302.1
52941.8
39773.8
51017.4
57040.1
48664.9
52170.5
67624
64351.5
41486.4
44108.5
47813.9
37701.5
61835.9
53436
48530.4
54320.1
55767.2
41001.2
38983.9
63684
65371.7
51739
51664.3
68719
51185
65135.2
50236.1
72494.1
47201.9
44953
50769.1
45184.5
56704.3
47011.7
52597
59354
63886.3
55174.8
46782
57007.1
50763.5
61288.9
69432.6
60979.5
54162.9
33474.7
46886.9
48577.7
61289.9
45400.8
62372.5
49698.5
54087.7
48122.8
26878.2
49475
41282.2
62181.4
39122
53819.7
34098.9
49651
43313.9
55727.1
47354.7
33893
28259.4
56376.4
56080.2
60362
61158.2
35197.8
49088.6
38160.3
38577.4
49888.1
50475.5
46443.8
41163.4
45740.1
51727.3
40537.4
64155.8
54874.2
41918.8
58096.2
45083
55016.6
55960.8
84705.8
60928.4
55623.9
27591.5
48952.5
49739.2
39628
48545.1
65576.6
52922.6
51508.2
62617
42586.2
46529.8
46738.8
37783.1
55716.2
47236.6
55165
53936.8
48445.8
69381.5
58780.2
67199.4
58468.6
52460.8
47439.8
59064.4
55103.8
51041.9
60434.6
64502.6
55772.2
65635.7
51796.9
41750.1
64322.6
42192.3
51464.4
57877.1
49962.2
60214.2
42961.5
46866.1
42300.9
46765.3
55501.9
55087.4
65925.3
70144.5
61095.6
30931.6
44861.5
47389
69787
50125
60369
47685.6
45544.4
61308.2
66628.9
62658
67421.3
47866
64234
64400.4
54397.7
48435.4
57475.1
54251
52808.5
31254.9
38989.5
60092.9
56803.2
48103.7
59172.4
47337.9
42705.3
67712.8
43345.8
32256
61962.2
43297.8
43713.9
46045.5
57655
52946.2
56431.4
58660.1
69066.3
45505.1
53085
45478.3
58657.6
59490.2
49362.9
49205.6
59283.5
64593.4
56296.1
73151.6
37280
73241.5
69539.2
45855.4
49664.6
43615.8
42714.7
49539
38760.7
68334.2
47412.2
71229
61986.1
39923.6
61065
38696.8
60505.9
58875
63317.1
62332.3
38743
29472.5
62880
66985.9
70175.7
45308.5
65081.5
60257.8
52948.2
40364.2
38918.4
62112.9
56722.1
56916.4
58341.8
56078.8
41869.2
43087.8
49719.6
43611.8
61418.1
48189.6
31279.9
72232.2
58638.2
62660.2
33782.1
37979.8
38627.4
43417.9
36419.3
60667.7
61147.9
47940.9
46260.6
41616.7
56570.9
56740.9
35619.7
51697.6
45952.6
34087.9
58922.9
35280
45412.3
48493.2
33936
44907.3
39941.7
57349.5
40967.4
53091.1
36934.9
53030.2
45345.9
45259.9
50424.6
67307.9
52703.8
41048.4
50145.7
54868.8
46342.1
35580.2
53213.4
45670.5
36429.1
55371.3
60119.2
50591.4
45747.3
52016.7
43975.6
64322.2
61746.2
41380.2
41593.4
47602.9
34952.6
39870.3
57214.4
53514.6
50569.7
35028.5
31952.8
50603.9
58035.4
58078.6
32755.8
44503.4
60196.9
41933.8
39068.6
54451
39745.4
31359.8
52038.2
53280.9
35904.3
40453.6
42407.2
47109.6
52626.2
49730.2
34690.2
39221.2
38260.9
33745.1
34252.6
38012.5
68498.1
47645
47297
50619.6
41268.1
42908.9
46508.6
35910.3
35951
49153.5
80825.5
36377.9
38130.6
33514.3
46304.3
34972.6
43930.4
57428.7
56951.2
58245.9
49390.9
64320.3
37264.7
52814.2
59670.4
67815.8
55836.6
44401
44353
33213.5
71641
59107
48642.6
48529.4
59448.1
55136.1
59594.3
42590.5
37956.9
59582.8
73500.6
47157.5
47592.2
54573.6
49485.7
50420.2
48301.1
50752.6
46830.7
44337
47892.5
27435.8
57907.7
40678.2
57780.1
57014
80976
36537.5
44203
56099.4
44760.3
68316.6
71262.5
51037.7
34664.3
59279.2
67815.8
51610.7
63739.3
57074
40561.6
53859.7
47987.5
52055.3
54595.2
55414.2
61098.2
58201.2
40448.3
41347.1
41310.9
57687.4
62902.8
50030.2
61778.6
44110.8
65239.8
60727.6
54049.8
70657
56991.5
54406.5
41420.6
62598.5
59612.1
55799.7
49981
60075.6
75768.9
51361.9
51762
45456.6
52221.8
46404.6
56376
47154.6
48913.4
52379.9
70915.4
39853.8
47560.2
50783
43093.3
48011.1
56973.2
50931
59300.6
41293.2
42289
45888.4
57687
54950.8
49350.4
33862.8
52043.1
36030.6
47444.8
47322.2
54957
57591.8
50818.7
36446.5
40902.5
69250.2
53209.3
62176
39269.5
51643.6
38860.2
45626.7
45194.5
47111.8
55689.1
47297.8
47157.4
54288.4
62019.2
48953.9
54987.1
60298.6
65910.8
65930.8
58502.6
54790.3
68765.4
67857.3
56740.5
46949.4
51595.2
68182.7
66911.4
56896.9
58277
61643
54024.3
51991.1
55065.2
71503.8
65468.8
59613.4
42702.6
52124
52620.1
54935.5
59590.7
42207.7
76189.6
48965.8
45659.4
71455
52398.7
46096.8
34330.3
61012.3
30478.5
76530.2
48978.2
70389.9
37823.7
60963.8
45659.4
48722.8
43897.7
71052.7
57170.4
52352.3
37408.2
51741.8
37431.6
59898.1
61414.8
50150.8
42761.8
68586.7
72036.2
48274
59823.4
43879.9
50160.8
52937
55452.5
44347.2
54180.3
38609.4
55771.5
57420.6
54429.9
37291
55423.8
57639.8
63727.9
57050.4
43493.1
53010.6
46299.4
38922
63846.5
44520
66574.2
46208.3
41359.2
35321
45058.2
58167.1
56416
53085.9
46651
37643
39940.5
69469.3
50164.2
54786.7
44047.6
53431.5
54651.2
66006.2
49960.6
41898.2
46661.8
43373.9
58327.1
57737.6
50947.6
45646.8
51292.6
63309.8
39981.8
49400.2
50888.6
58595.3
40202.5
21287.4
41015.2
60532.6
37437.8
73371.5
38431.5
55689.6
66662
48061.5
33704.8
44114.6
37968.6
52837.9
60575.8
42441.8
45853
41003.7
44167.1
48634.7
47334.6
54368.7
62368.6
38692.2
70094.1
39712.2
47475.7
31998.7
64311.5
42602
66055.3
41474
41488.4
51744.5
46446.9
58085.2
40526.3
59468
79439.7
53156.6
68732.8
63028.8
57663.4
46904.4
60055.7
48194.2
74120.2
34344.1
46334.2
65576.3
35146.8
46255.8
47531.8
40381.9
33214
47458.2
34969.3
45678.9
64998.2
49580.4
31845.8
50390
48788.3
44978.3
46796.5
50264.6
44430.2
41836
47531.2
48446.2
50376.7
51318.2
52431.8
57334.2
49579.7
50180.1
48286.2
46231.7
48570.6
39173
38140.2
48383.6
48717.6
50933.9
39477.8
51754.7
40926.3
31581.5
54341.3
40011.4
44076.2
52764.7
64551.8
33194.2
64585.4
37189.9
41717.8
63336.6
44452.6
53967.2
38323.9
60839.9
40985.9
54579.3
32010.5
51089.1
32535
56484.9
50134.6
38958.1
53602.8
61063.2
65458.4
32643.1
59921.1
49816.7
60623.7
42922.5
40164.3
56226.6
40017.4
46516.8
65114.6
58581.3
37649.9
54206
60132.3
51824.6
50904.6
45169.4
55379.8
57596.9
52814.4
40881.3
58710.9
40312.6
56441.8
58220.4
59639.5
56713.8
58209.3
58305.1
46612.4
65955
62113.4
50382.9
60600.5
54696.4
68394.9
49889.4
62505.8
50667.8
63546.2
47244.9
35632.2
63574.8
49637.5
27598.5
42133.9
50948.1
56515.5
65102.8
38298.5
45601.5
55617.9
46987.5
51966.9
68731.4
43235.8
59869.2
41815.9
32402.6
43682.6
72371.3
65845.6
56048.5
59035.3
46063
36179.4
60736.9
73911.7
53168.6
62222.1
36444.3
47869.5
39445.4
46636.7
47907.8
53473.6
61172.2
52227.4
41541.8
55069
28943.2
63627.7
57207.5
48265.4
48376.5
41274.5
43199.3
47668.5
55259.9
49322
32895
55787.7
45969.6
36144
47555.4
27385.8
28824.7
44385.8
45774.3
50933.1
44717.3
56297.2
59937.6
31196.4
29024.1
56724.8
44013.2
34403.2
50719.8
50140.4
50600.1
64157.7
46599.8
38345.9
30365.9
58428.6
53280.6
67188.2
39883.1
47950
37660.9
66438.6
41818.9
50117.1
48755.6
55883.6
54543
39523.4
47736.9
49692.4
29331.5
57116.4
34703.2
43143.9
38204.5
43330.2
42041.9
52801.8
42310.2
61290.4
49723.4
40950.5
41014.7
50755.8
46880.4
68281.8
47778
42761.8
42908.6
53458.9
40407.4
43312.7
47769.6
48285.4
36384.5
39776.4
48489.1
68926.7
43765.1
54011.4
49535.8
45633
43104.7
49148.9
45668.5
54626.1
50376.6
34062.8
27462.5
34827.2
41651.4
49875.6
69164.8
52283.4
55929
53302.1
38307.8
46973.8
56808.9
44296
36146.1
51978.2
46919.6
57252.8
59699
39732.7
43228
31807.5
60603.6
42235.8
35512.7
71536
52734.6
40584.6
45795.2
46751.8
42232.4
63318.6
54262.3
32365.8
45969.1
48774.8
36810.7
46449.5
50593.8
46863.2
49113.5
28114.2
50719.2
46150.6
76311.4
38916.4
51759
29389.7
46911.5
45504.8
59185.7
44779.7
52692.4
37547.9
58409.8
41259
70507.8
52935.9
44233.8
53235.4
47698.5
55534
61532.9
85233.7
58406.3
62833.5
46482.8
46428.2
60896.1
75603.6
60587.2
41319
42509.7
51126.9
35207.4
71652.2
81563.3
59261.4
62746.9
50997.4
43457.7
44697.4
63375.8
65006.9
44216.3
52903
69683.8
66299.4
51928.4
53019.1
62835.7
52042.5
65726.5
57274.6
54327.4
72149.5
74636.3
66310.2
41415.5
50619
44743.2
57859.3
58015.5
55917.5
62579.2
67899.4
64913.8
60728.8
55846.1
40785.8
44979
42952.6
59484.3
44431
46735.5
35621.4
52709.4
43077.3
39914.9
43218.4
43298.5
47927.4
48275.6
41718.6
40357.3
35479
37775.1
45429.8
39283.4
53731
50585.4
43625.8
54665.9
39741.2
51913.1
42799.9
48404.2
49369.6
69378.8
52465.1
61560.4
55712.3
55753.7
41115.5
67195.4
36396.8
66103.1
59899
45898.5
53117
39563.1
47403.2
55856.2
53057.4
51542.2
61539.8
41667.4
70106.9
45947.8
56714.5
48059.4
50229.9
72554.4
56341.8
60255
49576.9
39990.6
62037.1
72631.8
67731.3
53588.4
40302.1
56778.1
64236.8
55685.1
54227.3
41071.4
45286.5
55174
66987.4
55660
41376.8
35256.4
44845.4
47157.5
43495.1
48793
57963.3
54589.2
35196.4
52270.9
43002.4
46959
75513.4
42237
51121.2
53216.2
68116.2
49474
41893.8
47338.2
44924.3
49674.9
63059.2
38429.4
47461.4
41276.9
37569.5
38920
48992.5
43557
43949.7
37400.4
44881.3
41402.1
59063
44051.4
47207.9
36338.9
50368.1
67500.7
37396
36965
38619.6
45819.4
69937.7
41998.6
63430.2
50210.1
57988.6
38880.2
61669.7
60615.5
64950.6
51999.5
61335.5
65985.3
41027.1
47768.3
42364.5
43316.4
57116.2
54285.6
52535
56769
35124.9
54413.1
73610.4
58302.4
29633.9
54931.9
46969.2
55074
63350.9
41713.9
54045.3
31584.3
56022.8
51775.6
44071
49761.2
55032.6
44708.1
44976.6
38105.6
46998.2
58316.2
48046.5
51051.5
47599.5
51882.7
38757.6
35076.9
45631.9
56957.2
61575.8
43390
54022.4
34904.6
29844.5
52155.7
76937.7
44638.2
30741.3
51013.8
34349.4
64356.5
51589.2
61421.2
32610.6
61032.2
47948.1
48315.8
76278.5
72872.6
51568.8
59876.2
38092.2
47345.6
43019
50308.9
48352.7
39393.4
42608.6
46858.5
65062.6
49638.7
45231.1
61593.8
65624.1
48717.5
46637.7
55484
45218.9
57606.2
65884
42986.5
36335.7
60039.5
50490.6
42296.7
51539.9
53832
43024.2
51792
40464.9
54535.8
36292.2
54025.4
53212
52281.4
44209.7
54837.8
57982
43770.1
56039.8
58866.6
64580.9
46329.5
40165
41534.6
38600.3
60007.2
61467.8
72053.8
43026.3
48797.7
50804.3
56594.6
42288.6
53115.4
39236.7
36265.6
40437.1
39569.4
68848.4
42915
39921.4
50493
48074.3
48277
38821.7
61219.4
63521.4
45956.8
35975.2
33583
71107.4
53150.9
46909.1
55809.1
43576.5
75629.4
56157
59070.1
46544.9
59756.7
43515
69268.3
28577.8
57430.9
43797.4
47545
50020.6
42210.8
58859.6
62987.8
50304.3
49097
48682.2
51838.4
61530.5
52821.2
29918.6
32969
45239.3
46375.8
41037.1
50831.7
40264.2
38540.6
44924.7
44929.4
38303.5
51631.7
51131.2
34565.8
38509.3
51558.6
48653.1
52380.5
59675
39814.4
50284.9
42555.8
52869.1
67023.3
49542.9
54458
69096
70852.2
37513.6
60047.9
66200.6
44803
48017.4
62123.3
38720
36764.7
37036.1
55217.6
66215.4
60839.5
49864.6
48904.2
42792.1
43841
47574.8
49710.7
52151.4
56359.4
52559.6
53111.8
67083.9
55002.7
40942.2
45375.3
44240.2
64332.5
51073.4
68344.8
43469.9
36142.7
42277.3
50584.3
54196.4
70071.4
46405.8
70198.9
52001
46699.1
65265.7
47265.6
56623.8
37524.2
59702.8
57499.8
48456.4
50855.8
56447.9
58228.9
62456.6
50451
43518.2
58843.5
63944.3
38120.9
35757.6
61698.5
65279.2
51103.3
45905
30457.3
39538.5
72202.6
61832.4
52119
48522.7
53359.6
43362.6
50020.8
62090.2
46942.6
51335.9
41381.5
56187
53557.2
60243.7
51839
49696.9
42791.5
59512
84487.9
67266.6
54023.8
69464.5
43493.8
55145.4
51964.6
55459.1
44862
49613.8
44149.7
69008.7
66591.4
58383.1
84387.8
56410
33316.2
46479
63548.7
47314.3
60665.7
71894.7
50803.5
35828.7
51823.6
71563.8
50449.6
52031.5
39163.4
37255.3
39292.2
33950.6
66668.9
45931.4
47032.6
53118.2
57553.3
60085.7
65580.5
55448
39076.3
63383.8
46682.9
69244.7
57465.4
50626.8
44701.9
47255.3
52481.8
49431.8
50236.6
78837.6
74076.3
44288.6
38274.4
61188.9
65448
63913.9
64141.1
48007.8
40816.5
53216.9
68936
47277.4
50519.8
48421.1
40546.1
47141.8
56453.8
63547.8
74798.2
49324.8
60463.8
60840.7
49169.4
54256.6
78081.4
81765.4
59483.9
29692.1
44316.6
58516.6
56543.8
59675.6
48240.4
77427.9
42716.2
38692.8
58984.6
61612.2
55487.8
47027
31502.3
39014.3
49364.7
68530.6
61470.9
61329.5
33769.6
41590.6
44224.8
68412.2
49690.6
55142.3
53981.4
43069
47030.5
36964.1
61455.7
60487.8
47351.2
33680
54216.2
37320.1
51617.9
56594
30536.2
36914.9
45351.2
52767.2
41373.8
44634.6
48326
34702.4
45271.7
66571.8
36566.2
41176.2
48920.3
45337.3
43731
42090.2
40231.3
54541.5
47258.1
73456.3
40060.2
55148.8
46575.4
57624.1
46971.3
48968.4
59366.4
52292.8
52799.2
46413
38198.1
48165
54656.9
54908.5
39449.4
37918.4
45891.5
48526.2
59361.1
45861.8
40449.4
51432.6
43654.8
45771.1
48994.1
44270.6
55738.9
50517.5
69267.3
49501.3
49531.6
34763.8
62109.9
47767.8
38842.8
43167.8
43121.7
37432.6
54058.3
55993.3
41779
47888.6
56062.6
57776.6
53024.8
53972.5
65045.8
51780.6
50649.3
49144.4
54094.8
55440.6
53902.4
66806.8
52276.6
70230.6
57498.2
49941.7
55129
66272.3
63889.2
60269.8
49063.8
48228.7
41866.9
53302.3
63578.4
38726.1
63649
58296.6
62532.3
43968.5
51852.2
72759.7
37907.7
65663.2
28937.3
58430.8
37710.6
57931.6
37234.9
40249.8
62868.6
43819.4
52135.2
45790.2
47583.8
32902.8
65011.3
50085.8
46040.2
60804.7
38132.4
38401.7
41520.2
50045
50592.7
55271.7
54511.4
52808.6
33891.8
39517.8
77201
71705.6
57207.8
49158.6
43184.7
31496.2
61995.1
52619.2
43039.4
47333.8
44175.6
53359.5
53237.4
54012
56104.2
36936.9
37563.9
33290.5
51776.8
42563.7
75145.7
70283.4
45565.7
45421.8
48301.8
40003.2
55254.8
38345.4
66936.6
42495.7
33898.5
47188.2
65717.9
51921.4
38048.2
55897.2
58538
33028.2
67262.2
53913.3
57641.6
68847.4
60550.8
45076.3
51172.7
42536.1
46647.2
54909.8
54766.9
53094.2
43977.1
34777.1
38279
54057.1
29550.9
47926.7
44416
66955.2
37299.6
49120.4
45311.7
34568.9
31362.7
28265.4
42960.1
41644.7
34748.4
57527.9
33226
42452.5
33209.4
57566.3
31800.2
43168.3
44066.3
33295.4
33201.5
50384.2
49750.2
26826.5
53195.7
36711.3
29569.2
36239.2
50476.5
52213.1
28452.8
46605.2
42368.9
47570.5
45512.6
27210.2
46093.4
34683.1
52354.9
39557.3
64054
38753.2
33284
52448.5
46403.2
71668.3
65235.6
46899.4
53686.7
31384.9
58950.4
54896.5
59673.8
43900.8
32143.3
45072.5
43461.7
61419.8
60027.4
47065.8
36627.9
43639
55221.2
50444.3
55527.6
40223.2
55617.9
38719.4
79329.4
67989.2
44462.3
63536.2
50024.2
56207.4
42840.5
54910.3
46559.9
37209.3
59846.7
53991.5
40316.2
52972.1
75737.2
54869.8
45832.6
59615.2
51200.3
38546.9
62955
72320.2
57257.4
42634.1
48374.6
58668.4
65685.9
68861.4
54333.4
56878.7
35307.1
43742.6
46366.8
43408.9
52416.2
56348.4
62963
60215.4
73699.8
64568.1
67752.6
68867.6
57910.1
53473.6
48667.5
61306.9
61640.6
48140
70998.6
47447.3
61913.4
61314
52528.2
63350.6
66400.6
65270.8
66089.3
46127.3
40626.9
69484.1
61574.2
52745.4
43285.7
63820.7
74333.7
38250.8
48874.6
51950.5
45657.4
39114.6
39450.9
54182.9
43476.9
59490.7
57597.5
34607.9
66522.2
41771.4
52284.7
45523.5
58003.2
52074.9
57418.1
39071.9
74725.7
34812.7
51076.8
35455
48393.4
52084.8
39096.6
39490.2
51623
49512.6
67873
48522.3
43329.9
45722
47942.6
49823.6
52156.6
55928.7
59180.5
46362.4
58088.4
44297.5
65936.8
44416.2
43909.4
47497.7
43462.9
45351.3
62988.3
72451
59373.9
44431.5
39071.4
64800
63657
53119
49528.2
75709.5
62708.8
49341.8
51223.8
46112.6
69848
55955.1
56379.4
53148.2
59468.9
39843.4
52639.9
52642
43257.8
56475.7
57543.9
50275.6
53531.4
52005.5
37485.8
47520.7
41975.6
55652.8
49863.7
47797.1
47962.6
56429.8
54052.6
55372.8
60537.8
41776.5
48223.7
54721.1
37802.8
42137.6
47098.7
36041.5
59726.9
46855.3
52832
53838.9
40670.3
47360.7
54875.4
39291.3
42080.1
41681.4
48063.4
41687.9
54720.4
37268.2
34492
41365.3
26837.1
49638.4
40126.2
39311.9
32528.6
33669.2
49025.2
39017.5
55732.6
38680.5
64012.9
60988.9
38582
46810.8
41457.3
55277.4
60804.7
52514.6
41605.1
49883.7
52505.1
42829.8
49242.3
60389.1
39626.7
54062.4
39804.5
39171.9
37361.1
59627
45439.6
37592.9
35725.4
60695.9
32679.8
35057.5
45404.5
50011.2
59282.7
51175
59324.4
49524.8
36005.6
63453.3
60165.1
53398.6
53833.2
55417.3
27153.3
48771.8
61241.9
52372.6
56200.3
53796.6
50851
58489.3
42666
41593.8
41033.8
52682.2
35240.2
45243
55558.4
56351.8
44250.7
47388.4
41937.6
50897.1
38254.9
60389.3
51277.9
43244.2
52328.2
52583.4
41809.8
38276.2
50634.5
45569.7
58867.4
36801.4
41172.5
43664.8
61652.9
48409.4
60854.6
44261
36015.3
35402.1
58655
41930.1
52613.2
38131.8
47891.8
37439.4
41780.4
43399
61588.3
60587.1
53994
41147.1
27801.4
62294.2
47701.2
51695
42086.9
30450.9
34835.6
70586
70273.9
51394.2
63574.6
38421.4
50926.9
47024.9
50304
48401
45478.8
55310.4
43248.9
43866.9
73513.1
62817
42616.6
68461.1
38251.7
43438.2
48815.9
49749.9
42728.1
55075.6
51469.2
51484.2
48357.2
60565.1
58517.8
71669.2
67085.8
46991
45660.6
41001.3
27961.6
34923.4
58054.5
44983.5
68187.2
64153.3
58133.6
47539
54389
56671.1
48692
67737.7
45706.4
53683.7
81344.2
69609
61391.6
63545.6
56434.4
59689.6
41215.4
48169.2
65894.6
38511.8
70171.6
67770.5
68160.4
43510.4
33770
41952.6
64784.9
36001.8
48808.6
39311.3
36323.8
34390.6
57454.6
41733.2
51940
59100.8
60421.7
30002.7
36503.4
43804.3
63454.2
58720.6
45291
45840.2
41540.5
44022.5
41646.6
45455.5
56441.8
60252.9
55377
38718.4
25889.3
48234.2
39614.7
41792.8
43983.2
60489.1
33410.2
59102.7
59240.7
46156.6
41082.5
28406.7
49241.3
31453.2
54620.9
50139.7
35545.4
38530.6
40285.5
43024.5
57432.4
37531
33487.8
50515.5
30654
46363
54455.7
42889.1
26045.5
41074.2
59814.4
40145.9
41137.8
50630.1
43998.6
55502.5
42972.1
66945
75520
50308.7
41587.2
33010.8
35402.7
46196.6
52946.5
54162.9
49764.6
78684.6
50098.7
42520.3
44569.3
41078.2
46150.3
53108.2
55683
53689.3
36815.6
45569.5
55091.2
37561.5
58580.6
34248.2
43561.3
44144.8
33128.9
39687.8
54740.5
44197.5
48517.8
54978.6
40026
36518.6
58400.2
41074.6
59569.9
75774
42646.4
63172.6
63045.8
50064.7
60427
69031
57491
46895.8
47318.2
57130.3
54643.6
41462.3
51267.8
55115.8
59994.8
51449.3
56879.4
44899.6
30003
48461
48697.4
49664.9
77239.1
63879.1
50280.3
57106.6
55133.8
55302.9
65139.3
55994.8
44841.4
43095.4
42524.8
40005.4
42652.9
38575.4
49772.1
49289
39597.4
72808.7
48973.5
51101.6
62543.8
59369.8
44996.6
53811.7
46411.1
68377.7
42394.7
40939.9
47063.6
31252.4
50703.4
51358.4
50468.2
35969.4
52799.3
46116.1
50769.8
39211.7
43777.7
39759.6
47364.9
58003.6
70207.5
52669.4
50027
48284.4
47565.9
28680.7
64914.2
46505.9
45525.4
49224.2
44895.7
51198.8
43494.1
50393
64258.7
45913.7
49650.9
42834.6
48639.1
50093.4
43753.8
55545
47181.1
53665.8
72572.2
61271.1
44474.1
50202.6
55989
53643.7
53729.7
74846.9
79535.4
50984.4
32985.4
57690
58793.2
67883.2
70309.3
64360.7
52471.3
42664.4
35934.6
57369
67115.8
56922.3
73302.2
64140.3
61557.8
42949.2
65440.3
35836.2
66633.6
60332.7
51973.4
47938
52810.3
59338.7
60099
42341.2
43317
72138.1
71448.6
63544.6
50837.8
43457
54051.4
60411.2
48701.5
60786.6
57149.5
51769.3
43161.3
74511
73038.8
66841.3
54312.9
70648.9
36843.8
42696.1
71240
56698.3
54229.4
65775.6
58468.7
48273.9
36090.6
45286.1
49863.9
49987.1
50406.9
47593
37717.9
52965
42716.8
35744.3
58796
40584.1
30858.3
35406.3
23159.9
50748.4
68100.6
58646.5
50065
45699.8
35293.8
46037.5
46858.2
63324.5
43173.4
65775
33028.9
30127.3
55195.6
69506.8
65659.6
73526.2
38613.5
50126.2
45693.7
52544.7
42765.8
45848.6
58839.5
39780.6
41813.9
39452.2
51191.8
80558.6
69151
52306.8
38461.5
63805.4
50993.2
49908.4
36017.5
46700.3
55387
37365.8
56526.7
58819.1
48659
48355.6
61014.4
35511.8
54698.7
55784.2
67537.4
56144.2
63100.2
44963.1
57622.7
46399.6
45857.7
60086.5
46846.6
36523.5
45084.6
57390.1
24523.2
56557.4
40185
50224.9
46596.9
38817.1
65075.3
55509.5
54224.6
44695.9
47673.8
49581
42296.7
36700.2
36914.9
36046.1
54428.7
50477.8
50749.5
57698.4
36708
32491.1
41801
54225.7
36778.2
46729
42860.8
40816
51371
49604.4
38288.7
47207.3
33306.8
41144.2
67910.6
53965.8
39737.2
48652.8
49741.6
65106.1
34943.4
25459.4
38750.1
55087.4
39807.7
50129.3
54401.7
41477.9
50198.9
41002.6
60105.4
57875.9
53958.3
62636.7
49481.9
45777.8
63251.8
54800.6
42588.2
41532.4
39169
43252.5
48962.3
71890.1
44948.7
43740.6
49320.4
44471
58226.3
35962.9
47147.3
42649.7
43664.2
46110.6
59583.4
37496.5
47058.9
39457.4
48035
39716.8
49067.9
39666.8
50264.8
47200.7
38663.8
44222.5
31646.6
47332.1
49649.4
46430.1
37901.1
46051
51018.2
54633.4
57095.4
29930.7
31212.2
45339.4
55527.8
53990.7
60780.5
62150.3
40297.6
46202.8
47855.6
58496.1
47438
53796.6
48521
46739.8
40193.3
49287.6
53515.7
50244.6
68967.9
43686.1
80036.6
39541
38964.4
58392.1
54895.4
54837
67423.9
51669.8
40611.7
54848
46230.2
54617.7
51592.7
55362.2
50016.5
40713.8
48075.8
46587
47542.2
69984
62058.6
65901
54410.1
59306.8
42185.4
49338.3
65103.8
61183.2
46260.6
35064.6
70168.3
64938.4
52357.4
42797
45285.5
53832
58517.3
45287
38461.4
52228.6
50211.7
43052.2
40413.1
41220.6
43362.6
49700.2
58586.2
29467.2
27930.1
50474.3
49369.4
48437.4
58670.6
60580.4
28190.9
61091.1
55045.2
60851.3
57017.8
52098.6
49961.3
48969.2
38595.8
64917.4
42129.9
48774.4
54511.7
54741.8
57672.4
50153.8
51823.4
63370.1
40519.6
52439
71142.6
59889.9
63626.3
59369
47111.1
42541.8
42037.5
45383.8
48369
41044.2
34230.2
50008.5
48846
57522.9
56369.4
31271.9
48758.3
42772.2
39438.9
40283.8
50863
47243.6
40195
52592.5
53804.6
56210.2
42695.4
63653.1
50865.1
55356.9
47222.7
38622.8
41428.8
69048.8
48131
43651.6
52140.6
36950.1
42251.4
46309.5
44514.6
47523.4
34232.1
64615.8
35205.1
43442.9
37946.7
49595.8
49788.2
65025.6
43372
33563.6
44797.2
42781.3
43890.4
59726
50206.3
61295.2
57955.6
35805.2
38181
56375.2
46215.8
45228
44799.3
36708.5
46356.8
60640.7
80782.7
55657.3
58685.8
62471.2
49247.8
48552.1
48481.9
51364.4
71793.4
61318.7
48652.5
69248.9
52019.8
70153.9
55440.6
55447.1
51380
61176.6
80026.6
78854.2
42382.3
38541.6
55788
73453.8
65482.9
80877
79081.1
52554.3
57790.6
51028.2
67149.8
77352.2
61088.5
58909.8
61312.2
59152.7
79152.3
57777.2
49108.4
67708.5
60309
41889.4
44659.8
51330.6
79079.4
58395.2
66573.5
57724.7
73699.2
64744.4
54745.1
53477.1
71441.8
73590.6
53917
70262.9
48340.3
58531
70630.8
52209.8
63913
56619.8
58007.9
43547.2
53119
39589.6
60637.8
67924.8
57417
68644
68409.1
45311.6
59022.9
61964.1
84497.5
73400.8
85057.8
64335.9
50716.4
63771.4
51890.6
80839.4
85224.1
54209
77765.4
74911
54381.2
46089
62697.1
46698.6
49858.3
61787.8
73064
49505.4
61728.3
65623.8
53527.8
78756.8
49427.4
53008.1
42332.8
35462.2
42811.9
59469.7
62142.4
37789.7
38160.6
53476.2
48772.7
60221.1
51504.8
36501.7
57705.4
57967.8
59122
59259.1
51512.1
51044.1
41871.6
78671
64495.3
58698.7
41212.2
43375.1
59866.6
48403.2
71592.6
65859.4
42651.6
37013.1
48005.4
34584.2
43333.6
45108
66423.9
47850.2
65103.6
41144.5
51321.6
54850.3
36784.2
57557.1
30258.6
35465.8
35285.1
39381.7
42642.9
48189.4
41719
25909
50161.8
31008.6
55377.9
57432.5
49032.1
47768.6
34936.3
45254.9
67065.8
58378.6
55048.8
57573
77427
31226.5
59875.2
56564.6
84695.4
56658.5
60269.8
46161
57435
50282
46052.4
44346.6
52575.5
73385.8
72586.4
68488.2
68744.5
64478.1
44629.9
41878
65711.3
69287.4
68084.9
59070.7
57148
73394.7
64051.1
65530.6
59355.4
62695.2
71205.7
51076.2
69282.1
61440.1
60060.6
42836.9
74826
70584.1
58974.4
54662.9
48519.9
44700.5
54247
48838.4
36485
58951.8
45378.8
52710.6
40660.1
42252.7
36728.5
38984.4
45041.5
43802.3
52772.5
40680.9
62958.5
43144.6
47574.7
62066.2
36550.2
31123.5
60996.6
62244.8
37519.6
42849.4
31369.2
40926.1
27289
48894
39500.2
56917.5
55033.2
37536
57799
47133.5
74194.1
40553.4
34710
58566.9
39845.7
39129.7
72490
47254.2
49089.4
49773.8
38855.3
73858.6
57401.4
48829.6
63078.2
37574.2
38583.5
45675.4
53610.2
32204.1
44843.3
71430.7
35217
34418.2
47398.2
45530.1
50992.3
44806.2
45462
43070.6
45255.8
45831.1
44935.5
54144.7
70625.1
44102.6
33690.5
32042.4
29651.9
47029.1
57870
56802.3
40216.3
56373.4
35822.5
47925.4
36175
47680.2
49502.6
31879.9
57096.2
43936.4
54769
44719.8
39169
26020
38327.5
47399.7
50019.8
35752.3
65483.6
44186.1
43251.5
51048.6
35931.3
42235.4
33451.2
41155
39345
66781.9
38059.7
70702.3
37614.1
43040.5
48683
48773.8
38581.4
61507
64510.6
58666.9
55729
33145.8
37635.1
35856.8
49732.1
42000.5
53424.5
45779.8
35125.2
40900.7
35627.6
44595.1
41054
54245.1
55336.3
39736.9
52622.9
40081
38946.7
36334.9
53677.8
46552.1
60917
31569.4
69412.2
67162.3
45137.4
33907.8
56833.3
49190.4
55896.2
47824.6
58579.1
35715.4
53432.1
50593.1
43592.2
68103.3
42562.4
29806.6
52375.3
56350.2
56776.6
61603
65446.3
30692.6
53120.9
49976.8
46936
48108.4
58787.1
59985.7
38980.4
52828.3
61672.4
53535.9
57890.6
52244.4
43118
40823.5
46132
45423.3
33007.8
39819.9
47480.6
43679.7
36327.8
48715
36196.5
48168.7
34277.5
52451.4
39322.6
43183.2
63759.2
37449.4
52394.5
48389.9
53175.6
61880.1
53403.7
47445.8
46528.3
37694.2
57132
41093
61464.7
57532.6
51887.3
38599.8
45703
57357.3
52374.7
35859.9
47755.7
39592.9
59895.4
67549.1
53770.2
46334.2
40886.8
38297.8
44761.5
52071.6
62925.6
61036.2
46369.1
49579.5
41273.4
47530.4
44182.7
66607.2
45163.1
42608.9
50526.6
36527
69296.9
42828.6
48619.4
52290.5
30988.4
31592.2
43806.1
33473.5
34338.9
49830.6
36282.9
40988.8
48190.1
46884.3
44554.7
72793.8
42582
33410.2
28351
40135.4
47551.2
48192.4
41520.1
28789.8
53822.3
37902.6
46272.6
57529.8
43898.7
41741
39715.2
49029.4
30744.6
61096.6
45400.6
23953.5
45042.3
51751.7
64003
50518
41125.2
39583.7
37496.5
57692.1
38852.5
53327.6
30839.3
54519.8
41459
53493.1
63737.4
58941.4
42318.8
50971.7
38219.8
44033.7
59388.4
40498.6
34113.2
40503.7
55505.3
59145.6
58435.6
32175.4
43746.2
47602.2
38291.8
55299.8
45104.3
51008.9
39936.2
47767.1
68724.8
38799.3
32657.3
52313
37076.2
43623.6
40002.5
41677.8
34678.7
60819.3
60916.5
36743.7
47113
42033.9
63485.4
45074.2
56176.3
53869.4
44092.5
28427.5
31298
38262
27209.8
38473.3
46820.5
39842.7
27369.4
28653
44504
46756.2
18710.2
41593.4
49781
37539.2
25277.2
33236.2
61411.8
54292.9
57383
51013.6
58561.8
67828.2
51137.8
41846.9
54501.9
55148.8
63963.3
74082.2
66080.7
49581
39391.8
34333
55127.8
49623.7
62211.6
61461.7
52804.2
38605.9
54152.6
53644.6
49817.1
56481.6
42505.2
43516.2
46974.8
40406.3
48637.1
51765.8
48056.5
50519.6
42065.4
33646.1
47001.4
48967.5
55125.8
48329.6
43208.2
47756.5
39766.7
42462.8
55522.6
37316.3
44984.2
58716.2
40125.5
56507.7
41284.2
58376
58687.3
42515.4
39089.5
67058.4
60136.6
53924.4
56126.6
50684.6
64009.6
52924.6
74018.9
78926.6
47506.2
57458
36579.2
56267.6
47178.2
46459.6
47168.3
43657.8
62562.8
35358.2
39783.6
50649.8
65866
30202.1
53677.5
27914.6
67147.4
51163.1
37915.4
63945
46528.8
45406.5
58822.5
38507.8
34489.8
46464
44508.4
58121.2
52166
32883
58598.7
73572.5
60824.7
35621.7
48096.2
53874.2
33534.9
60782
51767
49968.6
48356.6
47240.8
42121.2
50973.5
36440.7
34796.3
44520.8
44493.1
75934.6
46781.3
61586
62689.4
59789.2
60397
53042
48607
43729.2
52269.9
46249.5
45836.8
41726.3
43394.6
58483.4
47511.7
24738
41762.3
29141.3
41209.6
45839.8
58792.7
54559.7
56622
47501.8
52710.8
51473.6
46049.9
45068
48283
53819.4
64628.6
64222.2
55841.8
57966.7
53066.2
50709.5
55483.8
47004.3
55702.6
54464.8
43986.5
54807.4
38155.3
40579.4
54377.8
45321.9
50206.2
52501.6
40808.7
41497
51841.3
57874.6
59534
29540.6
30603.1
47474.6
65326.6
39757.2
57395.8
41956.1
53131.5
39384
53671.5
72616
53149.7
46147.5
47009.9
55291.8
48141
54497.4
58121
57006.6
43323.5
43209.8
50350.6
53850.2
47005.9
50886.6
55100.8
47595
65896.6
60122.1
61931.9
31358.6
36476.2
66635.4
55072.6
43454.8
46441.8
42688.7
25965.8
53393.9
44372.2
60222.5
47309.4
44379.9
35702.6
40196.2
41125.3
71645.1
51979.9
53697
49005.1
37671
40368.1
44915.6
54345.3
65024
80553.9
43954.6
58836.4
41114.4
51548.2
58825.7
72887.6
52385.3
68251
43905.3
47041.7
53312.7
37729.3
37933
68008.8
52157
35154.7
36712.2
42924.9
42943.9
39148.8
52353.2
67321.7
44800.5
58117.8
41593.7
49946.2
42607.5
49855.3
55290.5
54566.6
59157
45484.3
56874.5
55689.6
43958.2
57751.5
61380.5
73448.7
52187
43983.3
39231.2
41750.6
48319.3
39862.2
49501.6
50483
48652
41160.2
41693.9
48199.4
40739.4
57670.6
54758.7
44527.7
41894.1
52768.2
56064.2
48862.7
55096.4
84334.3
48294.2
28521.8
43487
38341.5
53510.6
48692.9
43848.1
48861.9
32861.8
44603.8
48327.8
55347.5
57499.7
59030.3
33057
45420.8
52835.9
43510.1
40951.2
58694.8
54429.5
65194.8
59667
29955.5
40953.8
54122.3
57726.5
40697.9
53530.6
36269
72637.5
51666.9
30604.6
65591
46424
63411.6
58401.3
63831.2
57029.5
59610.1
49332.6
64912.4
64356.5
52287.6
39612.9
58687.6
56927.6
58404.8
49164.6
48298.6
57695.8
66302.3
77768.7
79215.2
62316.1
56877
55281.8
57850.2
50973.8
56339.8
53083.8
64681.9
59277.2
43464.6
59301.1
68567.4
53621.5
54675.2
49328
53788.7
53976
48916.6
57182.7
47556.7
42001.4
59058
32741.3
60944.1
55979.9
62437.3
59866.6
46947.7
49581.9
51228.4
39635
31381.2
35843.8
75230.4
40723.2
68656.1
65875.8
45638.2
44510
37798.3
36394.6
57892.7
43906.1
79052.9
37881.7
44733.3
65324.9
53280
45636.6
59829.7
64725.4
46641.8
61438
66586.2
56565.5
45737.8
35080.5
77574.1
45656.2
59364.2
55726.6
30318.6
53439.4
44553.8
58312.2
67305.5
49715
43724.6
54132.6
35935.3
53521
71890.2
43643.4
51313.1
73111.1
47261.4
64062
52467.4
50051.8
72833.4
66915.3
52672.9
57457.4
45589.3
39375.6
45093.7
70659.4
66937.1
55835.1
41763.4
40073.7
50757.1
59094.6
63739.1
57860
50936.9
52157.6
47135.7
68072
60511
57037.2
58078.7
50198.7
59945
47516.1
84238.5
75411.6
60693
35352
54021.6
45227.5
49845.4
59568.8
72298.6
40219
36615.7
39277.2
74918.1
72506.6
41493.7
52983.8
55462
57907.8
53630
70471.5
63112.2
64141.1
58229.2
54044.5
45277.4
40690.2
59139.3
85242.2
60856
52326.3
48955.4
58159.6
58372.6
43400.5
54135.1
49049.8
56946.2
78774.8
72792.7
64199
49886.9
47259
62082.7
66167.6
62008.8
62669.7
47457.4
52349.5
49322.4
56658.2
48375.6
67902.9
66085.9
58488.8
48632.1
47423.2
49751.2
57802.6
63340.3
45322.9
46217.9
47392.7
42870.6
64925
49998.3
62818
64842.2
73953.7
47161.1
63481.6
52093.7
57615.4
41016.1
41077.8
47339.5
80598.3
58015.8
58835.9
42588
38495.4
49237.4
58278.5
48300
61120.2
54694
48790.4
73018.6
51935.3
48643.4
57594.7
58987.8
60050.1
42486.1
52278
52613.4
54049.2
65486.7
44698.2
71371
63016.3
62185.8
48071.8
71613.4
41321.4
58199
42331.5
58417.9
59636.9
66304.6
38176.6
63638.1
48312.5
54760.3
42399.9
40103.1
33184.2
43733.3
47624.7
48634.6
50426.8
53529.5
65241.3
42237.2
42525.5
57573.4
53325.7
60473.7
33597.3
42842.7
46480.8
59755.1
45181.5
49403.1
43482.6
46647
40400
47271
38096.6
54531.1
38146.2
53057.2
33175.6
44438.6
51404.4
53739.8
55711.6
66323.8
33807
45164.9
44396
45125.9
44557.1
36039
60733.9
52871.9
82183.6
79212.5
70955
59569.8
52994.3
63541.8
50596.8
62426.3
65487.5
61922.6
41957.1
64923.6
56477.5
53083
56807.2
68300.2
57775.3
61263.1
40780.5
36900.6
46292.4
73483.8
73415.2
57803
57172.6
49889.1
52973.2
39873.8
46095.8
41644.5
35236.9
58069
46469.9
56818.6
41721.4
46682.6
44808.5
65030
44737.8
59217.8
41331.2
58466
47777.2
46289.7
40706.6
70255.6
61549.5
67973
38320.4
57429.8
32048.4
48461
73652.3
54232.2
52350.3
36868.6
40332.8
67867.4
84137.6
46004.8
73040.9
66938.2
46357.6
42759.8
56420.9
52750.1
54642.6
40378.5
65332.8
33352.6
56202.2
45720.7
55839.7
39719.9
69410.4
65917.5
45457
62981.5
55004.9
66789.5
51943.4
64935.8
41759
67394.6
46184.6
44613.1
53504.4
54364
36647.2
56500.5
61212.1
65902.7
45455.2
42982.8
52266.6
60345.8
50329.3
36698.6
33784.2
68963.1
42865.9
41004.9
47004.9
43857.9
58850.7
36959
55563.3
43133.9
34221.5
29546.2
31409.6
40924.6
61921
24287
50674.9
65177.2
54376.3
41282.3
42910.8
56686.3
41717
44388.2
44374.4
68457
46545.7
43425.2
62887.5
62433.8
40881.9
54623.6
41801.8
45748.7
38460.3
43593.4
50518.2
48839.4
56918.2
48047.4
32527.8
45098.3
58090.9
48571.3
38190.8
55856
45550.8
31341.9
65909.3
30813.8
51915
65552.3
39251.3
45436.5
51014.4
49206.6
45937.4
56359.6
38787.9
64618.6
58178
31358.6
44545.9
43572.1
62710.4
68743.5
39554.4
36618.9
38683
48590.9
49251.7
42394.4
39484.6
69365.3
39714.9
53875.4
59799.5
76982.7
43489.3
44240.7
50349.6
54415.8
57765.8
52031.9
67898
61699.8
30655.8
67194.8
41716.7
47978.6
51774.6
60643
40299.5
40745.5
66970.2
61931
33267.6
47993.1
35803.4
38025.7
50677.4
52166
27714.7
78708.9
56187.1
47445
52406
46266.7
42489
34451.6
60283.6
45814.9
70594.9
50933.9
57041.3
52015.6
47220.6
43400.1
31290.1
55759.1
44549.6
40258.8
57447.9
47944.7
26768.8
46793.4
63087.1
42523.4
69560.5
39161.9
57365.1
42979.6
53669.9
52395.4
52555.7
55518.9
54676
61047.1
63354.7
64078.2
43867.1
49825.7
45913.9
48445.4
63305.3
58223.8
53140.6
63875.3
47496.2
55833
69371.4
65860.2
45906.2
64276
70081.5
69414.8
70209.3
64704.2
43234
66446.2
47840.8
51446.4
48041.3
50047
43465.9
53110.6
58528.2
45645
66534.2
40896.1
53424
46010.3
73527.4
44791.9
61674.6
45987
49650.2
60179.8
40858.5
48273
55752.9
60596.3
45147.8
49560.9
58768.2
46421.9
61419.6
61533
60578.6
49353.8
51803.7
46001
52823.8
53432.4
52174.2
57556.4
56436.6
68839.4
52529.1
34328
50643.7
51145.3
71189.2
46599.7
47919.6
46665
64775.4
50592.5
56980.9
72734.2
49708
32362.3
38128.6
73100.6
56139.7
63605
53515.9
45794
43856
29413
66999.2
61901.7
50640.1
60337.4
53659.4
50431.7
43827
53917.5
52058.2
41625.4
35934.5
59387.5
66677.1
46875
59311.5
51821.7
48106.6
42814.9
46671
44670.2
58802.5
46932.8
62487.8
47047.3
49785.1
51872.6
57970.6
59337.5
46145.1
53389
41577.5
45860.9
62677.1
52247.8
36447.3
42266.9
46843.8
58645
43135.8
63106.8
55147.9
68227.3
53626.6
66715.8
44985.8
53608.5
36548
50332.1
39168.5
46097.6
61631
56632.4
47920.5
41065.1
58911.2
43417.7
49425.8
51664
43930
37213.8
62319.5
55269.8
44544.7
56046.9
55043.8
48973
51961.1
62896.5
58703.1
39602.6
68836.8
69212.1
51249.3
57080.6
44641.1
51159.4
40515
35661.4
59345.4
63303.1
42670.2
36812.2
41484.4
41137.7
52353
57513
52276.6
33924.1
45722.2
55155.1
51350.7
30125.4
64245.1
49704
39204.2
39243.4
64440.3
48540.2
63382.7
41952.5
52537.4
65553.8
48123.7
55388.8
55393.8
37808.9
62892.2
64616.2
52961.9
57492.6
51114.8
42523.4
52544.3
72171.8
60504.6
67451
42197
54891.6
47371.9
52777.9
68464.5
54283.6
54717.4
47325.3
54537.8
47528.2
52318.2
65508.2
61432.2
52177.3
60882.4
48536.4
29357
40716.1
57097.2
53548.4
39384.5
62675.8
58607.4
73514.6
42388.8
48042.2
54495.4
55463.2
56990.4
50444.5
45952.5
37014.2
55534.1
51307.7
63232.1
59226
33523.9
39401.8
45654.2
70255.8
51528.1
68177
44993.6
67710.2
72582.1
45003.6
58528.8
46158.7
58531.1
52481.6
55067.8
56457.9
52502.2
64559.9
66521.5
49854.4
43946.3
51020
56852.6
56125.7
53193.4
68931.8
68259.1
38387.8
61934.2
49030.7
65665
51120.6
42513.4
39543.5
51083.4
65861.1
65247.2
47928.2
44841.1
33137.1
62552.4
56127.8
53768.5
60024.6
52726.8
53105.8
70329
72166
61339.8
75111.5
65317
44901.2
39239.8
63489.3
45623.5
54874.6
55689.3
59172.7
50478.6
41892.4
63617.4
68174.7
52115.6
65586.5
59899.5
70958
53313.2
58934.6
35198.4
61293.9
44984
38026.4
55741.2
51343.8
46346
34077.4
38740.7
53876.2
47580.8
37783
54112.2
44355.4
60968.2
68576.6
63987.1
66911.7
51622.5
46353.8
42444
39534.3
56975.9
46236
53507.3
46058.9
32348.8
54439.2
57697.6
47976.8
63980.4
51837.8
40923.4
27371.2
30113.6
45343.3
54792.2
40191.1
49173.4
35570.2
60647.9
45919.1
40875.9
75283.8
51672.6
52775.4
38144.6
54047.5
60187.2
55749.5
39399
52424.4
42353
47544.8
36320.7
44108.2
46420.8
31533.4
61000.5
58742.6
51233
75439.8
57772.3
45752
36215.9
42687.3
40192.6
48517.9
48968.2
56998.4
33297.7
35003
66703.4
59337.4
43012.9
75864.6
43744.2
39583
47220.2
51497.2
50241.2
45551.3
38640.7
34850.5
53167.4
52558.6
39273.5
61851.5
43591.4
35072.4
50672.4
48351.3
49920.9
48429.3
38996.6
57687.6
29357.4
33778.6
52302.6
37804.7
52186.5
57586.6
44882.2
32739
57940.1
34350.4
48200.5
47466.3
45737.3
57486.1
53551.7
39887.5
45980.6
42358.2
51450.1
53353.5
64334
55502.6
57120.6
52959.6
57578.2
53704.2
62353.7
50635.3
39741.7
42843.7
66561.6
52255.5
66899.8
64165.3
54170.9
46993.4
67678.7
58750.4
56549
40472.8
38480.4
54248.5
55360.9
59770.6
53860.6
46235.8
37904.3
59201.2
45772.5
51976.7
35355.9
40724.2
48595.7
65318.3
31701.1
47973.4
47046
52559.4
50555
45341.5
55895.2
40085.7
71415.8
41815.5
54656.6
58256.3
59302.5
64802.1
38984.7
62307
74642
42233.5
51026
55132.7
67209.4
62623.8
37518
41922.1
73910.6
68123.8
60993.7
48753.4
50973.3
66273.2
65707.2
66265.8
48775.4
53294.8
72851.7
62037
46370.2
61245.7
65089
57858.2
71120.4
75535.3
59339.1
46487.4
49855.5
39140.8
56195.4
40885.7
52082.5
47772.8
54307.4
38198.4
40122.2
42298.4
72536.1
54469.7
53436.4
51176.6
54222.9
65220.3
60132.4
48874.2
46417.7
51246.7
49459.3
46165.7
51781.4
54775.7
48265.6
36644.7
61802.9
42384.6
54674
51684.5
74292.3
45373.9
60901.6
39152.6
49564.8
67394.2
54361.5
73435
59411.2
30604.8
35192.1
45418.4
54275.7
40900.8
38672.6
61277.5
50430.6
47927
43659.7
46393.3
48625.3
42054.1
49084.1
56724.5
55157.8
28931.8
42362.3
47744.2
53282.1
40975.6
67766.7
25436.9
28018.9
55894.5
59982.2
54375.4
41927.1
52464.5
37619.3
53632.3
48585.9
63309.6
58649.4
37561.4
60409
29898.6
41255.6
52337.8
57572.5
66016.7
56201.8
47204
40309
39527.4
56741.9
49501.9
45945.4
45973.8
49182.9
42707
53210.7
33003.8
37147
56321.5
49027.2
57204.2
26200.4
39026.2
53471
49413.2
53062.4
39045.2
29867.2
46996
46445.4
68555.4
53794.9
23631.4
51573.5
70373.8
46580.7
51950.6
32481
45670
47762.5
44967.5
53432.3
75838.4
62147
62560.4
49055.4
48474.6
52223.2
58767.2
55486.1
53299.8
67807.1
54938.3
48661.4
54918.7
56584
34811.7
52848.2
42326.6
47281
47178.5
58953.5
50727.6
31673.4
57989.4
49580
49767.3
65199
54805
53347.7
48292.8
56441.9
61096.8
55940.7
46660.6
57578.5
45245.2
81184.1
42917.4
53030.5
51763.8
50423.1
43083.1
45194.1
50941.6
65918.2
32905.9
42729.5
58920.3
49156.2
42239.4
42227.6
74618.2
47016
47348.8
53366.8
54531.2
67983
63809.8
41490.9
39256.4
43010
61656.2
59706.2
40751.4
59913.4
50057.4
44569.8
43958.2
38216.6
49334.5
56776.2
42405.4
40366.5
40414.6
60177.9
35682.9
39425.8
40050.8
43774.7
35935.3
58846.6
55801.3
57609.1
55846.9
31267.8
26429.7
48667.8
51150.5
52820.8
52104.3
39284.2
36098.8
36685.5
46452.7
48796.6
42293.9
48794.3
51993
34609.5
30504.7
56063.4
44580.8
41242.2
52142.3
54049.8
18651.4
56692.6
50128.6
63183.1
57094.5
65635.3
33711.4
36943.1
65938.2
46862.6
47739
67102.3
61859
42506.4
49698.5
51499.6
63473
56929
56785.3
63290.9
33222.7
43993.3
40975
58115
43829.2
41000.5
38962.4
41705.9
49250.6
53529
40502.5
51847.2
69883.4
55189.9
43344.6
65986
47348
49083.5
83207.9
60598
47525.4
48710.6
46281.3
46436.2
49781.3
44854.3
75113.6
58076.1
49242.8
43876.6
57200.4
36927
59498.5
50695.9
34572
40642.7
39341
67513
76052.3
40403.5
36574.6
30229.4
29154.3
49527.7
62686.9
51848.2
37127.4
44167
31761.4
31869.4
47294.3
58359.5
60703.8
67754
29147.1
35385.5
42425
41181.3
66390.6
67265.7
61547.9
49233.4
47447.1
59404.4
48297
51171.3
36810.7
46863.3
50488.5
48683.5
32781.3
64579
38692.9
48765.8
56159.8
47911.4
37176.2
58846.4
32998.2
32042.2
42455.3
25197
46429
62077.7
54002.2
28994.9
42171.9
58040
35616.2
38988.4
60516.1
50462.2
44122.5
31206.7
41739.1
52080.9
52314.4
38301.6
45112.5
40543.8
46440.9
55550.1
38118.1
47227.4
49303
70149.9
57808.2
36379.3
45583.7
42630.5
40628.4
41623
44329.4
62526.9
42369.6
30499.5
39391
40480.6
43745.1
52150.9
47451.3
62233.3
43341
59263.5
42307.5
52797.9
56495
41492.3
59457.3
48118.4
37830.6
36287
42094.5
31403.4
45257
46424.1
67519.7
51483.5
56354.7
58613.8
48645.4
34617
61078.6
42475.8
48552.8
47671.3
45115.2
60531.4
47534.9
51198.9
44603.3
41869.4
38996.5
70066.2
40979.5
48199
37681.4
47451.4
55773.4
75535.1
45514.2
36574.2
44143
28351.4
56134.8
36969
63686
64762.3
49239.8
46757.7
39471.6
57836.2
52064.7
37575.5
57932.9
53567
53519.4
57833
53969.6
36292.2
52566.9
40317.4
66792.3
58873.8
43570.5
45413.5
56894.2
49217.1
44678.6
48664.8
35130.4
45260.5
39420.3
46518.9
47593
45348.4
44600.6
54087.8
47432.6
49726.1
42263.2
49472.7
49252.6
37062.8
59202.6
46940
49478.5
55843.9
37478.6
34017.6
35629.4
34200.4
53230.6
48224.4
35842.2
35432.6
55833
34379.8
34741.4
37365
47725.8
53642.4
29721
45115.7
33635.1
55391.9
68256.2
47479.1
47267.7
47565.8
44401.6
60540
57398.6
45061.2
68929.7
70404.2
48932.4
50512
58444.6
54818.3
61655.5
45991.4
77597.2
41634.3
53453.4
52589
45160.7
50795.1
75509.5
70093.2
49230.2
44891.4
44023.5
48161.2
50517.8
52203.4
55123
53638.5
28287
64664.2
70035
53162.9
57852.7
56604
38565.2
51187.5
55355.5
58337.6
57878.1
51563.3
47874.2
53514.6
52299.9
52257.6
51387.4
49978.5
59220.8
63014.8
49746.2
42071.1
51910.9
66887.8
61369.9
40511.7
69795.6
39275.8
66115.2
52606.3
46138.1
58584.2
46637.4
51458.3
47675.9
51697.5
51665.3
74804.1
52050.6
40894.9
52853.2
38259.7
63544.2
39010.1
72284.8
70515.2
58318.2
55647.5
52720
34233.8
37338.6
49253.8
65291.3
42299
53702.8
45571.8
52972.2
42533.5
42904.8
63916.5
61194.1
42112.1
51641
51932.9
49591.8
46698.3
52017.8
49787.6
42383
59868.2
43683.7
45781.9
64489.4
52512.2
50959.7
62405.7
41433.7
58063
36116.6
64290.4
63781.2
71146.9
51670.8
64943.2
68102.6
47551.7
66315.9
50720.9
35186
45684.3
45468.4
61906.7
52047.1
39537.3
61201
56013.9
58023.7
60447.5
59021.4
57239.1
47394.6
49371
60347.4
65016.8
78579.5
74962.3
59658.2
53801.9
62329.1
62751.4
55366.8
58341.5
59512.8
45937.4
47939.4
65123.8
53678.2
43297.4
48610.1
61846
57304.4
38952.2
48158.7
52789.4
55978.5
47158.6
48340.7
37539.2
52833.8
53364.8
32430.6
45960.7
43877.5
48804.6
63891.8
40159.2
58022
55576.8
44522.1
42111.7
54635.6
49067.4
73319.2
59151
33774.9
40573.4
43325.8
62052.6
55408.6
30603
65088.7
48972.6
33058
35504.6
61221.5
46823
60696.2
32961.8
43427.2
34942.8
36784.9
54159.4
31766.4
45328.6
38439
44529
47251
49270.2
32058.6
51427.7
54337.4
55105.7
56730.4
49597.4
49047.5
45506.8
33756
47678.7
49009.5
52503.1
38679.4
63139.8
61520.5
41451.8
51619.5
39464
43167.6
39013.2
44505
44546.1
37047.6
55786.9
47119.9
34475
34361.1
45351.5
44082.6
46438.4
44490.4
47646.2
35569.3
59676.6
49765
41408.1
48201.2
58428
51823
57640.9
44595.8
45574.3
71256.2
43176.5
47095.9
52746.6
34316.5
55255
54143.7
26929.6
50531.6
71696.2
35151.7
34533
52796.2
53888.6
46053.9
36280.1
50714.3
51883.4
68678.7
49295.5
40945
44281.3
37288.2
48929.8
63898.8
60995.7
37028.2
35174.7
36347.6
41966.6
67321.6
58132.2
39102.2
47583.4
45631.4
42101
54034.2
63912.2
55516.2
57805.8
60167.5
62184.5
60906.6
56140.2
54404.1
61517.2
44159.3
33326.8
71707.4
33197.8
66265.3
61400.3
67200.5
57698.3
41513
66441.1
60250.6
67679.3
61823.2
67035.8
46170.8
54859.8
71044.5
52315.7
58566.2
61487.4
67797.1
68932.6
48572.2
56011.8
57854.5
42312.7
43886.2
46259.8
34939.8
62507
57797
36740.8
46779
26717
42129.4
55457.6
50535.5
43144.4
66028.8
31134.1
31144.5
40721
46427.3
42628.7
54058.4
54549.5
46022.8
42142.6
66064.1
44199.8
50834.5
43866.8
48993.8
51724.8
57195.4
51580
65745.6
45010.6
52503.9
41097
48072.5
53859.7
75120
37679.8
54284.8
44123.9
47098.5
67041
75265.5
52593.3
56608
39975.6
52000.2
46394.7
54247.1
48989
48114.3
39463.8
46817.4
47295.9
65275.4
38977
42551.6
44887
69593.6
48727.1
68787.3
49563.7
78814.6
41548.7
51613.1
61961
56768.5
55613.2
74939.6
62233.3
72390.2
67148.4
52395.4
44447.4
60920.7
48186.5
43435.4
59981.1
56918.2
48041.4
52729.1
41507
49529.8
33036
47025.4
52567.1
59467.8
59440.9
56001
52337.8
66310.2
61634.3
76107.6
40095.5
53875.4
56083.8
56341.4
47328.9
61113.4
59543.5
76501.9
44684.3
63048.5
83396.6
34038.6
49008.4
45913
56395.8
53522
61789.7
60661.4
60225
46342.8
64168.1
52251.5
33351.6
49977.7
39865.2
61573.5
44825.4
49600.2
47941.4
57024.2
35786.4
49180.2
43920.2
50425.6
59065
46582.1
55115.9
42317.8
37160.6
51439.9
47221.6
54630.8
65481.8
60514.7
62846.9
29826.7
59919.2
50182.1
48863
60085.2
36299.2
57410.3
54268.9
32925.7
59189.2
73503.8
62242.3
32251
39492
42505.4
38474.8
61124.3
56566.6
60990.5
41291.7
64877.7
61102.2
62979.4
52038.2
46933
61256.6
61542.7
60429.3
63931.2
42993.5
44367.7
63352
49332.7
42356.7
64278.1
70224.1
43073.8
40474.9
44555.5
52902
48779.5
63525.4
52292.8
49776.6
48005.3
84688.1
47501.9
59462.3
56454
48739.4
62381.1
60363.6
41095.3
76647
43925.6
42392.9
46925
52887.4
42384.5
58711.4
42607.9
60383.4
51329.7
50244.4
53821.2
61186.5
62679.8
59068.7
61605.1
48370.9
58984.5
47318.6
54177.1
40953
53756.4
59202.1
52664.6
43530.4
54475.4
49446.6
43571.2
37454.8
52696
66001.1
47318.5
46278.8
65571
31217.2
50682.2
61816.1
47623
48174.6
65076.6
61415.4
55088.8
49191
57752.2
82781.5
53954.7
46272.8
63944.4
50875.4
63268.8
59573.2
43645.7
70656.2
44207.8
67154.7
48634
42883.6
42942.9
77859.5
52053.1
63828.5
73143.3
50320.3
54201.7
84746.4
75447.6
56031.5
47171.1
31267.8
39458.1
51673.9
58915.7
58108
40945.9
51472
42152.6
48815.5
49073.4
50374.2
59214.2
28383.1
35689.1
45615.4
47404.6
54925.9
57560.2
40589.1
44019.6
44311.4
55834.6
47865.9
57512.3
49920.2
35350.2
53214.8
56409
39222.9
50247
44916.6
44143
83897.4
57100
48415.5
27863.4
63274.6
37229.2
39820.7
43784.3
67231.3
59739.8
38906.8
34683.9
49502.1
37015.8
43355
45556
54458.2
53348.2
49940.6
44694.5
51685.8
63074.5
21998.1
44739
48013.8
50471
35979.1
64254.2
61305.8
50902
32944.2
53234.3
35870.8
63930.7
61367.9
36690.1
36338.7
38770.9
40517.7
35922.9
41952.3
55048.6
24670.9
40052.6
39844.6
64696
78590.2
47337
30541.6
39763.8
33615.5
57132.3
44662
53256.2
43754.6
43810.8
37540.2
49656.5
64100.6
43760.8
52917.1
53715.6
46418.6
55938.8
52225.6
46678.2
49845.4
55560.6
67245.7
47795
55834.9
48929.1
68253.2
82130
69745.4
72846.2
45146.3
48998.1
47317
52823.1
67778.1
44831.7
73246.3
49730.6
32350.9
49820.5
58885.7
51249
43510.8
39027.8
35637.5
58844.6
41847.7
44343.4
78175.2
55803.5
63472.5
51352.4
42684.9
46018.6
58638.9
50165.8
50589.6
61731.5
53049
30630
34813.2
44342.6
54531.3
53126.4
56739.8
60755.5
63197
58730.7
60160.1
53961.8
53062.9
63802.1
61852.3
49555.1
48080.7
49716.2
47581.9
53472.7
49567.1
43269.7
46140
71190.1
39826.4
47399.6
69822.2
42929.5
44723.2
43206.6
65333.8
54807
41216.1
46007.4
42419.4
42175.8
45905.4
44572.6
46351.8
55943.4
56170.7
36762.1
49999.4
46835
51045.4
42618.1
41882
60009.4
46522.1
41269.4
54087.8
51464.6
64375.2
47102.2
62654.2
58374
50276
54073.8
63492.4
40432.4
52199.8
67107.8
43300.8
54677.3
47803.6
53339.3
61969.1
52658
57547
65046.1
65478.6
46405.2
52863
54795.8
64090.8
45721.9
62515
54320.5
61471.4
59351
59391.4
72267
51611.1
63964.2
56617.4
55265
56829.8
50405.7
54715.8
56175.8
58624.7
75325
54536.2
37923.8
40387.4
76853.8
63186.5
45341.4
64270
58552.9
45730.4
74268.1
55838.4
51943.5
67734.8
39384.4
48846.5
31002.6
57652.3
48501.4
49160.6
47599.5
53196.3
55214.1
55653.2
47872.4
62708.7
60231.9
45783.9
43720.2
47125.9
45434.5
45445.1
41957.4
51714.9
48961.4
56684.6
69818.5
30329
45453
66864.8
56840.7
43957.4
49632.2
38069
42302.6
61478.6
55220.6
64827.8
43290.7
36696.7
40116.7
32605.3
53269.5
61670.7
49865.4
45739.1
46866.8
35659.8
51289.7
55908.3
68651.4
54211.1
76368.1
45573.6
59584.2
28354.7
40893.4
52154.2
62924.6
66450.8
56746.9
39346.6
39931
58470.6
46521.7
39705.9
38955.2
55591.5
37536.8
63081.7
63229.3
30442.2
36220.6
30004.9
64098.4
43096.9
48994.2
67594.4
32814.6
30689.8
43851.8
61897.2
72042.3
57522.2
34681.8
56071.3
36843.3
44889.4
53409.3
35098.8
52263.8
49874.3
50911.7
59059.4
46746.2
39189.7
49476.2
33216.3
39439.2
48348.6
73481.8
40985
61639.5
34614.2
31716
47195.4
51055.3
72960.5
49055.9
53413.5
47910.8
48141.2
51389.3
41342.1
39028.8
48033.4
35376.7
51349.4
36797.2
69449
56706.3
50106.2
48071.8
39254.7
36580.3
54369.7
46457.4
56871
41511
34595.3
52239.4
58104
57860
39603.2
50762
37931.7
56642.3
73183.4
51433.4
46884.2
35632.8
34129.6
57312.2
64814.2
81556.2
45648.1
62072.2
38535.8
32744
48458.6
44014.1
49927
43218.2
52506.7
58429.2
58157.9
50714.8
70739.4
59799.9
59093.5
48575.4
56431.1
72807.1
52800.2
73228
57299.6
52694.2
47805.8
48119
52807.7
61880.1
59958.7
55244.6
52387
43944.4
41705.7
60480.8
69313.8
55549.8
38690.5
33692.8
52895.2
55009.4
41353
40931.5
56027.2
47395
53925.4
58699.9
56182.9
52336.7
48961.5
40963.4
40278.2
50619.4
39285.4
57495
45149.5
45425.6
37614.3
42835.3
54939.5
38385
54666.3
61996.2
46425.2
65814.6
46065.4
39100.2
58202.7
76517.5
36571.7
36551.5
52196.7
46433.1
43315.8
50224
27742.2
56204.7
60636.3
54154.8
50480.6
35042.4
47675.8
42804
39237.8
32905.4
38623.4
54693
45385.1
43080.9
41948.3
59563.8
41341.5
41852.2
41948
38780.3
44763.6
71254.7
47779.8
44488.2
29251.4
37459
28265.9
36843.8
44164.8
39595.5
38640.1
52675.1
70459
40605.1
50904.2
64737.8
48362.6
39123.5
41765
55227.6
42722.2
48801.2
57319.3
38130.1
51321.8
36247
56885.4
64077.9
46405
54201
55449
62900.5
38567.6
50977.2
39992.2
46518.6
53580.7
44477.5
51961.8
59519
35864
45926.8
41445
37072.5
57955.8
52034.1
30800.2
37303.1
43256.8
42594
48907.5
61540.8
40534.1
27411
38364.7
39875.3
54042.2
61942.7
58065.2
47097.3
43051.2
38231.8
42164.8
56152.5
66017.7
59691.4
47092.1
51949.3
39638.6
49366.8
40380.8
45442.6
44520.1
32914.8
50135.2
38422.3
48101.7
44948.2
44823.1
48375.7
47634.8
34734.1
44522
37493.5
48275.3
44630.2
54545.9
31097.4
61996
31970.9
59865.3
52896
64410.9
48886.6
35963.2
49490.6
58221.4
33976.9
55133.9
50785
62721.3
61914.7
35741
57467.7
50156.9
50699.9
75569.9
40452.5
52733.2
34018.7
43413
40621.1
48492.6
53190.2
40808.4
54261.6
45365.8
57422.2
57328.2
58615.8
47921.3
60075.7
49501.8
30577.9
43468.2
51392.6
52143
49890.7
64037.5
61806.2
55862.8
50700.6
29578.3
44273
37588.6
52877.4
60344.2
50366.9
40663.9
41239.8
42687.8
50324.8
51386.3
45837.8
40207.8
49399
42616.6
54700.2
43550.8
52575.6
47718.4
50292.9
43612.3
46140.4
51076.1
57019.3
58615.4
57917.5
31385.9
54658.8
51105.8
60983.2
49504
44404
60716.3
43043.8
59968.6
51114.7
46640.5
45184
44158.9
54876.4
50173.5
51877.8
63278.6
43289.5
42546
46931
61063.1
42011.8
47264.8
54823.7
63419.2
50544.5
45966.2
55360.2
38253
34012.1
51118.7
55862.8
42357
33294.6
52876.6
57350.7
56189.3
64822.2
83636.4
49133
31055.9
40767.3
47131.7
42543.2
59149
56489.8
44142.2
50208.3
48832.2
51835.8
85043.1
61572.2
44940.7
40984.5
57358.2
62069.5
39795.8
64161
45223.6
49352.5
50735.9
51001.9
58381.7
55726.1
56388.2
62590.9
45507
43611.5
47450.6
52301.7
65698.2
53587.6
78641
55057
53759.3
56466.5
48942.2
72683.8
56085.2
55482.5
50838.2
77749.1
66091.8
75284.8
57521.6
54234
54114.3
72284.1
83690.6
57889.4
60409.4
64690.1
66950
53867.1
64094.3
61154.7
43557.1
63793.1
44949.4
66732.2
73194.2
71720.2
51436.2
49871.3
52248.8
44168.6
44133.7
62735.2
53346.8
38369.7
49790.5
62633.6
45093.8
49979
64309.4
41817.7
61708.7
38575.4
64623.1
46107
53521.3
44422.8
52122.9
45724
51514.2
51427
47315.4
48908.6
42370.5
46566
47648.8
50426.8
49877.4
35795.5
48574.2
38321
42673.4
42129.1
43147.1
66632.6
46591.5
41993.7
48612.5
38924.6
40275.8
46080.2
68316.1
39577
57808.2
27997.1
47319.8
64851.5
56825.9
41617.9
38205.1
50074.5
55943.4
71419.5
49666.2
63523.7
48099.8
51031.9
44478.8
42833.6
62686.4
57167.2
58144.2
44827.9
50223.9
54982.2
54345.8
57868.4
43901.8
42291.4
43388.5
54754.3
63670.2
52959.8
53316.6
36176.9
49849.6
56694.6
48580.9
70931.6
58062.2
36512.4
52031.8
48200.4
44975
63298.3
77418.2
62606.6
34115.1
42575.4
47274.7
61700
64517.8
54109.2
55774.2
41346
71804.2
56514.2
58830.2
40057.8
55364.5
46935.3
79551
54672.1
63992.9
58991
53483.8
61184.1
38021.5
48173.9
66747.7
61403.2
58526.3
68825.2
52599.4
47539.4
41693.1
52373.1
55358
44075.3
43762.3
59322.6
42163.3
53468.4
60749.2
41929.6
61874.7
47883.4
65029.1
33493.4
57932.3
61765
53322.2
43445.4
35659.9
53046.2
52864.4
66171.4
57947
46030.6
56308
44355.4
58158.9
42675.1
66036.2
47261
42801.2
60992.7
54784.3
48974.1
37680.2
41002.8
63271.5
51297.7
52798.1
55630.5
69745.4
40232.9
59165.6
46964.5
48918.7
59868
34793.9
48157.6
43926.4
45371
45613.4
51071.9
50092.6
56711.8
62864.7
60389.6
53530.6
55667.4
61381.6
44030.7
52134
41369.4
45385.8
49112.3
50601.2
49716.3
46931.4
50367.8
34005
44933
43202.7
55609.2
44329.8
53861.1
42669.7
60816.8
41801.4
43149.6
47707.4
41959.2
47922.6
59143
45998.6
40833.4
53662.6
46133.6
46606.8
57369.4
50908.2
37911.2
56990.5
54717.4
43754.8
73925.7
42852.6
63503.6
52929.7
37007.1
50146.2
61565.8
55771.1
54586.4
50187.2
75061
56865.8
55818.1
27163
43969.7
43632.9
40282.9
47242.8
24609.5
40758.7
55475.9
66629.7
40109.8
37608.8
42844.2
46832.4
37941.8
51923.2
41360.7
58180.9
47466.4
38980.1
46386
38567.9
55178.3
57341.4
37660.8
51226.7
58588.1
44541.1
45993.8
53877.1
58181.1
54120.7
47024
51394
40278.2
56950.7
75703.4
54918.4
46795
61939.4
46665.8
57052.3
51827.5
69826.7
59474
57732.2
53078.2
54221.4
43043.4
53452.5
77448.9
64578.6
43135.7
51350.8
62554.1
51527.2
46804.3
86092.5
75952.1
47675.9
44907.4
69995.3
36027.7
41173.1
68475.6
54131.2
59463.4
34092.6
59182.2
38111.3
39312.2
56282
39398.3
45161.4
49774.9
48859
37530.1
41261.4
55046.8
40513.8
36836.4
51478.9
62082.1
60081
33935.7
37190.6
24248.3
49044.5
30886
58309
54291
25359.1
36547
39663.5
45948.2
36544.3
33996.5
37445.4
38919.3
57207.6
49197.6
59807.8
42098.8
23481.4
49189.2
57510.2
47704.6
63750.5
41953.9
53162.5
28203.4
35389.4
32358.4
45980
50328.6
45479.5
55478.9
27390.1
50953.3
34711.1
43080.8
31716.6
57782.2
34417.2
47619.9
35349.4
35785.4
43815.1
32441.5
31265.8
48737.3
43370.2
53315.2
55219
32764.4
41374.4
56733.2
49674.5
48698.2
44491.3
33773.8
36754.7
33409.8
44354.2
58047
55370
44147.7
50816.9
39601.8
35588.6
59438.8
54843.7
64639.6
53979.5
24895.7
41235.4
36461.4
66816.7
70270.7
64657.2
52275.4
31298.5
39319.1
39772.7
42948.9
56354.3
44581.3
43012.4
42829.8
31405.3
50335.1
43272.6
53598.5
44045.4
48118.7
34562.7
41880.4
46965.6
42614.9
44603.1
58223.2
43490.6
61275.5
37086.2
20020.7
28590.2
40015.1
54895.9
39892.7
50802.2
46939.9
32203.1
45669
44311.3
49269
51140.4
34441.5
31063.7
63252.8
63725.5
29570.2
42307.8
45752.4
29276.2
33131
46071.4
45268.7
36407.1
49155
35260.7
43317.9
40672.4
53791.3
35963.4
52891.4
39101.2
50864.8
42831.8
51181.1
41272.6
62648.3
38268.1
55266.6
52813
56133.8
55425
62905.4
57673.8
51817.1
40359.2
56352.9
58476.9
72809.8
57906.7
54566.8
59944.5
35643
39365
52051.7
61936
47443.9
46192.5
43086.5
42645.8
47330.7
49204.6
53835.6
29555.8
46417.9
55033
57207.5
43776.3
41895.9
59754.8
57543.7
52010.1
73843.3
65867
55992.2
65177
49977.8
38296.4
43532.5
59926.2
45115.3
59144.2
50511.6
52343.8
56449.6
56548
51361.3
72137.9
61958.3
59390.6
32840
51987.2
45572.6
45615
46201
44174.2
50119
39551
44760.5
41360.8
51985.4
41980.9
37482.5
47644.2
44751.8
46579
41123.2
38900.5
49838.6
37090.6
38532.6
36680.8
44252.4
55403.4
53967.5
49077.4
68436.8
47993.9
72799.4
54836.8
49005
55537.8
48551.1
60003.4
61170.2
56785.4
43865.4
47424.3
36679.8
54536
54189.4
44450.1
39329.5
50611.3
37436.7
59681.3
55079.8
57198.8
36081.1
36952.5
32710.3
41194
72366.6
49962.8
47765
48311.1
38468
61107.2
52541.3
75274.5
49013.9
57499.8
48690.4
57189.4
46065.5
50702.1
47308.5
54359.1
52847.6
71906.4
36810.4
57164.6
72936.4
54045.5
64641.5
53778.5
37800
43907.1
50864.5
44918.7
56612.3
50067.9
62639.3
55325.4
33597.6
51867.7
50909.7
48943.8
37872.3
45117
40899.4
53982.7
57179
41645.4
58072.1
44576.8
61324.2
30843.4
47986.3
52346.1
42540.5
52724.7
50974.9
44707.9
52766.3
67077.8
56355.2
41322.6
62914.4
45437
63064.1
51900.2
49826.8
26622.2
40125.7
37873.4
44009.1
53871.5
50713.7
47990.9
62172.2
46485.6
45325
39797.2
51440.6
69853.2
39888.3
35728.4
57805.1
45631.8
54615.8
51617.5
36398.3
46807.1
44376.5
56446.9
43350.2
78315.4
53657.1
68535
38003.6
54702.2
46294.1
46834.2
48108
34775.1
53622.2
41415.4
41528.5
42911.8
53812.6
57458.8
42114.6
52770.3
53668
58003.5
37036.2
32691.1
59934.6
40921
57887.4
35716.8
57965.9
46684.8
61333.3
46848.8
52552.3
32903.4
38959.6
46881.7
35652.2
38362.4
48386.2
54229.2
38564.6
62190.9
49941.8
57307
50701
40311.8
35071.6
38031.4
57865
32653.9
44514.6
40171.8
37733.1
52092
51699.7
37906.9
47695.1
35638.5
53542
41137.8
47912.7
47684.1
52182.7
29608.6
40268.7
59820.2
49264.3
62325.1
30209.6
52399.9
49619
40104.5
52416.9
65188.2
52078.2
73576.9
59039.8
45203
42832.3
47663.6
29124.9
36463.9
54314.5
40969.8
43053.5
59496
46878.5
38501.4
34191.2
45058.2
40145.3
46305.2
40790.6
50623.2
34348.2
56392.4
32496.4
50413.4
54342.8
76089.8
60340.8
58340.1
43330.9
48639.5
38968.6
66549.4
37998.6
41866.6
49786.9
47053
53569.4
30623
60186.4
47237
44685.6
44855.5
55648
30538.2
65004.3
42750.5
45356.8
74217.4
51490.8
45620.6
55070.5
66301.3
55760.2
42370.1
44317.4
61642
45175.3
59361.7
43866.6
42601.8
65100.7
36552.3
34434.5
57137.6
53178.1
82920.2
49330
55734.7
46706.5
53678.6
32599.5
39651.7
35282.2
47294.9
45067
46895.5
50472.8
48731.9
35794.5
58026.6
41146.5
50527.5
49286.2
52944
28259.8
45797.2
50086.7
59994.3
53425.8
45979.8
56587.6
47142.6
40055.2
40203
43308.2
39722.3
39451.7
58853.9
42980.2
54770.1
29121.6
52647.4
28458.3
37187.2
23953.5
39135
55293.7
45665.8
46725
26932.6
22562
63819.7
37099.2
51257.2
42283.9
38174.3
45535.8
45748.7
41266
66411.4
42430.8
35750.8
39103.4
48046.5
48773.3
40240.7
46653.5
39473.7
39324.7
60148.6
49146.9
75247.6
35018.9
28030.2
46599.1
27348.2
47482.6
42248.8
48881.5
40903
58550.6
37134
65785.4
33044.2
60041.4
49758.6
45179.3
53186.1
52971
48759.8
43470.3
41643.4
41635.4
45754.2
57268.6
44354.8
35153.6
53369.2
60267.8
42350.2
34350.3
35107
47447.5
65487
62020.4
46573.6
50670.6
24581.4
54106.6
56955.6
38345.8
51609.8
42283.9
40684.5
42904.6
65282.6
32903.4
39814.2
48669.3
52529.9
51392.4
43111.6
62853.4
55677.4
43036.6
46928
58884
43813
40626.4
53450.4
64671.9
61591
40770.3
45346.7
48701.4
52404.1
35973.2
52557.9
56375.4
33322.6
59115.6
66073.6
51501.5
41241.5
37935.7
40225.4
52764.2
63140.8
45440.6
50152.2
42686.6
42437.8
57670.5
45033
49563.3
43315.4
50265.4
47104.8
58526.7
54558.3
51961.1
63178.5
54889.2
38698.8
45207.4
43796.3
50205.9
62382.1
38064.4
40198.6
45436.6
53572.6
43088
64649.8
70236.4
58985.4
52169.2
38425.5
57217.1
45113.2
53210.8
54974.3
51750.9
44481.3
53402.2
56982.2
51945.6
50953.5
36426.2
56353.9
84009.4
56100.3
54674.3
62339.3
41410.4
41055.4
52838.5
43543.2
58729.4
57444.3
43613.4
41080.3
44917.6
42141.6
39995.9
47189.5
65134.3
65931.5
44449.4
56664.4
39205.1
79096.5
64570.6
40681.5
40928.6
56285.2
38227.6
79093.6
47252.9
80891.5
38066.5
32820.5
41103.1
44250.6
74494.4
55454.2
49997
43903.2
52138.8
44305.4
40950.9
48736.5
71508.2
35809.5
32632.4
42924.8
44385.4
60340.9
54311
41058.7
52059.7
35067.7
33450.3
67517.1
55973.8
64869.9
42097.9
38339.9
51219
42199.7
47706.6
51287
49829.4
50023.6
49981.8
49235
25424.2
38551.6
39062.1
46941.1
48387.8
57390.8
62970.2
72686.6
32759.4
39347
56015.5
52775
47557.6
67149
49544.2
39937.6
61741.8
42021.8
59145
43585.8
51804.2
38749.4
50911.3
43379.1
45064.3
42219.1
39080.8
55628.1
34948.2
45995.2
45091.4
48962.6
72132.2
37205.8
37773.8
36720.6
52007
33688.3
28311.8
59918.7
43562.1
45747.5
43694.3
54720.3
36669.5
36825.9
36285.4
45648.2
50813.8
66078.8
48368.9
42376.7
40264.5
44075
42640.9
42143
58826.5
50523.7
48560.4
36461.2
62284.4
37757
53831.4
68480.4
63563.7
38074.5
57348.6
47413.8
30377
65084.5
44448.2
28530.4
64361.6
40816.1
38813.8
39932.6
43707.8
41769.2
44058.6
50187.8
66697.4
49376
57947.8
51841.6
42869.5
63505.5
40937
36547.4
56712.2
33722.5
51987.6
66937.8
51160.6
58331.7
67154.6
54461.5
44356.2
42825
57769.4
34533.8
48999.9
41298.2
70320.7
71212.2
43314.5
50834.9
42615
52068.2
55717.4
52974.4
43520
38800.3
49277.2
36155.9
62866.1
60658.1
47206.8
59543.4
56843.2
53127.7
41899.4
46411.8
40190.1
45114.3
69592.9
38836.5
38828.4
38750.9
43158.2
55991.9
56007.5
59688.5
38551.5
41358.1
62659.4
49056.2
47691.8
44407.8
39894.2
35400.9
40616.1
52883.1
36356.2
26864.2
58352.9
51759.2
50699.5
44667.8
32669.7
32795.4
57039.9
45986.6
61458.8
49604.6
41783.8
33173.6
58018
39968.6
54204.5
59379
44621.9
42107.4
39309.3
38144.9
54060.4
48128.8
36973.8
44119.4
40169.3
41035.4
36360.2
45143.5
47220.4
31300.9
51338.9
33722.8
62601.9
35564.2
55247.3
42028.7
39504.9
45611.6
44088.2
51145.1
62866
41060
55353.5
50084.3
44578
60827
42601.1
45889.1
58235.7
36540.5
58345.4
61697
52987.8
44220.7
45805.6
37136
48887.4
60419.6
55547.6
54622.9
62917.5
50782.4
29238.6
49333.3
48579.8
54196.5
53268.5
61104.6
45947.9
69591.1
41169.1
42721.5
44631
46750.2
69347.4
44872.8
58425.7
49870.9
58709
46690.2
77514.7
53544.7
38095.1
43870.1
53091.6
67252.7
65841.9
42533.6
61573.2
69153.4
38307.4
41899.3
56639.4
42093.7
54553.8
48420.2
78023.8
52081.8
57757
59545
38699
58047
69185
53463.8
41259.5
28766.5
52907.8
47560.2
44489.1
49004.1
59164.8
62412.5
28463.8
44499.4
54437.6
46346.3
46754.9
48032.9
58124.9
62747.4
44890.6
45926.9
50924.2
48322.8
35076.8
61601.6
48974.6
48411.4
44540.7
59533.3
37235.4
69601.8
61232.8
43809.3
44342.7
58473.2
52255.4
50066.2
63331.4
44491.2
62175.6
58459.2
56484.3
64691
61648.9
72086.6
60616.4
46553
52396.1
49356.2
52768.1
72093
54108.2
51763.3
58665.6
50253.4
53443.8
45078.5
51203.7
70206.6
51119.4
49595.6
65687.4
52176.4
48493.4
41882.6
60047.8
31692.8
45835.3
52234.3
37329.5
41345.8
49309
35797.5
45963.4
57589.7
58875.8
47085.6
20155.1
41362.2
66135.3
69615
54897.1
48211.3
40204.5
48511.8
65581.2
56707.5
36224.4
56573.5
38549.2
47477.7
47184.4
59042.2
48525.4
53615.8
31593
55326.2
48443.7
58292.9
77715.5
40457
42648.8
71625
47747.5
40634.8
52883.5
40066.6
36085.5
63211.3
60388.3
41095.2
38211.8
45288.4
45983.5
34363
53924.7
60013.3
61819.1
41955.7
70212.4
40851.7
56343
59597.2
44267
77287.7
66988.4
40970.6
60120.2
64543.9
51038
62075.2
61407.6
40266.8
50819.5
56620
56519.4
41752.3
54534.2
40903.1
47532.9
61927.8
48020.7
58941.7
61629.1
33917.5
37666.2
61206.7
53843.3
38996
55180.9
52969
41271.9
55252.4
51189.6
68109.2
54060.8
44759
49773.4
69424.3
65610.8
57178.6
55383.6
68458
48268.8
60567.9
62581.3
48161.6
62091
61290.6
79823
56359.4
52658.2
58914.6
72968.7
66662.5
49465.5
68477.7
54156.1
53755.2
52914.6
58727.3
69583.4
43065.5
44591.3
60178.3
37796.6
50071
56963.6
54298.6
47238.7
56753.4
50191.9
53657.1
55663.3
39088
48667.4
67857.8
62706.9
54506.4
41365.8
37885.6
49878.6
27028.4
43177.3
62539.2
35175.4
47520.7
57930.1
30249.8
37613.8
46591.8
62589.5
50449.5
48344.3
29687.3
63391.5
46244.2
40554.7
43748.2
27890.2
37113.4
61995.5
52554.2
47493.6
60035.4
35065.8
70275.2
64127.5
53372.9
44721.3
37313
51812.6
64652.2
55196.1
69437.8
37091.6
39543
40868.2
28116.6
33549
59401.5
43451.7
32708.9
38783.8
50917.1
57600.6
43528
32392.3
45032.3
35018.7
30136.7
44986.8
33885.8
38760.9
31973.8
30772.3
37706.7
34177.4
51237.1
41721.4
31900.8
39888.6
36213.9
34068.9
29796.8
53814
32684.6
30050
40646.9
45701.5
59619.4
48426.2
53426.6
38284.6
47515.9
35249.8
42909.5
44373.1
42322.5
45050.2
48738
45725.8
36033.3
54047.8
53429
33418.5
51074.8
42048.6
48753.9
30610.8
53670
64316.4
60918.6
65769.2
32971.9
35784
64283.6
68140.2
44736.1
43933.3
37089.4
53183.7
45317.5
42870.6
41938.3
57301.2
49765.4
47745.9
42959.8
34661.6
47600.9
62202.2
41510.2
36055.4
37163.9
51747.6
54113.8
49712.2
35957.5
47063.1
36896.6
39125.3
53304.2
43934.6
48060.9
37969.4
35358.6
44894.8
35317.4
38384.8
48039.5
41945.9
73284.6
48077.6
36382
47652.4
54776.4
63165
50668.6
49418.6
53363.9
56220.9
46842.1
63764.8
40587.8
51150.8
61591.8
41719.9
47237
52857
55843.1
56553.1
51429.4
51187.9
53513.8
43882.1
61980.2
61598.2
41356.4
35444.2
33837.5
56537.7
35102.2
52070.6
54528.4
46855.7
32560.4
34314.8
41747
52361.1
50545.3
41579.6
42709
43260.7
46318.9
42508.7
49162.4
51065.4
52529.4
46131.6
61759.8
40858
30936
30592.2
45971.7
30937.2
43741.6
57213
62791.5
32857.9
40618.6
55906.6
57940.6
53915.1
40012.2
48390.2
62739.3
41973
60374.6
39810.4
40193.2
36919.4
40565.8
48034
50198.1
59534.6
41264.7
50704.1
53221.4
55931.9
68672.3
43229.4
41890
42233.8
56448.1
59962.2
48867.8
46258.4
36237
48724
48217.2
52166.1
56150.8
52177.4
53739
55802.6
53777.4
56782.2
52177.8
49627.4
54886.6
54017.3
57269.6
48470.6
63359.2
48505
53782.8
37041.8
41755.9
54516.9
49434.6
59810.8
40928.3
51802.7
42080.9
45308.7
50502.8
34371.6
57275.4
59751.5
35169.6
52759.7
61364.4
43556.7
48097.4
53523.6
59273.1
50693.1
31494.8
35897.5
61598.6
48886.9
69617.6
64972.1
44225.4
38287
55506
43930.9
38956.9
55411
73035.8
37558.6
45593.3
45706
44589
54208.6
38110.4
47867.6
45615.9
49708.3
57894.2
53877.7
34349
61760.2
44994.2
38403.7
46507
40030.9
47406.2
41949.1
41029.9
62578.2
30586.8
53713.3
25397.2
41747.7
52732.4
46693
37175.4
56096
40852.3
26781
38012.2
41241.7
49956.9
48511.3
51892.7
53499.8
35026.2
33054.6
36845
50460.3
78110.8
40173.9
41152.6
46619.4
51604.6
32902.1
39581.4
49507.7
41609.4
37851
60500.7
33287.9
50434.5
40218.8
46407.4
48027.8
44396.5
41264.2
45856
43046.8
69027.2
51673.8
63498.3
44184.7
57055.2
50224.9
37802.6
58526
53799.1
46031.4
42144.2
64344.5
51720.6
48833.4
36414.5
50791.2
48833.7
49190
50311.3
73716.7
40742.7
49470.2
47803.7
48015.5
32315
32360.9
34692.1
42919.4
37898.5
46415.1
57712.8
36901
61883.3
57219.1
61124.1
32053.7
50752.6
55236.9
63009
44980.8
61145.6
60004.6
46264.6
44964.6
48287.7
45235.9
63935
59746.4
53514.8
53769.7
42417.3
53927.4
55329.1
59232.5
51055.8
55217.4
56164.6
49506.9
61779.5
46892.3
49274.3
58814.2
46479.8
37029
40703.4
40957.5
46878.8
53751.8
54389.8
49595.6
36912.3
53340.6
58894.9
38848.5
56779.4
39221.4
66885.8
65144.9
42645.1
44538.2
63913.9
68998.6
46884.6
43998.4
57075.4
35061.4
48898.2
68879.5
56173
45180.3
41291.2
64545.5
45677.5
48279.9
44772.5
65657.8
71675.6
61778
34379.2
35292.9
43402.6
58147.7
50767.7
49345
46987
35702.9
31427.6
55669.1
47111.5
51251.1
30730.6
40113.4
47149.4
48028.2
53925.3
36433.8
41753.9
46991.3
41841.5
63066.2
49717.4
59997
26407.3
44500.5
63188.2
51808.6
36367.4
36084.6
61427.5
47375.7
42614.2
43491.2
34763
37748.8
34063.7
54744.6
34575
48935.6
50208.1
57314.5
58335.2
61696.1
67945.6
39513.4
41465.5
26403.1
55842.7
54075.3
62027.5
43116.8
54175.6
43940.6
55419
39408.1
65081.8
47638.9
49787.1
42028.4
52842.8
48729.8
56100.3
46805.8
38004.3
47206.9
65495.4
60162.6
53758.2
63267.4
69733.6
55111.8
47288.2
36210.9
55843.4
74048.7
33034.3
36700.8
55432.8
61229
30817
58891.3
39712.7
46223.2
68466.8
66709
41110.2
58826
57334.8
57777.9
65115
55770.4
64966.2
56422.7
51976.9
50489.2
51086.1
57042.6
54829.9
75443.7
61320.5
44005.6
53133.1
45201.5
58778.8
37502.3
53962.2
43828.7
58175.6
63539.4
37319.1
48219.4
45177.5
64532.3
53436.5
54735.7
36963.9
48296.4
56651.4
49030.2
52368
59586.6
59903
54420.2
30543.7
70240.8
59023.7
62154.5
51756.3
33083.6
57796.2
48157.5
55197.2
56870.5
53796.6
49404.9
48194.2
45622.4
54437
41069.3
49578.5
55563.7
50912
53757.4
71727.6
72259
40313.8
62420.8
42280.8
63140.5
52410.8
61182.5
67685.6
63405.3
50675.2
59596.7
41667.8
59675.8
55559
57002.2
62529.7
60196.6
45538
46754.7
74337.2
78606.3
69755.4
83171.2
69563.5
62676.1
69303.8
64273.2
61644.6
74919.2
81110.1
60369.6
61263.8
48942.2
65579.7
51995.9
56921.2
52219.4
57597.4
52255.1
53427.6
56923.7
54697
55703.8
42060.5
73699.4
64685.8
61857.1
69550.5
72512.2
56397
59253.6
64181.9
54989.4
46796.2
68928.3
38655.8
42020.2
60010
73767.4
58100.9
73563.4
61236.6
59342.9
56369.4
62530.3
46812.8
51236.1
62658.8
67645
39033.4
48511.9
56589.1
42468.9
40839.5
74722.2
52527.7
51513.5
34716.4
50745.4
42271.3
46293.4
51681.7
47464.9
49007.7
50388.3
65193.3
51051.9
46104.3
60475.8
55945.8
53343.1
63499.9
44424.2
62495.6
65057
53894
49796.2
60640.9
48011
52213.9
67510.5
67403.8
39125.2
48303.1
45132.6
62126.4
63741.1
65567.8
67141.8
70594.6
46886.7
61079.5
57348.9
70574.2
59839.2
61711.6
59083.8
75049.4
37763.9
55999.3
39157.8
71222.2
59667.6
66427
72339.7
69190.6
54041.7
68145.3
41825.8
67165.4
53991.8
46000.7
62377.6
45557.7
62213.9
51242.2
44214.6
54734.2
53008
48004.6
61094.8
43547.5
36339.8
45698.6
60600.1
54180.3
49594.6
52320.2
46193.2
36743.4
46989
48925.6
44153
58675.5
36985.4
58472.2
61655.7
56054
59115.7
54021.2
38105.3
48085.8
44396.7
57751.7
45681
58739.8
49592.1
56701.2
48472.2
50967.5
43855.1
52913.6
51117.8
61107.7
46190.2
38445.4
57171.6
32251.5
65690
61870.2
42900.9
57324.9
50906.7
51147.4
37520
55487.3
46143.1
52502.1
43555.9
44661.1
55473.4
83479.3
48016.6
42650.6
42075
52015.2
55626.5
56367.2
57766.1
61110.6
49849.7
35388.4
49286.6
54843.9
50815
60648.2
49325.5
37545.7
43617
56962.3
57505.9
61131.6
72890.6
59060.6
47804.3
42301.7
46538.4
50523.4
45819.6
64759.3
46019.5
57585
54692.5
45997.9
68718.4
53178.6
51813.2
55681.6
35347.6
53378.4
50148.9
62018.2
77760.8
66781.5
30559
48121
51128
42802.2
65620.4
62846.4
48733.3
48877
46003.4
29250
39475.7
76611
62475.1
64772.2
47227.1
36318.3
37986.5
48905.6
70969
44286.4
52840
33039
42887.6
45534.1
43617.2
58880.2
40887.7
34155
46505
43007.6
55153.4
69558.2
67155.9
59919.3
49740.9
70947.9
40081.9
50776.3
44752.1
37910.6
47822.5
55279.4
72309.6
57622.1
45049.4
67788
40261.8
34288.2
46384.8
48343.3
49946.4
45915.5
32979.4
58598
45427.1
50129.4
54809.2
50001.8
40468.1
57623.4
42936.3
55767.3
69760.6
56728.4
64995.4
47277.6
73396.7
76127.8
55920
71565
69196.6
65675.2
51846.6
42868.5
50643.8
59983.1
51303.8
48285.1
51479.9
41463.1
66290
44738.6
48135
49794.2
55659.5
36664.4
64371.6
52670.4
52942.6
54845
44685
74913.9
57156
71749.2
50573
61169
68121.4
61952.6
57612.3
50513.8
49674.6
76280.6
52057.1
59885.6
57273.4
46195.4
45702.5
53341.5
62065
68773.8
82355.7
51961
48242.2
50904
40206.5
51038.8
59739
72455.2
81224.6
44228.9
55476.5
76269.2
48766.1
48861.7
56173.4
45208
50432.4
76427.6
50117.7
48681.8
50270.6
47920.2
66625.1
36923.7
43877
50737.8
71947
39718
59706.3
49376.6
36290
51183.5
46671.2
68847.9
64999.5
43355.6
60672.6
54723.9
30098.6
71646
62651
48432.1
58226.3
44777.3
61685.4
44596.6
48675.3
54689.4
48309.8
46742.7
51856.6
60317.2
51581.9
49992.1
66632.9
45499.6
32753.4
53392.4
56977.7
40063.7
58275
48887.2
58466.4
40928.2
52194
62538.2
52208.1
53543.5
60301.7
65667.8
50525.2
56174.6
46607.9
46275.7
52885.2
64246.3
68344.6
66015
49569.2
64948.1
34757.6
42309.4
64983
55988.2
51935.8
63855.7
49594
66354.3
56382.2
31523.9
49520.2
42031.7
46161.4
57838.6
54944.1
41977.3
48632.9
55185.3
56267.8
53854.6
39529.2
42509
63787
49949.2
56962.2
44371.8
41938.2
54430.6
52306.9
53831.8
52581.1
50398.4
67924.6
74991.8
53638.5
62278.6
41927.9
45239.4
75833
53045
72416.3
39756.5
64509.5
35104.4
43398.8
66309.8
38328.7
46362.1
56301.7
46763.4
48695.3
51071
43575.2
65649.7
50745.9
59872.3
37524.4
25698.5
39623.3
63631
60680.8
73558.5
42724
31518.6
56218.5
32321.4
44794.3
71029.3
84643.9
59238.9
42225.9
42764.8
45979.6
41835.7
61495.7
61759
58022.7
62896.2
63829.1
57160.2
46896.1
51637.7
75280.9
47017.1
55138.7
28930.4
33643.2
52293.4
53351.8
55507.6
45159
69284.5
35028.7
38597.7
44271.3
45654.4
52931
47608.6
56907.4
43075.3
43193.1
76574.8
65151.9
48493.4
48266.2
39548.8
55531.4
62167.4
83041
60326.2
48667.6
33151.9
45740.6
47546.7
66058.4
73255.8
55275
33609.8
50070.7
62487.9
53073
50251.6
45287
42602.6
49136.2
59075
31439.2
55741.5
45299.3
54917.3
58802.4
47307
57501.9
58486.2
70408.2
63533.9
42038.3
39238.5
63536.9
45233.3
56122.2
75014.3
61840.3
46680.2
65982.3
55499.3
47713.8
68015
53331.3
39504.4
50208.6
44929.9
49152.6
66211.8
78199.8
67678.7
44501.2
63669.4
42914.8
60348.7
58356
49923.9
55911.5
68312.7
45810.8
57114.1
56672.2
61048.3
70754.3
52950.6
46835
43552.2
47685.5
53825
59634.9
50865
45133.3
41395
46844.5
53881
39099.8
37821.8
53059
60993.6
32432
53415.9
44960.7
32317.4
58856.4
51632.7
63842.4
49889
50850.2
40798.6
48479.8
63968.6
48606.4
55118.6
60711.7
58461.3
39113.6
36735.9
41160
61659.4
59261.5
68332
34152.7
42125
30847.4
48846.5
43853.9
37955.2
35713.8
34806.6
32557.1
33187.4
39229.7
40013.3
51025.9
48530.1
47343.5
50238.2
36115.4
38773.8
33939.9
55149.2
33415.8
50458.6
43447
32400
43119.1
60470.8
36115
33339.2
38789.3
34659.6
45520.1
72983
56011.6
52188.2
51918.1
60259.1
41495.3
53039.7
43462.7
48885.1
57298.4
58509.4
37952.2
41963.5
39615.4
43851
73547
49808.6
52182.8
34428.4
45497.8
40409.9
51645
71857.8
42038.2
41765
52778.2
64746.2
39958.9
47417.8
49643.3
43476.9
48807
63007.9
44268.8
60754.6
40091.3
28760.6
44893.9
48038.3
67417
74802.1
46808.1
43242.2
44307.4
45380.8
46137.5
46553.6
53898.9
61826.6
45701.2
41282.6
39379
47530.1
44299
48508.8
61387.4
35348.4
43558.5
64927.2
47166.3
66675.3
63276.6
58351.3
49752.5
41810.2
65020.2
47729.8
53510
46570.1
61615.3
26960.8
51526.9
53732.7
42502.9
61860.5
52029.5
33303
56403
60852.9
61463.5
41709
32208.6
28941
41070
58772
49921.9
38023.4
42997.9
48444.1
39376.6
27891.8
46359
48010.4
46706.7
47195.7
35416.1
34201.8
60234.8
27803.9
48890.3
27824.7
55060.9
76416.1
39854.2
23008.5
46594.1
35595
41707.6
50508.7
57868.2
28061.5
35679.5
45868.3
29321.9
36231.8
50494.4
41784
44218.3
54619.2
38302.7
47280.6
39742.7
30707.4
32931.8
30592.8
33111.4
30974
26870.2
32732.7
42580.7
32442.7
42364.3
41745
47239
42684.4
51151.9
47833.2
47577.4
34178.5
48188.6
36048.3
50347.5
48819.8
38541.7
45023.7
30670.8
73156.7
64834.9
51056.5
64547.8
46538.6
33716.9
50203.8
42418.2
40268.4
41559.3
53674.5
36328.5
35378.6
47055.4
40322
40092.6
51046.2
60201.9
38382.8
47826.2
52914.8
75616.6
46434
61643
59191.8
50764.5
34174.6
58915.5
49829.2
39277.8
39800.1
43394.2
70552.4
48270.5
59320.5
38261.6
47728.7
56454.6
58361.4
72213.3
41926.8
49698.6
53204.8
43989.6
46900.4
62763.4
74196.2
50621.9
49372.6
43340.6
37736.7
61709.3
38584.6
61551.9
36324.5
49973.1
43873.2
53273.4
30118.6
52252.2
59096.7
68285.2
53684.2
63860.2
54561
33613.4
45316.1
49366.2
51686.4
43670.6
41370.2
59278.3
74520.4
36252.2
59316.6
55701.9
31468.4
54452.6
55688.6
42662.2
55041.8
68090.4
58376
45567
36756.4
62507.3
45961.3
62803.3
42174.2
42730.2
41969.2
42815.4
62085.7
48897.1
63037.9
46640.3
49197.1
72307.9
30061.3
63576.2
66174.6
28555.7
41760.8
38411.4
42352.6
49145.7
61307.2
70409.7
70187.4
31878.1
39127.9
55999.6
51671.7
49693
60832.7
39203.3
54503
53036.3
42143
42867
48537.9
44627.8
43677.7
51205.4
46557.8
35608.8
45629.2
47144
60086.1
54100.4
62406.8
61561.2
56180
35508.4
66046.9
54197.2
43873.6
45649
50914.2
53270.6
61989.2
63292.5
73284.1
43723.8
71014.6
65597.8
47436.2
60979.5
65912.6
36074.6
47253.8
38702.1
61657.1
49279.7
75012.6
65539.9
45247
47723.4
44463.5
56916.8
62087.8
36712.2
35108
46248.1
54407.9
60789.7
47220.2
40826.3
47702.3
46896.3
71538.4
69694.6
66387.1
46593.9
42432.2
41024.9
35198
56112.3
57977.5
72689.5
49645.8
47993.8
58668.6
47170.4
57331.9
56816.6
49892.6
63165.4
56789.5
30679
40992.6
46089.1
45627.4
49574.2
54721.2
38573
57296.6
61651.2
37932.6
35315.3
38751.9
53366.6
61658.2
58938.6
37422.6
40739.3
47326.1
50024.8
41690.3
70495.4
62269.9
51207.8
39219.8
44848
33438.9
54039.4
55774
48710.5
54729.9
38896.2
54226.3
75003.4
52326.6
70303.8
58939.9
63065
39209.2
44921.8
64641.9
45254.5
39828.8
63093
44639.1
60037.6
50261.8
58786.1
56344.4
63580.6
63198.2
71916.8
67814.2
67293.8
51550.8
52552
53092.2
65756.2
53195
51854.8
65951.8
57586.5
55980.7
57117.4
74008.8
75819.9
54182.8
49012.4
62799.7
60676.4
47375
51413.8
46526.6
56523.4
44004.1
54564.3
50593.4
62758.1
42899.2
54608.1
47275.1
48011.8
67226.8
50746.4
53278.6
54358.2
37415
42316.7
76344.2
65225.8
34100.7
47214
50301.5
45818.7
64856.3
69213.8
79573
74691
77082.1
82617.3
74871.7
44199.5
72806.5
51411.1
46610.6
53295.1
79354.4
75791.3
54233.3
67348.2
37443.8
57945.7
77317.1
46256.6
64002.6
63801.9
63633.6
41360.4
68758.2
43477.7
57446.8
49373.6
51358.4
50073.8
43587.8
51978.2
46719.2
68919.1
71461.4
43614.6
42230.2
55286.4
39765.3
51200.6
63010.1
46945.9
30648.1
38625.2
47545.4
41551.8
37490.8
56964.7
56084.3
46958.6
38025.5
58890.2
68448.4
55755.2
28699.5
59595.8
38108.2
41827.6
81876.2
55927.3
66440.4
55830.6
43092.6
35255.5
39147.3
45039.2
36667.6
41582.6
61397.8
48654.4
46426.6
47642.2
60986
52362.2
51702.6
63887.6
56698.7
61077.9
33610.3
67676.5
68526.4
59864.8
69089.7
46853.6
38190.2
55919
43419.7
76592.9
49889
60944.4
45966.9
44371
46281
46396.1
49794.3
61697.8
51384
67234
56946.1
43266.3
38021
66219.6
45374.8
66166
64827.7
48142.9
59576.4
72586.4
50615.8
66008.7
66312.4
44480.5
53330.9
37099.5
62842.5
58572.2
82176.6
74578.9
78380.4
51225.2
58309.3
48922.8
65249.7
76735.4
39026.2
56159.6
61241
55410.3
63027.2
44564.2
49867.4
53166.2
66627
63623.4
47791.8
59386.5
69507.6
70545.8
62750
49134.8
70190.8
59920.9
57851.4
59406.4
50006.4
63440
71749.2
61379.4
66934.8
54446.1
50416.4
56582.4
67257.5
60147
60572.5
53740.3
50323.8
58207.4
54382.5
35925.8
47969.1
51466.2
69958.2
70059.9
62449
43548.9
50987.8
48727.8
50502.2
63527.1
66742.7
55904
64592.5
47290.2
71276.1
64367.4
46036.2
59343.3
37479
42016.1
42631
56279
43633
71882.6
48949.2
58881
28905
45205.9
62811.7
57019
50132.7
47980.5
56914.6
68173.4
59005.8
53971.8
56537.1
43434.2
48959.6
51358.1
59475.1
53643
64445.5
61691.7
38046.5
53846.6
46863.8
77637.3
66550.6
56925.9
71108.7
54887.7
62068.1
57374.3
46025
46183.3
46292.5
54114
42721.2
67955.8
53682.2
48325.8
69150.8
46019.7
61486.5
35630.6
58043.4
61953.4
74134
38624.9
53326.7
58234.8
71016.2
49739.8
67951
76884
56612.2
58402.6
65712.4
70023.1
35142.9
52319.3
72438.6
55160.9
47591.8
37309.7
50209.9
53975.8
46182.4
62298.5
45843.3
63043.7
60158.8
53476.2
55120.2
48531.6
42513
63926
67614.6
56002.7
66969.9
50513.1
48857.2
39116.6
46749.7
47089.8
36755.2
45197.7
53877
58337.3
41569.8
41222.6
48793.8
55955.9
44833.6
25978.6
58868.6
53475
51469.2
55633.9
57633.3
43180.7
62304.6
61770.9
69831.4
46014.1
37571
56584
25766.8
53100
57049.7
43839.4
48539
39553.3
47617.8
41491.9
55723.3
54161.3
57972.5
43138.3
61031.2
53809.5
51269.9
57339.8
49322.3
44275.5
51477.9
36676
47394.6
49005.8
62333.6
39807.1
46519.2
35169.4
39364.1
67189.9
81830.9
39458.4
45991.9
45167
52948.9
54597.2
60887
64391.8
35209.7
48888.1
52328.3
36295.8
44591.2
60481.8
74900.9
42739.7
52434.4
42807.5
53710.5
45277.4
47122.9
51157.4
36661.1
50321.8
39209.1
68008.5
59151.4
45964.5
48477.5
59891.4
42841.4
37633.7
44547.8
46978.6
78884.7
54487.6
51782.6
59366.8
60068.8
30318
45400.9
47266.1
30253.4
35035.8
22940.1
43185.8
55900.9
61631.6
45643.2
55009.3
45298
31730.1
37541.8
40341.1
30594
42936.1
33650.2
27505.4
24862.2
61426.9
45667.3
36139
35541.5
55123.2
52189.4
40093.7
49726.5
40706.3
56010.8
39275.4
32435.5
58386.8
56256.8
55843
53127.6
49289.7
37403.5
59940.2
34277
38349.1
49071.8
58129.5
42217.8
42771.6
41255.2
54178.2
38435
59777.9
50488.2
45845
39481.4
40535.4
52300.7
53626.7
43054
36234.8
44144.9
52736.5
40360.8
45845.9
48307.9
33669
43718.9
31986.2
50241.1
49249.6
43418.2
42323.8
46657.6
42193.8
33421.4
35214.8
46203.1
44318.5
47781.9
42725
35966.6
37404.3
48455.3
46168.2
43098.4
32135.2
72894.2
33345.7
62905.3
51800.6
45864.7
31282.7
52103
52466.2
45007.4
30977
42176
43386.2
55003.8
47238.4
60077.6
53688.9
45658.8
64071.7
60461.4
53596.1
70996.7
64361.4
53297
51494.7
62742
51320.6
45820.7
49588.6
42518.9
76241.3
64496.4
78237
37200.7
64844.4
30855.1
72766
64985.8
70253.2
43041.8
60942.7
54555.8
49862.6
64120.6
54750.2
63229.8
60632.5
48378.2
51393.8
55195.9
43267.7
59412.4
58077.2
47406.1
50743.8
42547.8
37493.4
54756.8
60989.1
56479.4
53253.2
30345
50163.4
46030.1
37946.9
49933.7
72088.5
52699.4
61836.9
60760.4
53239.2
38231.6
50856.3
54721.6
38628.8
66863.8
70030.6
65497.2
46723.6
47792.2
31790.9
66033.8
49166
57131.6
52365
54422.2
50614.9
66995.1
46710.6
75409.3
55992.6
75000.6
73140
66156.2
50290.4
60704.6
69204.7
54553.2
67465.7
58569.2
50895.1
48369.8
62016.6
55323.8
65339.4
53612.6
52019.8
33091.8
41523.4
62552.8
52196.2
53994.7
51296.9
72115.1
53513.2
35291
63413.4
59377.8
38253.3
47905.8
46883.3
70129.8
67163.4
57706.2
57664.4
44944.2
30071.2
46610.9
69589.1
58410.2
46040.3
59178.8
34731.1
45886.6
40969.9
40679.7
51982
50401.3
48112.6
72252.3
55141
51863.5
46797.9
44046.7
40026.6
47629.7
45661.9
49715
46945.1
53438.3
42043.9
47497.9
42712.8
44416
35221
48613.9
50314.1
54775.6
21004.1
53924.6
33691.5
56999
59914.6
45897.2
51001.6
35645.7
48856.9
46719.9
44672.3
44706.8
45222.6
58411.2
43619.8
44857
46206.4
42168.8
60482
32268
54537.4
52721.8
52202.3
53564.3
64737.3
72262.4
41301.6
30129.6
54260.2
71555.6
39466.2
55127.9
48794.7
46918.5
38831.4
55115
54811.3
45213.4
60389.2
50316.6
63933.1
62664.6
45643
64082.4
40796.6
61452.2
55341.8
38386.4
41861.8
56651.1
38404.6
44663
35963.8
57591.5
47961.5
57814.8
82517.8
59860.5
61954.7
64587.4
46040.2
46076.3
41866.1
56455.2
53181.8
47309.9
54609.8
52134.9
47183
55035.5
57595.8
40401.9
60998.7
76074.4
42969
43928.4
40911.3
43218.6
36608
36831.8
74033.4
43587.9
54869.8
49323.3
47677.6
41638.2
52750.8
40166.6
60551.5
42078.9
54897.2
54489.2
40598
38950.2
50720.2
67678.6
50783.4
55239.5
57422.9
49605.3
64945
63771.1
60088.3
28494.2
34819.8
41410.1
49362.1
68870.1
47763.5
67966.9
36377.9
49883.8
62469.8
71261.3
59765.6
51089.8
35122.3
49415.4
64719
51041.6
61007
51273
64349.4
44558.9
44418.8
44181.2
63012.3
59267.3
62306.7
53275.3
50650
66319.1
53157.7
47657.9
57995.4
46507.5
62651.4
35598.7
58664
60594.6
48472.3
47260.4
46035
50209.8
61031.6
64729.2
43398.2
41564.8
37690.5
63751.4
54675.1
51573.2
36973.4
55989.4
42390.2
73718.1
38278.1
62680
64662.2
43263.9
34376.2
45706.5
48006.2
51855.1
75581.8
49740.9
40677
74390.9
68608.6
55288.5
65995.1
51181.9
29995.9
40768.6
50712.3
66787
47974.1
51107.4
62786.1
41667
56510.8
48824.9
51621.8
57665
37309.9
45558.2
41185.4
58962.1
46485
54675.8
50506.1
26965.7
64899.8
45205.9
45534.2
32920.5
68697.9
41465.4
42771.8
49109.4
40581.4
55957.3
38887.4
39171.3
43531.2
37742.4
38558.1
57528.2
57888.1
43765.2
65342.1
39293.8
62186.8
61789.7
49606.5
29951.4
48174.4
57913.1
62326.2
68993.3
64541
59348.2
47932.1
78251.8
43714.1
53119.3
45459.9
58237.4
51453.7
35851.9
56077
33043
54564.5
53808.6
59172.6
38378.6
62874.3
44421.9
39058.9
39448
56411.4
42864.6
52770.3
58626.2
52434.6
45301
46829.1
47948.3
46336.3
68717.4
34685.6
26236.4
42063.6
46831.4
43491.8
59109.7
84034.9
58948.4
49985.1
43365.3
47946.1
47027.4
71619.3
72979.9
70034.7
59340.4
45051.4
57074.9
40038.2
39390.5
38129.4
46868.6
47143.4
40647.4
50021.3
73884.8
50590.6
51944.9
39068.4
64991
34016.2
34804.4
46493.6
70884.6
52117.6
45511.7
28908.6
40469.1
47184.9
80633.2
45356
34237.4
39616.8
50895.8
36033.8
48670.2
61339.1
41977.5
57778.6
53571.3
36894.1
56671.8
53828.5
44979.7
63124.5
49283.4
52020.7
47511
60015.1
37512.2
58982.3
41987.6
62001.7
47053
46156
32938
53508.2
40248.2
45599
49575.4
32163
58912.7
58605.6
21830.2
46632.5
37921.5
43868.8
42464.1
58546.7
40774.4
68030.8
50677.1
59109.7
39007.1
43402.2
63770.9
43437
59192.6
45307.7
47390.1
54389.4
49788.5
35873.2
58199.6
33350.6
51826.9
48564.5
49357.6
30960.7
41963
45697.6
55733.4
43530.9
57879.6
57493.5
53479.2
45974.1
39194.6
53097.8
42092.2
50319.3
49048.6
46666.8
64151
35289.6
57084.5
51555.4
80557.5
50764.2
60836.9
40116.6
60099.1
43189.2
50357.7
67259.8
52485.2
37432.9
43176.1
57139.7
42486.3
59969.8
52220.9
65310.7
49471
59107
44582.8
65747.9
64322.7
64272.4
39138.6
48310.6
64551.7
58642.6
45847.8
66642.5
62558.2
39074.3
47835.3
68177.7
84909.8
73892.2
50867.6
40960.8
56741.4
49537.4
75493.8
67018.6
68470.2
49641.8
64237.7
52225.8
52851.2
53731
54610.9
67501.2
36695.6
80140.2
48602.7
54307.2
65539
62954.6
51579.1
60046.8
66598.2
54327.3
58149.2
65540.3
68106.8
58406.2
57832.6
35129.8
56596.1
56846.5
66981.4
79799.6
56903.5
52845.9
44937.4
52499.9
55580.6
60912.2
60436.7
63068.3
49826.5
32769.8
53493.3
57764.2
51971.8
46628.7
58706.3
44898.5
63756.1
75414.1
53156.6
42861.4
60527.1
78669.6
65390.1
73756.2
60963
48541.8
50148.5
46716.6
57044.7
50677.5
56023.8
69203.7
56439.2
64763.9
50302.6
38404.6
72351.8
47171.2
55179.8
53401.1
48817.4
30059.9
48926.2
59737.7
73694.6
54351.5
65075.8
53142.7
81813.4
47766.3
66712
64670.1
78310
42597.9
47443.7
56465.1
57118.6
54191.5
55632.6
56759.4
42920.9
38689.5
49022.2
62695
54281
44277
50379.4
57765.3
55200.2
49021.9
60987.8
57507.6
61400.8
40439.6
44772.7
50444.2
57919.9
69879.1
43333.9
55289.9
59514.6
54398.6
60083.7
47510.1
55284.6
77165
62952.8
59637.5
38497.3
61110.2
45288.8
54016.9
74348.2
42019.9
56636.3
62789.2
64553.2
55395.4
51935.5
67900
79956.2
56679.7
53904.8
71922.6
54281
39966.3
81860.7
66466.2
48867.5
58920.5
52796.6
48665
74397.3
66442.7
47702.8
41547.8
51688.1
43739.8
51175.9
47094.6
40314.3
53808.6
49933.1
73171.2
50150.3
64570.2
57388.7
47823.6
38244
48422.7
64239.9
78416.2
70465.6
48783.4
43803.1
48482.9
41898.8
42775.4
62940.9
60125
50860.9
45750.6
59319
56453.7
49185.5
59165.7
47185.6
24497.4
37979.4
54266.4
38027.2
66801.8
50194.6
41499.3
33008.2
43586.2
38172.8
37199.1
44698.3
26594.3
43262.6
40563.6
73057.2
48748.3
52667.7
31793.8
43660.6
39345.5
39658.8
46547.5
68845
59055.5
49835
45617.1
51506.2
48408.8
69719.4
47742.3
44352.3
54333.7
48360.5
42917.4
58091.5
50916.3
32362.2
50928.9
64855.6
51759.1
43075.3
54721.4
26904.7
48685.9
60586.9
52306.8
52710.3
59263.4
38015.2
41539.1
59990.5
47122
63396.7
68523.4
39234.2
48541.8
43615.8
52653.3
62376.7
67596.7
49778.6
52311.8
60633.3
49629.8
49844.9
55748.3
42400.8
37244.2
43667
72245
51969.1
45406.8
40819.5
26989
43601.3
57906.7
52430.2
44415.4
49883.1
37822.4
50833.7
43682.3
49819.1
46500.4
46596.6
52287.6
36422.4
46401.8
49472
45731.5
37093.4
53128.2
58596.7
41279.4
42611.2
40861.4
48932.6
59771.8
47398.8
43750.6
59198.7
40387.2
48922.9
49060.3
48962.4
66648.2
45736.6
55400.6
35354.1
45956.2
49116.5
63839.2
39133.4
41509.8
44782.2
31548.9
58464.2
61323.8
36581.4
42249.2
36546.6
44476.9
36455.9
34444.4
44868.8
37304.5
46090.6
30133.8
43374.7
53869.6
53842.1
68747.9
29072.6
35485.2
40117.1
35003.9
51860.1
43513.5
36793.8
43365.2
31628.6
45749.3
50485.7
39201.2
61957.2
38119.7
59236.4
41539.5
35695.4
46267.5
46315.4
43098.8
81771.6
57446.9
30707.3
60927
43715
36846
55316.8
62155.9
73977.3
56600
40624
35431.8
43474.6
61459.4
73111.7
54116.6
39257.8
34461.8
47102.5
53043.9
46544.7
54893.3
34245.8
50232.5
42777.8
50229.7
54312.5
44238.8
37910.2
36695.4
50666.4
48942.2
43576.2
58812.9
38332.2
43262.3
50227.8
58562.6
52753.7
84352.7
66863.6
46547.3
54101.9
40332.2
37262.3
64199.8
44682.6
48655.1
34425.6
38005.5
49929.9
36614.5
57154.2
64779
56258.4
48481.3
41022.1
31227.9
41263.8
57185.8
35606.9
28971.6
51665.9
36302.4
50242.2
29759.7
48325.7
40925.5
49973.8
62395.6
38947
47543.4
32496.7
53347.2
52713.1
56404.3
67283.5
43962.8
47296.4
35015.8
61585.3
50335.6
50535.1
57754.9
75848.4
29308.7
37049.8
57662.1
39538.1
36900.1
60640.2
31911.2
58367.2
50279.1
68528.6
47353
36769.8
51723.6
31632.3
43947.8
47978.2
40432.3
68205.3
51174.9
39113.5
52825.6
39886.9
56756.4
52336.7
61747.9
43798
54321.8
45386
40047.2
55383.5
51449.7
43217.2
52051.1
60217
48932.6
40062.3
54986.5
46004
60793.9
68379.2
71409.8
34849.8
55352.6
48495.8
48325.6
55884
46719.3
72648.1
47718
47685.1
36560.4
54503.8
73803.6
52070.2
51331.4
45358.3
55807
48151.4
42842.9
67069.9
57048.4
57003.4
49367.6
40792.7
45076.4
41624
47727
58774.4
51432.4
45919.3
35181.4
51731.4
38109.4
56862.6
42790.3
42069.1
28322.5
40546.5
39166.1
69503.8
48438
34872.8
63668.8
37601.7
59094.9
42031.4
51712.7
54421.6
53169.4
48201.5
35754.2
51813
40207.6
54142.6
46816
55259.8
53465.4
39875.6
70487.8
62554.1
50687.2
49595
40173
45143.1
42918.7
35612.8
45232.7
56354.8
52272
47275.4
46240
54730.2
45390.2
42088.8
43192
49830.4
45901.3
60333.8
62407.4
48053.2
39674.1
48874.3
57008.3
40618.7
37589.2
40873.9
34334.6
44763.7
47169
46415.2
46340.7
45548
62555
47617
63023.5
48381.5
31546.1
55380.1
54825.3
41196.2
54136.2
48680.3
65082.2
29835.3
72946.4
54769.3
43328.8
55670.5
52310.8
43330.6
53767.8
40685
44785
50410.6
37613.6
41168.9
58639
47253.3
45225.8
45862.2
49047.2
51963.4
63495.1
44091.1
44270.9
38758.2
48341.8
39221.4
37949
50865.3
57795.9
31385.7
43906.3
43162.2
31313.8
55065
48731
38113.7
49416.2
42949.5
53094.6
30335.2
40330.1
30851.2
64349.5
46028
30430.7
46169.6
37653.2
30555.3
41231.7
29547
53186.2
59409.4
50262.6
34091.8
44327
34523.8
57061.9
30171.2
52903
43883.2
43310.7
42241.2
31868.1
48178.7
62560.2
56688.4
33669.8
54487.8
60249
42568
45521.2
50285.4
58441.8
40810.2
59641.2
55018.8
47732.5
55757.1
46570.7
53033.7
37949.5
53811.4
32665
59836.6
54832.9
40859.5
55018.2
42013.8
57076.2
46377
41857
54974.6
38047.1
29508.1
62024.2
44332.4
46635.4
69844.3
60914.2
35934.6
41267.3
42390.6
38204.7
54124.4
44510.6
46991.6
33887.1
62974
61896.9
49953.3
62454.4
54411.4
51482.1
31267.2
43882.4
46455.8
53714.2
44643.2
54912.6
44067
41565.6
55839.7
58258.9
52477.7
50085
49990.2
52439.4
42190.2
51120.2
53219.9
55960.7
48329.6
37226.2
36996.3
50521.2
62150.1
72145.4
76161.4
40455.3
43394.1
44138.6
36109.7
62183.2
60857.3
61211.2
46718.7
46097.2
50595.8
47541.2
49939.9
40857.4
62117.8
34703
61046.9
60643.6
55723.6
56790.8
35491.4
43306
56467.6
51051.2
56448.1
30185.6
57509.2
37741.5
53546.2
48106.2
51116.4
47971.2
47833.9
34940.1
42568.7
46011.4
54985.5
53876.4
53489.6
42437.1
56596.2
67966.3
46593.9
37974.3
47148.8
61610.8
33040.3
47866.3
49786.6
62053.8
52645.5
49759.6
69169.9
38521.9
55767
51232.1
63130.7
40068.5
45273.2
63291.9
62357.5
37897.7
78434.2
52605.5
57266
37572.1
60967.6
35990.1
69148.2
65125.9
47022.6
66105.4
79052.7
33667
64403.2
59137.6
50646.2
51468.4
40481
44089.1
39696.5
48880.6
45088.6
50370.5
59897.7
41607.4
55223.3
31325.4
40498.5
52060.6
38022.4
49845.8
49235.1
56873
42732.1
49476
39651.2
40054.6
72881.5
51916
48720.7
50953.1
50998.5
69224.6
49773.4
34951.4
59533
34902.2
73686.1
46456.4
50918.7
51880.7
67709.1
49523.9
48673.4
48645.4
62411.8
58738.6
51426.5
45257.4
45941.8
46506.4
48451.8
68710.6
59319.4
43761.4
53737.8
39395
51157.4
60851.6
55637.5
55133.9
50835.2
51732.4
44613.3
78931.6
46127.4
61909.9
57370.9
62393.1
47608.6
41673.9
55408
39823
43484.2
46317.4
56060.1
53391.8
64316.7
41833.1
53297.4
33608.6
64357.4
56045.2
73053
56353.5
37228.3
44854
46272.6
36996.2
47099.3
58182.2
57812.5
60334.4
46865.5
43541.4
54111
70420.3
62171.6
45699.2
45104.3
63951.8
49624.2
46427.4
44167.8
47065.2
65621.8
48321.7
54590.5
49846.2
48217.6
44586.4
42319.9
35311.4
48215.4
57089.1
34640.9
45589.3
47942.7
66486.7
50769.1
54660.7
57171.1
59002.4
65454.6
49770.5
42424
50816.2
48390.1
34892.6
61012.6
61471.2
32751.4
55485
53715
44067.4
50958.2
71965.9
62702.2
32487.9
28801.3
50069.8
50299.8
51382.7
52140.6
43603.4
37758.6
54174.4
40832.5
50437.8
46375.4
32472.4
31076.9
58498
41038.9
56189.4
37241.4
30751.6
39071.3
31120.6
30982.6
44839
46701.2
35710
38135.3
41234.5
58923.9
42272.5
41072.6
52860.9
41258.4
48673
54415.2
29510.5
64899.1
31200.3
51418.7
59669
78865.8
29681.6
39850.4
65391.9
56580.6
36582.2
36692.4
60271.1
47383.3
66633.6
68599.6
50546.9
40990.7
50149.2
55581.1
52516.6
65309.4
49276.9
39805.6
60191.8
42136.8
58052.6
58136.6
44781
42639
55309.3
47409.7
57769.4
61693
70651.6
41363.9
41434.6
53583.1
57886.4
53728.3
47314.4
74377.4
56335.5
54265
52788.7
56172.2
43529.9
77695.8
70888.4
76835.3
56907.3
49968.2
54636.8
70942
41214.5
62555.4
46989.3
66094.2
68182.9
57449.3
63513.3
39788
70626.6
54751.7
52150.5
48549.4
55527.9
47080.2
78323.3
41302
33644.2
65767.1
58854.6
56356.1
42840.6
69243.3
42841.4
54271.1
61562.8
55337.4
49431.4
55823.2
46731.4
48541.3
45684.1
76569.9
62794
52395.4
34466.1
44506.6
44256.6
55388.2
74121.3
50638.3
51208.4
49069.2
32016.6
51322.1
47881.5
38529
51998.5
38887.1
46792.9
38919.2
43511.2
59061.5
66403.5
45121.9
41675.4
45576.2
42257
51600
64507.2
52753
37960.6
42665.9
54935.8
37783.3
37734.2
40527.3
68489.9
40455.7
34317
57216.3
33939
41134.8
57697.7
30197.6
46029.8
49958.6
54534.6
53759.9
50234.4
55618.6
42328.5
35283.4
49625.7
55470.1
48871.7
52482.6
44698.8
43083.9
58789.1
61769.2
51498.5
31395.9
43701
65591.2
47200.3
51825.8
63914.6
44589.2
41952.6
50439.3
69694.7
44803.8
38923.3
48827.5
48158.3
43642.6
58386.6
69358.6
43723.1
50214.5
35953.3
52021.5
34871.7
70938.3
45453.2
29956.1
42130.4
54413.5
65614.1
49975
55346.6
46602.2
46046.7
52391.4
37468.4
66325.4
56835.2
45406.2
54279.6
45126.3
31806
40354.1
40779.2
49876.2
51127.7
64080.1
37062.6
50781.2
58373.6
50001.2
49986
45301
56365
42890.2
65592.7
54047.9
45572.8
62188
37223.7
60582.6
52199.9
30562.7
27381.3
39033.4
43993
59210.2
32381.8
43202.4
56448.1
35276.6
42887.3
34446.8
51157.2
26644.6
39838.6
45172.8
28564.9
43699.2
53582.4
50913.5
48438.7
47344.2
45233.6
37870.6
48371.2
56293
39832.2
63878.2
45954.9
53036.3
59061.8
38283.6
45406.2
41951.8
44561.8
61152.6
47382.2
61853
41446.5
40959.2
54724.4
60777.7
54227.5
44431.8
41470
31275.8
52144.2
33648.3
48533.1
53929.8
35253.8
38901.1
59392.6
41587
54375.4
60299.5
56534.6
58059
37057.2
46064.3
31273.9
58841
48124.3
50454.6
60072.2
51133.8
59960.6
41556.6
39016.3
65716.6
33243.3
59924.1
54590.5
46555.4
40120.6
51736.6
47578.7
66046.2
34074.8
55451.3
60906.5
53136.6
36205.8
48778.4
55450.9
35061.8
52734.5
55344.8
52379.9
31435.2
46967.5
43728.2
41212.9
48508.5
55437.6
34748.3
43593.7
35655.2
40090.6
60883.9
42034.8
54321.7
32091.1
57016.7
53143.8
63965.8
40637.6
48862.2
53321.8
27928
43828.8
44393
47373
37240.6
52282.6
50005.2
48472.6
61768.6
24812.7
54174.2
43328.4
53845.4
48728.2
46348.6
61071.4
48839
42757.3
79616.3
74603.1
40517.8
58570.2
37104.8
43784
52589
56629.7
39856.6
45559.6
68174.1
49417.2
34069.4
63443.1
50731.1
48379.3
40368.1
51126.5
38292.5
54329
41114.6
35195
50236.9
50001.2
41439.5
52656.2
45300.4
37613.5
60901.3
56400.3
53962.1
54109.1
39923.9
40821.8
60162
72660.6
59089.4
52999.8
28913.1
43142.1
41512.6
50067.8
53374
56603.5
21446.4
51646.2
46222.2
28673
46658.8
44346.8
57373.1
52998.8
29803
48192.2
58386.3
70142.9
39964.9
56328.2
29134.3
49310.3
41596.8
51611
40952.2
44608.3
63661.1
46496.1
56637.7
38483.3
26752.9
49892.6
55680.4
20900.6
33192.4
47580.5
55994.1
53988.3
39001.7
55302.5
52892.2
48352.9
33063.3
36877.8
44921.8
45061.8
53986.2
63887
64510.2
69922.6
43620.7
49239
63819.3
42207.4
52629.7
58931.8
52510.1
64833.4
58617
55522.1
49380
38327.4
32713.7
48323.6
47126.1
50413.5
70837
46313
56850.9
33534.6
52380
59767.1
42717.4
63997.4
49633.7
57031.4
43581.5
28786.6
51419.1
58682.6
49412.7
69971.9
35251
51291.2
45713.4
45471
43028.3
39111.5
46823.4
40080.2
74629.3
70967
41769
38863.9
55239.8
40372.8
35999.6
60878.2
77310.6
40966.7
34423.9
57686.7
44042.5
44206.5
61301.4
48264.5
48711.2
35232.6
33568.5
58299.6
50388
67072.4
46556.1
57362.6
45771
38962.2
56934.7
63976.8
63992.8
44842.8
53821.3
64160.3
76540.2
64567
48342.5
58135.9
52519.8
53835.4
72662.2
53383.7
44221.4
48105.1
51478.2
49626.7
54791.8
50935.6
55092.1
62677.8
54328.1
54986.3
58985.2
52660.4
62662.6
57756.4
46073
38775.4
59549.6
57118.5
44958.7
64454
53233.8
41173
59494.2
53460.2
46326.3
40342.2
58371.1
48324.1
57890.6
62659.2
43931.3
42300.8
55688.6
35677.2
41745.3
49769.8
32469.9
41568.2
52545
38105
40472.8
55855.4
42562.2
38269.2
56562.8
43425.9
49835.3
51628.1
34421.8
30249.6
57591.6
53422.5
72143
47905.7
37411.8
52650.8
50746.6
46977.7
69528.8
81653.4
37706.4
47099
60965.6
58407.9
42916.2
30911.2
43802.7
50298.5
63192.6
35989.5
43997.4
45144.5
53949.8
61315.7
39196
45328.4
45729.9
35597.6
58436.6
52498.2
56562.1
56446
52037.8
39143.2
32709.8
53022.5
84880.8
43464.2
50986
46078.5
37954.8
58171.1
63271.8
59991.4
37165.4
43389.7
44626.9
39328.7
52143
51446.2
47860.9
54318.8
44071.3
48562.9
39184
39698
44671.4
42786
38230.5
36703.7
71328.6
53443.4
38828.2
52323.4
41760.9
37151.8
46092.6
53033
30883.2
32104.7
34214.9
36515.8
48398.4
44480.2
49167
47772.4
41651.4
44222.4
37703.6
53800.6
33091.4
37214.9
33122.9
41987.4
39367.8
55796.8
44446.9
47448.1
36045.8
45459.8
47803.4
56106.8
51079.8
68238.1
52396.7
54109.8
59569.8
55039.5
59510.3
49684.2
53788.8
49024.8
50809.3
59058.6
40382.1
73745.8
44210.6
44542.8
55741.3
31241.8
60367.1
52014.9
49222.5
47651
38167.1
41970.3
63531.5
56324.9
36265.4
46802.9
64176.8
32885
31721.2
48667.9
53149.4
62655.6
51940.8
40362.9
28558.2
38433.1
61114.4
51162.4
37473.9
54471.5
48132.8
37137
54003.1
53929.8
39301.7
44548.1
58926
49301.2
28156
44557.4
58998.7
37313
60362.9
37639.4
30728.9
42638.2
54871.9
33237.4
46063.6
50187.8
43983.4
53289.8
43303
44676.4
67175.7
42634.6
40795
44851.9
51100.4
40315.6
59993.1
40422.4
52548.3
41691.8
62432.1
46838.3
54420
46901.9
58683.5
48821.2
62185.1
44586.5
65358.5
68203.3
66595.1
47824.5
62673.4
35071.4
60019.4
71886.9
45997.6
71136.3
50969.6
62525.1
56998.5
53059.9
79677
67453.3
52962.8
39109
68626.6
66971.7
50131.8
75181.1
55047
60688.6
63470.2
67961.8
63415.5
60468.5
56467.4
48704.2
31793.5
48577.8
51669.8
69210.6
77976.3
51854.2
48603
58729.8
50608.7
54996.8
57541.1
55176.7
50070.7
33166.6
46840.3
55812.1
44727
58909.8
56309.7
36227
53682.2
37435.8
53759.7
42997.8
69509.5
47429.6
48624.7
61414.2
61514.5
55440.6
64514.7
50597.1
62597.1
43001.5
36764.5
40104.3
46585.6
57499.9
50932.6
48093
49125.4
32933
63733
77820.8
57970.9
60714.2
51735
40312.6
52467
47871.6
54408.1
71517.9
76659.4
49821.9
70386.6
70831
53053
54082.2
55110.1
43640.1
40646.7
65186.6
43331.9
54431.9
67084.8
66237.4
36958.3
37009.4
58553.3
52973
54460.2
63559.7
48656.5
35643.4
48203.2
30977.3
46619.8
70178
61986.1
56046.2
35405
32539.6
45306.7
56913.5
50235.1
52726.2
49423.2
53996.7
58435.3
36216.4
57882.6
60661
58373.5
63791.8
48297.3
29729.5
55161.1
63014.2
50232.3
49338.6
48126.2
42648.6
51401.2
75457.9
38116.8
28770.6
68260.8
56652.6
38544.7
55686.6
44660
59665.8
66781.5
42475
59375.4
59731.6
31311.4
54849.1
44768.6
42017.5
53567.4
54134
41563.6
45029.2
33836.4
44479
34352.6
60416.3
34958.4
41757.1
70382.2
40123.9
47493.6
55936.8
45555.8
43444.6
54179.2
28516.2
35367.7
46179.8
40765
37309.3
39677.7
44614
36976.6
46421.6
55244.5
46661.6
44593.2
46779.9
53313.4
66146.3
49864.6
45740.3
56876.4
40118.7
51302.3
58614.3
38223.4
45266.6
40960.6
48482.4
58583
48698.9
51499.3
44396.3
41225.1
40694.2
46848.8
38419.4
51242
52907.6
50871.1
47115.4
59436.6
49999.3
46350
39874.7
44246.5
54822.4
47157.7
63134.1
66069.6
47875.7
42334.2
39280.2
41179.4
73712.9
49457.8
45220.2
45403.4
38143.7
55892.4
38064.3
53678.6
50225
56820.3
46143.2
36643.3
45695.9
38338.7
29704.2
63192.9
43394.9
29044
48446
39464
41126.4
50886.3
59772.4
53472.5
60692.1
34657.3
52983.1
54064.6
42436.5
34054
37134.1
41609.9
51957.4
69895.6
49776.7
39090.4
72907.4
55541.8
38444.4
53609.9
69712.4
50165
54891.4
51265.4
68114.4
76391.8
45526.2
47060.8
39509.8
53370.3
42343.8
45262.2
51763.3
51014.6
50196.6
48002.2
39977.6
47218.6
40461.2
61348.6
48957.6
39857.4
45057
64657.4
60681
34434.8
31834.3
62426.2
33919.8
39053.2
40760.8
51925.8
41329
47360.2
50888.8
63260.5
42755.6
37790.8
72007.3
46793.1
54804
46935.8
42458.1
47051.4
39407.8
41040.7
55797.8
59986
53632.2
31497.2
46013.5
41216.6
45606.7
52460.4
51498.8
62844.9
50469
49008.3
57628.7
37985.1
58705
41112.4
63117.1
62288.9
54131.8
50425.4
51517
41203
62273.9
66891.9
63820.2
34226.1
50797.3
48304.5
73596.2
67334
57303.5
64425.3
52363.8
44129
41949
76883
64609.9
62739.8
41145.9
62918.2
57568.2
65348.1
72997.9
72179.5
64317.3
52480.6
41175.2
49774.4
50223
61144.2
55963.2
47520.2
50683.4
56009.7
71513.3
51780.3
43638.3
42351.3
43596.4
61015.5
54636.6
62083.3
36240.2
42044.1
49643.4
63374.3
57372.5
36454
41955
58205
32297.6
36231
33178.2
53663.9
42608.5
46094.1
51359.9
41080.7
55657.1
54001.9
36817
46653
43170.6
34059.3
36823.3
48301.7
36352.2
51266.2
45973.8
25034.6
35544.9
53621.7
33658.5
45929.5
38838.9
49535.4
52523.5
41435.4
45337.6
54119.8
42123.9
48358.7
37560.6
42515.7
30398.6
55628.6
49623.9
51591.5
49567.8
52986.2
54872.7
46309.4
62267.4
43668.2
52868.9
61274.2
41712.1
52449.6
45013.7
50889
33632.9
40328.2
40716
37172.7
41751.2
40727
62293.7
57719.4
38171.1
51995.7
57642.2
51165
48267.4
69930.8
56377
50959.3
65418.1
39818
64197.3
65391
58976.5
66620.1
49512.8
53343.8
48643.6
55535.4
46753.4
54223
32925.6
45251.6
46576.3
54654.6
47637.3
61655.8
43927.4
42359
50835
60838
58583.7
39947.4
51901.6
43704.9
36595
29575.8
50463
45187
51005.7
48036.4
56085.9
54514.5
74238.2
70465.4
43869
40305.3
35634.8
40722.4
39210.7
59845.6
67505.2
58635.8
48503.5
45774.8
56999.3
48594.2
64959.5
56299
41174.2
67676
58075.3
52230.6
59216
58725.5
63313.6
31282.9
39818.5
37216.8
58987
63577.1
57809.6
42944.3
53511.4
45249.2
37314.6
59050.1
56026.4
43884.7
45192.1
33008.3
64788.6
70219.4
44229
44054.9
65856.6
73817.4
49135.8
50002.1
40490.2
41466.7
50790.6
59654.1
40746.2
72231.7
38295.7
50519.1
59258.6
74503.4
54622.1
64590.2
69324.3
47692.1
45659.4
42689.6
67978.7
45588.3
48640.2
39069.4
38068.4
50256.7
43814
59628.7
48629
46629.3
44625.4
42700.6
32983
52945.1
59455
50950.6
56684.2
55899.7
34979
65381.1
35937.5
65202.4
69045
43711.4
44295
57979.6
48045
47829.4
45561
66242.8
50718.2
58138.9
46151.7
59239.8
55785.6
50447.4
45317.8
44992.6
33000.6
34945.8
65569.5
35164.2
59358.9
60773.4
40803.2
35679.1
70889.9
57584.3
37465
47928.4
39953.5
35079.7
62215
63085.4
50408.5
35202
48061.1
44252.5
49106.5
57315.3
70102.8
62537.2
45913.2
48870.4
37822.2
72175.9
48803.8
59734
38304.1
44187.9
51266.6
45515.8
52070.2
61850.6
45900
46520.3
35732.7
39007.2
65740.6
46887
64581.8
69668.1
58886.6
58809
61324.6
82807.9
45561.7
53222.4
62008.5
62430.1
50157.8
50727.3
52393.5
41859.2
50914.2
53328.6
54293.6
68659.3
51709.8
52732.7
45224.2
57507.1
37199.7
73557.3
62460.7
67190.2
69885.4
54779.6
39555.4
63647
54830.7
53704.6
73782.9
49544.8
47676.6
44519.8
61245.3
58842.6
57895.1
68391.4
57377.8
37809.8
47172.7
68791.6
73551.3
45436.7
66027.2
46052.6
51781.4
43966.8
57779.8
60331.5
72162.9
50665.2
52601.7
49149
64037.7
67795.5
60891.4
42829
44873.7
47279.2
58423.9
43336.6
65018.1
38521.4
53113.1
38215
63666.9
56471.5
67781.1
59089
53885.9
50873.4
34362.2
60264.3
56693.9
51107.4
40005.1
44215
60043.6
43361.6
65456
67599.6
48588.3
52454.7
36963.3
38564.6
45217.1
69327.3
64377.8
51230.7
61266.4
57065
63969.4
48905.3
44417.1
51300.8
59365.6
40632.5
60477.5
58957.3
71122.7
46966.2
63765
38883.1
53263.3
46402.5
71564.8
48071
43146.3
49066.2
40697.2
59760.2
47626.2
66800.9
54949.7
51497
48015
56985.4
41476.3
50396.9
45436.6
62245.4
41429.1
46869.8
49624.2
54708.4
53332
73099.6
52002.6
59248.6
65696.6
61204.7
41126.3
69915.5
38830
37999.1
42787.8
62726.6
37401.8
63328.2
55219.1
44210.2
49309.7
68966.8
52360.9
35169.9
35488.7
41270.6
56297
49105.4
66390.1
41049.8
34625.8
34676.7
66632.9
32383.9
43191.6
44454.9
38722.6
65096.4
42416.6
67104.2
41740.4
36240.5
32793.3
46974.1
38379.6
49177.7
51139.6
58285.5
27411
30711.5
61491
54448.4
58603.6
62329
44928.6
44803.5
52120.8
44665.4
51043.9
48127.4
51237.9
55015.3
46232.9
58769.3
50972.8
69195.4
44202
64859.8
45990.4
63148.8
41252.3
58984.2
48611.9
40518.9
50614
54271.8
36928.4
46810
41317
36615.8
42694.6
47413
59443.5
44187.2
46124.6
35957
65797
54033
78704.1
37342.7
50559.8
46934.2
39085.5
54862.1
68815.7
55699.8
64256.7
54663.1
56151.3
45269.8
61023
51406.1
60024.2
72452.5
43959.4
49778.4
48008
68829.3
49813.5
55170.8
49651.9
55496.6
46035.9
59217.4
46801
46142.8
42537.8
42869
77983.6
61578.4
36086.6
36279.4
39412.8
47860.7
57991.8
60026
37212.1
38662.5
23618.5
36105
52326.9
51659.1
55370.8
40227
45910.1
47373.8
54283.1
55813.9
44258.1
51206.6
48313.5
50683.1
72275
35723
54820.4
38793.9
48325.9
31536.5
75025.8
47882.6
39934.6
39346.2
61203.8
43417
46643.1
54148.2
38985.9
48375.4
51205.3
39884.4
53499.4
45242.5
51324.6
47303.8
39552.3
44773.2
60690.3
61948.1
70375.6
34887.3
48351.9
44476.6
54422.4
42755.6
49045.7
31352.9
50369.1
41095.8
47778.2
42327.4
41363.6
49237.8
43407.1
35413.9
44948.3
46425.4
58742.2
42697.6
41155.8
43149.3
37940.3
44745.8
53045.3
31769
53221.7
56727.2
61335
57349
53860.2
62499
44382.6
57195.7
63182.6
44365.9
44351.8
53604.6
47771.1
48227.8
54808.1
34753.9
50991.3
42643.4
61308.5
61191.9
45316.8
46019.8
56511
52669
42155.8
34455
53415.8
55645.5
42773.3
43698.5
34593.2
56652.2
47801
30311.6
36775.1
41912.9
34941.2
34802.1
46262.1
42991.9
54987.6
41423.3
49879.5
60001.9
39045.6
71264.6
41667
39912.5
45135.4
37183.1
42409.9
28235.8
47185.1
46334
65529.4
50734.6
43480
62066.4
52642.6
79525
62417
55227.5
35049.8
39128.4
54900.3
65334.3
53895.1
44276.6
38587.5
46611
46201.7
48235.5
44441
56840.8
49535.5
43257.1
45265.7
52522.1
46479.4
27206.6
39542.9
56480.6
45171.4
62617.7
69075.8
48318
64368.6
47758.6
45702.6
25002.8
45142.5
51600.5
51839.9
35224.6
50912.6
51388.5
45135.8
71311.1
43226.1
41943.6
52219.7
43473
42423.8
69316.2
44219.5
57787
29107.9
59505.3
55623.7
48163.4
42778.1
52548.8
61279.6
47107.5
56434.9
39036
55011
43161.4
30560.6
50523.9
67215.2
56474.8
59221
33722.8
28343.3
54738.9
41351.9
55518.2
54457.8
56139.8
46746.2
49800.2
56387.3
59500.2
63633.9
61953.6
47553.3
58439
79249.2
60093.4
40542.6
72134.6
59925.6
67759.4
56560.3
42093
44537.2
73364.7
41731
68080.4
67987
56443
49674.6
50953.1
60940.4
49542.8
45007.5
32806.2
34803.2
47913.4
69683.3
42582.7
34142.9
53143.8
44645.7
48887.4
47630.4
36110.5
47269.7
60351.6
80279
43626.2
44838.9
49049
51524.3
62907.4
57052.6
50591
41092.1
43571.8
48654.6
63700.4
49783
38988.1
54700.5
47894.2
43583.2
52262.8
41373.1
52444.2
58407.1
48980.2
37299.9
49711.7
51213.9
67428.4
81187.2
51212.3
60759
44235
46292.7
30331.3
47555.2
54568.8
35556.5
49108.3
70420.4
50019
55760.6
43135.4
39932.9
56792.2
50051
43188.1
58837.8
48557
54431.8
50857.8
54635.8
47551.7
50076.9
47898.6
43903.2
29630
42382.4
56673.4
66448.2
52919.4
24007
49881.8
24856.4
38900.9
61866.3
50458.5
45581.1
55773.1
46720.2
55198.2
62115.6
58519.1
65626.6
68063.1
42912.3
53461.3
44022
44373.7
61305.8
49045.8
64070.1
55636.8
60806.1
84789
59033.4
46651.4
70344.3
48193.8
57243.5
57114.5
46003.6
46228.2
52534.2
52738
49226.8
50286.6
70205.8
56359.2
39116
53987
52368.5
43114.6
35369.4
45688.7
48346.2
43792.6
51829
77296.7
53063.8
38095.8
50104.2
40547
28658.5
56221.8
57060.9
42494.6
37601
45820.3
36931.8
52211.8
54341.1
54247
60890.9
53302.2
40127.2
34214.1
41471.7
48561.4
63154.5
55724.6
68157
47591.8
37887.8
31295.7
64676.9
56914.1
55422.2
55359
54020.2
39716
53689.8
47770.8
50739.2
38547.7
53253.3
64095.2
29899.3
75420.5
50061.9
47991.5
54407.4
72428.8
55365
51780.7
44179.8
67556.1
67871.6
46732.1
45748.6
59197.3
65742.7
47539
67738.9
45078.6
46002.3
60304.7
54271.2
60804.2
60131.8
71563.8
51341.1
36936.8
39030.1
63572.6
52222
49324.4
44517.6
50649
68683.6
40384.5
46789
48551
43995.4
33129.7
47442.8
58019.1
59388
40112.3
42653.4
84631.6
65436.6
38861.6
42710.2
68016.9
54211.8
58711.9
68317.8
66838.3
49938.6
54230.1
63806.5
67165.5
77798.7
51165.7
62457.5
63901.9
61632.3
52793.9
49074.3
42092.9
46687
48561.5
52604.9
71289.6
55130.2
61897.6
59095.9
57119
50144.9
40828.2
57614
53864.6
46602.6
44449
60877.2
32483.8
50845.3
41672.6
58018.9
51445.8
68406.2
42882
63165
56360.7
40921.8
55834.2
47758.7
50641.1
49919.6
48355.7
67840.9
50706.2
33756.9
60623.1
62692.3
47647.6
59269.8
63608.3
49774.7
48936.5
51942.1
45251
60605.3
66266.9
60102.1
37169.9
51889
65758.6
49910.6
67850.9
59050.3
56959.9
34064.5
59019.8
63095.9
45053.5
51751.4
63485.9
46712.4
78239.3
42927.2
56348.1
60926.7
66405.4
59679.4
51656.6
55244.4
50538.8
50887.8
54889.8
58260.4
70762.7
75939.8
73871.2
60978.4
65140.6
60920.2
59110.3
74808.2
53397.4
47957.9
55347.8
50102.5
49070
62237.6
72673.4
61556.2
72681.4
50228.2
75713.7
55969.6
55920
49212.2
57124.4
66816.2
47122.2
62165
70493.2
52037.2
69082
45027.3
60147.5
45742.3
53738.4
46057.1
54154.5
51705.3
39327.1
44408.5
59116.9
33267.8
32661.6
49268.3
52455.6
71766.2
45912.5
35073.9
47600.9
35847.8
54679.8
45616.1
40868.5
65253.8
69894.2
45448.1
37325.9
47013.6
45351.4
66496.2
45788.7
49277.8
45397
49261
68665.4
45837.8
47602.9
55017.1
68151.4
50014
61033.9
59788.9
66468.5
63141.5
56470.5
71497.8
69185.9
56582.2
53958.6
37512.8
57232.4
44406.1
47122.5
65076.6
66879.4
70292.3
57519.3
50101.3
43396.6
66019.7
56175
36447.1
37859.8
47127.7
54613.4
56779.4
45657
63017.3
66653.9
40849.7
43794.4
61891.5
57200.3
47658.9
49401.2
42519.1
45605
66886.5
41861.5
63146.2
66628.5
44500.2
41739.4
39052.9
65677.4
57306.1
38304.7
59356.6
66787.4
50050.3
60918.9
71510.1
36152.8
70441.8
71175.4
42911.1
26905.4
38063
50384.2
44918.6
57736.1
48009.4
42456.4
62007
42843.8
27596.1
46318.8
39098.2
39879.4
68259
41393.8
60420.1
25757.7
48205.1
34113.1
46119.2
44183.4
58024
75860
48230.1
44987.2
48406
52481.7
51080.2
44580.5
45604.9
47483.1
51347.8
41458.9
47184.6
72011.9
47386.3
51121.2
50992.6
47299.5
69165.9
41937.8
60543.9
67092.2
35221
70555.7
74634.5
55727.1
47091.6
44371.7
61156.6
55335
51526.6
47768
36620.1
58231.3
61305.1
34526.6
49071
46451.8
54136.3
39760.6
63594
58042.7
50264.3
68613.4
58136
41453
43603.3
52449.8
58621.7
46312.8
44278.3
69638.6
36777.9
70270.2
56780.7
62489.2
55965.3
53498.6
39287.2
47069.8
67240.5
49520.8
54925.7
54984.7
59987.3
50382
69721.7
54740.3
61064.8
37255.6
49224.9
47261.1
52775.9
49657.4
46276.1
48025.5
56315.2
35059.8
50615.4
36835.4
62541.9
55217.4
41787.6
38321.8
61440.2
33330.8
41055.8
47914.1
55471.3
45350.6
54380.8
42358.5
32231.1
43523.2
44830.8
72428
35023.5
58907.8
29321
29996.2
53303.9
81920.4
52299.1
34730.9
37556.6
56557.4
43619
51911.4
50689.4
42517
44387
38995.1
35584.9
39147.4
48643.5
38835.2
42196.2
46171
54599.2
25243
40383.2
31789.9
65806.5
50325.4
53732.3
55593.4
44322.9
54881.6
46327.7
48300.3
48866.6
45841.7
50097
73999.4
68770.7
58903.5
55668.6
54282.2
44089.2
71995.5
67273.8
62753.4
38616.9
45737.8
37553.8
45087.8
56556.8
67100
50572.8
33674.6
38053.1
47288.8
65782.4
44819
44840.2
54338.7
37152
57125.3
43868
79274.2
43756.1
72023.4
61630.2
55998
49806.7
52057.4
52018.3
65446.9
36590.5
57765.8
61630.2
50356.4
59746.2
58328.2
39895
35359.5
51641.6
59867
55631.1
83826.8
53987.4
47437
41960.8
73576.3
46191.4
45727.2
41505.5
52628.9
67715
61657.8
44325.6
45234.2
50544.6
58066.3
72024.5
70103.7
47978.6
47329.1
40621.7
46124.9
42973.1
50061.1
60053.5
59799.3
62056.3
82206.9
42550.8
42265.2
62649
39148.3
57542.7
67011.9
33152.5
37116.8
34495.7
44301.4
54204.6
41418.8
52750.1
36212
33092.7
55091.8
43851.3
44903.7
50883.2
52744.5
67064.8
45660.1
62257.7
51109.5
42901.7
51385.5
48401
50288
28551.8
54191.2
33072.3
64197.4
66923.1
37604.8
58002.2
59539.2
54224.7
52005.9
53340.2
49854
56870.6
65327.6
48362.7
53537.7
31017.7
52756.2
43491.1
46826.1
41094.4
43482.6
48971.8
53258.4
58562.6
45453.8
43988.4
57110.6
75718.1
42433.4
39590.5
49699.8
55204.7
48570.2
67570.6
45657.4
50831.9
38754.6
48118.8
47383
43843.8
33277.2
37940.1
54387
44093.4
33327.4
66797
52191.9
39717
40743.1
37181.3
53657.4
46813.8
38078.7
33959.2
53723.7
52840.2
56618.4
59400.6
44462.5
46388.7
57733
59627
43904.4
57553.7
54775.4
69142.1
48545.5
62193
60441.4
64408.8
50730.6
54104.4
44897
49009.8
65250
57965.7
52225.9
42496.3
48840.4
46721.3
52372.5
53178.2
65742.1
63879.5
55583.8
48307.5
64617.9
53220.9
51590.6
50079.8
60191
43445.3
62561.4
59191.2
60454.8
34596
62452.7
68183.1
68347
58403.4
46333.7
49925.1
64187.2
47310.2
52134.2
82717
50291.8
43508.4
39939.8
59541.7
34132.4
65337.6
73827.8
53996.2
71595.2
44019.5
60700.2
58141
60842.9
48332.5
74021.5
45045.1
65715.8
54798.6
40845.9
53597
38501.4
55240.5
68697.5
51168.4
55071.8
51575.2
57798
59881.6
49680.1
61266.3
37423.8
49966.8
58541
49173
59132.6
48447.6
42198.8
48725.5
43163
43814.7
55328.9
55978.5
51310.7
52970.1
50335.3
33149.9
53436.6
50079.8
42345.7
34661.2
50792.2
34680.3
61831.9
55384.2
49545.1
69060.3
46682.7
50202.6
55609.5
40174.7
56593.4
58856.2
46628.5
60832.3
51231.8
46439.2
38950.2
48442.7
48821.6
42688.5
53503.9
34255.4
49612.2
58112.1
41788.6
66935.9
37536.1
43354.6
47143.4
44551.6
56951.7
44718.6
44668.3
58311.7
77996.6
48748.2
40056.4
36222.6
39302.1
27233.9
53757.5
61165.8
46613.1
57082.3
48170.6
41437
38211.9
53343.9
57427
69398.2
40216.7
55109.8
69343.4
42495.5
43965.8
67536.1
67489.1
60652.6
64979.6
52248.6
56835
64537.9
68104.1
84525.8
50287.8
70381.7
60800.7
75092.3
67473.7
53567.7
39518.6
69243.8
57874.7
53499.6
50419.9
71406.9
67418.4
53891.4
50005.2
47162.4
56426.4
43567.3
36823.3
50243.3
50389.7
48789.3
50306.6
57131.9
60886.1
63369
55364.6
29135.8
38963.7
53833.3
47636.5
49693.3
62645.9
44906.2
50036.6
44189
32277.8
52709.9
44367.8
44815
32821.3
53168.2
33900.6
43716.2
42678.9
53229.6
59573.2
50054
56504.3
50778.6
43270.8
49870.6
61258.2
75148.2
61019
56627.4
62980
54167.6
68391.8
46823.1
58588.3
55014.7
44057.9
45245.4
58212.7
40924.2
53566.7
49364.9
52395.8
55479.7
49486
40692.5
62489.8
54228.5
45726.5
43415.3
42207.8
49605.5
52703.5
54479.7
43601.3
40499.7
45838.9
41528.2
40492.6
40879.4
54499.7
37314.8
38654
39167.2
42636.2
40009.4
62556.2
47990.2
34896.3
60476.8
49411.6
45470
43329
28871.4
57344.6
37660.2
69269.8
42316.6
65367
45776.7
45649.7
32927.2
50274.5
57502.3
62450.5
52215.2
48890.5
49728.2
44167.2
63993.8
49238.2
39997.3
44875.3
56768.1
39694
59012.4
43310
41477.3
48558.9
50713.2
57037.4
52517.3
36572.3
72534.8
47270.7
60802.6
39359.8
60601.1
62407
41334.2
46875.8
50710.5
60273
44180.2
45230
44735.7
39205.7
43940.6
39644.4
54449.9
45857.9
50760.6
27349
59987.3
39257
42847.8
43557.4
54530
56870.9
41673.4
54134.6
50116.1
53140.7
42099.2
43895
48895
41543.6
55787.1
45046.7
38122.4
48547.7
63146
60472.8
32499.4
54685
59862.2
53035.7
57808.6
66264.4
43474.7
41051.2
50249.3
48157.7
43974
59956.2
60843.9
57418.6
40845.6
44991.1
49115.4
63599.4
41538.2
47543.3
57071.2
59696.8
49865.5
70141.1
63386.4
48565.1
64650
42545.5
55455.2
52150.1
47356.9
56656.7
49947.1
55210.7
72894.5
40778.1
44001.4
52363.8
51300.6
49903.5
40163.4
40266.4
65360.6
62099.3
53692.8
41390.7
64494.5
39032.7
50006.2
39664.8
55390.2
50634.8
47121.6
48855
49678.9
50694.3
49162.4
61211.5
45633.7
50793.8
57960.2
47074.1
50391.8
49728.4
57670.7
26135.8
41607.3
44874.7
38665.4
69978.1
67950.6
36324.6
32624.7
38121.3
54487.2
61828.7
54863
45449
71334.4
37619.9
27450.5
62601.4
44178.6
38032.7
56164.9
25652.3
47316.6
31573.3
55805
41351.7
54708.9
54584.8
50232.2
45170.4
67421.4
40691.6
55679
46101.3
44707.5
40687.4
80019.3
51163.2
46669.8
68181.9
47539.8
35144
52125.1
61188.6
47472.3
56337
42714.6
52563.8
43705
47488
57622.5
47162.1
40855
47810.6
41489.5
42354.6
38084.7
39288.1
36044.6
47430.5
52504.8
54676.4
38376.2
58544.7
42970.7
26295.7
32996.6
37061.4
72154
57200
39976.3
33897.8
56910.5
48239.8
45679
49298.4
56912.3
37284.4
36743.9
37203.8
59192.5
69548.3
59431.4
62060.2
30949.7
45168.1
55073.3
77511.3
53084.9
56736.3
47479.1
61035.4
46727
35669.9
51886.7
66493.2
45011.6
39993.6
74630.3
53122.8
65314.3
68482.8
47379.2
61728.1
47573.3
73988.1
50364.4
49202.5
47754.6
61152.9
40994.2
44151.7
76922.7
59965.8
35098.1
52119
62609.9
70781.2
45630
44995.7
39558
46326.1
59521.5
46480.9
46773
36459.8
54455
57769.3
48954.6
50063
38221.3
55688.3
61762.1
42604.6
49060.8
82149
56646.5
59971.4
48173.4
45843.8
49112.8
51665
48910.2
57963.8
56240.5
50672
40514.9
43361.6
49992.2
35295.3
51371.9
46528.8
60439.5
41123.2
38655.4
54991
60050.3
47040.6
66901.6
50345.3
37342.6
38992.3
48796.3
39835
58449.1
66585.7
41639.4
59781.8
48084.4
58938.4
54214.7
50492.2
49701.9
55398
35916.8
68011.6
68262.7
47869.8
39628.2
53942.2
43881.8
63015.5
56192.5
74640.6
57003.7
59670.2
58128.2
47868.2
47239.9
50452.6
47837.2
71547.7
47665
55195.9
77598.1
49944.6
38583.4
50478.2
56005.7
38888.6
64667.4
70532.6
36334.2
57334.4
43553.2
55485.3
50001.4
43387.5
52910.5
39160.1
48697.3
46014.9
57837.3
42846.9
47792.4
75156.6
37263.6
54482.8
50733.5
48791.7
42354
55803.3
51404.7
48009.8
39405.3
48799.1
42457.8
52739.4
45273.1
51301
57745.6
36840.4
43726.6
33594.5
63608.4
41081.8
51705.5
64540.1
42131.8
42110.2
46756.6
53736.4
53490.3
44492.2
61402.9
55046
59663.4
63231
45518.7
37428.6
49882.1
67632.5
76076.4
42779.2
70512.2
51563.2
48953
41636.6
63712.5
55383.1
65314.8
52107.8
51119
40048.4
63410.5
57980
54877.5
54455.7
58913
65961.2
49757.9
52928.2
60385
61278
48823.9
59845.6
54544.5
44002.1
44347.3
52054.6
39496.3
59402.2
54748.4
65825.7
44678.2
54448.9
48507.9
61093.7
55523.1
47309
55342.5
46561.4
47149.4
40351
51729.3
36950.2
65980.3
60064.6
45976.6
64256.3
35288.5
42267
50865.4
52448.6
57345.4
50364.7
55416.2
64699.4
55833.5
46431
52157.4
50541.3
65056.6
60499.1
54736.6
44822.3
51256.6
61221.6
48816.6
52411.5
46077.4
41544.8
44615.4
50950.9
64704.9
66167.1
47948.6
54493
53559.2
47993.4
52692.4
35741.6
40548.2
52546
63151.6
56303.6
68680.3
42818.8
47133.3
66918.5
42159.3
62189.8
57077.3
55043.4
71933.5
46837.8
73764.8
62324.8
57793
58355.8
61118.2
34034.9
64980.6
61959.8
62166
61517.8
57201
62445.3
68909.2
63659
68025.6
57445
61225.2
40729.5
42863.3
46043.6
47872
65009.9
51058.4
52601
50164.8
63872
55914.6
66182.1
57593.8
76364.6
53127.6
71895.9
49005.8
60873
44008.7
34106.3
56247.1
61491.6
51138.2
46657.4
54098.6
58239.3
47226.6
47161
56716.2
72621.4
61171.8
52048.2
49047.7
59128.5
55752.2
57340.6
47103
42571
48438.9
51271.6
65055.7
60044.2
44010.7
45416.6
50774
52654.2
63364.2
55643
51071.8
65746.6
49135.6
48526.6
47893.5
62732.1
49766.5
47573
52242.4
55618.2
55335.3
38161.5
53093.9
55023.1
43080.7
45690.9
56827.4
44325.3
65086.6
54015.9
50492.5
41174
47107.4
45944.1
59682.7
56176.5
64051.7
42279.5
43036.6
46452
54342.2
68832.4
44479.1
51664.8
61289.3
60429.4
65876.4
67791.1
53280.9
50902.2
38940.2
54233.4
53874.9
60372.4
47273.8
58569.8
52794.7
42160
56183.2
54310.4
52146.7
52555.3
55862.6
39102.3
50346.5
47609.8
49599.8
53233
51206.7
33557.7
34389.4
44104.4
46583.8
42657.2
44269.3
52911.4
50525.8
57043.4
50483.1
32960.1
40378.2
54267.2
42817.8
63158.9
31742.4
39757.3
34985.8
50595.8
50281.3
61381.3
28321.1
40154.6
61988.8
74404.6
37205.7
39485.1
41601.6
54310.7
49270.6
51798.7
52230.6
70364.6
42193.1
45684
55889.8
65758.8
78315
58574.5
48732.8
49726.5
40802.6
50176.3
71682.6
63864.9
47366.3
54491.9
61236.1
48767.8
61581.4
61234.6
51368.4
51701.9
58938.5
42868.3
68841.8
42283.1
54667.4
60949.1
47398
65730
66957.1
85326.6
57017.3
63353.4
52751.4
47179
59153.1
52225.2
68941.9
47943.5
76940.7
61166.7
43540
46123.3
59824.3
64661.2
57988.6
57961.8
62934.6
43016.3
44887.3
72179.9
48100.6
70501.9
46382.8
52629.8
65894.1
64469
53844.6
47278.3
51727.3
33296.2
51193
60892.9
59423.4
68407.8
44293.3
51942.2
42402.7
54072.6
63604.2
58005.4
55641.9
38500.1
34733.2
46013.1
63424.1
56653
62750.4
51021.7
34889.9
45274.1
56369.7
50529.7
36707.8
69676.5
46028.8
68935.2
63855
56964.5
40188.6
47421.8
48129.7
44074
58737.3
59517
57151
48776.3
48814.3
47088.6
46502.4
66487.7
35096.2
61994.8
60269.5
40046.7
52049
44461.1
49777
76310.6
65562.7
50816.2
49124.4
52620.1
74220.1
84790.7
71149.5
61053
43854.3
48655
63290.2
80331.7
84013.3
75586.9
59555.6
63054.2
69329.4
52960.9
58036.3
67909.1
70099
39327.5
50810.5
45057.4
32366
69752
48535
54388.2
36849.2
40741.6
57134.8
57310.5
56776.5
30447.1
48718.6
36007.2
46113.9
73447
38451.7
29903
52120.2
49721.8
65421.9
41676.1
50109.6
46572.2
42765
65802.2
73720.2
71501.4
48156.3
42936.9
47007.8
41941.3
40537
73833.8
38489.4
46662.4
49249.8
41918.4
58819.6
51584.7
61844.9
72875.1
42502.9
46511.3
58733.8
57839.8
48769
54025.6
36542.8
51867.4
53548.6
57247.5
45123.4
48950.8
61779.8
38813.5
70946.8
57377.1
53887.6
43627.4
38366.6
51430.6
59780
54674.7
51662.9
43124.5
47483.3
64402.5
46617.9
45610.2
60885.1
49990.1
66401.7
64180.1
53196.6
57988.5
64350.7
65909.8
50587.8
63183.1
54760.9
55265
43931
65358.6
57716.9
46947.2
41146
68299.5
44486.2
37747.1
54453.7
67751.8
36687.6
37900.3
51134.4
42511
50810.7
45651
79230.8
43057.2
41535.2
58109.4
43931.4
54299.7
49304.2
70957.5
68104.6
46791.5
65499.4
48464.4
50243.6
52925
67092.1
55057.5
47139
35826.9
57764.6
58812.9
38620.8
37071.3
65845.9
34952.6
59660.8
62769.3
55158.5
54445.8
54206.2
61400.4
38573.3
52409.9
53134.1
45488.7
35414.9
56231.1
45635
63384.2
71059.1
61809.8
34583.4
54142.8
48251.7
41972.8
43754.9
40198
58700.3
48399.3
42040.1
69887.4
48857.8
46907.8
49904
47942.1
73504.8
38865
56116.8
31852.7
53439
40452
35424.4
33695.4
46102.2
32996.5
61238.7
41562.2
54599.5
49095.2
42191.1
60913.6
43087
52044.7
41221.2
35881.4
40272.2
49195.3
40999.7
46917.9
46399.8
55557.1
55903.2
35217.3
38121.6
56627.6
46355.4
51566.2
43081.7
50387
42580.3
42401
43598.6
50828
38247.7
34686.3
53204
54093
45044.8
30913.8
45991.2
35794.6
30807.1
61799.1
38710.5
51987.1
42641.9
48722.6
46149.8
47792.5
37090.5
48652.1
33857.8
51258.2
27925.5
47151.1
40740.2
51021.3
66473.8
55991.2
51594.6
41129.7
44012.2
56019.9
50941.6
51698.6
44037.2
39829.5
44573
46437
45034.6
44814.9
46751.5
66713.3
45799.4
34664.3
35911
38710.2
51561.1
52841.3
33954.5
41218.9
49214.1
35020.7
53679.8
37459.5
53469.8
57384.6
55199.2
60815.8
54698
42444.2
35469
69714.3
41723.6
49872.4
46243.5
53493
40539.4
50832.6
47452.6
33197.8
34669.2
53746.3
48087.4
65560
61572.4
61532.1
45563.5
33092.5
52207.1
61184.2
48655
53261
55828.8
49688.2
39899.3
43077.6
52730.2
48060.6
62968.9
37501.3
45456.6
50740.7
51610.2
49707
71617.4
55105.4
38537.2
46674.9
41014.6
60990.2
33473.4
54213.4
39254.6
39355
61504.6
56983.6
55280.7
62086.6
46594.8
50088
50920.6
58368.3
37779.8
50109.4
40359.4
53220.4
47488.9
51872
56531.1
74627.9
32870
32422.2
48328.2
52956.1
56967.4
64258.9
41992.2
51447.5
43991
34896.6
59848
46466.4
52957.3
59333.8
60525.7
65999
39974.6
53411.9
61115.3
42687.5
47234.5
48821.1
44001.9
41462.2
41254.1
64698.6
49524.2
52774.1
39648.6
38697.6
64307.5
61252.2
46220.1
50682.6
44986.6
48327.6
58447.4
50408.8
48538.2
62231.3
71190.5
63182.4
52268.4
39067.3
49223.3
42569.2
37872
56075.8
32655.2
31691
64824.3
57642.5
40769.8
57118
48581.4
34892.3
39763.8
39283
38373.9
56979.2
43512.9
52284.3
50313.5
73383.4
40067.8
44785.9
36725
53990.1
37489.4
49992.4
58502.3
57913
30898.8
60137.8
43524.6
79659.2
64429.3
49275.2
60071.9
51181.8
55910.5
63447.6
65131.7
43265.1
62997.8
63858
56809.4
58167.1
49891
54810.8
47262.2
74975.4
46191.4
40608.9
44859.4
46761.9
59233.3
32500.7
54362.7
36854.6
34616.2
48488.5
48921.8
44524.2
39557.6
62548.2
45272.4
51792.3
23111.3
40291.3
33452.3
50388.4
56647.1
55908
38773.6
30480.6
47429.7
38691.3
59464
63183.6
36368.6
46424.9
31825.1
63346.7
45398.2
62033.5
48704.3
35035.2
46330.7
40878.2
67619.9
51230.4
37433.9
49044.4
43449.5
45634.5
59681.1
65231.8
44667.4
52548.8
57915
61644.1
52193.7
57060.4
62648.3
46462.2
44971.6
57656.8
58568.6
47330
57960.7
47312.9
54874.7
72976.5
42637.6
42239
67660.2
42567.2
42606.2
67960.6
76073.8
44300.6
64461
52738.8
56303.7
46779
62674.2
67339.4
52439.4
56715.4
72314.2
40439.3
54552
55627.8
69725
40024.7
54671.4
61291.3
68024.5
38265.7
56198.2
47484.7
68056.3
62138
37467.2
53921.7
62652.1
71549
63153.8
51856.6
39145.8
29510.4
39967.4
55485.1
61598
57714.6
54532.1
30369.9
53223.8
54322.6
42765.5
32068.4
37052.4
60972.7
41611.3
53828.5
74946.7
44188.2
64501.3
58094
49997.4
49194.9
60726.1
39332.2
69764.8
65907.7
43229.9
48916.2
67059.1
80520.2
57343.9
52418.4
53635.4
41468.8
70593
40687.7
52476.5
66718.3
41599.6
45299.4
49024.5
50981.8
50266
49585.9
39442.7
47406
45645.8
45792.2
49472.7
38271.9
64329.1
38000.7
38202.9
58546.6
56327.4
38341.7
34228
30179.2
35265.2
45869.4
52170.4
69388.1
36174.1
56860.6
46040.2
26383.1
54808.3
48693
53513.4
69928
60911
55904.6
39053
59211.6
34752.3
46059.8
32494.9
39494.6
56668.3
57949
78642
61624.3
52455.2
50135.6
40512
37086.8
55646.9
37282.7
75712
47869.6
44829.7
82572.8
58557
62708.8
28764.8
53831.3
56320.5
58704.2
68443.4
49806.3
52738.7
45210.9
37106.7
49166.3
34022.2
65811.4
61785.5
35660.5
34804
57927
45626.1
48906.2
30067.5
33927.4
84714.8
79063.7
56409.3
59934.4
45197.7
29317.1
72535.9
41525.4
47140.6
59643.7
57194.4
36168.8
60333
62364
49713.3
54931
50780.6
46990.2
52387.8
52064.1
55836.4
43763.9
36691
37109.3
48822.2
63534.5
68481.8
47107.5
50580.3
38181.2
44664.6
62987.3
60019.2
58429.1
50452.2
55308.2
51055
46101.9
62939.1
54220
52602.5
41087
48813.8
48023.1
57037.2
78032.6
59515.3
52504.6
14500.7
53945.4
64673.1
47217.6
61663.2
44751.6
44555
41535.7
50469.9
46258.6
45989.1
60824.7
73521.4
47068.4
40526.3
39011.9
50060.3
53911.4
45512
46455
43702.5
35240.1
28961
33960.3
64917.7
32001.4
42196.8
44722.7
34369.2
29473.1
40694
43790.3
31944.6
41594.2
41501.6
33299.4
49028.4
53770.7
45514.9
32899
59245
40349.2
35337.8
51902.3
50329.4
38876.8
35256.2
57109.1
38110.7
45748.6
45174.8
51911.8
25408
28123.1
49190.6
57679.8
40209.2
47057
45727.5
35653
40134
71705
59223
44521.4
49447.2
37076.5
38243.2
57553.1
43608.5
59993.1
62023.4
27515
58296.1
43633.4
37130.2
61948.6
43604.3
37800.5
48972.4
46203.8
49884.2
44626.5
35701.8
43854.3
35345.8
46881.3
43896.6
50590
40548.6
37478.6
28113.8
41707
35787.1
30698
43600.3
54284.2
38989
40309.2
45442.6
27211.1
35774
48137
42111.6
56280.2
46018.6
53912.5
47952.7
47580.9
44100.6
36747.1
44977.2
54093.8
60475.9
49409.9
65621.8
68569
52113.8
44484.6
59135.4
42867.4
55340.9
59581
43806.2
65029
57456.6
55819.2
68262.7
49875.9
57972
50807.5
52865.4
57187.6
48514.6
59830
58824.9
52673
49165.4
63051.5
55289.8
46350.1
48892.4
70407.9
54412.4
42569.7
52203.1
47624.6
48597.6
38509.5
41584
43613.8
41086.1
53492.6
45930
46748.6
45530.3
54013.1
32039.3
48867.9
40952.5
42121.8
40839.8
40842.8
42005.4
57087.7
53171.2
22688.7
41205.2
35284.6
52398.1
33142.2
40248.5
40810.7
45027.4
48004.2
53899.4
41449
50763.9
65097.8
78269.7
84788.2
58291.1
44492
31559.5
45551.6
60528
48670.2
59915.3
51190.1
29485.8
39314.6
43532.7
48351
56526.5
49027.7
43052.7
28710.1
68860.8
47108.1
49626.2
33901.5
45064.3
41783.8
52559.9
39962.6
41655.7
26800.6
59883.4
42486.6
42117.4
52075
35561.6
43191
43833
41645.5
50816.2
44782.6
34962.6
48798.3
57435.2
53249.1
61136.9
27230.5
42661.6
56043.3
51984.4
62338.7
47074.9
50163.8
39941.2
76931.3
43048.7
62975.3
59853
49514.2
39523.7
55335.3
49979.5
47731.8
40814.2
58215.9
47181.2
49660.2
37168.6
51645.3
67352.6
45923.5
48375
66161.8
58392.5
48946.6
77219
71322.4
36854.6
41344.1
77638.6
53180.5
59807.2
44072.3
56839.3
43473.4
50299.7
52042.6
49374.6
50519.5
49900
54177.2
41658.7
54029
55151.9
72842.8
63305.2
45015
61862.1
46824.2
55199.6
28667
56385.2
45985.8
59883
75601.4
39528.1
39863.5
51733.2
45648.6
63523.4
50095.5
49116
58682.3
46890.2
43219.7
46209.9
51501.2
68144
69005.8
65849.5
37489.5
36428
30226.7
51174.7
56298.2
40629
54152.2
65915
52116.8
58558.3
65332.6
45147
61318.2
67427.8
53145.4
46640.7
61290.6
71675
64101
43122.6
51541.7
51025.3
36210.5
51990.2
48442.8
40229.1
65954.5
42221.5
36705.1
53595.7
55276.6
56995.3
53725.5
50547.3
54480.8
63404.5
51484.7
39329.1
63029.5
52236.2
59580.1
52059.7
52558.5
49837.7
54090.9
62211.7
51002.3
42249.3
61925.8
59563.4
74610.1
38318.8
46467
44267.4
63518.2
68947.2
55011.9
46806.8
57775.9
49531.2
49493
62552.4
35855.4
49762.1
52035
45675.1
52868.9
51276.4
73514
62882.2
34250.1
45829
52685
44071.4
63484.2
77623.7
55792.9
52238.2
52060.6
42592.6
59738.8
40173.4
31793.5
58157
49558.3
49861.8
68166.3
49755.1
47070.9
31865.1
58310.2
48601.7
54267.4
55712.4
58887.3
45725
40501.6
68915.4
43060.8
71581
45846.5
36501.3
53611.4
45918.4
56561.3
49995.1
40634.2
55116.3
46135
54537.1
59483.8
42440.3
61920.4
66292.4
53190.4
49574.3
57337.4
64443.6
50410.5
40127.8
57529
44943.2
41902.8
78034.6
56524
62166.5
62361.8
50550.2
42798.8
53092.6
48415
62947.5
66623.5
45237.8
44867.7
68387
51022.2
69235.4
62676.2
67856.2
58799.7
58407.6
51951.3
74709.3
55161.6
63746.3
59613.3
65862.7
73064.2
70226.2
53888.7
40705.3
60876.9
52482.6
67045
68395.6
73557.3
74567
47700.7
55295.8
60881
42790.3
49040.4
73117.4
59602.6
53055.3
57522.5
46460.4
68175.5
56059.4
61616
62022.6
76171.1
53323
70530.6
49541.4
48443.6
50236.2
52366.8
46105.4
53220.6
48906.1
62922.3
43327.9
49681.7
41908.9
48934.4
36755.4
49785
62874.2
43231.3
47706.3
71861
37930.8
47286.5
61063.4
32122.1
52086.4
58901.6
57446.3
52110.4
35157.1
49791.7
57293
57699.1
37162.2
59503
51080
46265.3
47024.6
48533.4
75769.1
54489.1
41292.7
50460.1
59757.6
28475.8
38631.6
45533.8
69015.8
53345.7
44461.9
47978.2
35982
44111
43233.3
48831.7
62011.3
54159.5
58065.4
49896.6
65536.1
61070.2
66314.4
50954.6
46223
51318.5
38210.2
48351.8
67599.8
53343
54756.4
51482.2
38752.8
45753.8
57307.9
41911.8
46292.5
47074.2
51001.7
51610
49067.2
45583.9
46836.8
44918.2
54910.2
43047.5
55530.2
48764.9
37461.6
52157
58022.6
53651.8
55919.3
49889.7
42834.9
57413.5
59090.3
36564.8
57148.6
56990.4
46831.5
59301.3
57020.7
44491.1
69263.4
52386.6
44683
44363.7
52298.2
43512.4
52673.4
44017.5
53783.6
42463.8
42020
53682.8
39805
40077.5
44511.4
39134.6
50988.6
44854.2
36418.6
36207.5
48355.9
61226.6
47739.1
43005
48773.2
40034.7
54549.4
41704.2
33216.9
34634.6
44259.4
62533
29887.6
43431.3
35450.1
49215.1
52466.5
48681.9
38514.2
48164.3
43957.4
41827.9
47087.7
48159.4
60120.1
59510.9
54473
41143.9
73778.4
53498
56599
44146.9
71548.7
43146.6
69200.8
56269.7
63632.6
42776.9
53185.7
30727.3
60506.2
44306.5
59843.9
50837.1
41482.4
42797.3
45777.5
57827.5
62529.4
66674.6
61431.8
37843.3
53170.5
46934.4
30320.2
49232.6
47243.9
53458.3
59476.4
42436.2
25139
46327.4
58641.7
40203.4
42943.1
48999
32315.2
40778.4
63161.6
26975.4
52837.3
39422.3
43476.2
30700.9
54963.1
41930.7
37045.1
40967.6
67364.6
47923.7
54649.3
42449.3
38537.4
52914.4
43893
46100.1
57643.5
45604.9
41800.9
60417
36968.8
66752.3
49949.6
46349
52729.4
45586.8
55028.7
70702.8
57862.4
46721
52175.2
51389
40847.8
66604
41785.4
51577.4
66118.1
53101.1
53174.6
37434.6
80961.1
62080.7
58327.6
47880.6
61233.9
44165.1
45412.7
60213.6
51811.6
63985.7
50068.6
59065.9
36919.6
38613.2
47313.8
63444.9
46484.6
64388.2
50506.1
43172.3
46001
59874.3
49070.7
43700.4
51441
43295
47135.6
48207.2
37841.8
49553.5
40863.7
41119.8
63314.8
40347.9
43119.6
42244.6
31530.7
45909.8
69758.8
59321.1
41564.9
37924.8
59578.7
36912.6
64022.7
57021.6
51366.7
45535.2
37726.2
44845.5
65248.2
53633
47820.1
49964.4
51069.4
65101.4
55639.2
48615.4
60129.5
52557
38011.5
42652.9
46789
34662.6
51169.2
52873.9
51140.6
41976.4
54233.1
50271
64843.6
55425.7
44042.2
63599.5
46488
65172.3
56671.8
39877.1
57644.3
70371.8
50483.2
53305.2
53169.1
32833.1
69341.4
29466.2
52030.1
49129.6
45420.1
36991.8
43727.7
35531.4
49116.7
48022.5
47898.6
55295.7
30208.3
61799.9
41430.8
46403.3
50803.2
33343.2
37128.5
62470.2
66953.7
55242.3
29753.4
52648.2
32349.4
52128
46589.8
56685.8
33146.4
49138.7
26978.6
34990.2
60144
56760.2
32361.6
56014.5
52276.4
68217.5
64954.6
44774.4
51670.2
51746.9
42763
55598.6
51798.3
40828.2
53825.9
52594.3
39885.4
42704.6
48562.2
73106.4
46274.9
57713
33560.2
57026.6
49297.4
54588.9
50060.2
50845.4
62153
64437.4
48158.2
68216.9
37780.3
58742.6
53216.3
40476
50008.2
68896.2
45326.2
53275.2
35601.4
57287.8
51104.8
41808.2
57606.1
45742.2
52735
52105.1
54796.3
49766.2
42800.7
55934.3
42018.5
56301
55767.7
59327.2
26290.9
65754.1
37627.9
49077.2
51596.9
45590.6
58170.9
49689.6
39169
40525.3
45763.5
38744.3
56165.8
44139.6
57667.8
65868
43755.9
70062.7
55063.6
58920.8
60889.4
42195
41599.9
44548.6
51341.2
62592.8
81398.6
74412.2
54256
48525.4
60099.8
61461.8
52576
66111
47052.6
79941.5
47411.2
64117.8
70874
53227.9
64501.6
78110.4
75969.4
65061.4
48337.2
47329.8
44932.9
66033.9
61463.6
72127
65569.8
46890.6
55439.6
43628.4
59227.5
50614.6
52658.2
38606.6
61800.5
53942.8
46262.3
68602.9
59182
57262.6
49123.8
78874.6
53196.6
62259
70607
58060.3
54133
47385.8
60020
52225
66849.3
66103
40052.6
53001.1
56358.3
56989.1
57122.7
52020.6
59005.1
52384.6
52444.4
57330.2
36019.4
54575.6
40336.7
67096.6
51750.3
49226.7
62804.8
46628.8
50249.1
63428.6
47231.5
66802.9
44321.8
45588.1
61891.8
49876.7
52961.4
57207.4
54400.2
60355.4
40072.6
49717
73481.8
60413.6
57613.7
45984.8
30943.8
47790.3
46360.8
41455.4
51173.1
52772.6
56663.5
42145
58316.2
61739.5
48200.8
45515.5
50553.2
45054
63330.5
55236
83805
59424.6
39381.8
65264
64311.4
47781.4
41606.2
50237.9
76039.4
52881.7
54284.7
47561
46226.5
52055.2
48554.2
43927.2
52830.9
45924.3
47778.6
53705.6
46273.9
42534.6
59769.1
75271.6
34604.9
67507.6
43495.9
37986.2
75435
52537.7
59071
50393.6
41909
44777.3
53761.4
29989.7
53430.7
58729.6
44975
62652
32616.4
39267.3
67035
57623.6
38172.1
48333.1
46413.6
56929.8
72585
54624.7
34897
54340.6
51865
52849.4
62842.7
64612.6
41397.5
72364.6
36480
52006.7
44853.9
50541.9
50662.5
49117.2
58506.1
65722.3
59802.2
51829.9
51562.1
52204.4
70343.7
63924.6
45332
46772.5
48803.9
41229.8
40336
56701.4
43912.2
46098.5
53139.4
46728.3
45743.5
58004.9
53982.8
50420.3
40920.4
50966.3
74410
60114.4
38246.5
61872.1
47024.7
50927.4
55702.9
37099.4
46128.6
57394.3
55495
31874.2
66349.5
52418.6
57508.6
49773.7
65091.6
43097.8
45835.5
45676.6
48991
31953.7
69771.6
68296.2
58699.8
62919.6
47172.5
54740.2
39383.4
62562.9
47496.2
58336.9
33601.1
61072.3
50451.5
57800.9
47599.2
38903
43877
33447.6
47367.8
43154.8
46859.1
59120.8
29428
59519.3
36771.8
42377.4
39482.2
51255
71386.7
75891.8
29957.6
48091.2
49394.6
40325.7
39215.6
71240.7
57550.6
57897.5
53640.7
59505.3
41719.3
47565
49264.4
61201.8
55215.8
48762.3
54908.2
59191.2
48230.8
60247.5
54286.5
49480.2
54563.4
48929.4
64494.3
51852.9
54157.8
43751.1
46905.2
65826
56756.4
48750.7
76012.9
79647.4
48454.1
43508.9
51170.1
64696.7
48099.2
68557.4
59844
49792.7
64607.9
60776.5
69662.9
62235.2
37449.9
62850.8
51137.3
59312.5
45273.5
38212.5
53019.1
68561.7
47594
41814.9
66226.9
62179
56871.5
42352.4
42333.5
32294.9
70386.4
64180.9
42421.4
41051.8
47600
46174
48276.2
68779.5
75803.1
59252.5
68497.8
49972.8
57177.1
54036.4
49497.2
70526.5
40517
45440.6
50717.7
64898
54318.7
49950.1
51737
43874.4
68419.4
49997.1
35103.4
61997
62869.2
66478.6
50861.2
34169.1
53632.6
53048.9
49979.8
60320.7
56758.4
44302.7
41863.8
61906.1
60889.2
57283.6
37141.8
36904.7
61596.3
60276.6
73271.4
56266.1
38693.6
49978
39339.2
56273.7
59243
58289.8
70074.8
37438.6
33584.5
63620.2
65579.2
48807.6
45237.6
43681.9
45281.4
47073.8
47868.9
51475
42875.1
43734.8
47443.5
56914.5
42959.4
58994.4
39120.6
57623.9
68603.9
59420
56397.6
47027.6
41861.1
50836.3
56308.4
58592.2
52278.9
65319.2
47969
44613.8
66371.2
50581.8
46658.5
55062.7
48104.5
56019.9
47994.2
31485.4
56721.4
47138.8
46425.8
67656.8
52957.3
59243.3
49648.2
44234.6
40254.3
68477.1
35037.1
57462.7
63884.9
54902.4
82773.3
37069.7
37913.1
51271.2
48503.3
60799.2
60547.4
61442.6
57943.2
46676.7
40345.4
41237.3
48986.2
38739.9
36161.3
37187
55841.2
47317
43627.1
48654.9
50691.6
55000.7
62602.6
55032.4
52894.2
57941
33472.8
38338.7
28764.6
54304.6
39885.5
48281.9
49283.1
61013.1
45083
65412.5
72670
62956.6
35174.9
57762.5
42800.2
44554.1
38075.5
61064.3
62205.1
48067.2
43656.6
35457.4
52736.8
57607.8
42012.5
43160.9
69581.8
30799.4
33218.9
54562.6
47038.9
31938.8
52424.9
65415.5
38959.3
60037
40627
50997.1
45044.2
49977
44059.9
47587.7
40803.6
45681.5
31566.9
44868.2
57334
30182.4
62347.7
51463.8
35638.9
50135.8
38898.8
32129.7
31722.3
45744.8
47654.6
47849.8
36742.6
28510.2
45153.4
51069.2
56503.6
59987
50730.2
46048.2
57220
36634.4
35972.3
44314.1
46685.4
61427.7
47830.2
42747.1
45475.4
43183.9
53069
36783.3
66479.4
48387.6
43167.9
45756.4
33457.1
48981.9
79588.1
35250.4
52190.6
32844.8
48689
50239.5
45679.9
46632.1
37001.4
40868.2
50695
52238.3
54274
61096.5
46143.1
45455.4
56959.5
49080
62987.2
48248.6
51669.1
47146.7
30294.7
66542
55705
68072.9
61651.6
57122.1
37580.4
58259.3
59642.6
59953.8
71258.1
35823.6
55084.2
46728.9
48536.6
71099.9
57193.3
55713.7
46322.3
42038.6
55926.2
67901.8
55086.7
60732.3
64628.9
47869.2
67483.4
44159.8
62714.7
40222.1
56126.6
42375.8
40383.5
57269.6
48787.4
45532.8
57832.8
40475.1
43440.2
51536.9
46953.4
52607.4
52441.4
57553.4
49338.8
38427.7
47103.3
44660.2
40991.4
45369.3
55894.7
60336.6
51169
55222.8
46750.2
35957.8
36777.3
45468.6
63256.3
49561.9
41476.6
50785.7
60340.6
52965.4
41371
49223.3
64674.5
60369.4
60286.1
45896.5
51480.9
44842.8
47088.9
45578.2
34456.1
39821.4
47162.6
45737.4
41992.8
52245
60312.9
45703.8
72218.3
42484.9
51012.2
60888.7
59641.3
63246.9
58992.2
47299.4
35268.9
56909.8
78777
64125.3
69934.8
60557.3
59905.6
61739.8
65086.6
71216.2
65653
37930.2
54215.6
41550.9
74557.9
60288.1
40349.3
51161.4
51087.8
37595.4
52878.9
51363.8
54231.4
73909.8
40218.6
49177.3
35849.2
61776.6
38870.4
50586.5
50702.2
54976.6
45021
36715.6
30639.2
50890
55971.8
38170.7
42900.2
35027.8
54237.8
33951.5
41465.3
59180.3
47488.6
60622.6
52647.4
36346.3
52348.1
42930.7
52578.6
36041
68385
50131.9
49781.3
64605
37527.4
56660.8
42471
31650.1
65207.4
59910.2
69153
49893.3
41957.2
42124.1
55389.5
40690.5
48832.9
40948.1
32860.4
45700.3
49039.4
57329
38002.2
44887.6
36591
59141.7
48677.7
44835.2
65612
49123.7
46586.6
39914.4
50087.8
45311
54712.2
59369
52593.1
34728.5
26826.6
27397.6
59703.6
64192.5
48325.1
39140.5
41222.1
37155
38259
49797.2
55238.7
44149.5
53216.6
38197.4
46686.3
56896.6
32885.1
72307
58004.6
29637.4
46363.4
34262
55884.4
50892.3
41784.7
49252.4
56653.6
43658.8
42414.2
60313.1
47355.1
55667.9
46140
57563.6
39260.1
47000.5
47306.4
53346.9
40639.9
35733.1
35828.6
48545.5
51580.2
43105.6
32493.7
38684.6
60056.1
56057.9
39830.1
56651.4
31931.9
52105
43915
54588.9
40278.3
38747.1
39764.5
52158.2
36171.7
50058.5
38138.2
74771.8
61389.8
42680.5
38013
53460.3
41357.3
60642.2
63891.4
36823.2
41215.8
46063.4
48659.8
44253
58858.3
66579.6
46597.8
62374.2
46840.4
49191.3
52493.4
47258
46512.7
52398.1
46899.7
42766.6
51325.5
33610.8
41106.9
72971.4
37056.6
69526.3
42421.4
49745.1
36194.3
55947.2
44975.8
39746.1
46315.6
46541.6
51940.6
55323.4
60333.3
69662.2
65771.2
60345.5
48804.6
59696
73255.7
68415.5
74970.3
62609.5
44761.6
50981.4
81933.4
48495.6
61675
43695.7
77335.2
58522.6
57018.2
63638.3
55064.2
59292.3
54867.5
47130.1
39288.4
35787.9
41260.4
74859.8
51791.3
54255.9
42543
51698.9
45948.8
61407.3
60627.7
53239.7
50758.6
40279.2
46867.4
62645.1
35779.5
48128.7
49899.4
53115.2
36624.3
42195
42694.6
54924.1
54807.8
56755.5
60908.7
51777.7
37386.1
56328.1
59332.2
48032.7
49439.8
34085.8
52929.7
52409.6
49219.9
51020.9
58148.2
32903.7
31277.8
59940.3
52552.4
57020.6
54618.8
62405.5
73422.2
32513.2
45396.7
44101
53791
43714.4
36647.8
32350.9
41563
59029.8
53551.1
42093.2
57373.3
56615
47869.4
59112.4
36603.2
40968.8
35408.9
37982.7
50765.8
75085.3
51772.7
40070.4
43355.1
73331.8
52159.7
54128.6
37752.7
43148.1
44515.9
56442.2
42957.4
49837.1
72514.6
54636.1
61990
49427.2
57098.4
56866.1
70895.5
47396.8
59130.3
45345.1
63843.8
51552.9
50607.1
41698.4
44592.1
66183.9
64080.3
50746.2
57455.2
46551.8
65770.2
53935.4
48370.6
40922.8
48990.1
59730.3
50986.2
47380.1
63740.9
60875.4
56171.3
56685.1
49487.4
63696.3
83322.5
67358.2
55178.7
43152.9
53597
78882.4
66763.2
50111.9
55011.4
47294.4
48970.1
48490.4
62097.8
64518.6
55314
47571.1
59396.1
46581.6
54229.3
36090.4
42916.2
72005.3
49240.5
62463.7
37039.7
52163.8
44688.2
48305.6
50558
56030.2
38761.4
52044
50914.5
42797
55774.8
47376.2
67218.4
54101.2
52912.5
47550.1
42037
52782.6
39522
73600.2
56000.1
52027.1
51892.1
47748.4
52705
38213.2
73865.3
55064.2
42568.2
56510.3
59335.7
54421.3
45219.4
34355.7
46117
52859.8
59158.8
51800.2
40557.8
52946.6
30055.7
39264.6
56556.2
54179.3
46657.6
39817.7
45784.7
32911.1
47305.6
69092.2
41390.1
52547.9
55108.6
65351.6
57078.1
49071.8
64166.7
60654.6
53157.2
56272.4
48163.4
64813.2
56264.8
56535.9
50722.3
37217.8
43595.4
61338.5
46634.5
33065.4
62136.2
37532.2
54189.8
68093.7
68592.2
72318.6
71443.1
61412.5
61107.8
46569.9
55492.6
60882.1
63671.3
58621.1
54512.2
44247.5
58206.2
53018.9
54943.7
46126.6
46602
49069.3
48768.1
60254.2
46567.6
73692.2
53815.9
48887.5
52545.4
59377.8
50018
59802.8
57781
43244.2
79012.4
55354.4
43687.8
60865.1
62867.6
44508.2
38084.7
46219.4
47117.6
60790.6
53709.8
50689.6
47145.8
44115.8
51355
62536.6
46072.2
44600.3
49016.9
33275.3
35870.9
54883.5
37174.4
46515.8
57979.1
35895.3
50969
62556.2
50077.1
49667
46490.6
36191
47776.8
54916.5
56334
42815.2
40428.6
59081.6
31453.4
48841
44542.7
55557.6
41921
60323
42615.8
67892.4
47739
62310.3
58511.1
36983
76872
43250.3
44264.8
37575.3
53443.1
45705.4
43295.3
60053
51902.1
51282.7
39963.9
45463.3
43546.9
68531.8
56461.9
46567.6
45421.8
51661
46607.6
63125.8
61110.3
42428
57284.2
28605
35637.7
51809.7
47180.7
58540.2
46430.3
46534.2
49462
56623.8
40933.7
53319.6
57262.5
54104.5
52139
63701.8
55101.8
42989
52309.8
47626.7
55079
60747.4
58131
59489.5
46485.8
34864
54195.8
53035.8
52824.2
53609.5
47832.7
52749.5
43851
29511.9
48523
46393.6
84088.2
61538.9
50270.2
52667.5
41705.6
41983.2
51521.2
42317.8
47267.4
53178.2
42621.5
51572.8
29993.9
45966.2
41445.4
51092.1
37501.4
49658.6
38632.1
33506.9
58110
60627.8
55851.6
48030.9
58023.4
66603.9
39733.4
51394.2
41568.2
65773.6
52234.5
49742.3
48460.6
53185.7
33441
40448.3
73143.2
45267
53511.8
41839.8
52954
36690.9
66996.2
49979
43749.8
68060.2
59160.2
48820
53547.9
47265.8
67296.9
47807.4
57163.4
56452.4
65242
46546.9
54710.8
39719
53793.9
46671.9
59271.5
39676.7
50683.8
62012.5
42175.8
51285.1
32412.5
59396.6
59231.8
56971.4
28561
39395.8
62857.4
40509.9
44627.6
36392.2
42046.6
57044.8
65325.2
49267.5
53469.5
43804.7
44687.8
41088.6
53060.1
66127
58898.2
46403.7
56486.2
49015.9
41403
56827.4
80313.2
82066.8
64172.6
52816.1
64326.3
51233.7
59652.1
57997.4
60040.5
56394
52433.4
40069.8
39974.2
57641.9
55086.3
49804.5
76052.1
58918.6
39209.8
50532.2
43369.9
55403.5
64469.3
51666.9
46183.8
48106.4
42773.4
50572.7
52922.6
33742.4
62751.5
53190.2
49180.2
46457.5
52263.5
30696.8
37339.5
37078.6
53529.4
53408.9
42016.3
44833.2
42948
46134.3
46135.7
55552.6
65861.3
71016.5
39313.8
56482.6
43438.8
43462.3
64999.4
66565.7
52365.2
52754.6
50557.3
44439.4
58923
52206.5
59535
64873.8
51512.9
43970
63767.9
43687.2
59745.7
72956.8
39066.6
66713.8
64077.5
54623.4
62306.2
57665.4
56386.8
45525.8
63954.6
59719
60954.6
54453.8
70348.1
40942.3
34821.1
60985.2
54911.8
64139.2
61475.6
62979.5
34029.8
64792.5
46495.6
44829.8
52455.8
63855
59224.7
41790.3
38984.3
70306.1
39710.1
44170.5
40392.6
70123.4
30887.5
63576.1
41371.4
34046.6
35153.4
50626
42550.3
54539.6
64499.4
75881.5
52841.4
64064.2
64911.1
52305
71163.9
44702.8
60108.5
55838.2
68056.6
49196.5
52685.7
42756.6
42621.3
48116.6
77268
64228.6
55125.7
58526.7
51051.7
66172.8
61677.4
45712.6
59574.6
39035.5
60250.1
66708.6
62477.1
73151
68787
47874.2
54242.3
63116.6
72240.5
73417.7
75310.7
50880.3
54026.5
67480.7
72094.1
66079.7
50710.1
71656.8
50765.5
53543.8
65421.8
62470.3
64916
68594.2
44608.3
59361.3
29681.2
41292.6
46335.9
51512.9
58994.2
69040
51017.6
43459
36527.9
51677.6
56950.2
42210.1
53638.6
63266.3
46619.2
45969.7
50422.6
48033.7
63067.6
56057.6
55127.7
45110.7
51087
53930.1
53466
26087.6
62767
62124.7
59912.2
53159.7
49576.4
54797.8
38888.7
60743.4
58525.5
48608.5
58522.4
46513.6
55833.1
57217.8
76690.5
55004.2
47697.5
68137.4
61980.6
51649.8
56405.3
43801.8
62522
63202.7
67471.4
61787.1
49649.8
55729.8
66701.1
48098.6
53561.5
64528.4
45333.2
54779
68388.6
52411.6
59106.7
49294.6
35406.7
34160.2
61458.6
46949.8
72816.9
50173.4
62058.3
33952.1
49935.1
51159.4
65505
50014.4
48549.8
35459.1
43049.6
53867.7
36435.9
42530.3
38477.3
52481.3
45921
56592.3
73482.1
32943
38334.1
38237.2
32739.2
73934.5
52975.2
61589.6
52003.9
40694.6
53080.9
42828.7
40437.3
37838.1
48807.5
52607.4
43506
41754.2
66809
49934.5
36602.4
52543.2
49465.8
36796.7
61942.5
60511.8
43730.6
34344.3
61077
58180.2
45360.3
51389.4
38136.2
50826.9
40750.5
40323.5
32193.9
47195.6
42436.6
51239.4
60229
31248.6
36721.9
30952.8
41747.3
76715.4
60740.8
31647.8
30460.9
49842.5
48223.5
46434.5
37384.9
38494.2
39872.3
34672.2
56241
59948.4
44240.6
32883.9
35861.9
30167.6
42050.1
51421.3
57618.8
63060.2
44712.7
43092.1
49479
41483.3
46945.9
52297
66518.5
60323.4
68415.3
36443.4
44263.2
47539.2
39743.5
39809.1
48325.8
45670.8
44118.9
40617.4
70556.6
57385.8
36506.8
31047.5
41866.1
42346.9
58855.1
63841.1
63969.8
57375.7
40747.2
41960.9
37793.5
52157
62426
55814.6
40058.6
62981.8
51317.8
67054.4
67221.3
39731.8
49784.6
41530.9
36042.6
54799
53338.8
58168.6
57430.2
44281.7
44507.5
58875.5
46894.7
28179
41583.9
31777.8
37062.6
31427.5
59592.6
35777.6
37527.9
45642.3
44434.1
49874.4
37094.3
58375.1
44897.2
34425.9
42332
40736.2
39867
61460.5
43511
52048.4
40433.8
42797.7
45817.1
51006.3
56221.9
50840.1
37632.2
58241.4
42092.7
60377.4
47238.6
59702.2
43387.8
48643.4
50716.1
46887.8
38346.2
51662.2
52499.6
51669.7
47160.5
50781.1
41677.1
48516.2
41853.3
38832.3
54789
49437
58411.4
32123.8
40017.9
25317.2
43623.9
52562.2
51416
59713
42671
45543.2
54052.2
75014.1
59941.8
52743
41879.8
39492.7
47935.4
49004.6
51708.2
48518.6
49212.1
36535.4
60808.3
51796.1
64742.8
46359.8
46734.6
43460.3
46323
61814.7
61070
43020.9
46977.8
44699.1
48548.1
52619.9
65535.1
47693.7
57108.5
49763.6
57990.7
49176.2
63592.2
46363.5
55448.4
41974.2
52233.9
48395.9
64060.1
52831.3
44856
39770.9
54751.9
57021
56033.8
65777.5
63456.1
50535
33041.6
51834.4
44030.7
50844.6
73643.9
68938
82459
72106
61135.9
72760.6
49925.5
62486.1
44903.9
48633.5
43855.3
77635.4
84208.9
80990.6
50400.2
40164
53558.7
62980.7
71760.6
59774.5
40488.1
48689.2
44598.4
83484.6
70555.2
60373
70274.9
61457.3
43646.8
61911
53328.2
71382.1
54873.3
69179.4
63248
75990
66918.5
57932.4
54508
67074.3
48962.9
66544.1
68090.2
54642.6
67034.5
57953.7
48621
48738.1
38691
52285.8
44982
56619.4
52289.7
48619.9
49213.6
58163.3
50455.8
62506.3
57303.8
47805
46301.8
56702.6
37175.9
49645.6
58017.4
48885.8
58577.8
53399.4
43597.2
51312.3
60788.6
52594.2
52848.2
37661.6
49837.6
63835.4
69863.6
33504.7
51745
56650.8
48169.4
35714.8
80277.2
66961.7
49910.1
58205.4
69869
50232.1
71837.5
69647.6
55253.8
53535.3
57991
59082.3
52360
67939
62386.7
62547.2
43907.6
55421
59933.2
41833
66318.3
67159.5
42638
45046
61086.7
61637
55557.5
62083.8
76232.6
80873
48994.6
73050.7
69114.2
58385.2
68956.6
61402.8
49634.6
55123.3
55151.5
63518.6
58265.4
72831.4
52316.9
50443.8
57405.4
53536.3
68204.5
46500.4
69923.3
52753.8
45548.7
49921.7
69588.7
52580.1
51295.4
49869.9
66620
73102.8
37986.4
43947.3
38915
51226.7
59382.6
74909.5
53672.4
61388.3
52313.5
72123.4
46728.3
44306.1
55123.5
48086.6
40015.8
55831.1
62469.2
67747.5
34221.4
74963.8
51460.9
49831.2
55614.6
50122.8
48909
46335.7
40705.5
52492.3
53765.2
46340.7
70717.4
44798
41117.2
52119.5
48371
63369.7
52806.1
69064.7
40561.5
46905
48318.3
61393.3
49985.2
59961
53237.4
60765.3
62560.2
67001.6
47559.9
43596.6
74386
44940.5
63131.2
84407.8
76445.7
85085.4
52117.9
59487.2
50723.7
65793.8
59328.2
59005.4
76565.2
52093.1
64709.8
58107.6
59382.5
51569.4
73942.8
39330.4
48927.5
51383.9
60059
54492.2
59936.7
67720.4
29738.1
50242.6
31389.8
55259.5
60435.1
40475
52892
55704.7
57356
54051.3
51635.9
59685.4
55041.9
65923.1
45369.8
54022.4
48218.9
64800.6
48161.9
54441.1
46220.9
37702.5
52657.8
59391
50145.7
63084.2
64249
47173.2
47631.7
51572
49814.7
64446.6
46211.4
58916.3
49050
70931.4
59167.4
32705.8
59468.7
60483.8
44906.9
58468.1
64748.6
44720.2
66949.6
60423.5
61545.1
64762.3
44133.1
57059.4
64101.2
64445.7
53269.8
38721.6
43946.8
54459
43875.4
63997.6
54891.8
31215.9
45052.5
51057.7
41498.6
51036.1
59834.5
40665.4
56478
45502.1
46312.6
43642.1
60860.3
44211.3
39597.1
38997.1
57912.5
64743.5
66977.4
43987
51399.6
41944.6
63886.3
45918.5
42857
49073
53419.7
54474.5
67645.2
38754.7
40425
61676.3
36243.7
60341.3
60346.9
53841.8
61118.3
71061.7
70045.2
34916.8
60044.9
58257.2
43422.2
72912
58173.6
58388.8
56190
49174.8
47255.4
47231
52550.3
55261.2
49705.7
43458.8
60147.8
63318.5
47684.6
64509
59663.7
62885.7
68714.7
39274.3
34925.1
75493.2
68927.8
53897.4
54005.6
63033.8
43286.9
52105.3
67039.6
54227.7
44496.5
53932.1
50585.5
35258.1
49831.8
73578.2
50140.3
32126.9
41445.3
39796.2
54809.8
49504.2
37667.6
52732.5
53042.1
40179.2
56350.2
53972.5
53018.1
54403.6
43177.4
34666
60281.5
59666.3
57121.8
65510.8
52080.1
47319.6
65371.1
42055.9
50525.8
47320.6
49090.8
50707.4
70117.9
70455.4
55352.6
47203.6
39250.2
56214
70496.6
60805.3
44942.8
67886
48991.8
52563
34612.1
56365.4
44961.6
47954.4
65666.3
42429.9
58622.1
38895.5
51796.7
70402.6
58568.2
70711
65067.4
40402
60110.8
59145.3
55721.1
47980
51948.6
45649
54800.1
50369.2
47237.3
81798.2
60970.7
54560.4
51024.2
47345.2
66283.6
61046.9
48283.2
55563.8
49584.1
38508.8
64737.9
65456.5
63972.9
57271.6
36238.2
72911.2
73576.3
58485.9
78810.1
64120.2
56815.5
59616.1
57658.6
48586.6
50407.5
44020.9
47794.1
59259.6
36991.9
54417.4
59462.7
42327.8
42440.6
52865.8
53687.8
45561.4
33767.8
59125.8
44687.9
39290.8
48335
53031.6
66859.7
44956.6
46390.2
66808.4
39046.9
59318.6
56385.2
50436.2
72092.9
62091.8
50846.2
55143
36526.6
52316.8
47200.6
42954
42565.6
52802.6
70758.4
45380.1
45995.4
50866.2
62329.8
44831
65078.1
38072.7
51067.6
63353.9
66731.3
46696.2
51270.7
41467.4
59826.6
55284.8
56750.2
56496.2
46173.4
63940.8
42047.8
58909.2
61268
46244.4
51837.8
54474
54725.2
57000.5
52640.1
58915
51609.8
54235.3
41592.1
54972.1
60200.9
41863.2
47100.8
58833.5
48647.4
80941
52538.7
57784
48717.9
63981
76336.9
60578.9
41696.9
53355.4
73257.3
61381.8
61651.6
62445.8
42323.7
61759.5
39781.2
46021.8
55871.8
48242.6
41451.5
61057.7
41562.4
47786.6
40257.6
36499
42129.5
58100.2
53507.1
37197.8
52485.8
59981.6
58523.5
47186.1
50194.2
55563.5
57608.2
52324.8
53695.9
43376.7
63235.9
61165.8
49377
58326.7
59607.9
40690.4
54032.8
42236.1
36413
64449.3
48475.8
58358.9
58366.2
39446.8
44641
61153.2
41139.6
66100.4
43923.4
44781.9
55706
40219.5
52486
26805.6
53859.8
35232.9
63157.5
48531.4
51897.4
29097
76359.8
63386.2
54221
55934.9
37309.4
54555.5
51821.9
48968.1
66901.4
63120.3
62981.3
47883.4
31020
49969.6
58788
52297.8
39072.9
49174.3
60978.6
51418.1
46997.1
67346.2
51729.9
49330.4
47513.1
44569.8
43230
47967.3
48182.3
34380.3
36469.3
40459.1
63116.1
47655.4
48650.7
41146.7
49487.9
40202.7
56544.9
63110.8
48881.4
50484
45000.6
50945.4
47530.1
57473
55233.2
42830.6
50617.2
30853.1
57849.1
60736.7
49296.6
56991.7
37225
42475
45736.2
50675.4
31688
47454.6
54489.5
34913.3
55690
37295.6
48890.2
42031.5
44154.9
53148.2
55747.4
37157.4
43351.5
37679.9
50754.4
36322.8
44517.8
36742.2
35165.1
49665
46244.6
35462
65093.3
46398.4
46050.2
44924.1
71603.3
63076.2
56019.9
61168.3
62534
79460.6
76184.4
53125.1
61602.6
43494
45266.8
61818.2
46057.3
46836.8
50615.8
61853.4
46961.5
34269.4
53602.1
58674.6
45762.9
51240.8
40168.6
69476
36746.5
51719
43194
47832
71043.3
56929.6
45562.8
56439.9
55173.3
38301.4
65251.5
56993.3
42304.4
57679.7
47046.3
53971
45692.7
41894.6
61208.2
47604.9
52860.3
57345
52765.1
41861.8
48384
60618.6
47516
75309.8
48631.2
42113.8
54409.1
51220.5
54145.1
63550.1
47512.2
34384.6
36468.8
42322.2
47091.5
51572.6
56999.4
71708.2
41145.7
58611.8
47846.3
37398.3
51114.2
48617.6
41330
36784.6
56003.6
71939.9
52350.2
53073.8
52539.2
59337.7
34440.1
70447.2
61684.6
50019.4
56073.8
44688.3
53779.5
77939.2
51524.7
51486.7
45151.8
60295
45899.9
53021.6
60004.8
50876.3
55681.5
55633.6
64428.1
53271.1
67342
48666.9
63918.9
33797
44451.3
42589.6
54441.4
53569.8
57195.9
71421.3
46624.9
57346.6
45139.4
50010.4
47733.2
51019
52796.9
48402.2
41838.4
54107.4
76071.1
55726.1
72405.9
46550.3
69221.2
56262.3
46226
38862.6
60601.9
52288.9
47393.4
45539
42019.3
58234.9
72749.7
48406
52456
42398.3
34212.2
58821.3
55857.5
50390.6
42123
43096.8
49186.4
54722.6
69177.4
58365
51948
46845.5
41839.5
37345.6
64094.4
57019.1
57485.4
67711.9
76379.8
51296.1
72070
58259.3
52613.7
44383.3
62918.9
63748.9
57430.5
63500.2
80315.5
49725.2
63001.6
40903.2
60989.3
47138.6
53247.5
59676.1
49474.7
53241.4
43253.5
49641.8
44882.2
57890
51580.6
68901.7
50510.8
36942.2
63957.6
43302.8
44228.3
52089.4
49732.6
57860.6
34167
46979.7
62289.8
46351.5
55913.4
70002.7
48146.3
45087.6
60169.5
60471
32608.6
58855.6
72866.3
56109.2
66756.2
52050.7
60488.9
40988.3
74142.8
64329.4
52123.2
50818.6
57749.8
66910
54223.8
49079.8
69207
49636
45866.1
39683.6
43250.3
46639.7
70513.2
68545.2
57665.3
31452.3
49947.2
60958.2
58306
51366.8
53030.2
56431.5
37350.8
38225.7
37021.8
63434.6
68903.3
60865.7
39297.6
53021.8
31788.2
36089.4
31151.4
51452.1
46969.5
48448.4
54337.1
54141.7
59035.8
30312.2
45908.2
56150.1
43341
56074.7
41520.1
67593.2
44095
44477.8
56450.1
60576.6
48599.9
49306.6
50934
57884.5
56953.1
46345.4
59298.9
46013.3
46925.8
59832.6
49243
40323
47035.6
70718.9
49022.4
70017.7
55452.8
36124.6
49137.3
45332.5
56189.4
57038.2
56629.8
46938.5
52705.5
69973.6
51563
36557.4
51470.4
33607.6
31719.4
41727.8
49697.7
39702.3
43576.8
77175
66168.6
55175.2
55131.2
45438.6
33445.1
36915.2
50992.2
65502.6
52874.7
56462.2
50108.8
48686.6
53535.5
64538.2
53755.8
41937
49038
49921.7
54380.7
61566.8
84432.6
53391.6
61717.2
52789.7
39122.4
78468.1
52898.6
58885.4
56547.4
37585
44887.3
53313
49160.6
76763.5
53400.8
58816.4
35841
69354.4
73657.2
59071
61296.3
50204.4
50989.2
49084.2
60253.4
52415.3
47345.9
57313.9
56229.9
43865.8
51876.3
57716.5
49009.9
62586.2
63865.5
56859
44050.2
58745
60674.5
58486.4
51106.6
49604.6
51393.1
46972.8
66031.8
51156.5
50545.7
68739.4
50074.2
59511.4
58886.1
42889.7
79542.1
53232.1
43142.3
54283.3
66843
63275.5
44818.9
54223.1
58082.2
40641.2
58833
52308
61341.5
67922.4
49816
39443
59355.5
64393
57866.2
44120
62049.5
55222.6
50557.8
51382.7
63485.8
61095.9
71001.3
47651.6
57188.8
55554
56180.7
54197.8
54526.6
54819.4
64569.4
54586.1
55492.2
53755.5
85470.3
51710.6
39383.9
65604.5
63574.5
61232.3
51170.8
55494.6
41934.9
59979
52748.6
83070.6
51923.8
66775.4
72156.6
66563
52351.9
52799.8
46642
44159.8
54022.3
61260.1
70887.5
49656.6
46403.1
54983.2
45719.2
84956.2
78879.2
56317.8
48712.1
41829.5
30726.5
41169.7
47390.9
71575.7
73570.4
42228.7
34412.9
65047.3
73420
49820.3
48596.9
47550.1
47307.2
53209.5
38949.9
41906.6
45870.4
52887.1
54399.8
47836.4
34147.6
61592.4
51543.1
52218.2
54218.8
44382.2
38617
50593.1
72540.1
54672
53500.6
30224
29970.8
39735.6
69702.4
52004.6
55478.4
44257
43212
45947.4
58239.4
69125.8
62771.4
43979.7
44679.4
35871.9
55233
55007.1
52805.7
68418.4
48434
55142.2
40660.3
55981.2
57687.1
62462.5
44364.6
68167
52197.4
36534.3
49219
56339.7
42310.1
46844.9
38973.9
35463
49137.7
66428
38751.8
60609.4
60185.9
35581.7
40738.2
63130.9
45016.2
64505.9
70680.9
45142.8
64984.9
52992.4
67626.6
55724.2
49427.6
58253.2
64540.4
39413.4
53358.1
62851.1
34738.6
50167.9
53701.1
52000.8
38524.6
55495.8
56642.9
42666.6
56501.4
60479.1
51018.2
58457.6
58587.8
58026.3
49922.6
49431.4
62218.2
60476.6
67566.2
68266.5
55844
55018.1
55233.4
77287.3
56195
56407.1
76639.9
55361.4
67174.6
56629.8
61226.6
58884.7
49714.4
54123
52577
55108.6
58209.3
57187.4
43364.7
67135.5
50398.6
51801.4
49415
59429.8
45526.9
71487.8
57348.6
50937.8
56480.2
36494.1
61371
65206.1
58357.1
45860.9
60781.3
65959.4
66524
43016.8
44148.6
51234.3
41116.6
63427.6
63020.5
60976.6
43360.5
53831.9
55185
42499.7
61908.4
48815.1
67415.6
70277.4
54371.8
37796.2
54983.8
44475.4
55630.6
46290.6
49013
47539.4
46336.3
46437
56462.2
78365.4
63517.6
53144.7
45199.9
34634.7
66216
55997.4
61985.8
50425
47874.3
43235.8
43681.5
52484.4
50081.3
51930.8
49869.9
54569.4
57041.4
64985
64546.2
57067.5
46041.4
43268.3
33598.6
42702.8
47608.2
63892.6
62256.9
54643.4
40667
51949.7
61531.4
50292
50783.2
42135.3
45042
31660.3
50704.4
51301.8
69108.3
55739.7
29714.7
33220.6
39942.1
44135.9
63969.3
62557
35745.5
64905
45540.7
51197.6
54201.6
51236.3
55301.8
30809.9
45157.9
46587.3
42787.7
50407.7
52054.4
53437.7
54719.6
68274.7
58189.8
41975
42340.6
51921.4
77857.6
58870
49884.8
62999.5
67819.7
59106.4
59516.5
25551
42107.6
54071.2
56594.3
53142.9
45842.9
39546.2
46140.6
36299.5
52131.9
61775.5
54285.2
55862.8
54625.8
44111.8
61642.6
62325.6
69001.6
64150.5
44466.5
66637.8
59132.3
74595.8
55167.9
55001.4
49070.6
67861.3
55696
64771
53681
79169.8
62749.5
45678.5
70079.3
68141.1
69725.5
39536.3
46189.9
67115.4
51161.6
41039.6
62125.5
75189.8
54512.7
39829.9
56444.3
56177.2
45245.6
50922.4
53796.2
62112.5
60542.6
57741.9
49877.7
40389.1
47390.3
62782.2
60083.5
61233.3
43292.3
54333
46824.2
51978
63826.7
45141.8
52048.6
51509.1
44012.9
34991.7
51918.3
66311.6
58319.9
62656.6
57028.6
54438.6
41743.9
43039.8
50268.1
48146.1
43703.8
50728.6
48798.8
40695.2
49951.9
43349.2
48255.9
49002
49999.5
49275.8
42156.1
39663.8
57520.8
62845.7
40183.2
46178.9
45150.6
47873.8
46195.5
59485.8
71803.4
46147.1
31668.7
38740.9
32648.6
41110.6
50286.2
53585.3
69283.1
51073.4
43110.2
62352.6
54133.3
41316.1
54941.8
36538.2
31570.5
47588.8
52595.4
37621.1
55181.1
57128.2
36161
43378.9
44872.1
60642.6
64599.9
55374.4
32935.3
68019
84334.7
68644.7
58271.8
53078.9
60757.7
43497
49133.1
57657.9
84194.2
62698.8
62080.6
69859.3
59277
38433.8
65043.8
66428.2
60397
51125.3
47101.8
49246.6
50252.1
38778.4
56138.6
50674.7
48122.6
50452.2
44774.9
64297.4
41767.3
44989.2
46441
44881.3
57209.5
72377.8
35773.5
53872.3
55398.1
42208.9
50119
48721.3
73705.3
60222.3
45341.9
44903.7
55452.6
51788.4
46671
61717.8
75296.9
50957.8
57427.2
35062.3
62217.8
48569.5
60409.1
46365.6
65740.8
50216.7
43763.4
51210.6
54555.4
49076.9
57421
38783.5
50469.2
48309.2
47015.7
57977.5
59840.6
48382.3
35782.6
38623.9
47942.1
47700.9
52600
63862.3
51852.2
43266.8
46691
47492.9
45980.3
40495.4
41613.4
55309.4
44871.8
51829.7
55328.6
41926.6
45983.6
43880.2
54889.4
42124.4
48105.8
49315.6
50343.6
53798.5
43624.9
48596.6
43036.6
61849.5
55414.8
44324.6
54479
56305.4
49574.2
53632.2
57968.2
33954.6
49290.2
54704.8
52618.8
30066.2
44815.8
62932.1
47016.2
36523.1
43123.6
56507.5
34491.7
45831.2
48802.4
36309.6
43025.4
60129.4
33589.3
40567
52622.2
32485.3
33497.8
40818.6
57762.1
52683.9
71531.7
60395.1
32946.2
60129.8
29955
50044.2
55816
72084.2
62490.6
38596.7
23751.3
51305.2
39772.8
53009.5
61556.6
45897.6
62544.8
54443.4
46592.2
50766.5
50787.8
66203.1
49343.8
30757.6
54817.2
33921.7
55293.3
54123.1
41607.5
33628.5
50306.3
41329.6
38358.5
34884.9
21673.8
54407.1
33136.2
49591
57550.2
42040
43231.4
45253
35125.1
51828.5
42300.6
46919.2
43406
44088.2
36099.7
38687.6
48763.8
48612.4
51772.6
36834.1
42787.9
39091.2
50633.8
42042.8
54744.3
55756.9
45025.5
41822.6
46245
52300
35646.2
36705.4
30461
42117.4
40337.7
63283.6
37055
46886.2
33774
33526.5
40854.6
56280.6
37660.8
41067.7
35853.8
36872.2
65598
42746.8
64296.6
54467.7
30686.4
34791.8
40587.2
28944.9
48601.5
54516.3
36035.8
36995.1
33303.1
45566.7
44615.8
37214.2
44322.7
47794
76055.1
58939.9
45294.3
58330.6
53236.9
41407
48259
60162.9
78033
83828.2
43679.8
33918.6
56734.2
55126.1
51566.2
62523.6
60510.9
50529.7
46990.6
43494.4
74606.7
59386.4
43276.7
42461.2
45689.6
37415.3
48236.1
50302.1
36132.3
56932.4
65069.7
69639
42295.8
52585.9
59334.6
40006.6
51686.5
46957
62665.6
49381
42897.9
35990.4
59889.4
49698.6
66809.3
65185.4
64714.9
56187.2
54880
59099.2
57739.3
42069.6
60452.6
59334.3
45334.1
63436.3
61730.1
45963.5
80988.9
52012.9
63667.8
54249.7
54071.1
53241
40165.3
44085.6
55251
57289.6
54745.4
59421.3
58316.3
58433.8
34524.1
49849.7
67567.1
60918.6
50510.5
51061.2
40818.8
58262.8
45999.4
41908.7
45843.4
57501
75998
52876.6
70622.3
65000.5
51159.8
44119.4
42919.7
75952.3
68028.2
62717.1
62330.7
79302.4
37095.2
46626.6
68435.1
57775.1
53324.7
59941.4
53972.5
55315.8
65952.7
59899.8
76092.8
62584.2
47318.6
59676.6
50475.4
57757.3
61919.4
58154.7
69121.2
47310.6
66428.2
42181.8
65826.9
58898.1
58655
72443.4
55431.9
57450.2
59216.6
70637.7
59303.5
58703.5
45162.1
48047.2
71692.2
72874
58320.8
64612.6
50379.1
57934.6
52259.8
59227.9
53892.6
65105.4
64825.4
43152.8
56380.3
64344.8
55956.9
53819.3
43550.7
46661
59949.8
70402.4
56192.6
52621.7
50680.2
46522
61205.8
38228.3
50869
46719.1
70399.9
61677.3
49291.9
43915.6
63010
38164.4
54772.4
62941.4
60739
43452
52130
50361.5
53773
70959.2
62977
60031.2
56831.6
56507.4
48118.2
63509.6
60547.9
68973.1
49007.3
43616.6
43624.4
29106
61091.8
51285.9
40313.1
52651
48736.9
45863.9
60971.3
52646.5
54510.4
48731.9
41129.6
57599.3
53089
46531.8
42623.5
56448.5
51624.1
37281.5
73979.3
41476.7
54260.7
66069.2
45336.2
48555.9
54875.2
62020.4
54128.9
60595.4
52678.3
53835.6
67115.4
65530.6
44693.6
51302.2
66593.4
85548.5
69288.5
42571.4
61422
68580.5
38254.7
54464.4
70949.4
72845.8
48864.6
74452.6
46470.4
52564.6
46794.1
63236.2
70080.2
62198.5
46566.4
53933.7
53455
43265.3
71198.2
46233.3
58272.9
56635.8
72123.9
67518.2
55098.6
58604.6
64845.6
50135
38599
43256.1
71667.3
70786.3
57127.8
53132.8
44322.7
42376.6
44206.8
56540.2
62976.9
61566.5
28352.7
53705.4
60236.3
60125
73884.9
42852.6
53032.8
47030.7
50047
60584.2
42869.2
64041.6
47815.8
40499
55697
39253.3
53883.7
55297.5
68295.8
49763.5
56915.5
44607.7
75340.8
45539.6
62359.7
57019.4
54869.6
37699.3
50549
58148.9
60983.8
71743.9
56187.8
45937.4
41506.4
49122.9
49327.5
55677.8
72762.2
64473.4
71599
64144.3
42243.6
54682
40849.9
62266.3
53120.7
44101.7
36885.9
62863.9
44128.5
42097.4
42092.8
53116.6
62110.1
59975
51265.1
51461.3
53585.2
57381.7
55637.3
55672.7
52912
41630.8
52941.8
58115.2
35343.4
42861.8
60841.2
50887
64888.5
44438.4
58389.1
53099.4
63286.8
52023.9
53395.9
42009.7
56393
53751
44933.7
54218.8
52612.6
37699.4
52132.6
58426.4
57103
54178.4
54819
40483
54010.7
45679.3
75108.6
53053.6
53884.9
54330.3
45445.8
49733.8
41496.7
57369.8
54233.8
64737
64754.7
58572.1
71568
63861.1
57377.3
75645.5
53581.2
66055.6
62039.3
48542.6
35668.8
44253.7
42130.8
64088.9
70212
63865.4
61736.7
43230
69135.6
55277.6
63823.6
53832.4
53537.4
45771.4
44622.2
44027
52023.5
70059.4
49955.3
84427.3
63286.1
52620.8
39923
41470.8
30534.6
62399.5
51909.3
45562.1
48291.5
37805.6
50097.4
53532.6
57665.7
48774.3
39345
39434.2
51981.4
30285.3
48294.6
75592.2
58222.5
28845.6
58334.2
42757.8
40795.2
42517.8
43168.6
54031.4
41273.4
39954.6
56180.1
40197
36187.3
36305.3
32895.7
49505.7
77309.5
41377.1
62780.6
41268.5
44861.4
36659.4
35503.2
46815.3
52690.7
36282.4
51264.7
51259.2
56089.1
50954.4
27018
47174.6
46328.4
55333.4
49806
41306.9
47575.5
45358.6
48331.3
45470.5
54107
59092.4
53271
45249.6
52681.2
59196
45638.7
77762.4
43546.5
37176.8
37667.4
43933.4
48578.9
51884.1
43909.7
55376.6
49389.4
49693.2
42937.4
53492.1
44667.6
48813
49621
46620.6
30368.9
38330.3
41964.9
34879.3
45048.3
47260.7
40003.8
47085.1
32859.4
62683.4
61233.7
50579
59155.5
50731.7
34832.7
50245.8
50479.4
48722.9
50683
47927.7
57312.6
67511.1
36318.8
50819.6
43872.1
63669.5
37371.5
38245.4
39793
58456.6
44916.6
73152.9
46792.9
45882.2
46146
57511.7
46745.1
70689
52059.5
60046.2
38340.2
51627
61052.1
43140.2
47933.8
37065.7
61898.2
54563.1
54230.6
40291.6
51792.5
57228.4
43361.8
50808.7
45204.4
59873.8
57172.6
43230.7
46493.7
48602.3
59492.5
60245.4
60478.2
42079.4
41526.8
54912.5
45209
55820.6
32688.2
35366
34897.5
49242.2
37799.7
53522
46035.8
34096.2
45501.1
63404.1
67608.6
52961.8
68539.1
84265.6
53929.4
36070.3
46036.9
50012.5
52928.8
40637
62323.3
52110.5
56890.2
61846.7
60925.9
38266.2
53670.2
52748.9
41591.4
66127.6
82309.1
48082.2
42679.7
36414.8
36625.3
64276
48719.4
46052.6
46076.2
37789.2
58788.2
49964.9
51665.3
69042.8
45817.9
42729.8
55615.4
54558.9
41589.6
66772.2
50883.4
75376.3
45204.1
42116.6
54300.2
85927.1
59944.8
38102.3
47541.3
46965.2
52245.9
49680.5
44640.1
44768.6
53765.4
39684.3
45516.9
47521.4
54869.5
62688.2
37064.1
55443
49876.7
48450.8
44998.3
66379.4
60312.4
43753.7
41216
46124.4
56671.8
62561.8
69650.7
48190.9
40092.1
56631.3
37523.2
62931
40378
50280
44660
63003.3
60189.5
62862.2
47378.7
57733.1
37850.9
47228.1
52391.4
41289.8
48493.7
48434.5
40745.4
37096
39407.4
40918.5
62189.8
61514.8
54379
53968.6
44174.6
52596.6
50509.2
52101.2
49616.6
69776.8
45376.4
37365.7
45248.6
45433.5
41079.1
67110.2
78210.5
31171.2
64897
44708.6
30412.3
63953.7
64121
40507.3
50950.9
47794.2
42543.4
59373.4
49545.4
62867.6
47775.8
66580.5
43809.4
39951.6
73447.7
81244.8
54377.1
61220.6
56637.4
46577.9
65897
60169.7
36021.5
77915.8
54110
45167.2
55705.4
47331
47088.2
75972.3
68487.4
49988.9
47669.8
25288.1
42698.4
51914.2
52879.3
73062
44870.6
41661.7
66232.6
43434.4
59155.3
53478.2
40150.1
50864.2
60187.8
56565.7
48607.2
51221.8
44756.5
58806.6
60362.6
54892
54426.6
66632.9
52314.1
56000
68789.7
56215.5
67052.5
60846.6
58312.2
60604.3
47169.4
44158
44370.6
44812.4
59395.8
61588.2
62734.2
51575.1
46132
47141
47269.5
50170.7
72932.8
45774
56549.4
45952.2
49889.5
45516
58683.5
46786.7
48631.4
40688
57644.7
55691.8
56060.3
61258.8
48954.6
66366.9
68186.8
54986.6
59523
60697.2
67441.1
36235.7
54330.6
60379.8
68044.4
46204
54273.1
56125
50952.7
41240.7
56715.2
67685.4
44825.1
58272.5
54847
44675.2
56096.1
52835.2
71918.2
54801
52767.6
35572.6
51957.8
45775
55284.6
59358.3
63385.1
34770.7
66713.2
52667.2
36980.6
71777.8
57251.1
35839.7
35696
49454.9
46004.1
54014.5
52847
58480.6
70905
62774.2
58732.6
73265.1
53262.1
43486.9
69258.8
78773.6
48014.9
47699.8
72211.4
46265.8
51226.5
39936.2
51609.3
46358.8
71463
54214.5
42346.6
55658.9
44878
55481.4
59534.5
71964.5
79760.2
65700.3
45167.7
59420.6
55008.7
61581
60121
69977.3
79647.3
52395.4
53344.1
59814.6
49503.8
57631.8
43728.7
46818.2
45449.8
45299.4
54351.8
52591.8
55623.3
64581.6
35006.4
39073.2
50419.7
38763.3
62565
57333
33989.3
59598
42083.4
57155.3
37645.5
61179.5
59023.6
49145.8
45615
66330.2
45020.2
47372.7
49678.1
62625.4
48656.2
53683.1
49648.2
50730.9
41843
42513.8
34988.2
65501.4
60255.5
38570.1
57860.3
46935.5
62561.3
39989.8
46243.2
47402.4
44148.6
41235.8
53791
51912.8
48610.3
67890.2
30883.4
52634.5
47282.6
54286.6
64047
51551.3
47424.1
51884
42978.8
64436.6
48491.7
46883
62266.9
52056.5
42372.7
32961.6
45273.4
44371.9
43484.6
50425.6
46956.3
55929.5
47024
58930.6
49190.4
66537.9
52640.6
56646.6
52637.6
38194.7
57334.9
81145
53897.4
50119.1
47686.4
39560.4
40562.5
50669.4
58432.6
54540.7
63766.4
34480.2
51501
48794.4
54782.9
62872.4
65919.7
62392.4
47105.3
59039.8
51070.2
50148.2
45306.8
52635.8
51039
56175.7
45459
46459.7
34949
52785
61142.4
63054.6
43232.2
63126.7
52607.9
33634.6
68950.6
53574.4
65576.4
49302.7
57892
43911.4
69471.9
55488.7
47555.3
46621.7
54688.3
48936.6
64757
42806.6
41280.8
46607
60821.8
56093.2
48812.7
57069.9
52296.4
44118.6
52097.4
63647.3
45671
48328.1
59663.5
68485.2
56320.4
56246.1
62783
62375.4
42015.8
61632.7
54941.7
57037.6
58592.2
37650.2
57679.6
64399.6
64404.3
66626.5
49564.5
74807.8
59773.8
76100.6
52614.6
54373.2
40464.7
48592.4
46697.8
50996.2
49487.9
60536
57768.5
62252.7
57529.4
47570.5
58271.1
57388.8
40785.8
56794.5
31227.1
46380.1
66780.3
47192.9
54601.5
59268.6
53460.8
56109.7
53878.6
31863.2
50947.1
60288.5
46815.9
49309.5
55119.6
55818.8
41727.7
61332.1
69909.4
71841.7
55445.3
38763.7
54589.9
61810.4
64146.1
51537.4
67569.8
59076.7
56102.6
35511.2
64534.8
53938.2
52313.8
48958.8
60076.6
58136.1
51312.2
55091.4
51457
42799.8
49350.9
54330.3
75679.4
52136.2
49600.6
47337.4
67066.7
45566.3
61079.1
41019.9
47978.2
54407
48097.7
47703.8
41537.8
71615.6
49412.9
54663.6
39686.6
65789.8
37527.3
42884.1
63992.4
31750.5
36954.5
52448.6
64188.6
44233.2
50290.9
41755.1
47264
58530.2
57912.4
65218.6
51914.2
47191.8
41940.2
59895.4
47509
50309.4
57062.4
36727.7
58903.4
42740.2
42171.5
59143
64914.2
47836
59228
48114.2
58275
53093
43445
29367.8
60578.7
48584.7
46539.4
35561.7
40046.4
42524.5
40791.7
37621.2
69213.5
40465.6
45581.1
42827.4
54142.4
41193.1
44325.1
48501.4
31315.9
37789
42164.7
59979
30508.7
55449
40817
72679
46805.6
50244.4
30228.6
38128.7
54665.1
43775.8
35204.8
43042.1
51203.4
43115
50386.6
64075.5
80316.2
40207.1
47988
42868.4
60324.6
50436.4
52687.9
68882.1
51341.4
41160.2
42013.8
38415.9
55582.6
40069.4
45328.3
57119.4
36486.1
76798.6
54171.6
35665.1
50295.4
35331.5
52980.6
64770.5
45124
41909.4
40213.7
54037
65901
55761
42806.7
31859.8
32121.6
36987.1
43112.2
34735.6
59973.8
46986.6
40707.8
36796.5
53183
40993.9
35451.6
46901.3
55540.9
56040.2
76394.3
33031
36765.1
36554.2
85814.6
54228.1
41555.6
56950.1
53951.4
28999
46490.3
32088.5
42771.8
72882
45119.7
39533.7
56699.9
54790.1
56368.6
65204.8
53912.9
47252.5
46409.4
42579.5
39476.4
61230.8
58654.2
49922.8
50952.5
49223.4
60924.2
63530.6
55556.9
32036.6
47570.9
48130.5
63563.1
60111.5
43043.2
45984.3
40341.3
50403.9
62292.2
65395.6
51483.4
56577.7
51589.5
46242.3
50259.1
58208.9
41484.9
63880
44661.9
24983.6
57522.6
58400
59020.2
57868.2
45370.6
20089.7
42994.6
46859
37803
68973.2
67977.7
50744.3
46337.3
42184.2
51580.2
52427.8
38914.6
62722.9
45414.9
49333.6
41504.6
51788.6
40418.2
46061.4
42011.1
49084.9
53363.7
42846.6
53881.8
54929.8
51461.4
47505.5
43142.2
37587.7
54197.1
46968.2
55888.1
38817.1
64032.2
58128.6
76957
52028.5
51780.3
69011.4
55481.6
28599.5
48852.4
54620.3
61722.8
52105.8
57205.2
41960
62371.6
49403.7
55902.2
46159.7
69107.7
53256.7
44616.7
61016.1
48448.3
49416.2
64527.8
37569.9
64690.1
50913.1
43316.6
44942.2
56546.4
67849.7
50877.8
47260.1
43063
53965.9
56157.6
45464.9
52765
58497
37058.6
34950.6
63610.3
41336.1
37836
70374.4
34037.9
57877.6
51428.9
41783.1
38581.1
55591.1
51310.2
39447.6
61657.2
47316.1
45643
57166.8
56267.5
54690
46911.8
61025.1
43306.4
45672.1
41045.8
75970.6
63236.6
49677
35395
37083.1
57941.7
45995
66556.9
47551.3
49668.9
69667.5
39888.6
42402.7
53061.5
37860.2
43152.1
48678
50891.4
47908
57633.5
40766.3
71229.7
38885.2
33829.3
53614.2
51634.6
45231.4
61847.4
51700.9
51365.4
44476.8
58223.5
32679.8
58511.2
65847.5
55327.2
39582.3
52983.5
50802.7
47305.3
44907
50122
42796.6
54598.2
60501.8
40216.7
42374.2
66278.9
49447
63985.4
62216.1
35868.5
46658.6
54583.7
53648.6
62295.8
74969.4
51404.6
34820.3
54027
52761.9
73310.6
58032.2
49013.1
48447
42193
55560.5
52830.7
56173
60098.1
47110.5
50193.5
46219.3
65893
74516.3
42514.9
53195.7
74359.8
43388.9
59763
58988.6
75733.4
47850
52169.2
51808.3
51622
54007.8
44530.1
49587.1
50291.6
53741.8
43081.5
57186.6
60981.6
43427.7
34806.1
66414.1
66624.1
45279.8
49971.8
49327
41237.3
34393.2
49766.3
57257.9
44843.7
44526.6
47663.4
47318.2
38562
56062.5
64572.1
46879.1
56925.6
45009
40264
44122
55692.1
43552
37040.6
79946.2
39626.6
55788.3
44951.5
36270.8
57076.9
44284.2
50200.8
51024.9
53757.4
51492.1
43438.4
46136.2
61459.2
27978.4
38724.9
50033.5
40797.3
56527
41462.6
36789.4
36399.4
58347.3
62991.2
71041.8
51993
61034.7
74094.2
64371.8
74335.1
61710
72077.1
66774
65937.6
52763
44151.7
79643.3
55775.4
74266.2
45333.7
52425.5
41216.1
55454.2
49530.8
46044.1
75485.7
57115.9
40850.2
43084.2
59266
64956.4
50800
68481.8
59570.1
50681
30682.3
55726.9
59267.7
53464.6
55759.6
49645.6
52938.9
50631.9
71268.5
40442.2
57953.4
34446.2
47951.8
48329.4
54719.5
62135.4
66999.9
49025
51549.4
50984.2
53449.7
35572.9
44674.6
72691
29539
52778.3
54272.2
45941.8
39655.4
36897.9
49245.9
59339.7
45134.5
66325.7
60142.3
37907.4
43097.5
34046
51281.7
49681
50996
44612.8
43174.6
45566.2
47345.4
41283.4
63847.4
54070.3
55725.5
44740.1
39381
37170.4
61605.4
54126.2
54412.9
53291
46389.1
56877.9
50327.6
52923
35268.6
52561.4
43935.1
42024.5
65121.9
55984.6
44056.6
45611.4
56060.9
47663
53477.1
46996.6
48802.8
68615.9
40490.2
63303.8
50036.2
52395.5
60186
62348
59617.3
56860.2
44844.2
52579
49172.9
79084.7
37219.8
42899
45441.9
45548.2
44145.3
51913.9
59944.2
28506.1
61109.8
43127.9
66812.6
68700.5
54060.4
64991.4
37648.4
35759
53031.4
45816.6
48783.2
59123.7
46284
38944.6
71911.4
54370.2
62393.5
41517.5
58693.2
36835.9
49922.1
59755.6
53734
35308.2
48413.8
53870
37189.8
47899.1
53602.4
55391.7
42604
62006.8
54552.6
44674.3
42698.8
47784.7
51346.9
44452.6
64131.2
48849.6
55124.6
70118.4
37275.1
58631.7
47525.8
52543
43713.2
48584.6
38194
57576.3
39258.1
51009.7
58973.2
62162.8
74618.7
49667.8
61430.6
46320.7
41499.8
54816.7
70066.4
59934.6
72275
57891.1
46537.9
44659.2
33679
49483.1
60283.3
71679.6
61621
45542.6
59525.8
50208.6
57959.3
55415
63807
60785.3
44769
40009.5
36818.2
48645.1
39674.2
51198.4
62619.1
36468.1
35103
44019.7
41113
46764.8
47615.2
39201.2
35383.8
38345
72967.3
51284.1
54513.6
52743.6
47339
33595.7
43794.4
53871.1
49820
66917.2
51329
47346.5
45705.9
42700.9
63553.6
62665
40149.7
44499.6
61048.3
48411.4
30807.6
43372.9
54364.6
53502.7
55308.9
51739.2
55009.8
43168.3
56572.7
72134.6
50232.2
40181.7
38860.1
46482.2
59353.9
44171.9
57414
67902.6
47513.1
44658.6
74206
65087.9
40448.8
47429
52597.7
50321
60188.5
63657.2
43055.9
56613.3
63745.8
56722.2
62035.5
61147
47157.8
62638.8
29599.8
54767
59557.6
52734.7
68318
50044.8
39588.2
53496.6
67033.3
53354.2
61235.9
73325.8
73163.9
53052.4
59467.8
60204.2
59578.1
40599.4
76531.6
48070.5
75022.2
64173.9
79523.8
62454.5
32512.2
40440.9
47116.1
67620.7
54146
57092.6
63172.1
41970
46249.7
45124.4
48235.2
43823
59225.6
31228.3
48875.1
42756.8
49726.2
42803
66041.2
47185.5
37703.7
60770.3
69077.6
53079.1
46542.7
67336.7
56540
49094.7
62800
31834.5
64471
37114.6
74648.7
84351.6
53841.1
51007.7
44273.5
35224.9
28912.3
68060.5
65115.4
46066.4
41533
38262.2
80435.2
52643.6
72923.4
57851.9
54523.9
45430.2
50908.1
50098.3
47093.8
41413.4
40605.4
54674.4
41716.6
51600.7
51549.9
46544.9
51592.6
56086.5
54425.4
41132.8
62170.3
53656.9
55878.2
56776.5
58323.7
38707.5
54316.2
30392.9
41999.6
58816.5
50806.6
76500.5
60862.4
70325
54167.7
52395
41165.7
49276.3
65616.9
43317.2
44060.6
66287.2
41410
49125.7
40635.6
30790.6
61364.6
41027
45056
34209.5
37121.4
43634.2
45276.3
35268.1
43053.8
43210.3
31055
56897.4
45808.2
63090.5
42175.4
55247.6
47647.9
35606.1
37810.1
41639.8
40228.7
44296.2
42099.8
38389.4
44432.2
58331.8
52714.9
49017.2
40406.6
56355
63429.2
48013.2
33839.8
34065.2
51750.6
30165.4
52635.9
46129
43616.7
36905
29721.2
31579.4
46909.1
48365.4
52153.4
27408.2
54746.4
35096.4
41658.9
51505.3
29910.7
40644.1
52987
45333
31913.8
54096.2
41463.4
45872.8
34185.8
37873.7
44661
46041
41576
44029
66059.8
53503.6
27721.2
43317.1
55944.7
33516.6
34219.8
56863.6
41963.7
52768.1
39339.5
41912.6
42633.7
57643
48233.8
60776.3
50504.1
47011.4
47251.7
52734.1
50426.6
66953.4
39504.4
58268.2
52711
47475.7
43982.6
49878.5
43918.6
46838.2
47752.8
50141
45339
53149.8
41196
82473.6
50456.4
71615.4
63259.8
43574.9
37100.2
45542.2
35901.5
62529
61244.8
68583.9
46830.9
40011.4
36656.2
53057.8
48934.2
49223.8
47464.6
45850.7
41881.1
45217
58693
49863.1
39613.2
40670.2
48621.9
65268.6
44310.7
35068.6
32040.4
55944.1
45334.3
67854
58901.2
49509.4
52483.9
34006.3
34487.1
56923
63110.3
76834.3
39208.4
43961.4
85196
33846.2
59274.4
71760.2
53706.1
49534.9
52897.8
47056.3
40320.7
54745.7
56556.6
49022.8
39117
47976.1
58544.1
59052.6
55418.9
49090.8
47651.7
52069.8
49641.3
55732.5
65145.3
49735.3
37386.2
54847.4
48102.9
52903.4
59502.2
57167.4
51073.4
47984.4
53482.1
46735.9
62222.2
43690.2
41692.9
55611.8
40860.1
51162
38557.5
51698.2
47782.1
63130.5
33569.8
53168.5
40021
67088.3
53286.5
39393.6
54298.6
44168
55099
51475.8
51737.9
44604
46568.3
49761.3
59403.6
51421.4
35468.5
47812.6
61516.9
44047.2
45501.3
50323
50466.1
62014.8
43010.3
43947.7
55341.1
57079.1
52792.9
42535
39902
52818.1
64503.6
49459.9
63624.2
39392.2
51776
44279.8
69849
67445.3
45946.8
79018.7
78744.6
38982.4
58699.9
69791
74207.8
60834.6
71947.7
55297
56518.2
67003.3
60862.6
54983.3
57070.4
58721.3
50534.7
53767.8
48148.9
56221.1
45130.2
48437.9
63484.2
42010.1
49476.1
69519.4
59631.4
56973.4
35593.6
42365.1
36314.3
34101.8
44735.5
59620.2
54070.2
53395.1
27447.1
40726.6
39655.2
49730.3
37482.4
66828.5
41617.7
45544.6
53146
60741.2
49472.3
52262.9
49590.7
64789
56529.4
61387.3
48075
54768.9
40252.9
52092.2
46509.2
45999.3
54381.4
42045.9
56290.2
32406
44750.9
45278.9
61302.8
33004.1
41918
50537.4
51930.3
48269.8
37234.9
52344.4
49900.3
42909.1
51029
42539
42738.9
45517.4
41104.5
75191.5
37120.6
54682.6
37137.3
45076.5
61021.6
41068.3
52796
44056.9
50471.7
73474.2
55612.5
43037.5
42897.4
66450.2
42525
51911.3
48947
56384.9
64071.9
42532.8
43290.6
42484.5
50473.8
35571.8
40707
61466.2
74178.3
59965.5
35484.3
43055.4
45589
43685.5
48655.6
53540.5
53224.9
50904.5
48163.7
43807.6
51249.8
48934.6
62707.2
47115
43243.4
33214.3
26292.6
42607.6
62395.8
43430.3
58204.1
35461.1
44748
57639
39944.6
67877.4
61833.1
56568.7
57284.5
47916.4
31110.6
52774.5
44058.1
62101.3
45902.5
45793.5
38046.5
49253.8
51917.4
45427.6
69027.5
46457.3
50303.6
50215.2
48782.6
39132.4
48492.9
56335.4
57529
56500.6
31758.6
55384.8
72095
45242.8
36629.1
42189.7
49376.7
60440.5
39130.4
48621.9
42700.7
76485.5
44591.3
44100.2
46057
49000.1
57400
52286.9
71301.5
54099.3
53723.5
55267.1
63159.3
57451.4
45814.3
53520
49824.3
55707.1
69739.4
44216.4
50164.3
52525.7
57812.9
50326.3
58786.7
66918.4
51904.9
67750.4
55863.1
42632.8
49600.6
42538.5
49483.8
45758.5
67066.9
47163.4
51943.4
48036.9
60926
53209.8
45032.3
52714.3
42075.2
33798
66521
67320.5
61814.1
49103.8
57231.4
41088.9
46537.3
69127.7
40424.2
62488.6
50935.6
73661.4
42697.7
48250.9
54118.7
68567.7
59430.7
63685.4
64911.4
50393.5
55685.2
69207.4
52471.8
56570.9
57390.8
58216
70294.1
54231.8
46540.7
38561.1
38349
48907
48118
51102.2
48058.6
56299.4
56808.7
50822.6
65133.4
38673.3
63630.2
39284.6
44250.9
63748.6
59840.4
66358.6
56672.8
28206.8
36133.5
56289.4
57282.2
55889.7
61210.8
53000.8
34837.3
50481.6
48032.7
41494.9
64049.9
65843.2
47198.6
39048.2
62308.6
63488.9
55100
72110.5
49619.6
44289.3
32099.1
54483
38621.5
43365.4
41354
42631
25449.2
46601.5
43676.1
55140.9
63227.8
42732.5
44669.6
71499.3
41105
52112.3
44966.6
50113.8
47615.2
54245.4
54012.4
50231.7
33730.3
44484.6
51155.1
66568.5
63174.8
50866.2
48583.1
49269.5
75564.2
59819.7
60462.2
47722.8
59728.2
63404.1
50928.3
72176.2
61321.3
60085.9
57923.3
41890.9
63316.1
74074.8
50646.8
57745.3
56120.9
40084
53260.3
54745.3
63419.9
56543
49718.5
51620.8
51945.8
62144.2
61204.9
75810.3
43232.5
50050.1
51630.9
48166.1
57061
65556.8
76521.3
57192
58587.9
55601.2
48630.6
49022.4
43202.3
40175.6
49462.2
48625.8
42420.5
60334.4
34346
42533.3
54502.2
58830.5
62941.8
34063.4
54332.6
39256.6
55856.6
60697.4
48438.6
68377
68077.6
47227.2
56224.3
45876.3
70467.8
61832
55401.4
57546.7
53512.6
58745.7
50676.3
55958.6
54197
51250.2
71884.8
69552.6
52984.4
60788
57422.1
60871.3
70073.4
63694.9
60812.7
72193.8
75508.6
53838.6
67598.7
47722.6
70105.7
58673.8
59145
50019
45141.4
57126.2
49680.3
56593.2
71226.6
49919
58398.4
59417.6
40017.8
35899.9
59609.9
36991
65113.1
56907.2
49007
40501.8
51645.1
53937.7
59409.8
56059.2
50645
43021.5
44575
42418.5
53654.6
77055.3
46937.1
42954.2
46229.2
49860.2
38276
49248.1
49804.4
57752.3
36254.1
41933.4
54874.5
45936.6
56666.8
65711.2
56040.2
47301.2
51340.8
37443
60423.1
50440.3
54294.5
41831.3
48278.9
43862.7
57876.6
39274.5
58340.9
58583.8
44902.6
33536.4
59034.6
61019.7
44367.5
57188
73015.4
50542.9
45498.9
59230.8
63289.4
64479.7
52041.5
50212.5
59179.8
67334
49232.9
50751.2
47401.4
55747.2
46376.8
56376.2
66199.6
50236.5
52423.8
47487.4
45234.5
66771.8
55477
50350.5
52176.2
55279.7
38524.6
38027.9
25448
56937.2
54753.2
50296.5
58352.5
76580.2
30826.5
67149.8
61232.6
50496
47658.6
68310.6
60131.6
34608.4
50875.8
66827
57293
52732.2
67349.7
53010
52495.8
63909.8
56217.9
47834
49309.6
54785.8
45910
52027.2
59870.4
57490
69933
54434.2
56888.5
55601.1
41518.6
52773.8
59798.3
37719.7
55899.5
35249.2
58913.2
49109.7
78699.5
69159.8
76741.4
45611.3
55262.2
42565.2
54353.5
56774.9
58393.4
75794.4
80381.9
63262.2
46484.3
58754.6
58891.6
84668.8
83986.3
62110.7
30694.6
54356.4
54530.1
57106.2
73422.4
54138.8
57231.4
39104.4
64910
38621.8
55904.7
59483.1
66305.8
52484.2
57455
51889.4
67352.5
38565.8
49783.8
62291.7
58103.9
38097.9
48119.8
58355.6
72552.5
74534.8
73295.3
52216.5
38280.2
64941.1
35699.3
48564.8
50003
53767
48546.4
71439.7
48688.6
36013.5
69874
60214.8
68766
60596.8
62720.5
67174.1
35382.6
56332.9
39300.2
61223.3
41817
75145.5
51270.1
50147.7
53972.2
68472.5
51823.2
52172.2
46318.3
57613
69003.1
56285.4
72332.1
50862.8
74310.3
45264.5
57953
61809
71753.2
38404.4
73172.9
36442.8
43563.8
52782.8
41848.2
51812.4
59787.4
63851.2
55489.9
61897.9
57404
66822
71847.4
44031.8
69927
64046.6
62323.1
52400.4
61401.6
57998
61420.3
57314.1
62421.5
50722.9
41019.1
61058
66247.2
59315.2
51954.8
50070.1
33675.1
49566.5
56156.7
56489.5
61488.1
70437.1
44876.9
46268
38625.5
50322.2
41557.5
55594.1
46434.9
47615.5
47035.1
64573.5
44472.2
63799.5
44296
45648.1
43512.5
57886
42776.2
67743.2
44689.1
45031.1
48440.6
58983
54578.2
69569.3
51848.3
49936.9
43581
52125.1
59209.7
55729.4
44580.1
56355.4
67527.7
43859.7
65358
57265.2
56826.8
60021.8
45731.8
50986.2
56347.8
44310
48014.2
64443.1
66941.1
57686.9
68159.2
65361
48799.7
43092
65929.2
47887
68322.2
54549.3
59231.6
72456.6
58428.6
67457.8
54538.2
52718.8
49650.4
47828.6
72394
85266.4
63497.7
63806.2
84738.9
53207.8
70418.8
66945.4
40637.9
50467.4
43004.4
68195.2
40536.4
51110.8
67511.2
50179
47578
46157.3
60733
50935
48116.2
46770.6
51686.4
29698
52671.6
45044.1
49215.2
47720.5
48735.3
51218
37487.4
62511
38033.3
47329.1
49207.2
37914.2
56018.4
48780.7
45472.5
45866.2
35530.7
45688
45922
49300
48241.8
84110.4
73187.5
56737.4
47219.2
47100.5
72554.9
72207.4
59145
53704.2
40086.3
49262.3
54789.4
40874.5
83835.8
84885
54792.6
35376.2
47968.6
56089.8
45461.4
64774.2
62346.3
39855.4
36477.3
51223.7
60358.2
60940.2
65278.3
62187.8
39866.6
47468.2
52224.6
50914.2
41456.9
56583.9
51504.8
35728.5
54236.7
40235.4
65083.4
43097.4
47674.1
54656.1
55524.7
62700
60108.8
44933.4
58241.8
61534.6
46422.6
60892.3
57263.8
54270.2
83958.7
66928.7
59816.4
65928.6
43881
56783.6
67904.6
83118.2
61044.1
62896
63371.6
44079.9
69284.3
75083.1
67014.2
57168.8
57481.8
56444.6
76072.1
56270.1
63371.6
67837.3
62887
73068.1
59191.8
55727.4
55813.4
42891.3
55442.2
49563.4
47586.6
81903.2
76121.4
46813.1
44829.4
45912.6
48329.4
62267.8
73947.9
64517.4
50469.4
47017.4
54103.9
60840.2
50706.5
47337
56291.7
65379.4
54756.5
47589.3
73698.2
69239.8
53494.2
54683.5
77799
55028.2
72532.6
59569.4
63370.6
60691.4
81198
54306.2
58779.7
60248.9
60514.4
61022.7
49186.7
64742.9
75665.7
58908.4
54309.4
47333.8
51141.8
62922.2
54383.1
63085.3
42980.6
54448.7
42568.6
46789
55444
64246.9
59142.7
47292.9
48894.6
43079.8
38784.8
64398.3
76600.5
62436.8
60035.4
61623.5
54085.5
59330.2
54388.9
78951.6
67691.9
40882.1
40344
62091.8
42578.8
62528.2
58011
65829
54189.1
62394.9
45965
65009.9
58669.4
60362.7
54874.8
53140.1
58836.6
54614
67542.4
58739
49340.5
50405.5
38298.6
30798.8
56163.3
60414.6
79251.5
44295.8
64894.7
40121
52543.3
60329.9
59727.8
61287.8
66066.2
43076.6
54852.2
48221.8
53637.6
58146.2
48745.2
65500.9
66416.3
58254.5
41833.5
37811
33356.1
64159.4
44451.9
35766.1
33137.2
43423.6
38495.6
40981.2
43381.3
60511.4
58749.1
61552.5
39698.4
36954.5
55761.5
33156.2
41199.6
50056.3
46380.7
36751.4
55505.9
57793
47722.3
31616.2
33789.4
45425.8
56920.7
40536.3
39615.5
52064.9
58839.4
55759.6
68733
59139.7
62920.5
30314.6
63837.3
50846
51220.2
64104.4
49464.1
79258
59850
43862.2
45235.7
63007.8
31082.6
50121.2
48240.8
49603.3
62082.9
45968
26591.8
72944.3
59892.3
53301.1
56723.1
47295.4
49580.4
42585.3
43847
60733
63865
33416.2
46259
31846.4
58516.3
56290.3
52662.2
40466.3
51288.8
52701.3
40923
55381.9
56017.9
43760.1
46682.2
49810.9
54991.1
66181.8
38368.6
55816.6
42211.5
62644.6
54026.6
46360.5
58474.2
60249.4
38863
60285.6
41735
57490.9
47901.7
59089.4
59493.9
50113
51216
52919.9
53291
57609.7
53702.7
62728.7
42426.1
48178.2
67390.5
56944.2
60542.1
49108.7
68014.6
54631.4
61664.3
59375.4
65752.1
50519.3
33907.6
46264.9
45130.5
49713
58599.4
51190.9
40469.8
43132.7
66016.2
45090.1
43565.3
44798.6
38678.1
47892.5
45496.3
65216.1
47921.8
50736.6
34914.8
52480.6
38319
56793
42743.2
46253.4
58544.1
45601.6
55834.6
53875.4
53850.1
46328.5
40192.5
28325.8
50274.6
53377.8
70848.6
53739.8
45297.6
26316.2
44223.4
62078.6
52587
44058.3
56035
45953.4
52669
48999.8
47150.2
38343.6
31213.4
49878.4
26835.1
50064.2
52702.2
45883.3
37607.2
39915.1
45620.2
42192.7
56851.5
43494.2
49819.8
53134.6
63151.3
51678.5
55194.6
54442.2
63500.2
41381.6
65279.2
34326
68703.8
46068.7
65423.1
49083.5
48973.4
37150.7
48459.4
56144.5
56342.1
50779.2
45683
47740.4
58963
45533.6
34661.6
59607.3
45650.9
57252.7
47681.1
48153.4
49172.1
64977.9
60320.3
49909
53551.7
84415.3
60133.1
41683.5
64315.1
64222.2
68847.4
52998.3
67324.9
38272.1
52786.4
57788.4
68011.9
67593.8
60673.8
49315.9
49844.9
64960.5
45045
59453.3
45279
40199.8
53414.2
54239.7
52746.4
60055.8
31172.6
72323.5
59727.9
56133
44502.1
52035.1
58496.8
63695.7
45352.2
57144.5
46646
48881.3
52534.3
57972.7
47812.2
45207.8
65947.8
47266.6
50681
39213.5
41091.6
54254.9
44647.8
57955.7
53611.8
42458.2
46967.4
41256.3
45722.6
63016.1
56368.3
71615
50327.3
57052.3
32671.2
47369.9
51967
58357.8
62243.6
64865.4
56942.4
58973.6
41873.7
65312.6
57508.9
61849.5
75400
56069.1
56164.6
39710.1
36795.8
53908.8
48844.8
71635.4
58453.6
36972
38569
31590.8
51563.8
72349.4
49980.6
57728.1
33955.2
49914.2
55908.5
55690.3
55853.5
48145
47485.8
62077
49035.4
48490.2
65929.4
50553.9
39041.4
51615.9
44287.5
47040.7
48790.4
43325.8
50914.4
47035.5
56950.3
64833.4
42681
44375.3
33259.1
33981
56968.4
41528.3
42655.2
33378.7
46834
37770.2
43254.4
43895.7
36613.5
44278.8
65931
37087.7
35921.8
37225.3
37336.6
52230.8
43136.9
42643.7
24840.9
39801
52016.6
41847.9
52927.5
55121.5
50265.5
44062.3
30541.4
54035.4
58723.7
35368.5
29843.4
48189.2
43450.2
41757.9
61838
43223.4
26730.3
42871.3
40015.3
38738.3
34384.6
40935.8
31721.3
47148.2
53310.3
48779
47349.5
38493.8
43046.7
27537.8
45366.2
46974
28442.6
36013
48511.4
23666.9
37417.6
49940.9
41382
46600.2
59373.3
45898.8
47103.7
32630.1
41462.5
48074.6
60424.1
63019
34395.7
39917.8
43407
51119.7
45108.4
35312.7
65760.1
44878.6
34366.3
43380.2
32383.7
50592.2
52715.2
55595.4
34292.4
46330.6
37474.7
47809.2
39530.5
55276.1
48920.8
51945.7
45820.1
37222.3
46094
32633
62251.5
46876.6
37736.2
51980.6
45067.4
42125.5
50368.6
61518.8
50092.1
52594.3
48561.8
47808.2
49444.2
50773.4
47913.3
53040.6
48125.4
50116.5
59416.6
46770.9
76327
66657.8
35631.7
63276
51768.6
34420.6
43790.3
39467.1
48672.6
51888.1
49132.4
32278.9
45756.6
44432.8
49450.8
64059
53569.6
30487.8
41817.7
39493.4
59031.8
69154.8
41902.9
48303.1
44728.6
45127.5
49030.8
58594.3
56042.6
58366.6
54503.3
60245
62384.8
42863
56293.7
43021.5
55199
28722.2
47497.1
52345.4
61230
39248.6
46526.8
40265.1
43129.2
36737.4
40998.7
51875.8
73231.4
35373.2
52610
38999.6
35381.3
59306
44595.6
43918
41169
42364.6
62416.3
54674.7
44141
41922.4
49604.1
53500
54638.3
59491.6
42112.6
53402.2
48299.2
62834.2
63755.8
72661.6
48277.3
51480.2
41584.4
26199
37285.8
45839.2
56072.2
54136.1
52509.1
36819.8
54913.4
63685
73664
42084.4
34198
56550.1
29146.4
36601.3
65229.8
70406.7
52140
47183.3
35453.1
38134.9
54853.7
68353.8
61206.2
52801.2
41047.3
37678.2
38588
56992.1
58227.9
84387.5
56686.6
44996.1
50416.6
67199.7
51104.5
45594.6
44371.3
33369.1
44458.1
58808.7
63696.9
70312.2
59469.3
71325.8
47526.7
38404.6
70762.2
58602.2
40949.4
56918.2
48220.1
55287.6
62815
51218.9
79201.5
79736.5
54358.9
34706.3
35053.1
39716.9
67385.6
39858
62471.9
45304.7
48605.7
56535.8
40225.4
46409.2
83921.9
67774.1
51070.6
60709
36232.8
44628.2
51570.2
63105.4
55048.6
56135.5
44563.4
39280.1
44549.8
49576.9
41868.5
37792.2
55574
27390.1
43116
56310.7
43378.1
37112.3
25840.4
43857.8
40679.9
62643
46070.6
62693
40066.6
25543.9
40566.7
39788.3
68274.4
46518.5
45363
28172.4
51616.6
42207
58644.7
64351.4
47404.2
41789.6
31440.6
58389.8
36686.6
60190.6
43244.4
32597
68301.3
53964.6
51159.8
53431.6
53874.1
45322.8
43127
54615.8
47673.6
46702.7
47761.3
57019.3
51735.8
57765
71050.2
63071.2
46123.5
47478.7
53928.7
45935.6
48587.6
50140.6
54949
62270.5
39957.6
28529.5
35016.4
42579.8
53859.2
49003.6
53719.9
49654.2
39805.3
53051.4
36857.4
54383.8
46162.5
42494.2
61464
52090.2
66211.8
64690.6
59553.2
45751
43753.1
44974.7
44791.1
49930.3
71702.2
52730.5
57139.7
39834
39235.4
72899.3
58178.6
50806.2
61735.7
59478.7
67365.8
70166.3
37902.5
46847.5
50398.9
50699.8
70244.2
48998.7
40267.4
41739
32225.4
50514.9
46113.3
61191
36286.9
66587.2
73983.4
36854.2
51766.9
61846.1
70838.9
38778.9
51517.4
52814.3
32817.2
29291
54161.8
53392.3
46838.3
43491
46720.8
42032.1
51026.4
46561
43776.8
59041.6
60870.6
58290
49033.8
41725.4
50770.2
56171.6
53153.7
78258.1
44073.9
42521.4
67705.8
59723.7
54425.5
37954.8
57352.1
55741.2
34180.6
49268.3
45749.7
55486.5
45364.6
40181
60276.2
56988.4
61475.6
55595.5
49983.2
45894.6
37331.4
55537
64863.3
57035.8
46848.2
53363.5
53654.5
51286.6
47615.2
53059.6
53853
47544.6
37779.4
66393.1
57775.2
66294.1
68369.8
49265.9
62551.9
46079.9
38840.4
72873.2
61976.7
55595.9
46775.7
44419.6
60278.2
63140.9
47390.1
45893.1
54300
59900.9
43066.1
43387.7
48539.4
43599
48021
42969.3
38340.7
40553
36413.7
51588.1
55570.9
26928.6
43016.6
47020.4
32546.5
48020.7
53630.7
47471.3
44684.2
46977.4
51872.8
58188.5
50735.4
28216
58756
24484.9
61348.3
58716.4
67097.1
41082.2
33137.8
31580.8
48142.6
44477.8
48155.2
49924.1
49849
29752.5
47161.8
57163.4
42427.8
50393.4
32900.6
46160.3
50612.6
69152.4
44993.3
61275.8
36897.7
39159
45919.7
36367
44403
60298.4
57931.9
46692.4
45783.9
53113
57069.7
44065.8
62491.3
50042.2
50521.1
47434.2
50124
49764.3
64091.2
35784.6
56255.5
51470.9
56834.9
56253.5
40543.9
40955.8
42236.4
50061.8
37905.7
45335.3
42668.7
59521.9
59788.2
24396.2
45487.1
36760.9
38277
49378.6
43181
37428.6
48607
43133.6
46527.1
53731.8
41566.9
29684.3
30080.2
48416.2
47595.3
51261
41643.7
46044.1
34433.5
44265.3
42942.2
46714.2
49462.5
40302.8
29662.2
47113.4
39333
48089.8
56758.6
74633.4
44591.6
42965.1
33363.7
43637.5
55361.8
52944
73305.8
47433.8
62767.8
34940.7
34173.8
44236.9
33007
37227.3
42803.5
35906.1
51547.8
30627.2
49393.6
38741
60794.9
50133
39131.3
31535.1
46494.2
41861.4
48846.3
33657.3
57176.2
39869.4
37151.2
45033.7
28035.8
42804.3
59446.9
40552.6
45024.2
43090.4
50531.8
38889.7
50441.5
39737.8
52445.9
56559.6
58306.6
40499.8
44522.4
49683.4
60650.8
57877.6
43847.1
40807
55205.2
57499.4
46844.4
69991.9
60561.2
39395.4
54094
49120.4
77151.2
47526.1
50310.6
57270.6
46279.8
39453.7
55444.7
48861.7
55908.5
63859.4
56082
49911.5
59182.8
50309.9
50633.3
38296.6
55781.4
56922.2
59364.1
62588.4
59314.2
48874.1
38506.6
50855.6
54578.5
71243.7
50704.6
31864.6
38317.7
62124.1
54554.3
66038.6
63855
45219.8
43701.6
46232.6
26984.1
65310.4
40050.5
45815.8
57280.9
39864.3
49503.9
37253.3
64554.2
61166
55117.5
35288.3
38262.6
59460.9
63033.5
58591.8
60079.9
49235.4
45032.8
49199.6
48725.8
56133.3
60355
65180.2
55949.5
35825
45119.6
41319
40555.5
43917.4
64950.9
64188.8
49544.8
42471.5
51954.5
54182.2
38999.2
45678.8
73321.3
48372.1
51072
41026
61835.3
46327.4
53049.8
46414
61810.2
62376.2
40097.5
43008.8
61979.4
58712
63460.3
61901.2
62282.5
47877.5
49550.7
60211.2
52167.9
59836.4
59714.9
55953.5
65064.2
54989.6
64231.3
51040.6
56775
72373.4
56059.1
74894.3
53803.1
60167.4
66074.9
49028.3
55326.6
63289.3
69729.4
74576.3
61858.6
59069.8
73828.2
62293
40038.2
63248.5
84638.4
66266.2
64902.2
75469.1
51621
60058.1
47602.7
68639.7
69647
74420.4
79208.9
62953.9
40422.4
52502.5
79568.8
59638.7
61209.8
55521.6
56556.5
72895.1
64830.3
48132.7
50923.1
75532.9
58479.5
45124.6
54372.4
62029.9
70691.3
53555.4
46514.2
62096.3
75756.2
69079
56357.5
60920.1
47592.8
52552.3
46960.6
45204.7
49777.9
54719.4
58774.2
71214.2
55902.9
68720.5
46048.7
48243.8
47195.4
63076.4
62950.6
55600.4
41702.6
37123.8
48689.6
56404.5
65390.1
50595.4
72884.7
57119.8
44104.2
51052
72799.4
58848.4
53393
65618.8
70361.7
83953
80770.3
43658.1
62704.7
60169.9
66847.3
38187
50404.4
73898.2
65724.7
46883.1
48858
63942.5
40795.2
53187.6
43751.5
48284.4
44301.7
51246.2
74971.1
53187.6
50806.4
54823.6
63747
45774.1
64320.6
66522.3
63016.8
65182
40553.6
38568.1
38414.1
66817.4
59117.4
61146.4
60889.5
61307
47148.2
57900.2
50682
65659.4
57283.4
58435.1
48930.9
49273.1
59807
44376.6
53748.2
47901.2
63189.5
62685.4
57132.9
48565.8
44297.7
73166.6
61576.8
50907.7
55516.6
46006
74613.9
41083.1
63059.6
42583.3
46874.9
40737.8
39206
50529.6
59208.2
45965.2
66148.6
53895
37045.3
45585.8
55737.9
52492.4
63427.5
49617.6
50816.5
50580.3
45180.5
55938.9
59971.6
54479.4
37704.5
59972.6
42514.2
54580.7
41996.6
59051.8
50409.5
65700.7
58150.5
49725.7
49753
34803
45737.8
46963.4
62202.9
39911.4
51626.6
49126
56443
65597.1
53392.6
67088.8
29229.7
48655.6
58439.2
29471.8
65536.1
42409.5
44874.8
34382.3
53106.2
66757.4
24884.9
57875.5
47184.1
54560.6
60401.8
69600.2
39808.8
55865.2
51289.8
68017.5
57531.2
41979.1
43423
41753.8
74205.1
43246.6
56778.9
75276.9
44072.1
43400.2
51955.2
58369.3
47555.3
49627
32594.4
40073
54466.4
41137.8
59648.6
46372.9
36033.8
25863.7
39481.2
43126.4
53804.9
35040.2
43128.7
35983.4
34523
49664.7
51154
44986.9
38422
44554.2
29635.4
45839.1
36099.8
73765.5
42251
26446.2
34733.3
64501.2
53336.7
49677.6
44326.1
32376.3
69285.9
54502
34271.4
53403.4
55156.7
39484.7
42228.1
59160.8
58407
37814.5
58215.3
28276
33644.7
28605.9
52215.6
45530.1
63042.2
66861
51318.9
63588.9
35823.7
50344.6
51607.8
45036.7
42089.7
41078.2
37399.9
42912.6
29887.8
39049.7
42200.2
55139.9
50190.3
32794.6
53928
50301.4
46045.6
41927
53579.8
47426.8
46894.9
34015.7
45475
78140.6
66984.7
47371.2
43208.7
49015.7
42872.8
45831
49162.6
48334.6
53699
73041.9
56292.5
41599.4
62837.4
50501.4
51394.2
45156.7
82271.3
55937.5
56843.1
56993.4
35112.9
42847.9
60420.2
71585.5
50672.7
62994.9
46042.2
45149.7
45942.7
55306.7
63230.3
50940.9
53843.2
47826.2
43094.6
49620.7
59545.6
41170.1
49227.3
39693.1
37505.4
38681
44531.7
52639.8
48089.9
53672.6
52837
37307.5
60813.4
49823.5
45957.8
53532.6
65400.4
34889.8
57187.5
56209.3
51152.9
47913.8
38649.8
51672.7
48715.2
56606.5
73308.3
48155.6
48262.2
49067.3
69655.7
61467.7
38221.4
63712.3
34042.7
74769.8
60466.3
57297
59859.4
83492.6
30049.8
45685.6
38175.8
60133.9
59950.3
62897.8
44385.1
52927.5
41990.4
54119
49733.6
68223.6
48875.9
47861
56231
37871.2
51835
54077.7
52107.6
36020.5
48784.1
39075
72295.4
54282.1
79844.2
29914.4
51287
50758.2
73692.4
49647.9
45894.6
46097.8
50369.3
59079.3
51497.8
43391.8
66044.2
57424.7
50787.4
36877.8
54646.2
55444.6
48513.4
49570.2
40004.3
65276.2
40943.2
42489.8
31813.4
58913.8
60913.4
36738
58060.6
35081.9
58670.4
51713.3
57557.2
46971.4
57363.5
36977.8
49320.8
37934.2
52869.6
56996.4
64211.5
57053
37472.6
59384.2
46868.2
48991.8
45358.2
54084.9
51370.6
44469.5
43534.2
39080.3
49173.7
55105.6
41571.3
52137.4
32969.8
56612.9
49747.5
55053.4
37559
43891.3
44794.1
41064.6
40059.9
69035.7
65593.6
62776.8
40338.8
58331.8
53761.2
66347
48355.4
47695.7
71930.8
42982.6
59788.3
58392.6
37767.2
38465.4
46925.3
41780.7
61902.3
72302.4
58193
72423.6
65958.7
46820.8
46588
44855.3
60387.3
43839.8
61367.4
40600.5
39318.5
43694.8
25759.3
58060.8
46632.9
26512.5
37671.6
50726.2
30928.1
61315.7
36849.1
57229.6
48776.9
52893.3
45629.5
45686.5
54523
43690.2
44726.6
35663.2
35634
37256
52991.1
61563
45514.2
45606
30802.1
33181.8
40188.2
46731.9
30845.9
69343.6
54608.9
38403.4
44946.9
51011.8
32989.8
62829
46136.1
44998.3
53673.3
44471
47658.9
52770.8
22775.5
49741.2
46750.3
52498.2
56680.7
41028.8
47902.3
70814
41529.3
43635.4
55408.7
65656.4
60596.5
38493.7
60844
56767.5
47590.9
53135.8
51160.2
54883.5
57896.4
69280.5
73848.2
38854.3
46065.8
68000.7
64494.9
82168.7
68245.3
58249
37276
46049.8
48140.1
44602.5
56818.6
62986.4
42824.6
42306.2
47967.4
44289.4
59168.3
85115.2
52070.7
64362.2
46278.3
54463.8
50492.2
68820.6
44194.1
66458.7
49108
65165.8
55453.7
57816.2
47091.9
50285.4
38115.2
49650.7
57827.5
41861.1
42350.9
36937.2
49649.8
57518.7
48428.6
48061.7
54547.1
54314.4
51422.2
40849.8
60627.2
47833.2
46093.3
66554.6
45884.6
50539.6
64539.8
58817.8
56455.1
35985
39376.7
54678.6
51898
53108.6
42474.4
48610.3
45214.8
46950.7
48058.9
53729.8
35399.7
50700.6
40739.4
54783.6
33581.8
57953.4
59171.6
42249.5
66932.2
66429.5
67003.7
68631.8
69507.4
41335
54094.6
54327.4
56906.6
73212.7
62148.2
48147.8
44750.9
71833.3
59333.5
64919.9
53244.5
58215.7
61402.9
44802.7
38425
67770.8
36175
47886.2
58933.4
40372.2
39085.4
51013.9
51529.1
48276.4
53591.7
40886.5
49045.5
52374.6
47953.3
53486.1
60804
62678.4
61839
38883.6
41854.1
51371.1
43806.6
71299.4
51552.6
59487.4
56990.3
49039
55628.1
44577.1
61669.6
49097.6
62707.2
60103
74171
40678.5
41307
50184.2
56740.5
59351.6
50105.4
50752.2
54663.1
49868
53823
43120
53553.5
38912.6
45693.4
53415.8
61234.8
73330.5
57363
53131.7
65272.6
44477.2
36622.4
64479.8
44299.1
49952.3
47544
43942.3
38125.2
63298.9
43617.8
44908.6
34337.6
53894.7
41445
42786.1
43283
53623.2
57522.8
46057.2
57296.8
56680.2
43932.1
38563.8
49139.4
55440.4
55023
55535.2
53684.5
48680.4
51090.6
53369.1
38434.3
52338.8
53274.6
46492.8
52252.3
62159.9
63797.4
40029.4
53058.6
62324.1
45770
81707.1
54158.6
59052.1
29118
41868.5
37273.3
39478.9
60634.2
43481.4
56588.2
40019.2
46667
58277.3
70300.7
40282.7
44471.5
43038.7
44536.8
41706.2
52499.4
60999.8
44192.1
38600.2
37482.4
40543
43146.9
53284.7
49957.8
30273.8
35633
43834.4
42422.7
46520.2
26881.2
54817.8
42334.1
41597.2
48295.9
47362.2
49283.3
56160
39578.2
38587
44698.2
41094.6
37719.1
58457.2
49724.8
42433.3
29065.7
27291.3
37065.4
43331.6
48561.9
42565.4
31704.5
41198.4
48837.8
60658.5
49451
52697.6
32385.8
53443.7
50577.1
41563.1
49735.4
56866.2
39293.6
63293.5
65911.6
56993.8
70155.8
57877.5
57833
57439.8
41513.5
46174.3
62906
61876.6
44094.7
42512
55207.2
65888.6
59979.8
56955.7
45561.7
56732.4
62065
48578.8
48312.3
65501
63765.7
72768.5
51127.4
46748.3
47615.2
33546.3
74475.7
51228
45211.6
59999
47954.1
42152.7
50375.5
66349.7
55243.7
40653.5
46771.9
42659.6
58093.4
55196.6
33555.8
35813.5
31234.3
50931.4
41614.2
36758.2
45538
50110.6
40300.6
49562.9
39566.9
56485.6
56941.6
47887.7
39476
43728.6
44803.4
40806.6
46499.8
36953.9
34407
40157.2
49307.4
46309.1
78914.2
43880.2
29520.3
51406.6
59479.4
57687.4
65307.2
51242
42246.6
34112.3
42362.4
53354.9
76901.9
66298
51831.5
35574.9
50325.7
55560.4
65561
76002.4
79618
46958.2
51799.4
62317.4
55987
66371.5
51015.3
64664.1
63221
55454.5
41352.1
36065.1
66028.2
48084.6
69711.4
56223
54204.4
48404.2
54375
44928.2
52588.9
76619.6
47345.8
58655.5
58081
31991
34415.4
57115
77845.6
41860.7
59423
48971
41449.8
51699
57435
77775.8
45915.9
57779.6
45482.6
55871
67110
29580.6
63641.2
55221.4
82214.7
59252.1
57776.8
50197.4
54105.7
40013.6
53072.1
47101.8
54999.7
66364.9
62793.3
62729
30616
62019.8
61342.6
52613.8
66720.1
49139.4
48809
52142.9
50261.8
51238.4
49940.6
53167.7
39999.7
65410.8
38770.4
67995.2
72471.1
64816.5
50996.6
70078.8
59391.4
47481.2
54005.2
48673.4
34775.6
83204.4
75498.9
52636.2
48411.4
49643
66284.5
67605.4
86077
84938
44837.8
53881.6
39624.4
27779.9
49496.2
75703.4
70609.8
62206.9
55225.4
40603
36099.8
48439.7
63044.7
65957.8
48834.9
44380.4
36791.7
46508.1
42253.9
47487.4
83205.4
57409
39027.6
48416.2
57044.8
48153.8
52704.2
66870.2
42866.2
42973.4
54630.2
33776.5
50390.1
27262.4
49834.5
66105
48184.5
59916.2
48236.4
36839.8
76450.5
45977.6
55984.1
64006.1
62230.5
44155.4
49535.4
44533.8
61941.3
49539.4
51608.2
50771.7
41516.9
42104.8
48854.6
51083
45267.5
47962.8
34844.7
63671.8
55683.2
55997
37103.5
41223
56195.3
55397.3
37718.9
48678.5
43947.6
68363.6
55782.1
41497.9
42941.4
53441.2
61421.7
44923.7
58643
58001.5
62595.7
46840.5
68459.3
38543.5
41294.8
62375.9
58230.6
49604.2
56616.8
51459.3
57474.6
49157.7
59859.2
40713.9
58943.8
58953.2
62736.3
64791.6
73863.4
55465.2
50642.8
63641.1
61269.2
67197
81876.4
55436.6
81749.1
48100.5
43485.8
49256.4
70476
65159.4
50586.1
66378.6
51003
57018.6
68236.6
51989.5
52116.6
62963.7
60843.8
38830
46211.8
51830.5
59566.3
54634.7
75934.4
69858.3
32775.6
56478.7
61288.2
45405.4
51857.3
55894.5
48595.4
65394.5
51466.4
49532.2
42873
40952.3
47798.3
38937.2
62188.5
47290.6
39790.8
35653.2
49864.3
50168.7
45401.1
53338.1
57862.9
51602.8
50345
37827.5
45472.9
45905.4
50477.7
49359.8
54613.6
47085.9
44027.7
41402.6
53387.4
57207.5
38073.6
62838.8
42735.6
41851
56731
45221
57724.2
38134.4
42097.8
50194.7
52552.6
54146.9
57189.6
32522.2
41730.4
52337.9
36052.6
42816.4
32784.9
40541
45694.1
41808.7
66143.7
47660.1
44679
48744.5
47583.1
34798.7
42143.4
75378.1
59785.4
33042.2
57290.2
66061.8
37577.8
46950.2
59170.2
58530.3
36528.2
41240.8
59902.2
47372.6
51673.4
54873.4
48552.3
40172.3
63936.3
54194.6
66495.1
38615.3
38522.6
31069.6
27776.9
49727.1
42589.4
36465
53924.5
66472.5
52365
36675
48810.8
38102.2
37722.9
49016.6
51669.7
45607.5
54093.3
48200.1
49605.1
38080.6
54929.1
51343
44040
66590.5
43774.4
58333.4
56304.2
41074.8
45135.5
62202.3
60416.6
66006.3
58824.3
41064.3
55232.2
45975.4
49596.2
66109.4
51689.4
34192.2
54002.6
36731
41881.6
58045
53144
57912.5
62852.9
45277.6
39452.8
53129.4
49278.6
49937
57019.4
41124.6
47235.8
44470.5
59050.2
65568.6
51244.9
38635.5
58528.5
55851
39925.3
39238.8
54510.2
63515
46319.9
37595
52352.9
46374.3
64478.2
49562.6
63389.2
47531.8
49833.8
51920.3
43800.2
65240.1
41129.1
49109.1
30560.2
53448.4
65548.2
41391.8
56162
35167.9
43562.6
48810.4
39468.2
50808.1
36258.6
36846.4
48655.2
35661
30553
59312.1
37316.1
37688.3
51621
36052.8
36823.2
43515.1
47312.7
56895.4
67735.8
34221
43985.4
54000
53832.5
53223.9
50714.1
64410.3
48072.6
51927.7
61289.9
70653.4
68291.3
49501.4
39618.9
39729
42078.3
42908.2
59147.7
44299.3
39852.8
43070.6
33624.6
46867.5
53167
59719.4
39219.8
41418.8
36220.3
43966.1
35370.8
65024.8
59447
34713
35484.8
34581.3
42673.4
54630.8
62125.4
40827.7
57756.7
56720.7
45746
46273.4
45641.9
49087.5
49713
41011.8
56309.9
41385.1
56536.2
48407.7
39590.6
34869.4
50150.3
58506
48604.6
50447.8
49367.8
41581
48647.2
54310.5
52446
61257
40736.9
34304.3
33168.6
41533
43185.9
43163
56928.9
31523.8
41001.5
44726.6
39740.7
48507.2
55323
63964.2
34896.5
37660.2
53598.1
29752.8
62229.1
46089.5
40017.8
35374.2
70631.9
59652.3
56869.5
67315.6
32435.3
43132.2
32163.6
50574.1
63975.8
49158.6
40163.1
55585.5
61419.7
49200.2
41931.4
53781
48214.7
39451
36483.3
38699.2
46635.7
51263.8
62143
56929.8
52781
44888.3
45690
50005.8
46130.7
42608.2
58526.1
48313.8
43341.7
41759.8
26274.3
42673.9
35066.5
45824.2
42884.9
45152.8
38195.3
48424.5
43461.3
39433
36502.5
30098.1
24084.3
56132.3
51698.8
37335.1
46600
34401.3
40626.9
39852.2
66864
62012.4
65514.4
64901.5
35572.9
50993.8
53560.4
50914.6
66828.1
37829
53736.3
48447
60522.6
52494
45424.3
79012.6
37303.7
54172.6
41799
41920.2
57065.4
70530.3
46437.4
53307
29380.2
47567.8
46600.9
58937.8
38351
52404.8
51995.8
50814.7
54724.1
45233.2
60930.6
50070.5
56704
50690.5
53233.3
32401.1
63557.2
57222.1
57195.3
48697.4
53539.2
62143.7
61452.2
60728.5
55162.2
48383.4
57126.5
31023.6
41134.8
39876.2
52367
71793.2
45559.9
45846.1
43057.8
47295.7
58963.6
47356.2
51214.9
51333.1
56873.3
53585.8
64264.6
43199.2
54864.5
68894.5
48229.4
45738.1
54171.1
55808.2
39727
43255.3
46974.2
45458.4
52133.8
82806
59192.6
58934.9
41033
54808.7
33715
68807.8
67392.1
59868.9
52920.2
48300.4
50868.5
55263
59065.2
41095.1
72638.4
53869.3
54729.2
45537.2
62306.5
43029.4
53522.5
61543
54917.4
53795.7
53865.4
58439.5
65216.2
50359.1
54801.4
50301
58161.8
54517.1
46189.1
46981.8
48122.7
41814.1
56020.8
54166.4
48554.9
55923.5
44386.6
69150.7
76540
50414.2
44259
50183
67379.8
50406.1
48485.4
57101.7
74042
45667.8
69831.4
59100.6
57422.6
50399.2
62857.6
76726.3
71562.7
46637.4
44391.2
64518.7
54563.1
55421.4
67037.9
49741.8
50737.1
54977
67950.2
70617.5
43634.2
58086.8
46039.4
45559.8
60324.1
58570.9
64843.8
71978.3
66706.2
58909.4
64005.4
57960.4
53218.2
51182.7
69964.1
45087.1
56596
59549.6
54896.2
50809.4
67101.3
48592.2
50006.2
50227.1
44525.4
68484.2
46765.6
51152.7
59812.4
63318.2
51276.7
52203.4
51013.5
48362.3
54995.8
60487.2
48356.2
37047.8
39165.8
39649.2
51292.9
50920.2
45140
37699.4
46934.9
37453.8
57294
56647.8
50323.3
64798.6
45112.4
53154.2
54020.6
52440.8
53494.4
53741.4
67308.5
30681.7
48201.9
66339.1
48507.5
40830.5
60715
49491.9
41722.8
58838.6
56839.6
64383.1
49428.4
53878.8
55921.2
36315
53981.3
65438.5
50335.5
54647.7
63768.7
36693
42748.4
48331.3
56876.2
49697.5
66701
59054.5
35741.6
43608.2
70716.3
45812.6
51251.8
58594.2
39300.4
47377.6
43215.4
55122.6
64816.5
56682.2
39955.8
40067.1
75426.2
58591.4
44949.9
39671.6
56090.7
72863.5
66519.6
52625.7
64529.3
37741.1
40170
59690.1
67438.6
43485.6
57716.4
44070.1
48078.6
43977.2
65879.8
57189.2
59786
36756.1
46427.2
39490.7
69808.7
60020.1
50928.5
33209.9
50171.7
44339.6
62141.6
45622.9
54287
34607.2
64623.4
47400.6
55089.4
51740.2
38224.6
46197.9
61186.2
54339.9
53965.8
57345.5
49835.6
55517
39511
41236.8
60839.4
60982.7
41140.3
30160
56125.4
37161.9
37985.7
54791.2
46932.8
38123.6
53055.6
52757.2
37864.6
45746.2
39149.9
41645.2
35488.7
43021.4
54505.9
43228.7
48391.4
34251
40441.2
39046.9
29378.7
42991.7
49305.5
43258.9
61032.3
54710
45355.2
68558.8
67416.5
43657.6
35312.6
51416.9
37521.6
59239.7
39967
41432.8
56132.7
37463.1
44713.1
64109.5
39487.2
48903.4
33317
66505.9
36727.5
37245.8
40417.8
60664
59406.7
38096.6
60754.8
44495.8
51560.5
40840.5
45763.8
62519.8
38226.8
40438.8
70670.4
49700.3
54457.8
45647.3
60560.3
49191
50650.6
50415.6
57331.1
53050.6
74427.7
58158.6
54649.8
44518.7
35841.2
32122.6
46405.6
51841.2
48526.9
46692.4
53532.2
36954.6
53059.6
33135.4
42656.1
48560.3
50876.9
66992.2
55709.6
54386.6
36147.8
51148.9
29394.2
38995.4
44800.9
55123.4
35354.5
56124.6
40257.2
67986.8
52273.4
27762.7
48325.5
56189.5
50962.7
48330.8
54253.1
64948.2
48677.4
33403.3
60020.9
65361.6
54249.6
55085.8
61335.4
49582.2
44361.9
59137.4
43871.3
56760.6
52777.8
47353.3
36542.2
43361.8
49532.6
50399.4
45515.2
46729.4
46726.6
51052
41145.4
43198.9
59636.3
40157.6
62484
46678.3
45626.3
37011.7
37425.1
45922.1
53479.8
47959.1
54278
49790.9
69831.8
44898.6
49227.7
63917.3
51183.1
49186.7
41086
53023.4
44684.7
33632.4
46862.9
59537.4
36387.7
44393.7
67323.8
25845.6
60617.1
50449.8
83654.6
48917.9
50881.3
57542.4
50836.6
33335.6
46209.4
35376.6
42390.2
67866.6
56363.9
58394.4
56863.3
40411.5
42872.8
42812.1
54341.1
66525.6
34506.4
44773
46344.2
32504.4
55596.2
75866.2
51608.5
58219.8
53192.3
36886
51569.8
57173.5
37380.2
57735
30121.4
44011.9
38121.4
41434.6
37978.6
34574.8
59233
45911.5
52286.1
35679.7
34040.1
43871.4
50489
48361.6
57413.8
44545.8
51275.8
34490.7
26223.1
61395.9
48034.4
65465
35962.2
80325
43886.3
38015.8
48205
59260.6
28322.6
56483.1
45365
50947.2
59509.5
48437.4
55968.6
45516.6
38895.4
51761.1
49914.6
52560.7
57106
33353
39913
43071.8
58108.3
50762.8
52911.5
42663.8
38242.6
31406.6
44861.9
46980
42688.7
34130.7
30863.8
50036.8
40352.4
63065.8
43896.3
42363.2
40539
62609.1
39058.2
50585.5
59876.3
41129.7
56979.5
52365.3
34771.2
31119.4
64257.1
54493.9
39336.8
36415.1
51704.2
52966.9
32953.2
50863.9
42745.3
47118.6
51424.7
60682.2
27475.2
34247.3
30887.9
50259
46940.8
34388.2
31733.2
40883.7
31559.6
58025.4
54496.1
46716.4
40595
37786.4
35284.1
67795.5
35959.9
44802.7
51138
56068
36919
38757
54176.5
55952
38131.9
44864.4
53013.5
38411
37162.5
36850
38900
56351.1
57397
45935.4
42862.2
32231.9
42787.5
51613.4
55580.2
24966.4
33401
45333.8
49144.2
72409.8
47292.3
40181
48035.6
58893.8
54098.6
51473.4
39267.4
47608.5
63739.6
36683.6
52320.2
65208.5
73134.8
39931.8
67590
36500.6
59378.2
45883.9
48827.3
66686.7
46601.3
54550.7
64621.2
44210.7
62782
68147.8
65633.8
52700.3
54408.2
58298.1
41564.2
68552.5
49755.5
54644.2
55071.7
64212.9
54046.1
50231.8
48754.6
61137.5
56042.2
36891.5
42696.7
57409.1
57092.3
42287.9
60175.3
32421.9
45513.8
48492.2
53205.2
53209.8
45854.5
61118.2
37712.3
51899.4
48637
42764.6
41729.8
58878.7
42950.4
55036.7
43971
53712.7
40828.2
48174.1
54360.5
54896
41886.8
56264.1
30630.2
52468.6
57187.6
60854.6
37612.6
47193.7
40933.8
32435.5
32502.3
52166.9
65098.2
35476.1
43400.2
34484.2
43282.5
36094.6
40446.5
49075
46042
59786.9
53311.8
41468.9
54344.8
66645
49543.8
56677.7
51823.7
44076.6
49176.1
56314.5
48859.8
74502.2
57324.3
49412.4
53338.4
70771.6
60621.3
66188.8
71055.6
42925.4
47454.3
43072.6
68193.2
55763.1
48560.9
49541.9
42193.9
39973.2
59298.2
54965.9
53048.2
39970.1
36281.2
42966.5
49704.5
70966.9
58268.9
65180.9
48156
48912.8
29683.4
60189.4
51493.6
45875.8
46779.8
56275
36543
62903.4
53910.7
54340.8
49451.6
47812.7
31146.9
23956.2
50864.9
62172.8
58896
44868.1
39393.4
68730.6
57850.6
43845.9
68595.4
56078.9
54074.7
70174.8
49200.2
58168.1
54981.8
56826.7
45579.8
66078.4
51243.7
68059.4
47564.2
70467.1
50701.3
49436.8
62728.7
61001.2
62140.3
58939.8
64922.2
48961.6
51256.6
37909.8
48582.4
68769.4
58542.4
40334.6
39635
40999.9
45094.9
62588.9
45028.3
57684.4
60223.4
41834.8
30981.8
39369
48286.1
48028.7
62135.8
46588.4
49325.8
44407.4
47421.5
41435.1
75636.2
51941.9
42915.9
49340.7
42625.1
60850.6
58078.2
45868.9
54009.1
50766
63751.2
44102.6
51205.2
48874.9
60038.4
42248.6
64907.8
56869.5
44300.1
51919.6
55104.4
45228.6
52779.1
58644.2
64863.3
42178.2
48375.6
57424.8
52454.4
59417.9
61850
56571.1
35019.9
46407.9
61841.4
60687.9
54677
62164.1
56644.9
65843
38757
40466.9
51326.1
70473.3
44756.1
39269
41074.1
31101
66884.1
49807.2
45712.6
52810.1
57614.5
58355.2
54130.8
64393.8
56074.6
39593.8
50585
44845.2
58967.1
39730.1
52898.2
46884.2
40831.9
43535.1
43144.4
54171.6
49939.3
42042.9
41265.1
47375.8
29282.9
45853.8
56279.5
62905.1
34659
34706.1
58125.5
78020.2
72975
53358.8
42003.5
38966.8
49590.5
31953.2
54858.9
78537.7
73243.3
55293.6
39560.2
52520.8
57781.2
48763.1
54025.4
42803.2
49537.5
33724.4
52146.8
43017.9
51310.6
43634
75356.3
50252.8
53549.2
36653.6
56376.6
60771.7
63653.7
36677.4
53758.6
41499.7
50004.6
60783.3
64080
65398.1
42948
47522.7
47191.2
58448.6
57255.1
64763.3
79683.1
71753.8
63018.2
35726.3
50663.4
55031.4
52267.8
48423.8
63161.5
38084.7
58572.6
48023
46149.8
54853.1
59670.7
45069.4
50495.8
65060.8
36544.7
50927.8
39232.6
55276.9
64877.4
53447.9
53023.7
61464.1
33694.5
45209.3
68812.3
68776.1
56853.8
44522.4
36316.6
55520.3
39301.4
61401.6
32468.6
37204.3
46228.2
44121
47009.6
55147
37710.8
35419.7
47259.1
63027.4
31736
45994.1
48990.6
40155.4
40120.6
66036
62010
47000.2
45562.6
38835
53171.4
48538.2
32542.8
64044.7
50060.6
47451.8
51496.2
55836.5
39353.5
41527.7
45336.9
62037.2
39722.6
48576.3
39903
65015
52169
40810.2
48800.4
55589.6
49317.2
62699.4
42000.2
37051.6
61590.2
59675
38786.6
48661.4
61448.8
54445
46940.2
41397.5
53685.4
46750.5
45353.6
56433.8
77473.3
32088.7
42213
50865.5
44406.5
41656.2
53494.1
55346.9
60865.2
63375.6
46012.6
49494.2
64687.8
77086.6
53625.4
39053.8
48763.6
55176.7
56027.7
53034.3
45095.1
54189.3
47415.3
53945.6
39914.4
70167.6
63074.6
52522.3
54691.7
42892.4
49054.6
52334.6
49492.9
67776.8
41425.5
54159.7
45086.5
67620.6
57965.3
38630.6
32673
62084.2
51271.6
46129.6
46474.3
34554.2
45191
58310.4
40326.2
56970
37978.8
39789.4
35434.9
54175
52493.5
30934.2
50265.1
40723.1
54991.4
47192.8
33760.3
48180.1
36193.4
63547.3
52910.9
40328.1
51809.5
56799.5
52671.8
58111.5
56165.7
50113.6
39711.5
39742.1
39628.3
53430.1
70558.2
66287.5
46241.6
63763.8
51593.4
54923.6
54301.8
57908.6
48063.4
49649.6
42310
48456.5
47162.4
48218.1
40296.3
40248.6
50702.7
54822.2
58619.2
70578.9
44447
36252.2
60854.7
31996.7
61068.2
65097.1
57917
58635
43805.1
61819.9
63071.4
71432.6
74013.9
51386.5
55760.2
47007
52377.4
52664.3
56905.1
66002.8
61528
51630.4
52153.9
53667.5
39666.6
41074
58067.7
43503.2
48543.9
45140.3
42896.9
64834.7
51882.5
40526.4
46069
66305.8
54082.6
52373.9
38944.2
44939.1
42735
50074.4
42252.8
47244.6
68029
35031.8
44625.7
44671.7
46229.8
34867.4
47838.2
60975.9
45571.7
54433
55083.9
49964
36444.6
60952.1
65809
61021.8
50544.7
30881.9
56145.5
46318.9
46432.4
47375.1
59677.1
28376.3
45165.1
69427.2
53857.2
46813
35824.7
58832.1
46256.3
46626.8
64314.4
44060.2
44543.5
40281.2
48276.2
59823.8
53205.5
49896.3
32156.2
41764.7
42254.2
37507.8
49742.6
45800.2
59552
44099.7
41911.8
54578.6
46548.8
49615.1
49502.6
54727.9
48642.6
40497.4
48519.8
60642.5
48118.2
44636.9
53820.9
74246.7
54176.8
42663.5
49814.6
37651.3
47564.9
75061.5
47484.1
39381.7
35752.1
49372.5
58297.7
44769.7
50663.1
44659.3
82101
26411.1
53424.8
38937.8
36791.4
58821
67022.7
47236.2
40963.4
57784.9
47035.4
51011.8
30242.4
35810.6
37439.6
64807.7
47669.8
56076.9
33406.8
43711.1
68709.6
46413.8
52537.4
68407.1
38338.1
62745.3
28684.2
41455.3
48357.5
59691
39083.7
66303.2
36089.4
46810.7
50617.1
62836.8
51779.4
34032
39827.1
65536.6
54606.8
48101.6
56744.9
50246.1
46795.7
44298.6
48960.6
56201.4
84080.2
52647
41959.3
48443.7
44280.1
51668
65131.4
62277
52577
55667.7
52992
65943.1
50872.6
58169.4
73874.4
66458.8
45631.4
64414.5
66193.7
72510.7
53006.7
43049.7
47545
59988.9
51930.6
62565.1
61166.2
48325.4
42931.5
46279.6
58456.9
40344.9
63714.5
47870.9
46470.3
45463.3
34453.5
56776.9
46608.3
37520.1
53202.5
42071.9
55746.6
34528.6
51595.5
38101.1
39186.6
39096.9
33570
60737.2
60763.5
63210.6
34258
58673.4
54922.6
42657.8
43176.3
58570.6
42071.5
38938.2
46974.3
39223.3
34048.7
62641.1
64353.6
38720.5
47314.9
47493.9
80306.6
40890.6
69241.8
53930
48844.2
41700.7
52560.6
75291.1
52198.6
58414.2
58797.5
43576.6
49997.2
59867.7
53759.4
54281.5
44864.3
57697.9
51383.7
35871.8
37147
55427.6
45088.7
39827.8
46202.2
46147.9
54187.1
40599.4
29184.6
52384.3
35018.3
54104.2
48452.3
76290.1
44557.2
23379.9
60219.4
37163.3
54299.4
60172.1
40523.9
42771.8
36838.8
41866.2
42685.4
48915.8
79996.7
40665.4
57300.5
39836.2
43086.8
48965.4
42852.7
47467.4
58475.8
51488.2
66662.8
55927.6
49870.7
38126.8
52658.3
39519.9
52797.4
58188.2
48423.1
79329
35538.4
36686.6
48190.4
56064.2
40118.6
59192.4
54469
46259
50683.4
51233.4
33595.7
45481.4
43595
40760.6
40321
34692
56594.8
46605.3
55350.6
46083.4
51460.3
59505.8
48672
65610.7
38187.7
43638.6
29752.5
48482.1
39599.8
44131.2
57176.2
55122.7
51656.5
53419.9
54479.8
45839.1
36658
48958.5
42659.5
51914.6
59210.6
52732.4
52453
58178
68852.3
38353
58292.6
65829.4
53554.9
53176
63421.8
38510.4
58893.1
54247
57887.6
36628.7
45554.4
42552.9
47044.6
55818.6
41807.1
52943.2
37606.4
52197.8
59481.4
41037.5
54264.5
52135.1
49731
36503.6
46353
46017.3
62031.9
54681.6
64208.6
49522.6
50919.3
50302.8
47628
50622
37989.8
42474.7
49171.5
42849.7
41292.9
60388.7
45142.2
44875.4
55793.2
52195.3
56384.3
47707.5
56884.5
47952.2
40100.6
59168.8
59611.6
71296.3
43310.5
38599.1
51727.8
49384.2
41908.8
47181.8
36261.9
43783
56802.2
52680.1
30296.2
47709
58312.5
65084.4
58455.6
56155
45816.3
64550.5
68854.6
64138.2
41813.5
35344.3
43010.5
47496.3
52595.3
40105
44354
56041.4
55357.4
55130.9
52236.8
52421.4
52707.8
44843.8
56876.1
48722.4
31093.2
38588.2
53382.8
63175
37721
42617.6
41323.4
49301.5
56464.5
51142.9
72052
46815.5
38329.2
34273.1
49200
44593.7
61749.6
45623.8
49513.9
48274.9
37123.1
54194.7
61160.6
47160.4
32254.3
46550.8
59631.3
45638.6
47145.6
42724.1
38218.5
54245.8
65281.3
52921.8
62995.5
38531.4
57343
35220.3
33295.9
35028.6
46877.6
32822.6
50303
49499.8
29719.5
46623.2
51110.6
39015.2
46278.9
47895.8
45653.5
41275.9
48442.4
49785.6
41427.7
59453
40489.4
46539.8
48410.9
57414.8
44741
32371.4
32132.7
33916.3
28799
48721.4
36479
31919.6
31103.2
48709.2
34883.6
44905.8
50255.2
46341.2
48079.2
25513.4
38170.9
39236.2
28281.4
55480.8
20752.2
42464.7
45300.6
56698.2
29261.8
53269.2
53939
43271.4
56217.4
49258.6
30400.7
43862.8
40876.2
57680.4
36434.3
32478.6
66793.2
44633.4
43570.8
53661.6
36650.2
39924.2
38779.8
46330.2
53130.9
43688.4
47221.3
33605.6
43519.2
38047.8
46530.3
37582.6
49013.9
42615.3
52637.5
47868.2
38902.1
37152.6
36211.6
36789.6
44494.2
39973.9
59928.2
49235.1
30893.8
38825
34228.2
53217.9
65742.4
71506.2
50734.2
54282.2
38431.1
58923.5
54496.7
53921.6
44677.5
48054.3
53625.9
71095
50479.2
45521.3
58081.8
41851.1
41112.8
75509.7
62422.3
55156.9
45505.2
43029.4
42723
51454.6
64431.8
53051.4
64308.3
50395.5
45639.6
53436.3
59806.2
35187.3
52977.2
44136.6
42727.6
50089.1
61687.5
45538.7
38842.1
49163.8
37497.1
53619.3
56434
75720.1
53180.3
48089
47099.3
45006.8
56000.4
46554.7
56698.3
40260.2
49553.8
43566.6
36363.3
47642.6
47787.8
39497
47313.1
50182.7
49839.1
38327.8
44320
39053.5
53773.3
56376
42493.6
59215.8
54175
52037.1
45847.4
29339.1
62809.5
57265
58941.3
48408.6
70410.6
41742.8
49866.6
49562
45781.5
64478.2
44636.6
40765.7
59228.2
55655.4
58196.6
45691.5
44457.5
49684.6
56987.6
52943.8
67227.8
64216.2
43936.7
54463.8
49853.1
49938
48217
49615
47143.7
60016.1
62319.4
59338.2
48920.3
60573.8
51233.6
39920.1
43758
61384.7
53286.2
36969.9
60931.3
46156.3
53218.6
36929.8
63989.8
57075.5
42798.3
40574.4
52422.2
47334.7
47286.2
52712.3
47269.2
34356.1
31435
34688.4
61474.9
42626.5
60806.6
47098.7
44694.3
44161.8
39462.1
59316.5
65810.8
54037.6
44923.3
28779.3
36281.6
54919.7
56745.3
46049.7
53345.2
41112.9
64881.7
46601.6
34260.7
57962.3
77429.1
56792
44819
42364.9
55361.3
42045.8
63671.1
78716.8
70176.9
51295.6
62159.2
40289.3
44438.4
48305.2
46953.4
35582.5
32365.8
34829.4
49021.5
54007.1
57695
43895.3
39879
51128.2
53583.2
61401.6
68605.6
36163.3
47449.8
29941.8
45534.1
62907.8
49304.2
66275.7
38086.6
29331
23921
55733.5
54147.6
40973.4
39571.5
37857.4
59432.2
46597.3
42117.3
58033.8
41135.6
36446.6
54063.5
60789.4
54806.7
56343.7
43065.4
38356.2
46016.2
59005.6
46658.6
64194.6
40095.4
46727.3
63533.4
29361.7
47416.8
53247.2
48582.8
48839.4
48893.8
35551.8
37068.2
44271
36720.4
46695.4
43708.2
41457.3
38736.6
52530.5
47807
56662.4
62710.6
51992.5
44553.8
38094.6
37310.2
38508.2
49417.5
36401.8
51046.1
52935.4
51240.5
36779.1
54344.1
45669.8
63857.9
57178.9
38386.3
37367.5
46430.5
53419.3
47706
50340
54150.9
46607.6
33979.4
44323
53250.8
63989.9
57047.6
43846.6
41219.6
36154.5
72052.6
47529
49299
38446.8
62498.9
43709.6
58608.8
54818.6
44283.4
43767.4
28770.5
44676.6
43141.5
63143.1
37945
37296.1
35100.1
40420.5
41733.6
40565.7
48245
82945.7
45921.1
50049.3
36358.2
28206.5
33592.6
46050.3
56948.3
40287.2
45633.2
19523.4
34364.5
47341
47546.2
49652.4
49379.6
47450.1
42792.2
46337.4
38915.7
67616.6
51055
38689.7
33260.2
37053.8
46599.8
56711.1
38882.5
42030.6
54570.7
43663.4
38950.4
50043.1
50601.6
43048.1
56663.6
32060.9
60584.7
46018.6
75446.3
45082.2
58163.4
64310.7
60694
42327
28757.6
60815.4
55705
48531.1
49473.4
55313.3
77749.7
44473.8
29965.8
76333.3
83304.2
41363.8
42125
60519
39398.6
51759.4
57210.7
59243.4
47194.8
41486.4
58604.6
45470.8
50549.6
45552.2
56569.6
50179.5
54653
64946.9
54767.9
35016.8
65982.5
55319.8
51519.4
38972.3
53631.4
49063.4
49238.6
53677.1
59517.2
48568.9
49388.3
51463.4
60281.5
68982.4
62118.6
53934.2
52902.4
60589.1
28673.8
74933.7
59570.6
58982.1
50606.6
67040.8
58898.8
44095
60332.7
38045.3
42116.7
48037.4
50328
53585.8
50824.2
49802.5
41869
51854.6
53971.9
56964.6
46589.8
66022.9
59625.7
62053.6
56615.9
70553
40506.6
48267.8
62640
31246.5
75766.2
53264.9
51579.5
52119.4
49028.6
60774.1
53126.1
50588.2
52381.4
65237.4
67890.9
50917.9
57115.5
48711
60413
51965.9
62721.2
42525.6
69814.8
52555
53799.4
49525
57370.4
40516.3
56502.3
50558.3
59207.6
61316.4
44014.3
55492.6
66212.4
47950.6
57688.7
55197.9
63935.5
49718.3
48552.2
53980.5
50533.7
63805.4
56832.9
46892.3
47199.4
46969.4
54648.3
57150.8
53394.2
38366.3
34301.4
45743.8
63840.9
43448.2
43415.1
57281.6
46581.8
43250.4
46461.8
53278.2
57483.5
58719.7
30798.9
43132
52753.5
51171
67992.9
35705.3
43591.8
54496.9
64700.8
44836.7
69868
38771
46009.3
33990.2
55093.1
48816.2
32210.3
54018.2
45693.4
40885.1
34112.7
45982.9
42503.4
59061.3
65343.6
42914.3
46635.8
42344.6
46055.4
40412.6
24381.6
58216.8
50522.1
42960
47863.5
33249.2
40245.7
60480.6
52731.2
65938.2
59070.5
70285.5
60018.8
58565.8
56045.8
67468.6
61729.8
65946.1
58647.2
48126.6
49253.1
51680
60874.6
73992.9
67424.1
73844.6
73199.7
41759
38411
73502.3
50813.4
62970.5
58645.5
71705.4
39434.2
47634.6
44245.4
37708.9
54464.4
45061
58492.1
58560.9
43995.4
54412.5
66359.2
70838.5
74701.8
45588
50118.5
52420
56023.1
48485.1
40130.7
48735.8
50287.8
55137.7
51862
54497.9
45994
45941.5
37585.8
53289
59393
49034.8
44162
59285.2
52228.7
39708.2
50665.3
50726.6
53541.8
54552.2
32068.5
52906.8
57172.1
60896.4
61884.2
46995.4
46285.4
57055.2
58705
57750.1
43955.6
56814.6
55947.3
24072.4
52290
52771.6
46076.5
36531.7
43352.6
32393
38947.5
44573.4
41350.2
46282.9
39066.6
32878.9
34122.8
57781.9
49013
46837.4
41545.9
38185.4
50520.6
46510.1
59954
41487.5
47482.8
37119
53123.4
55715.8
38385.2
52999.6
66638.8
68912.7
74152
64208.9
35045.4
50069.8
63343
67440.2
63300.6
73752.2
28266.2
67649.9
68727
62328.2
57473.9
58508.6
31678.4
31051.4
48313.8
34199.1
55187
40095.3
48473.1
54384.3
37668.4
42111
52096.7
67571.8
57060.6
54902.2
60328.3
51174.6
36878.6
56528.2
70174
65680.5
39142.9
55676.2
58562.4
52291
49121.9
46620.8
47980.4
70386.2
64437.2
56074.2
60353.3
42948
53750.9
38581.3
44451.7
65685.7
57614.8
45737.1
58751.5
46089.8
58488.2
54794.6
54197.2
56919.3
50243.6
47845.4
38923.1
59383
62735.5
53520.7
45200.1
52485.4
44624.6
50042.6
59626.2
70840.6
46461.3
69545.5
36368.8
60237.9
37807.4
45801
46397.2
63945
56585.5
60143.3
43296.2
27245
55213.6
39763.1
62420.6
49643.1
44138.1
64037.8
56882.6
70901.8
40759.7
53056.6
63462.2
52050.2
50592
48715.9
46709.7
55505.7
39974
53424.5
42965
56566.8
61553.2
54378.9
45426.4
49804.2
51452.6
76178.6
46990.2
32788.9
53637.9
52620
50729.9
40397
41874.1
43071.2
37183.8
77672.2
63451.9
58457.9
41287.4
45475
62152
38699.8
61562.2
65160.2
51158.3
34877.1
63979.6
56662
45975.6
34077.5
47958.6
35659
63865.8
59197.6
62428.7
50327.8
56040.6
29015.2
49196.1
43643.3
59359.3
47518.5
53412.2
44240
52149.9
55952.4
52241.6
65148.3
49577.4
49979
50721.3
53462.7
72292.6
65150.5
51664.5
57805.6
63124.2
54044
52398.4
54871.1
66245.8
48794.2
49226.5
73712.1
50974.6
72536.7
56953.5
44869.8
59148
71569.3
53822.3
61552
70803.2
57722.8
46869.4
67405.4
59709.7
50541.2
49589
53726.8
41849.6
39997.9
58463.6
69040.9
68322.2
43495.5
69798.7
33552.7
47530.7
64643.8
72676.1
64226.6
41095.1
50434.4
47595.7
44968.2
55295.8
55898.7
65325.9
41159.8
45839.7
58960.6
39451.2
62672.4
54522.5
28406.5
47298.3
55099.7
33837.8
64466.1
48281.1
50398.5
32763
52423.6
67093.2
53427.4
70786.2
48580.2
45609
49221
70709.7
60424.1
69269.1
66415.5
48808.1
45483.7
48410.3
52279.3
62256.3
50747.8
52324.4
41794.5
44703.5
68254.3
61955.1
44343.6
43032.8
37873.3
55099
39125
55981
62249.4
53170.4
39800.7
44262.8
47651.4
45301.4
58889.1
60261
70508.1
50860.6
45236
42138.2
69507.7
44471.8
43192.5
45858.2
52054.5
47185
58245.8
39919.3
46454.3
50495.3
33444.3
51215.4
55754.6
40612.6
55421.7
37641
42893.2
64365.4
43497.9
45095.4
49987.1
39260.9
36855.6
38264.8
53583.4
54841.4
70722.7
57771
43833.8
49806.2
53676.1
45188
66364.6
81313.5
59545.2
50402.7
48695.4
44880.4
37903.9
73323.4
50669
48008.5
43363.6
58749.1
42380.5
53564.9
54090.2
53630.8
55033.5
57866.8
52302.8
47066.6
59936.1
44753.5
55356.6
56496.4
44980.8
51439.9
51925.8
53376.5
68624.3
61754.9
47996.2
63525.4
38239.2
48170.9
70114.7
54715.5
45520.6
42840.7
42477
59266.5
39528.6
51970.5
37523
49626.7
52165.8
50056.8
43421.9
41343.8
32510
52670.5
55182.7
37810.5
40686.2
60815.3
43750.2
47631
52496.4
43226.2
42820.6
46467.8
42173.3
33156.3
44683.3
53169.8
41171.5
64083.3
53442.8
40243.4
36024
48467.1
33234.1
43860.4
67379.6
54667.1
38095
63540.6
50914.5
54157.8
49397.8
67402.7
51839.4
40508.1
47877.4
41273
57827.8
71900.8
47272.8
52046.9
48443.6
39369.3
43624.8
41702.6
46123.6
47106
45770
54392
62555.9
48924.5
56034.6
51014.5
52262.4
49442.5
48006.6
42410.8
34128.4
44120.6
52383
58666.3
45098.3
58257.9
50682.9
42581.3
72579
63638.7
62002
30315.8
50053.8
62101.9
48198.1
50818.8
31673.4
50290.9
59173.8
66978.8
84873.5
56872.1
33319.5
34861.6
57867.3
75404.3
61701.1
79448.6
83836.4
41375.7
68990.4
53154.1
61783.6
56425.9
55369.3
60147.8
64632.6
50263.5
53776.7
70115.7
39475
51716.9
74669.8
40616.5
51777
67816.4
40978.1
64007.3
52658.6
50214.6
55691.4
65130.8
58106
57676.6
59066.1
57773.7
52216.4
70026.4
58566.2
53194.6
32362
46142.9
48741.1
46240.6
40016.7
69731.4
56816.6
54846.1
64095.4
63754.2
39763.1
50324.6
48259.3
44697.7
57809
48285.9
46343.1
68642.6
58675
64995.6
43215.5
66178.9
66617.8
46876.1
40391.9
48710.4
57684.8
66656.8
41600.1
43335.4
56705.1
41752.9
60145.4
60379.3
50170.2
59810.7
50841.4
49025.9
52946.2
64296.2
55166.9
66643.5
49027.6
42048.6
50454.5
50749.5
66234
72282.6
49629
35583.8
44087.2
61312.9
62992.2
44607.8
43881.8
38938.8
49159.8
59012.5
64128.8
49534.7
39066.9
45152.6
49450.3
53087
65114.1
34092.6
43023.2
49662.6
35905.8
38392.5
57650
62617.8
53696.6
63068.3
49968.6
57656.8
50045.3
57078.5
53129.8
49542.4
36422.8
49941.1
56675.4
54023.4
57569.1
75340.6
61425
44707.3
56012.6
67882.2
37326.6
42673.1
57542.6
55371.2
43795.1
45019.8
32346.4
45120.6
57520.9
56507
43985.1
53377.5
54312.2
53211.5
51305.7
48063.4
34047.6
47274.8
70824.2
48547.8
51493.4
55916.3
49234.6
42378.9
53376.4
51320
40048.8
47435.9
39307
45666.6
72248.6
63234.2
41950.4
60825
37457.8
46510.3
45992.4
45555.8
32793.6
73777.1
51807.6
49600
49020.2
65989.7
64787.4
38571.5
44401.8
52646.4
83568
51390
59925.4
73624
66942.2
41714
61311.1
50342
65463.1
73688.5
57497.9
38930.6
66269.4
33277.1
69040.2
74596.6
75266.5
49372.1
51758.2
52325.4
56627.2
62331.8
65850.2
48276
40970.9
63213.1
49581.5
47339.2
47043.1
56741.7
67784.9
68884.2
57989.4
71454.2
39121.8
39345.8
51348.6
58279.5
64150.6
66453.1
77010.1
83262.9
66663
43853.5
62769
64372
39730.8
41132.6
58687.6
54913.2
51866.6
45442.6
43192.3
43550.4
62845.4
67248.8
67356
42780.6
45376.2
41128.3
65722.3
76181.8
57801.7
62721.9
58733.6
44324.5
64731.5
65018.3
41475.6
57700.7
44136.2
72239.4
59617.3
53609.7
64614
54596.7
44364.1
63887.1
70556.8
54867.5
49635
42820.5
41897.6
56818.6
61460.9
46866.5
43798.2
59834.4
59186.6
50605.6
52599
50820.2
61198.3
42048.3
62504.6
62012.2
73570.2
40913
51784.3
35031
39656.8
53352.7
54023.2
52699.6
75708.1
71133.6
40880.1
34756.2
76934.6
60020.9
58023.5
63058.6
43721
43735.3
40131.3
63755.8
61386.2
69385.7
40666.7
44413.4
49465.4
40866.1
46933.6
53294.9
37867.2
48670.2
47783.2
55101.9
53443.4
40052.6
46393.8
51824
46839
63833.5
60154.8
50244.5
61358.2
46740.1
62316.6
42273.9
58510.7
63732.5
58483
57201
51841.1
64461.1
73565.4
71832.2
48477.7
48604.4
45119
60181.6
55846.1
72501.4
44581.7
59418.2
56467.4
70909.4
51849.2
65580.4
61207.6
67034.9
59504.7
41957.4
53070.2
54234.7
67016.7
54356.4
53929.7
49716.3
47971.8
60966.7
79495.2
51467.2
58002.4
69082.8
59986.5
51086.2
43884.4
63147.2
52538
54200.4
71427.7
45865.5
49522.3
57077.4
59057.1
47405
56666.9
57842.3
50567
55093.9
46649.4
44746.6
50765
47547.8
59532.9
62299.7
63737.8
37325
54529.4
52159.4
54039.8
48894.1
70625.1
52111.5
53704.6
68194.6
40536.5
37944.3
47632.3
60946.8
58331.2
76171.8
53029.8
31880.6
50048.6
70867.1
55444.6
69944.2
45772.3
48395.8
46380.1
43389.5
53136.6
51921.8
52385
42657.2
49269
52592.7
44787.5
45589.5
60858.4
61870.3
50666.6
43711.4
43803
32728.7
62727.9
56974.8
66662.2
65753.5
42120.7
39213.6
46826.7
66494.4
78148.6
58456.9
58701.3
41195.3
42962.1
53691
69017.4
56908.6
47025.1
45469
43690.6
39928.9
59078.7
54788.1
71288.5
52150.3
55663.2
48820
67891
36383.5
57198.9
45458.2
54962.2
64709.2
41880.7
58484.2
49133.4
55413.1
60542.5
57556.3
80852.6
54170.1
59384.8
53109.5
72679.4
46298.6
43542.1
56308.6
62663.4
33539.6
52704.9
42465.2
62889.8
48801.2
41339
41261.4
57779
44227.4
30450.2
28552
77110.6
52723.1
42869.4
49759.4
39401.6
38041
69129.7
41823.9
36471.2
71761.4
61097
33802.4
44449.9
49422.6
43453
61936.8
44842.6
73377.3
62806.4
33531.4
36087.3
42072.2
53771.3
60635.3
52076.5
41066.1
43133.8
36998.2
52761.5
47507.2
49264.2
52218.5
55187.4
45152.6
35035.4
58273
50070.7
46344.7
44642
41797.2
40273.7
51306.8
57451.9
45410.2
58193.7
60027.4
44115.8
49950.2
49195.7
44966.5
44702.9
41248.1
49093
49974.5
71770.8
58567
43929.2
34063
46474
60583.5
46741.4
53172.2
46926.4
50726.6
47455.8
44439.6
50323
48831.8
42306.2
58155.4
29230.6
61353.9
46498.6
33343.6
32327.6
33369.7
36976.4
62065.8
37592.3
37613.5
45404.7
50572.2
31477.8
47159.5
57336
28151.3
39504
25115.5
63531.1
38326.8
65577
52568.5
68459.9
35532.2
35122.4
48551.2
45284.3
52747
56085.3
60009.5
65564.9
54771.8
49501.2
58948
59040.8
57813.8
56752.9
57078.4
56211
45635.8
47790.8
44213.1
50262.8
36319.3
56365.6
40040.8
45259.8
42989.7
39615.5
56707
56381.1
29709.8
54268.9
24509.4
25011.2
39814.6
36108.8
58338.9
42494.2
40912.1
45039.8
43341
54811
41651.9
70322.7
55528.5
61834.9
44453.7
46766.2
38112.1
46806
39591.3
55749.3
42890.6
56484.9
50136.1
30271
55708.7
42146.6
57075.8
60686.2
33698.4
47131.3
57190.5
40389
62903.8
37327.8
44892.2
54200.6
41800.4
71760
63503.1
36593.4
39311.8
54324.6
37542
56633.1
54152.6
42705
52560.9
49326.9
40957
46241.8
46083.2
45599.9
52431.6
48270.1
57158.4
52642.2
43549.6
41504.5
57902.6
50396.9
39479.3
30870
34575.3
49123
60596.5
65107.3
67386.1
36162.6
34158.7
48182.6
58598.6
43394.1
70094.7
51085.8
41072.2
50309
45167.6
46538.6
60957.8
42626.3
41142.6
38201.2
51520.2
39801.3
47642.3
51054.9
61191.2
50676
49219.4
65634.4
35336.8
42490.6
34951.4
52713
55959.1
45994
36558.5
46052
36732.9
44259.8
55041
40791.8
55371
39298.6
59745.5
35729.7
38981.7
45704.4
50947
51488.1
41043.8
47787.4
40159.6
61181.7
62475.8
45906.2
51351.4
36409.4
36263.5
45780
53516.7
56225.2
60289.5
67858.6
51632.4
56427.3
46767.8
58758.5
55191.5
49853.8
60981
54548.1
56841.4
71231.9
50414.2
34955.4
44146.4
50494.1
78330.5
49531.7
31166.2
47152.7
58800.6
44412.4
55863.8
47231.8
75335.1
62812.3
45659.5
60081.6
54936.6
31779.9
61010.2
49443.3
50439.1
55533.7
40756.4
48426.6
45125.5
58962.9
64376.5
57712.6
49693.4
59262.6
40539
35423.6
51042.3
53858
70079
37293.3
40844.5
27300.4
67136.7
52490.1
54559.1
50461.5
60513.8
24413.8
38988.2
46477
36369.4
48780.7
34111.2
49727
41006
41103.8
42016.4
54354.9
33874.7
44755
51282.4
46548.6
44287.1
61774.6
50330.8
51860.6
31778.8
52653.8
34188.6
51672
48093
55030
38476
50426.6
44396.5
50546.2
46807.4
59969.4
48995.3
57218.2
55125.8
30866.6
51693.3
31439.4
58506.5
52227.1
60199.4
52435
84430.1
55933.4
58724.2
43748.4
46351.9
48241
59000.1
68802.3
53896.6
47045.4
35590.4
75901.2
56300.2
50676.6
44211.8
39975.4
53735.4
53928.1
68443
32408.1
38520
62592.7
40019.5
53077.6
41011.9
56142.1
54523
45773
66748.5
64553.7
39107.7
47397
52215.1
47508.7
44774.3
50352.7
46802.6
48785.5
52450.6
47433
47721.7
55920.1
50975.3
55088.2
63229.2
37491
38931.6
60080.3
35250.1
30559.2
46395.9
36980.3
49136.2
48019.1
44317.3
59005.2
57275.8
31305.3
37689.1
55446.6
58508.3
41077.8
29953.4
76726.6
60178.5
59648.3
38064.7
38447.7
32960.1
52513.8
46019.4
51042
47729.9
33911.4
46101
64133.8
51221.8
53920.6
59455.6
35517.4
29723.1
56575.9
33845.1
47895.4
46929.6
30369.4
39204.2
49013.4
27345
48673.7
42214.7
32287.7
35490.3
43398.4
23856.7
39080.9
42577.7
46842.6
34054.3
45326.2
47358.6
48985.8
27901.8
34184.1
32860.2
59567.8
33950.4
43956.2
20276.8
39016.7
37167.3
50550.9
35744.2
39369.9
41976.6
33879.6
27377
46214.3
54787.3
51773.8
33936.7
26953.8
34295
35148.8
42063.1
46508.1
42414.2
35601.1
28747.4
33671.9
55303.2
48287.3
58233
44287.6
63918
25394.2
50069.6
45570.3
49119.4
54414.2
41003.2
49176.3
49784.6
49945.3
69471.5
45669
44004.3
35093.8
32876.7
45936.2
46852.6
35385.5
37255.3
37539.4
50002.9
41639.7
48488.8
54248.1
61472.6
47787.4
43647.6
36643.3
42519.4
41552.3
51178.6
46868.5
57749.3
56912.2
51421.4
65421.1
39400.4
49703.9
44843.9
71856.1
51677.9
52336.7
40317.4
49531.6
35064.3
66407.8
53474
66048.5
64118.6
54299
55269.3
41887.1
58204.2
59579.4
53007
56946.6
62644.8
56280.3
52296.5
49225.4
46851.3
63356
58859.7
35047
53710.2
74868.9
52785
44195.8
39971.2
64362.6
43526.1
45401.5
46179
48921.9
59288.2
49949
44762.7
44546.7
59264.3
52269.5
51128.1
40249.2
43397.1
51784.9
63076.6
64585.8
33319
25532.7
54153.4
43026.9
55087.4
55178
35884.2
37193.7
50855
34306.8
47800.3
41221.6
39197.7
47017.4
42410.6
43559.9
37717.3
45385.4
34816.8
52882.3
56140.4
34944.3
43351
29117.8
33697.7
28524.3
48647.2
42349
42356.5
38580.3
58239.7
33502.2
52650.3
40574.8
45697.4
29365.3
50267.8
41342.1
70987.9
60709.5
49825.8
35415.6
46560.9
35225.7
46684
62538.3
49948.2
44930.8
39029.8
38992.1
31783.4
45593.6
48893
33876.3
33384.3
45524.7
47034.8
60425
50934.8
47034.1
56126.3
43306.5
48754.2
44551.7
52669.2
61122.5
40768.2
43492.6
60749.1
57073.4
64596.8
62134.2
61964.7
33464.5
39259.8
53575.4
60836.5
64395.7
40500.9
51739.8
42054.6
49507.2
44385.8
51092.7
51675.4
60341.5
54412.9
44968.6
56508.3
49616.9
47918
45351.8
44196.2
28292.7
62336.6
56309.6
58964
53382.8
38501.6
36919.1
61261.6
41628.2
38616.6
54062.6
49311.7
57134.7
38306.1
53882.8
52068.2
37846.7
52548.9
51718.9
56378.7
48017.1
38440.8
62696.3
47481.2
56296.7
37467.4
39991
39148.6
60614.6
46992.6
40877.5
63557
65447.5
37613.8
54909
53052.8
45208.8
44361
31919
61511.8
54746.4
74026.4
53986.8
33330.3
25948.8
35926.6
43120
48609.9
43545.4
63338.8
39733
41233.9
37472.5
46716.8
48803.4
59804.2
40237.8
40520.9
39411.7
43351.1
47835.8
44235.4
49666.9
42145.9
57453
66455.3
48003.4
48813.1
36791.4
24321.9
21510.6
32267.6
46691.1
54481.8
46960.5
54565.5
44964
34660.6
46417.6
37827.7
52283.5
45953.6
48289.1
39250.1
50085.4
24331.9
40967.7
32423.5
47850.8
59833.5
49325.3
42808.4
54977.3
33249.5
39834.6
63943.1
45829.4
50844.7
43640.5
37568.5
56786.9
30687.5
53053.4
39793.6
47496.2
49808.6
40835.8
54800.7
46265.1
41401.4
50722.6
57140
32559.6
46619
74688.8
47406.4
42238.5
44571.8
53481.4
70173.2
51870.2
55988.5
45332.8
54060
43339.4
60022.1
52969.4
79787
59390.6
68410.9
48748.4
50740.5
46407.5
52366
37560.9
67962.2
61865.4
40054.6
38549.2
40727.7
45075.3
52153
49585.8
48541.2
48817
47197.8
43563
35538.6
54372.8
34051.5
51901.3
44221.6
56696
47470.2
46575.4
41386.7
62356.9
51668.4
50879
46808.2
41985.8
46560.5
32945.2
51961.8
50390
34690.6
38004.2
52396
36136.2
66961
64718.6
62665.4
38857.4
45874.7
54209.9
58623.4
56764
46593.8
44218.2
48974.9
72889.3
58826.9
44237.7
60643.6
53265.8
58966.2
37858.2
60586.1
60989.5
68046.2
73250.7
37780.2
45589.1
51207.8
53034.5
74320.1
50396.8
70006.1
40568
47481.8
74498.5
74879.2
63131.4
57297.4
59945.5
46004.3
56591.4
60169
59940.2
58842.9
41602.2
64703.5
41042.9
66212.2
63753.1
55044
56477
51105.9
50498.6
32113.4
57957
39518
60690
56902.4
55148.6
30538.4
43972.3
66999.3
48621.9
58101
30071.9
42573.1
38986.7
44469.6
57900.6
39648.7
49871
58503.2
53823.6
50362.6
55174.6
47908.2
35040.2
43069.7
53933.4
53824.9
72286
64751.7
58040.7
58583.8
50647
46242.1
71093.9
42316.9
44301.7
52774.8
59370.4
44893.9
50572.2
49711.9
48018.6
41348.5
38691.8
52851.2
51694.5
66844.4
46559.8
46492.8
54529
55519
43669.2
57591.4
38282.3
54645.8
41401.6
42317.8
45824.6
34640.2
27647.1
59616
64548.4
56800.2
47017.4
40247.7
38968.2
51602.6
56632.1
50947.5
44373.7
40914.2
38750.5
52948.7
44041.1
45392.6
44975.9
39506.9
73630.6
37004.5
42005.8
46278.8
43214.9
42185.8
51347.8
58922.6
52016.8
40947.6
49840.6
57502.2
46118.6
44652.1
51595.4
43762.1
60643.8
78449.9
44658.4
49466.5
57113.8
69182.9
46187.1
56705.4
71683.6
57139.6
52468.1
59435.4
51863.1
60576.1
56533.2
55270
52259.7
60020.3
48811.2
50328.1
57600.2
40505.9
40162.6
46561.4
62554.3
43742.3
50326.6
37762.6
32619.7
42908.5
59154.4
84328.2
61915.8
54310.6
41715.4
43028.8
49185
51592.4
84765.8
59102.6
41275.4
49583.7
62813
54070.6
43918.5
60638.7
52918.3
38149.9
49067
63070.8
60247.3
51566.6
50474.2
38364.8
46560.6
39314.5
48606.7
46528
56391.8
43481.8
44176.6
59008.8
47646.4
52854.2
43180.2
70225
44891.8
67348.9
54287.4
45810.3
42019.9
45726.7
48254.6
48193.1
41100.2
50702.8
57340.7
44249.8
52580
52850.1
54422.1
48409.4
48993.4
41755.4
49151.4
52369.9
54191.7
35761.4
38150.4
38995.4
39668.9
37313.5
56937.9
35078.5
52875.2
34959.2
36480.8
40065
39321.5
39756.2
47321
36693.8
38581.6
55997.9
48636.5
37130.9
56244.2
44626.7
47577.3
63897.2
64268.4
45996.8
44646.7
47637.8
43330.1
44376.5
27127
62512.2
50039.6
73236
45049.2
35993.4
41675.7
42489.8
34483.8
56240.6
51750.1
52385.6
33023
50423.5
49758
55617.4
41694.3
40232.8
64981.8
39249.8
72230.2
42452.3
53089
57893.4
55779.3
33855.7
40773.3
76630.2
62954.2
47143.7
45150.2
46757.5
51877.4
60334.5
66097.7
69793.4
52129.4
51646.6
43073.3
64829.1
42919.4
68347.2
61059
60296.2
44571.2
47481.6
66491
56478.8
50138.6
57227.3
67163.4
63506.5
61243.4
40817.1
41913.1
57503.1
54779.4
64570.6
48566.9
37572
54335
51222.2
63581.4
64721.6
74023.2
57578.7
57901.4
54884.3
54331
70024.4
62085
68037.3
45234.8
66888.4
43072
53836.2
76007
74687
64062.5
74180.6
35070.4
43672.3
58586.5
79151.8
53005.7
56674.2
67270.6
46253.1
48754.9
60513
51109
65035.4
72921.8
50891.8
53409.8
56440.4
63822.7
83770.6
76106.9
59144.8
62951.8
66858.6
50892.8
52130.3
50563.8
71844.5
54392.6
62665
49676.4
33123
68951.6
73024.6
68075.7
44431.2
51391.5
50955.4
40924
40972.2
72970.3
61188.6
66256.2
72726.3
42350.2
63793.9
42493.9
56129.7
49891.8
68608.8
37368
50719.8
34872.2
55831.4
57534.1
46758.6
61919.3
53372.4
47395.1
41271.9
50356.1
47090.8
72156.7
62363.6
48031.8
29407.7
62141
40761.3
57248.7
43901.2
61403.2
48163.4
49233.4
34095.9
46996.8
62787
54676.3
62074.4
67921.5
68719
40903.6
45815.5
52959.1
48108.6
51884.2
58860.2
50335.8
49888.8
59276.6
50377.7
51420.7
43313.7
62294.7
51688.8
50680.1
53550.1
30413.9
52002.5
60360.3
44456.3
49619.9
42675.8
60537.6
43053.4
53620.3
58637.7
45746.6
50969.8
40750.6
45944.3
55425.7
42706
38033.6
66527.1
43279.1
47169.9
43846.3
50077.8
40065
63439.4
36308.1
59015.9
59593.6
46098.9
58209.8
37149.8
42453.5
55070.7
49658.8
42299.8
44591.1
51211.6
52272.5
35085.8
52750.3
64642.3
61464.8
55011.1
47524.6
48937.1
52536.4
52001.3
68375.1
66295.6
54816.6
47609.5
58202.8
39867.8
32089.7
48099
55955.3
57931.4
56691.9
43888.7
60018.3
62969.5
48050.9
44044.5
38032.7
42728.2
62549.6
50854.8
54084.8
47320.6
57064.3
36310.8
57939.3
71507.7
49371.4
45208.6
32225.8
54548.2
50299.5
66371.7
66285
63319.7
51558.1
38215.8
48592.4
56281
59904.2
58146.6
36462.9
57889.4
58282.2
43991
45521.9
58915.6
41361.3
26916.9
53449
23762.1
51977.9
47216.4
62157.1
48569.8
49249.7
47049
38805.1
47545.3
49128.2
42667.5
27818
45547
41857.7
49441.7
33901.7
39283
39219.3
53080.2
45321.2
64654.3
42127
59952.9
45588
49209.5
50344.6
54885.1
39972.5
56085.4
53788.9
54414.5
52920.8
31680.9
41646.7
45790.9
47547
63358.2
74214.2
50360.2
55753.3
46380.1
47433.2
54664.3
41388
63582.7
39896.7
38127.4
36067.4
42070.5
57808.1
45957.9
60118.6
67108.4
28350.8
37825.4
55659.3
38872.4
52730.8
40711.6
53280.6
51792.2
33053.2
44795.8
47008.2
47126
34987.1
45048.8
43418.4
41881.7
45741.4
49943.6
52485.7
58931.8
43665.6
80770.6
56312.1
36393.1
44192.9
37934.3
63218.9
60986.2
47771.8
36686
54393
46143.7
53549.2
39583.7
40876.6
38866.6
41921.5
57283.8
54586.4
54927.7
44932.8
48685.5
59170.7
40303.7
51880
35851.6
44692.6
49713.9
46464.6
54254.7
44179.3
34534.8
48812.3
50285
28962.7
43789.2
42410.1
42181.3
40226.2
37735.3
38598.6
38656.3
54095.8
46192.1
58087.1
40555.8
22497
44579
42141.1
50102.6
26990.7
31654.7
53332.7
57927.6
40996.9
37084.2
59952.5
32607
32479.5
29171
50721.7
42326.3
44111.4
30422
46920.5
28751
64257.7
46851.4
52678.4
46847.9
38568.2
46495.3
48261.1
50299.1
36534.6
51151
33440.8
45143.5
36743.5
36695.1
41913.9
51338.6
48341.8
62414.2
36260.6
66104.1
46253.9
45816.3
52267.7
49478
43483.6
50716.2
53405.1
54086.2
46915.4
32574.2
50461.1
64546.6
52866.5
41898.5
39473
39948.3
57149.5
48964.3
50461
64566
35493.6
52285.4
53077.4
56147.5
57023.4
45542.4
36585.3
51607
64214.6
63321.5
42696.7
62919.4
44164.6
53716
56436.6
64972.3
72890.5
47992.2
50396.9
43740.4
39750.8
34270.1
76696.8
60377.8
47950.4
42289
28011.7
51399
50749.6
59459.1
48895.4
46248.2
42134.9
65282.1
55325.6
60367.3
48150.7
58870.3
45844
49076.2
42636.2
55905.7
36678.3
60809.2
46421.9
37324
64893.8
59355.2
53829.8
68795.1
62447.7
52822.2
62947.4
42093.8
67212.4
55382.6
53987.9
57945.3
44570.6
67940.6
58852.2
45315.7
55550.5
50822.2
52553
53857.8
55166
76993.7
33724.7
44945.1
34234.3
45038.2
58020.6
45506.4
76589.9
47784.2
40631.1
29067.2
56893.3
41727.5
45329.8
58743.4
50495.4
34370.7
50755.8
48369.6
55603.4
84618.2
49589.8
60503.8
53642.3
42763.8
49306.6
54655.6
46145.3
56985.8
60823.8
35755.3
59623
58359.4
37184.2
80701.5
71828.2
40517.8
57874
48942.2
43979.5
62081.4
44480.3
80584.8
46209.4
43409.2
63804.1
81417.8
70179.4
50519.6
44294.2
61306.3
55956.9
64131.1
58917.1
44067.4
49769.4
70094.9
64526.2
68185.6
60068.7
65723.9
44469.9
43377.4
64267.2
68205.2
76604
56069
58501.4
59652.1
62489
66673
50809.7
73799.5
50697.8
51782.7
72058.1
60797.5
47134.7
42927.8
63512.8
71101.9
50422.2
45777.4
33858.1
54859.7
47007.2
38637.4
63430
65881.4
42021.4
41521.9
58052.7
36937.7
56988.5
62853.4
54989
35050.5
39243.7
29524.2
61374.2
54266.3
50503.3
49748.5
24798.5
44571
37361.4
57900.7
50269.9
44457.2
35211.4
43918.6
47133.8
46147.2
42108.2
33729.7
49268
55709.7
40033.8
56620.2
66925.4
58432.5
54050.5
33055.5
77640
52727
52805.8
65290.7
57915.4
44001.2
30267.2
37941.6
41406.8
71919.2
63263.8
42611.4
52331.8
44975.2
38811.4
43845.5
33639
40649.7
34898.3
40435.7
43122.6
52864.1
17803.7
43395.8
43994.4
58677.6
31283.4
73915.7
34719.7
27974.2
46204.4
51082
60222.4
43070.6
36980.6
25067.5
33257
51059.8
52090.9
46950.2
43540.9
52157.8
26599.8
43865
59507.2
48865.6
51744
42008.2
54393.8
26578.6
46131.1
46058.5
54407.7
47626
54753.8
61633.4
45672.3
46518.1
55399.8
52428.9
39903
50861.5
44316.6
52749
46793.9
53995.8
64589.6
55259
36959.8
49456.1
42434.6
48368.5
66391.1
48521.4
47460.3
39687.3
56469.1
65365.7
42631.8
51105.9
34930.9
39671.8
34307.3
37680.9
51302
68415.2
43485.8
54375.4
39991.4
45474.5
47007
66251
57736.7
55281
36787.5
47681.4
49968.4
48330.8
66397
39378.2
58216.4
55614.4
62926.3
46493.9
56741.3
47183
49780.8
33219.9
54195.3
45566.6
56221
46808.9
61483.8
48540.6
43500.6
45146.7
63794.8
34794.1
50546.6
29717
46575.8
57533.2
85770.9
48179.7
59924
45267
72565
60887.5
45145.2
52200.8
51357.2
61439.8
38913.8
71166
59234.3
62883.3
65375.8
59125.8
38944.2
64323.7
52206.3
54754.7
30558.4
61828.6
44585.3
57909.1
68629.4
48069
40106.6
50657.5
42689.5
47705.4
50710.6
71558.2
55150.8
46932.6
69977.8
58916.2
57295.8
49389.8
52476.7
46171.8
77628
68828.1
67771.1
40794.6
45681.5
49184.2
61717
50044.9
79170.4
57953.8
59166.7
61613
59680.8
62890.6
56594
42848.2
31384.3
55112.1
48087.9
72348.8
50703.4
60095.8
55745.9
51850.6
55278.5
67575.4
46786.7
49947.8
68628.7
72629.7
59713.8
74880
45526
57391.9
50024.6
51414
46371.8
54305.3
64685.5
56821.7
46769
54098.7
42553.8
62081.3
41554.1
49494.2
49387.9
39388
60606.5
45283.6
44456.9
49420.9
48691
51188
58880.7
52272.8
45896.2
64333.8
64232.8
47871
49711.5
61127.2
49617.3
55695.1
37217.1
51405
61116
41198.1
63418.9
40213.3
45173.7
41159.3
44214.4
56587.8
57812.4
60613.8
65671.2
44253.8
44495.8
43299
70640.2
66331.5
58169
46091.1
42691.2
43399.5
35964
49182.6
47616.2
51846.5
42477.1
32188.9
31965.2
53526.8
59316.2
63680
69827.2
58709.4
47375.4
48922.2
58573.8
46047.1
42320.2
39086.7
45118.2
54347.4
54170
35586.7
45186.1
40077.8
41278.2
47053.1
44467.4
53955.4
46713.6
38976.3
46389.6
50105.6
57209.9
64267.8
42248.2
49047.4
39649.4
38231.8
31955
64699.4
63270.6
48282.2
33807.5
45180.9
69446.7
45033.2
71600.7
43704.1
43770.7
44552.4
56178.9
62485.6
51367.7
46206.1
54997.4
52678.7
68678.4
77404
39583.3
52382.6
48228.8
43981
49324.8
47867.1
42932
51160.5
53023.1
42521.9
61263.2
64549.8
40644.1
45687.3
67742.3
73109
56521.4
47908.1
51155.4
52408.5
54796.8
54208.9
53948.8
56777.6
53822.1
44870.6
67666.3
54784.6
65305.1
28921.8
50157.7
28501.4
28132.6
58751.1
38456.9
62043.1
43709.8
41111.9
43797.5
60935
58982.1
29384.9
50509.8
31419.3
43448.4
44120.2
60273.7
53097.4
49804.2
55216.1
50005.8
46254.3
45285.1
65888.4
50147
54072.6
55372.4
56713.8
69833.4
48178.5
48256.2
58971.4
58368.4
65975.8
59289.7
65122
68700.5
59267.5
54407.7
36219.4
56194.6
32795.3
68025.8
47484.2
45920.9
46914.3
66458.8
62877.6
50040.9
58321.8
47656.8
48045.4
48708.2
41921.4
33475.4
54689.2
58941.4
56435.4
56017
35006.4
41408.6
34095.8
55671.6
48660.5
43490.3
44272.3
58382.6
46698.5
45941.1
40152.3
47978.8
44582.1
35140.6
48971
52972.9
72047
48910.5
38612.6
71147.8
66279.6
54371.9
61361.8
48487.4
46257.6
54198
56385.2
44806
59820.6
37416
54520.6
46621.8
56194.4
42887.2
52730
47663.3
62500.9
58377.6
51991.1
65556.8
44131.3
58411
61159.7
57059.8
31683.7
59367.2
43584.6
63567.3
58088.8
68271.1
45717.2
55183.1
52689.4
67201.5
68145.4
78421.4
63312.6
52939.7
66961.5
64872.2
51048.5
72610
68518.3
72214.8
52665.3
57502.1
52881.5
69124.8
58814.6
42625.8
51573.8
48594.7
73747.9
47022.6
44326.7
47146.3
59874.3
51360.8
58202.2
49532.2
43520.4
53460
47204.5
61877.4
49274.9
63821.8
58864.6
56495.8
55927.1
73583.3
73107.7
63895.4
51338.9
61847.8
63994.6
82823
52813.3
55249.6
60943.8
61929.6
72454.9
55992.6
67986.9
51304.2
54068.9
54968.6
75732.5
59625.6
55786.2
64417.4
43041.6
42719.3
53285.9
44824.2
67366.4
55581
69419.5
43174.6
57081.1
42487.8
37989.6
61013.4
58616.4
59790.6
56561
76946.5
47389.4
64888.1
53448.4
74158.3
50905.4
46186.5
58574.1
78209.3
61489.3
48274
53408.3
42951.3
41690.5
53196.5
79048.2
64885.1
69215.8
51887.8
43774.7
54141.3
67381.2
59846.1
42888.9
36604.6
55402.8
55876.7
54213.5
37601.1
56465.4
41379.4
63774.4
84888.9
76566.6
72993.3
59483.7
46153.3
60143.5
50443.6
57091.4
49927.9
45813.7
49316.2
50623.7
57642.3
47646.9
56451.9
65667.9
65607.8
65478.4
34105
49647.6
34060.2
75585.1
43686.6
53166.2
39647.8
37030
43947.6
61087.4
51993.6
49132.1
50542.2
48166.6
48685
41045.1
51089.5
47217.3
71426.4
38101.9
41862.7
52554.7
31814
42944.8
55681.3
41227.5
50397.8
53939.3
37570.9
66578
51837.4
42670.2
42067.1
33798.6
46876.2
38216.7
30239.7
60870.9
43908.1
38642
71439.3
50231.4
52938.8
26057.4
60928.5
68506.3
50993.3
47729
67153.5
53484.3
60523.6
52556.5
37979
70577
49889.2
58573.4
59058.1
48312.5
63179.8
45669
44773.6
61915.3
63483.3
57834
45335.5
40920.7
55976.1
71363.1
35648
59485.5
48077.8
50208.2
45706.1
38199.8
49366
47055
40847.2
36742.1
43466
45983
61087
56668.2
46393.8
39617.5
57169.3
39822.7
61263.2
70961.8
57972.7
50132.2
47113.8
38750.5
52009.3
59887.1
50486.4
40853.4
57140.4
40272.1
46957.3
57423.4
42867.8
54702.7
40255.9
70078
85407.8
57956.3
53699.1
40845.6
46902.2
53775
62139
48666.3
45383.4
37123
57447.5
50337.3
42022
47731.3
47849.8
45919.8
72523.2
71246.5
57970.3
26540.2
59808.7
71682.6
44397.4
40763.8
41592.9
53798
41300
48061.4
42448
39299.8
38235.5
58882.2
54962.9
46388.8
51975.3
44891.8
57350.6
51421.8
50988.4
53785.8
52474.6
41094.2
61487
47916
43652.9
45554.1
74372.3
64319.4
52144.5
30212.5
42004.2
48082.7
42873.4
55246
49492.2
38662.9
51991.1
50055.8
59325.6
55872.8
43176.2
34516
52888.2
58758.6
50454.7
45119.3
67610.6
29357.2
46605.8
55318.6
53062.2
51456.2
53601.4
66133.5
53266.6
57744.4
41286.4
59195.2
37203.6
53741
66643.2
49481.8
42003.8
59613.6
42485.8
68137.5
48247.9
48038
56977.7
59693.2
55577.7
44238.3
41150.4
51666.5
43805.9
56573.8
41398
45487.7
38708.6
51242.9
56555.4
40720.9
63347.8
63327.1
62921
63584.9
52917.1
40007.1
46783.4
68489.8
44557.3
53946.2
63712
57992.1
58258
54048.9
77977.3
55179.8
47916.7
37328.6
55424.9
58269.4
54871
61282.6
61769.6
48637.3
48576.8
44421.9
37886
43136.8
33492.7
53629
48222.1
46819.7
48695.9
59539.5
35467.9
57921
61531.6
71960.3
65430.1
71231.4
50902.3
56814.4
55900.2
41390.1
54499.9
38963.5
45115
73739.8
58790.1
49372.1
65138.5
49895.4
47272.3
39957.8
52698.3
55826.9
25596.5
47532.8
59304.5
50910
59432.6
70485.9
42574.5
50818.3
44260.1
51687.8
45670.7
48110.2
63557.6
66248.9
76188.9
70614.3
60104.2
37789.2
38995.5
48615.2
58101.7
59643.3
41119
43402.3
53537.2
36115.8
44174.2
54267.2
66905.9
53329
52194.1
51283.6
61068.1
40588.2
61997.9
55036
31918.7
52464.2
70397.7
76514.4
59479.1
40934.4
33166.4
46916.3
57139.1
50671.8
57536
47039.8
37633.8
37678.3
54567.3
47450.7
84500.6
47733.8
40483.2
48096.2
68437.8
52796.9
58539.3
51905.6
63359.8
50524.2
53393.4
62815.3
35790.5
44487.2
36055.4
56922.6
65345.5
52786.3
63535.7
46269.9
49779.3
49171.4
50398.1
77569.7
46674
61114.3
46556.2
48226.2
68878.5
44208.5
48234.6
49531.8
56895.8
65129.7
64523.7
65399.4
41380.2
58197.4
46049.9
49179.4
63095
47037.6
40303
55246.2
67161.3
68250
71146.6
43471.8
41669.7
74779.3
47481
60854.6
72180.1
55598
57858.2
44469.8
42855
57490.6
62375
41585
38131.7
68000.6
56122.1
69509
60312.2
53770.9
42436.6
43271.9
61481.8
58820.5
44284.3
46914.1
45900.2
59686.9
63187.6
42830.2
59232.2
37004.8
52401.8
38066.6
56164.9
62173
41711
39362.1
37075.3
50819.2
49063.8
46793.3
65675
37128.3
40178.7
33155.7
31359.5
46010.6
65585.7
59062.9
51346.4
35512
32815.3
44820.3
69679
48822
40743.8
38857.5
53226.2
34779
46654.3
38229.1
51406.6
50445
35485.3
51878.2
48627.8
35108.5
38596.4
50586.6
44722.3
67904.2
64192.6
66512.6
40327.2
47051.9
47492.2
57837.8
65521.1
69279.3
59224.6
53894.8
54732
42861
41008.3
37600.2
41183.9
41840.6
50025
38852.7
40852.2
42094
36061
42270.5
45761.8
31250.7
42873.1
46250.5
41134.6
67465.4
37439.9
30554.7
46170.8
56810.7
56980.5
54639
30413.8
45630.6
48678.2
57501.2
57164.1
34118.6
40334.2
39164.6
50999
55065
54699.7
33511.8
61665.9
54853.3
40091.5
72194.4
47838.6
44211.4
43474.4
60451.5
46825.5
43363
60515.1
47129.3
36669.5
45207.9
34318.2
32087.4
50622.3
37431
32469
26388.6
38369
38160.3
42600.3
63406.2
60236.1
29361.3
51992.7
48793.8
48028.6
50588.9
75564.3
66051.6
39135.1
47948.8
55332.2
55040.7
67121.4
62000.8
52573.6
45462.6
44001.9
43073.4
49210.4
54483.7
42432.7
65178.3
69775.8
49511.6
48365
62681.1
53223.4
64150.7
53281.4
58678.2
62099.5
41059
61603.8
65525.3
35332.4
57685
52993.3
65660.6
75238.2
62851.9
58639
57588.3
66386.6
74091.7
50450
52580.8
68072.7
43591.4
46051.7
73498.1
75974.6
72633
52143.4
70444.7
61361.5
50285.7
47693.1
62360.9
57379.7
72258.3
63328.2
57689
41494.2
58759.7
35844.7
44840.2
45985.8
66022
48235
57615.8
57040.9
30439.1
45369.3
55938.2
68078
55134.2
40118
61085.3
55017
40001.4
73037.8
51627.3
52481.9
40903.4
45611.3
49873
57622.3
56199.2
47706.2
46906.1
54388.6
41741.3
58866.7
65588.3
60542
43161.3
52845
60831
77914.1
50094.6
67112.6
64849.5
55787.3
41110.6
47538.3
53845.7
58064.5
49659.7
44959.4
38642.2
68245.6
56185
58283.4
59607.8
41388.2
55224.6
42854.2
51637
46837.7
74142.6
62962
49748.6
63892.2
43871.3
47370.9
51951.3
53514.7
39985.1
28028.6
47798
52477.9
37305.9
45524
49295.8
31821.6
45988.2
64510.7
65672.5
51379.7
49733
47982.8
56357.5
43328.6
56000.8
73020.6
84641.1
37934.1
45929.9
44402.2
44656.9
60711.2
58094.1
45982.6
68011.7
37435.7
42686.3
48019.9
41342.6
57021.9
54128.3
48679.8
48530.8
37414.5
41430.2
46082.7
46590.4
59279.4
53620.7
59228.7
37677.4
45547.3
57940.4
35334.9
80922.6
46133
38886.6
42135
39201.1
56611.8
50156.6
56727.4
65635
46437.8
34445
31388.6
43168.3
52498.7
37906.6
35924.6
43531
53812.2
41647.4
46763.1
47257.4
44940.9
23488.6
48387.6
53515.7
34400.2
42891.1
43658.8
26635.6
42655.3
53327.5
49126.3
32423
37423.3
61132.2
35668.6
41529.1
41462.2
31433.7
35788.9
47632.6
54944.3
47033.6
54492.9
46027.8
40157
56352.6
43259
41523.4
40651.9
66312.5
42097.1
34496.5
50915.9
45644.6
51702.8
55435.9
47079.2
61308.3
56687.3
33071
63165.9
55914.7
57115
63915.4
41615
52340
41273.2
54033.8
52729.8
45790.4
49448.4
54618.5
77002.6
46319.3
64266.3
50018.2
37412.1
68090.3
62565.3
56945.6
35349.6
56865.2
45736.1
66278.2
70696.6
84327.2
60001
80381.4
39488.7
37227
49927
63684.3
64622.9
57912.6
54897.3
64507.2
41652.1
40996.2
53517.4
43233.7
59419.9
44196
52161.8
34284.6
45412.2
47153.3
65804.6
48439.8
44756.4
49391.4
51756.4
49544.5
63204.6
53305.8
40105.2
43631.1
48834.5
42081
48190.9
57236.6
43371.2
45760.4
44630.7
45434.1
51078.5
53638.2
36081.8
47689.9
35881.2
52096.2
49403.3
52476.2
46047.9
51582
55481.4
40324.2
37580.5
39753
58836.9
64108.8
46295.2
35144.9
41512.7
62119.6
60922.4
56039.6
52118.6
71775
69438.7
55233.8
37514.2
54477.4
65303
41173.2
50402.6
46338
38695.3
57339.8
41869.5
65630.2
65277.7
51090.6
56654.5
31883.8
51102.6
55941.4
54060.1
59010.2
69712.6
39392.2
39309
52908
33060.4
36547.6
57591.5
46004
51940.5
38615.9
44500.6
33932.3
51530.6
44992.1
84101.7
60034.6
59105.5
38663.8
58601
58595.8
55839.2
69845
60046.9
65869.6
52075.7
48102.1
54651.9
53784.3
69483.6
46028.1
54993.4
62324.6
41023.4
40607.5
61286.6
58711.8
56583.4
53747
58602.2
49698.9
38955.1
71216.7
50456.2
34972.5
54002.6
41719.4
58737
48236.9
51650.8
65668.6
40481.5
74257.4
67630
33183.8
52709.2
41427.4
48810.4
59928.2
65838.3
53873.3
78289.9
46387.2
41374.5
54344.9
54149.5
50994.7
84903.5
72848
56531.5
52748
50551.1
61143.8
68542.4
37336.4
50760.2
51525.6
42255.1
51636.3
42605.7
55740.5
62153.4
23888
41596.5
54045.6
44050
50686.6
69211.8
47424.6
52672.5
56245
57139
48198.2
37038.1
51633.3
57175.9
51035.6
45000.6
68422
61603.1
44214.7
50419
45852.3
41408.2
50144
29551.5
44201
38885.5
44808.5
39527
45206.7
47447
50545.3
26371
38496.6
33654.7
45219.3
46209.8
49658.2
31156.2
55779.1
46999.8
32577.3
37161.4
54455.4
57188.2
35742.7
50972.7
53903.1
38316.9
47924.2
34764.5
36227.9
39289.5
49270.4
25397.7
47040.5
39434.7
58384
44657.3
38449.2
45199.9
42452.6
50919.8
40134.6
38510.2
59155.9
41698.1
33404.6
39641.4
50946.4
58598.7
53662
24988.3
37576
30051.9
27790.6
51089.5
41906.5
40162.4
33296.1
31646.9
41134
28954.5
34883.9
33747.6
37795.3
25841.2
32002
35323
36296.5
23199
27639.4
26529.4
30526.2
24649.2
44994.3
53597.4
37487.9
25044.8
44809.4
27107.8
40767.8
38228.8
54761.6
48557
40981.6
49695.3
41950
47325
56740.9
39457.9
43549.4
35414.9
37220.6
24798.9
37540.3
53231.1
45413.6
41829.5
52938.1
37863
20868.5
26403
45927.8
35957.4
41516.2
56620.4
39552.4
24685.9
35751.5
31809.3
62434.6
51935.7
40619.5
49930.3
45873.5
38855.1
54495.1
44298.9
39904.1
58210.2
48885.8
46424.4
53386.5
51634
38851.4
58343.7
37535.8
36230.6
29644.2
41159.4
30232.2
40681.4
49060.6
37968.2
49483.4
40285.6
36573.2
47024.7
38719.6
53250.8
31924.1
48076.9
47342.2
62493.1
60195.8
31340.2
50709.6
30375.4
37780.7
66487.8
53525.8
48674.2
46110
31187.8
52956.9
40030.2
50909.8
39274.7
41334.2
33140.7
43785.3
46514.1
31553.1
45037.9
55767.1
48982
35398.9
47210.4
47629.8
60757.6
31119.8
35051.5
41171.7
49390.9
44800.2
40778.8
41331.8
37684.7
50855.5
47862.4
40555.9
48195.7
31845.5
46780.5
39926.9
41713.7
68558.6
40572.1
29544.6
44167.3
38119.4
51680.6
41600.8
56539.9
58514.8
42468.9
56400.6
49651.8
69072.2
32117.4
51717.6
46986.2
35608.4
71533.8
39789.4
44165.9
33846.6
54561.7
63010.2
45958.9
60032.2
70281.6
44414.5
49975.9
38943.5
53624.5
52944.3
54120.1
27939.3
55173
49704.3
56456.1
41527
29422.6
42718
50832.1
46737.2
56961
58435
56551.8
75431.8
61538.5
51789.8
48618.4
46354.4
56930.4
48001.9
48241.1
50556.1
53106
51662.7
44097.6
53498.8
52163.5
66537.6
42125.2
37505.7
45308.6
44151.7
58796
69562
53901.8
53611.3
34006.8
46905.4
32271.8
48705
68441.5
47500.5
41394.1
66334.4
58166
32500.2
53516.5
57531
45152.1
57170.8
44682
55268
35143.4
44294.3
55054.7
49947.5
49778.2
50095.8
44622.5
39959.7
43350.2
51003.9
45614.5
65603.8
53570.4
43424.2
40255.6
40831.6
68288.2
28793.2
57457.6
62232
37472.5
49479.8
35435.8
66991.8
32769.8
60867.4
63019.8
43651.9
31372.2
41807
35162.6
47196.6
61646.4
59436.2
35480.1
58170.7
47023.5
33687
49932.7
52996.7
42048
59169.5
61084.3
44766
44468
40974.6
48124.3
59475.8
56988.9
51705.4
39159.4
50232.1
30874.7
56323
50180.5
59357
62726.5
43804
29655.1
36431.7
55409.7
64025.6
54006.2
67044.4
33622.4
40940.9
36326.9
44011.9
41955.7
51347.5
41857.3
45869.6
41980.5
29462
46744.7
38067.8
48219.1
37738
31766.8
49100.6
34248.4
35331.9
48800.1
34642.4
38248.2
33026
54143.5
47842.8
46752.6
34058.8
33922.5
36678.9
62694.1
40603.4
36633.5
34445
26393.6
21777.9
34342.4
56444.4
63668.6
36261.9
50728.1
61560.2
48574.2
31440.6
51837.4
37362.5
51254.6
62098.3
37901.7
54723.8
68080.8
34775
51916.1
58179.8
52148.8
47013.1
50290.8
42427.4
50069.4
38203.5
46486.7
36664.8
60523.6
39318.3
51418.6
77635.2
49302.3
24789
43794.5
53277.7
48813.7
40927.8
47275
44890.3
60423.1
39205.9
57319.4
32899.7
60676.7
43533.8
37942.2
51294.2
27481.9
41980.3
39884.5
42761.6
44057
37465.1
41139.6
46513.9
28795.2
47169.5
47309.8
49446.6
61830.2
39856.2
49192.6
39475.5
41709.7
44683.3
52960.6
43315.2
58343.8
59422.5
38885.8
46809.2
43458.7
31390.8
54685.4
48664.8
56348.7
56571.6
50765.4
47491
41791
53405.2
42614.2
44076.2
46857.4
40884.9
56121.4
45601.9
49252.1
38534.6
49647.5
42716.9
43070.2
44656.6
37189.4
41814.8
38103.8
29558.1
54690.7
54147.5
37288
39782.6
38444.3
40241.8
56813.9
52646.5
41887
38970.2
36603.5
46173.8
51449.8
39854.8
56732.8
53714.3
56262.1
44945.3
30666.8
35450.6
38775.9
47204.1
44765.5
64173.7
30635
46521.1
46485.4
35853.7
48750.6
68029.1
42573.5
49587.6
36980
54757.8
33838.2
59342.4
43026.6
63717.7
66227
39949.9
40934.4
34924.3
40006.8
51628.1
68237.8
37130.8
49622.5
55100.1
32048.6
39895.6
42192.7
45857.3
56421
46152.8
49043.4
36780
69698.4
36785.8
37923.4
48794
28953.8
48284.6
33052
36228.3
48583.4
43142
54198.6
43410
40273.9
63343
48450.3
35981.8
39843
52039
58250.7
46125
36449.7
56663.9
39481.7
56854.1
50412.5
52581.4
40029.5
61871
46000.2
40281.4
53885.8
54680.7
41844.9
46571.8
57932.3
53381.4
34843.4
47197.8
53589.9
56450
37437.8
77110.8
49212.6
51852.5
54406.9
43963.4
60045.8
65291
50917.3
42205.8
40869.7
76632.2
67042.5
48201
54608
46216.7
47154.2
60809.1
56057
54006.7
50529.8
40192.2
38964
65407.6
56557.4
42443.8
59322.2
43491.1
48810.5
38630.9
67044.6
45112.9
39435
53605.7
54920.5
43140.4
71351.4
46104.6
48905.9
54645.1
50767.5
47348.4
67706.6
59037
67620.4
70142.2
62198.4
55574.3
40386.6
40366.4
58332
55125.6
41916.7
47870.4
54570.7
68973.4
68853.8
51357.2
35198.2
54872.6
43461.9
57546.4
42316.2
37331.8
36912.4
49361.1
37742.6
64845.8
36938.7
33817
42305
40615.9
47467
22686.2
72717.4
30326.3
53582.3
42034.2
35356
40322.1
45873.7
39875
54244.8
32687.2
53465.8
54825.8
54724.9
52901.8
52080.8
57175
37157.2
49134.4
40273.3
52033.6
43563.4
53432.4
45626.6
57744.5
49439.1
50061.9
62832.9
55029.1
67535.7
47332.3
55561
38243.6
67660.1
51230.2
45950.1
50055.3
42689.1
73155.4
57049.4
40875.6
66783.8
48347.2
50031.4
57395.7
40276.7
51872.9
40199.8
49855.4
56808.5
68435
61530.2
59414.2
46974.3
46445.2
62565.2
39721.8
35802.6
48250.3
54930.7
61377.1
47423.4
53163.9
46074.2
46747.7
39172.2
59592.2
40167
43475.7
48689.6
62913.8
52603.2
50290.3
43570.4
40753.8
58536.1
59844.2
44102.6
60245.5
43491.6
46712.5
64645.6
43372.4
35916
48984.4
30912.7
47169
68657
59177.5
51905
56639.7
41521.4
44719.8
52017.6
60523.8
43903.9
42111.8
61063.9
49946.4
62086.4
44693.4
45113.3
42681.4
32608.1
42178.1
55000.6
45332.8
57416
51003
42977.7
43707.7
30181
42647.9
60419.9
42499
55980.4
51046.4
39316.5
40121.1
45413
62034
62069.6
33579.7
51226.7
30250.7
50284.6
39927.7
59757.2
31017.6
53296.6
48433.1
52473
45796.4
59336.9
41114.1
71204.5
35947
61289.5
49767.8
36745
48813.4
45833.4
61098.2
71893.6
53538.1
45636
50163.8
65867.7
63647.8
46323.6
43635.8
39332.1
58134.6
51783.2
60083.2
53909.5
55605.6
59436.4
42276.5
42875.8
54787.2
50908
62838.3
43732.3
60474.4
35979.5
50317.8
80076.4
51127.3
65889
41929
77383.9
45356.6
84822.2
69070.2
73153.3
39889.4
43930.9
69935.4
61275.8
69508.3
66669.6
49843.2
45980
55853.7
48380.2
73533.4
60669.9
42627.8
34851.9
57135
38039
62941.2
52785.5
81211.5
70037.2
51505.3
51127.4
60500
63072.4
52827.7
64693.1
62252.8
56492
42814.7
54465.4
70379.5
32950.7
51735.6
47968.5
41983.5
46063.1
48738.5
34797.5
60266.8
36333.4
42587.9
74077.8
60611.7
40731.3
38422.7
46124.1
50275
52579.8
55948.5
57234.3
47276.2
48548
35319.1
55569.9
34508
41902.5
41663.9
36459.4
51754.5
49016.1
42462.9
45619.1
47560.1
58370.7
52938.1
36980.6
52143.7
59325.8
48086.7
50108.4
46031.6
39931.4
60699.6
79562.8
34780.3
43939.5
71549.4
47220.1
51443.4
59081.3
41430.6
54463
53342.6
42484.7
43334.2
42048.9
52873.1
40393.6
68473.8
47488
51263.2
54538.2
52538.3
48764.9
60088.6
51282
52390.6
50122.6
46608.1
48213.9
50286.2
54490.1
51693.6
49606.7
62173.4
45938.6
35788.8
54690.1
65481
48446
49461.8
68085.4
67171.4
40601.4
43209.1
41510.2
55341
26566.2
60419.8
56537
55290
53590.4
38693
34147
49769.8
53729.1
69080
52825.8
43547.8
56493.8
44435.5
47966.2
41156.6
48387
45657.7
64255.3
44056
49698.8
58683.1
58493.4
37385.9
52839.6
53140.6
69358.2
74361.8
61392.1
33914.9
58451.5
47563
68853.6
51380.1
43634.8
53853.2
79762.3
56619.2
60087.4
52075.9
47373.8
57279.4
37217.8
46311.4
43413.4
48289.2
57781.8
40172.8
55690.3
60447.8
56153
50068.5
53183.9
61184.2
66831.2
43477.6
29072.6
36567.8
39739.6
48678.5
56765.8
44502.5
38073.7
23046.2
45862.7
44878.7
50417.9
32774.2
43963.2
33648.2
36417
45772.7
60232.1
37877.4
31117.5
48934.2
37191.8
38548
55716.1
46970.7
49029.6
47467.7
52404
30055
29822.3
49111.4
59066.5
20018.1
48029.4
50057.7
69658.1
34945.9
40909
50310.1
46185.5
38926.2
54796.1
46504.2
41818.9
60747.8
48525.1
51823.4
56769.9
49181.5
37523.9
43130.6
52786.2
44652.7
40795.5
64191.8
40303.6
54252.9
62636.3
42801.8
38996.2
48836
59363
56516.4
53546.3
58547
39347.6
59903
43716.6
35835.6
41564.9
57623.5
44654.6
52393.7
46321.7
55198.5
40730.6
57142.6
69688.1
54121.2
67075.9
35373
50843.8
51642
56009.4
58327.9
43673
58349.5
46739.1
43645
55685.2
47968.6
48146.6
48191.4
52817.7
26993.6
47182.7
32012.6
45213.9
40791.7
44201
49248.8
50667.7
44905
46576.5
35752.7
37673.4
37475.9
47031.3
48243.8
38864.5
55794.3
29873
31724.2
38281.4
55426.2
46633.2
49085.4
39820.1
41577.8
60029.4
44035.5
46928.2
50771.6
45155
36000.6
53146.1
32494.7
36696.2
50362
39721.2
43043.4
29899
34533.8
39529.5
40975
29520.7
56982
39156.1
33489.7
42767.1
35234.1
48933.4
45989.5
37455
38184.9
37440.1
40550.5
59548.4
37991.7
43538.6
35910.4
41264.6
53982
42450.6
51796.2
43110.8
37504.9
52067.5
44577.8
49065
48019.1
48043.9
31935.8
41503.4
34662.5
46157.8
62155.5
39652.7
35209.8
36119.3
34185.5
50553
40368.8
46138.6
43560.9
72541.5
42495.2
53662.9
47164.1
46176.6
58482.9
59124.6
47600.1
38603.8
59327.4
30713.9
52904.4
41503
33959
57663.9
47369.3
51701.9
51166.2
24889
38241.6
43501.6
25382.6
53141.1
29267.8
53351.7
45696.2
42962.2
44922
42159
37780.2
51672.2
50245.4
46567
37165
48954.1
42697.4
49804.7
46208.4
39268.9
40978
42852.6
57733.1
53915.7
46473.9
41859.2
51447.3
57804.1
53335.5
53542.6
38790.6
52902.3
40642.3
47568.9
31508.8
29424.9
52770.9
31461.4
39208.6
39951.4
39483.7
65712.8
55430.2
30589.7
34521.5
50909.9
55856.9
40587.7
53623.4
33322.4
50018
55880.6
56439.7
52827.3
37854.7
41895
32781.1
50301.4
21199.9
31344.3
41987.8
48967.7
27603.8
52935.2
32749.3
30889.7
39365.4
48821.1
32671.9
43869.4
36500.5
41452.9
26159.1
40592.3
51272.8
34601.8
32359.7
64613.9
45517
56385.5
48453.4
42720.3
47508.9
29221.5
46509
50988.8
38288.6
47032.8
32033.4
47316.8
58707.8
36358.3
60495.1
45445.7
63610.6
38171.1
38588.2
56017.9
69847.4
32535
56636.7
45188.3
40205.8
37429
37276.4
38795.7
38397.6
65697
47953.3
42973.1
25534.2
55149.9
37516.6
29649.3
36942.6
31339.5
41018.3
50484.5
51966.8
52361
35538.4
50746.6
65253.4
44395.4
56412.3
47765.9
46132.2
27793.2
55720.7
56018
47690.2
36809.4
54103.1
40681.8
50244.5
51316.6
55303.6
66677.2
50566.6
48131.5
40683.7
39694.3
50883.9
40349.8
39790.7
38468.2
55124.6
67570.2
53353.4
48412.3
33283.4
72938.4
76243.7
42783.8
48777.6
44058.6
47765.3
30168.6
37675.4
53049.3
50977.3
48857.4
51253.9
39054.7
44402.6
47507.8
43473.5
65165.3
45618.1
59618
58290.8
40513.1
43600.6
43730
71887.1
75027.1
60888
58941.6
52280.1
65422.6
39203.4
46279.1
47016.8
44600.2
59615.5
62049.4
63427.9
56323.4
58772
57425.3
59111.2
38490.2
39057.3
56843.1
69211
67374.5
64568
52839.7
46801.9
50408.4
48925.2
69035
47138.4
34604.2
50706.3
59073.8
42359.2
68665.2
76935.2
44662
30585.1
61108.7
46842.2
67887
52392.6
61481.5
50331
56995.4
55485.8
52448.6
50903.4
43351.6
48488.9
70423.4
41523.4
57863.8
46858.5
45508.1
65041.5
37909.7
34493.1
52403.7
45469.4
62283
49908.1
50995.3
53397.4
49134.6
65363
46213.7
63389.2
51628.7
36609.6
65705.4
41215.6
52946.2
47176.6
61918.5
41568
35802.1
58181.8
44725.4
54482.2
32861.6
35347
48464.6
39698.6
57792.2
47629.3
59904.1
38282.7
54832.6
51373.4
52633.7
45385.7
37410.6
45694.4
40463.8
39999.4
47699.9
42043.4
46124.8
69861
52071.1
42547
44370.8
60701.5
30899.9
55104.5
45087.9
46569.2
58057.9
49285
45883.2
57225.6
34057.6
36198.7
76183.4
46775.7
42682.6
40951.1
48416.6
45947.4
38577.4
50185.4
41527
48521
48759.1
42749.8
56468.3
50965.8
61617.8
41000.7
38455.8
35081.1
40971
44710.6
40154.2
31250.7
36100.7
48382.4
51863.6
51648.6
50491.2
33000
36513.5
46220.1
57136.1
46698.2
64547.8
50684
44837.4
42708.1
56946.3
49541.8
68003.8
37427.9
52127.8
68345.6
39521.4
57519.7
44467.8
42087.2
44342.7
38541.2
51696.2
49267.6
53406.4
52342.6
41489
41154.3
52136.3
43890.2
41018.7
47119.2
33193.1
39416.6
54362.6
37791.8
49425.7
58285.3
42661
46428.2
58730.6
43365.4
38794.6
26834.6
44349.5
58643
44618.2
42457.8
55297.6
52148.5
44608.2
53866.1
48673.9
53955.4
60344
53142.1
45255.7
56801
61747.5
59244.8
67090.6
61626.8
56599.8
56209.4
74114
68331
52296.5
28069.9
53760
47670.3
52447.8
67551.3
56815.2
42610.5
53207.5
30419
36100.3
62514.1
64881.3
29516.2
52157.7
51715.9
68949.5
64245.1
66687.4
40411
40850
57262.6
35517.8
41201.4
47727
65180.8
35289.5
34587
28221.9
47650.8
45132.6
46845.3
36594.7
37349
57046.1
27382.4
38163.2
57557.3
60699.1
37995
53999.8
42813.5
58048.8
34867.5
58591.8
42247.6
40282.9
47557.8
57139
51922.1
29853.4
63427.1
35340.2
44532.6
76811
41381.4
59237.2
50967.4
54814.4
66819.8
49847.3
43390.3
46272.1
49008.2
27495.5
56172.6
49351.8
58093.8
42656.2
37578.7
41363
48910.7
47646.6
50058.3
37759.4
47524
46913.8
27200.8
39739.2
51359.1
58682.6
52277.7
35157.7
31927.2
43719.4
53367
63203.6
37566.7
41863.3
37489.4
27364.8
46934
42496.6
50474.2
35677.4
40453.5
48154.7
66358.7
40119.6
41527.1
27559.1
43552.1
54123.7
58876.1
37850.9
51119.6
38753.4
47645.4
48440.9
49256.8
33205.5
49173
56663.4
66959
61923.2
48101.4
31033.5
35398.8
39937.6
46502.5
42795.5
65461.9
46731.1
41594.9
47147
59526.1
55937.4
35440.4
51998.6
44968.6
78201.6
73296.7
54130.7
40492.4
50763.1
64063.3
59359
61161.7
64238.7
56321.6
54549.8
74956.5
63182.1
51038.1
62454.7
43204.5
70612.7
48371.2
51851.1
54519.1
66292
47287
41983.6
39933.8
47533.5
59234.4
43749.6
44903.2
61856.3
40330.2
34819.1
46700.7
26314.6
30255.4
42597.7
47778.7
53191.2
42572.6
31118.5
47652.2
33887.1
46795
50725
50388.3
42676.6
37231.8
39338.5
26583.7
33201.2
32941.2
38965.3
56788.1
53396.6
35005.8
42624.8
39244.4
29388.9
51629.1
38435.4
37392.6
48654.1
35389
32869.1
30387.8
30440
45915.5
33592.1
45464.3
51436.7
32602.2
47794.6
28089.9
30694.2
28327.8
47791.8
55507.9
47582.3
38740.3
33423.4
36746.2
32417.4
28471
36859.2
33369
45343.4
36670.3
30618.2
29085.4
52977.1
42060.5
42459.4
40934.9
43711.6
35775
39877.4
50442.3
50377.3
52813.2
46883.4
24063.7
41227.8
35734.4
46690.6
37683.1
63877.8
47111.5
53785.4
39067.5
45680.9
56616.4
46439
39059.7
62386.2
70643.9
32840.8
44924.4
50897.8
51978.6
45314.3
62312.5
40898
51764.8
34305
34951.8
43072.8
51482.2
52568.1
42133.8
64890.5
62570.6
52088.2
50645.9
36461
45679.9
40796.2
49473.7
44534.4
56621.8
73839.1
52453.8
43301.1
50917
42647
41208.2
61473.2
56942.2
45055.2
40202.2
40129.3
36091.6
64730.5
44630.6
40162.6
43612.9
69672.1
48579.4
68723.8
49497.3
41569
52029.7
50242.2
47061
39767.9
41500.1
56737.2
56826.9
52864.3
73184.9
76508.6
41934.9
47754.4
55483
44571.8
51958.9
49105.3
37176.6
55372.2
44435.6
58760.2
56892.9
42801.2
52704.2
61687
72341.4
51240.3
45660.2
41005.8
50283.8
43375.6
32166
41465.4
58967.7
43524.2
58237.6
56724.4
31659.2
61662.2
39926.6
69326.1
52002.6
35983.3
50469.7
34685.1
59134.8
42118.2
38394.6
67143.4
37781.3
40390.5
31242.9
61130.2
46012.8
58701.5
59949.5
46498.7
34017.4
25859.2
52546.2
61215.7
71249
49466.1
38746.5
36243.7
37726.7
38442.6
43404.2
57620.7
44479.8
41337.1
41337.9
38179.7
62092
38286.7
71697.4
37343.1
48495.2
44191.4
49893.2
41932.8
40639.9
41834.6
39837.9
41175.2
57166.2
58112.3
35377.9
46973.6
35738.2
32073.4
40904.3
38179.4
45820.2
44971
25752
44011.5
34294.6
31932.8
36293.8
47728
33771
66803
31978.1
52095.4
39139.7
53822.2
55031.4
57886.2
60379.8
47024.8
39708.2
50270.6
37825
40455.6
37167.8
32654.6
56763
41443.9
60643
41378
45988.6
43767.8
46282.9
66052.9
45228.4
40210
57873.5
36502.8
34631.8
45323.6
46796
42993.8
28866.7
39074.6
41557
40028
44705
50071.1
41294
33006.4
41151.7
37049.8
48611.9
52440.3
41714.1
49764.1
61854.7
38149.8
44043.8
31203.7
46679.2
47385.4
49086.4
48111.5
44044.2
27821
49948.3
47920.9
35837.4
50082.2
34155
49561.4
45353.4
36147.4
48263.5
45168.6
43055.8
40108.8
32489.9
50162.9
41169.8
49135.6
34312.6
34417
46226.5
35904.1
36978.3
33835.4
54160.4
38790.2
39884.6
46004.8
32091.2
42331.4
54611.8
35275
24976
39374.5
32045
39297.7
40715.4
34847
36458.3
36730.2
40834.2
34244.4
35683.2
49972.9
34819.2
29348.1
37892.3
34326.6
42199.2
37866.5
47776.6
47046.7
34854.3
35677.8
48445.8
38854.6
46764.4
55017.9
40849.7
26371.4
32680.7
61634.1
41418.8
39408.8
43607.8
40326.6
45532
71589.9
26054.2
33206.7
33997.4
60703.4
47566.9
42006.9
45658.6
46053.5
48167
49404.6
45377.4
49660.8
49923.4
62521.5
25754.7
59318.7
40469.8
53443.8
48955.8
40895.3
59317.5
39495.9
53127.4
45201.7
48208.1
40185.6
36977.5
44550.2
32139.6
37887.7
40259.5
41688.3
39255.4
50608.2
37006.6
41062.2
53362.4
33744.5
32196.5
50448.7
40360.5
38179.4
49287.3
50663.2
45471.1
46827.7
26981
67016
44516.9
68490.1
42938
39490.2
48249
36274.6
54304.5
51104.1
34307.4
44811
48388.2
44504.6
52080.4
45702.6
44939.9
50432
36900.8
60714.3
29272.2
72035.8
48540.3
40336.8
42455.5
39117.8
27796.7
46740
40131.2
36705.7
29142.4
49998.2
32873
39216.8
74961.6
36568.8
65221.1
52315.8
65079.5
35200.4
50473.4
46597.4
54194.4
50719.5
42198
62591.5
42278.4
37093
52190.5
50316.6
43619.3
41358.6
30461.1
42340.2
39397.9
54951.6
48026.3
48515.5
49199.4
32404.6
50544.1
41475.4
65615
60656.6
75119.4
43279.4
63130
47964.3
34516.6
70163.5
56232.6
57758.5
47411
48557.9
48258.1
43456.6
56281.3
42960.2
70513.8
62978.7
31314
51362.9
64507.8
59634.5
45864.6
41163.8
45681.5
48690.8
36666.9
77524.2
50480.8
47537.6
61722.9
63368.6
46473.1
41951.8
51321
47856.2
35142
50493.6
56588.4
38383.7
49516.1
35517.4
29304.2
57804.1
30708.2
70465.3
40493.7
57426.4
43975.6
65190.1
41421.7
40487.5
58171
67585.9
48876.6
68634.4
47514.4
44307.9
54990.1
70364.1
46591
56642.2
55095.9
46341.4
56362.3
55592.7
52865
52122.9
27677.8
49606.6
57066.8
52935.5
50729.8
57903.5
31330.9
35012.2
33854.6
57472.5
44264.2
55952.1
30396.9
55852
34384.3
41056.7
38695.6
44554.5
38527.8
29589
42884.5
48491.5
36657.2
65283.9
44088.6
41589.1
21573.8
50401.4
70637
61233.8
37492.5
48231
47254.2
51180.3
53166.5
54869
50325.7
52920
47654.6
46051.4
52719.3
71520
62395.7
29874.3
43971.4
50083
54229.2
45482.2
40442.2
53920.4
46935.4
33395.4
50392.8
54146.1
38874.8
57212.3
39081.7
54795
49190.8
61264.7
39122.2
32466.8
51118.7
50698.5
41146.1
62083
36356.7
59857.2
32670.1
43946.8
42296.9
37688.3
29222.6
45641.9
37632.2
61103.1
39834.6
47591.4
33136.5
34986.2
56209.8
54473
56297.8
43304.1
44667.8
45719.5
48584.4
35733.8
58569.9
48449.8
46416.8
51211.7
39949.5
46217.3
69825.2
58561
42870.8
62629.6
40736.2
34504.6
69437.8
67816.3
68439.8
43939.3
36064.2
33751.5
51355.6
55268.5
57616.8
48670.5
39417.1
45253.7
43762.3
51862
65647
68508.6
39328.8
40010.1
47084.6
60614.7
68312.8
42173.9
48553.7
38099.9
36380.8
43821
54648.2
47919.4
42298.2
42519.8
31321.5
35579.7
62711.6
53293.1
65602.1
48627.6
42703.9
41401.3
45134.6
57550.5
47339.7
53151.3
46206.6
32981.4
37499
47324.2
39899.1
54425.1
44152.7
46835.7
28331.3
50244
44436.5
53680.6
67940.3
33362.3
43149.8
60524.9
47594.9
66149.4
58076.6
41301.5
54715.4
59304.9
60745.6
46541
52448.1
39636.2
62047.8
42722
57023.3
46647.4
53536.6
47909.4
54953.4
50695.1
50092.8
52768.4
48203.7
62693.9
57926.3
53460.2
43315.2
47792.9
54745.8
34111.3
48247
55609
60799
41328.1
49237.7
51376.9
34049
39906.6
56675.8
60096.4
35129.5
57519.1
42250.6
40265.9
57115.3
51575.8
63316.4
69605.9
61134.6
60629.6
53597
53520.1
60824.2
64059.2
47711.7
58540.9
53044.5
41110.5
50167.4
51120.7
46220.2
49469.1
59745.8
55749.8
53791.6
48409.7
51275.8
44755.7
45733.7
43687.4
45937.4
57075
83837.8
68052.2
28443.3
39889.4
46391.7
51895.4
62599.8
56936.6
59373.8
53781.9
31699.9
45355.7
46368
59537.3
61070.4
65713.8
40004.4
51303
64046.2
69070.9
50800.5
48808.4
56736.9
67486.4
38976.5
50508
42679.4
53543
38167.4
68651.6
59970.4
55545
58300.2
49164.9
63461.9
41245.8
57317.2
48426.3
33246.6
41067.3
58817.2
49558.3
59102.8
57800.9
62285.3
52318.8
52622.9
48782.2
53444.4
46589.4
52898.7
39843.9
48102.2
53758.6
47861.7
51321.8
71511.7
60969.4
48371.4
51165.4
55165.6
38716
48554.8
47639.3
42240.3
68187.4
58476.3
63083.4
56057.8
38086.8
45922.1
48087.4
51224.4
60150.8
32264.2
53420.9
54456.6
49159.4
38714.7
53851
36302.4
43719.4
57316.3
50025
49968.5
21338.5
51322.1
54858.5
35233
47129.1
29945.9
43293.5
49945.8
47910.7
32339.8
46689.9
42529.4
50806.1
53149.4
49865.4
62650.9
41532.2
30297.4
38415
62035.8
43662.5
53813
39562.5
37552.8
50224.1
54758.7
61005.2
50709.8
42232.2
35238.6
49087.4
57871.3
44966.4
55141.9
53813.4
43178.1
57804.9
53782.4
57283.8
36347.1
45571.8
66466.6
47472.2
42508.2
58557.4
50411.6
45154.6
48930.4
49651.5
55271.4
61360.7
63595.4
38959.8
40549.9
38410.9
46935.8
49261.8
39519.6
55894.4
39858.4
47982.3
66259.3
56846.1
55487.1
39423.2
42339
39757.3
48496.5
62101.5
70108.9
50391.2
46589.3
46085.7
32097.9
51735.5
47187.8
56779.8
49438.2
56688.6
38908.3
54151.6
46538.7
42354.3
44199
38967
51980.4
34246.6
53574.1
43595.8
32821.5
52191.5
58966.6
41078
39036.6
41826.6
39052.2
43378.6
43915.6
46343
48299.3
46586.3
73824.3
43479.9
44607.4
57865.4
39735.1
48789.6
49317
37190.6
55529.7
58427.3
52388.1
50019.1
44809.4
55072.9
61188.2
59592
59354.6
39105
41703
62130.2
48474.2
64203.6
43008.6
72667.8
44301.4
46739.4
60725
54496.1
63176.9
45425.2
59725.8
46403.8
61289.7
57142.3
64417.1
57763.4
32003.4
48820.9
42661.4
69383.4
49418.8
57312
49105.5
52241.3
74993.5
61737.8
54182.2
56544.4
56407.3
37088.2
47398.7
47879.4
65150.6
60984.7
60641.4
63724.6
65694.9
60864.1
61597.9
59133.4
52995
54457
55913
49629.1
40838.3
72513.1
49458.8
51060.1
69077.5
36611.9
48805.6
58723
43715.8
33148.9
51149.9
43126.4
51664.9
59561.5
61042.3
48322.6
37666.8
52748.5
56029.6
51074.3
58818.5
52938.6
58039.4
33330.2
49319.3
59953
46541.3
46242.8
48050.4
45220.8
53765.5
77272.5
51091.5
54897.9
53983.9
47181.8
56747
41846.2
65452.2
49907.3
44719.1
59894.3
55291.3
48820.5
54611.8
48221.4
60848.4
60600.1
48484.6
32100.6
45008.1
61506.3
48561.4
46533.4
52309.8
59929.8
52538.8
38425.2
54104.3
66608.6
68116.4
61212.2
54916.8
67639.5
51775.8
35262.2
45644.3
52703
41839
71621.1
38654.1
34589.8
62979.4
47594.7
43918.1
51529.5
41491.8
72314.2
46854
40077
48000
46677.5
36933.3
49725.6
61502.7
45566.9
53576.9
44908.1
43962.9
57197.5
34765.7
54779
59297.4
46799.4
46336.7
51012.8
29512.2
49530.9
45623.4
43595
36834
56343
42628.5
47604.6
44169.6
42095.4
50637.6
43644.2
58064.1
68794.9
45554.7
52040.9
60793.8
46955.6
40299.3
51977.9
47173.8
61467
50051.5
46828.2
33486.6
39660.9
48861.8
35515.4
54285.8
48140.3
34960.1
42744.2
26876.6
49611.8
50708.8
55270.2
55188.2
48630
50200.5
29651.6
42725
52703.8
62692.1
45193.4
40869
46038.2
59057.3
48674.9
38044.6
45181.9
29068.9
31894.2
35687.7
48413.9
49800.7
52251.2
33910.3
42111.2
49508.1
52487.3
59138.4
41960.5
58692.2
32233.2
50160.1
62023
54914.8
44261
63642.6
61761.3
34582.5
60680.6
49010.9
45372.2
58532
62735.7
27972.3
60347.9
53260.1
42363.2
40231.6
50068.6
40962.4
58145.8
54166.8
46363.8
35995.4
49854
63650.4
60247.2
39329.7
48842.8
41076.6
48965.2
56609.5
45647.4
41785.9
41555.6
42140.6
32286.5
50522.5
44566.9
36125.7
40885.6
28001.8
37286.8
43242.4
51816.1
45892.6
31986.1
42320.5
29593.7
42089.4
47951.8
42853.1
38645
34356.7
63669.8
39909.4
36793.8
51705.8
43956.2
34483.2
53163.8
64584.4
34702.7
66332.6
59381.4
52333.3
61459.4
65592
34032.2
44253.5
60966.5
62700.1
51878.1
65106.6
57889.4
52353.1
39262.9
45097.8
61553.8
48902.2
72323.4
56054.9
53010.2
47525.1
46440.5
61880.2
43741.8
55401.6
54476.6
61877
54374.5
53707
65926.1
51131.4
39072.5
68672.3
63589.9
59760
42903
59131.1
31196.1
56579.5
53083.2
55698.3
48078.4
47538.5
66052.6
31298.6
49619.8
41434.8
37089
34938.6
35717.1
35024.2
48102.6
48454.9
36284.6
66448.8
43475
34701.9
39117
49607.6
67401.4
43166.9
44937.5
45853.2
41823
45429.8
30206.1
44130.1
57248.1
36906.6
49693.3
42464.6
42321
39729.1
60764.9
55030.6
43836.6
34368
26405.8
45312.6
47269.6
56689.9
49914.6
63611.4
43273.5
53303.4
40430.9
38446.9
60732.6
34258.6
47679.7
49501.1
40710.6
47299.7
39527
55147.8
55718.4
39417.8
37196.2
56099.4
54273.4
42253.4
45235.1
32898.6
38532.3
58960.7
64847
55949.4
47901
31911
63561
56403.9
55679.2
45468.2
48028.7
71490.7
38708.8
55481.8
65633.3
49490
36530.6
58660.2
51167
38769
47093.8
55290.2
34042.6
61800.6
55432.2
31561.8
38067.3
44520.8
70910
42055.6
35469.1
30679.7
45335.3
31970.2
48658.4
49234.4
62285
43018.5
47512.4
54383.3
51573.2
35749.6
38973.4
64205.4
60271.6
61611
60501.4
49333.9
50724.9
47704.6
40141.7
38897.8
63318
45653
36307.3
41664.5
46920.9
40685.6
54791.6
51199.6
43385.2
46498.9
53267.4
50986.3
41131.7
48492.6
42707.9
30967.5
61729.8
58019.9
58699.7
36809
52031.7
40903.2
50685.4
65711.8
64719
44420.4
49224.3
34135.3
43804.6
62229.8
59359.2
40065.5
48293.7
46551
33489
32371.6
49459.5
57139.6
32771.4
45794.2
46332.9
40430.2
49640.1
51432.4
50651.5
32901.1
41753.8
54929.5
64332
46125.8
43753.4
49915.4
44580.2
44002.6
35236.8
62895.8
72642.8
43849.4
51738.9
48457.3
54352.2
56597.8
35356.5
50514.2
49127.8
37184.2
59211.8
37808.3
50793.2
70931.6
54622.3
27857.4
34092.4
51401.6
39042.2
36889.2
54160.2
44642.4
55911.4
70012.6
46086.3
52030.7
42273.9
33500.8
49168.4
45681.2
49708.7
60720.6
51168
48227
32846.5
54977.3
63025.7
55402.8
57354.3
63019.9
38953
45669.4
42480.6
59805
48551.4
58129.1
41477.7
40006.2
50121.1
57652.1
48773.3
52137.8
44772.1
55856
63015.4
28500.6
52256.2
43528
49335.7
47293.4
58029.8
45578.6
46701.3
40462.6
67284.6
40355.6
43102.5
61807.5
34972.2
55223.4
57905.4
29610.6
41124.1
52240.9
47557.4
54974.9
41488.6
34113.4
29063.1
54943.8
35167
46383.8
59893.7
37045.5
40373.2
38002.8
46528.3
57323.4
46509.2
38774.6
33859
41205.1
51322
49394.6
72096.9
52367.2
78837
43573.8
39644.4
47004.2
41880.7
58266.6
34898.6
34892.6
28455.8
54068.6
54911.6
36056.4
52573.8
48909.9
36208.6
32191.8
41589
44767.8
36058.6
38658.2
36877.6
37680.5
61279.9
31144.2
61455.5
52828.4
47682.6
34208.2
31341.7
53978.4
21834.5
50095.8
27041.4
53508.4
55969.2
61962.7
32802.9
52826.4
48498.9
64018.2
41165.8
57372.5
28121
55493.4
33716
38005.8
71366
62693.5
56792.7
47256.5
38188.4
41149.6
51625.6
82129.8
37907.4
52776.4
55355.5
43846.2
62110.9
33394.8
49746.2
43429.8
50698.9
53753.8
37127
53724.2
46591.2
48130.4
60483.9
38467.1
52290.5
60039.8
57589.9
33357.8
40552.3
41760.5
50310.3
36635.9
49587.7
42959
43628.8
45066.9
52243.2
50884.6
62228.7
56165.8
53572.2
35321.5
41357.9
52972.8
48393.4
48656.7
48369.8
48013.1
45552.6
49623
59356.2
52130.8
58774
44446
55881.1
46096.6
44399.7
55170.5
56712.5
61296.6
50418.9
35469.9
48254.8
38018.4
70951.2
63037.8
47555.7
45077.3
52327.8
39369
61261.8
45917.4
52730.9
56015.5
34651.1
49783.5
42314.4
46132.4
57507
55199.1
54527
47700.6
54011.7
41366.5
44083.7
63479
43616
35384.4
45342.9
33737.8
34506.2
39014.1
54989.2
54917.4
60489.7
52865.4
54000.5
45360.9
44279.8
53795.9
34871.9
49301.8
57000.9
71559.4
59507.3
51132.2
49985.9
55009
42468.2
61701.1
52370.4
47608.6
55394.6
45416.4
54569.1
45703.8
44063.6
38747
44936.4
40753.8
59651.4
42686.6
64099
40471.4
31664.5
47974.8
45636
39114.7
35381
54892.3
26692.4
65890.6
42028.2
44483.5
49291
64504.2
55337.8
36655.6
46692.6
45039.4
52413.1
49570.6
34699.9
42735
37466.8
43513.4
40576.7
38047.8
42634.4
49053.3
37470.8
57969.7
43624.2
36615.4
37715
49328.1
34231
44750.3
38303
47351.4
51540.8
47135.7
42299.2
68361.4
43758.6
50682.3
35739
57939.3
72964.1
53400.8
50540.7
53741.6
43646.7
57143
35420.4
42354.8
57389.8
46939.3
28201.2
34828.3
56079.3
36680.8
58546.6
43145.8
42840.7
48210.2
29778.6
31192.2
43440.2
41380.5
64689.7
55803.5
27959.5
49215.5
31709.8
55610.2
53395.5
44988.5
43136.6
42718.1
37485
43515.6
51974
31414.8
36417.6
43655.9
46178.2
39219
61865
68767.4
51280.2
39472.4
43532.9
36817.4
58011
57087.4
42957.7
62146.3
39606.6
52722.8
32905.3
54522.6
46359
33314.8
46933
48250.1
44718.2
47914.4
55581.5
57428.9
43379.4
38206.2
52232
41988.4
30512.6
33321
62287.3
38459.6
37877.9
66321.9
42669.6
37310
36757.2
39261.3
54494.6
70726.4
43042.6
33447.8
49827.4
28484.2
41082.1
58432.2
69220.2
52721.2
44750.9
50149.2
32048.2
46005
50750.2
41666.1
35916.9
35753.1
34585.5
52911.8
39380.5
41765.3
49444.5
33544.9
35737.5
43206.2
49210.4
47708.3
67536.6
44503
42741.9
50260.2
48196.2
48286
68569.2
64555.6
61564
36780.1
38996.6
48603.6
44522.6
61271.3
52247.5
69685
35796.9
62069.3
38475
34695.8
38044.1
51600.8
32673.6
38382.5
44523.1
46156.2
42799.3
41025.3
35997.8
36211.1
38331.6
42096.2
46118.6
38488.3
38091.8
44466.5
47383
33840.1
44251.5
58907.4
38370.1
57427.4
68089.4
69539
52280.3
73097.4
22239.9
57800.6
40611.9
46290.4
27613.1
52579.4
42525.4
42669.2
33417.6
37286.4
50081.1
49638.1
45721.5
59104.9
47298.6
45319
47410.1
49752.8
57908.9
61648.2
52708.4
34401.2
44848.6
40920.1
47416.3
50085.4
57044.3
46246.6
46152.6
50790.2
19127.8
53110.4
34218
47596.3
40185.9
47927.6
41023.9
35671.4
57478.9
49245.8
68770.3
66203
44139.6
46345.3
50180.1
48603.4
41636.6
45531.1
57783.7
40564.2
46961.8
45737.1
56517.4
63070.2
31070.7
57437.3
33760.2
36796.7
38152.2
42273.2
39950.2
58100.3
46606.5
50445.4
61626.2
42036.9
55918.4
44698.9
33926.1
51271.6
47613.3
47664.5
41221.2
56665.4
37957.8
36705.7
46806.9
50374.4
27781.4
55595.4
54845.7
55541.4
49785
54369.6
39019.2
62552.2
64844.8
61360
56096
61717.7
33505
60284.8
43734.9
39865.3
54062.5
55277.5
47030.4
30065.6
45122
40958.5
44692.5
67220.8
46048.1
53822.5
29461.9
63945.8
54930.9
51753.1
38807.4
54210.8
51156.2
39235.7
57599.3
50727.5
50754.4
40911.4
58392.5
43250.7
33480.2
40708.9
65085.8
44028.6
39883.8
45742.8
44719.1
34000
38991
47173.8
42803.3
41473.4
33498.8
44585.4
63625.8
45348.2
36656.8
40125.7
45918.3
51886.6
57971
50231.9
48713
44145
57904.3
43123.6
42109.5
48778.2
39620
85317.1
32073
43958.7
49966.6
56655.8
36903.8
61062.7
41218.8
33826.3
43012.2
62068.4
45731.8
49572.9
56467.6
51670.5
43249
38658.3
45862.2
51885.9
44422.2
52993.8
35783.1
50546.2
43511.1
40825.2
48852.4
38428.6
33148
46648.3
43776.6
30978.8
62808.1
50337.4
51132.2
62610
53316.6
45391.6
56392.2
50063.2
50269.1
48236.2
55365.3
48061.1
56255
66832.6
68531.4
36994.8
45173.6
63882.6
46834.3
55725.9
48050.7
46002.7
47758.2
55368.2
48388.2
47759.3
40429.6
42313
53751
31999.4
56433.4
46310.8
59871.4
67459.9
69592.2
44605.1
56971
43708
38421.6
56352
42549.5
47826.2
56004.7
67592.7
49322.4
36022.1
56540.2
51961.4
34482
50519.5
55140.7
65798.6
61495.1
71409.2
53696.2
59333.4
53584.3
55724
54180.6
57060
57668.6
33395.8
57554.8
57042.4
55785.6
52472.5
61347.3
54830.2
49074.2
54184.8
38033.8
42371
68940.3
51130
41178.9
43143
47283.1
58002.2
37384.4
53604.6
65707.4
44921.7
39162.2
43381.2
72929.6
53998.4
63113.9
59894.2
39350.5
38646.6
48553.8
57172.9
41611.4
43551.8
41825
35997
51010.9
35147
58456
49400.1
51013.4
37360.5
42760.2
26852.4
37821.4
49746.6
36662
51283.9
41618.5
36574.4
52451.5
71367.7
71231.8
47816.1
51391.4
44288.8
37945.6
45813.4
46613.4
48219.7
42931
52621.2
43034.6
55857.8
54913.3
82464.6
41850.7
47166.6
49079.8
32907.9
53328.3
42101.6
53958.1
44336.4
70475.4
51344.6
35645.5
53542
59419
38878.2
34631.6
57213.6
49550.2
36623.7
57570.2
56116.4
45167
58355.1
54537.7
36974.4
44057.8
44998.6
42515.4
47945
53617.5
30779.4
36551
39824.2
48405.1
63816.3
39659.8
61481.8
45407.3
41003.7
69668.3
50302
56777.1
40502.6
70412.3
45720.9
55649.8
84246
69307.4
54934.7
40583.3
45614.2
58074.2
53868.5
64009.9
53253.3
52425
39212.5
70591.9
49808.9
69119.4
51138.7
71684
45383
54595.2
48371.5
48262.2
45752.8
32598.2
47387
68924.9
59119.8
59666.8
36463.4
63059.3
65508.2
35545.7
83790.6
51715
43272.2
67188.2
42260.6
40664.1
46245.6
44206.8
59361.8
74207.8
56223.7
46929.6
71493.6
39676.7
58327.4
50307
41162.4
53562.2
70064
49043.3
61181.4
44895.8
73780.6
58538.2
50722.2
51201.7
52598.5
52487.5
50818.3
57818.6
56078
51003.8
61643
71463.2
57971.8
53815.2
55976.3
57167
66641.1
71050.6
45169
45927.5
57088.2
41706
59730.6
53171.1
43634.2
68785.1
52752.6
56822.5
54682.4
38966
74779.5
71004.1
62518.6
70844.9
70675.5
65961.3
57526.9
71710.8
58170.1
62465
56025.5
63205.8
46507.9
74546.6
47750.1
67373.9
57969.8
65125.1
65983.1
51441.1
69883.2
63642.5
57505.5
71477.5
59509.2
57480.7
54969.8
53488.6
52454.3
66802.2
57388.7
68229.4
38972.1
49032.6
41038.3
62261.3
43683.8
45424
73026.5
67283.3
59706.5
50582.8
43125
31132.1
53658.4
38520.3
65766.5
38471.7
46184.5
36975
52809.6
64956
48757.8
48820.9
51544.4
34753.4
64967.3
55744.6
41967
47357.5
66217.2
51353.5
81775
52204.7
56389.5
41291.4
43436.5
45601.4
54426.2
47901.5
60125.4
46740.9
56363
55427.8
58518.7
67597.8
64596.6
53842.5
51647.5
58155.9
69227.1
45754.1
27950.7
47287.9
49557.5
50272.3
63568.5
74081.2
46543.8
56303.4
68097.1
68785.5
56099.5
39475.3
67076
59402.6
75097.7
55101.8
60722.3
76048.9
62354.8
54163.4
58182.1
49719.4
68832.7
66474.6
51719.7
59443
55777
50708.7
62323.2
54389.1
55352
66233.8
44888.5
58925.2
58038.2
48982.8
53351.2
53603.3
52923.4
60355.3
47735.9
65755.8
58396.3
53763
65113.5
49216.5
42538.9
59763.2
59852.4
31412.5
42946.3
43710.5
64369.5
44366.6
47990.4
48374.9
50536.1
54875.6
57462.2
55670.2
48274.6
51201.8
46399
48980.9
43544.3
35016.5
29400.2
61117
37957
40005.6
51800.2
52273.7
57253.8
41706.2
42716.8
63441.9
66793.1
46079.8
56581.8
39635.1
48849.4
53830.4
61958.2
37298.3
61292.4
39793.4
46074.2
68632.1
41887.8
43645.7
62958.6
44024.7
51385.4
53524.6
51020.1
57849.3
66381.7
54346.8
56199.2
55233.8
43973.5
52294.4
47451.7
70748.6
73709.8
53879.6
62275.3
41861.7
43406.4
45402.2
64050.7
63736.2
62012.9
52807.4
49651
59305.2
62503.8
62282.5
57525.4
51981.8
42211
64937.4
53306.5
56017.8
59603.3
43439.8
63251.8
41901
54431.8
52311.3
72342.7
84886.7
54217.2
35547.8
45322.4
48072.4
57069.4
80014.2
37673.8
41294
47979.4
60501.4
56837.4
59053
74869.5
45805.2
34875.2
34753.4
43025.8
54274.2
60733.4
54637.1
33021.7
51736.6
46192.2
68465.5
77469.1
70884.3
58029.6
41801
57245.5
40157.4
81531.1
67172.4
72595.7
70789.2
50486.9
68485.1
80376.6
56636.2
63426.7
70127.4
57235.4
48835.3
67476.9
61884.3
65020.1
38222.8
62047
63420.5
54660.2
52023.4
61482.1
52842.9
43687.2
52204.6
57409.8
60683
58601.3
47749.6
34484.1
59441.7
42323.7
43502.2
51319.3
45385.8
59183.7
44675.5
29714.8
55686.8
58551.9
39893.5
29264
62933
63722.7
59694.3
62345.8
34964.9
56169.2
58052.6
45277.8
50650.6
50559.5
63631.7
58424.2
51535.9
51399
53886.2
80223.1
51537.6
55010.6
62811.8
55066.6
43573.9
60696.3
54847.4
41031
66838.7
76843.1
51505.7
62380.2
53609.8
50664.6
43635.8
71157
66953.4
42254.7
70158.5
65285.2
50042.1
41012.2
50915.3
45448.6
47554.1
81772.6
81089
63178.4
65177.4
55023.7
41960.3
62230.5
60898.9
67876.7
65742.7
62721.2
68131.7
74888.9
56259.7
41118.6
56125.8
73620.5
54031.3
48698.2
61789
58563.4
48622.6
56006.7
55477.8
56961.4
44424.6
45599
37392.9
59483.3
52406.5
45924
42606.5
54460.8
46559.7
42694.7
47747.8
46589.1
45930.6
41191.8
44622.3
52320.6
46877.3
34926.1
42984
64419
49653
70743.3
53567.8
41357.4
54301.8
46569
64199.6
60888.6
62869.7
58304.2
73605
72533.3
59747.4
51549.8
45799.1
37129.3
44645.3
53114
67497.4
59367.7
56156.2
39889.5
52277.7
49314.2
74050.5
60705
41839
42264.3
38651.4
52810.4
46103.4
49201.2
41776.9
36640.7
56299.3
42301.3
37755.8
54559.3
53781.4
51962.5
39553.8
41503.3
52072.2
57722.3
23501.2
39990.6
36808.1
51894.3
63206.1
54058.3
46572.6
41763.7
35786.7
40844.2
47653.9
38774.8
52977.4
70445.2
58578.2
46297.7
57089.4
40820
46567.6
58136.8
51858.9
61384.2
71406.2
38526.4
53480.6
47661.8
48110.6
43688
79509.4
49113.2
46158.2
49074.6
52544.2
59090.1
43021.8
52782.4
59101.4
64032.7
53828.5
41720.9
66845.4
47139.4
69264.5
63309.8
45391.8
45215.2
38031.1
63106.6
42156.8
59273.9
50618.6
39319
37671.8
43622.4
57794.2
53179.4
56079.8
46372.3
46867.6
38212.3
41125.3
45538.6
64528.6
47487
43071.2
50639.9
64223.5
57808
43502.3
43501.9
62561.8
54084.3
62189.3
43950.9
55678.2
40245.3
51617.4
30412
45980.8
43950.7
52297.9
52925
33967.7
27816.3
48349.1
66638.3
36743.8
53928.8
44934.7
47626.3
57739.5
45547
58735
65312.2
45105.4
47751.4
45580.6
49309.5
42963.1
46336.3
55999.3
68946.8
80381.6
52640
38324
52252.7
38292.9
64745.2
48817.4
69604.2
56752.2
52685.6
56586
47004.6
44285.7
34190.5
42408.6
51973.2
46344.4
66150.3
58087.1
57877.8
66523.5
59210.3
54139.4
44883.8
55711.9
56344.3
61788.4
59853.4
65118.7
40836.8
49037.9
51433.6
41591.8
45931.6
44899.1
59824.6
46031
40556.9
61709.7
46867.4
54531.8
54366.8
40708.2
54514.2
51427.7
43593.8
54988.5
77127.3
69698.6
59132.9
47627
43810.2
48196.1
53604.6
50829.4
37752.2
51024.6
43969.4
58291.8
61209
49954.2
51735.7
65498.9
55776.8
68319.1
48345.7
58177.4
48691.2
49326
31839.4
39389.7
43160.4
52493.3
29953
51494.2
53011.2
48157.4
40485.6
62244.2
73321.4
55706.8
42119.9
55310.6
57758.1
55617.4
41328.3
46482.6
44085.6
50308.2
51356
64737.9
36830.9
62077
38717.3
63352.4
52554.7
33612.7
42029.4
49442.2
43045.8
50282.2
45088.3
71735.2
69660.6
63285.2
55244.4
52183.7
63904.5
42403.8
47432.3
48276.1
44796.6
48747.9
66114.1
56120.2
42052.2
55737.8
61787.8
52625.8
53556.4
42031.9
44971
50813.4
52434.2
40782.5
57731
51214.3
42900.7
53915.5
43064.6
51240.2
56200.7
42205.4
67878.2
55157.8
44013.4
52652.3
44745.2
55196.5
35549.4
57934
55101.3
59846.5
48109
44739
36336.1
51074.6
61090.1
47071.3
46802.2
66752.2
42703.8
71734.2
45632.2
55942
72574.6
41533.5
39811.5
43030.7
52554.3
53979.4
52559.4
36896.9
53533.1
49478.6
39220.6
51036.6
45803
49025.8
42656.2
47283
27410.4
53962.7
38719.3
63207.8
73001.5
52607
43111.3
43051.7
60603.8
60418
55848.5
55338.9
45661.2
68749.3
49833
67237.8
57086.3
62404.1
63922.1
49532.6
59378.9
57361
53763.3
46522.8
52834.9
43874.2
63744.2
30929.4
38103
20383.7
35843.1
31825.2
42317.8
45391.8
51080.5
65787.8
35327.1
46365
45616.6
44106.8
37009.7
52579.4
67822.5
51805.8
48871.6
43946.7
45989.1
32590.2
39367
52165
47285.7
50058.7
43879.4
46207.7
54487.1
45974.3
37190.7
56371
74741.6
35158.9
49693.6
39765.9
46577.3
45626.2
41560.5
58942.2
58498.4
46638.4
56651.1
48235.9
39186.2
48889.5
46068.9
43255
48643.2
36703.1
34980.8
50612.8
62338.6
41944.7
27677.7
30299.6
30499.4
46074.8
62954.5
47033.1
41231.8
57763.1
33627.7
63491.4
43265.9
62637.4
44347.7
33421.2
43123.5
50379.8
38417.8
43872.7
56873.5
41407.8
40081.8
29126.2
46728.8
36503.4
51592.7
29743.4
29708.7
36472.7
57306.4
36398.1
45369.5
51110.1
29427.1
28423.6
36093.7
62177.4
54074.2
30705.2
56226.7
58062.5
42491
68863
43058.9
54547
59155.8
33454.6
40725.2
37293.8
60276
43047.4
53988.3
56647.1
50342.1
45734.9
51203.5
54088.8
34780.9
41528.6
35345.8
41421.3
33266.3
53367.8
49981.6
60927.8
40907.2
45761.8
38212.8
37077.8
47787.7
34137.5
43320.2
48254.4
54926.2
39222.8
45916
61099.3
53372.2
36323.1
34946.2
27065.6
64684.8
48504.2
50298.3
42630.6
42778.7
39006.5
49437.8
59393.9
47984.8
42264.4
52408.6
28998.5
60080.7
46112.6
43839.7
34556.6
34929.7
32864
60969.7
48671.4
50627.9
40416.4
48546.2
25030.2
42383.8
43218.8
48984.7
45098.1
40501.9
48028.5
49081.9
31386
37261.5
56279
51781.7
31558.8
28397
51738.6
43193.1
51344.1
48433.8
33098.4
43777
57487.8
34628.2
56046.4
53261.5
41435.8
51159.3
50531.8
56777.5
36328.2
55581.3
47698.1
47017.3
39925.4
38572
61301.9
55757.1
47089.4
31027.6
35051.4
60482
49633
55164.7
54891.6
47424.7
39299.9
28145.9
35319.5
48266.2
67816.2
28832
47540.7
59992.5
58807.3
34981.4
49849.9
42516.1
50267.7
45910.8
50804.7
70016.6
50524.6
63476.3
64953
50744.4
51533.7
54918.6
44177.1
71685.3
52428.4
75409.7
31802.6
45850.1
46437.7
50676.2
38416.2
45115.5
32908.2
48639.4
46015.1
54011.8
53566.8
53124.2
50964.8
49481.4
42074.3
45230
32089
47766.6
48401.8
53072.2
43890.7
61865.5
47233.7
37003.2
43063
68347.2
60605.2
52458.7
44141
50318.6
51081.5
47314.3
65331.9
79325.9
82754.2
38911.5
56182.6
37214.2
50903.8
51163.6
48483.4
64290.6
74564.5
63609.9
43373
33605
61687.4
52963.6
62980.8
69374.2
48986.6
53099.5
63219.7
47014.7
63446.5
45778.7
65565.4
49243.8
39697.4
39377.7
56335.8
38922.6
39960
47822.5
38367.2
42328.7
31719.4
36363.4
49599.4
45086.4
42423
36904.6
32228.1
42722
56516
51127.7
57331.4
42691.8
31345.1
34876.1
41013.8
49434.4
58855.7
38925.4
46511.6
41824.2
50923
56733.8
54702.1
23349.8
42908.7
46609.3
61978.6
42617
40117.1
37240.5
43921.8
66285.9
60701
23957.6
40685.8
57128.2
40791.6
37796.6
43061.5
43288.6
30170.6
43331.8
55493.9
41015.6
40430.7
36263.3
38039
32219.6
71396.8
43431.1
45499.8
43045.8
40569.3
44830.4
44203.1
45972.6
34816.3
38640.7
57145.4
44698.4
48583.8
50601.8
41705.9
58727.6
31148.4
40081.4
57879.2
46607.9
36214.8
43419.1
43006.3
43023.6
31243.2
38105.4
32529.4
30005.7
43265.3
34727.2
40902.8
32823.7
38472.4
44706.6
34161
42624.6
25988.2
44617.4
43772.3
46032
50023
48044.2
40780.2
42430
44926.6
49462.6
40123.8
55579.5
59023.3
21429.6
44528.5
33298
63486.4
47423.3
42200.2
44733.6
57307.7
39735.2
53760
58952.3
43282.6
35389.3
58943.9
73640.8
49898.9
40816.2
37034
36533.9
46914.6
42565.3
44021.9
47864.8
58649.3
38740.3
50339.8
34404.2
49903.3
54102
47311.8
67393.1
35452.8
54636.1
67247
75870
44527.2
61953.5
40060.6
65303
63759.8
66386.8
71594.7
65343.4
47786.3
58440.5
58658.2
71555
74866
64165.3
60822.2
61288.6
64032.1
48310.8
60610.6
65953.8
54333.5
37791.8
51132.7
67872.6
56452.6
67530.7
67099.6
71887.9
65782.2
44397.8
57575.1
61292.6
48379.5
55585.4
50072.6
62343.1
43583.4
41241.5
70096.4
46863.7
53442.3
50533.7
57404.6
49184.2
42511.1
44517.4
70950.2
59054.9
44604.5
57649
48016.2
56488
58668.3
51179.6
44679.6
50525.2
41238.7
56353.4
51355.3
51533.5
43950
58143.9
52537.8
36770.6
38484.9
61559
50153.5
46181.7
57235.4
40240.9
42005
37444.3
47387.2
57228.6
41398.6
39081.4
37192.8
48523.8
34132
49599.9
72762.6
36393.4
35280.3
52531.1
44576.2
44505
41118.9
55871.4
47300.2
39093
43517
32611.9
67095.7
36876.6
61502.7
59813.6
28845.2
39866.4
51215.3
48411.6
60498
42841.7
58559
58896.7
35826.2
33246.5
55938.6
45819.2
54292.2
31563.7
58550.9
43065.6
60323.8
56699.8
39587.4
53022.6
42605.5
35720.2
38796.3
57977.6
40559.1
43992.6
47598.5
52611.1
52669.7
50697.6
51906.6
40407
53542
56913.6
60679.2
65546.9
55865.2
32593.4
55912.1
60641.8
49318.6
55475
52514.2
58564.4
71456.7
47403.8
55272.8
64427
83147.4
66466.2
72384.2
37825.6
39279.3
57242.9
56397.3
45110.2
45501.3
44631.8
42467.8
47279.8
50230.2
51538.3
53899
65566.8
36393.9
43444.9
47075.9
62709.1
44318.2
61835.8
48885.1
62794.9
41660.4
47040.5
33071.5
50751.9
42592.3
46396.4
33032.2
53256.7
46421.7
41497.4
51983.9
50057.7
50996.2
41565
45646.5
45757.7
51264.8
62014.9
54971
63667.3
57369.6
58099.6
32149.5
42030.6
49376
41589
51096.2
42624.7
47539
43568.7
47592.2
43060.2
30689
61535.5
58460.1
46579.3
48656.7
44785.8
39150.9
57462.4
32203.4
43086.4
21020.8
38600.6
45499.4
55299.3
49927.9
50559
34393.8
33471.9
31269.5
43674.8
56822.2
50372.2
64816.2
28652.9
42717.6
48636.1
74424.8
63782.9
47605.9
49907.4
35681.6
36882.6
55515.6
64052.6
73586.2
56094.4
43352.6
21290.3
45776.5
36964.3
45051.3
44173.8
58853.4
54820.6
50509.4
33015.2
51585.1
28738.6
74474.9
43424.2
29041.2
38792.9
37358.2
51071.4
48095.7
44607
51104
55347.5
55165.4
68163
33987.7
47944.2
39498
51352.1
61718.4
65067
56537
61174.8
53358.1
39261.7
43553.7
52836.8
52984.5
36469.2
51279.1
56072.7
44362.4
44785.2
39082.2
49646.8
50015.8
39210.2
31313.1
35733.4
49307
48968.2
34849.6
50851.9
42365.8
45752
55435
75521
45388.2
59317.6
50647.2
44947.8
53714.9
61556.2
43726.9
44517.5
58798.2
37764.2
47960.3
56354.3
45410.2
43457.3
44873.8
28065
65431.1
42103.7
40791.8
56973.8
51879.4
34499.2
49068.9
54829.2
45450.8
37362.7
46423.5
52941.5
48176.4
45879
69989.5
37561.6
35276.2
50600.6
58417.2
49814
55919.6
54963.9
45376.1
45103.9
63938.6
75092.6
55441.4
54983.6
52256.9
49515.2
53520.2
52389.2
41523.1
55440.9
51531
41886.8
45376.7
48429
57127.7
68893.3
81172.2
53609
48869
56523.5
41726.6
60030.7
52763.4
66244
38682.6
47275.4
49299.6
49953.8
47875
54273.9
52412.8
36148.2
51673.2
40572.9
69015.8
58329.6
36837.1
34178.8
49068.5
44219
56559.4
56243.5
49407
34920.1
39802.9
46676.1
61234.1
46613
55441.2
65579
35398.5
32552.2
60339.9
68693.8
39930.9
58283.3
59343.8
41943.7
52560.8
51300
79563
58235.4
56019.8
64762.4
65133.1
43390.8
56710.2
73784.2
38106.3
38242.2
50157.8
49466.9
53513.9
46431
49973.4
34978.7
42298.7
58976.2
44608
33580
53252.1
48981.9
41396
48083.5
44204.7
46315.6
42893.5
47878.6
35961.7
50636.6
55609.1
42752.2
46309.4
41080.4
38481.7
53754.9
61489.5
28572.5
64361
53053.8
46310.6
48681.4
50878.2
37787.8
63173.1
35806.5
60856.2
39454.6
49113.3
54748.7
56624.1
52510.1
60495.8
41924.2
44546.8
51125.6
42217.8
43565.6
46958.8
62661
64470.6
51215.8
46723.3
50127
51676.9
55996.3
58805.2
44361.1
42510.5
46465.2
62507.4
47592.4
59366.4
25944.5
70518.2
50941.4
50230.9
55679.6
75294.4
43129.6
48712.6
44301
54989.7
38337.7
55227.2
63794.5
65093.4
40778.2
63393.6
51223.9
56236.2
55189.9
44861.9
52755.7
59008.2
70652.4
38211.6
64149.8
45081.4
55851
59372.6
54139.5
47960.1
55878.6
52678.8
59762.2
49129.4
62745
55878.5
46174.8
44703.5
55984.7
47777.3
60858.3
57105.7
34771.4
61359.4
46904.1
52511.8
34566.2
55162
52160.6
64499
40436.2
52397.7
48126
34129
63246.7
47774.7
61813.7
35976.2
44823.1
47121.9
46072.1
54627.2
49286.3
34208.2
47481.4
31996.7
38915.5
68493.1
54596.3
44470.9
46018.6
50153.7
47816.8
44270.2
46530.8
51694.6
43331.4
52533.6
56619.3
57317.4
75998.5
49939.8
53587
58270.9
50532
48116.7
51533.7
63814.5
42089
52031.4
36075.5
46105
42501.8
40822.5
44202.2
44388.2
32288.7
66210.9
44492.6
52231
35282
50890.5
49750.3
40326.3
45112.6
42915.6
43646.2
53011.9
45774.2
73757.5
34262.1
49453.3
54717.4
36712.2
46285.2
51939.3
32912.9
47202.2
52121.8
39400
31946.2
48247.8
46771.8
45782.5
43079.1
39278.5
49508.2
37440.2
28439.1
48745.1
46024.1
44537.8
37687.8
40959.8
45629.6
48882.9
34228
61617.2
50858.3
54707.7
47804.2
36417.2
46519.2
37357.7
48063.4
52350.6
47677.8
37302.6
48162.5
57992
34144
46461
59202.8
51675
39649.8
56834.5
54124.3
43924.6
79473.9
52246.7
64547.9
53116.6
33220
58412.2
56221.8
42720.2
38836
68626
43532.3
64732
67947.8
46144.9
55397.2
53665.2
47356.2
52329.1
37749.8
71303.4
40905.1
42228.2
34536.1
32820
54630.4
53642.9
53120.2
38609.6
39625.4
44833.1
47531.8
43223.7
35165.6
42235.3
45658.3
52713.3
47740.4
40240.5
28194
58750.3
39084.5
49163
74214.3
49692.3
41066.3
55730.8
37306.5
61300.6
60744.2
52430.2
39559
47032.8
53656.9
62215.5
51305.8
62728.4
70873.4
61825.4
52051.5
62176.6
57716.2
32063.8
23135.8
61899.2
49837.2
45879.8
64559.1
45670.6
44251.3
41849.8
69129.7
72163
57894.7
48686.7
45520.8
42992.6
62359.2
57766.7
58791.6
35369.1
56356.2
74112.1
64819.1
40575.8
60704.2
43309.6
67428
31297.7
38023
59628.6
66264.6
59665.8
47183.9
61613.9
55244.9
43374.1
33517.5
68154.5
44618.8
49665.9
62807.4
44249.4
65236.2
56495.4
50874.2
56923.2
45409.1
53297.4
47520.1
55188.9
57300.6
60324.8
37433.8
32888.3
56366.4
70895.3
53221.6
48042.8
44561.5
51260.1
63310.7
41537
63462.6
63484.7
57059.8
51624.4
39782.7
47594.2
46001.8
48597.2
36562.9
48299.9
49301
35583.5
46194.4
68675.4
61298.6
41062.9
71655.9
52643.2
35047.3
52579.4
52800.6
53593
51466.6
64863.7
43637.8
53841.1
62818.8
68959.5
45146.2
48515.4
57772.3
36165.4
39182.6
61385
66035.8
37646.5
38599
62278.5
44426.3
50640.2
33622
67384.2
61486
43635
40027.8
59570.2
69093.7
66752
43305.4
54800.9
40054.2
42405.1
58009.4
47455.7
53097.8
60785.2
43109.5
50114.2
52704.2
34043
49534.6
45636.1
40960.4
61794.1
37732.2
56181.3
35023.6
46910.1
67711.9
54239.6
48872.3
39514.4
65623.9
54811
45152.9
45092.7
61213.8
54545
49149.8
38292.4
37418.8
53624
45895.2
45320.1
41462.3
54362.6
63331
37919.8
44382.3
75212.7
52095.2
50426.5
41880.8
56446.8
64834
48490.2
35319.6
56660.6
55218
50950.4
40013.8
41748.4
70871
45582.3
55285.3
31217.5
44893
44756.7
54462.8
70933
56465.7
52217.1
49293.2
44118.4
36641.4
62155.7
80042.7
58688.8
49638.9
72323.1
59351.9
54532.5
48673.8
49213.2
45952.7
39556.2
71298.7
60793.9
55614.2
49446.4
60705.8
49657.7
42299.4
64415.8
52779
49742.6
51820.3
50089.4
58485.8
53569.8
38462.5
56089.1
51151.9
57766.2
49542.6
46576.4
40711
38132.7
49028.7
54818.9
43705.8
44321.8
57985.6
51413.4
39013.8
50889.6
45297.9
48242.6
47365.7
38248.6
56693.2
52062.2
70077.2
42026.2
48322.6
58223.3
41788.4
55692.9
63504.5
64731.8
59684.8
35521.5
54444.5
49375.7
40783.4
55676.5
58948.6
51618.5
39026.7
36822.2
51521.4
58434.6
37484.2
47744.6
49579
42752.6
61661.4
53901
38193.1
61760.7
32829.7
48312
37064
47218.2
69271
45300.7
35271.5
48234
53747.8
56229.4
36591.4
66709.4
42711.4
26390.6
60200.3
55226
45537.1
45188.3
56825.8
48200.4
34552.4
49645.6
34354.5
48744.8
59005.2
55996.9
35231.1
43552.9
49535.3
38007.7
47863.8
50954.5
46338.2
53534.7
42725.4
47489.6
59314.6
41978.4
49254.3
51641
53697.8
47361.4
37425
45306.2
49737.3
46740
50378
41135.8
33705.8
32472.4
78831.5
53390.3
45139.1
62753.8
31779.3
35230.6
35443.3
42008.4
42263.6
71035.3
33490.8
33535.4
30359
64924
63338.3
45356.6
63398.1
58592.8
50959
70022
48857.2
50703.1
39925.4
44294.2
58646.6
52572.3
48935.1
50248.8
37144.5
45611.1
50640.3
46697.3
47363.9
30792.1
48383.1
42323.9
49718.5
50261
57594.6
50902.4
47372.6
67956.3
40152.3
81449.1
60137.9
39470.2
40902.9
56751.6
47465.6
60976.5
75152.6
43197.8
64216.6
37013
54146.1
50032.2
43677.6
53339.4
45027.8
47213.9
72519.4
57775
54596.7
63074.9
79654.1
30425.5
49586.2
42478.5
34850.2
64514.7
49646.6
33410.1
43844.2
55028.2
54954.2
43176.5
38133.8
58361
40790.1
61860.2
49089
52957
42888.6
43397.8
51771.2
50988.8
37473.4
54476.6
49279.2
41600.7
48656.2
54509.5
47832.4
49399.9
36837.5
60987.6
46071.9
32253.9
44836.9
46387.6
44459.7
29746.7
54348.2
47633.7
39166.6
50294.8
35390.6
46972.4
40269.3
49839.7
52920.2
48555.4
39716.7
59121.8
56434.8
61587
56688.1
42576.4
49377.8
40465.1
61277.2
52607.1
37240.6
58252.6
48695
50305.1
48616.2
69119.1
46775.4
59551.4
53308.2
43252.4
47261.9
58384.4
41995.5
59293.5
61940.6
51855.4
47228
61802
46110.1
53211.4
50435.5
64172.7
55480.8
60490.8
55300.8
45902.6
49718.1
43157.8
55107.8
38646.4
58877.8
62164.9
49770.1
52060.2
45353.8
43367
60457.8
48975.2
48633
20427
45975.4
50333.6
33218.2
60640.1
27245.1
27619.6
54674.6
43654.4
69656.2
63012.5
26064.2
42858.8
37383.7
40654.9
34969
52195.5
43865
38509.5
51427.3
54173.2
49078.2
39853.8
56428.7
43563.4
48513.5
65127.8
49261.8
49458.4
57053.9
50750.3
37475.8
44969
40154.6
50053.8
44035.8
47774.8
39350
62162
57154.1
43020.6
29620.9
43166.6
52323.8
64638.6
66413.5
62785.4
34916.1
28523.1
52353.2
35790.7
45534.9
56145.2
64794.4
53654.1
36501.5
50806.1
72699.4
62581.7
56402.6
62000.1
81956.7
46353.7
55544.6
69846.1
35137.5
35444.8
31722.6
38609
36422.2
58100.5
70570.7
54761.6
57608.2
63437.5
57825.5
56855.8
45286.7
54126.4
41203.9
48084.4
55159.4
75407.4
47658.5
63382.2
58355.5
58793.9
50127.4
32526.2
43513.5
54076.6
63727.3
76933.9
55737.8
54228.7
47146.2
39435.7
41968.4
66743.9
45288.4
78422.6
77639.5
53867.2
69286.9
39833.4
47827.5
59551.8
65811.5
50463.4
44136
45157.5
47219.3
62168.4
53033.4
51875.7
57276.8
60284.2
46875.1
68199
61743.4
69218.6
58652.4
46571.8
32350.4
51717.8
53257.4
77688.3
57360.8
58306.4
66289.3
47398.6
57956.1
58672.3
55448.3
79677
79661.6
