0
0
0
0
0
0
0
0
130269
370044
349986
722558
704798
406998
392032
194196
25838.7
3735.76
22151.6
14617.4
5380.16
9035.76
11644.9
15418.2
25194.3
27691.2
35572
58895.6
61069
60937.9
58809
82776.5
56855.8
70607.3
60641.8
97837.7
50477
77445.4
168016
158551
179372
209123
140505
127669
75631.1
90787.5
34025.8
65681
52302.8
56462.1
45541.6
55059.9
81703.8
44314.6
55907.1
46886.9
44746.2
58661.5
88581.4
55770.7
61351.4
37396.6
53315.9
77816.5
32562.9
60781.1
55308.9
49710.7
87406.6
73241.6
69943.7
84698.5
88725.4
74353.1
68183.3
64855.8
62354.3
51198.9
59152.9
41138.2
51594.9
55365.1
38310.6
79994.7
65702.4
89864.6
51761.2
69162.6
80956.3
50405.1
38197.9
95877.9
43696.1
62519.1
56657.8
63165.8
40184.2
76059.9
51833.4
79443.7
58767.8
35958.6
71545
82812.5
65515.8
70166.3
96765.3
66618
71307.5
50794.6
95121.4
73739
58727.3
66368.7
82393
51852.9
57760.8
56678.6
68819.1
30340.6
91071.8
54411
82217.7
58848.2
79705.4
65766.9
115017
67068.8
78598.6
80498.3
63932.6
58380.6
59497.5
43431
46404.2
97030.5
73663.8
109680
74005.6
48811.8
62519.8
83453.8
65127.4
69081.1
95122.3
60905.6
61486.1
70769.8
71386.1
91697.4
86164.6
56094
79546
50226.1
75736.6
60730.3
99044
69808.1
74235.5
72773.4
53268.5
66546.2
75345.4
63048.6
62361.9
65415
84046.1
81004.2
61835.9
85049
54776.4
73767.4
96380.4
76614.6
58102.5
58674.8
73304.2
68831.9
52046.6
59564.9
97520.3
84769.5
75681.4
72536.4
68729.7
53577.1
55611.6
66098.1
42187.8
71271.8
75153.8
60907.8
60845.3
95490.8
68149.1
47498.1
63810.6
76942.4
51341.6
64232.5
66505
57867.2
37314.4
48004.3
59781.4
84306.2
47491
49927
46900.2
55248
55560.4
66197.3
69091.4
82555.7
59210.5
39875.3
56515.8
80947
63693
60795.4
105937
55652.2
36486.5
57854.4
54034.2
105406
95210
86377.7
56246.2
45445.6
46966.9
56146.2
72890.5
67962.9
58057.3
76822.4
57435.1
56850.9
74388.7
93204.2
66425.1
70022.4
49808.5
79398.7
45501
41529.4
101521
50455
55428.8
36122.4
57627.5
64999.8
66851.3
48575
70326.5
62477.4
72445.4
61293.3
80875.4
59420.2
94137.6
45662.7
49147.9
34029
61045.5
27645
44317.7
50809.7
74482.2
53448.3
42610.3
46662.2
105485
43113.5
70853.1
61910.3
41636.1
58396
29973.9
38506.5
66039.9
66288.5
29358
59033.8
68704.8
36447.6
37197.4
59030.6
41585.4
34061
48104
69410.3
52935.4
46805.4
41781
36991.4
61792
52293.9
67779.8
44489.4
93142.1
82265.6
68690.3
60315
39305.2
49150.6
58248.2
61437.3
58264.2
61482.8
64586.3
69995.5
35321.5
54735.7
52875.9
34458.1
48437.1
80447.3
51343
57737.4
53385.8
46708.9
42510.4
83234.1
40144.6
62525.7
45817.2
51579.4
58124.6
73916.3
60835.4
74915.4
53082.7
52473.2
81155.1
39664.4
39438
35592.5
74575.8
46163
45093
68641.9
42674.1
55992.9
64052.4
68575.7
41270.8
63131
60407.8
38117.4
49568.4
52829.7
50156.1
48467.9
53618.6
61398.2
39568.6
59562
58729
60423.5
76975
61886.3
66093.8
49429.6
58219.8
57233.9
38348.3
71733.7
62340.6
60338.7
63603.4
31829
42185.9
104385
39068
66891.5
64746.2
57114
56225
75328.2
71767.3
55655.4
44225.1
46490.9
44556
50275.3
64222.2
44539.8
38975.4
54123.4
40831.3
44014
70076.4
32157.8
42319.4
38225.7
51881.4
69926.9
58455.9
68924.8
61998.4
48145.8
37449.4
46625.8
48093.3
60909
57264.9
60204
45263.4
36357.7
52247.7
56497.5
42477.9
48798.2
91925.8
43588.5
61905.8
64898.1
56925
61745.8
69569.3
57552.2
58844.5
46419.7
36303.7
37869.8
43665.4
62520.2
46218.2
80692.9
71935.4
36073.9
35875
46768.7
42384.2
50771.9
41130.5
55962.5
23773.2
44883.3
35729
52353.2
68475.8
58901
40012.3
48140.8
36393
38982.2
50841
38187.1
55291
63537.2
34305.4
41980.2
59278.6
59175.4
50183.4
56285
52275.7
43741
43786.6
69892.6
69112.2
58220.6
55236.5
27486.9
38753.8
52581.9
47783.9
50176.1
73283.3
50412.4
41843.8
46945.4
39900.1
36891.8
19765.3
57403.2
54129.8
37185.8
55163.3
46323
41796.4
66137.9
48446.9
69056.9
36423
38157.1
23857.4
24590.7
45366.2
56214.2
81714.8
45529
43819.5
44973.9
38010.3
46405
27024.2
40739.2
30597
64743.2
47129.9
49371.2
48356.2
52889
56062.6
61719.5
51337.1
45977.6
33839
37409.9
58837.8
41899.8
40564.3
38477
35485.5
42006.1
32826.4
30300.8
53920.6
52289.8
34398.6
45972.3
33980.9
34004.4
40995.9
29911.5
40401.8
41651.4
37355.4
28346
45352.6
52392.7
65130.2
49692.4
38491.2
46154.2
52801.4
37098.2
57645.9
59302.5
40553.4
56361.3
37749.9
34149.2
53269.1
45401.3
30398.9
49611.9
27783.4
59296.2
53241.5
41185.8
34036
44837.8
29393.8
46564.2
22775
84201.3
24264.2
33143.7
55232.7
53545.3
69354.2
53084.7
50116.6
28634.6
22362.8
45864.2
39625.5
50202.1
52640.2
38886.6
36397.4
56485.9
40799
52463.8
48845.7
51680.8
29056.6
51640
50356.2
58263.8
56544.4
45147.5
36682.7
42725
31572.2
48889.6
53383.9
68750.6
44561.9
55773
58318.8
64527
67135.4
89977
46273.7
29832
47845.7
44273.6
53906.8
49824.9
50515.1
51171.4
52262.6
54151.2
70920.6
74960.6
43378.8
53548.8
43031.4
68593.8
27055
77687.4
30124.4
72909.6
48910.3
54576.2
52609.5
47550.2
73869.3
24009.8
57972.6
40243
35161
29224.9
43798.7
62453.3
32811.8
48386.6
50465.7
37026.2
68353
66363.2
56107
36857.4
54964.2
63729.4
51263.3
69000.2
42989.4
49875.3
56417
45998.4
51117.9
54827.3
42892.8
33938.5
54443.4
44432.2
24621.5
63322.6
60421.4
52248.4
50225.2
65139.8
45261.4
37517.5
53657.3
72585
68887.4
57552.4
65923.5
31148.2
45555.5
69623
36930.1
53157.2
29483.5
51840.2
35540.9
63921.8
55995.1
74224.2
26889.4
33157.2
51578
46494.5
50080.2
52375.5
43109.8
46180.7
27959.8
25750.6
46814.6
59843.1
17184.3
46704.1
26153.4
40421.7
29858.4
62122.1
22242.4
70795.2
48995.5
41671.7
45793.8
45774.9
54082.2
58046.4
27662.2
54137.1
35928.7
37444.6
48555.9
29789
42300.8
30118.4
30257.7
38001.3
42995.9
31762.4
49967.6
28909.8
65076.5
38856
29355.9
22347.4
29471.4
59533.4
67369.5
63070.8
48880.2
44694.9
21745
55551.6
46753.5
61802
40762.1
40074.6
34934.7
52587.1
26203.3
68703.7
34217
41653.3
51983.8
56400.3
32453.3
64057.9
35026.1
31272.6
63666.4
43172.6
56335
47098.6
54043.6
39538.7
47321.9
71291.1
28806.5
47594.3
27671.9
41706.8
54308.3
44528.2
42936.3
61893.7
30993.3
56155.4
49968.8
48451.6
59945.3
58839.8
35369.3
41528.1
30244.9
41880.2
28150.1
37067.1
60543.7
59433.4
53545.1
53998.2
55278.6
42301.9
65441.4
67861.4
41272.6
56319.6
35612.2
33735.6
43445.5
32908.2
65107.1
30703.4
46786.3
35256.2
39368.6
58851.4
39620
33908.6
50770.6
83476.9
71907.4
35613.4
47677.8
62491.2
38575.9
73249
53585.3
54989.4
46511.1
44495
46072.3
94876.4
68101.8
24420.6
45220.7
31630.6
45004.6
39010.8
38848.3
44634.2
52892.2
60082.2
38445.2
37942.7
37896.4
23246.5
44095.6
51163.1
45825.3
61709.4
42321.9
52135.4
32983.3
47076.6
39368.8
62432.2
54431.7
69583.2
35485
49201.4
54305
33634.8
48713.4
45822.6
49898.6
56900.1
57640.2
70479.5
47003
38911.6
53018.2
86106.7
46191.9
41538.7
37081.8
56590
66151.8
44521.6
72916.3
40190.6
78345.2
43976.8
41591.8
36977.8
49051
49129.6
55578.1
43912.6
48455.7
43247.2
50808.5
70619.3
48707.1
64225.2
43072.1
69715.1
45319
35127.7
63167.1
53747.8
55098.2
29495.6
44433
46019.4
57957
42239.9
62108.6
32568.4
37994.6
57141.5
45709.1
43036.6
36042.4
55643.1
48130.2
36974.5
64276.2
28183.1
41610.2
68982.2
55384
49741.4
74389
53930.8
39063.1
35143.8
48735.4
52171
32760.5
65029.4
43055.2
33277
52027.8
38396.7
33727.4
40505.7
58588
53015.4
58958.7
65907.4
52215.7
48798.5
36022.3
42053.9
51318.5
71539.6
52403.8
55240.2
42395.8
62604.6
89846
52449
64428.5
44024.1
51684.3
39128.6
36660.9
37928.9
45306.8
58286.9
52208.6
37310.9
77342.8
35519.6
37157.5
68425.5
52735.7
56247
38882.1
64441.9
40645
34227.5
48268.9
35185.5
30420.2
38794.3
29798.6
53111.6
59113.4
40826.1
40134.1
64510.2
62182.2
44498.1
23172.1
37619.4
64017.8
49604.9
67271.8
48835
55808.1
63321.7
49660.6
38457.7
56115.2
70558.2
59136.4
36104.6
37592.6
67270.1
36233.6
57049.6
38521.4
41059.6
20434.6
34213.8
52957.4
48292.6
66220.6
38579.2
45722.6
36242.3
55847
45532.2
80849.8
44818.6
52974.9
54046.3
34452.5
33748.1
60061.3
55197.4
31794.7
42095.8
64511.1
56669.8
27967
38751.5
32761.8
68993.7
33586.3
35788.7
63784.6
38780.9
46009.3
38381.8
58905.4
50330.4
28079.2
30476.7
52876.5
40701.7
50481.7
79440.2
34968.9
33004.8
54281.8
68701.7
50379.6
71331.8
42165.6
52280.7
47099.7
53346.6
46801.8
81471.4
63079.1
46362.5
56621.8
50490.7
58588.3
61484.2
46499.7
53568.3
57412.4
40187.4
41747.8
58280.9
57394.8
62570.2
57712
28687.5
51734.1
30740.6
52575.8
53566.8
40103.7
51379.9
59980.7
43786.3
28278.1
26196.9
48111.3
43617.4
37551.5
61975.3
51298.8
47798.2
34795.7
71621.8
48168.5
54375.3
41043
55515.8
76838
54278.4
81741.3
51606
43085.4
44033.8
22090.1
36135.6
45790.5
55187.8
43781.5
57163.8
50938.2
39594.8
53033.6
24531.9
34640.4
44395.6
43854.8
44689.1
34893.2
48434.3
61699.9
62906.7
31980.8
37699.4
36519.4
33073.7
27217.5
73425.9
43908.6
42165.4
35456
51493
26577.4
69075.4
31016.8
36700.2
46845.4
29389.5
45460.8
39921
51912.9
42248.2
36083
71083.3
38673.6
30366.5
55424.3
47046
36747.1
37789.3
63089.1
48974.9
50519
28114.3
44424.2
54411.5
39722
21833.3
60853
60893
66210.8
24096.3
33096.2
62894.4
41341.3
30908.2
43905.7
25648.2
41705.4
51261
36778.6
38091.8
31557.8
38134.4
50789.9
50802.2
34083.2
54839.9
43862.6
33991.4
45927.1
41369.4
27340.6
53906.3
55107.6
40265
58212.5
49107.9
50756.8
26132.2
65772.4
34162
36297.2
55053.8
43763.8
49930
36587.1
44811.9
60557.6
75568.2
50553.2
38718.2
43682.6
38285
38902.4
36564.2
45446.8
40040.9
60829
35694.7
51595.8
25283.1
65021.7
52927.7
36191.2
51163.4
52583.8
39179.8
49796.6
39074.2
47527.6
53463.2
31459
46244.6
38248.6
33276.3
51544.7
46231.8
40279.2
43600.2
37092.9
58675.7
35272.8
42992.3
25463.1
51232.7
42935.1
24456.6
22819.9
37711.6
46126.6
27651.4
37229.7
23509.8
62032.3
39413.6
91422.6
62406.6
36293.9
32870.1
34895.1
60924.9
42827.3
46350.9
35695.9
26851.7
47784
37091.3
28177.4
45836
40316.6
26819.1
41204
38773.1
62284.4
42064.4
34499.8
25332.2
37953
67016.7
66512.6
46166.7
45689.9
19071.2
35072.9
44346.6
20988.3
47947.6
43428.6
28740.2
44586.2
43285.8
32335.2
56464
40930.3
35627.8
46439.1
32262.5
51197.2
38684.8
62406
58523.4
82157.9
81167.4
66208.7
52233.5
24933.4
50073.5
62155.2
41856.9
22525.3
53284.9
57063.4
46204.3
69523
62887.1
47388.8
48456.2
55856.3
43641.4
48615.4
33363.8
53098.4
59949.8
32087.8
34635.8
40820.3
59906.4
37076.6
39613.8
56550.7
55835.8
55866
62692.9
38457.3
40458.6
60071.4
29534.8
32704.6
44349
42747.7
73004.5
60249.8
24506.6
40931.1
64555.6
34901.8
33154.2
23225.9
46416.4
45746.6
68733.5
35861.4
58184.2
50664.6
42234.6
38137.5
42265
33257
36225.8
34892
55323.6
49398.6
71644.6
34434.9
24391
70296.1
65504.4
27001.7
51784.8
56078.1
44450.2
64841.9
43181.1
33776.5
42661.1
49048.3
64949.5
35502
34613.3
40141.3
25675.5
43510.2
36921.9
25137.5
48326.8
54202.1
49223.4
66276.2
55509.8
61230.5
61235
51357.8
37140.6
18917.3
43559.6
48505
40979
57067.1
25158.1
36981.9
44895.3
41920.3
48914.1
44237.9
37863.3
37756.3
46692.3
64068
50453.7
57931.1
21566.5
50869.4
54112.5
38490.6
45602.3
57352.6
26480.4
56608.2
31643.6
63438.4
35811.1
55735.6
35324.4
34202.4
34497.1
35871.4
43952.3
40481.4
38304.2
46986.3
28696.2
25119.4
52468.2
50991.4
47947.5
36406.3
38783.3
45892.9
33664.6
45543.6
42616.2
42861.3
23493.9
58369.9
27882.2
69513.9
45426.7
42179
42149.5
44117.1
51597.1
53097.4
60700.2
39071.3
41994.2
24881
44524.2
44215.2
65138.2
50176.6
29080.8
30981
31327.4
29240.3
56705.6
61945.5
45797.4
44281.2
29354.4
62836.1
28048.5
61119.6
59115.5
26199.1
38066.5
31836.9
36095.4
68830.2
47245.4
36433.6
33920.4
27234.6
35491.1
55705
47464.6
23903.8
36298.6
47331
21005
50278.5
27114.5
58357
40326.1
27737.7
25537.8
41512.5
49341.2
63732.5
34810.7
59048.9
35201.5
43519
49338
53117.6
31095.6
22828.6
48634.6
44149.8
30581
27828.2
46514.2
22086.6
47893.1
35763.4
40522.5
25867.6
30682
43915.8
29923.3
46097
65786.2
47892.1
35693.7
39467
62910.5
50857.8
33436
36896.9
56072
31453
44743.1
52130.6
44030.3
51462.8
45312.7
33327.8
63273.9
63316.3
46885.9
61136.6
39426.2
62153.9
46379.8
58868.9
39118.6
79789.7
33247.6
56232.9
67264.1
63577.2
38862.7
60454.3
31202.5
64118.6
37122
46739.7
45657.7
29613
33249.9
44558.7
45617.8
41490
52832.6
61227.6
38750.6
23131.8
27674
67281.3
56196.4
32518.2
32291.2
52171.2
41088.2
31509.2
41588.8
34547
47070.1
63300.8
32742.6
50431.4
28663.8
37775
44674
32195.8
61709.8
56236.1
28573.1
58075
54099
34977.8
29808
46704.7
41991.3
30722.2
40932.4
28877.4
25284.4
33581.4
42774.9
61381.6
70558.1
47616.4
44596.4
43371
42149.2
31322.3
31664
49758.1
37695
34160.5
35424.2
42872.9
16872.2
59479.1
40312.4
45777.5
27956.2
55815.1
28507.6
38361.3
35913.4
44015.4
38568.4
35132.6
46333.7
36398.2
44899.4
55001.4
42488.6
54097
29227.2
68578
56548.5
40021.9
39898.5
56009.8
34393.8
39046.4
54409.3
45766.3
48410.5
50553
38769.8
38332.4
30526.6
49403.8
49469.8
38844.3
25743.6
34817.8
51832.1
31948.4
40761.6
45946.1
39902.3
64555
43221.6
41555.1
40657.3
57794.9
36193.7
50168.9
31589.8
46137.1
54144
51666.3
51569.6
44790.8
28436
40159.5
66432.6
58024.2
30886.5
58784.6
38520.5
55176.6
50841.1
81871.8
55102
34822.8
39197.6
47404.2
53600.8
36900.6
46237
57269.8
30443.1
32905.3
92542.5
39889.1
67199.3
42607.7
49262.7
32902.4
52247
60810.9
63588
46647.3
54775.8
23708.6
54272.2
64422
43168.4
35321.1
56860
21755.6
58033.4
51146.8
41177
41842.2
48422.6
38645.2
32173.3
55103.6
37486.7
45176.9
28674.5
35945.5
32096.2
33697.7
35133.1
41752.7
29075
47836.1
50672.6
43892.9
29967
45347.8
56025.6
47662
38497.8
42599.5
23747.8
34553.3
26736.5
37501.6
59313.2
45387.9
32349
38958.5
61183.8
41124.7
46570.8
34941.3
30086.4
43046
31811.8
66388.4
24149
32918.7
38837.6
48648.2
38160
28595.2
37854.6
29083.2
41720.2
50129.5
62584.2
43285.4
24578.7
41548.9
45292
44789
23394
37772.6
42770.6
54371.2
41175.8
71838.1
61437.4
44364.2
22961
45766.5
49749.9
33947.8
80250.1
44063.1
65759.6
44296.2
40568.4
49455.6
53475.8
59896.9
51939.8
49219.4
56161
23205.8
56782.6
37556.1
48131.4
48001.9
47360.6
41592.2
66847.6
37193.8
35260.1
38153.1
46896
51722.6
45444.7
51823.4
34420.8
45030.6
38844.7
39686.7
70821.6
38599.8
62053.4
46138.7
38224.4
52005.3
33722.6
38171.8
69513.4
51262.6
66685.9
38158.1
47857.9
62555.8
75749.8
63252.4
56906.5
34676.5
70697.5
46776.6
70316
48067.4
43313.9
52856.2
40608.7
64081
48120.7
60794.2
38826.4
36933.9
47886.2
27669.5
61677.4
51973.2
49301.3
25338.9
69952.4
47480.4
59656.2
50771.9
46663.6
44417.3
40429.6
37486
50028.5
56464.4
30722.6
29426.3
40237.9
35437.9
42157.6
35240.6
38658.3
46348.5
43278.7
55834
27241.4
46696.6
44213.2
88940.5
38395.2
36822.9
46720.4
27639.8
32096.4
29846.6
78143
61982.7
55111.5
46460.7
57510
63014.5
38482.9
41426.2
52833.8
29184.6
37426.5
47718.6
42690.4
58049.4
55125.3
48368.1
27669.9
33210.2
47578.6
60679.4
72388.5
83377.5
52746.2
50881
45671.1
30840
43152.2
32443.9
37117.1
56872.2
44853
47626.1
87064.5
74676.5
70233.4
42638.2
38632.8
68632
47134.6
51678.6
71633.9
72494.1
57447.7
46945.1
64971.4
47502.8
67613.9
75920.2
46779.8
49187.4
55643.9
48796.7
62939.2
48686.8
43561.5
43993.4
68667.2
31592.1
55017.6
42890
61219.9
39216.6
76269
57393.8
49740.1
24722.2
48013.8
61309.9
46458.2
56921.9
58622.5
23346.2
27074.4
48979.4
67501.8
55919
68237.1
47572.7
31478.1
42678.3
49119.5
53940.2
43893.9
74712.9
37569.5
50106.6
36990
45868
45226.8
65325.3
59560.2
36775.8
44270
60491.9
47978.7
57784.6
29796.2
54893.4
65076.2
40419
47566.6
40649
43709
51482.6
53351
36574.7
102495
65933.9
57920.4
26116.6
51774.9
42936.6
40583
61825.5
63837.8
55066.9
69964.6
45796.6
60960.3
58099
68124
62796.2
65423
46119
55049
42366.2
45492.9
25619.3
43267
72124.2
67221.4
54395.6
36795.9
58009.4
65676.3
51279.6
35077.4
40638.7
32462.6
41767.5
38876.7
64952
34122.4
51737.4
52196.7
47708.4
30103
52709.1
69795
33360.2
21409.7
44711
65361.4
52411.6
43213.5
37800.6
37331.9
29935
51396.5
48933.2
40058.2
22550.6
50279.8
34798.5
62900.2
69379.7
45614.8
27472.6
36579.8
60611.7
42079.7
60421.1
83001.4
52059.8
27743.6
46967.4
52194.1
53936.4
48880.2
53096.8
45607
62696
73357.2
53110.6
50422.1
66698.2
56911.1
49210.7
64125
28431.7
58645.8
44640.3
37473.9
50862.6
44602.6
61739.1
33433
36229.7
60413.4
43543.4
67212.3
52161
66569.8
47308.6
70665
56883
55295.4
56331
40416.6
33489.7
78502.5
71787.5
78389.4
68270.3
46194.8
37538.2
44429
67543.4
48977.8
25092.7
75591.2
51270.6
56482.1
46506.6
49601.4
74745.9
76329
51606.3
30716.9
67357
57043
46612.6
66992.2
39727.2
41924.7
57832.4
70799.8
61659.5
86330.6
49639
58577.6
37964.6
69357.5
34233.9
37167.6
59585
29853.9
52765.6
61039.4
21113.3
53984.4
37285.8
41779
58987.8
26034.8
57144.8
48586.5
40294.2
32703.3
51366.1
43169
19110.4
45949.5
64205.6
33421.2
70705.6
36597.1
55314.6
42127.4
75763.3
39181.6
55064.1
48841.5
58317.6
37092.3
46543.8
39849.8
80953.8
39199
39587.7
55350.5
51405.8
53889.9
51455.3
63519.8
39319.2
50079.5
64999.8
76555.6
42019.8
40240.6
34866.1
54451.8
46852.6
48981.3
61943.4
50482.7
32110
44045.8
78379.3
47743.6
52087.5
47151.7
28375.1
41898.1
59804.3
62647.5
65230.5
64821.1
57545.2
59162.7
51327.2
63903.4
67063.7
43635.8
62295.2
66972.7
59548.9
52490.3
65830.1
56392
31169.2
45069.2
37512
60587.4
44371.8
68880.2
30845.2
41421.4
38660
48085
53677.8
41212.4
78246.5
48929.5
51723.3
68572.2
27892.4
50956.7
52513.6
38278.2
43962.1
41133.2
35320.5
54014.7
58204.3
73032.6
42002.4
46944.2
73033.4
42581.2
42863
58205.3
53516.2
58783.8
50995
51423.5
37642.4
60413.4
58636.2
65112
60791.4
42715.7
55974.5
33214.8
38394.2
50053.2
28809.4
26523.9
31464.7
52746.8
41565
48780.2
32988.2
40607
49970.9
58526.7
57149.1
60211.7
38362.2
55097.7
44338.8
26302.4
77859.4
33739.4
43292.2
49721.1
42732.4
22403.3
75131.8
54175
47440.8
19114.7
39751.4
52088.9
63016.8
53583.8
35307.9
61586.9
29126.3
31308.9
51508.6
55881.7
64185
43075.5
58717.4
43595.6
60987.9
48997.3
51943.3
46281
39864.4
75353.2
55903.8
50078
43801.9
76530.3
41037.3
55552.5
49065.8
39327.6
47760.8
35530.7
59462.6
40672.2
80756.9
38781.1
39716.7
31049.8
53506.4
65560.2
42461.4
37997.2
43709.8
42851
63249
81165.7
54493.4
56350.2
50205.8
30532.2
44105.3
36591.4
56865.9
47858.1
53674.1
75377.8
41699.8
42445
39365.3
42641
62105.4
56745.9
55519.8
44399.4
28537.1
25813.3
51192.8
43360.6
64220.6
73269.3
50223.9
30156.2
33932.4
34753.8
67506.6
37789.1
33930.9
37722.2
61779.2
38484.4
68052.2
51100.6
55016.3
33735.4
43626.7
49027
80754.4
42853.8
54251
54218.2
54631.3
41375
60424
36502.1
57743.5
50355.6
74089.7
48952
51590.1
71884.4
47275.7
36489.8
59563.7
62124.2
64851
43564.6
58343.7
54698.9
53650.5
66063.2
67281.8
53463.8
42293.2
76219.2
36233.8
52638.6
43964
64908.6
43670.9
84272.7
37313.3
23425.7
69126.6
62994
56338.8
71060.9
50712.6
60823.8
37779.8
57443.8
75379.1
35315.2
72158.6
33545.3
44397.5
34120.6
50644.2
38450.7
68622.6
50761.6
48349.2
46676.9
33306.2
71895.6
61102.2
60232
46677.6
54787.1
41719
60262.9
52877.2
42698.3
30544.6
45600.2
51200.2
54630.1
48413.8
53830.2
67155.5
60606.8
29096
61236.1
51115.5
71357.7
50356.2
58810
57213
59475.4
89779.6
78672
48817.7
51365.7
43699.8
49837.3
45490.9
67771.8
41579.4
43978.6
83340.9
37358.9
69690.9
47317
65301.8
46608.1
69908.1
80496.6
57249
56924
28397.6
72586
30721.8
42091.7
32740.3
42215.8
33912.9
50059.1
35880.6
56010.7
47301.8
59482.3
48521.8
57519
46641
36396.5
33073.8
53881.4
35730.7
64486.1
43278.3
47926.6
58441.6
54893.8
50511.5
79747.6
69390
53165.2
50981.4
78056.2
51310.5
71830.6
36792.4
74883.8
43710.7
37248.2
57974
88122.2
52428.3
88641.1
31881.7
51599.9
51250.8
50562.6
41915
63069.2
54983.4
64486.4
54022.4
65184.7
48463.9
72981.6
46157
90211.8
31809.9
51360.3
70467.9
31840.2
51875.2
42759.6
43168.2
48921.6
43600.9
84500.8
63176.3
35018.5
45558.8
76322
36018.2
50040.4
87277.3
49652.6
54321.6
32463.9
40173.7
33732.9
67084.3
64017.4
45184.5
54709.4
30075.8
41919
51276.4
52423.6
92851.9
61020.6
70433.3
43952.4
52682.2
41814.1
65044.4
36302.3
88061.9
29412.5
38531.4
36551.6
45461.6
53332.2
42482
66688.9
62912.7
45379.8
41641.2
30769.7
74889.6
39851.7
26354.2
47082.6
68303.4
36484.2
47227.1
74492.6
39309.4
49756.7
53958.7
41729.1
45276
41075.3
54180.8
58151.3
46519.9
52161
53887.5
54148.6
49540.5
39385.7
83057.3
43219.7
60327.4
46684.9
30347.7
43938.9
47791.8
48508.9
54283.4
54129
51192.6
67442.6
39747.9
66879.5
27212.4
60381.6
42005.6
29181.4
50563.5
70245.4
44944
45965.3
60267.2
35037.8
61339
63339.6
40187.4
42355.4
52200.7
38350.6
62482.9
38280.3
56450.9
46174.6
45623.6
42017
49332.6
49460.2
53649.8
46318.6
66936.6
61689.3
60125
70106.2
53763.4
60707.4
75465
59225.4
48145.4
50908.2
39912.7
71113.2
56327.4
37432.6
50407.4
56331.6
69636.5
77106.1
60251.7
42716.2
40464.7
51671.4
39854.2
51877.8
69030.6
40605.8
59010.1
58870.8
86630.5
58665
49682.5
46089.7
65792.7
43421.8
30173.4
44761
69428.6
29861
32073.9
44069.6
47207.2
52782.1
39225.1
72143.3
54599.9
47370.9
37657.4
30399.8
31803.4
57749.9
30416.3
34013.4
38555.5
37008.1
46383.2
48164
32047.8
36280.7
61338.7
51485.5
41214.3
32661
45262.4
44048.6
29586.6
34163.8
44890.3
50553
36033.2
57027.6
22686.7
76004.2
42258.2
59074.3
57673.7
55230.2
40111.7
31440
22518.8
39845.5
52511.2
37326.8
54551.8
32270.3
34638.4
42216.3
60349.5
31810
57132.2
53268.6
42514.5
59920.1
52501.4
92010.2
65224.7
45318.4
32604.3
45451.1
36217.4
40889.6
74494.4
43233.2
48515.3
56926.4
34630.8
35385.3
57911
59273.9
66589.5
26373.9
29720.2
43364.6
31980.5
79402.2
74360
46235.8
39233.3
32365.5
35479.3
62660
54595.8
68973.8
50147.8
27211.8
41906.7
39336.3
50347.6
62025
51274.8
33760.5
58948.6
28361.9
58005.6
38179
34904.8
47705.6
33797.5
21197.9
54378.9
50001.4
38787.4
35456.9
37614.3
36311.1
57766.7
52265.5
46757.9
46187.1
33627.7
35383.4
52256.2
62026.5
48942.2
36119.8
45542.3
40452.2
36982.5
80431.6
38355
66259.8
56293.7
39774.1
46910.8
60872.5
36031.4
57226.7
62824.6
52747.2
29460.6
74608
52819.8
31901.4
54562.6
40398.1
44728.5
38405.4
60718.8
56634.7
32463.3
46818.4
35598.8
43501.9
38516.2
40206.7
41964.3
54836.9
33389.9
53838.6
55083.6
64261.3
58579.5
44320.3
29783.4
64799.6
33539.1
89498.5
72358.5
50137
54012.7
60679.8
43493.8
22372.2
76959.7
62225
33944.4
62086.2
65123.1
30274.9
48669.9
36302.3
48330.6
41315.7
57222.8
39732.2
35159.5
47345.3
33183.6
53044.1
74691.7
63124
65833.4
60456.2
25886.8
35963.2
26141.1
59770
36054.7
59966.2
53095.7
36635.7
39841.7
41378.2
46912.5
58336.9
64407
62946.2
58159.4
49739.4
42586.6
35598.1
67772.5
62015.2
51952.4
47968.5
31074.5
56574.1
53744
50779.2
55757
54596.1
34920.9
51779
27995
49937.2
47268.9
42500.6
59842.1
67771.4
44078
67441.2
99945.4
58149
75804.8
74002.6
62319.4
40476.8
46147
67674.9
61275.6
81187.5
56277.8
74450.6
61580.8
59167.2
52167.2
84256.8
49720.2
36598.6
46367.3
92447.8
59449.8
60027.4
45199.4
72638.6
46637
64744.3
42236.3
62955
66073.8
46323.4
81131.8
55583.3
35874.5
53301.8
85713
49874.4
89230
57453.3
43431.9
29782.7
51342.6
55840.6
59365.8
53229.5
51904.9
80310.2
66130.2
56967.4
105390
48963.4
52314.3
36355.4
44206.7
42286.5
32674.8
43738.4
47454
50876.6
48310.6
58282.4
45085.6
24285.4
19704.9
58741.2
50087.4
48768.9
80042
24567.3
59338.6
67628.8
52406.3
27445.2
39711.5
41730.3
61532.6
60600.2
37346.6
51643.3
60239.2
64574.2
65585.7
54944.3
46212.6
56600.6
51049
39134.7
53649.3
45056.5
51310.3
41571.8
31836.3
76345.4
43175.2
54208.4
56801.9
53017.1
25850.8
51179.5
46178.7
49393
82188.2
48738.1
30615.8
47576.4
62544.3
34809.6
51449.7
45949.8
57788.2
48560.6
51629.2
60542.3
48850.3
62647.1
38279
38084
29863.6
43069.7
65411.1
52449.5
48671.8
75815.4
41427.8
60863.4
40932.5
57243.3
39218.2
35086.2
46789.8
44936.8
33334.4
69842.9
52378.6
51599.4
44045.1
77583.3
60363.8
90706.3
32701.8
29754.1
36388.2
36167
43494.8
54660
55226.8
32358.8
49727.8
29581.9
48380.4
72411.4
40248.4
76221.6
54173.9
57477.8
47878.2
47313.3
57277.6
46251.5
28684.9
44529.9
72079.8
54443.7
44682.2
61164.2
39599
48306.6
44204.6
53559.4
46771.4
49426.9
50552.2
52315
64276.4
58016.9
52139.9
49060.8
80704.2
54721.1
53314.8
30341.7
29951.1
39938.4
57819.6
50989.5
69501.1
44975.6
52728.5
42956.1
42246.2
47070.5
52258.5
43319.8
39673.8
59926
51106.9
64636.3
32533.4
47490
53569.8
26133.7
60123.4
51103.4
41096.8
50745.8
35798.2
25544.9
41735.6
51119.5
52266.4
27629.6
52666.2
65847.6
71481.6
51223.8
57907.1
36506.3
66375.8
71923.4
21425.6
18359.4
29296.2
50980.4
31697.2
40385.3
42395
52688
45493.6
61228.7
43984.1
38453.4
38398.6
58654.5
49009
37916.8
50163
40115.4
31762.5
53291.8
41486.3
72587.7
60209.5
40570.6
32325.8
37157.3
32052.8
37803.4
63241.8
63121.9
70109.8
63897.4
39023.2
58272.6
38798.5
32127.3
56641.8
34298
46330.6
48153.3
40656.2
23597.4
45203
32473
47990.2
36641
31749.4
66554.5
34026.3
27562.4
55861.7
22437.4
43159.6
33266.9
59652.2
28332.2
49711
61667.3
24041.8
48438
31514.6
65346.6
60217
49462.7
56275
39487.6
33524.2
31292.6
34448.7
57892.9
50086.7
44029.3
42822.6
43722.4
39173.8
41794.2
51835.3
40591.8
47267
25577.8
43828.6
35365
59279.4
27180.1
35253.1
51270
41489.5
34994.1
28921.9
41162.1
42704.8
35795.2
50282.8
40632.8
33591
22960.8
27677
40241.8
61422.1
28337.4
33954.6
49405.4
64569.4
46637.4
38472.9
48147
56504.6
55051.8
34575.4
69342.6
55821.8
42917.5
72123.8
48316.6
52791.4
65481.9
56778.7
47550
51061.8
43677.6
46497.6
78830.4
57556
52606.6
80459
37892
46933.7
48439.8
55564
57284.2
53688.2
80956
79743.6
76033.4
38424
55199.1
65730.2
35327.8
38592.3
59064.7
43825.2
52217.5
54787.3
38670.4
38205.4
65608.6
52136.6
33434.5
64666.6
71515.9
75606.7
53229.8
49776.6
70042.1
77923.1
51749.8
114720
55109.4
59255.3
35970.4
43251.4
55474.3
54263
65455.6
55850.9
53537
45114
35268.6
41817.8
52203.8
56520.6
64073
36322.6
63746
54301.6
36480.8
45047
49426.3
45400
48300.1
62997.5
43355.4
52193.2
45619.4
46123
47950
43508.9
46587
48334.3
58095.3
28231.8
45308.6
57378.6
49034.7
66787.8
27529.1
39468.3
31779
45769.5
35282.8
67211.4
39568.8
37414.3
40722
32742.6
82188.4
33955.1
33919
42431.8
43961.8
30464.7
34048.5
53191.8
25008.9
68273.1
57175
38760.2
40872.3
50443.6
39081.7
65256.2
41846
51096.6
31534.4
55974.7
52704.2
56773.5
82134.3
43228.8
59307.6
28115.2
24167.4
52835.2
66291.9
52293.3
26711.9
63752.1
44476.4
40006.3
52362.9
67101.8
26743.4
64364
63132.2
58286.6
44248.9
46091.8
37191.3
53920
46453.8
44529
52669.1
40339.9
56012.2
33389.3
43287
43451.4
40780.6
37412.4
61372.6
53076.5
47505.2
40226.9
67222.2
48922.9
41461
45460.2
47774.6
37779.1
55612.9
66190.5
54235.9
34616.1
65451.8
69101.4
45883.9
60064.6
34293.7
30316.8
46050.7
31397.8
77095.8
29671.3
52247.7
27568
50933.5
89266.2
50412.6
51263.3
58163.3
81485.8
52285.4
32874.6
77265.4
42519.8
67652.2
36757.7
122145
51499.8
41949.3
57136.8
22077.4
39614.2
45576.2
63747.8
70334.9
46895.7
65160.1
38689.8
35187.9
56865
80104.8
57321.5
64298.5
75450.8
69771
52214.8
64224
43244.6
67661.8
57869.8
69201.1
74059.5
49316.4
42876.6
72035.9
55195.8
50371.7
57083.9
47221.6
70919.1
38216.3
65265.3
53891
60270.2
51852.6
58559.1
34617.3
57624.9
59195
86444.2
59671.2
34655.6
36635.1
93758.2
57023.1
49106.2
38427.4
47164.6
40141
64643.8
44206.2
61049
58450.2
53492
36882.3
41952.6
41143.8
58146.8
49381
26933.5
26900.2
55689
39044.4
39707.9
52627.7
36947.1
48145.4
51223.7
55391
57782.1
41022.4
38524.4
64112.2
33098.4
38306.2
48692.7
29873.4
54091.7
47609.8
56659.8
37195.4
61177.8
75163
64347.7
48283.8
38896
37145
48421.4
51181.7
40152.5
52448.7
46050.6
45753.9
36382.1
58065.4
49486.8
76921.2
57804.3
42971.4
45302
28884
46004.5
53494.7
40065.8
53169.2
67954.3
56480.2
25415.8
33529.4
48949.4
75603.5
53297.9
47718.5
35982.9
42071.9
66850.1
53463.4
56630.9
66961.8
54367.8
55040.1
41629.5
59319
47588.1
45692.1
41283.7
56600.2
32274.2
26959.7
57669.6
39299.4
44545
30671.5
62599.6
28519.1
53366.7
50616.9
37191.2
41655.1
31075.3
57135.3
32562
61123.2
34746.1
29060.4
40949.4
69780.1
45504.5
56711.9
49420.3
24182.6
32787.4
44396.5
42209.4
42850.3
59358.8
58275.7
39203
37417
48065.8
52484
38018.7
47083.8
43522
27200.9
46540.3
51205
63694.4
61606.5
71954.2
70723.7
39859.3
79110.2
66693.4
57659.7
46550
34060.5
32436.6
67366.2
57072.2
64418.1
27050.3
64496.6
72614.6
51705.6
69358.1
86262.3
57052.1
50878.3
54346.2
68774
34504
40516.9
47133.4
52333.2
66535.2
40548.1
77783.2
56255.5
41536.4
59280.3
56698.4
46381.6
44864.2
62721.5
43045.4
50857.8
44829.5
36654.2
46090.1
53614.4
43659.4
41801.8
75821
75986.8
43271.9
40549.5
52510.6
61216.2
68772.1
57266.7
43329.8
51381.5
36953.8
39036.2
51006.6
59089.5
49301.8
30179.3
61924.8
22654.7
50226.2
33119.2
56001.2
59620.2
39013
25260.6
49981.5
51457.8
49786.9
61590.8
54951
30525.4
46254
38622.6
47706.1
42191
43009
59128.5
49872.9
31057.3
62302.6
53175.7
42573.3
61536.1
49698
59963.6
40368.8
40757.1
56561.6
54802.3
54765.5
71414.1
27261.4
32602.2
33966.6
63674.4
62053.3
38603.5
56996
45048.8
40938.5
41696.9
45834.6
33017
50760.6
43256.2
33286.6
67203.2
34930.3
38705.4
43287.4
45614.6
31463.2
39003
30565.8
95494
53182.8
48962.8
54006.9
35990.4
43350.6
40175.4
42166.8
39366.5
37737.8
31071.4
37963.2
24829.2
44536.6
20341.2
30748.9
46890.3
33564.9
60812.4
56991.4
50660
28207.8
24518.6
33071.3
35579.8
23451
58581.2
52521.1
42760.6
34851.8
35607.9
33753
42091.9
33829.3
48092.2
41603.6
41519
46234.1
38486.1
29630
65453.8
28695
31562.3
37245.3
42877.8
64550.7
58134.5
47312.6
48218.6
46086.5
43406.6
48822.7
58873.5
37379.2
44476.7
29279.8
61608.7
37527.4
70559.8
66503.4
48904
27877.8
34718.9
71435.7
40323.2
43689.4
59929.2
45030.2
36703.4
47252.2
47209.3
61381
44415
60556.4
36119.1
49879.1
64615.4
59615.6
36854.3
45184.2
53407.4
49185
23775.7
51473.5
64183.8
39770.5
28378.7
38279.1
40780.6
37651.5
47769.2
47170.4
46711.9
37787
52957.4
43148.2
48478.9
33345.5
43493.9
50423.4
56162.8
53456.4
44675.7
34932.2
32554.3
41359
47677.8
58895.4
47175.6
31169.1
73949.1
44473.4
64751.2
48327.8
63901.5
31388.6
40839
32547.7
29716.5
42971.3
66526.9
44002.9
47673.6
49518
29271.5
35522.2
54570.9
52491.1
81390.1
48136.9
45785.1
44444.5
64115.9
63450.3
37059.3
62416.5
74160.7
44067
60905
53177.1
50215.4
35288.7
49638.5
33790.7
28187
41806.2
46933.3
51364.8
61428.9
44562.6
51032.6
81602.7
41266.1
49707
27504.9
37991.2
62393.8
40123.9
67734
52279.4
54023.9
52754.4
48621.3
65211.1
39298.2
45836.7
35738.7
40566.5
43867.1
44788.2
43719.2
41313.7
29482.6
35150.4
37148.7
48943.6
38057.7
32456.2
58095.4
27477.9
43327.5
44854.2
34391.8
56639
66223.6
40002.3
36861.5
38424.9
62731
22841
28985.5
35383.3
27498.9
35529.4
67326.9
22123.3
27403.7
26285.1
38759.3
51101.6
48923.2
54644.3
34077.6
35228.4
78250
47177.4
64458.7
28929.2
69381.8
49386.2
20603.9
31528.3
38712.8
49399.8
34656.1
32217.2
50370.2
35527.4
40177
28929.2
62210.9
58713.4
30660.5
47886.6
22285.8
25412.5
27659.7
48682.2
42977.8
42691.7
35423.6
29079.4
30471.8
39215.2
67529.4
37676.4
35741.4
19891.8
20912.9
69830.8
65680.9
48771.4
33125
33665.1
23249.8
29196.2
60347.2
27655.1
51973.8
48558.1
50879.4
43766.5
36450.9
32632.2
62282.3
34488
21170.7
27604.3
38512.7
81580.3
47936.2
54355
26667.2
46870.1
23127
31681.1
49679.2
48616.4
64901.4
77655.2
38415.8
52960.6
31106.2
75275
34121
48190.9
46282.1
49131.5
45793.6
49103.9
38763.5
73430.5
37400.5
69003.4
45501.1
28508.4
70737.2
70133.9
29211
66554.5
41460.7
56017.3
32117.7
38114.2
57657
40169
25538.4
21966.2
39866.1
47823
38932.6
36941.4
60271
26506.6
35454.2
17139.8
40688.5
38451.9
27501.4
61230.7
49947
50898.6
58711.8
39124.6
36949.8
16374
38111.8
54312.7
59228.2
28136.7
22612.4
69029.8
84972.5
41532.8
30280.8
30337.7
40954.3
29326.6
34035.3
29254.6
35857.4
61277.2
34628.2
22018
53166.9
65323.4
36865.7
20850.4
37964.6
20852
34404.7
53107.4
27387.1
66686.3
65716
39835.8
35814.3
77350.6
54927.7
71699.4
39527.7
28689.9
50632.4
50116
54906.2
49000
41656.2
39284.5
59018.6
44500.2
36677.8
41638.2
40264.7
62301.2
54945.1
34931
70428.2
70287
27707.8
88922.2
47668.3
47143.4
27305.9
33534.3
55174.5
42392.8
42657.7
41726.9
48028
44100.1
61517
39712
65803
42578
44385.2
57252.6
40900
68685.8
42048.4
49216.2
72703.4
34906.1
30960.6
51421.9
58528.7
40069.8
51292.9
42910.1
40189
74551.4
43342.2
74637.4
16681.3
38500.8
39997.8
72221.5
68288
32314.5
39097.3
45818.7
48089.8
38924.3
36603
52534.4
53005.7
33403
50732.9
42246.1
38708.5
35284.2
57197.2
37582.8
35836
37449
56033
37810.8
37045.6
29754.3
40650.7
32530.7
42409.8
43119.1
37127.8
39603.2
37474
39822
56880.8
29734.1
34334.6
33999.1
38203.9
23493.3
38644.2
75995.4
49976
44565.7
58348.2
65689.2
25876.2
57752.5
50592.8
27688.5
61836.3
73367.7
77954.8
67483.9
49411.8
58117.4
34534.3
49021.9
63600.5
69492.5
48199
49219.7
52708.1
40164.7
48404.4
43005.5
25657.7
35487.4
64162.7
58582.8
55020.8
55970
33075
44483
38415.4
52718.2
58843
56103.3
58819.6
40681.4
49112.5
65192.2
56307.1
48378.4
50505.8
42257.9
47702.1
38309.4
61113.4
43472.5
31995
60627
50405.3
26417.8
38439.2
39935.1
69430.1
46632.5
46208.9
39508
54493.9
35106.9
28026.2
70451.5
32757.9
22935.8
43335.3
37996.6
76963
52569
52559.8
60338.5
27489.6
38068.6
43948.2
53991.7
36201
56710.7
55498.9
47664.6
45243.7
51783.4
48890.8
31023.4
37198.5
44740.5
27718.2
54403.1
50866.1
27287.6
49529.2
26295.4
59555
51268.6
49280.9
25192.2
32433
37309.6
33812.9
75736.2
57094.6
49471.3
42459.7
45176.7
41101
27267.7
57744.2
71395.6
85120.5
31196.2
41604.7
58703.5
54609
42512.9
23018.9
39779.7
55023.9
51290
19604.5
71820.9
51429.7
56477.2
68935.1
66975.5
48562.6
41464.3
32457.3
25735.4
60787.3
78753.6
51584
45898.2
41713.8
26896.5
46046.5
63524.3
41777.9
31162.4
38317.8
33263
31410.8
51528.3
51558
57273.8
49312.1
50207.9
27499.2
61945.2
55750
21838
60557.3
76195.4
37527.7
29636.5
31779.2
43299
38850.4
39275.9
67421
38977.8
48763.4
33790.4
53909.5
37238.3
69902.5
31269.6
40446.4
45891.1
68670
105824
36564.2
42526.2
50814.5
46873.2
74378.3
48114.9
37683.8
42108.6
43294.7
38919.8
73787.2
59241.5
71139.9
37675.1
64749
59860.3
64979.3
62259.4
67884.2
75187.3
61920
72368
49778.8
51342.6
49236.4
50046.1
81728.1
61947.7
45407.6
47337.3
56852.9
67456.3
63692.6
80680.2
67021
87255.7
46547.9
65223.6
89465.2
48873.2
60821.9
78329.2
53511.4
48905.4
110260
34420.4
49793.8
46937.2
54041.4
75571.8
49414.6
52634.4
58603.3
51572.9
51957.4
48578.1
51495.7
43400.6
78137.6
37587
48194.2
44927
66065.1
61608
47575.4
76357.7
29866.1
63973
103179
47023.8
52276
45380.2
34455.6
34630.5
38535.8
46142.2
45213.8
41255
53683.9
48289.4
50966.6
59865.9
53074
50724.9
58274.2
47840.2
43733.3
47569.5
42378.8
57499.1
29203.8
87172.4
41834.8
54110.8
95477.8
63926
33171.8
38007.8
43561.6
37955.8
58811.8
55340.2
47027.8
53758.6
39327.4
39761.9
66812.5
63886.1
61704.3
82452.5
48604.2
65947
46605.6
81195.1
55406.3
52061
52073.3
51667.8
44936.2
50459.8
67199.4
64554.9
43421
62164.7
58530.3
44349.5
64719.2
58175.3
85470.7
57626.7
68323.8
48021.1
48275.6
37042.7
46626.1
62003.3
53904
55977.8
48419.5
56415.4
40691.3
41979.9
94947.1
79391.1
48536.6
37871
41819.4
38145.4
59599.3
58569.8
50045.8
56785.9
49625.5
53838.6
80254
66997
103337
64125.7
60175
48601.1
61473.2
81044.6
62557
50023.1
60775
45211.5
79797.9
56593
50032.1
56699.3
50062.8
86613
71955.1
34499.9
61944.2
44607.7
45799.6
62631.9
60661.6
77538.2
37498.6
50012.9
58582.6
44328.4
38801.3
62848.6
26571.6
56450.9
40628.9
72356.4
47209.6
72941.3
32651.4
70945.5
43700.2
60811.6
40289.4
74325.2
52915.3
49118.8
56406.1
48900.2
46429.2
39739.8
34625.7
39322.2
36414.7
26990.5
45344.8
45758.2
57788.6
40075
22013.9
37719
49187.1
33760.3
50925.8
35243.4
49730.2
71629.5
47900.3
44341.8
55537.3
72446.9
50624.7
93688.4
40732.1
48549.5
49775.3
64063.9
35794.6
64042.4
56957
60049.4
43029.7
47742.8
41146.8
57935.8
40822.5
56365.8
52631.2
44191.7
51447
66073.4
37659.6
66428.2
73532.8
41187.4
34850.8
29414.4
61531.1
57582.6
36350.5
42435.9
28042.2
67475.7
59532.2
58619.7
30986.8
22469
25080.8
44273.6
50001.1
59579.8
37507.9
48622.1
35731.8
43064.1
62875.3
31590.5
45939.7
40797.4
41583.4
41114.7
28863
53057.3
34525
67095.8
34676.9
57739.2
74412.1
28717.8
66846.3
33696.4
29870.5
40463.8
42310.9
44563
45795
25197.8
27894.2
63884.2
59616.6
39091.8
55779.6
35247.6
36708.8
39997.3
52440.3
27171
44017.4
31447.3
37996.2
32369.3
58222.6
62407
51695.5
71194.3
31508.7
84531
37256.9
29724.9
44047.6
37251.8
73043.6
65186.5
56357.4
44957.2
42907.1
40756.9
62233.9
51843
75214.5
48602.7
51843.3
33281.2
51543.1
40303.3
67150.8
53754.1
69439.1
48517.2
69165
45908.9
55319.8
59153.9
43507
54723.9
51067.8
45377.2
56156.3
34352.6
29753.5
25728.7
54469.4
50266.4
85172.3
71214.3
45076.3
38793.9
59206.8
51587.4
66984.2
57978.6
77324.2
55353.7
41272.5
53423.4
50807.8
56362
46691.1
44322
57737.2
49073
69199.5
49492.6
20116.4
51854.8
55489.9
40498.4
54313.9
65749.9
48233
39079.1
42781.9
37145.8
44389.4
73025.7
87198.2
43096.2
27338.7
24126.5
58524.1
45793.6
50590.3
30923.9
30108.8
53525.5
47626.2
45802.7
45525.1
68366.5
60361.7
34913.3
58575.9
56605.8
45624.2
42832.1
49236
59859
44619.2
40101.4
61876.9
60328.4
47432.1
50753
31449.8
36234
43980.9
54674
45606.4
61680.7
53035.8
61683.3
47739.1
62847.4
83888.2
71403.9
59857.7
38581.4
51748.3
67221.5
53222.8
59049.1
61632.9
39315
33860.2
48601.1
78111.7
56816.4
52049
53951.9
44131.2
49196.6
15463.4
59609.8
29743.7
56773.3
51895.8
34378.3
65064.1
58984.4
50834.1
36182.3
35009
41509.6
72849.9
63851.9
39411
23006.4
64995.8
70868.2
31360.6
42612.1
26355.1
46624.9
43077
46398.3
45979.2
55997.8
36250
58229.1
66922.6
51272.6
51847.1
46893
52074.6
38731
45139.1
37065.3
56261.5
58200.7
62458.3
45059
39586.1
29561.7
58828.8
28896.2
26563.5
56570.8
37439.8
38814.7
41842.3
30019
63718.3
40045.2
39860.4
33399.4
44880
52139.9
51884.8
54904.2
45237.1
26042.2
23210.8
24473.6
33612.6
37407.4
80059.4
47635.2
26249.8
34117.1
28869.8
44819
37500.1
39665.9
68066.1
25547.5
47498.6
33013.8
38050.7
41406
36892.3
90760.2
61723.2
32145.8
42171.8
66395.8
36122.4
32690.5
47147.9
39281.8
33891.8
41012.4
40379.5
39879.3
50032.6
53021.1
64338.7
34088.5
26466.3
45578.5
51569.4
72203.2
57355.8
37940
57831.9
36860.2
46505.4
19127.7
40200.5
24274.3
62435.8
39459.4
37286.4
28839.3
50051.1
43485.6
79058.6
29555.9
49112.6
73677.4
36903.7
43824.6
28733.6
46943.8
49826.3
38707.8
50211
37043.8
70637.9
26442.7
40432.6
50744.3
52781.8
63396.3
46690.5
29169.2
28958.9
48747.9
44575.5
54764
39406.2
36344.6
43962.4
49127.4
45296
50869.7
70892.4
38048
67906.9
53597
62722.9
37216.7
49493.4
31008.9
34072.5
41488.2
34972.1
53243.1
35958.8
36821.9
38140.4
62112
22246.6
27589.4
42789
67012.2
55156.5
29352.2
52875.9
54704.3
64999.8
34240.8
29423.1
33755.6
65656.6
40977.5
40636
61294.9
33401.8
32972
62544.2
55969.4
46403.8
38617.9
33867.8
68496.8
61916.3
33754.2
36858.5
39036.4
51686.7
52837.6
61441.3
48823.7
37757
46465
56217.7
40975
57686.4
58001.1
71817.6
67077
51947.4
69170.6
59939.2
38332.2
28075.8
38370.7
41919.3
48456.4
60810.6
39335
57782.2
50024.5
44236.5
43995.3
46901.2
62236.3
49612.1
34217.7
58335.9
66656.2
54998.3
55400.6
73776
29622.2
26397.2
53880.9
46944.2
44413.2
65696.6
51606.5
50291.6
56431.6
64708.6
52042.2
45347.4
35056.6
90735.2
50112.4
55721.9
63308.9
44291
54104.6
63995.4
46063.7
46415.3
60369.8
33205.3
55741.4
39875.3
58779
71532.9
46297.5
51379.4
65613.9
41783.5
48071.8
45089.8
66501.3
63523.4
43479.3
34359.4
56938.6
36129.7
69975.5
32649.8
28927.4
59600.4
43582.9
49278.5
31797.2
44114.4
61562.2
65459
27818.2
48680.9
52424.7
83444.4
52977.8
48997.1
48558.8
63699.7
48725.4
49921.2
51539.9
25689.4
28532.4
60070.8
24380.1
61067.6
58343.9
51004
50174
32090.8
47886.3
36657.9
73201.4
36990.6
72717.5
38650.7
29485.9
39251.6
24582.5
56322.4
60173.6
45829.1
41596.1
40439.1
87544.1
55597.7
83516.5
47271.5
39287.8
67954.2
60930.7
52505.6
55468.6
75602.2
58553.8
36381.2
55556
48277.3
54866.7
55116
53891.5
56640.6
46894.2
46301.8
84341.1
41366.7
58469.5
50081.4
55548.2
31167.2
58260.8
59533.5
53568.6
47119.2
48401.4
29837.3
37547.4
45489
45912.4
66346.2
34239.9
40986.1
47530.8
45147
57765.5
59731
53696
63353.4
42653.3
40565.8
44572.2
45930.9
34731.2
49869
66358.1
32787.4
41333.8
65211.1
51630.7
52527.3
35525.3
78320.1
36607.1
27739.4
55065.4
46798.8
48083.8
38109.4
50276.8
39855.8
50061.2
39323.4
84182.8
46714.2
73765
32780.6
54472.2
35565.1
40340.3
53325.4
48811.5
49042.6
48190.2
63982.3
64507.2
80398.9
57036.6
52256.6
64911.3
74636.5
56730.3
62244.2
51589.7
48257.8
57231.2
59284.1
60053.4
60644.9
60453.3
55662.5
44024.4
67248.6
86809.2
41922.4
79331.4
61983.3
37810.8
38724.5
51446.2
74818.2
60608.4
57917.5
60663.7
65476.9
44764
40181.4
40479.7
53370.2
50700.5
51268.9
55176.8
46537.5
64517.5
41515.8
53246.6
47629
33307.4
59698.6
41730.7
57259.8
56433.4
59188.1
76575.9
40888.6
41699
52170.6
65986.6
36293.2
39696.6
39369.8
88719.5
56029
49685.4
56360.9
47484.5
50599.9
43449.7
42760.9
42974.2
51455
47876.2
51270.7
37152.8
39906.5
80292.9
45135.9
48188.2
94535.2
65969.3
61685.9
31489.3
72667.5
85273.4
35343.3
47769
44194.2
53722.6
44275.5
60854.8
59980.6
81436
58173.4
75096.6
55711.1
59560.4
64628.2
66310.8
51375.9
58351.9
26103
47936.6
51167.9
69657.4
67652.1
65708.7
57859.7
61413.4
45053.5
40860.8
37807.1
51277.1
69445.8
47891.2
37460.4
50749.1
65886.7
52956.6
47744.6
41694.6
61455.3
49103.6
23987.3
75585.7
43644.9
67452.8
56598
60214.6
48086.6
34729.5
51356.7
62815.9
38795.6
54749.8
40332.5
44367.8
27021.8
74069.5
41454.2
51582.5
68922.5
47094.1
52347
47437
36992.6
45425.1
65394.6
34754.7
38176.4
92144.6
53548.5
74504.4
41853.7
50997.8
34683.7
63428.2
50823.6
47234.2
59659.6
40984.6
84513.4
57535.1
51949
43778.3
65400.6
32927.5
58667.6
41673
42954.1
47569.2
48212.5
71443.5
50006.7
84155.4
50645.6
55332.5
49455.3
40419
57557.5
41978.9
48678.8
70990
43554.6
55179.1
77713.8
44853.4
72142.1
32427.7
37239.8
57218.5
57404.1
69586.4
88372.2
36786.9
36978.1
48494
37357.9
61933.8
49697.4
43902.6
46841.5
44490.5
58967.8
56027.4
42900.4
39201.2
63918.7
61998.5
36205.1
39892.7
45087.9
29819.7
47930.3
60742.2
46263.8
52429
61667.8
50700.3
73175.9
76598.5
36970.2
52282.6
63127.8
68998
46281.2
42094.7
78107.8
49034
68771
52983.4
51329.7
41955.3
42868
57647.6
87070.7
77690.1
72632.2
55224.8
35462.3
55108.6
53971.8
41098.2
74030.2
76031.3
30617.5
26047
32142.4
50582.5
55725
45704.8
54895
26490.9
55840.4
57807.8
37739.8
39938.7
59367.2
41241.8
50185.9
50572.4
32559.6
67856.4
47916.2
66895.2
27646.8
60406.9
39255.7
52221.4
30194.9
61854.2
63085.6
41313.2
65804.5
39317.4
32943.3
48546.1
45088.2
53089.4
42440.8
31009.3
72107.3
38986.7
36394.2
53194.5
47096
39623.8
42138.6
52501.7
70909.1
37945
78130.1
26738.5
36593.7
35645.7
31531.5
47116.8
41927
53693.4
52433.5
29162.6
50518
28941.1
57054.9
36807.4
58880.1
51463.8
27880.5
76121.5
53283.6
57066.9
38823.1
46690.2
42490.6
88097.8
60750.2
83895.9
76315.4
35514.2
46621.4
41641.1
82368.7
94408.5
51048.5
68838.3
66289.4
43386.4
29703.5
77745.8
48859
66570.4
34533
68265
39236.2
57494
49923.1
57566.2
31137.7
45595.6
37535
48701.5
45903.8
57287
78544.9
58923
44267
43777.6
34082.5
42751
49439.3
51573.8
37182.2
42723.5
58116.2
66569.7
59487.3
61811.5
49031.8
41483.4
54825
68344.3
42689
75033.3
53162.3
38698.3
56272.9
28004.6
49890.5
48547.2
40268.4
64173.1
29494.5
39518.4
65035.8
47822.1
51489.3
53474.8
58650.8
44582.8
45404.6
49321.8
40377
34616.2
38942.1
42601.4
36959.2
37378.4
39970.6
32422.3
58752.2
64990.9
33213.3
58817.4
48306.6
47290.9
52160.2
52503.2
51792.2
41012.3
66404.8
47044.4
40739.4
41230.3
19497.3
47244.6
82069.9
46566.2
49851.7
29697
72633.3
29657.4
28557.5
52827.9
60454.6
61992.2
49258.7
31400.2
21332.2
41895.8
46609.3
38874.6
50131.7
54722.1
42920.3
58975.4
30505.4
42847.6
34892.1
56569.9
60685.1
38174.6
47522.7
33750.2
49689.8
32074.9
41048.2
28371.7
40822.3
52002.1
31721
45047.4
27425.1
47160
82979.6
70531
48701.4
39992.9
47137.5
62802.5
72819.9
65901.4
34291
55574.2
46067.9
39399.9
46669
83291.4
42320.2
51450.1
36819.4
37115.6
47943.7
32026.5
35086.1
65730.6
39190
27703.2
62792.2
58489.8
71888
36640.4
49345
47206.2
49291.4
67358.5
65555.4
75325.6
52735.8
49882.1
57921.4
31589.3
35470.2
63815.9
74592.7
33731
43819.2
44402.1
39032
41519.4
37517.8
43520.1
48174.4
44492.2
49218.6
42275.3
43044.6
25623.7
53480.8
47890.2
48752.4
35394.6
56511.7
35854.6
45903.8
61227.9
58501.1
37859.4
40664.8
47396.6
37405.2
54684.5
48238.3
45890.1
40136
49809.1
59372.8
50851.1
31523.8
46407
42752
63177.3
48667.1
67400.7
54864
40595.7
57791.2
21442.9
49352.6
58834.3
27487.5
61045.9
44510.8
51039
55225
50580.3
49951.7
52355
45245.8
34213
41157.1
56205.7
46117
30611.5
29341.2
62515.8
42580
42383.3
90042.7
49154.4
50445.8
46859.9
43820
37467.9
48948.9
29320.1
57644.6
54334.1
42512.6
40598.6
33181.7
62199.7
34639.4
56478.2
51962.8
32475.1
34224.7
55198.6
51257.5
62944.6
60539.3
33564.5
32435.2
51941.8
20511.3
42696.8
84232.7
36021.5
37661
61811.7
55039.4
34008.2
35458.2
44349
50405.7
38964.2
44353.6
54910.5
55597
38329.5
59824.1
41604.5
44031.7
54635.3
45198.2
40322.1
59503.8
34546.2
54811.4
34783.8
46815.7
57219.4
56592.6
47115.7
23130.4
28519.3
23948.6
40211.8
55205.4
54745.6
37728.2
44689.8
29216.3
38481.8
35475.3
62118.1
26746.9
42434.6
62881.3
35856.9
64256.6
43032.8
41498.8
37386.6
42274.2
43694.3
30046.9
41441
63400.7
66525.8
38063.2
38377.8
45246.7
29125.4
57915.4
52432.7
52883.6
50672.7
74840.1
30792.2
39611.8
38627.3
87240.9
34559.8
36502.9
43383.9
36110.6
23240.1
41876.2
48472.5
26078.6
58867.2
71860.2
68537.9
35878.7
28031.9
30559.2
44358.7
30602.9
27679.7
54067.8
46801
35956.4
26889.4
42720.9
52542.2
45760.4
49272.9
29020.4
33496.4
44515
41124.2
29436.6
36152.9
46670.6
53244.2
34447.4
43015.7
34823.6
23379.8
41089.4
52204.1
42287.9
31794.2
54169.4
31327.8
40552.6
53082.7
26685.8
63291.7
47317.7
37264.9
47604.7
43624.3
65751.8
48865.7
25721.9
46643
41205.8
67856.3
35640.8
43735
52103
44021.8
35066.2
40322.6
47080
50477.8
27657
45071.6
34722.2
36095.6
46719.9
52669.2
67144.4
29216.9
51107.4
22188.5
52729.7
65041
38029
51339.3
46159.8
45558.3
42758.6
41171.5
58879.1
46606.8
56765.1
39020.9
40689.2
41853
42223.4
56324.6
31806.6
58537.3
71742.2
28414.7
37581.4
54816.6
42964.9
40916
47741
41723.4
41336.6
35988.6
24831.6
61423.5
43982.5
38525.4
57714.2
19831.8
30513.2
73822.2
38986.5
63740
50389.9
48890.4
48102.1
43828.3
54711.6
59040.6
41061.9
57062.1
65321.6
45772.6
41898.6
63409.7
55601.2
51022.1
34640.8
27429.5
35630.2
49883.8
34693.7
54537.1
29968.4
57916.2
51159.8
66443.4
52928.1
69627.8
53544.8
56792.1
39754.4
29090.7
65468.4
63212.6
79160.8
47705
39028.1
56210.3
52857
75049
44410.1
39124.1
36647
74633.4
41946.1
50578.1
66233.6
41599
49990.1
41751.7
42774.8
44017
50858.4
38062.9
57511.7
24165.8
33308.9
65952.6
67076.8
49855.8
44168.1
70537.4
34697.3
34855.8
65511.6
44758.7
39800.1
41003.1
49664.7
45715.8
22878.9
72581.1
32566.1
58113
73835.6
17452.2
47719
39037
26693.3
33229.8
64039.9
52597.7
45151.5
44383.9
34680.2
43685.7
42906.2
46095
45431
53601.8
42732.3
41778.5
45206.7
28565.8
60634.2
46188.9
49202.4
44445.3
41348.6
51559.8
49446.9
54887.8
57825.1
40485.9
49857.5
45187.9
36787.3
70832.6
48126.9
61583.3
59157
60049.6
41475.1
69422.9
34955.8
37675.5
39099.4
45913.4
41691.7
42594.2
58854.1
52575.8
37609
47214.8
45612.8
61739.7
54733.2
91603.7
59619
80805.3
25947.7
49588
26826.2
35430.3
60070.9
48827.3
51413.9
47018.5
74269.3
44369.3
47394.2
30708.4
98971.3
60996.4
32732
51299.5
48501.8
46070.6
50317
45477.4
79286.3
60756.8
49880.3
54463.1
34204.3
40514.1
87520.5
31252.7
72183.5
50192.9
52155.5
48742.8
36666.6
54696.1
52656.6
28539.8
43207
48532.1
45886.9
54907.3
51794.6
51226.2
47437.2
48167.5
43814.8
47072.9
34343.7
36212
28251.8
52456.8
50937
35965
62146.6
53041.5
63949.3
42359
57700.5
60224.6
43431.3
43907.7
47263.1
29403.7
50346.6
44761.2
38967.7
30942.3
60186.2
70333
25380.2
33361.9
33624.5
27375.8
43587.1
42818.7
36455.1
40574.5
35730.7
53681.7
31733
37087.8
44558.6
47358.5
60665.2
46615.7
22627.5
45419.6
45012
35787.1
42796.9
57886.6
36655.8
77147.8
43241.3
52763.4
36999.7
73855.6
77631.3
44281.9
45075.3
51558.9
68605.8
41062.9
46873.9
43383.5
64163.2
53071.5
71708.5
35328.6
56122.3
59590
60175.6
59101.7
28090.6
19256.6
55291.9
72577.4
62911.8
31224.2
53806.7
42622.8
36692.2
27332.3
88288
54929
60362.1
42541
81178.9
66498.5
78403.4
41937
56527.4
41239.4
70843.4
57032.1
59290.7
43837.9
42816.2
48821.3
38831.7
60918.3
33279
51792.4
41196.3
41200.4
61986.6
42785.4
37460.4
58082.1
55112.2
41922.1
47075.7
68111.8
49023.5
49734.8
34185
34520.2
40657.9
48655.8
68173.7
83884.4
61628.4
70643.3
35824.3
52300.9
46402.6
39005.8
49109.2
84974.9
53145.7
62499
39261.8
47439
68098.2
30934.4
55783.3
62260.6
36021.5
58045.2
28478.5
32118.8
49535
51917.9
39155.8
50177
50482.7
55439.7
56473.8
53125.4
60379
67300.1
53797.5
55554.1
49778.2
43871.3
48727.7
56018.6
36664.2
73724.1
75230.3
43898.6
52367.8
53392.5
47812.6
53905.2
54138.7
71679
51904.9
42378
33158.6
48767.1
66838.6
53082.8
42425.3
74518.9
36396.2
39403.3
64768.8
43795
37752.6
70862.6
29626
32779.1
52203.3
43526.2
41996.5
29332.4
51050.2
63910.5
64987.8
48886.4
47358.2
43118.6
42508.6
55271.3
45861.9
41212.5
47150.5
54369
25544
60141.5
39279.6
53731.4
38111.7
47937.2
31909.1
47721.1
81682.2
39250.2
44801.3
53807
47584.1
50645
53579.3
52402.7
61160.6
41436
61052.7
53466.5
47868.1
80143.6
49821.4
51667.8
60713.8
53972.8
47578.2
53576.2
39569.5
77092.2
33429.7
40627.1
32884.2
49436.7
31026.6
45215.8
32823.6
34429.4
40831.9
63311
65125.8
37352.5
42174.1
69427.1
62916.5
48821.2
35442.5
44274.2
44692.1
31723
42353.2
68221.4
67049.7
42540.2
49470.1
46272
42460.7
49739.2
58626.6
52109.7
46136.4
51917.1
44944
49142.6
77666.6
80719.9
45559.1
43117.4
70845.8
75255.1
47104.6
72102.7
39946.3
50532.2
35229.3
48202.4
45423
55158.2
51527.7
51081.1
59862.6
39491.5
57073
83567.6
42796.1
50671.7
52788.2
29314
49499.8
35112
57458.2
53855.4
32599.2
70950.2
47706.3
42865.2
60477.4
50907.7
41142.1
78303.4
38408.3
41847.5
44819.7
39946.7
46605.4
61162.2
55747.8
31786
51235.4
57758.3
57739
58615.8
61301
39063.1
60757.8
48252.5
37573.8
46221
49665.4
50234.8
51684.3
41838.6
32258.6
44618.9
42338.3
58542.3
46416.2
51362.2
59379.5
25814.6
51642.6
51284
51246.2
41597.9
56820.4
51022.2
42148.5
43094.9
59770.9
51492.7
71893.3
52240.4
59626.9
45715
42965.1
47553.7
32995.9
31153.8
30850.9
64152.7
38185.2
46587.8
30493.5
27502.4
40000.9
45354.1
34162.3
61768.1
56622.5
57050.2
49156.1
43108.4
47040.1
50338.4
53247.8
31400.7
52704.1
57838.1
42582.2
50176.1
44259.5
24207.4
49974.6
52595
54626.1
25287.8
19333.8
30941.9
44001.1
60841.9
40461.4
46201.1
65616.2
28253.5
52943.7
52555.8
53946.4
40378.4
41932.6
31521
63729.8
36096.2
35551.2
80945.1
40860.2
48483.9
29675
59975.6
38183.3
40360.7
46626.8
35562.7
30540.2
47318.6
30264.7
53685.3
37039.4
29305.8
40495.9
27307
29354.4
90910.2
37584.5
39069.8
30739.6
40433.5
40870.4
45915.8
26656.9
51389.9
27671.4
39945.6
19022.1
39698.2
45334.5
23858.8
36021.3
52060
42455.5
37120.6
48212.2
65936.6
24186.6
21696.2
41837
43089.4
44011.4
44042.3
41522.7
40337.6
38790.3
43296.4
26535.2
35612.2
16727.8
63539.4
15708.5
68684.2
43905.2
50294.4
47751.5
32739.2
30868.2
31223.8
66006.3
23671.3
40672.9
25657.8
40589.8
26091.5
32972.4
28391
45031.8
32265
59433.8
27266.9
32813.8
38252.9
27604.1
59576.5
56920.3
42782
32306.2
35797.7
34197.8
43379.8
38878.1
39621.1
43141.3
42557.7
39976.2
60623.1
29725.1
42805.4
55247.8
44910.1
47106.5
42991.2
30681.8
54910.4
38895.6
28727.9
66508.4
43347.3
40671.6
63038.3
54140.4
72763.3
47866.4
49722.5
57906.1
38125.8
50232.9
37327.2
61794.9
42488.7
44954.4
57904.5
41739.1
39087.8
66592.2
51128.9
45743.9
68981
27622.4
42614.5
60689
56041.3
55327.8
36664.2
27202.6
72010.6
31276
45710.3
18143.8
49069.4
68876
31026.1
56454
49815.7
35296.8
46052.1
47755
59051.3
45227.9
75428.6
42402.9
33528.7
39797.4
64001.8
58178.6
59291.3
46488.1
63654.8
40537.3
20452.2
82978.3
57169.4
48633.7
51216.8
28123.4
47523.8
27436.7
34872.2
56920.5
29170.9
38410.2
47180.2
36219.5
41421.4
34278.4
71059.6
45506.6
29346.3
36847.3
32946.7
54221.2
52467.9
49251
32437.2
44809.3
59638.6
25978.1
55497.4
41975.4
55442.1
40854.6
18673.2
32861.8
48667.2
57196.6
45054.6
46489
26187
29285.5
59875.6
57029.1
74065
32205
50542.3
49014.2
26715.8
40401.4
47651.8
83250.2
30228
37519.5
50499.4
43481.8
39941.1
48901.6
41535.2
83525.6
49870.5
55917.4
40704.6
58695.3
51251
42026.6
40960.9
44753
55925.8
77297.2
85035.5
25782.6
91636.5
28947
36869.5
46267.1
57728.1
57567
36644.3
31134.2
47084.4
68141.4
42713.9
63244.5
21119.6
52362.9
70139
44665.7
36591.6
41293.4
32988.6
60639.2
26660.4
57614.8
69902.2
46920.6
31049.8
38817.1
20339.1
33602.4
46052.2
65681
47144.4
42995.1
32157
25794.5
48000.7
41489.9
34026.6
53140.6
46883.9
48023.6
31141.9
72114.5
44771.9
65069.3
34617.9
37325.8
36824.2
41496.6
85794.1
53562.9
64600.1
61434.4
26564.7
36818.1
49724.7
29791.7
65549.2
47347.1
43966.7
59045.8
48110.6
54165.9
40896.3
34341.6
63388.3
36071.3
46180.3
41509.3
45661.7
50656.7
80660.5
46996.2
56968.3
31069.1
32513
53174.2
40781.1
43795.8
74505.3
29490.1
30736.6
47658.5
47428.6
43965.6
45214.9
38133.4
49937.3
55043.8
28997.9
72211.4
55118.3
55459.3
92776
35394.2
42053.3
29051.9
74994.6
62743
22356
53890.6
46746.5
34448.9
35619.4
40054.6
39513
54199.4
38513.6
50946.5
24358.6
47593.6
56857.2
74032.1
49796.2
37353.9
36478.2
42307.4
37459.3
50553.4
42959.4
42157.4
63849.4
67336.2
53302.6
41676.2
55991.8
41109.5
41126.3
28920.8
61342.6
34541.5
56542.4
31525.4
44581.1
63877.4
63429.7
50785.6
23412.4
43165.4
65701.5
58469.7
54236.3
61907.7
42552.6
26355.6
51288.6
58873.9
66911.3
40544.7
39527.3
60154.3
45215.1
55238.7
40434.2
62796.6
55404.9
37029.6
64017.2
47387.8
68032.8
68429.8
63763.8
37611.6
46039
60082.3
29501.3
64218.6
47886.7
38591.6
44452.7
35722.1
59356.9
74993.3
69267.5
69266.2
43688.7
45585.9
36803.4
49236.3
49485.8
40577.5
55398.3
44896.1
38393.4
47787.5
44835.2
25441.8
59401
61804.5
59539.6
51739.7
45189
57354
39862.9
29692.6
61372
62760.6
60245.9
41535.8
29997.8
51409.6
55550.1
37604.1
39570.2
41661
36708.6
58299.8
34686.3
64450.4
41950.2
60591.8
59005.8
40458.8
42878.6
27652.6
55267.7
59919.8
65576.3
46371.5
61475.5
71249.9
46133.9
51590.2
60459
60259.9
55809.6
33157.1
38024.7
75276.7
49903.2
43724.9
32161.5
58600.6
39623.9
43461.3
54653.3
67094.5
59464.2
56017.1
62154.2
43738.7
54613.1
37149.3
52523.4
42741.9
65316.2
66024.1
37782.6
65450.3
39490.4
53822.9
28881.8
44674.3
87521.6
44931.8
46177.6
62291.3
48910.6
32854.2
87455
65510.8
42599.5
38343.1
37614.2
22962.6
30397.5
57319.4
57128.9
37543
61078.3
69064
43059.9
38254.1
33971.5
32239.4
28188.2
36766.8
41680.1
46870.6
47423.3
56407
48555.4
46808.7
42410.1
23931.8
61228.6
38709.6
53510.4
60629.5
74972.9
40314.7
35496.5
56698.5
45930.6
47626
37321.1
52140.2
35195.8
54159.4
51765
54857.5
47398.2
52793.9
50955
38030.5
58946.6
42248.4
30732.3
45542
58073.4
68659.5
37616.6
67614.5
28942.6
47863.2
77775
43242.4
38917
44429
52839.5
50136.2
49938.2
44133.3
51752.2
56610.7
62001.1
52259.1
43919.5
71107.4
63123.9
46265.6
38691.4
50807.4
36148.6
41656.5
29879.8
54922.8
39928.7
43966.3
76224.8
34434.2
33770.6
38034.5
64071.8
25979.5
40614.6
30568.7
59023.3
23693
64595.4
39148.8
32630.1
40071
39098.8
46184.4
35779.1
50134.7
46140.2
38075.9
53064.3
41960.1
35751.5
81843.2
31920.2
53617.7
69393.8
28784.4
41519.3
36490.4
52745
46806.8
66314.5
47896.2
40868.7
66395.4
58165.6
70431.2
43387.5
56508.2
59447
36600.6
38876.2
59469.8
47159
51150.8
48584.6
55206.4
39760.7
49844.3
45857.4
87790.6
55741.5
50565.1
35253.4
62019.4
58152.7
51322.2
62085
44755.3
32648.9
42368.8
46436.6
48183.9
73544.9
50197
54197.8
36693
54117
53079
37261.2
73163
61921
84077.8
34262.1
53908.4
74381.4
54207
53084
45683.1
36570.7
45761.4
63200.6
49515
31029.4
38980.1
46994.1
36471.7
42546.3
48121.2
72984.6
39741.8
34372.7
28893.2
31564.5
47031
72970.5
28524.4
50545
43208
23654.9
41532.2
48097.9
83071.3
58711.4
65362.2
31879
55928.5
29140.4
30189.6
53255.1
37921.4
42886.2
30069.7
53600.8
41955.8
23192.8
39435.7
37235.3
34857
43372.4
45741.4
42387.6
29814.7
65977.8
42962.7
28312.6
35386.7
42137.8
41069.4
44131.5
20015.3
26316.3
51763.4
68089.1
56209.3
28419.7
26124.2
33190.4
52512.8
50588.3
62570.5
39066
52352.8
33927.5
58322.6
41805.3
35201
70240.6
16181.3
65142.9
29915.9
50010.2
25475.3
34948.5
31043.1
35015
43591.2
48855.7
28341.8
48317.4
29070.6
63527.1
45386
43287.8
22226.4
75281.4
52726.2
51374.7
27513.8
46903.7
43810.2
38976.6
46097
50325.4
41509
62718.9
30428.4
59849.5
47847
53028.8
32940.6
65486.5
36243.3
45157
45477
58528.8
34833.4
48178.6
49588.6
64639.2
57253
66057.2
43258.9
79438.5
46880.6
29197.8
43982.1
50129.9
44590.5
54461
49601
31196.7
32104.2
37046.7
67228.8
47971.5
27803.6
57846
52230.4
80960.1
38218.6
34000.2
38408.3
41564.6
102968
47139.8
51146.3
48177.1
30407
32861
59167
28464
73684
45121.3
46084.8
48021
38810.6
36982.4
65949.4
35969.3
39466.8
39955.4
66071
72935
53346.6
33316.1
57108.3
59032.1
45700.2
71375.8
50931.8
45034
61101.9
51435.5
38121.8
64441.2
56151.8
19393.8
49549.6
43893.7
39329.6
34504.6
37257
27276.2
55571
22538.6
44678.6
48350.8
32255.3
72307.2
46461.8
59847.7
35769.4
56272.7
24924.1
39565.9
48494.2
51642.5
52783.9
51536.9
37808.2
38598.6
34242.9
35825
29900.1
35095.5
40668.6
45490.3
52380.9
50072.9
45427.2
32689.3
43766.2
63563.8
52664.8
35497.7
43260.6
32528.7
50937.3
54288.2
44268.6
64351.7
38713.9
46648
35264.2
50451.3
53686.9
44326.6
66086.2
70239.4
51190.7
51750.8
18297.8
36819.9
51238.2
54898.3
42562.7
59816.7
42045.4
31174.6
28918.7
50718.4
29385.6
37772.4
32331.9
80072.2
59119.8
56225.4
53680.7
40793.2
46404.2
61493
38221
48736.7
47162.2
25540.1
32104
54060.2
28822.5
33941.8
37996.1
22958
34650
45919
29193.2
64262.6
40029.1
60406.2
46749.3
85279
29113.1
39524.8
60025.9
32313.1
55982.8
34525
64941
42261
54009.8
29732.2
37720.1
37404.3
36683.7
53127.8
47136.6
64563.7
31731.7
57645.1
40816
63363.8
45279.4
46378.2
34412.5
47600.3
37786.7
62513.8
65850.1
44827
51055.4
56622.4
70350
33575.9
52449.8
50213.9
78097.1
30234.9
56591
41404.9
47611.8
70567
54244.4
21378
69159
30427
42521.3
55785.1
46748.8
47581.8
44886.5
72961.8
66979
33029.2
45425.4
42105.8
47607.3
42787.6
45073.4
86142.1
49932.8
68771
64962.7
56294.3
36791
46614
60080.7
43560
57079.1
44732
44443.7
47086.1
26148.4
44156.6
44500
52492.2
51103.7
30301
39632.7
70885.2
35301.3
31475.5
49367.2
56935.8
46889.4
47862.3
42440.9
50175.4
45975.8
54269
39567
45394.5
46940.6
67984
46129.8
36179.5
49391.5
60822.6
51835.4
65983.8
36787
34409.4
67490.4
53649
36475.5
33135.2
30745.4
64167.8
62396.8
89030
66006.8
35587.3
31086.3
40511.8
50167.7
48434.5
54895.7
59123.5
33329
50619.8
58927.8
73230.4
55707.3
46621.4
34735.4
69551
59455.5
35909
57430.6
26621.7
46671.5
28750.2
51269.8
58448.6
70425.9
44741.6
40272.1
52689.8
40737
49627.6
52837.8
38447.3
44679.4
28031.8
31872
56346.9
84838.5
32290.7
58902.6
57014.6
58562.3
53493.1
46577.1
74237.4
80153.2
35378.2
37841.3
63176.8
47844.8
48762.5
64884
65470.6
38181
67115.8
27805.3
37208
70006.8
39482.6
74952.9
45972.6
33712.2
44263.4
42822.3
43076
61575.2
41028.7
33786.2
53216.7
51923.4
52108
33312.3
66347.4
27100.5
53746.6
47501
56113.2
48087.2
84559.9
50556.2
27617.9
41112.1
42966.2
52199.7
40365.9
37345
65271.8
44368.2
64075
33005.1
27718.4
51496.1
61447.7
47124.6
54107.2
48864.2
52119.5
31012
48700.7
39529.3
49061.4
49648.4
31471.2
48408.2
52640.6
31507.9
45993.8
25925.6
70248.3
34911.8
64151.6
45368.1
39429.8
29405.4
35704.6
43444.3
44889.2
48809.8
32271
61518.9
33135.8
39261.7
39970
83333.9
34738.9
19512.2
56711
45051.7
64574.2
29030.2
39252.6
55617.3
42801
31731.1
53108.5
71717.7
64777.8
49232.3
32123.5
57459.4
49673.2
25846.6
21855.8
44580
35890.5
62757.2
47773.4
56144.8
47066.8
73395.7
40626
49571
60115.8
54282.6
58015.2
42453
37365.5
65250.6
41039.6
37330.2
28408
34791.5
42072.6
51237.2
45575.9
49177.5
50112.2
59334
53829.8
30695.1
32713
21497.3
49087.2
67024.2
29459.7
38635.4
30231.8
62037.6
51144.2
39442.9
61077.1
59552.7
52936.2
32744
45583
42193.8
51105
18971.7
50996.2
25699.7
29771.2
53657.3
45925.3
36602.7
65652.7
29727.9
43708.7
40650.7
39630.2
42752.5
34423.1
49739
52068.6
61673.4
34792.1
43485.9
47565.2
53390.3
47909
26732.2
18828.2
59388.8
31819.9
39122.3
37956.6
27828.2
37337.2
56710.4
47393
42339.9
62543.4
43684.1
35025
47065.9
70027.4
70682.6
34507.9
61109.4
31751.8
29732.2
32781
36961.4
33160.7
50108.3
48799.4
53745.8
34518.6
46620.7
73765.3
35860.1
51706.6
33005.1
55448.6
19052.6
49881.8
78640.9
56563.8
34778.6
52949.6
28641.4
55274.3
57212.8
40073.7
89013.7
43478.8
60429.6
52623.2
29933.5
37573.9
57531.8
28237.1
38458.6
49031.5
83019
52817.7
37635
56269.2
55586.7
37098.3
68782.2
65182.1
57196.6
51021.8
68040.3
40652.4
34060.6
76294
43463.8
50314.6
40261.7
46959
52100.5
42730.6
39239.8
39603
38191.8
41935.4
30197.5
43526.7
49856.3
48654.4
58708.1
48600.1
63577.6
57580.1
54553.5
51022.2
48826.1
43515.1
31485.7
17890.8
36347
61617.8
58947.9
36098.6
22229.8
39255.6
51122.2
51991.4
54569.4
29313.8
54206.9
26422
76086.9
81835.4
36278.1
46323.2
36635.5
55172.6
33703.6
58088.7
56093
43343.4
67577.8
32357
42531.4
32697.4
62740.2
59508.1
39481.4
58743.4
46859.7
35732.6
56912.4
60529.8
41647.5
69591
58691.6
44001.1
55001
53850.4
71686.8
55464.3
65537.8
59682
39916.2
24432.2
44898.2
42326
38018.9
37187
37348.6
71744.7
53733
26007.8
50547.7
22653.8
18031.4
39623.9
42438.3
59252.2
61136.6
46086.5
42557.3
30962.6
43670.7
43532.2
36907.7
75040.8
49779.6
34025.9
30460.6
22941.1
48044.2
76474.8
48627.4
35985.6
46336.7
36311.1
54493.8
38308.2
65655.4
29280.5
57795
46774.6
35497
42617.2
32641.5
47132.8
48811.3
29771.2
74055.2
47554.1
40283.6
41938.1
41723
68282
52501.1
35788.5
43005.6
61173.4
69843.1
52244.4
42484.4
39723.9
44415.4
29499.8
39676.2
46783.7
49457
30497.8
52189
72856
61648.8
41342.8
46324.4
46014.5
45567.1
69501.4
51172.2
60282.7
56291.4
71724.6
33867.5
59425.7
48761.9
50038.5
62626.2
57632.5
41354.6
43529.4
46695.3
60966.2
35492.3
55059.1
65749
39168.5
62220.8
49621.9
50107.4
63267
63160.7
42358.9
37595.6
39943.9
37352.8
41549
43561.8
40550
55027.8
67420.3
47096.6
32023.2
66263.8
52656.1
35534.1
25427.8
64708.1
55217.1
34532.1
33239.2
37817.9
56690.2
41735.2
34739.8
51421.3
59089.6
43554.3
51574.5
39808.5
24967.6
56283
34007.4
47004.6
72840.4
50941.9
32507.9
33503.4
62886.2
62249
31786.3
45812.2
51306.3
46558.5
47454.9
31544
40798.6
39847.6
35963.9
55918.8
53906.3
33575.4
71158.3
38840.1
54004.2
41533.1
20512.9
73129
33461.9
30482.6
26506.8
38959.6
35205.7
40792.5
40469.8
43247
39292.4
51951.1
30661.5
38800.4
50541.3
81374.1
36252.6
53229.4
80295.8
48278.6
47208.6
69753.3
34479.5
60825
70808.8
37953.5
56085.4
44081
30454.2
35188.8
53289
73120.4
45654.7
39011.9
46711.9
53802.9
60711.5
59771.6
48859.4
46734.7
72134.4
52144.8
41215.4
72751
66734.8
71510.6
49876.2
84917.4
50262
26787.1
42487.4
49560.1
47468.8
34592.4
37586.8
40051.8
50589.7
66673.7
58234.7
50229.8
31511
38520.7
54101.2
47256.2
46507.4
55804.9
39922.1
41059.2
63793.3
37747.8
55243.7
71395.6
69461.5
56996.8
33597.2
56094.5
45514
46870.6
73403.6
55290.9
22844.3
63757.3
56045.5
64504.4
44118.2
49609.7
78556.9
35212.2
37913
65983.4
68698.2
42539
44743
51860.6
75455.1
42923.4
48186.7
31830.6
37765
44130.7
72352.9
41868
59485.4
64762.2
99601.6
43582.2
28720.8
43496.2
66321.2
41502.4
67999.4
71978.4
51989.6
32642.2
51530.3
38345.5
49009.2
51736.2
59979.8
56796.3
37978.6
63242.8
53436.6
56179.7
57344
43364.4
35961
43953.2
34985.2
52124.3
38519.4
48438
33153.8
47778.2
75861.4
30858.2
36024.9
40684.9
50865.7
33536.2
39617.8
43803.8
53142.8
71005.7
84042.2
51538.3
48291.1
60770
49223.3
81842.6
72636.9
43395.7
57214.9
44075.4
45114.2
68002.6
48296.9
67532.6
51524.8
74925.2
87866.7
32277.9
65936.5
50193.8
82489.1
31720.6
32410.4
48227
69761.4
71616.9
79027
66640.6
29177.4
58275
53734.8
55717.4
50514.4
42798.4
54605.8
45874.7
54972.1
59957.7
62391.9
75731
55926.5
42802.9
41293.4
53888.6
47463.8
63467.1
49518.6
82666.1
39290.6
50817.5
44471.3
39079.1
53480.8
57332.6
31231.4
33766.3
34388.7
44065.9
46173.2
51431.2
41209.7
68757.2
64770
63080.1
50809.7
43988.7
75771.3
50645.1
75323.4
57781.3
44506
67515.3
56346.5
52713.5
32102.3
44135.8
29165.8
68031.8
45185.4
51801
46257
52328.1
48471.4
42505
39741.8
50286.2
41768
27896.9
41107.8
79118.7
75547.5
48479.8
60455.1
30789.5
29933.9
40676.6
32067.4
27985
49513.8
67613
55563.6
40407.1
37036.2
77387
58320
66386.2
35067
31348.2
43696.4
47742.3
34489.4
40322.9
55326
32126.8
42549.4
26677.8
67264.6
61715.9
56606.6
45861.8
33366.4
50515
70825.2
44652.1
45061.4
39414.7
33566.9
40103.1
34651
62187.9
53053.7
53443.4
54332.9
28056
40001.6
62217.8
104639
43832.1
43030.3
40299
35100.3
59768.7
53922.6
40083.3
48908.3
77604.7
37611.6
45113.1
52810.9
68812.9
35878.6
24566.2
31541.4
27016.3
47822.8
27126.5
46465.5
27729.8
38231.1
79913.9
71377.8
42897
21630.6
67699.3
20326
57893.3
40002.7
23868.1
45430.8
29684.7
45020.2
62575.8
41124.8
43507.8
76710.5
54930.2
54441.9
30914
50847.3
28026.2
49738.1
34013
56405.7
32583.4
44450.2
56367.8
38202.1
68605.5
48270.3
42771.6
74200.8
22404.1
33126.6
49195.8
54671.2
68216.6
58444.2
54737.9
31925.1
46260.5
24621.1
31409.4
57501.8
55867.4
57565.4
53080.4
44325.8
45158
53743.3
37508.2
46725.4
47012.8
39939.9
43755.5
38229
53195.4
51236
53014.7
43349.4
59619.8
59206.2
60573.4
47149
44381.8
86141.9
48825.6
32231
50421
56854.6
52798.4
81113.4
48800.7
40657.4
69823.4
62469.2
39628.2
75889.1
37451.5
34271.4
46344.5
46751.8
46379.8
38964
75978.3
45093.8
51487.8
66717.8
40575.9
63407.8
39131.3
36342.2
76366.5
36029.2
30279.3
53329
39297.8
47522.3
59704
47620
46727.5
56235.1
38108
58912.9
36221
55789.8
30860
67469.4
40423
39967.7
45205.4
48288.7
61636.6
53135.9
65338.3
70491.4
37271
27580.7
34895.5
55139.1
37388.3
43943.9
36115
42814.6
41015.8
26623.4
37316.4
91090.6
45319
50640.2
71192.7
56245.2
53118.2
63121
28097
53827.5
36328
33090.8
43259.8
42646.5
46882.5
37794.2
43909.9
37349.1
44411.3
38111
43630.2
39694.7
53638.6
54808.4
34513
41083.2
45692.3
64167.5
43947.8
33421
36969
37028.8
48612
59309.6
41174.9
29857.3
56524.7
37458.8
56119.4
32409.6
60741.5
34628.9
39225.9
77511.3
50526.4
55503.7
41840.6
43231.2
45500.6
37161
34233.2
28579.6
66737.4
52176.5
47589
29876.6
51368.6
72767.8
43161
53313
43691
65176.6
46855.9
47298.2
40892.6
51028.6
71044.3
61961.4
51869.9
54041.7
48889.5
36703.2
31258.3
43142.8
49912.5
37463.2
36651.4
32717.4
41645.3
45523.5
28402.7
46834.6
28694.9
32634.2
36993.1
63169.5
22654.6
34798.6
34371.3
33142.6
27245.5
48356.2
28807.9
34058
35478.2
62950.2
62263.3
42688.2
42820.2
27631.9
55316.8
68246.6
34591.9
59138.7
49136.8
21432
27388.7
23382.6
48950.6
55115.8
75645
39068.7
51966.1
45101.9
39706.2
54051.3
60324.2
57989
42077.6
72831.7
45511.5
43289.9
47699.4
43801
74226.4
44509.4
38698.4
49657.5
82438.5
48608.5
40724.2
28085
51070.4
43905.4
59195.1
47721
42749.8
79252.5
44753.5
39460.2
61849.8
40277.8
57761
51920.4
52274.6
40229.7
51970.2
51261.6
60963.8
42542.1
70673.1
39341.2
46529.3
49010.4
51658
48793.3
56999
50359.5
53736.8
29309
44891
51200.2
77128.2
57078.6
36911.3
37602.3
61638.4
61431.5
65639.1
61518.3
53116.4
68190
49704.7
39263.1
35933.5
51695.4
44420.1
88823.4
69082.6
59632.3
34881.6
53233.8
29319.9
62760.6
76569.7
48282.5
38936.6
68018.2
39285
44881
32496.8
55200.7
48172.6
33542.8
26995.9
52807.1
42155
51800.2
63648.6
50703
40950.3
73577.5
48970.3
44467.5
59073.5
61540.9
74703.8
39807.6
70025.2
60246.6
38990.3
51348.2
42169.1
60827.7
76336.8
51240.8
70766.6
53160.2
74580.1
47593.8
58756.9
60598.3
52599
34724.2
70139.1
50839.3
42383.4
86411.6
60820.2
69639.8
72904.1
45067.4
75643.1
66922.6
56204.2
67063.5
53569
60887.5
43607.7
42862.2
82867.4
47211
40951.1
42108.4
39303.8
47367.8
38165.5
48576.7
94252.8
56185.8
36440.4
74510
53343
48986
49605
62725.7
58511.3
59423
49286.6
40084.8
58702.6
41625.4
95363.8
57772.6
45271.2
32230.7
42421.8
78847.3
75779.4
67937.5
30280.2
41388.3
43047
68760.6
59481.8
51801.7
40466.9
53013.3
44965
65076.2
86100.2
33616.2
28753.4
44683.3
31167.2
73272.2
63607
49252.4
64129.3
47952.5
66388.1
41768.8
50136.6
44463.8
45236.6
60107
30782.3
43327.8
45421.4
65712.2
34294.3
37647
43934.2
49153.6
44811.2
38013.2
51291.6
36027.2
48877.1
42413
46820.2
55475.5
41421.1
33167.9
60247
45243.1
54983.8
57923.3
36546.5
40960.1
47014.2
53715.4
43748.3
52221.5
51063.5
39426.4
43548.9
27660.6
38658.2
41592.5
57346.6
28637.4
52317.8
59702.8
60895.9
33207.6
37612.9
65157.7
63075.8
63025.4
34944.1
39099.7
24192.6
52303.5
45843.1
49512.2
30188.3
35860.6
38663
37705.8
29487.8
33170.7
60116.8
42870
44035.4
48460.6
42760
34053.8
44230.3
41713
53893.7
35928
68068.6
56714.6
50577.5
44213.4
63571.8
51103.4
49596.7
39445.5
46868.7
43093.3
67444.2
37914.7
52366.7
34415
46885
37478.8
49212.2
39346.8
31021.4
55758.2
47309.4
43273.3
50330.7
32174.2
36007
48979.3
35048.2
69547
33196.4
55433
51394.3
41481.2
32946.4
50091.7
51140.2
46851.1
51242.8
43921.4
55975.8
64524.1
55836.6
57129.1
50537.3
45563.9
59861.7
38260.9
50234.1
48589.5
35997
71518.6
35923.7
61203.4
50826.8
57122
40069.2
44482.7
47375
58033.7
31295.4
72819.4
35755
67102.6
60801
56467
41342.7
48745.8
58330.2
41645.9
36057.2
52752.7
47420.7
58196.2
38247.9
54394
48492.6
27899
56619.5
50667.6
25539
46206.5
63281.4
39679.2
56728.2
33607.1
42146.9
88694
44258.8
36018.1
38090.2
53558
38263.5
53699
72443.4
49642.4
73159.9
56107.6
41836.5
35413.7
61957.2
42807.1
61784.5
65865.9
32465.8
25920.4
41944.2
45494.6
89565.8
39023
43683.5
31859
37227.5
74344.6
32500.3
57152.5
60910.8
63963.8
28633.5
39393.1
32296.4
44185.7
63960.5
67941.8
56513.4
59640
36924.2
28662.6
60078.1
74764.9
42078
32101.4
56561.7
54862
52621.8
42795.7
69724.2
27123.8
30893
40071.4
45888
46403.3
57349.8
37563.6
46961.8
58298
43282.2
46118.3
53253.5
73018.3
69902.2
60856.4
51462.6
43986.2
42371.1
65831.6
79517.1
56209
55798.7
62367.7
37755.4
63731.4
40537.9
42704.6
44503.1
44775.4
47078.5
44464.3
52042.8
75826.3
51166
35277.9
60255.3
50227.4
43143.2
42586.5
54537.4
42111.6
60932.9
76803
51215
35126.5
63219.8
34825.4
52525.9
51387.4
55572.2
46123.6
63954.2
35207.4
48507.9
29714.1
44253.7
70709.2
40045.8
53613.4
29659.8
50381.6
64917.5
25031.3
47006.2
22833.5
24967.1
50293.8
41616.9
35281.8
48803.2
39509.5
27534.9
34474.1
50163
47672
44900.4
71220.1
69164
64049.5
40080.9
45904.6
44222.6
40047.4
78294.7
47383.1
29346.1
49041.7
41509.1
49719.8
36872.1
48002.6
34761.4
50612.7
29895.7
59555.3
51925.5
36681.8
31065.9
52998.2
55347.8
43642
79679.5
40151.7
25033.6
47452.2
60570
63542.7
42107.4
50620.5
28082.9
41330.3
47403.5
43029.6
57589
82090.2
59470.7
40496
49555
66914.5
55147.4
44375.1
33994.8
26978
32247
57757
60095.2
60926.7
38185.9
63477.3
58862.9
54309.9
40287.7
64426.8
26881.1
21624.3
31949.3
54789
46129.1
38473.1
53975
71334.1
48668.4
78833
34093.1
37948.1
42196.5
60497.6
63249.8
55665
34481.8
55075.3
43723.8
63328.3
30939
66732.1
47650.3
29156
39244
24476.2
52336.2
57735.1
45967.6
39651.4
56598.7
21320.9
39706
44982.1
43695.4
38237
46481.3
60914.1
40213.5
31549.8
41674.3
53480.1
44260.7
42397.8
50600.2
45845.7
47055
52724.9
69502
63755.8
52923.6
55889.4
63983.7
36889.8
66922
36759.5
33541.2
37501.6
27179
47510.6
67490.4
43446.8
64593.7
34219.1
44457.9
53248.3
73016.8
47419.6
41285.1
51188.2
46906.4
51947.4
91718.3
70572.2
61678
46101.7
19174.2
41661.8
43171.3
68003.7
70173.5
57385.3
62673.5
60664.9
29323.8
44908.6
56341.1
55470.7
27938.9
40614.2
54013.3
50700.9
56996.1
61515.7
63036.9
50114.2
42040.6
68022.6
37963
39911.5
67114.2
31230.4
54791
46357.4
47300.5
30042.5
48313.4
48799.9
66387.8
56028.7
42930.6
35880.6
43590.7
43685.7
68902.6
48764
45666.9
67419.1
30243.8
28805.9
38322.6
63320.4
63136.1
26125
32064
31632.2
41812.3
59258.3
36563.1
29647.2
35816.9
58747.2
50824.9
40589.6
35281.2
31102.6
22764.1
64861.8
36661.4
34546.2
54717
56353.3
22101.2
51875.7
70439.7
51275
55185.2
33034.5
43166.7
51127.5
43222.2
33894.3
49866.2
52659
22258.9
24248.4
55181
77000.4
47325.8
36443.1
57668.6
51969.9
56828
45066.8
43856.2
35832.3
46106.5
50946.7
46384.1
47977.1
44235.2
66223.2
45723.8
54161.8
29441
39387.3
43627.8
53455.1
47122.7
51812
50220.3
61933.1
29032.9
40152.1
65654.1
56024.2
74754.4
36644.8
26258.6
43122.2
74942.8
51738.4
50339.4
32038
34652.5
41030.5
28382
31771.9
60700.2
36255.1
50074.2
58872.6
26810.6
38626.4
29505.9
45198.2
48901.7
36482.3
42104.2
23031
54325.8
53742.1
67576.9
50516.7
25303.3
18743.6
29584
45724.3
46217.8
22999.9
45238.9
71316.1
26222.5
47910.4
46064.2
63741
54423.3
32514.6
42679.8
68062.6
42698.2
39351
28489.6
42970.3
60199.8
57127
57557.7
46259.4
41188.1
64287.9
24089.3
37219.7
64019.4
41980.3
27904.6
45754.1
25096.4
44429
28290.7
77052.2
45035.2
37297.2
44836.8
64461.2
69601.3
39899.7
43069.7
44098.2
49602.7
46149.2
44691.4
48914.4
71535.4
51851.6
35290.6
41643
51552.8
50448.5
44935
33921.2
42714.6
60184.2
56732.3
36130.5
50114.7
58531.8
52082.9
42190.2
42258.1
31474
31467.9
57522.6
25258.3
49994.8
65312.3
57980.6
40309.4
55084.4
52343.5
34887.8
43563
54208.7
65042.2
48739
46822.3
43041.4
47683.5
54857.6
43843.9
54605.3
49291.6
35860.5
41146.4
29908.3
28591.9
65343.3
56600.2
49329.3
30478.6
66972.4
35692.7
54576.2
46474.6
31141
37200.8
65132.1
53449
29023.7
36627.7
36527
65226.9
30315.4
63914.5
20992.9
51587.9
86262.2
63515.2
36181
37467.9
32257.7
40981.1
32209.2
51667.5
55505
60936.4
59077.3
28454.3
34908.8
57898.1
38897.8
41315.8
61687.7
36569.4
54276.4
59071.6
37594.8
81585.2
36469.8
31248.7
44623.3
58421.4
26558.6
68728.4
31603.6
68238.9
48054.4
38487.9
32579.8
58033.5
37462.4
61586.9
45377.3
33769.5
75506.3
44718.2
44713.6
58970.4
36542.7
54016.3
53225.4
67610.4
65032
51290.1
76237.4
34957.5
59600.9
41659.6
40448.6
56697.9
74026.7
60598.1
36599.7
52444.5
46299.1
64082.4
51849
43936.3
42053
79712.1
62423.2
44947.6
55911
49893.8
39432.1
30729.8
51284.7
61155.2
53155.7
35842.7
51443.3
23006.2
52995.1
54122.5
53652
37888.2
42090.3
45081.3
46971.1
56224.3
48410.3
37026.4
46124.2
33251.3
53714.3
37381.5
67387
51372.1
38283.8
44589.8
28332
36645.8
39008.3
23690.7
34566.1
33642.1
55065.5
37345.7
63702.8
35071.3
42886.4
26747.1
37327.3
51902.8
31897.8
52225.4
43118.2
43102.6
33280
33081.8
60492.9
52301
72103.4
58764.3
32703
48734.6
85631.2
53025.2
33003.8
40611.7
36004.3
60768.2
34496.2
70616.8
44593.4
40048.3
37629.6
53725
48373.4
49609.8
41538.7
47338.2
51459
32015
27730.6
27788.2
53393.2
59598.9
38199.1
37095.8
43176.6
58483.6
66855.4
24041.3
40207
48484.6
28684.6
35603.1
34055
70304.6
48692.9
52564.6
26994
53685.2
67017.7
65601.1
37187.2
49011.9
42490.7
44815.8
41981.6
57636.9
51745.7
44350
39698.5
49369.1
38293.5
71544.2
38214.8
71506.2
34143.4
55442.5
57090.5
67897.2
51440.5
48978.2
70597.5
61633.9
51298.4
52246.7
31314.6
49348.4
65189.4
28055.5
39499.4
32307
38759.8
36783.3
39562.4
43664.2
53665.9
70608.7
34600.2
78070.5
44232.5
46187.4
45182.6
44954.2
31704.1
65427.7
44542.6
32505.8
31578.7
49412.6
35880.4
62137.8
54566.2
48474.5
73784.4
51222.6
26753.3
54935.7
57429.9
40004.2
80250.3
56970.8
66433.9
42433.6
59954.9
63613.4
60423.8
64061
29383.3
60961.8
41961.9
32823
44244.7
61027.3
48896.8
62143.8
67645.5
41467.8
32993.2
60753.3
45113.8
50461.6
54910.1
57145
82280.2
58013.9
52247
55451.6
56177.8
58894.3
41646.7
82835.1
33936.9
99576.5
30464.5
44136.4
73371.9
33437
31714.1
86782.2
43733.2
38173.8
27623.1
45800
38996.5
47999
56505.5
71636
47330.1
45171.4
54894.2
87471.2
41178.8
46193
62213
63080.8
38965.9
39210.1
26599.4
40215.4
67263.4
26416.6
32161.4
66679.2
44042.2
54044.6
22612.8
33759.3
45112.5
43286
50036.1
40610.2
49244.6
19736.2
43163.4
27053.9
59585.3
61562.1
43615.4
38954.5
47400.2
30434.6
35514.9
54968
36532.8
39325.4
30601.4
46954.1
31478.4
49870
64270
26888
38500.8
44996
28567.4
57988.2
48239.8
46230.5
49322.9
45635.4
29813.5
45944.5
30787.7
36209.4
29600.1
21228.2
37492.2
23052.1
37231.8
36974.5
22095.8
25989.8
26750.9
74721.2
23236.7
36619.5
49749.2
35093
38972.1
49136
48378.3
59165.2
55068.6
43983.9
38106.6
45641.7
36369.5
58109.6
51888
68739.4
62465
38457.8
43782.7
35843
37563
68867.9
57730.2
42091.6
28045.1
42504.2
39442.7
51348.5
47518.4
49836.5
45765.5
31879.8
21293.8
29376.5
77618.5
76636.2
59511.7
43996.7
35129.5
31895.3
49394.4
50693.8
31794.5
67950.4
60944.4
45843
43168.6
30078.6
48610.7
67271.1
45399.4
23957.9
45518.2
47089
37182.5
53721.8
74586.7
35652.3
28295.1
32133.3
53043
33507.2
39392.2
36455.3
64739.3
28123
41861.9
40716.1
54256.2
31472.5
43641
24887.8
43581.3
55403.4
56040.3
46613
38679.4
34612.1
58326.1
38230.9
50049.4
83624.1
56866.6
48701.4
35779.1
49833
48530.3
46225.7
74569.1
48192.6
31154.3
59929.4
39076.6
49479.7
24355.6
43836.8
46721.4
35467.5
49351.3
53554.9
68774.2
56790.8
35328.6
87495.4
46684.6
95510.1
64744.2
40549.5
37431.8
42798.5
50863.5
55574.6
66236.8
41025.5
35874.8
48167.2
64683
54420.9
32180.2
102401
39762.5
50387
41524.2
53630.9
38193
48349
71294.2
48770.6
57728.5
52317.1
38312.4
63220.4
64246.3
39503.5
29959.2
61043.2
67859.2
33132
24895
40107
40170.6
59162.2
51856.6
43965.5
36781.1
51837.3
54245.5
63848
55825
58315.7
40956.1
38673.3
44895.4
70120.1
56232.9
46466.3
52266.7
31220.6
39952.9
60432.6
53692.6
48575.9
45077.9
64095.8
42005.1
27687.8
42465.1
57304.2
41226.5
75125.1
57296.7
25961
47227.4
46099
59015.8
39872.4
34664
49240.5
54726.1
49495.8
23583.7
43021
40257.8
42491.6
44732.7
92526.8
26936.3
40886.5
35987.2
33328.6
41536.2
46281.5
78258.6
47887
49201.6
22694.5
55949.1
21146.6
53713.9
63979
48220.7
53436.5
53662
57036.6
45127.5
34058.2
31942.3
44298.7
66149.2
59450.7
35675.5
52048.8
41276.4
42093
54183
72430.2
53532.1
50148.4
49354.2
47562.6
84164.8
44326.7
50182.6
40635.7
50753.2
53565.5
30899.1
57837.4
67665.5
58591.5
46424.4
32289.8
41701.8
59801.8
46562
59500.7
72519.5
60863.2
45955.1
47493.7
35996.2
41222.4
46690.6
79134.6
74888.9
53371.3
62247.8
38667.8
52219.1
60048.6
43119.3
60646.2
71550.3
42460.2
49750.3
49790.1
42757.7
50762.8
60204.9
39269.4
40241.6
45085.4
58899.5
37074.9
44675.2
48431.5
70734.3
54450.6
30040.8
39228.5
44505.4
40235.8
66102
60918.6
48357.3
42195.5
45659.4
35343.7
67981.3
78247.4
59289
59360.3
27072.9
49191.9
69791.5
70192.6
53653.2
62586.2
41905.6
45009
52319.8
49470.2
57518.6
53231.7
47379.8
74229.1
27221.6
34859.7
21954
73228.9
41243
64162.5
46082.4
58739.4
43907.6
50747.3
43116
52039.7
40881.4
30508.2
60154.5
65476.5
53719.8
57985.8
60277.6
69526.4
52058
45926.2
35008.6
36458.2
56642.3
53706.2
53299.7
32665.6
54663
36699
57611.4
44304.9
50757.4
52035.3
45859
40488.8
41916.2
31498.1
37767.1
48127
66239.3
55130.8
50290.7
33528.6
47168.7
49354.2
19547.5
27275.5
32440.3
54407.7
56826
36685.4
23593.9
57556.9
62219.8
39325.4
49059.1
42830.2
30690.4
23554.6
77766.4
33424.9
28577.8
38725.4
33141.8
33698.2
43604.7
70961.4
52638
53496.4
34950.2
34758
23187
43499.1
64932.7
65438
29493.1
49460.8
35608
52149.7
53873.4
58853.8
70566.6
55000.7
32366.9
30213.6
39872.6
55467
23706.4
31916.6
34747.3
47728.9
34599.1
55673.1
29337.4
39629.8
36508.8
45489.4
60620.6
31019.2
55122.6
36163.2
58848.3
33905.5
47285.6
47555.8
43260.4
34898.5
65569.8
46376.8
33213.2
29932.2
33757.8
58891.5
40604
39807.8
47992.4
48928.9
57880.7
31083.4
36346.7
48718.2
31829
41371.8
44887.5
54627.9
52861.5
51841.9
22177.3
45361.7
34924.4
34720.5
32577.1
39570.6
44870.3
45748.2
22676.2
41018.9
28813
24080
29122.5
31129.4
29489.4
50425.4
44020.3
37645.2
26528.2
30625.2
24991.9
33672.4
34406.5
33552.2
36539
40235.4
38050
36057.3
59665.7
52688.2
49418.1
17253.2
44537.6
32807.3
56268.6
37822.2
40298.5
53375.3
42415.8
28227
30376.7
44442.4
47138.6
65778.9
68472.6
47732.9
49351
51623.8
60935.8
36972.7
43238.2
49134
46173
47750.6
49248.8
53727.2
53433.9
48059.1
34302.2
36533.3
27146.8
41545.5
34321.2
48146.1
40047.9
93825.4
38188.6
46023
40089.2
29446.1
29763
26597
57120.3
44251
37982.9
64602.7
50177.1
56135.7
35471.8
56417
64970.4
64123.3
36353.5
50885.1
47272.9
39056.9
57005.4
33880.3
45982.6
32337.7
33363.4
53101.8
54741.4
31495.4
55125
33389.6
42523.8
41096.2
66452.7
47075
50241.8
58784.6
58807.3
46316.8
51069.9
34929.9
40005.6
51200.2
18092.6
23767.4
31604.6
58769.8
70688.9
54926
29211.2
71074.4
35197.2
41634.8
38247.4
50299
37022.2
43924.3
25953.1
40409.8
60004.6
51280
39507.4
58467
30078.2
43889.4
69179.6
54978.8
33826.5
33496.7
49986.3
35918.6
62348.5
52122.1
49357.4
42968.6
73532.9
59221.2
62710.4
51749.2
33525.1
50305.4
41951.8
46891.5
33397.4
39268.2
62933.8
69298.8
83110.3
58066.2
56721.8
43523.2
84988.3
63976.6
52399.5
41372.5
67317.6
45689.1
51999.8
52927.8
58142
75537.7
58990.5
40071
52087
41664.4
73463.2
75853.1
70010.7
43371.3
54641
68631.5
52841
72739.5
93355.4
54877.2
59727.8
43684.8
46542.6
30621.5
47470.2
40233.8
51504.1
53071.5
69982.6
50894.6
63789.1
37270.6
83411.7
51356.7
46409.1
55427
62384.6
75670.2
62688.6
55667.3
47393.4
30794.7
70454.2
58683.7
75128.2
76873.1
61494.2
40776.7
77366.4
68452.1
49918.1
51033.4
56133.9
64487.3
67011.4
56674.2
40418.3
54012.2
36040.7
46423.4
66961.1
44015.2
58426.4
70040.7
48688.2
35433.4
31553.4
25569
45359.9
41378.1
83308.5
38651.8
56051.9
85294.6
37936.8
41608.8
66110.6
62748.9
59899.7
49584.4
46849.8
78933.6
50093.4
73283.9
38940.4
39992.6
37901.6
48187.4
39648.8
64415.8
37942.3
63853.2
60060.7
48193.5
38143.6
27047
55121.1
45648.9
39014.5
47946.6
41053
37217.8
57094.6
53986.6
48990.2
58959.8
26687.9
48767.5
74621.4
28867.3
30496.1
38714.5
60555.4
51381.8
34807.4
40104.6
51634.2
46468.2
53650
32552.1
54877.4
66515.4
43154.8
62921
23875
32136.7
29671.8
54900.4
53169.1
28039
49461.9
31097.7
57374.2
54079.6
53106.3
38133.4
53756.1
54750.3
37517.8
45585.4
48739.9
41018.6
60833.8
28664.9
68570.8
50381.5
60016.2
36452.6
68726.3
51143.6
41937.8
30744.1
35211.6
53667.7
62651.5
53726.9
37126.1
50503.9
65130
40753.5
56467.4
58937.2
28101.9
52343.7
34177.1
52024.9
33525.2
40957.6
20083.1
50371.9
38248.6
45508.9
51058.9
32284.5
36156.2
45147.2
52851.4
42369.8
70495.8
61602.3
79677.7
57805.6
54785.5
67525.3
78929.6
43033.7
65173.8
39427.4
50855.9
55479.6
41485.4
43995
43801
51317.2
41817.3
58817.1
43216.7
52496.3
27859.5
51286.2
39397.6
34022.1
51749.9
62563
44550.6
50680
53435.4
39825
61345.2
46266.8
36810.2
50037.1
43886.1
50036.8
50980.3
38041.6
49196.6
56752.8
39870.2
70568
34744.2
57835.3
34970.6
48938
45986.1
31400.6
29768.2
55401
72704.6
43598.4
64939.8
66081.8
64119.5
30076.4
90673.5
40356.4
60591.4
64454.7
60243.2
39846
62633.2
63176.7
41466.5
75071.5
59870.6
50305.7
49496.6
44061.2
45178.5
35966
68998.5
49219.1
61149.4
26780.6
35240.1
49758.9
51749.8
42139.5
31732.5
28886.2
38227.9
46735.2
55088.5
46628.2
44309.2
47819.7
49677.4
46803.4
58722.6
51688.3
55189.8
37867.2
41375.2
40683
56270.7
49920.3
41508.9
29257.5
40436
59755.4
47207.1
40454.6
81644.1
52152.5
60117.2
47853.8
43239
30026.2
76677.1
60154.6
51552.1
46631
52461.4
38964.1
65316.2
68478.3
53125.8
38190.4
43117.8
48392.5
43047.5
74029
48371.4
49773.4
43698.6
70026.1
78731.7
41615.8
45117.8
44034.8
45687.8
38579.1
42965.4
56363.6
63555.3
73529.2
70645.5
46898.4
43220
69566
47266.9
27977.9
50937.8
33513.8
52787.8
50243.2
48327.9
54584.7
30013.4
38160.8
54721.8
61145.2
78104.2
47920.3
31208.9
53314.2
39038.6
42094
30987.7
60249.4
22286
65738.3
43629.7
41128.9
33059.3
35009
44891.8
67542.6
52273.8
55756.4
65869.4
33156.8
48917.8
46663.6
51820.6
50398.6
80381.1
49878.1
29340.6
68412.3
58079.6
49249.6
36686.9
54297.6
58504.8
65141.3
49821.3
72474.5
50605.4
52786.3
20920.2
42088.1
66174.3
25813.9
41308.6
57015.7
43750.2
36359.5
43088.6
35583
43765.8
53589.8
42662.6
46500.2
58182.6
69847.8
62024.1
46611.9
53548.8
57257.9
40019.7
44869
52891.2
56061.4
65615.7
54353.2
49805
49308.2
43182.6
42964.8
21030.6
62424.8
61106
33437.4
45090.2
40568.9
34019.8
51292.4
48772.2
61222
66258.5
42720.1
43396.2
50305.8
55546.7
64506.4
37470
40896.9
41532.7
52805.6
53083.7
89786.2
37397.4
54742.5
49143.5
31549.7
49914.2
65445.4
60142.9
65075
42158.8
62828.6
59466.2
67267.1
44497.5
49181.4
54878.8
72224.5
67325.8
23979.6
50345.1
72918.8
35110.9
47508.6
33951.8
33669.8
62168.8
36279
56517.7
50388.4
35843.5
53405.6
33069.1
46610.5
63751.8
56674.2
38061.8
49618.9
43896.9
38640.1
44329.4
59356.3
58169.5
34336.5
40643.1
26682.4
41808.3
37867.8
57909.2
64420.3
50773.3
40628.3
54385.1
67992.2
34111.3
73511.8
46252.7
77404.1
43146.8
54803.2
47232.5
46845.2
54538.3
43320.4
44476.5
63887.4
41686.8
84152.3
66364.1
31595.6
39402.9
66639.2
38887.8
34626.2
49819
39627.2
52495
57041.2
43746.6
36511
66208
69754.8
40038.7
36119
46616.9
87891.5
40670.1
43417.3
37340.8
30191
64625
29516.6
32147.8
51215.4
58866.4
75026.4
54355.6
63443.8
38721.7
38565.5
39146.5
52436.2
64460.6
73884.3
40267.4
24772.1
49041.4
50876.9
40514.3
83029.8
37597.3
39154.2
55045.9
29798.2
51806.9
62753.5
72089
33493.6
60741.8
46066.7
67879
40811.9
50512.8
38121
52037
24892.2
39490
44132.2
58199.7
38602.6
49401.9
37136.2
46861.5
42054.9
49035.4
36053.8
37629.7
61142.8
56279.4
40332.6
43174.7
39885.9
42338.8
22699.8
24980.1
48651.4
50260.2
38322.1
45631.8
62043.9
46343
51184.5
33355
58964.1
43275.8
35851.3
40047
40261.9
57889.7
29435.8
37253
47038.9
50187
30158.4
61719
69516.4
51584.2
53257.5
35544.3
21340.6
52770.6
40658.5
60880.7
48675.4
48804.2
46230.9
20793.8
40057.7
47864.9
42954.7
72097.5
82867.5
55327.3
56930.3
48567.7
46278.3
42967.9
70954.8
43673.8
39135.8
45794.5
34693.8
65998.1
46972.4
75239.2
48662.4
38024.6
30969.5
32510.3
40767.4
47038.6
32740
37924.2
35466.2
44885.9
55387.9
48265.9
81548.2
55166.1
36371.4
46013.4
56733.7
44718.1
45572.4
57923.2
68358.2
104338
68213.8
63992.8
59814
41441.8
80989.4
59884.6
46205.9
60098.1
54053
34445.5
45334.9
45839.9
57189.8
72951.4
43353.6
43004
52547.4
56351.5
20032.5
58175
32364.7
54075.5
43118.6
46073.6
37010.2
47348.5
51474.7
72333.6
62097.4
31259.8
60861.6
40853.8
32736.6
34667.7
63032.1
65435.2
50574
43791
52952
47026.6
54472.4
30899.2
44271.4
49469.1
51690.2
53520.1
31776.6
27664.7
66719.4
51114.6
44999
62127
56665.5
41887.8
49559.4
84291.4
46330.8
51498.9
53324.5
38554.3
46551.4
36084.8
37504.7
64006.8
37304.6
38299.6
29770.5
36013.8
50976.6
24460.7
39340.2
68408.8
43222.3
25616.4
39394.9
46058
43550.6
33176.7
38651.4
63610.6
37700.8
51987.6
20870.5
48665.6
54709
42743.8
41417.3
47394.3
39494.4
35833.8
31265.2
27183.9
41126.7
28174.1
43189.7
45254.6
30773.5
58037
24637.3
55185.4
34895.1
34246.2
31791.1
50004.8
66908.4
47223.5
25572.7
54515.3
54479.4
46211.4
51530.7
28892.2
33450.3
35398.2
28934.8
28559.3
38097
63278.7
63493
34493.4
45370.5
40076.6
50499.9
45847.6
48304.1
59528.2
24803.3
44433.3
55448.6
45936.9
60995.9
62758.1
36382.2
38452.9
44599.2
72720.5
44535
72748.2
55212.7
48527.7
53406.5
37502.8
70435.4
68462.6
54519.3
48791.3
40804.9
37802.4
46749.2
54352.4
44341
51575
52626.4
68681.5
39505.7
51568.2
66493
55761.4
54732.1
32427.3
33695.4
56679
45582.2
69491.3
80803
46822.8
41925.3
46497.5
34729.8
30384.2
41060.2
53858
30352.5
57767
64630.2
48866.6
34735.8
42510.5
38873.5
35089
56814.3
46999.8
34596.3
53163.2
30890.3
69496.7
64447.8
53145.6
33343.6
42555.6
51955.9
59908.7
37073.8
58064.9
53088.3
33088.6
51306.6
42271.6
42601.3
35968.9
52880.2
52744.4
34044.8
43409.9
29587.2
35592.8
48957.4
55380.5
43225.4
42362
60453.4
40055.1
31684.6
39020
43105.1
41884.4
42241.8
30683.5
59950.5
36101
39835.7
34695.9
40050
57549
57855.7
53845.8
40691.4
33251.3
33417
47447
26483.5
44607.9
54392.3
22799.9
27520.2
28155.7
66796.2
43397.2
63078
54580.6
48983
46686.6
74174.5
54572.5
33956.8
61234
57932.6
30882.3
26317.8
41296
37164.4
59991.2
64831.2
61352.6
33399.5
37765.3
39759.9
42832.8
26116.2
34635.2
43239.6
35083.6
27687.6
70579.9
46378.2
50572.7
44787.1
40897.1
52035.7
73483.7
60045.1
29596.7
33018.8
39317.3
37217.3
40161.8
50314.5
60100
28945.4
34441
29004.8
60547.8
43688.9
63765.9
39377
40769.7
45132.2
61243.7
33346.2
58061.9
47264.6
65479
87780.5
82770.3
44597.3
45991
40506.9
49281.4
52411.9
52949.6
62196.6
37770.2
60260.7
42580.5
70479.8
69945.6
61356.9
48273.4
31864.4
53759.3
54541.8
88763
41473
64050.2
61011.1
25240.1
56675.5
74247
53090.4
76938
50883.4
33667.4
34763.7
39756.2
37115.8
72479.8
48241.5
32174.2
53841.8
37695.7
43384.2
45753.6
40008.9
89362.3
30366.6
65752.6
28890.6
50072.6
23368.3
49642.9
52703.8
46019.5
74258.2
46210.6
43094.8
58099.5
43746.2
46492.5
48415.9
49633
51192.7
54801.5
51124
29317.2
24959.8
38011.8
54182.1
46638.4
44282.8
49239.2
46861.4
39638.2
30269
57589.5
23524.8
28046.6
41028.2
40558.2
38322.7
51144.1
50068.1
39673.3
38667
44512.3
40246.8
55570.8
41646.6
54914.7
44744.7
47891.2
40807
63529.8
38307.8
51149.1
44871.9
51227.4
41721.4
50610
75400.2
48680.2
59638.5
47719.4
48537.2
34857
63540.4
46497.6
49585.4
55599.3
47980.4
26052.3
66110.6
36044.2
90187.6
56670.2
41780.3
42077.8
46223.5
33502.4
54254.3
58995.9
38024.6
46905.3
36838.3
87783.7
51185.8
47893.6
41901.8
33480.4
43442.5
54507.4
32002.3
61121.8
40666.6
33967.1
25181.4
27484.5
81718.3
42006.6
71631.6
58183.7
41962.3
85547.9
62180
34945.8
80973.4
35726
52603.2
50693.8
64206.6
66974
28134
68661.8
52376.7
61354.1
50513.8
43007.8
50312.6
54299.4
49763.7
42127.8
55733.1
43906.2
31789
43818.9
21736.6
49561
29369.2
37043.4
45155.7
50735
27724.2
41826.7
35387.4
45002.3
56513.5
62098.5
44499.5
50597
38569.6
38926.6
45227.2
34228.6
36433.4
49790
58349.8
38346.5
58351
35210.2
42960.3
68678.6
48229.3
38427.4
33448
42933.7
68183.8
30775.2
39209.5
39034.4
41781.8
42356.6
43043.5
54244.2
53100.2
48046.8
36971.8
37419.6
60341.4
68621
52403.8
32555
62228.4
53182.4
37721.7
52820.2
43069.6
38606.2
36870.8
57314.2
47323.9
39451.4
32862.5
44496.3
86840.6
38799.7
38221.3
88657.4
22277.8
22415.4
55399
34560.6
51023.8
36387.1
39356.7
28685.3
70269.1
39954.9
36676.4
31192.8
39510
46523.3
48852.9
47792.8
43941.4
50601.4
30257.3
37964.8
42287
28305.4
44945.6
49239.8
30880.5
44342.8
63731.1
53238.2
59825.8
27527
47347
42338.4
85756.6
23913
24565.4
42971.2
78543.4
50020.9
61927.7
63515.4
58948.2
49881.8
34834
32908.6
41051.1
61815.7
54063.8
77417.8
46514.3
52254.6
50323.7
43774.9
53855.6
46786.5
55858.1
62860.7
38888.2
29948.1
56758
36573.4
61917.7
38040
56557.4
67986.6
38889.4
70126.7
47190.1
59692.6
56229.4
46857.1
51442.6
37103
42623.8
60438.7
43360.2
72571.5
50311
27943
46122.6
27762.1
41252.1
64113.3
52251.8
55388.3
47305.5
63426.6
42434
55852.6
50489
66012.6
28978
27022.5
73102.6
52760.2
50515.3
31174.7
42487.9
47501.8
54963.4
73109.4
41160.4
39686.7
38819.1
38825.1
47795
42184.3
43349.8
37621.1
35897.4
59722.8
62715.6
46155
45805.7
41206.8
41072.4
59567.4
63842.8
56801.6
31565.2
52563
59556.2
46166.4
79182.9
54974.3
56233.8
38447.5
74326.6
44665
43128.4
42242.4
65390.9
55868.6
37193
47922.8
47331.4
31100.9
40606.6
63267
71242.5
51870.5
45092.7
50488.7
21359.4
61135.8
43725.8
46970.6
36855.7
43165.1
44063.4
37465.7
43002.2
53117.7
28740.5
29520.1
35631.1
71442.3
23119.2
47743.5
35224.1
53390.9
67673.9
40260.5
38921.6
58686.6
38306.6
40622.5
56414.6
28827.6
57164.6
51508.6
53451.2
43240.5
61402.7
33644.9
29542.6
62919.4
63377.2
58371.7
73081.5
42792.2
60388.2
81253.3
74488.6
48240.4
56492.6
50510.3
35573.4
32709.9
52024.3
50094.2
38739.3
35146
36234.7
33936.6
21386.8
64009.4
52527.7
47839.4
45493.4
49486.6
48805.2
27855.9
27796.3
34980.5
32595.4
31084.4
52159.4
58157.6
44053.3
40971.8
51620.5
64227.1
59614.6
74198
26898.5
40183.9
40082.2
41907.5
33333
56620.6
62123.7
47962.3
44280.2
54938.1
56926.6
30552.5
59984.7
68500.3
48479.6
50726.8
36238.4
47749.8
39085
29657.9
50980.5
43364.8
75982.8
41351.3
37022.2
63115.1
50973.7
52772.6
45120.1
63285
28646.8
50682.6
58894.4
66529.9
50059.8
64576.3
51257.8
64017.4
71907.1
57025.5
52756.8
51115
62285.8
43618.5
75393.5
98049.3
49140.2
62827
49001.1
54103.7
41960.6
61260.1
53496
105917
43133.6
54196.2
83808
84572.4
78005.5
50279.2
60983.8
104815
57817.4
38627.5
52547.9
47411.4
42976.8
78663.9
47242.7
90930
29292.7
51599.1
32856.1
36728.6
58640.7
73083.8
41195
40754.2
44842.9
49061.1
68423.9
50592.6
59209.2
46041.6
37130.7
48611.4
60397.3
49635.6
66623.4
33876.4
70192.2
42052.2
38325.2
37095
36823.6
57150.2
45066.6
55692
64254.8
50041.1
47513.1
24336.4
65272.1
32376.2
31250.5
62598.7
48989.2
39722.2
63174.8
45214
43478.8
46826.5
59238.2
38260.8
36362.6
57982.6
37140.2
50363.8
52867.7
33154.6
48503.6
68517
64480.2
31137.8
28360.1
57310.2
22877.6
82545.4
62187.7
42798.5
33741.6
43731.2
44133.1
46397.9
67422.2
34444.7
54883.9
33869.6
36682.2
49788.3
30775.4
40393.9
34672
52238.2
54621.6
31997.4
56031.9
51327
56433
44986
42512.6
34243.7
41928
57493.1
46677.6
34932.2
45311.1
57675.5
37212.5
46933.6
52654.5
62734.6
31446.8
34679.8
41808
34043.4
39162.3
48173.8
40641.4
44435.4
49816.2
33783.1
25740.2
37421.1
69228.6
48204.5
44313.3
35770.6
42711.8
38809.4
81201.3
75249.3
39795.5
45678.9
34434.7
75691.3
49103.8
70645.8
56523.2
79948.5
31587.4
46594.8
39383.5
41792.5
54792.7
60236.6
45850
37492.2
46848.6
49473
77159.7
79531.9
42434.1
62955.4
37469
33146.6
35415.4
46130.6
70130.7
59122.6
35716.1
47885.6
83789.2
76328.2
42527.7
48697.4
48505.4
78132.9
29470.7
72250.6
64895.8
49566.8
38407
77726.5
70284.5
46620.6
64542.5
58678.5
36860.6
50279.7
52358.9
56192.8
36156.9
64378.2
49702.9
52391.8
33315.4
75934.8
74599
68717.9
38875.9
45616.5
21842
46090.7
35121.4
37337.7
67929.1
47008.8
31234
69727
37049
89537.7
70986.2
59100.6
57596.3
48131.7
54379.5
69771.9
48210.5
59731.4
60428.2
45754.6
38300.6
65320.4
36175.8
71502.7
83985.9
75672
64339.3
46128.6
45451.9
66951.4
89255.9
48202.1
73851.3
38408.8
40818.1
59583.1
67430.3
62755
77723.3
74615.5
47691.2
59487.2
39399.9
71232.2
72623.4
72177.1
62629.2
51114.6
53904.7
81904.3
49802.3
68380
44814.5
58695.6
49930.6
70864.6
55139.8
65198.9
47138
32998
37424.2
55727.9
44784
39151.1
59532.7
49846.7
96056.5
47440.8
63842
89606.4
45238.6
47990.7
48171.3
26913.5
57228.9
33759.3
44185.5
56054.6
39963.2
45543.4
46933.3
43834.2
57188.7
34216.6
63473.8
30254.3
41319.1
33167.5
41395.2
45591.1
35726.9
23184.2
45601.3
34074.2
74921.5
48414.5
54595.8
49682
42376.3
61710.6
28477
53951.7
37212.4
40894.4
45559.9
45311
66026.7
65705.2
42361
56724
43411.3
47308.4
32419.1
35662.8
31032.6
29569.3
69905.3
59966.2
25953.7
58629.5
41570.5
56472.8
32261
60848.5
30364.6
64292.1
60112.3
50475.4
57795.7
64947.2
42736.3
45909.5
35330.4
55909.7
68980
46799.1
34934.3
45797.1
53439.4
44613.7
51643.8
52617.9
48127.4
55626.5
41813.3
22629.4
40469.8
32829.6
56080.9
55245.4
68014.9
65189.8
48260.2
22833.2
61534.1
43131
38776.1
41727.4
93397.9
53066.6
54838.3
33238.5
50350.2
28115.8
52939.3
72036.2
61588.6
36895.4
37741.6
36415.8
49097.4
40919.8
60852.4
41533.1
54901.6
46753
55440.9
32389.5
58215.5
55027.5
58976.9
81043.6
35694.3
34979.6
67828.4
40938.6
45117.7
44500.5
63908.3
61155.7
62107.8
75050.8
38321.6
45589.7
52765
49552.2
42498.5
50392.6
71033.4
58154.9
38015.4
58089.7
39479
47737.3
47672
68662.9
41783.7
50950.3
56991.8
41243.3
30735.4
66689.5
59179.8
37878.9
74977.5
57044
37063.7
50509
63860.5
54315.5
43746.8
38210.8
62716.4
59064.2
46173.7
37657
37082.3
32973.9
31781.6
33287.8
34013.8
63482.6
37733.6
54782.5
46896.2
45624.9
66519.6
67461.2
46510.8
63469.1
43840.9
36688.6
24908.2
39868.9
66523.4
55071.1
43585.6
22941.4
28856.6
48123.4
69988.6
47954.6
48197
42294.5
35909.8
38719.8
37068.5
41792.1
25754.3
33462.3
59673.6
55195.8
48444.2
55361.6
55187
36507
40320
34366.1
43195.8
46661.8
40634.9
55507.8
35427.9
38704.2
69979.7
23072.4
39083.4
51999.4
27974.6
41156.9
73749.7
42348.9
27695.4
50616.1
33474.6
56701.9
34058.6
26171.9
43097.4
39263.4
28839.2
42462.8
49665.4
42174.2
33047.8
41213.7
30991.2
24722.6
43463
37105
40305.1
31598.2
28013.1
50460
34652
68756.7
57295.1
41331.2
34211.8
63567.7
36937
60637
73371
52169.1
41160.9
55478.8
35063.3
81734.9
25434.1
50031.8
49929.4
48355.1
78567.3
54271.7
42695.5
35908.6
49294.7
42621
54354.2
48075.4
71201.3
49105.9
58682.9
40554.7
44794.2
39542.4
53828.9
54817
46362.9
47598.6
42275
45353.4
28878.4
38748.9
46838
36092.2
43422.8
29234.8
85126.1
42218.5
66747.6
53274.2
43928.9
49597.1
44278.6
42221.7
67199.7
39043
38647.8
39371.4
29707.2
59250.3
33718
33892
32983.4
42037.1
63147.6
55846
42108.5
44003.3
43127.6
35684.9
68019.3
48276
54974.2
50787.5
32899.4
29210.3
66988.7
43571.2
49893.4
24416.5
76302.1
62829.8
49366
38265.4
23810.3
34699.2
25921.3
47983
34947.5
39987.8
47749.3
70934.6
43152.2
48371.4
35662.9
46849.2
66479.6
53435.7
48229
23269.1
69906.7
31324.6
47071.1
61701.5
46155.7
44877.4
37861.5
38821.2
64202.2
41602.2
41971.2
63925.9
25306.7
46703
53321.7
42791.3
38277
32058
71579
42313.8
32768.4
51375.9
39812.1
53733.8
30548.8
54312.2
45999
30746.4
50816
39896.7
55427.6
41656.6
38188.6
39445.2
49404
39584.3
38754.6
35647.2
44796.4
28190.2
41968.2
58315.5
50118.8
45224.6
41914.3
27717.7
48725
37800.8
37151
46689.3
34472.6
41475.8
40274
45935.4
30214
46460.2
27528.3
55988.9
73484.7
55856.5
55556.8
63023.9
57017.8
52455
37296
37560.6
63943.6
78255.1
62466.9
42879
43207.5
39713.4
50546.7
21843.9
65956.5
64765.9
63721.5
57014
55448.6
53705.2
38400.6
52633.5
65310.7
61210.2
62759.5
56126.5
38098.4
97396.7
63324.7
60258.2
68028.6
47804.3
71911.2
53162.8
46363.8
46565.1
56429.6
58233.5
28682.5
40138
33049.3
69718.4
42364.4
60912
66892.6
73660.6
49408.2
58140.3
59775.8
57911.2
41903.2
48859.8
44756.7
56198.8
40265.5
48705.7
50727.8
48320.7
44725.9
26909.6
50819
30369.8
36601.8
55619.8
41664.7
51411.4
62002.5
39428.3
52672.7
28228.9
44292.2
33190.9
51484.3
39869
67655.9
43488.6
49190.6
36784.2
31251.9
31250.6
56163.5
55718.3
42383.2
55904.6
50744.7
69524.3
38692.7
32739.1
63002.7
32056.8
35032.6
47148.1
47209
36749.8
63347.8
47370.1
61443.4
40165.2
37945.7
50937.2
40516.1
29119.8
24693.6
37533.5
48254.7
28058.5
37196.8
35440.4
44591.5
45054.1
48091.3
53912.2
29240.2
60908.7
58445
52565.4
40887
53263.6
44211.2
49388.5
46311.2
59824.4
31733.7
77199.7
64049.8
37719
56747.5
45659.8
53050.6
64718.7
45641.3
73081.5
66883.4
42045.3
57073
26532.6
55878.7
53012.2
64346
54541.6
68740.2
58739
88798.6
49108.6
46615.3
54248.6
46913.2
43420
62101.8
53665.6
61574.5
45612.6
32832.1
35172.2
38490.5
79895.4
34992
36942.2
57847.6
48588.8
56705.4
73298
84391.4
70298.1
41883.5
44340.6
55228.1
61370.6
41951.9
40275.2
53296.8
54929.8
66294.4
38217
64401
46894.2
45611
51049.1
27246.3
29357.1
48936.2
40868.6
49082.9
52504.9
47426.9
37889.4
68646.3
61295
38418
51145
56267.1
49052.2
60996
45760.7
45995
46652.8
47635.4
47033.9
42146.6
56761.9
38931.6
31793.4
37271
45300.6
55502.7
68882.5
51019.2
52761.1
44096.6
42785.3
60804.8
78506.8
43520.7
39016.8
46815.7
80640.9
20786.7
43003
50925.3
30249.9
76017.8
47858.6
67181.7
55210.2
47113.4
46315.8
54300.2
70897
53867.5
54928.9
71884.9
42992.2
40635.1
38751.7
55266.8
49310
47846.7
42968.2
56836.2
54960.8
55149.7
39765
41562.6
48686.3
33862.4
68608.1
56222.2
57220.2
71068.6
33034.6
49018
52323.8
77450.5
63404.6
44836.6
91365.2
38077.7
52130.2
88361.1
75934
49339.7
59883.9
59628.5
29797.2
45196.2
69469.8
76383.5
51390.2
51603
61149.1
42652.4
28585.4
45232.1
43543.8
51066.6
73685.7
40321.8
49543.5
66662.3
32708.7
83595.8
42497.8
44933.4
74562.4
34124.4
53045.3
56982.2
59020.5
76844.4
72010.7
43743.3
44755.9
66138.2
37085
61691.3
35560.6
40951.3
57166.2
69053.8
43243.8
41630.1
48763.1
52483.6
62255.2
51441.8
45909.6
34991.9
48815.6
53983.6
61645.4
29931.7
38487
30549.9
48497.6
60387
52290.2
48055.6
64804.8
32776.5
43452.8
34192.2
67711.8
49950.3
67644.4
56876.1
40771.3
43130.9
30742.4
46083.7
35673
67500.5
57382.5
71417
46961.4
36875.6
47530.2
61786.8
57454.6
35950.8
70279.8
70112.2
41092.7
43747
54516.6
44314.8
35309.7
37230.3
72490.4
45351.7
56292.8
52686.4
44120.2
31693.4
49479.8
43316.6
39965.4
26640.7
49588.6
29553
41070.6
39801.5
37304.7
33781
63787.8
41226.6
62344.9
43692.5
39476.9
23105.8
52520
51427.3
77330.1
50304.7
43785.1
56301
37149.2
48052.5
57257.7
57848.2
52679.6
28623.3
54365.4
28626.6
36949.9
61902.8
48090.4
40536.5
56221.2
45662.7
44742.2
46665.4
31081.1
58414.2
51374.5
52932.9
51689
53527
48706.6
54999.4
65898.4
47274.9
51574.7
60138.4
44031.3
49748.7
51125.8
42265.8
65874.9
53871.8
66335.4
43188.8
85568.1
62580.6
38617.9
56168.7
52497
57478
54600.2
53060
50245.4
50759
35763.9
65423
50909.4
66593.4
64585.7
31297.8
58138.7
28200.6
56341.9
40669.4
32970.9
49038.2
63853.3
67720
29518.9
35601.7
47605.2
54625.8
35467.8
68590.5
45736.8
51056.5
46595
41802.5
44723.9
32055.7
62851.6
42721.2
36968.8
46402.5
40872.7
41998.6
24324.3
41554.3
33288
49223.8
34210.8
64631.1
44890.2
60683.2
50031.3
62756.2
43841.7
40070.2
39650.1
30056.3
41891.4
52422.2
49628.8
47211
45877.3
49475.3
44841.5
29408.7
71196.4
51317.9
49342.6
45147.4
55191.1
44618.6
59927.4
52280
57460.4
31491.1
45237.6
48462.6
46697.6
49388.2
48011.8
57505.8
74813.7
47513.5
40213.3
34972.7
50186
40779.7
73241.4
40271.7
28890.5
46572.6
43377.5
30072.7
62867
64320.6
33971.8
40725.3
64100.6
46251.9
60282.6
55499.4
59152.7
50957.2
41844.8
49392.6
41812.8
46661.4
40612.2
30265.8
40955.8
51734.6
58489.8
69731.4
62963
39942.7
29661.8
47463.3
28719.8
47241.1
48428
48716
87943.3
31905
44300.5
27165.5
37382.9
44429.9
53544.6
42581
47100.4
63926.5
55715
84680.4
32602.5
46133.9
66392.8
67464.6
54527.3
53222
40476.8
69118.6
55217
43741.5
60567.3
57883.5
68253.4
70404.4
27025
58600.1
43951.4
48524.4
34192.2
60299.3
35503.5
34630.5
51817.3
33228.8
68123.6
57167.7
42911.9
29677.3
57521.4
47708
43663.5
53036.4
42607.9
21422.3
60908.6
34289.4
36360.3
35942.7
61341.9
37923.3
47042.8
77015
45745.4
56636
58976.2
54274.6
40345.3
39769.4
51070.5
52285.2
64876.1
29265.7
49646.3
49089.2
57098.6
59014.7
60440.4
36221.2
65882.1
32422.1
35757.1
38819
41046.5
39846
61330.3
43530.4
32358.5
48155.2
41284.7
66173.8
60890.7
49129.8
59908.3
36910.9
37275.9
73259.1
47482.6
70571
81295.4
39451.9
54596.6
49125.9
55144.6
59206
41016.1
51801.7
38064.9
46734.2
53163.6
45609.8
36756.6
65895.6
23981.1
35425
45905.8
59269.8
75305.3
53134.7
51370.3
45599
67060.1
42149.4
37071.2
41345.5
57446
28089.1
38836.2
47022.5
56607
32824.2
47941.3
48500.7
31955.8
34932.5
41509
49789.8
26445.4
51753.2
46658
50737.4
47625.1
65755.4
56634.8
46733.8
42978.3
36459
47433.8
68385
56402.6
56413.7
54387.2
28359.8
32170.4
52972.2
47507.4
48739.2
59060.6
63623
58485.9
38687.7
35426.6
26900.4
54687
57055.8
48941.5
53490.7
42122.1
40389.1
60649.5
62814.2
42461.4
45448.8
66177.7
24608.1
27343.4
51591.1
37740.6
33806
89196.3
33744.7
45678.8
29315
48810.8
26399.4
63662.7
57676.6
26972.5
47473.6
53923.9
49531.5
43603.6
33642.2
34590.4
38444.2
49057.4
32549.4
46350.5
65028.6
50487.1
54102.8
42244.4
64591
24199.5
30938.5
44312.3
51498.8
31776.5
37437.9
41596.4
36520.6
29406.6
37814.3
27903.9
38845.1
52865.6
51344.7
54522.9
49317.6
47743
48729.3
56859.8
41284.3
32054.6
64814.3
40458.1
31192.1
53424.5
35351.6
41132.4
42278.6
69694.2
48238.2
42255.7
44058.9
36052.7
49166.4
76021
69555.1
30820.9
28067.5
26137.7
49941.9
31755.8
35878.4
50320.3
46306.9
23470.4
45201.4
56985.8
62584.9
58347.3
39719.4
55263.8
36660.6
40828.6
28544.6
29794
26403.9
40518.5
71585.8
60721.6
34785.5
43365.4
50194.9
61600.2
22241.5
56331.8
55561
62341.3
47049.1
40681.8
77707
29378.5
36962
37218.2
58929
48977
28899.4
49603.7
20900.5
44431.9
64020.2
39547.2
37381.1
47029.4
36796.2
44458.2
42106.2
33753.5
40423.3
27053.4
71279
58000.3
30960.4
33365
51544.2
26859.8
43478.5
55980.9
43038.2
47951.4
59439.2
47259.4
67917.8
40655.8
39924.5
50606.1
43776.3
55910.9
58695
25552.2
40351.8
47806.2
41925.7
41385.5
30027.9
55149.8
63222.7
49991
25745.5
63486.1
32832.6
34563.1
64966.6
37625
67239.6
55267.4
24596
53181.4
42774.2
33453.7
49116.5
42658.8
58853.9
38466.8
39355.2
39923.3
51153.8
20523.1
41575.7
68680.6
56192
31845.2
50529.3
68823.7
46227.7
34660.4
44860.1
41603.9
48578.1
48179.9
56837.8
74233.4
50445.6
44645.3
42139.1
39516
60546.2
57008.8
54737.4
86046
26328.9
42173.9
75021.3
27138.1
33693.8
58563
47401.9
40807
58329.2
62885.4
41057.9
45048.3
43499.3
62335.5
41245
52834.2
49529.8
37797
49536.6
52813.8
41404.5
56078.6
42198.9
42066.7
57848.3
46341.2
45118.1
30221
38885.4
24741.9
29650.5
66620.2
19899.3
61094.1
44719
48025.4
47875.8
26603
59982.6
53783.2
41795.5
53033.9
18395.2
48785.6
39395.1
44965.4
37763.8
48163
33755
43444
23876.5
39171.4
53251.9
40619.9
37527
60175
34058.9
60578.4
47188.8
46001.3
33093.3
31748.5
47852.3
26487.8
37891.4
39983.4
48593.8
50366.1
38520.9
47677.5
27870.6
41701.2
53956
43311.1
43647
51046.1
21958.9
47525.5
57136.1
72327.8
45429.5
38935
67575.4
36166.8
55779.8
82387.6
44618.8
39026.8
38409.1
34318.8
46052.8
47534.6
55317.9
37072.3
31604.2
50092.5
30099.4
31062.6
31448.7
49272.7
32886.9
56928.4
40240.2
46454.5
47637.2
48292.6
58505.4
30065
44103
47809.5
31087.9
69292.6
61841.5
62599.5
42617.8
48828.5
61822.5
69448.5
51575
43452.2
58715
30692.7
26201.8
78093.6
51567.8
55496.9
26311.9
49129.2
36596.2
53096.6
56684.4
62869.9
65507.6
43085.9
43761
76477.8
74653.2
67041
43776.6
46355.9
61619.6
59619.3
68342.6
64953.5
63949.4
50106.7
40682.8
31218.2
47840.2
31262.2
63133.3
50907
62565.4
57251.8
42974.6
57369.8
44709
37549.2
55298.4
33210.1
37241.8
52232
91026
46747.7
34563.7
65139.4
67199.1
66235.7
31046.5
50964.6
42231.6
67753.8
42621.4
49343.5
47238.5
56451.8
65423.6
42326.3
58986.8
52027.7
35262.6
38102.4
44022.8
34611.9
43578.3
61063.9
59736.6
55179.3
31380.3
49893.2
60107.4
37141.3
43819.7
23214.7
56957.4
37921.8
41834.6
56769.3
38093.5
44982.1
79757.4
32740.7
48948.9
59510.9
41622.5
37302.2
42296.9
37439
65712.5
23716.4
52314.2
34696
37541
67542.6
62977.4
26963
90892.9
36807
46350.5
54417.9
43767.8
75250.3
49447.8
32566
78112.6
67885.7
53149.2
55317
44345.6
49766.9
48166.2
68035
53299.4
58315.2
33665.3
45335.2
56101.7
38892.9
49352.4
48079.7
81344.5
49791.6
78704.6
42290.4
56673.3
28498.4
51994.6
39014.5
58990.2
44011.4
75876.2
37444.2
36944
63068.4
67504.4
44721.8
33215.1
32573
53093.8
51864.6
36198.7
41797
71372.3
61198.7
44226.6
37743.4
47384.3
58678.2
50219.2
38329.7
45186.2
69082.9
40943.3
66769.9
44904.9
42751.4
44838.4
60273.4
36410.4
30050.8
43865.9
43532.2
30730.6
51983.9
50651.5
40003.1
30670.5
38625.5
44406
51673.6
36922
64719
49535.4
55723.8
39604.6
38732.2
37656.4
47798.6
38503.5
53320.7
68757.8
30910.6
39237.4
39899.8
60416.9
44277.8
41707.2
34909.3
35228.9
53825.7
50943.4
46500.6
54229.4
75895.2
51779.4
33268.5
50355.5
63977.3
59088.2
91532
67238.1
70860.8
53989.4
32265.8
63207.3
50262.1
68005.7
47767.7
37308.6
57715
47619.5
54688.7
32134.3
30265.8
48979.2
24975.7
49975.5
71435
32636.9
56543
45276
36551.8
53577.5
50010.6
27402.3
34180.2
18729
31951.6
31107.1
41019.8
50208
53599.4
42911.2
67502.6
54877.4
30357.4
74104.6
58139.9
56140.1
45481.4
22264.6
53923.7
37323.8
36092.3
47069.7
34178.7
35513
65333.6
66876.8
45499.9
35446
43017.1
50596.3
46539.4
42622.1
59016.2
38141.6
40730.6
30782.3
44157.8
65133.8
40774.2
33889.8
43483.8
67177.5
25620.5
24851.9
67600.6
44933
60029.6
65338.8
34564.6
51849
35477.4
45214
72297.5
33777.7
40109.8
66787.8
42324.2
29052
30679.4
53571.2
50848.2
55536.2
45440.2
72000.4
38975
32096.2
52133.6
37366.8
35648
70311.6
51535.2
36381.9
47111
39585.4
25541.8
55560.6
45932.2
47693.2
40929.5
44077
27205.1
38141.1
38791
53382.2
38915.5
42651.4
36240.4
46570.8
41036.1
60571.4
39297.5
35003.6
71218
43776.1
63059.2
44017.2
40729.3
38506
43843.3
67887.8
73404.6
48164.2
52095.4
52276.5
42680.6
60666.8
31135.7
35823.3
31249.9
35162
35673.3
73498.4
52034.1
69147.3
72172.6
45171.9
34357.2
52217.8
34399.1
42133
22496.2
62644.5
60237.9
60751.4
23343.5
59899
67537.4
35890.5
45398.4
33456.3
49724.7
39013.8
56675.3
41231.4
22357.8
55134.2
51865.3
36489.8
22863.4
47634.6
51643.9
52686.7
48361.4
59818
30337.8
46804.6
41525.7
32892.5
69620.2
37312.2
54571.9
37959.1
57508.2
24066.2
36549.7
61525.4
40899.9
58066.1
51275.9
46849.2
36542.5
78360
51683.8
27986.4
24393.4
49913.8
44217.4
35734.4
64642.9
59633.2
42759.9
52271
52245.3
45869.5
35758.6
67012.5
45424.7
57713.4
43239
39057.2
49251.5
84722.7
39109
42347.4
68227.1
22678.2
41447.4
37668.3
37440.3
57782.7
50074.8
49236.9
28610.4
46161.8
27205.6
56838
44288.8
68852.3
33802.5
54766.2
46188.3
73108.3
56265.8
65872.3
28162.2
32425.3
43940
50707.4
49497.7
37364.4
54093.4
50513.4
44581.8
50551.7
53153.6
42920.3
48349
68530.3
50908.9
43712.6
54108.6
46704.8
47451.5
26265.6
44534.2
67203.5
53162.3
32297
47618.3
69959.7
38986.4
37645.1
75864.7
63961.8
31799.7
48211.7
55268.7
44829.3
57494.3
57446.4
58309.7
56393
68643.4
50711.8
25932.1
66504.7
84385.8
36227.3
84967
41637.6
46863.4
36563
50510.3
60408.4
45163.8
44936.1
46380.5
44938.2
57476.5
58379.7
38658.5
94569.2
52130.5
44491.1
32695.4
44426.3
58509.4
32615.3
33647.5
64234.6
54914.6
64219.3
69928.5
56875.5
56412.4
50329.9
42456.4
54917.9
61774.7
52330.3
48250
22808.9
43718.3
61736.9
40850.8
24285.1
53105.4
48293.1
47614.2
45212.2
80207.7
53109.8
41935
61131.8
48085
54880
38608.3
53056.9
48333.1
46340.2
45524.9
24636.3
52622
54630.2
20953.6
47978.1
56566.5
50339.4
39132
23162.6
41509
38017.4
41974.9
43898.7
44060
45519.6
31107.9
63257.5
44270.8
35566.3
43521.6
54721
61949
45850
37434.7
29959.6
47734.2
39184.1
60985.1
56248.6
54892.4
41254.1
29869.9
40778.2
46530.9
30489
38402.6
75154.7
68837.4
25726.5
54263.6
32820.9
46936.5
67709.4
37866
38960.3
47828.6
39295.8
33332.3
57555.5
36171.3
53869
32084.2
37791.3
62808.6
48411.4
38761.3
38946.6
38682.2
53203.4
42951.3
36012.2
43154.5
44542
32829.9
43867.8
61653.8
43880.6
38847.5
40308.7
50256.9
65119.1
46035.6
38499.8
41761
36199.8
34472.8
51341.4
50825.8
54645.3
51438
40026.3
28767.8
29749.4
45513.9
37374
55083.6
29969
61015
28714.2
37437.8
46740.5
41327.9
47483
51594.3
64094.5
57634.6
73507.1
48325.4
32489.1
60690.6
52705
51349.3
39868.3
64871.7
43122.3
42548.6
52124.2
50608.2
62648.6
62968.7
44566.4
53552.6
38994.8
48298.7
38668.3
41447.8
36947.4
44403.8
31323.4
37850.2
50432.1
46532
33718.7
40647.9
35085.7
70477.7
43848.6
32485.1
42428.5
70602.6
47297.8
46441.4
74909.1
49257.3
35157
26840.6
54691
56551.7
67679.1
70656.2
66441.2
37421.2
51237.4
75095.1
44538.2
73989.4
36964.6
52172.2
26816
45772.3
61147.5
58226.8
46438.2
65987.3
41535.9
80415
22407.9
51742.1
50366.9
39646.7
53520.5
84196.8
46037.4
46197
58498
48320.1
50866.6
49255.3
45882
36654
73064
28288.6
48688.2
38122.8
45135.4
42402.9
41979.4
34035.1
66563.7
46978.2
51864.2
37106.1
35229.4
68737.1
54730.2
51184.6
50503.4
65067.1
30109.6
44554.5
74357.6
43899.7
64373
71878.4
58154.2
46449.8
76696.6
53316.6
59385.7
62582.3
41627.1
26144.4
80140.2
42229.6
60412.4
57241.8
86652
29489.2
39472.2
44873.8
81655.4
52196.4
63188.9
49341.9
53727.9
58310.2
57690.8
59343.9
66598
69171.6
56304
57448.6
54025.8
63533.8
75933.8
59375.1
75670.7
65207.4
48893
53078.5
50376.2
62043.4
48342.7
69096.2
42448.2
36420.8
61617.3
74206.4
46197.8
44550
65178.7
68327.4
63303.6
38692.1
45728.9
62913.8
73523
58723.3
39459.4
59137.4
50060.5
71979.5
54813.4
83696.2
69956.5
50360.5
48108
36892.2
54471.2
60765
56899.3
78875.8
61827.7
47941.2
69925.7
50506.6
94580.8
73429.2
49691.7
38921.2
85892
47224.7
70209.2
64784.1
55272.6
38860.9
54797.8
45838.9
60049.5
75564.6
62984.2
56400.9
55971
54495.4
66425.7
43980.2
75466.9
27220.3
54450
69415.4
56976.2
61125.2
65061
59457
59246.9
53567.9
67788.3
38087.8
75083.4
42355.5
68618
51572.5
65335
42967
57219.5
58648.6
78895.4
64586.8
56413.3
42378.9
43620.3
50541.4
48766.1
49203.3
66551.8
55733.9
39708
59943.8
72158.6
26934
50867.7
82418.3
54569.7
43522.9
48209
50198.4
44354.9
39935.8
45402.6
55801.1
55879.8
59955
38816.1
39656.2
39754.6
47666.4
61369
39278.6
40302.6
55589.1
57845
46323.8
87555.9
62177
40740.2
50371.6
62324.8
38135.5
68321.2
53515.8
55978.6
36309.8
55404.1
48999
44080.9
53605.4
46015.5
44985.7
55199.4
57383.7
56296
54490.6
47461.7
45080.2
62366.8
69129.2
67867
70114.6
39513.1
56294.5
46252.9
58917.2
44819
82476.5
53905.4
58099.5
44895.9
33867.2
79178.7
55832.3
75515
39760.1
37142.5
63240.6
63162.2
51473.3
58442.6
68293.6
51303
60838.6
37153.5
62498.3
51737
38015.5
52825.2
40778.4
43109.8
62329.8
27917.3
62465.4
42835.6
56242.6
56683.9
37838.7
55842.2
50681.4
29196.6
72673.6
79667.6
34519.8
52491.6
34252.9
46365.5
46372.8
56893.4
28778.6
38776.8
44835.8
53480.6
68108.2
29914.2
46705.6
60403.4
62205.4
48598
60049.6
56510.3
48371.3
55364.1
74052.2
72583.3
60323.4
59974.6
36756.1
54948
60884.4
51296.3
49408.6
74687.1
66900.9
45875.5
40859.3
65060.3
67829.4
47102.5
37368.7
65867.2
68441.1
56630.9
61195.1
48652.3
64010.5
63769
37021.4
58140.7
43492.2
46389.6
54081.5
49091.3
54162.5
46206.2
36694.7
65214.1
66763.2
46938.7
34317.4
48573
51834.2
60890.4
80961.8
55146.8
46325.3
25289.4
58279.1
39320
32359.7
56166.6
50647.5
47440.3
41265.4
51900.1
50680.2
37087.8
57812.1
47509.8
51301.4
34343.8
58416.6
38554
39069
58876.6
64317.9
66189.5
63055.8
48664.2
48853.2
59772.7
46032.6
45176.6
37494.3
49601.4
47527.4
53475.9
50815
57588.1
46022.3
62731.4
26456.9
54485
31676.8
43486.7
61324.4
30491.6
47313.8
35459.7
40740.9
55567
75434.2
43898.7
48240.9
48110.3
23085.3
30122.9
47843.6
37435.9
50933.2
40756.8
59799.3
35137.8
55431
80771.9
49954.2
68339.4
61617.9
62445
69255.6
73553.2
42985.7
41345.1
49521.9
37172.8
49467.7
38013.7
46953.1
24890.7
71039
71480.3
40837.6
31742.6
72730.6
60833.8
65145.5
69142.4
54484
43001.6
36019.8
52057.2
68254.2
37586
70451
59609.8
37731.5
65947
37548.4
55821.3
61132.9
51996.5
68281.3
79963.8
56729
47407.6
36818.2
37282.6
68278.6
56194
52791.7
41428.1
36292.2
47890.1
43630.8
46394.5
42692.5
45290.9
49531.4
39029.9
70023.2
42961.9
61775.1
49326.9
29958
46334
64200.6
63258.8
40091.8
33168.6
47144.4
44944.3
50290.6
64177.1
53626.6
41268.6
61498.3
30356.2
39251.1
28830.5
42314.8
54874.6
32500.2
55458.6
59948.6
55472.2
62028.6
55329.9
31561.1
79864.2
31543.3
62932.4
90359.9
50460.4
66077
62427.4
49998.5
41613.8
43448.6
61486.2
45122.2
45804.9
50230.2
59750
39427.6
51804.6
29756.3
53108.6
46749.6
45024.7
79190.3
47525.3
72649.4
54389.4
58511.8
45517.2
49309.4
55028.4
38304.4
43554.9
45702
43480.2
69818.7
62257.1
56450.4
58031.3
45923
36063
49633.4
53987.4
51758.2
31451.6
53268.9
46756.3
54670.3
39629.3
56651.2
49233.7
51397.5
25779.7
47448.6
47887.8
56235.4
37695.4
56934.1
56644.5
37067.4
30184.1
46545.8
47284.4
63506.2
97335.5
68251.8
62086.2
47599.5
44336.7
40421.8
50083.8
70460.6
44556.6
50631
85381.8
36754.8
45682.9
41818.7
51430.7
39543
51206.5
77592.7
34213.6
36799.6
47834.3
32335.1
52516.3
40498
50195
37358.6
26504.9
38720.2
31743.8
78903
40613.8
54199.8
49323
38626.3
38409.8
51927.4
59292.5
54514
51557.3
31416
37325
38705.2
37970.8
43546.5
46485.9
40553.7
36848.2
24623.2
42537.1
47432.5
52693.8
34009.3
36461.6
44168.8
56502.9
40957.8
31436.6
40291.8
28164.3
52381.1
52646.6
28928.6
48345.7
41521
50593.3
61007.8
43160
35971.3
12898.5
74128.2
41416.3
48119.2
62849.4
68193.5
39965.3
34620.9
59346.9
45716.6
52421.8
50136.9
69876.5
56345.3
38018.5
49127
41972
32891.4
53093.8
30315.5
54598.8
50716.4
42433.6
37932.2
38820.7
57417.2
42142.6
33466.1
69033.7
42599.5
39861
47841.8
22356.2
78687
45789.4
55783.6
37131.6
24901.6
48416.3
74687.8
45257
62342.1
53165.7
48593.5
54873.4
48318.2
63676.6
46990.6
60041.2
45681.8
63757.4
42954
36105.4
44122
56201.8
62311.9
62487.1
56795.6
35892.8
43100.6
42434
56255
48295.3
71529
60748.4
46356
115499
43993.3
51276.9
71783.4
62131.8
76058.7
63702
52811.5
81276.3
35835.9
61539.1
59776.1
57978.3
54551.5
38387.5
30775.3
51243.7
42728.3
65597.2
61865
41635.5
63404.4
57211.1
43469.3
53330.8
41048.4
58210
35608.8
55203.8
74066.5
44521.4
49478.2
29499.4
53614.5
49309.8
60177
55866.2
31352.4
58772
30682.6
47458.6
46875.9
52397
28041
38969.8
46967.8
63511.8
71669.4
41992.4
50540.8
45817.1
72232.3
27732.8
49784.1
49112.6
34454.2
50254.6
33564.3
43504.4
64525.4
41292.6
54645
61227
39540.2
36408.5
49899.8
59372.3
68453.3
46990
62973
50196.2
50368
59355.3
34143.5
56293.3
43809.5
88314.1
43240.4
40062.5
67164.5
30415.8
48260.2
41054.5
37692.1
66598.6
55187.4
42637.4
78610.2
46643.2
34906.3
33429
69361.5
30994.3
49546.2
34990.2
41513.2
40353.5
41650.3
58523.5
64000.3
46880.4
39659.5
51626.1
41506.1
52139.7
47651.3
55818.4
54282.6
39897.3
32730.6
60991.4
49300.8
27987
92414.8
42316.5
39329.3
29437.4
46132.7
49292.2
58196.6
44325.7
55253.4
52913.1
39208.7
27799.4
73330.2
83255.9
35419.8
48251.8
63858.5
56417.4
63393.6
72119.6
46809.3
83862.1
80697.5
34174.4
55690
72495.1
37387.6
69374.2
54092.2
31191.3
68774.9
51607.4
52948.6
68277.4
52480
41570.2
53662.1
65971.4
55545.5
70650.1
69199.6
34366.1
55021.9
51838.6
43661
42255.9
67722.3
51266.6
34661
54017.1
44146
44610
87181.4
47320.4
39223.8
41053.1
61661.4
52688.4
43371.5
53965.4
47060.3
37362
49875
55858.1
36442.6
62257.4
66137.4
46595.1
60561.7
56234.7
42122
43124.9
73248
44871.8
41539.9
59422.7
30843.4
70092.2
58329.4
67120.9
51369.3
74724.6
44065.7
69142.3
51461.2
62487
58163.8
66632.9
74348.6
58531.5
61817.5
68533.8
54856.6
67578.9
39360.2
40530.8
74493.2
78045.8
36907
48138.5
67560
46576.8
61284.5
50985.7
54571.3
49471
44624.7
50542.1
42876.6
55046
53123
56085.2
64972.8
32347.4
59199.7
68606.3
83565.4
42004.5
40961
33542.8
40059.8
47570.2
78846.3
58252.2
58069.4
45966.7
36359.3
43152.5
56933.4
52991
59438.9
25019
50072.8
64252.3
56296.2
40069.7
75952
46125.4
52864.7
45914.9
46069.5
52991.4
39692.7
33524.5
42464.9
49193.3
34868.6
53059.2
61121.8
52690.6
60797.5
41880.6
51541.4
22869.8
47253.4
46162.8
51771.4
59653
72140.4
46246.2
71946.5
71291.6
46508.7
44882.3
56255.7
67703.2
57068.6
65098.6
63249.3
64833.3
38311
37862.1
51376.8
55625.4
54663.4
55321.8
63535.4
45486.8
56538.8
52173.4
36432.5
45822.9
53528.4
25837.4
59748.4
64650.2
102166
43410.8
37952.4
40613.8
37582.2
56083.1
46620.7
57150.6
85372.9
47340.3
57939.7
58247.7
65772.8
36304.9
38407.8
56911
60888.6
57998
40159.5
69808.1
39532.6
52943.7
72172.9
50997.7
65351.6
32689.6
55626.9
31199.2
65078.3
42903.1
45189.5
62007.7
40366.6
34254.4
54311.8
52361
90096.9
48909.4
66544
25289.3
39035.1
59050.8
38612.8
48512.2
49557.9
36860.7
40474
63022.7
61869.3
59344.4
45622.9
53509.9
57671
57789
48090.1
101634
49270
43699.1
35674.7
30654
102595
48336.9
36132.7
47881.3
71282
41931
54926.2
47852.3
56038.3
47497.3
62225.1
61948.6
79934.2
81886.2
56193.1
47519.5
27205.4
71328.5
54233.5
52202.2
42013.5
37372.2
34984.1
55973.4
64401.5
60870.8
27828.6
55035.3
46815.4
22339.6
58078.1
69129.7
54023.1
32717.4
36775
54428
52506.3
60021.1
63849.3
40929.9
35617
55736.9
48079.3
78017.3
50464.9
55844.4
49105
54939.7
38658.6
55869.9
40840.4
47961.1
49103.4
47398
31659.1
51629.4
56504.6
53967.6
33865.4
44180
37384.9
44645.7
54871.2
54741
61958.5
69307.1
57548.5
41066.3
40420
62157.8
64863.4
62919.7
86484.5
79670.6
38712.3
54969.5
73466.6
45110.9
53225.4
81398.6
39349.4
39024.9
37352.7
40756.8
56338.5
80957.1
46727.4
50509
58826
48465.5
37254.2
75204.6
37515.7
42727.5
70961.4
85617.4
42623.6
66436.6
60031.8
39465.4
54093.3
47102.2
39114.5
37854.8
42346.7
27120.6
62009.2
35914.8
47878.2
37815
27097.7
47109.2
42937.1
49419.4
58860.3
37107
34036.4
46122.5
44056.6
32525
62115.4
37553
34505.8
49712.6
60560.5
35184.9
55058.7
33519
52621.5
71860.6
38056.6
54257
76069.5
55325.3
35095.2
44128.6
42737.2
51852
94568.6
48859.3
22347.6
36423.1
72584.6
23751.3
44045.8
39879.8
47213.7
26086.6
29438.8
34345.8
59205.9
81401.1
46607.2
28545.3
50089.1
47549.5
32677.2
61449.8
52300.2
43357
38913.6
35625.9
67051.2
35657.2
42787.2
47776.6
70431.7
44411
65237
65747.5
53824.6
54464.8
62509.6
65638.8
84154.2
69056.8
70204.6
37463.2
54319.3
40770.5
64251.1
51592.2
52460.6
60212.6
44812
37731
53857.7
72291.2
67892
38006.2
40354.1
42451
45922.1
45134.3
72567.9
49420.9
71126.8
57012.1
42053
45300.7
57563.1
70118.4
52743.8
55829.8
46575.8
56909.3
67851.4
44535.7
55034.6
68676.2
45113.5
31027.1
44226.5
37325.1
77606.9
68005.8
40689
37661
17904.4
40013.7
49498.8
72521.9
49774.3
32937.8
37718.5
35763.6
32278
71629.9
41054.8
60173.6
46453.4
24071.4
37258.6
40055.3
41526.8
39592.1
53901.2
55350.3
38990.2
47445.2
85820.1
32480.1
45990.6
42123
46200.1
60734.2
33716.8
57513.1
44011.3
60043.8
34249.2
46043.8
63598.8
59910.6
46374
81319.7
68064.2
63372.6
65867
54874.9
36433.6
100566
48239.9
52789.8
44987.9
74616.6
64369.8
41173.5
47144.2
83713.5
42316.3
43399.2
57513.2
63550.8
62511
46604.5
71713.5
61796.1
52926.7
66332.6
41057.6
33038.7
65953.5
28638.4
72249.4
57819
47427.9
63580.3
83004.9
44129.4
52490.5
48424
47251.6
45143.5
55941
65038.2
52937.4
65568.8
38969.9
40103.6
45880.2
49652.4
52065.8
69546.9
60131.4
59893.6
54935.1
41510.2
65277.9
54685.9
49142.8
51051.5
47778.5
53124.1
61520.2
40057.3
64408.3
51607.3
69233.8
76294.2
53156.2
59142.2
52306.3
62535
44313.8
52244.8
63929.3
48054.1
83927.8
31623.9
46583.3
43524.7
49442.2
47592.7
64962.9
65336.8
70591.5
45195.6
83548.1
59142.9
39157.2
62263.7
64937.8
49065.4
71400.6
43034.2
51932.4
52670.6
63222.6
75198.6
49954.8
88088
50905.3
44184
48353.4
56397
64019.1
31906
98080.8
47619.8
46139
70081.2
28270
45781.3
52570.3
67465.7
50858.3
39468.2
70496.3
40599
69960.7
59269.8
64259
49875.2
40125.3
61428
61562.5
41273.3
69055
75837.5
46901
50507.9
59800.8
36453.3
79376.3
47200.1
44721.9
40227.4
53024.4
37234.2
58347.4
43637.4
63570.2
40987
55708.8
72109.3
49363
30577.1
51472
29277
49095.4
41004.9
49511.1
34603
65111
24700.4
59285.8
41896
57268.6
38738.2
42950.6
31512.2
53842.3
56788.1
39365.9
41326.2
61979.8
67452.3
50810.2
48905.8
55030.9
36217.1
39349.7
46311.5
47911
39900.3
33002.2
61361.8
61484.8
39215.6
48179.4
58116.7
39010
81035.3
65209.3
42321.3
63248.7
42044.2
48951.4
47131
45974.5
37872.2
36457.1
46147.6
64005
29902.5
29772.4
41677.3
47361.8
30161.4
37798.2
87238.8
33348.2
49813.7
30186.4
57329.7
23816.5
52096
52779.2
85208.9
42903.4
40504.8
38754.2
49936
37176.1
54783.3
55903.8
46282.1
51614.3
78009.2
58832.3
51461.1
42108
42963.4
29585.8
62620.2
58338
66524.5
42329
32633.9
18688.2
80335.5
36134.6
63267.7
57310
39938.3
36375.9
40937.8
29487.8
28148.6
37239.8
60055.8
29649.4
41412.4
45780.7
30319.4
47222.9
48720.8
26503.4
71168.8
33648.3
43178.5
24687.1
57275.6
58790.1
44642.8
36256.2
57957.2
40220.7
28324.2
61619
69717.9
42301.1
53511.4
34585.4
26511
29247.2
27701.2
84341.8
38101.4
30965.8
40604.6
47545.9
39984.8
44973.8
46417.8
59263.9
64717.3
33499.2
40709.4
33632.5
44835.9
55344.7
56773.7
73717.4
31222.9
18284
32515.6
40802.1
32414.8
48389.8
53080.3
60090.7
42052.5
33688.1
30598.2
25908.6
53314.6
48985.8
59657.2
51747.9
35787.6
70730.1
38377.6
35721.7
56124
22963.1
36667
38714.4
50426.6
24604.9
38593.8
48156.9
38373.4
31106.4
73005
56245.4
58011.2
39413.2
41842.6
35423.9
65398.6
44263.5
56034.7
56810
51168.8
36719.9
62343.8
45858
35683.3
47129.8
50786.4
66557
61827
42670.5
45073
40381.5
33361.4
45211.1
52483.4
63891.6
66203
48387
51416.6
44399.3
42749.8
58461.2
42367.8
53226.3
49345.7
35351.8
70812.9
94035.6
47452.6
59619.4
40759.1
61296.4
40798.2
52371.4
47435.6
35189.1
65372.8
66761.4
83982.7
68658.2
50875
39684
37615.4
42426.4
80113
75443.6
31451.2
43857.7
68517.7
62391.1
59464.3
68749.7
28110.5
59657.4
64239.8
73492.1
34541.6
56997.3
37499.5
28820.6
48572.6
35030.2
40978.9
61753.8
47439
34532.5
29462.6
32922.7
46581.7
49515
73372.3
33726.6
34833
45641.5
87553
82252.2
39777.8
53218.3
57335.1
41955
60388.2
52731.3
45459.8
36366.1
62813
56380.5
53600.6
48598.8
52040.3
46303.2
55856.8
67235.1
54216.6
44232.7
84144.6
53673.9
31895.1
30518.1
72949.3
61715.5
43118
55060.7
40318.1
55026.2
81034.4
75324.2
84815.8
29735.1
57468.7
54227.6
66608
36116.8
70577
47584.2
43772
55415.1
42717
42728.5
70060
40897.4
71089.1
56693
44240.5
66671.4
48241.7
39933.2
63970.4
56261.8
32804.2
60873.9
54808.8
51592.4
40458.2
42076.7
56464.6
44993
51078.2
78405.2
56439.6
27648.5
47596.7
43629.2
27233.3
28846.5
40137.6
61656.1
49573
77143.5
55678.2
46132.9
33589.8
52945.6
28768.6
27115.7
46328.6
63126.8
45871
32664.4
32635.4
47749.1
57278
55738
39904.7
35447.6
31090.2
37852.5
46300.1
37792.7
29455.4
42159.4
62447.3
40020.3
59285.1
34677.4
56159
43245.7
48942.1
23921.5
30515
57528.4
53635.5
61349.8
44217.5
53432.2
38931.4
56340.3
46740.4
42957.6
43977.5
33971.2
61531
64481.1
62718
17316.6
56288.5
29829.3
38431.1
63174.8
39014.7
35541.5
50041
60843.7
63413.4
56224.2
65118.1
55247.5
47489.8
53416.6
35411.4
55443.4
74708.6
37390.1
34903.8
60304.8
50631.8
69219.9
36130.7
45297.5
39287
24975.2
29525.4
40122.4
41737.9
55480.2
61900.6
40594.3
54773.9
31704.6
46764.6
30405.8
51504.1
43072.6
45530.1
52969.7
26076.3
37473.8
35691
54797.8
40218.8
43126
29817.9
29101.3
52211.2
42866.2
40022.1
45810.9
40786.8
35749.6
43246.1
68609.5
45104.9
55820.6
27282.2
31897
44361.7
44987
38733.9
44944
53914.5
33223.4
68538.6
38028.2
47661.7
40005.5
35035.1
39480.1
50063.4
34583.8
38633.8
60489.6
39054.9
31639.8
43114.7
38354.4
52440.9
31363
41357.1
86024.6
31516.4
35347.4
35322.6
54026.2
47793.7
43048.9
29504.7
32121.9
66452.3
62409.8
45567
29039.6
30678.8
33120.5
46092.3
38940.2
50699.4
37917.4
22072.2
50882.8
31067.2
55427
40054.3
47299.8
47380.3
50853.3
34393.7
48521.6
32240.7
67985
35299.5
63857
47777
40292.8
71347.2
58653.2
45888.8
30377
56734
48752.2
28276.6
56961
99261.1
86409
33696.9
42141.8
78602.3
54440
59884.2
66737.3
80735
33430.8
68130.5
40391
41251.3
48648.2
57264.9
43882.1
39119.2
58126.8
39377.5
41024.8
51299.5
48983.8
48206.3
29019.7
44872.5
44861.1
57234.4
43972.7
40120.9
39854.8
49549.7
41686.9
39523.6
38313.7
49253.7
45715
51632.7
45624
41535.7
37388.9
34274.7
49104.3
60135.9
27622.9
25574.2
27108
57230.9
41641.6
41203.2
64349.2
74278.3
45542.6
22918.9
57901.3
50565.2
79045.2
85804.1
59037.5
38162.4
70639
28483.2
39125.2
38884.7
47140.9
71961.8
54769.3
32621.4
70669
57065.6
38541.7
65236.1
62327.4
66317.5
49710
44774.8
50371.8
54035.9
55182.8
51499.8
73210.7
56968
42353.9
42447.8
39242.3
55587
64365.6
53653.4
50769
23281
62480.2
53375.5
50537.7
55774.4
43872.2
63553.4
50408.6
43712.4
31264.4
44892.9
49975.4
58309
72041.2
55727
52160.4
20234.7
57445.4
36945.7
56405.7
60952.2
51540.9
53463.5
38503.8
32091.3
55983.6
38714.4
52753
46207.1
32069.4
32704.3
54794.1
54121.1
34807.8
32957.1
47496
32858.3
39186.9
46430.5
52333.3
36585.6
38511.1
69455.1
62875.4
40530.2
41821
33138.9
28043.3
44229.6
74217.2
37600.2
42254.7
41148.1
27007.8
34463
67437.5
49780.1
45024.5
32607.4
34428.2
44657.5
49368.6
39126.9
35903.4
36328.4
32929
48170.7
57641.4
45040.2
40534.6
38759.8
21673.4
42335
60498.8
39639.8
29129.7
51851.4
60867.4
38658.1
20627.6
50333
42669.8
56430.2
40751.9
39270.2
67205.1
34281.9
60519.4
54647.6
27386.8
43539.1
51533.8
65401.7
44679
44388.2
29952.8
49143.7
51385.9
55154.6
61803.4
66425.7
61564.4
46353.4
83210.6
63053.8
58507.5
59737.7
49983
40928
26831.6
38152.9
49768.4
89183.3
67317.4
35771.9
47575.1
47313.8
69806.9
46028
33685.4
35720.2
49910.7
47139.7
68426.9
20574.5
43024
42612.8
68802.5
39217.4
47768
57446.2
47093.4
31318.4
51996.2
54559.7
47185
86497.4
52191
56329.4
45899.8
38608.2
53763.1
57199.8
58531.5
59529.6
28828.1
60140.2
65685.1
56423.8
37285.8
74493
54063.3
88819.1
73775.4
53414.7
51724.6
48670.6
47669.4
40345.8
81726.2
60356.1
50447.7
42067.8
64093.6
55780.7
52735.8
40617.8
66822.6
45551
39802.1
45747.2
42196.3
63797.9
40004.8
55362.8
33649
52622.4
34089.8
52942.2
31772.4
74706.3
33763.6
38080.9
56605.1
55784.1
61844.2
45410.2
56409.6
74013.4
38199.8
32750.4
37824.2
37444.4
50527.3
66859
50838.4
67079.6
41689.3
34171.2
37025.5
46213.4
58511.8
60639.8
49257.4
41894.4
64839.4
44350.2
75601.6
77707.3
58973.9
33667.5
49144.1
38176.6
64584.8
44958.5
67148.9
39199.1
43513.2
40515.5
49031.5
60833.8
55139.6
35207.5
39698.1
43409.7
54091.8
50943.6
52433.2
25211.9
34099.1
53110.1
41028.2
57368.8
61747.9
69105.4
54905.8
22762.6
50794.9
22206.3
31409.7
41267.6
32408.3
57479.7
51200.2
47031.5
38218
37665.6
39686.7
37858
36274.6
34203.5
32894.6
77060.1
34900.1
26703.4
34806.6
40919.4
52378.6
55438.6
69314.2
96189.7
41301
49315
30125.4
55885
48137.6
60734.6
44395.8
46119.3
79575.1
47700.2
47703.5
42646.7
38043.7
50242.4
64011.9
48202
40908.1
45367.6
49066
45969.4
49500.5
43198.6
41921.2
50642.2
63279.2
74674.6
51932.3
78068.8
64614.7
38298.6
46209.7
29579.2
48554.2
48622.4
48662.1
42200.8
60512.8
58968.5
29933.1
68962.8
61824.2
63947.4
27365.8
60816.1
39386
45705.8
61688.1
36701.8
39423.5
59525.3
42653.4
48303
49189.9
66583.7
68140.3
78518.6
46085.2
35101.5
50407.7
61087.7
61153.5
38428.8
41674.2
53460.4
35220.1
57458
33326.4
50927.8
32653.1
71665.4
53868.7
48191.8
30354.8
36570.9
37429.1
56844.2
46051.5
37455.7
52244.6
67829.9
44337
46577.7
25224.7
47325.8
31676.6
54193
31869.8
40892.9
44323.3
29302.3
36756.6
43378.2
51762.2
51823.5
40826.9
65380.5
34065.9
32607.4
38679.4
45018.4
52261
50460.2
78282.2
34776.5
26529.8
57552.3
45304.2
39037.4
59299.9
33497
72618.9
36306.4
50993.8
54002.3
39469.7
55100.8
61569.4
45587.3
52645.4
43409.7
69527.4
40277.6
40651.4
51220.2
49478.2
45858.7
52804
45214.3
66106.2
37670.8
32532
48409.2
36865.2
53011
33300.6
55222.2
59676.5
48354.9
47719.2
52222
54132
38259.1
55773.4
26535.4
48667.8
24363.8
38727.3
41663.6
72342.1
71229.6
34684.8
55076.8
74020.6
35032
69680.9
39171.7
68528.5
38005
48337.2
74735.8
35048.2
33578.6
58292.6
47210.4
58324.3
55120.3
67931.4
56985.9
62172.5
35856.6
46869.8
65857.9
60616.1
40572.8
47369
63139
69279.9
62840.6
33426.1
47640.2
60316.1
54300.6
39657
29081.8
35431
40145.8
61942.9
65248.7
44333.4
50736.2
49385.1
36828
44146
59943.7
55425.5
50025.1
40318.8
38658.8
29507.6
49738.1
61271.7
69890.2
41235
57385.2
31095.8
50669
32561.7
47273.7
70590.9
70608.3
62337.5
53154.7
50113.5
68075.9
62835.5
43501.5
27789.6
50906.9
71444.3
60718.1
71059
73103.2
57987.4
38869.4
62075.2
81761.8
69032.4
60769.7
50597.4
73149.4
91553.6
61488.6
31090.2
52093.9
74108.5
36829.4
65526.8
34665.2
38652.1
67656.4
46815.4
35106
55979.5
57426.5
44759.2
52367.5
64163.5
65121.4
68426.2
70820.2
48921.8
50025.4
39759.3
32465.5
56902.1
62922.9
56521
61496.6
37414.1
56505.8
60874
33223.4
63047.8
42775.4
33904.5
58658
34445.3
48778.6
111265
45472.7
42550.2
54511.8
41838.6
69081.9
70702.2
31437.8
50182.8
76900.7
29515.4
48242.3
54747.3
45781
43249.5
40856.5
62928.1
44220.3
30725.6
40367
35092.4
47318.4
79349.3
37254.9
49157.3
47621.1
34241.8
58606.7
47364.2
61608.5
33242.7
47993
35204.6
45911.3
36545.2
35437.1
30866.5
52278.8
46321.8
40774.6
36769.8
57898.2
27977.8
53698.7
53907.3
97548.3
28553.4
33899.1
47425
69693.4
58887
39602.3
46473.9
37461.4
29515.4
82153.2
45757.6
67351
39120.4
47561.4
37587.4
42570.7
38441.3
54836.5
59877.9
36959.8
40188.3
41425.3
51178.9
45266.1
81437.3
62865.2
59430.3
48346.3
58886.2
44396.3
54384.2
62997.6
34292.2
93693.9
72574.5
55739.8
46742.6
60182.3
97855.4
40955.8
46001.4
60608.9
40551
33656.9
50665.8
42561.2
58343.6
31364.3
42354.2
40720.6
37495.8
69556.1
60901.4
49709.5
51995.4
31860.4
24956.3
42683.4
58330.2
50500.5
66902.8
47419.1
46961.7
20363.2
37571.2
37786.4
53492.4
58988.9
36329.7
44024.5
35090.3
49402.3
64728.3
54488.7
34788.4
69115.4
51069.1
53484.1
37165
45670.5
61979.1
38905.7
46852.5
51392.7
31860.6
34296.6
28960.6
51827
50822.2
61584.2
33940.8
43494.1
28533.1
25919.8
55237.8
62463.5
99611
52654
41462.4
26239.4
63047.2
62862.7
53183.4
44899.8
49539.5
33115
27609.3
42387.8
93688.2
48513.8
37886.6
70365.4
38286.8
61664.7
30234.8
69491.8
51664
50722.3
45485.2
39672
37987.4
72409.8
55969.3
60308.6
49935.4
60951
53972.6
68862.7
72472.6
36642.6
38601.1
42847.6
52514.2
65459.1
46325.8
58240.3
30652.2
39053
47096.6
53228.2
52601.1
43253.6
87549.6
57124.6
46717.8
56063.4
65562.6
47267.5
34633.7
74453.6
32693.1
42646.6
32089.8
41740.4
37077.8
63489.4
70285.1
55152.9
41937.5
54312.8
84435.8
41308.4
47707.2
43952
74308.2
38175
28441.8
46972.6
56913.9
39203
67909.7
41060.2
37106.5
73184.6
69507.4
41271.4
57540.7
41097.4
62109
55350.5
54095
37217
59109.1
38013.9
52590.6
43422.4
53590.8
51271.4
73262
55427.5
53648.9
31059.5
43167.7
58311
47153.1
46746.6
66464.8
42582.5
39102.9
57728.5
70802.9
52678.4
68314.6
43056.2
59743
46212.9
64516.6
47525.8
29089.3
33250.5
39198.6
55091
29547
36561
68261.7
33196.6
26204.5
26797
68093.5
34112.8
58108.6
46912.2
42026.4
43715.4
35988.2
40744.1
49439
57542.5
34565.4
81014.2
68605.5
39554.6
47819.3
45488.2
55107.9
48385.2
32645.6
53325.4
70479.3
56959.7
56989.7
54784.6
41172.7
90418.8
52082.1
43138.5
49461
46178.6
48776.7
49534.9
59395.4
52776.6
62901.6
25068.8
51416.5
46462.7
74151.6
71382
49351.2
55096.9
45678.3
43345.7
61071.4
48827
49692.7
48065.6
45341.8
45246.1
42996.9
60353.5
43136.1
40399.6
42476.8
32816.3
48373.2
34951.5
38254.2
51142.4
35330.7
33736.2
30439.9
54089.4
54564.7
32187.1
32781
38337.3
52859
50400.1
48809.6
45208.9
37069.8
27564
54979.4
23678.2
52819
72338.3
54996.7
54709.2
52586.7
60740
36743
59536.1
56656
46025.5
46597
75741.3
67212.7
55518.2
63437.8
49962.3
24310.5
40623.2
49931.6
51644.9
39751.4
45722.4
48619.7
61919.4
70205.4
49532.3
46471.6
62067
28978.6
46649.4
52940.9
41143.2
69219.7
65838.6
83190.4
37181.7
55724.7
50017.4
32016.3
50389.4
49450
62855.3
44306
55628.3
69097
68505.8
60783.1
29495.8
42558.7
63255
73071.5
48276.8
79059
45232.8
56612.3
55174.8
48440.1
43573.4
36956.2
64450.3
68732.6
92207
75733.6
61029
76035.7
42625.6
38520.9
57490.6
49293.3
32773.2
50904.4
68333.9
39268.7
34940.6
76727.4
71215.9
67489
43713.9
35282.6
84327.8
43969.8
60993.2
44534.6
26586.1
55035.8
37111.2
58435.8
48032.2
25000
43913.3
43249.2
49421.3
35248.1
32553.4
47583.6
46806.2
41055.4
50977.7
27328.6
72115.6
55105.5
30888.7
55445.2
36180.3
41856.7
60457.1
50701.3
74054.2
54114.4
54107.5
61775.8
53097.2
46486.8
68957
72437
19928.8
38592.1
50954.6
49505.9
57689.4
40161.8
29847.9
44375.8
53635
56859.8
41752.6
41776.7
59539.8
35058.7
53035.8
61972.1
45099.6
40416.9
26123.1
30839.8
69226.8
24773.8
77423.6
56619.8
64350.7
48213.7
34498.9
36337.5
46627.3
65744.6
57930.3
36857.8
37855.2
31005.4
54630.3
64343.2
64783.2
33977.9
31686.8
50561.5
35905.9
41073.7
40132.2
73612.7
33270.7
20951.8
77514.6
39749.8
67473.1
69543.7
48237.6
31001.4
69279.3
32898.3
52575.5
32033.7
29523
36436.6
48598.2
35869.9
53480.6
40509.8
37390.3
64247.3
53669.7
22202.7
42014.9
76057.3
22437.2
35624.2
67348.6
33846.8
52369.5
43487.4
43599.8
55816.2
46495.7
45329
77645.4
37061
40014.3
43496.1
63634.9
72339.9
44760.1
46889.1
39411
74324.3
44203.5
54183.5
31382.6
58526.8
22713
36458.7
35005.1
55566.1
49218.2
49562.6
61715.7
22270.2
45681.3
68819.9
35429.5
67337.3
58800.1
35808.6
45858.9
43623
43569.8
35570.7
93558.1
39557.1
24148.6
43089.3
38716.2
62941.1
48235.2
47274.9
56651.4
43029.9
67954.9
34069.8
38010.2
40641.6
50935.2
48289.3
49022.2
34881
36758.6
32535.9
38886
77963.2
56486.2
59351.6
58332.1
49643.5
41328.7
72934.3
57949.5
31893.7
34877.6
49896.7
60181.3
37850
35414.9
46369.5
40593.5
41343.5
50720.8
53555.1
60939
33730.2
69707
51962.2
40092.3
55831.4
49941.6
56987.9
38367
44235.8
50221.5
48484.6
36407.3
42990.2
44606.7
49767.4
42551.4
42700.8
28810.9
54981.7
45532.1
41141.9
45920.2
60796.6
56074.3
44408.6
53613.4
45037.9
40823.6
72837.1
46921.7
44988.6
43221.3
71778.1
38593.1
36918.9
49721.9
62301.7
57242
45973.7
65422.6
43599.9
65911.1
48578.5
39123.3
59486.8
55780.8
40312.3
67939
49626.7
47218
50583.4
53472.5
66424.2
16838.4
42883.1
27848.2
40093
59338.3
33059.4
48671.4
30735.8
47633.2
26167.9
57334.4
34633.8
44081.3
71903
50413.4
43051.5
28166.9
25635.7
35649.8
44607.6
74783
47002.3
37249.7
27288
61594.2
40506.2
56955.4
25405.8
20564.9
56391.4
51041.8
60429.6
45362.4
44365
59453.9
30759.1
58195.7
60358.6
67299.7
84071
32728.9
36931.2
26781.2
54532.3
46952.8
72149.4
39948.5
68141.8
44030.2
39239.1
39092.6
57700.2
36274.5
77419.6
49576.6
45311
62301
63268
45508.2
56195.4
63823
37739.1
26890.6
38132
55620.5
69076.9
49181
62218.8
30115.4
45781.5
53451.1
41117.4
73661
56182.6
73322.1
42744.9
54038.2
53317.8
36276.3
41612.2
69268.6
50338.6
85514.6
43871.7
50011.8
53845.8
74004.2
44601.1
61158.9
53078.9
41845
74989.4
53064.6
74770.6
40377.5
58858.9
77002.9
47287.2
48875.5
41935.1
66881.3
65100.3
26599.4
57290.9
52354.1
45790.8
66498.6
64852.2
56038.1
69361
60009.7
35696.2
46135.6
30656.9
61754.2
58706.2
70746.2
50969.4
70916.8
45691.8
60898.5
32194
80097.8
55871
62019.1
46979.3
49335.9
31010.6
54779.7
62852.6
46312.1
42146.1
47932.9
64599.1
37088.7
62257
52161.8
33967.1
46381.3
82608.5
67668.5
36766.6
39240.6
45464.8
56954.2
47043.2
61717.2
53235.6
41492.3
35793.8
34930.2
35479
36041.7
44704.7
62727.8
39575.4
24083.2
42623.4
47980.2
34698.9
43204.5
49882.2
32765.1
43021.8
57968.8
65578.7
48689
48530.1
45725.4
40868.8
53873
52362.3
37145.9
59396.6
35591
41793.9
51150.3
62954.2
41432.4
68639.6
67520
97047.9
36942.2
42155.8
42021.3
41114.8
50526.7
53959.7
74399.3
34013
46567
27934
58666.7
30973
39195.9
58815.9
46344.4
46798.9
71087.3
50577.3
53890.1
33935.5
64788
59600.5
44113.8
39415.8
51350.6
46492.7
65992.8
34553.3
46907.4
63361.4
67079.7
54962.5
63508.6
36226.5
27241.2
35997.9
50012.9
31372.1
41504.6
38454.6
43969.1
40108.8
21648.2
68657.8
43044.3
33784.9
67931.8
53406.2
38846.1
49887
29593.4
54821.1
59172.4
46849.4
44502.5
63191.8
52286.7
27368.4
42503.9
81929
62842.5
46440.3
43672.1
51404.6
56501.1
28543
45528.1
55278.6
28783.2
39562.4
39534.9
57109.4
23837.6
53996.1
60372.4
44796.4
38196
49578.3
77252.6
47929.5
59579.3
33018.9
42262.5
30459.6
43771.8
57606.7
25204.6
70266.2
43373
38455.7
51000.2
48599.3
45994.7
55908.8
40159.8
73699.5
24449
61512.2
60026.4
34369.4
61662.8
48953.8
32946.6
44925.7
31725.7
53936.1
31632.3
46499
27774.6
30239.2
46423.4
56029
67917.8
63538.2
33454.7
44869
52494.7
33321.2
49442.8
32995
55225
67419
42107
47250.9
37324.4
42079.7
31089
59823.3
30466.2
57198.1
58419.7
44609
76811.2
36466.2
64111.4
52548.6
30844.2
40209.6
48549.6
47329.9
67047.6
47197.7
43363.6
36463.3
35727.7
65359
40366.2
47049.8
42742.1
61727.6
52788.4
33258.5
49451.8
34348.9
61969.1
57306.6
56874.8
33277.6
48505
63882.9
61102.6
36871.8
46833.4
30412.8
50238.2
34532.6
70010.7
31861
73940.4
49546.3
59942.9
41020.8
48775.7
27210.2
49077.7
62479.7
35859.5
52985
36975.8
40615.6
32881.9
30173.8
48410.5
39461.6
31962.9
35539.4
41164.9
40396.2
54754.7
62564.7
57593.6
61298.9
43822.5
53397.4
29739
45748.3
46832.2
40185.2
50118.2
59694.5
48348.6
38554.2
62393.7
39166.4
34519.9
73560
64414.6
36308.5
39526.2
40701
43918.8
33368.6
31436.2
35690.2
32465
38882.6
88442.5
22047.7
41315.3
40995.9
58000.3
33322.6
59148.2
51971.8
40594.6
23078.9
50491.8
44103.8
57125.9
44819.3
50451.3
53164.9
21024.6
48316.9
52642.7
52770
53111.9
27386.1
66798.5
40931
37183
59928.7
50847.5
70678.1
24808
40165.4
32332.7
54191.3
40108.9
69040.2
32391
40219.4
25391.7
39664.2
71420.2
37597.6
37594.2
48607.6
50989.4
65259.5
55271.3
59089.4
34645.5
54399.5
43549.8
54661
30885.5
82783.4
24336.6
41475.4
39032.6
38984.5
48945.5
51594.3
42770.6
63875.6
30590.6
47607.9
61913
46011.1
56934.8
37961.4
22389.7
58067.8
63260.4
56194.4
65462
47523.5
54919.6
69047.8
50782.6
50896.8
49779.7
74398.5
47871.3
66767.8
28983.8
56552.7
79792.5
55765.6
74625.9
38996.1
36755.4
56858.2
67419.3
68981.4
48728.2
62318.6
42492.6
54272.4
52310.3
74091.1
65512.7
59798.7
36066.2
41576.5
47445.4
41825.6
43301.6
49937.4
36812.2
57400.8
60432.1
47671.8
70390
43743.4
35420.2
62872.7
71806.6
24198.2
49958.7
62623.3
57840.1
57009.3
73887.9
74390.2
48161.4
52703.4
48436.2
63842.9
58907.6
34295.1
79758.6
43205
54739.2
55553.4
58871.5
51116.6
70311.6
46866.2
77232.3
44967.5
70338
57403.4
54290.6
60301.8
27730.6
60209.4
46321.7
29367.1
53027.1
81813
44396.2
64019.8
34623.3
72599.7
45741.3
37029.9
93694
36475.6
64296.6
45484.6
66120.7
29952
52873.1
49048.6
60511.7
42678.6
71015.9
54517
66615
37615.8
43441.4
60423.9
50249
75344
57932.9
55692.9
63234.6
42060.2
54357.7
54679.5
67115.3
55923.1
40155.8
58748
30524.4
61128.3
51862.6
61108.6
58060.7
42461.5
60058.2
58585.3
35482.2
49690
37010.9
69261.9
39618.6
61611.9
44178.5
53913.4
54044.7
45695.5
87580
53719.3
41761
41546.7
50555.8
54987.4
48964.2
42258.6
68369.1
51496
60523.6
38151.8
65178.7
59923.8
49340
49607.1
40417.2
32684.6
66848.1
46920.6
50115.3
75211.2
54760.9
33033.9
65975.2
41039.4
32301.9
52887.8
49385.8
50673.8
52275.3
64620.6
49761.3
60705.4
47762.2
30753
62088.8
53176.2
49048.4
49622.1
36235.8
44464.2
66415.9
23911.4
59637.1
63005
38058.2
42124.4
49256.8
51835.5
77705.1
41058
42087.4
55994
53591.9
26289.5
38549.2
80157.4
46019.9
31985.2
64866.2
45930
71776.3
56287
49987.8
49285.8
55811.8
53720.9
40077.7
51295.7
49201.8
41778.5
46268.6
37969.6
76504
60330.6
67095.8
56977.5
55439.4
68199.9
40361.7
47051.8
51752.6
40659
34279.6
42255
56644.1
57971.7
61574.3
57284.8
51385.6
30854.6
46380.6
62629.3
56802.6
53013.7
60863.6
71733.9
55732.9
52794.9
49308.5
63913
45381
63875.1
38977.3
54195.2
66312.2
49810.7
57441.2
36575.4
49801.7
49213.8
36253.3
44894.4
54324.3
42250.7
59508.6
56750.5
59424.8
49656.6
40648.6
48897.8
56157.8
56611.7
53966.3
48359.6
44543.7
39187.4
24180
46645.3
81907.6
55786.7
36833
59207.4
52069.3
29735.2
30415.8
39143.7
40528.6
38913
67759.8
73324.7
52557.8
69771
60569.6
48165.5
35824.2
38258.6
72850.2
43452.3
29899
42247.9
59881.6
68165.6
31020.8
30982.4
39615.7
36054.6
45760.6
31091.4
62619
39035.1
35824.2
66664.1
35346.9
25641.8
40153.4
21236.6
33770.5
48693.9
42229.8
50576
44159.8
49614.2
49523.9
30117
36952.6
38177.4
31797.5
35624.2
32509.4
45061.5
71145.5
23945
26268.2
33851.2
60556
33622.5
31836.8
52310.5
52198.8
24440.2
29982.6
23751.1
49040.8
40902.3
38187.8
55252.5
38504.5
43121.5
57816.1
50025.5
47473.8
55947.8
44146.6
48590.2
28856.5
45331.5
39315.8
55295
33491.5
38892.6
34766.4
64571.5
46425
62421.8
76127.6
49776.7
52734.7
50039.2
37255.4
33948.5
66969.4
48741
74156.8
49019
43917.8
23232.5
31432.7
62475.2
62186.4
66841.1
58804.6
24196.4
53533.7
50195.8
39400.1
49684.4
51957.7
33781.3
50290
37405.8
37493.8
63543.3
36435.7
64226.1
62962.4
46809.8
36944.4
46959
94042.6
70975
62136.5
50454.1
60105.7
33347.7
48968.6
46859.6
51131.6
37647
39357.7
35787.9
32868.2
48411
60260.9
56049
55345.8
34922.7
48450.2
29159.8
28775.7
51314.1
47702.6
44209.2
47189.5
54537.1
45931.8
58595.3
65626.9
62507.3
79767.4
29586.8
50004.2
63666.7
56416
36413.9
81784.5
79689.5
39956.4
47867.8
57771.4
72907.5
36103.3
37711.3
53826.8
45544.6
37762.6
61048.5
50331.8
39717.8
75094.3
31382.7
30393.9
41159.9
41658.4
43139.2
44898.1
48149.4
57901.9
76266.2
78502.2
39257.4
36767.5
61512.2
52033.1
46705.7
58024.9
66975.4
58700.6
40807.2
31655.6
59891.3
83255.6
46042.4
54337.8
64481.4
48759.2
45238
28179
73232.2
49306.3
60308.7
35157.8
42057.7
25775.8
33456.4
66446.6
49395.4
60861.1
47049.5
48717.8
46566.1
51940.2
78552.5
40561.8
40296.6
26201
48348.6
41774.7
46743.8
56057.4
34178.3
32968.6
60400.9
83536.1
37196.3
64400.5
50201
73953.1
45865.8
47827.4
60408.5
65570.9
33855.7
39450.4
55452.1
52104.6
48270.6
68572.5
67027
24153.2
49938.8
46218.5
61647
51028
53998.5
53385
52857.4
58887
38979
65522.2
53171.6
62826.9
59490.2
53559.6
32639.9
35365
51213
52298.6
57191.1
54979.4
25882.7
44950.5
55665.5
33051.3
58885.8
47470.1
48850.2
46410.9
47428.6
63190
39894.6
46753.6
69611.4
56515.9
61082
39614.6
66411.1
65901.4
40635.4
37840
50831.1
59169.7
45934.4
33915.9
44684.6
70992.8
62057
38862.1
61704.4
66774.6
24955.8
45777
63993.1
36135.5
38315.4
56904.1
50297.4
42374.9
85256.9
48209.9
67507.3
50739.7
42919.8
68928.8
59819.9
42951.4
54005.8
33219
48282.3
58713.8
38986.7
46789.5
59084.5
35512.9
61448.2
53731.1
38135.7
47924.5
71788.6
25882.4
63294.2
47519.9
50512
59135.2
67226.3
48450
61730.7
69903.2
67277.2
83686.8
86060.9
31069.9
66410.2
52611.4
42534.8
47269.6
76560.2
50416
56242.9
58648.2
82942.6
76773.4
51614.9
63567.4
71138.2
64448.1
59899.9
57930.2
53529.5
73396.8
57998.8
29649.4
87747.9
46188.2
56833.5
50917.9
51249.6
32994.9
39289.1
43913.8
66589.6
54750.1
72824
68496.2
33231.4
73210.2
54850.3
47756.3
39357.4
59015.2
53783.4
69448.2
45107.2
46557.3
42251.6
34825.4
41284.6
72044.8
57878.6
73293.4
52378.6
30112.4
41265.3
70144.6
72348.6
54977.2
68023.4
46588.6
48513
45371.4
43685.6
54176.1
65116.5
43080.9
37181.9
54661
65217.8
75227.6
62394.6
25054.6
65002.1
48497.9
45286.8
55833
59101.4
42737.8
55440.4
57923.8
72310
44485.9
66418.6
42548.6
44262.2
50872.3
45893.1
55782.6
75523.5
33785.4
65788.2
83728.4
71838.2
34133.4
68016.7
58559.4
38299.6
56861
65217.2
65195.6
59155
66049.3
74075.8
58859.7
41417
45402.7
71911.3
64710.1
54539.5
45533.8
73152.9
42558.5
52714
60486.6
84306.1
54656.5
51137.6
57289.6
69482.5
40866.1
66270.6
36993.4
35394.9
67786.6
30480.6
57874.2
41029.9
63800.6
62024.2
32570.9
33226.2
53740.1
58015.1
28163.6
58634.6
57915.7
38231.4
35541.1
55281.2
79669.6
60869
47948.3
41783
47132.6
45963.5
43512
51315.3
80871
52523.9
51884.4
36024.6
52705.5
38388.5
39640.6
37861.3
51006.2
34469.9
50546.4
30797.3
56046.2
38326.9
54877.9
47376.2
35909.7
54522.3
62782.4
48631.7
57568.7
72604.5
26869.3
49572.3
48560.6
79304.2
59442.2
46907.8
41786.6
76684.1
25161.5
43741.3
69451
72424.2
38310.9
33315
63015
65973.7
50119.4
53075.7
50072.6
48982.7
40280.1
55112.6
65774
53152.1
42007.7
59700.5
42618
40565.9
46560.5
59368.1
34025.9
53215.5
41473.2
40418
26908.6
43205.4
47313.4
37948
25057.1
50151.3
58132.7
33922
48214.1
39961.2
45975.4
60420.7
55357
27695.1
35023.8
58611.6
42229.8
52667.2
26941.3
73687.5
45509.5
35759.7
70353.8
52288.2
51376.2
55309.2
52009.5
59799.4
45230.9
35548.7
57803.8
69531.4
55899.3
27741.9
60978.6
30830.2
54084.1
78897.1
50806.2
49589.5
30047.2
60199.2
32702.2
47742.5
27244.3
61508.5
82950.9
34961.8
53581.6
56335.1
61307.9
84385.3
50245.4
35130.5
60277.4
51838.1
28912.3
35874.6
73816.5
62722.2
48987.3
58060.8
34140.6
50686.3
54261
50917.2
43024.6
71620.6
40013.8
57273.5
42258.6
39235
48010
64880.5
56069.6
72399.7
61389.5
30230.1
53826.3
54598
58013.8
53779.3
55814.6
41256.7
42748.9
34046
38780.4
50575
42432.9
48478.3
43359.6
43850.6
36350.2
33432.6
88516.6
61611.5
37015.4
38516.6
61043.2
36664.9
54219.2
43187
37888.5
31428
41145.8
60941
39696.4
32521
43086
26311.5
54884.8
41867.9
36502.9
62276.5
63592.3
29065.4
33136.7
34635
50817
58876.9
43251.9
69561.5
35910.6
45309.1
67910.2
50429.3
47868.2
46721.1
68547.6
32060.7
33655
78527.5
43915.7
63127.5
44940.9
75534.5
55695.8
38413
53408.1
47386.4
25813.6
41634.3
41908.5
56710.5
57168.4
50926.6
33920.4
79853.6
41877.8
47260.6
51892.4
41121.3
58377
42866.9
78185.4
26354.6
34437.8
34637.6
52311.4
41258.8
66024.2
35648.9
47876.5
30131.3
71864.2
33235.8
40570
53195.8
61591.1
29123.3
73962.4
70736.1
54003.4
47030.3
48404.2
42042.2
65445
67295
37317.3
52001.9
54054.1
71039
52869.9
47782.6
49779
58655.6
70564.9
49436.6
59510.1
24666.9
32914
60502.8
55049.3
46059.4
45039.8
65992.2
60165.1
41798.4
40290.6
62435.3
26063.3
37956.7
51246.6
68572
26535.6
49666.7
43963.4
50923.8
46411.1
56256.5
24605.4
35637.8
46672.2
24774.9
68186.9
63929.7
64082.3
45505
37591.8
43720.9
54887.6
28716
82953
66925.6
36664.2
59140.5
51631.8
26816.1
49089.2
52952.4
56941.5
71443.8
85322
35671.4
40258.3
28219.1
64185.8
38526.6
38598.8
26727.8
55653.5
43348.2
35947.4
36299.1
48174.2
43274.7
44810.5
27039.6
29014.8
40825
39101.9
56298.6
44068.2
32482.6
51458.1
46576.6
38122.9
25378.5
56108.3
21612.5
33961.5
32070.8
52435.4
33348
41147.3
57445.4
60309
16942.5
33154.5
40193
50509.4
36165.4
42143.7
35330.2
35343.4
66809.8
27231.6
42758
43071.7
95357
53725.1
44060.6
75353.3
56939
50275.2
44733.4
52078.8
35582.2
56473.4
48145.8
42523.7
37453.6
42479.6
55587.6
35225.8
56393.4
58906.8
27224.9
94861.2
37551.2
48583.3
54979.8
82080.3
49314.8
44474.5
60029
43646.4
59690.6
55029.4
55519.3
94625.3
52714.9
63773.6
32397
65044.6
44361
52446.2
44292.7
63522.8
41180.9
36204.2
43175.8
56439
65085.3
47985.6
35417.3
59584
55036.7
58259.4
30438
52009.3
65567.2
31412.9
53158.6
54304.8
48289.4
41792.2
31288.8
46083.1
84934.1
31551.5
92353.9
42516.9
49333.8
49598.5
52299.9
59804.5
42189.9
36426.6
45575.9
50265.8
53961.3
57074.6
69671.6
38249.8
40328.6
71126.6
38002.2
45855.9
73639.8
73872.7
48944.2
47309.1
47992.1
63015
52633.2
35544.2
60854.2
42478.8
63097
54094.8
54481.8
40387.2
41790.6
44724.7
46468.3
50948.2
32723
82595.8
71598.6
44289.8
52205.9
36042.9
62223.9
59736.8
76740.2
66590.2
77137
65038.4
49859.8
30841.6
48210.2
64402.3
53522.9
51904.6
71342.2
53892.3
67864.2
52905.3
37905.7
59387.1
68470.6
47228.9
54140.3
56101.4
23911.8
40407.1
59445.9
59348.5
55497.8
70077.9
33735.9
52154.1
65893.6
31157
31573.4
80525
75536
47739.8
64419.3
35119
57546.3
67565.5
82333.5
80692.7
65403
47923.9
57033.9
46945.6
47417
58529.3
63090.5
62974.2
45039.4
54641.8
42730.7
62000
71972.9
45874
55780.1
42662.6
46475.8
28817.4
48487.2
60074.9
51363
39297.8
35695.7
59742.9
63734.2
41436.6
51203.4
42560.2
48664.6
78848.9
29292.6
40599.8
70541
44655.7
35744.8
68205.1
60375
52420.7
53618.8
58862.2
48548.2
34784.2
56961.5
48499.5
68125.1
66193.2
61743.1
54963.1
58840.2
46548.5
64299.8
42082
73925.8
41559
65889.8
50984.7
39311.9
50913
66948.5
63536.5
50729.4
55512.5
69645.8
52244.3
55281.8
43389
72789
39791.8
46556.1
55433
59110.9
60711.2
78639.6
63989
85118.6
42830.3
57459.2
64323.8
54240.7
57687.5
41282.6
42016.2
64339.9
56069
34223.1
78926.1
47830.2
76942.3
32874
42004.2
72013.1
69719.9
56276.7
80293.4
60350.7
35567.1
62183
48213.1
44030.6
72863.8
31394.6
44843.8
68637
62866.2
52880
36638.4
68453
65619.2
45120.8
59682.9
65061.3
54373.1
31255.7
35784
48446.1
37265.3
44174.2
63689.9
50291.3
38193.6
52269.4
44793.4
58878.9
45115.7
37930.6
88842.5
59169.3
44905.7
47283.2
60490.8
32748.4
44109.5
50979.3
77610.8
34823.4
43223.9
40378.2
59511.2
73966.2
79444.7
59241
55587.1
61548.5
48729.9
63699
56093.4
81398.6
49245.3
43585
78437
82457.9
63105.8
51405.3
47134.5
46312.2
70685
105045
53291
47314.2
79868.2
31057
56200.9
76286.1
59654.5
39239.5
71684.9
53342.2
48792.3
76320.8
48706.6
58755.2
58138.3
52659.4
54630
67842.5
40709.4
51095.7
32707.9
40529
46380.1
50190.4
67438
57354.9
53340
68691.8
35394.2
63724.7
54870.7
45319.8
78333.1
42249.8
51455.5
61818.3
41933.4
57675.8
48107.8
49165.4
41010.2
47450.4
45964.6
61409.4
28307.9
39877.3
41245.5
59848.6
47871
40189.8
70812.3
45671.6
47571.9
57802.2
38620
35680.9
26639.4
41381
24916.8
25210.6
41090.8
69921.7
35749.8
44592.4
61477.6
52982.2
38133.9
70156.3
80625.1
36539.3
44275
29642.3
46831.8
36774.2
42178.6
69129.4
45089.5
42360.9
58491.4
65305
40032.9
26213.4
38159.9
58173.7
42511.2
43643.5
49565.8
36250.2
60015.7
45459.3
29717.1
38531.7
69663.7
42689.2
60203.3
44014.1
43989.1
67592.1
33497.4
39012.3
49451.1
46124.1
27639.8
55156.6
32573.4
51947.6
43549.5
77027.4
24305.6
54153.5
52177.9
51641.9
57460.6
61258
47258.4
65620.3
51657.8
30891.4
36309.7
49545.5
58009.7
45363.4
42239.8
33742
38376.5
37884.4
24107.8
44640.7
32386.6
56685.1
67286.7
42981.6
39741.8
34738.9
23537.1
40130
39905.1
36380.3
32188.6
72068.2
44160.6
72507.7
49791.2
28396.6
61307.6
47516
43913.1
44949.3
55409.4
69088.6
48670.2
48286.3
45072.6
41436.7
47551.2
31485.6
34511.2
50983.3
32054.4
57396.6
54458.8
48055.7
43040.5
54759
71628.3
59844.2
21259
50618.9
26274.2
39689.8
53120.1
47226.7
30077.9
61831
47315.3
43559.1
41701.3
34702.5
36279.9
42187.8
41147.5
52657.6
49544.6
83877.8
50480.1
54667.6
25057.8
39513.3
52127.7
56112.7
32448.6
39145.8
65033
61265.4
70676.2
53069.7
58935.6
18988
60636.5
37099.5
49627.8
44934
43974.1
44757.1
48536.5
41857.3
51079.7
30241.4
37373.4
53002.6
47179.6
45133.3
60764.4
34884.1
44780.6
69729.8
71843.9
31387.4
32247.7
45832.6
51255.1
41700.8
38454.5
48554.8
50078.7
47492.2
48706.2
73777.6
72945.3
40340.3
49375.8
42029.8
39122.9
39127
47812.2
94953.1
40652.1
60415.2
31802
49923.9
43763.8
61562.6
57451.8
58543
48119.4
42309.3
51415.8
65403.7
58365.8
58151.7
70949.6
57483.6
44020.7
64823
32569.8
58628.3
60878
48519.7
29203.7
59028.5
41676.9
50600.2
46281.5
38024.2
47941
70679.4
65610.5
44795.1
40164.9
47028.7
41173.1
52607.7
75634
42581.2
52296.3
31234.8
27452.9
36230.6
38725.3
38732.4
49208.8
57209.3
40962.2
56737.8
19880.7
64670.9
50159
46289.6
69031.4
60787
53996.1
85228.9
34991.2
38359
57546
39547.8
72045.3
49241
40353.4
55279.8
72222.6
43735.7
56671.5
50522.6
51242.2
58002.6
72787
46225.8
43844
56155.8
45839.7
72765.5
83627.8
54565.4
42718.5
55210.8
57217.7
50635
42929.3
51312.2
61393.8
56108.2
49481.1
32953.7
45942.2
59360
40541.3
85391
80873.8
62408.6
44921.2
51961.6
78212.2
51794.4
73825.3
64870.7
66823.8
32456.4
54710.6
44520
63246.1
74336.4
51209.1
50566.6
52729
55799.4
57525.9
65589.7
44090.2
59362
44769.6
80547.2
49374.5
31554.6
35253.2
68338.5
54284.5
53405.6
60703.8
50426
54702.3
45309.9
67627.8
54813
38424.9
79471
68089
71476
60822.2
63336.5
75929.7
67317.8
62912.3
46097.6
67072.5
42182.2
68992.2
49495
42692.7
46535.4
55714.8
63045.4
76128.8
45676.3
63585.7
59779.6
50430.1
48184.2
40003.6
59122.8
76531.2
70588.7
61194.2
62117.7
48707.9
39377.6
55826.2
50980.7
45724.2
62240.6
57676.5
29384.1
56809
44894.7
62021.9
52227.4
67429.1
51949.4
52832.6
51505.2
35788.5
60805
71147.4
67159.1
70988.3
48593.9
55353.6
75203
29766
67442.5
63157.1
62341.8
47486.8
42393.6
38783.6
58289.5
69690.6
45859.3
43928.2
70358.7
46345.2
44445.1
90518.6
46164.1
55787.8
57070.9
60084.9
36667
47892.3
41312.5
57070.4
46781.4
66809
32746.1
61474.2
45507.4
39990.8
74987.8
57065.5
32635.2
60943.1
50867.3
46937.2
39671.6
36079.8
61447
37034.5
60696.2
66062.7
49011.6
29241.3
47306.3
91735.1
59883.3
47947.4
47374.2
59351
33715.2
38284.5
64388.5
59922.6
71631.8
43106.7
38328.2
52624.3
55450.8
91287.5
51752.9
28584.5
32061.6
40021.2
47214.4
45705.5
36582.4
54413.8
44690.8
40422.5
52090.6
46823.2
52879.8
63379.1
43517.8
45244
32023.3
66608.8
30728.2
27645.4
60386.8
46198.6
52218.6
45365.8
62320.4
42977.2
38002.5
51829.3
43921.4
71711.3
38529.8
64650.3
41561.8
45606.5
56342.7
57360.4
45579.9
63432.3
78208.4
24976.5
55445
34419.8
29127.3
72883
74911.8
30682.6
59513.7
56344.5
29766.6
38554.2
46267.4
36343.7
47917
33890.3
61196.9
41986.6
51569.8
14694.2
37911.8
63453.4
49750.1
50526.9
58507.1
54450.9
28870.4
53501.5
36536.1
49722
47212.7
44947.9
47117
39449.7
71811.6
61219.8
71581.7
34955.7
42394.7
36755.8
32219.4
38939
46798.6
55507.8
28535.6
50770.3
40793.3
61724.8
35519
70269.9
48407
40756.6
43361
28954
50529.1
49956.2
51373.8
50357.3
24704.9
24595.9
44315.6
57340.2
56691.6
44862
23739.7
51867.1
39557.3
28921.6
90550.9
45181.1
54771.1
54693.3
50044.5
39536.2
45954
62738.5
38717.7
42205.1
43091
49341.1
53672.2
27941.9
51409.7
78476.9
47890.9
33163.4
62917.4
33685
51288.3
52678.7
47229.8
39903.6
45481.3
63678.8
67841.4
99421
46464.2
68872.4
39138.2
29436.2
61787.2
80689.4
63495.5
66460.1
47054.7
62006.1
79950.6
59947.3
65505
63518.2
79993.2
66420.1
50831.9
70399.1
64741.9
56157.4
54634.9
56192.3
73871
51295.1
63512.2
62854.8
34851.8
62847.4
40564.1
50878.2
26588.2
61018.1
54745.4
67693.8
70614.6
74788.6
51127.6
46507.1
35007.1
38036.8
66118.3
103805
35442.3
55567.4
44483.5
48399.7
36820.6
84763.4
70513.9
79919.2
48259.3
55175.5
32829.1
70226
46406.9
59121.2
51717.8
68330.1
52559.9
40351.6
52669
63631.4
55069.6
41564.6
36470.6
65459.7
45205
43587.4
66724
64099.1
56074.9
41290.4
51324.3
55501.3
46789.4
53077
31860.9
27034.9
62705.7
36743.2
68726
54195
58413.7
27759.8
42342.9
43783.1
52008.2
42882.6
60459.4
38906.2
50964.9
54971
70844.1
48757.8
44208.2
72985.8
68362.4
61712.6
32234.2
72228.1
63194.1
72996.8
51827.2
71696.9
51010
56020.4
29331
87617.8
84819.2
57651
48866.2
51743.9
54384.9
67138.2
89832.6
80128.6
33156.3
64456.8
50381.6
60982
61029.8
54867.1
72432.2
56320.9
82303.5
33955.8
51643.1
61613.1
46830.6
37798.5
47229.5
39461.6
77189
69140.9
63434.3
46993.9
67780.7
61390.8
45359.3
57941.4
45660
39859.8
55943.2
57050.3
52841.5
58999
48006.7
47972.7
42669
76521.3
39715.9
64663.1
51619.4
65556.9
51470
53095.6
69381
39901.4
38628.6
82185.7
30505.4
57004.9
56436.8
53598.1
49658.1
75392.9
100561
57887.8
39301.4
51262.3
45082.6
72792.6
95668.4
62779.4
17347.1
32240.3
64283.8
47282.7
66080.4
54558.9
37730.8
37553.8
59020
63163.9
42362.1
41954.5
63855.5
55153.5
62461.6
55952.9
62213.9
51505.7
55010
47805.4
58588.8
77890.2
76561.4
66941.3
75884.9
51458.5
51365.4
59574.8
60422.5
60196.2
39158.8
37732.3
37203.3
65267.7
54124.9
68194.1
47046.1
41959.8
50052.2
47635
54815.5
63809
36746.2
50189.8
36841.8
53211.9
70050.5
47219.6
31865.3
43740.4
46021.3
65905.6
52882.6
32972.2
54671
46063
37707
49710.8
38131
29900
49744
23487.4
68176
43351.5
57437.8
36753.3
37553.6
28469.7
52136.5
43963.6
34487
52605.7
44242.6
70364
78277.4
40561.2
36086.9
34310.9
19067.3
54479.8
52983.5
60807.9
71014.2
28623.6
56678.4
39264.3
55320.8
35778.8
64901.4
42389
48753.1
61965.3
78408.8
96994.1
62191.2
56682.4
48050.3
47436.2
38034.8
29192.7
69563.7
43970.2
91255.8
66054.5
39042.1
52427.7
64187.1
82362.6
44312.5
35700.3
53039.5
50630.6
47061.3
72915.4
91967.2
35918.9
43227.2
41737.8
57604.3
70005
40870.3
47616.9
44889
70671
37723.5
27679.1
72505.4
64669
52863.4
34927
56156.2
37314.6
69322.3
62557.5
39130.8
58643.7
53209.3
34692.6
60510.3
38121.4
49270.6
44177.1
45620
36929.5
50863.9
55310.9
83978.3
63017.7
78088.4
28527.3
78135.2
66835.9
59155.4
38770.6
30120.9
54512.5
43352.9
61836.6
62439.7
38452.5
36630.9
48981.1
58991.5
60706.2
70567.3
44663.3
55893.6
54870.2
43522
42154.2
58773.2
56935.1
39567.4
74360.6
67513.9
38832.9
25389.5
76801.1
40272.4
49774.4
34363.3
59380.8
47101.9
56258.2
33564.1
41068.5
48073
31951.5
43475.2
48488.7
69477.9
54316.1
43574.6
63297.8
41620.2
76034
67251.1
63851.8
29369.4
71651.4
46367.8
37216.4
57908.2
69621.5
45905.4
51298.4
36327.6
50703
29759.4
46748.8
39639.5
73890.3
46692.9
58030
30436.2
55242.4
85615.6
45262.2
49670.2
57417.3
51853.5
31338.9
55719.5
55442.2
45954.6
29430.5
28880.8
32806.2
54663
32430.6
28283
23896.6
47289.1
55533.8
42569.3
37726.6
50115.4
45792.9
25421.9
63564.3
43636.8
29206.2
23256.7
30952.3
54052.2
28532.4
50134.6
49203
57745.3
22715.1
59033
52183
37170.6
30652.8
47368.7
43179.6
39288.3
41822.2
37639.4
57161.8
41894.6
47426.4
26957.1
58902.3
41246.4
37930.2
33741.8
42111.2
56071.9
57160.7
27809.3
66202
49423
53759.5
42535.2
61524.6
88728.2
47680
44689.8
47569.4
63323
38565.5
59888
27111.8
58888.3
48544.1
58442.6
42497.8
49666.5
52993.1
52648.4
72928.5
65236.6
62829
64012.6
59918.9
53415.3
32187.3
41479.7
53240.5
42182.2
37685.4
64589.4
69735
35461.1
54448.5
54791.1
52276.6
41756.4
73211.9
49766.4
62083.8
44665.8
33736.2
62663.6
79267.8
43657.6
66629.1
65134.2
52910.7
38269.6
49004
69587.4
37227.9
60083.1
50308.2
44587.6
48276.9
63259
55031.5
58102
49778.6
61549
47053.4
48576.4
72839.4
51164.2
52037.3
60497.8
51472.7
34280.1
43435.6
43305.4
53771
48337
51111.1
41469.8
46175.5
35148.2
41917.8
52132.9
47776.1
43819.4
57042.9
40193.8
54355.3
57215
60411.7
45987.6
63370.8
56313.5
64008.2
47820.8
56537.1
39224.8
36982.7
56534.2
64942.9
40040.6
42353.7
43562.2
41362.9
34396.9
56554.6
52948.1
74869.5
46353.4
71390.7
74298.8
32606.7
38847.9
25300.2
40535.8
37732.7
47681
37988.5
43836.2
45548.1
47651.2
77592.2
32701
62436.6
77586.5
60400.5
58559.4
56497.4
55019.6
50592.6
43168
52307.7
43859.2
35020.6
54346.2
43629.9
58405.1
41634.8
86203
55417.3
50809
43996.6
49571.9
39231.4
56886.5
48307.4
36878.5
38296.7
52485.7
59621.7
35730
55738.3
74501.7
31369
40617.4
43086.2
31814.6
53176.2
60024.6
47333.5
34760.6
33699.6
61690.9
39153.3
37404
23547.4
53687.5
41984.6
42852
24165.9
46257
47901.8
68901
45839.6
42794.2
46035.7
46240.6
53554.3
61940
35150
40744.6
28017
36486.8
76256.6
58779
38191.3
29720.4
26919.8
28162.5
68279.1
64583
62032.3
51675.1
44834
39461.6
43377.6
66335.1
41888.6
42295.6
31474.6
44523.8
48778
45442.8
54585.7
32572.8
24748.7
32217.5
47304
53786.6
44104.7
45801.6
41620.3
30935.7
35072.8
38274.7
33199.4
34951.1
52352.6
46499.9
57046.2
43738.6
36438.6
43145.6
57629.1
59325.4
52515.5
37627.4
28830.9
50164.9
40525.8
59213.1
51228
48375.7
33506.6
42267.2
83870.5
47627.2
63257.8
72118
27368.1
31874.2
59341.5
51467.4
56123.2
43536
40502.2
67058.3
77209.8
40765.4
51771.4
29417.9
25374.4
71807
59227.5
40505.3
53706.5
53043
48869.4
76337.5
47521.4
32567.3
50140.5
49737.3
44428.9
30797.8
45082.5
81204.6
66867.4
42635.8
37387.4
53920.8
77523.4
45897.4
31690.8
51755.6
49965.9
45893.4
55926.5
93943.8
35581.2
59779.7
56528.3
47543
41262
42492.2
60962.1
48537
38837
36469
85053.1
51126.2
60352.2
53813.1
50934.2
44545
41737.8
31938.5
42032.4
54136.9
46909.1
56541
41427.4
22507.3
30100.3
57628.8
34596.8
67772.6
30671
31154.7
50170.4
37991.4
75045.4
46217.5
49396.6
39175.2
56293.9
46891.4
28395.8
39308.4
47614.2
56330
44967.8
60398.8
46548.6
45657.7
65482.4
51668.6
42254.9
52016.2
44581.8
71663.7
47218.7
68865.2
83776.6
45956.5
59438.5
63383
56541.1
43578.2
73396.5
62648.6
36832.5
32099.8
69747.3
71306.2
59885.2
37448.8
43016.8
50470.3
27456.9
69027.4
51030.6
61715
53085.3
41870.2
40754.2
40646.3
64560.6
65234.2
71923
38010.1
53602.2
56457.1
62147.5
59212
53540
49967.5
64688
58185.6
64757.9
48731.9
59163.6
41895.7
67169.8
39587.2
37072.6
50691
47983.6
72111.9
48891.8
43290
35639.8
67979.4
48613.6
54371.7
45181.5
35154.5
50268.6
58890.8
66684
55433.3
30136.9
39972.4
56156.5
40443.7
55142.1
54137.8
35978.6
31364.9
67587.5
46380.3
54696.4
41554.3
58249.6
37231.4
28657.1
52483.8
64949.4
56822.1
37272.1
43612.5
31861.8
40572.2
57137.4
69699.3
72942.8
35450.9
57747.9
49505.8
33843.2
63607.9
39348.8
63019.4
54784.1
61902.6
29302.8
59607.5
60156
53339
58889.8
43389
35690.3
66636.9
41236.6
30759.6
36661.1
41385.8
34463.3
53274.8
63119.6
33206.2
45941.1
68651.7
41751.4
42470.3
53677.8
56721.3
64464.4
60311.4
61785.8
51625.4
49441
76649.9
55491
41334.6
73576.2
48657.9
41983.3
62519
38267.5
58897.7
41365.1
52388.4
62613.4
61460.2
74826.3
40424.7
49199.3
39628.1
37713.8
98027
61950.6
57145.8
62689.5
52851.6
38165.4
44183.4
54565.6
68050.3
40421.4
66907.9
61969
40326
80691.6
44813
57593
52772.9
44127.3
31052.6
39378.4
57279.9
41675.9
48679.8
54855.8
62275
51913.7
57407.9
39951.6
55574.6
51921.7
64410.2
40257.8
47955.6
57576.9
39389
101744
69520.6
70579.3
49590.2
60395.8
67642
65615.8
47695.8
67763.9
38447.2
90355.8
43812.5
59016.4
54792.5
60231.9
66483.2
54127.4
45120.8
46181.9
58246.2
59005.8
75655.5
77024.3
80282
41426.1
78422.1
42739.6
70618.4
56037.9
76314.1
90329
75971.7
53037.7
40539.8
63480.6
61581.4
73399.6
81575
65926.2
66433
97416.2
48049.7
68022.2
55801
59994.7
34842.9
50607.7
29708.1
55040.4
51993.9
71094
70117.3
31871.1
39193.2
50406.4
38206.6
49349.1
53447
76737.8
23477.1
33811.2
35337.5
25543.3
49579.8
72403.9
41064.5
30954.4
36453.6
50784.5
27088.4
68219.1
61550.2
44417.8
50151.4
39633
28421.4
66638.6
37026.6
58438.4
55113.5
68831.4
78923.7
56560.7
52649.2
46393.2
63584.2
50128.6
51962.7
51896.4
36776.6
56749.6
39337.2
57691.7
55766.5
48406.1
54232
58797.7
65562.6
40005.1
69222
49995.6
44719
59063.5
70365.2
54063.9
58717.8
60124.6
68961.5
52841.4
49467.4
67401.4
69696.4
41905.2
64863.5
73143.2
32333.6
58301.6
65115.3
40562.9
65415.6
33220.6
43805.8
85022.6
59298.6
58470.2
50646
63371.8
69325.1
49384.9
50930.8
41904.7
60830.3
60524.8
54112.6
41508.9
47132.2
53569
26354.4
59388.7
43390.3
56726.1
51329.4
72161.6
35610.9
38317.8
37154.3
73605.5
55880.7
70244.9
65686.2
30526.4
36536.5
65562.8
55126.9
45113.7
38545.7
85053
46078.2
61658.9
69519
45828.6
63633.8
44600.6
68281.8
75730.6
53692.1
55339.6
50532.6
41801.3
47146
54841
50786.1
58403.7
32314.3
60293.8
41962.9
51144
65939.3
29730.6
58487
41710
44249.6
68429.8
38098.6
44878.6
54712.9
30121.1
60259.5
42350.2
24906.5
64160.2
68608.6
53818.6
25283.1
59717.5
68142
37687.4
82948.6
57047.8
42164.3
48013.7
56968.7
36118.2
57321.1
65566.3
56008.3
68552.4
51153.8
37631.4
56359.4
49767.1
69049.8
39243.8
48349.3
36336.6
62770
43768.6
58995.5
87807.8
48770.3
58565.9
44348.2
41784.1
46607.6
58329
43453.8
41079.4
30243.4
66373.9
58841
59738.6
59085.4
47516.2
51936.1
56740.9
37280.1
58830.9
40628.8
57071.4
51218.7
53912.6
47850.4
69881.6
56260.9
38564.5
46527
53894.3
48564.4
48596.3
68609.4
43494.2
71514.3
35699.5
34090.6
69591
48243
57838.6
43561.4
87344.4
48196.6
60295.4
49335.8
23507.8
57863.9
57065.4
54814.7
46175.4
65902.6
41974.2
51797.4
46670.3
50268.2
40767
36129.9
92859.4
40119.4
72278.4
67971.2
43039.9
33398.7
44526.6
31041.8
31772.4
60684.6
62338.3
37548.3
55635
75231
39185.3
46669.4
58337.2
58714.5
40937.8
62296.9
50288.2
40501.6
41412.1
40053.9
56685.2
33365.6
72547.4
50661.9
52247.8
47416.2
61805.6
50898.6
47094.2
53421
41197.4
46451.4
51412.8
45358.1
28686.6
65905.4
43784.8
37164.6
65767.8
32271.5
58636.2
52975.8
49168.4
48951.8
51587
62807.8
44560.4
91992.6
43483
41150.4
24572.9
45976.7
81136.2
82728.9
52409.9
46937.7
38140.2
54829.2
66225.5
56768.1
43574.8
36861.8
36226.1
38887.3
40941.5
55695.9
52729.9
45039.1
56659.3
46616.8
42721.2
64321.8
35718.9
46555.2
21421.6
39417.4
28309.4
50317.1
31458.1
30626.5
47113.1
36536.2
42005
23330.3
40135.8
44771.4
52249.7
30843.9
39834.3
43512.8
40419.9
31488.3
59587.6
40489.6
35226.9
58676.2
33932.5
58282.6
43093.4
32055
57110.5
46395.2
45739.4
36372.7
21223.9
15396.9
54870.7
58320
40084.6
48362.2
65797.8
40010.2
61865.4
64370
51296.2
31403.2
45136.4
57266.5
44057.8
55501.2
45506
65955.7
34591.3
30630.5
60513.3
51636.4
64411.2
58016.6
32135.6
57931.5
31662.6
39765.4
39854.2
59634
38770.8
40497.7
45416.6
31943.5
66119.7
41897.7
50026.4
74449.8
66125.4
55082
41241
45636.1
35597.4
50802.3
47686.5
58355
42187.8
65310.1
42648.9
45686.3
51384
58980.2
59461.8
80736.6
34527.6
41312.6
50015.1
37422.1
45809
50102
45531.1
37250.2
42122.9
52941.4
44040.2
53485.5
40340
42302.5
37723.7
33598.3
58313.7
79879.7
36442
42558.5
76480.1
56808.6
53469.4
43980.2
62906.2
55963.2
52578.1
51511
82468.2
45309.2
86278.2
48527.1
51841.8
60788.6
63832.8
45968
76132.3
50273.8
69581.4
81562.6
66494.4
84565.8
49519.1
64710.6
46977.1
42104.6
56342.3
51297.2
63326.6
37051.6
62318.6
26303.8
23844.9
58734.2
51702
48297.9
42848.7
33347.8
71644.6
70746.6
44144
33368.6
48159
31750.3
57208.2
53668.8
48373.6
32715.4
52519.4
45020.5
60699
26568.8
45947.5
41856.2
72986.9
45616.6
68547.7
61100.2
64820.4
47949.9
76424.6
30346.2
51709.8
54868.6
49742.4
36889.1
36018.2
69497.1
50587.8
54927.2
80738.6
56010.2
36260.8
52389.9
33387.9
53232.6
49574.5
46614.5
61400.3
50859.3
60546.2
45419.7
63770.2
30962.3
44079
69026.2
60096.9
68968.6
67767.8
34837.4
43139.5
30637.9
54188.6
50315.7
60881.8
63040.5
48848.6
40114.9
31511.8
30081
47944.8
65659.8
41838
53967.5
45245.6
29648.2
63069.9
76702.6
53822.4
63689.1
27737.4
41462.5
35911.4
55646.3
49625.4
28403.7
58075.2
57083.4
49094.4
55987.5
61524.3
59166.2
45284.8
62555
59010.1
41188.4
59922.1
41931
56197
32610.7
57911.8
21952.2
60159.8
58765.3
73995.3
59827.8
34614
45429.4
45128.2
46255.2
46226.2
59403.1
54959.6
50602.4
39842.8
65145.5
35357.8
56168.4
45886
35154.6
63497.8
46008
42607.8
33982.4
74758.6
43832
36331.4
55069.2
36006.1
50596.6
65405.3
73995.1
33547.7
32907
65013.4
43538.3
59457.5
65280.7
58732.9
52558.3
50221.8
35508
39159.7
70055.5
60128
52358.7
61432.2
49679
47218.6
58564.5
63340.4
51422.6
47264
64893
61801.2
36804.6
54711.5
51762.3
33278
62091
57153.6
58809.3
61364.3
28575.2
45951.4
29743.6
44110.3
55131.3
54597.9
31365
34859
64475.1
34215
58735.2
46223.5
50399.4
40685.4
30257.8
67173.8
72057.7
27595
70678.6
47981.4
40595.5
46993.5
53671.3
48736.6
47350.1
50909.4
38420.9
79745.6
59551
59627.4
60199
43415.8
64186.5
41991
67987.7
68718.4
35230.6
49623
69128.6
65631.9
42759.5
41545.5
67000.4
79251
57654.1
83597.4
46800.2
63221.8
56767.2
55628.4
52872.3
54319.8
56555.6
59401.4
39035.1
83168.2
50988.2
61064.9
34539.2
43089.2
47195
54949.6
60473.2
57292.4
52686.2
44539.1
53998.8
55879.1
77218.4
54713.8
66356.7
52412
68240.5
61336.6
70635.7
41531.4
48947.2
38758.2
45182.7
63501.5
55469.8
65777.8
62035.6
58568.6
31273.2
47605.8
51856.2
42802.6
66557.4
37033
69101.2
60514.8
77488.2
64528.2
47474.3
62278.1
54769.4
58492.9
48253.8
37875.8
44405.8
76490.3
42017.8
52046.6
32332.4
31213.7
74096.5
78113.8
47789.8
62734.6
54617.5
64537.2
42555.8
62750.1
35665.1
57047.4
46867.4
90489.8
70977.8
63496.5
40423
59571.5
40013
44545.4
63902.2
61780.8
47756.9
45723.2
43858.7
50265.5
42482.1
38120.8
58137.9
76620.8
46910
60041
46610
41485.8
60662.3
84137.4
69907.8
63705.8
38309.3
60495.3
37379.9
48022.5
39960.8
49721.9
57956.6
33451.6
78014.6
77913.5
64088.2
46155.4
56766.1
47963.8
42997.4
46610.8
59251.1
59962.2
54130.1
63261.2
42292.6
52914.4
30850.4
37727.6
46739.6
35647.5
64369.2
42999.5
36873.8
50828.7
34411
37786.8
65440.2
50457.4
64031
39817.7
56150.9
31894.7
34196.3
43356.4
49442.7
55040.6
61810.2
45250.7
27640.6
52793.8
16488.3
35954.9
32528.7
56038.2
35707.1
60978.9
37600.5
28919.2
64052.2
38708.7
38358.6
48720
56508.8
43900.3
50850.9
38950.2
48245
59677.7
32078.5
46753.7
38953.5
55405.4
52768.9
62025.6
49129.5
64643.7
59810.3
44133.1
31706.8
59729.4
61641.5
34716.2
56007.5
34310.3
44200.4
26979.8
46551.8
53801.8
34072.8
58158.6
38526.1
33151.2
34505.4
49897.3
37874.3
30497
23682
41733.4
48388.5
30661.9
47225.2
28497
62490.4
40559.8
51123.6
47987.2
52981.1
49629.4
41271
60552.4
35369.5
50179.7
61795
21113.1
22489.2
85385
61371.8
37926.6
40601
53526.5
65427.1
50399.4
35722.6
31509.1
51226.5
32754.7
70077.9
31468.8
63128.1
79144.4
27366.5
24940.6
39634.6
32312.1
66899.4
36485.6
37832.3
35907.7
34013
60987.8
35120.9
54165.1
59671.6
39747.2
67107
44259.8
53653.5
40437.2
72545.2
34531
51261
59311.4
57605.1
51891.2
44023
66579.2
47683
55543
57516.1
54852.6
39062.2
44470.9
52243.2
32072.2
37072.4
58566.2
59540
29752.3
48877.3
58732.2
41063.3
68735.4
53382.4
35478
45799.9
67456.7
49979.4
32903.8
45113.8
27995.8
63566.7
86362.6
51733.3
34708.6
50643.4
46038.6
60828.2
50934.8
64215.2
50078.1
43093.4
70139
65623.2
74528.1
56083.1
65932.9
39218.3
43388.1
47116.5
60636.2
58034.2
60551
62250.9
38757.2
48946.1
73883.9
79343.8
40373.6
55467.6
40823.5
41156.2
47234.4
42900.2
48861.4
31414.9
49777.4
41928.2
50621.9
53124.4
42504.7
61899.1
49227.4
49827.1
38497.3
46448.7
57077.8
43095.7
58167.3
40269.5
49157.6
65703.1
56183.1
67150.2
48562.2
40612.3
69683.3
47609.4
61168.2
54427.6
61879.2
47546.5
48361
43831.8
70897.2
58195.3
32109.2
63687.8
50888.1
29856.2
54139.8
66158.7
54663.8
40178.3
69010.5
73596.9
37958.2
33557.8
50078.4
52584.1
42349.1
36000.8
68072.8
38946.9
39986.3
64070.7
38354.3
35403.9
58369
80001.7
31181.7
65931.9
41024.1
41541.5
28079.3
62186.3
81754
49475.4
65646.6
61775
48252.2
52893
60172.7
51449.3
62022.9
33682.7
59342
58459.8
52885.8
51742.8
72739
59357.5
44414.2
29645.4
48015
49060.5
43287.4
51106.1
65154.2
38569.2
52733
42373.3
64783.9
60537.5
59028.4
38755.3
53108.7
64034.4
47896.6
48056
58567.2
44998.2
84038.7
55266.2
53853.4
82597.2
37511.5
47399.6
44898.3
75651
38815.4
73186.5
31703.7
78294.2
64144.6
35988.5
67205.7
45715.1
57497.8
80404.6
35354.2
50502.3
40132.7
43514.3
31700.1
53394.8
77460.3
47921
80230.2
45020.2
41067
52288.5
81487.8
41255.4
77974.1
45454.2
74793.4
48345.8
47717
33813.1
71598.5
60761.8
56609.5
46244.6
77001.6
57027.8
84349.7
48445.8
45792.9
72153.9
48511.5
49545.4
66297.6
53696.8
64317.1
49593.8
38907
44945.1
33241.6
36742.3
55615.4
41028
49846.2
22398.4
56044
33771.5
44465.6
38563.8
52327
67271.4
56921.8
50997.4
41994.7
30393.3
55145.4
56128.6
68279.2
67193
42968.5
40019.1
43896.3
48348.8
39558.2
49787.9
51478.2
32197.1
41207
52166.6
47682.2
34200.8
41455.7
30033
50042.2
60423.8
41497.9
48325.1
62865.6
46558.2
35688.7
56086
44846.6
61050.9
53867
35893
56425.3
49198.7
39746.6
66432.2
50642.9
36957
34609.4
60344.3
60410.3
35558.2
54808.7
43735.5
57418.6
52394.5
45670.2
50813
90105.2
32417.8
57900.2
44325.4
63224.5
63725.6
56138.5
70728.9
63325
75624.4
45458.6
67530.5
46741.5
64107.2
50551.8
53144.5
52155.8
78467.9
63307.3
59547.5
62649.4
63609
38749.3
52021.5
81931.4
53102.6
64507
39032.2
61010
92020.2
53119.4
54781.6
49561.8
50583.8
52098.6
53899.7
57200.9
81246.5
64735.5
66699.8
46570.6
46104.6
67095.1
69441.4
71202.2
59899.7
37663.8
42719.5
67511.8
78333.4
49950.1
59130.3
45822.5
46703
63489.5
49464.6
66810.3
49041.5
46378.2
40569.7
35147.5
66905.5
61331.2
47294.1
57707.5
35056.9
68698.7
39710.6
48532.4
41483
60381.5
45100.2
39909.8
48388.6
50552.4
35571.3
75842.6
48649.5
37813.9
43772.2
51557.8
42070.2
35596.1
34881
45098.9
60144.8
45798.1
53901.7
69048
72063.1
38280.1
33664
74666.6
47784.3
41789.8
59674.6
43789
36420.4
54214.9
54326.9
43130.1
65907.5
60462.9
73563.8
45157.1
56814.7
32151.8
70619.1
46795.5
50661.5
50796.6
99289
29310.7
45830.2
68067.1
61967.9
46112.2
38129.4
39783.4
60491.6
53507.8
65817.1
52237.7
34998.6
57892
35541.4
61634.4
51553.2
59217.6
69098.2
47832.8
45052.2
39650.7
37900.9
58824.1
63411
72074.9
63087.2
39431.3
39424.2
38311.1
56595
57552.2
49611.5
60207
33685
46006.3
50554.4
43193.4
62867.4
33207.8
57924
43492.6
30042.6
80054.3
66134.8
35655.8
83191.7
41723.4
37688.6
58045.8
59485.4
39317
53616
33743.7
33121.6
46845
39647.8
72099.8
22599
54172.2
23627.3
47957.5
34357.4
31020.2
44158
71899.9
50693.4
32515.8
58940.4
42862.6
53104.6
48601.1
34785
38036.8
60414.4
36936.3
23250.7
56875.8
45809.2
67588
45566.3
61820.1
46379.3
41532
62238.6
48940
65829
45038.8
38850.2
36021.4
58113.5
72521.6
68654
61778.5
31603.4
34074.3
55313.8
52953.1
50079.8
48858.9
45479.1
47825
46435.3
57960.1
57709.5
39450
39020.2
52482.6
22882.5
34511.8
30213.5
54615.4
64874.5
27862.7
49430.2
34474.6
57302.8
46313.1
61569.8
84492.6
47493.6
49082.2
49349.4
30675.4
36689.6
60564.1
55628
34663.7
78248
46253.7
34809.4
63658.5
78255.6
28118.4
45479.7
20678
41032.5
39652.2
55498.6
53856.9
41000.1
63066.1
25963.5
35697.8
81037.4
60497.4
57157.4
44472.4
70206.6
44158
68285.3
53117
82510.2
45123.4
69456.3
58488.3
24284.1
48588.7
55543
71598.9
48156.2
61961.7
43107.5
25423
42135.3
43863.8
62238.4
65903.8
83346.8
58065.7
54702
34219.8
31548.1
59738.4
51515.8
40560
77458.8
30413.3
65305.5
55098.4
53054.5
60449.4
52126
49842.2
44928.1
42413.5
58017.4
59419.4
44962.2
76894
44752.3
46109.5
41815.6
59554.7
47327.9
80536.9
49690.2
43521.4
39434.9
53094.3
57088.5
75175.5
43998.3
53828.4
65933.9
29323.5
40875.5
61649
56576
61493.2
72927
32158.5
43098.6
52656.7
43654.7
28146.7
41128.1
61046.4
53652.8
47460.9
50097
42860.6
63190.7
46361.2
52589.9
50355
49172.2
60952.2
43257
23652.4
44356.3
74914.1
65050.1
30639.3
48115
47248.6
54453.2
28045.2
65702.6
48304
39618.7
55066.5
37190.2
45463.2
45325
48086.6
43268.6
56956.7
49827.7
45120.7
77211.3
71812.7
42626.6
45702.2
26328.5
24724.6
35880.8
28292.4
63061
41615.1
42080.7
70038.8
38149.2
61424
60362.9
51732.5
48949.8
57829
56988.4
36018.1
39669.2
37441.4
34831.6
48348.1
60593.3
68161.8
40687.2
49973.7
50549.8
52619.7
79433
55446.6
42857.2
28867.9
26533.4
45098.7
65461.2
30480.4
28984.4
36019.3
37547.3
28217.9
34638.3
29792.4
36370.4
56308.5
47871
50824.5
29850.4
44423.1
30021.3
36264.2
45991.8
63540.8
35470.6
54249.6
72425.5
45639.8
34223
82399.9
46385.8
77648.7
55478.3
30877
52017.7
44118.3
77437.6
54306.7
57948.2
30008.9
36505.2
84449.1
63058.7
41433.8
46527.8
35588.6
54890.3
40521.3
49031.7
68348.5
73306.5
60054.9
50815
39717.7
54776.8
70189.7
65400.2
48529.9
29857.4
23179.4
46752.8
71587.9
62242.1
43436.6
40984.4
37043.6
50047.9
48255.9
68555.8
34714.6
39547.8
34085.4
36598.8
32410.2
42131.7
49555.3
31030.4
55451.2
43954.8
36333.5
52305
48367.1
45784.5
53738.9
53332
61991.9
59779.5
34781.7
62150.9
61630
56538.7
62978
63417.5
54987.9
32302.9
53031.6
52494.2
24848.9
59241
56046.6
48542.3
43528.2
45134.2
24147.6
36195.9
57028
39943.9
51928.1
41431.8
51264.1
58716.9
34430.3
40713.8
35418.6
46066.2
46228.6
41214.1
55413.5
57780.6
37896.6
21009.4
71778
50744.5
42943.9
43803.6
38309.4
41741.1
48686.9
53136.1
54354.8
65537.8
27110.6
29372
46071.8
41789.3
43098
45839.6
41748.6
33942.3
70720.2
47789.8
54351.4
54901.8
52244.9
47029.6
35126.6
39669
56856.4
41540.2
26841.8
56679.8
41374.4
55733.8
48163.2
26937
44528
31108.6
28681
65035.4
38654.6
25582.7
88113.6
69798.7
47598.5
31748.8
26521.4
46429.4
63501.9
73615.9
62420.7
50492.4
39788.6
47783.1
46649.6
85385.2
55140.5
62115.1
35385.6
46267.8
38990
48772.9
39188.4
36651.7
62063.2
33799.5
89517.7
41675.3
41953.4
42615.5
44864.6
43949.4
43324.6
50872.2
20607.7
45136.6
60235.8
89605.9
65643.5
44390.3
49004.6
49252.1
51288.2
50136.1
51725.8
61352.9
32589.4
40392
45643.6
59756
34170.2
58384.3
53440.4
54922.6
62254
67857.9
39239.6
48218.7
42165
40779.3
26728
48243.6
37568
63679.4
45142.7
48725.5
39859.4
67846.5
44464.3
61743.8
52877.3
51503.6
39454.2
50883
62716.9
27096.2
41808.7
35679.3
60935.3
49204.6
41867.5
44447.4
43825.5
36990.1
55836.2
58705.7
60384.7
50598.8
35139.1
56330.6
61539.8
58980.4
49704.6
41520.7
32911.4
40109.1
37639
74258.3
50168.2
74981.8
58820.7
19150.2
47535
56320.7
47032.6
64914.4
57277.9
35365.6
40402.8
62089
37999.1
91278.5
59097.4
48172.6
60099.4
47030.6
35516.9
58815.7
28794.7
31572.1
34994.9
35414.9
38289.4
87303.5
64093.4
66515.5
57602.3
43662.2
49941.2
39180.2
89204.2
55651.1
47160
51454.5
53146.8
53956.5
69496.6
43013.3
58814.6
69130.9
37768.5
39039.4
53316
95745.2
41234
18628.7
60080.6
64668.1
67990.1
67716.5
57313.1
76249.4
73042.8
64706.3
49241.9
39442.2
59508.3
57153.6
50011.3
50663
57793.5
57736.2
57019
58939.8
67739.3
38075
37962.3
71873
37809.8
47004.4
49038.6
70836.4
45317.5
59376.1
59248.8
45338.3
25933.6
39147.8
72687.9
49960.2
58769.9
43226.4
50423.1
47652.4
71085.2
28062.1
66681
80362.7
54687.8
27266.6
87583.8
62080.8
55218.3
43541.6
61427.3
73358.1
76151.8
79965.3
59410.7
41157.5
83321.1
44686.5
42621.7
67741.7
84349.5
73233.4
52108.2
66483
39271.9
75247.6
96601
59647.5
54514.4
48128.5
74219
49708.4
56830.2
58177.1
55122.8
84866
71388.9
36593.1
85420.8
61495.5
51315.5
64753.7
39979.4
48079.1
45897.8
58867.3
47318.5
47959.8
30539.3
64849.4
42822.6
65922.4
79272.2
47957.6
61191.6
33079.7
43610.2
44393.8
61358.4
30666.6
39419
35236.2
58667.6
37756.6
45995.7
25280.6
43964.3
62877.8
42217
49128.5
24486.4
62130.6
51112.2
48301.3
37796.1
38771.9
51516.3
56971.8
60382.1
45913.6
25744.7
53502.7
46009
58188.6
47855
29124.6
59222.7
63683
45886.4
57939.9
64209
51368.5
40069.9
52722.9
29799.3
28368.7
57577.4
75923.7
43038.2
54945
39253
80764.2
54429.8
54730.5
46706.2
43723
35738.2
49478.6
44827
35631
48427.4
43249.6
53928.3
60673.3
31700.1
63396.6
43444.1
45775.1
40166.6
47998.2
60262.5
52172.1
58132.1
39003
31775.6
91381.1
66419.4
60558.5
51102.9
72188.6
66211.2
51026.5
54565.5
46679.3
36850.2
32021
66276
67897.4
53535
53696
68243.1
52059.3
40248.2
58448.9
46776.7
41928.6
57852.6
43607.4
62678.2
61806.6
76724.8
56535
25840.6
77167.2
36123.8
45792.9
49374.2
50274.8
34030
37968.6
53603.4
30131.2
44985
45129
43847.1
82829
56451.9
54230.4
30335.4
36513
56714.1
41426.1
43466.8
46501.7
51157
27165
47009.6
56377.1
47802.7
61444.2
44807.7
33949.8
76810.8
44747
39754
51382.2
51071.2
66716.1
64211.4
45130.8
28646.3
38082.1
37484.6
35772.5
39317
67964.2
39904.5
53861.4
36090
65595.2
49589.1
48468.5
99907.7
70818.7
48507.1
42298.7
52970.6
31744.6
51682.6
53332.3
45895.3
54754.3
61221.6
45688.5
35708.6
57134.2
44048.1
48981.7
57632.7
38655.7
78452.6
47134.1
27972
53691.8
30434.5
41103.4
62076.9
48736.4
38398.1
38873.4
45572.4
25483.4
43882
32312.1
58416.2
32511
47859.4
28865.4
72242.1
57213.3
80735
34323.4
44057.2
42517.8
38816.6
40988.2
58876.8
60853
40721.4
33682.1
63251.5
46593.5
50954.5
65572.3
52698.7
32178.2
39722.6
79861.1
55066.2
54927.8
53320.4
47381.9
50777.3
75004.6
48366.4
65920.4
64343.4
47130.2
41517
41652.2
41851.5
51065.9
63504.6
64057.9
33766.4
39103.3
63699.5
34860.6
51713.8
64103.4
78272.2
68125.7
74253
74532.8
60039.3
35521.6
51169.2
46581.8
42412.2
56125.5
48590.8
66214.2
61764.6
38197
52456.5
66600.9
49380.6
51162.3
61714
37370.4
46897.4
49054.1
45449.5
71459
39795.8
53780.5
48429.9
41024.3
66887.5
42137.7
62867.3
46539
52200.5
39788
53819.8
51703.6
45119.3
47616.3
62245.5
43020.6
51452.1
53602.8
57980.8
39361.7
42308.2
73023.8
72356.7
43262
66429
24220
40003
71215.2
51742.3
43350.4
68035.8
30651
47874.5
32928.6
42151.7
50238.1
59617.2
42923.4
39651.2
52337.8
55071.2
47092.4
54112.3
46567.2
40672.4
61708.5
46483.7
86440.2
34621.9
42119.5
47360.1
44458
54223.4
56484.4
49083.6
57969
73972.2
55629.4
55825
65310.4
41645.6
64228.1
40734.7
46940.5
37589.4
70389.9
56418.3
34607.6
48888.9
37714.5
42810.6
42887.5
34369.6
68042.4
45989
78517.9
40904.2
39668.4
31581.3
61320
55794.3
46782.2
28691.4
52533.3
46620.2
44984.9
41465.4
38447.3
44369
49106.7
38831.5
60220
71285.8
41204.6
47889.2
38920.9
39120.2
38322.1
47641.3
55213.1
59163.2
46459.1
57020.2
52774.3
53675.8
40189.4
82459.7
31559.4
53647.6
54616.6
58255.4
49732.2
45277
35880.6
103442
34864.3
41051.3
36642.8
66883.3
34395.2
60565.1
46831.8
39424.6
41165.4
64521.9
30959.6
54111.8
44397.7
64127.1
32486.6
30254
55178.8
32023.4
60157.5
44998.4
82196.5
62074.2
51022
35035.5
40014
50840.4
37619.3
58129.9
76156.9
55413.5
56583
39292.1
50405.3
39307.7
74879.8
32986.2
50321.4
51039.8
34480.6
40300.5
46345.4
59059.1
58823.3
43697.1
39056
45911.4
46426.2
28599
54974.5
50244.5
71211.7
50519.4
30174
69858.2
37985
38170.8
57478
45620.1
59301.9
24391.3
57643.6
50787.2
38478.5
35949.8
82186.7
38982.1
76201.2
66507
65779.2
54031.8
45579.5
31934.8
45593.8
58551.6
37999.7
60711.6
42466.2
24851.6
35687.1
37507.6
36850.5
42712.1
52084.4
48949.6
50328.4
33803.8
49089.7
63303
25055.4
50653.3
49512.4
44089.6
50474.8
25931.9
48723.6
39353.3
45308.1
50105
46882.8
69832.6
28055.8
57426.5
31489
39703
67321.5
51084.6
38915.8
51375.9
50039.8
63558.6
51645.8
42458.5
35151.8
32873.1
44778
39653.7
46889.2
48475.4
50932.3
43210
29995.4
66433.7
62874.6
39010.7
34154.9
53575.9
36246.9
36069.6
58328.6
56827.9
41907.8
50098.4
53401.9
53752.3
50826.2
32652.8
60335
66173.6
52734.2
38870.9
57398.3
55948
33266.3
65088.4
29251.6
44610
60351.3
55376.6
39461
49834.3
57607.3
44323.8
68714.8
75637.5
47745
57239.6
42805.6
59652.6
50238
67415.4
68592.2
47207.9
54555
43761.6
46462.4
55598.7
70671.7
64297.4
81105.3
43293.8
47583.4
39554
54236.5
81302.5
95742.4
55004.1
38632.9
45536.9
35618
72888.4
62418.4
63063.7
70288.9
44425
47450.1
55600.3
50257.9
59278
62077.4
66764.6
72796.4
56401.9
51843.1
61214.2
58806.8
65717.6
40511.8
68632.6
59431.6
53354.7
43737
57260.2
44148.6
62831.8
36105.4
43953.7
58557.4
32055.7
56845.1
46661.2
43811.3
71378.5
46719.8
41536.4
46527.9
43076.8
40858.2
84804.1
50848.8
43587.4
30552
35257.4
57093.8
33583
66664.5
47591.8
65841.5
45546.4
45343.4
55357.8
77459
66015.9
39338.1
46170.8
26729.4
35110.2
53030.4
43461.8
63878.4
39929.4
62194.5
24353.9
57356.4
70955.2
47337.3
36622.9
38768.5
36261.8
38092.5
39072.9
28861.5
55718.2
37414.9
50387.6
41908.6
39475.4
50621.2
54792.6
44055.7
42502.3
49994.6
36292.2
40481.4
56818.6
66056.2
81389
37241.3
48504
63344.7
48321.8
41385
48829.3
45844.5
37667.6
47383
66539.9
112053
40778.3
40842.4
38748.6
40239.7
35181.9
55300.8
57768.1
38620.7
31260.2
66624.1
69107.2
68724.3
53114.7
54804.7
43997.7
30156.9
80571.3
64508.3
35868.6
39187.7
63109.6
38110.9
51321.6
51226
49790.7
65319.2
33298.7
47799.1
37711.8
66560.4
45850.9
39265.5
33114.5
50686
45877.8
40586.1
65661.6
56520.3
36080.6
43663.9
49576.6
49540.2
32713.1
44855.4
54619
37862.8
48755.3
45354.2
40429.7
54050.7
52877.8
28212.5
27633.8
30817.1
56780.7
36588
64997.9
47628.6
44202.3
43716.2
63351.4
28947.4
34583.5
63041.7
24018.2
32994
47932.8
56140.9
47557.4
56727.8
35606.3
27408.4
36932.2
61217
57938.2
59063.1
52271.8
33916.2
59726.5
64265
39441.8
45903.9
41268.7
31775.4
32435.5
65926.6
54763.8
78725.5
33189.2
55796.5
52454.8
39678
62916.6
48189.4
47542.6
73887.2
54360.5
54538.2
57389.8
42256.2
25805.7
62851.3
45858.5
63897.2
31106.1
60181.4
77663.3
47595.5
50969
35735
69991.2
60412
46412.6
68146.2
77891.3
54736.1
52761
100414
48411.5
32893.9
47905.3
49711.4
44467.8
52302.8
45136.3
37958.4
49856.6
75906.6
73869
63916.6
39566.8
35222.5
40186.8
68978.2
52491.8
54117.6
35359.3
81397.4
49763.4
56136.8
55731.7
48693
36607.7
34145.9
42038.1
43238.9
43769.3
54845.2
28668.3
37404.2
44206.4
43798.8
52049.1
70819
43787.4
38620.2
54797.4
62496.3
46553.7
72902.4
53936.3
32746.6
33159.5
66015.4
69720.7
57099.4
48307
34905.3
44711.9
53228.4
49096
53630
56213.2
67537.1
41392.9
61932.8
58900.6
70745.8
56698.1
37983.7
52999.8
50137.6
51886.8
36274.2
65445.8
68926.6
35132.4
58674.7
58119.5
59581.4
33705.7
57556.4
53461
30644.4
41719.9
30323.8
45605.1
36368.4
39425.8
36771.8
53877.8
52723.1
56200.5
55946
47690.1
37886
33770.2
39034.6
91397.2
69677.9
57801.5
55931
50818
58331.4
60591.6
63424.6
41366.7
33184.7
50755.8
35930.2
66725.8
42034.5
75640.6
43715.8
65505.7
44679
52309.4
30194.8
28417.3
31261.8
37097.4
35717.4
47099.2
46821
33757.8
49365.4
36498.7
23691.1
55718.1
41239.2
38919.9
28846.1
18112.7
82280.9
40463.4
48907.2
33150.2
75237.1
33017.6
33055.3
38786.2
35662.1
52128.8
40671.2
35958.5
41016.4
71419.2
49583.4
47605
42045.2
43913.6
48096.1
34826.6
94345
39085.3
46588.7
56899
26300.6
55803.6
45537
53667.9
47093.2
70156.9
38875.2
53064
58919.1
73986.1
48684.8
59126
53824
40025.4
43509.4
47583.3
61536.2
52566
58689
53647.7
54660.7
29549.1
64755.1
41738
46089.3
58547
39911.5
51954.1
26999.2
65300.2
50966.8
62088.2
25705.2
37528.9
29546
34947.2
55921.4
20926.2
36043
48963.5
52769.6
64459.5
34885.5
43642.9
40109.4
45365.1
32818.8
54703.5
31922
45301.5
33256.1
62493.4
74976.6
39079.4
42063.8
34836.5
78970.8
67474.7
41127.9
27450.1
41748.4
41104.6
58547.6
39768
54504.6
43166.8
55398.2
39623.5
51853.5
49902.2
24799.4
21815.8
62088.9
38773
44885.9
44234.8
55371.4
51916.6
38440.7
42593.1
52864.6
57784.5
54016.9
29865.8
61363.8
49570
35931.4
61490.4
43230.7
44605.1
32371.7
53976.2
46487.1
70737.3
29143.3
43285.2
57033.1
53263.4
36978.7
51767.3
64511.4
31440.2
50861.5
24895.7
46312.8
60552.5
38779.4
50338.8
55560.6
29849.6
45156.3
35678.1
50879
34596.9
53070.3
32552.2
45305.4
53949.9
39190.4
38208.1
22503.6
51135.6
39530.4
37425
38333.4
38166.4
63694.2
42323.2
65196.2
67241.1
39691.9
53321.3
44283.3
44970.1
44527.3
42614.4
62999.6
39540.3
36822.7
27580.7
46897.9
36905.4
37562.9
44282.1
27437.8
32578.6
61481
27075
56037.4
106360
69271.7
47059.2
44242.4
47307.3
51349.9
47372.4
58499.9
40987.6
32851
66322.1
39764.2
52392.2
35085.8
50887.6
83912.7
69768.8
54623.3
40624.4
54537
75759.8
34583.3
77934.7
43581.5
48263.8
35020.7
52842.7
37662.4
64264.6
40725.9
48333.8
38979.7
24702.6
45617.5
48264.2
61897.7
49858.1
34573.4
48997
41192.3
44457
41026.2
55378.2
48232.2
44711.2
61218.9
52343.8
43632.1
51573.5
48656.6
39527.7
36360.6
40054.4
62757.8
26599.7
49691.3
55377.6
65527.4
35180.5
51412
52120.6
58999.7
55386.7
59032
45856.4
54992.2
39722.1
60792.7
42780.8
47505.6
45852.3
69024.2
53460.4
37432.2
46249.4
57939.3
50774.9
57859.2
30776.4
45541.5
78101.6
46657.8
42660.4
36115.2
39202.6
57236.6
51936.7
64504.9
33157.4
56575.4
57319.2
51466.2
44434
53886.6
44469.3
44453.9
46664.4
70952.6
66591.5
64877.4
29455.9
43624
57868
33956.4
28039
65950.1
66388.4
31390.6
39092.2
32500.2
54289.9
58039.8
58196.6
55782
58164.9
31319.8
32450
80396.6
48210.5
39370.9
48366.6
77953.8
42260.4
73317.6
62634.5
54077
32332
39148.3
41433.6
46403.3
54009.1
75258.7
36022.7
40507.8
57245.4
43317.7
69567.8
40578.6
49372.3
27842.3
51214.8
42090.2
74077.5
40482.3
40456
39663.6
19255.6
33855.3
49626.4
62467.1
60394
40870.6
41213.7
61414.9
49718.6
48501.8
43865.6
31429
29659.9
35338.6
67692.2
45387.1
40054.8
39346
41876.9
57358.2
40901.1
55193.9
31237.3
30503.5
44757.1
41307.8
53510.6
36585.2
30442.2
49093.7
48534.9
36671.2
33783.4
45542
38928.5
38103.4
55408.4
37418.7
36283.4
54658
58866
33067.4
59730.2
52848.2
48829.9
40118.7
31591.9
37977.9
56698.1
22921.8
39772.1
41217.2
31402.5
36925.8
38388.7
68159.6
71624.6
42179.4
48256.8
49518.2
47924.8
50211.4
49561.7
53260.3
34821.8
43809.4
42238.2
56723.8
64113
84923
46446
73295.1
62237.4
49570.6
50580.6
45701.9
56024.6
59253.7
39334.8
63167.8
46533
65128.5
58611.8
46280.2
36886.4
48181
43564.2
44747.7
51241.8
55078.6
46890.6
46301.4
49934.7
76309.8
63790.8
94140.6
78701.9
50764.2
57819.7
47434.2
51967.8
46982.5
46968.3
34532
42103
57179.7
67476.6
104967
83298.2
53769.6
64619.3
59923.1
39670.2
53450.5
60586.6
38100.5
62377.8
46017.9
46698
46399
65018.8
48112.3
68913.8
32289.5
34648.2
59142.6
38312.3
67695.3
52727.4
44539.3
71749
30225.3
69636.5
50733.8
55959
53554.6
76805
31094.7
53175.8
74162.1
51447
52908.8
41963.6
71382.2
38333.3
49657
37329.6
36510.2
26896.1
45124
64186.1
73183.5
35175.7
57124.1
56882
50964.2
77515.4
37144.7
59890.5
55616.1
53592.4
48847.4
48053.1
29695.8
60482.9
57254
75676.9
39088.8
41130.6
65547
58581.3
47254.4
71468.8
59276.6
57127.4
35578
42915.9
60527.4
41118.4
65187.2
84274
41597.4
53052.2
34990.8
68591.1
53892.2
78587.8
47174.6
39515
64496.7
46670.6
60981.4
58098.9
70681.4
36619.6
31862.1
70518
42530.7
55508.8
56057.3
29742.5
47569.7
33114.2
42952.4
42325
49039.3
49763.7
29065.5
46134.6
40116.4
23101.7
56848.6
65990.4
28000.2
57966.1
45390.4
23278.6
36323.1
31496.2
75274.8
48444.6
38949.2
37514
35850.2
45072.6
45061.9
61591.6
41773.4
50567.9
49648
52360.3
51332.2
61794.3
28784.2
37559.7
74132.2
54000
54331
55340.6
38300.7
46535
39239.5
39456.4
48811.8
42669.4
64819.1
70396.5
87003.2
55864.6
51931.1
82293.1
67070.9
60971.2
59691.4
46697
62328.6
44178.1
60366.7
47581.1
46536.2
53669.3
38148.9
66078.6
58745.9
76638.4
52810.5
32379.1
58399.4
50197.4
50867.2
50623
47377.9
56199.9
71925.9
36791.6
92204
34615
67497.4
38752.6
38680.2
61590.1
38692.3
46507.2
45534.9
54815.3
63352.4
41649
44705.7
36203.4
78850.2
54409
39086.7
29733.2
40501.4
43944.6
64540.4
55371.1
50861
61919.7
33831
58084.3
49115.8
37154.3
36933.6
57008.7
57519.1
47731.5
53392.5
73126.4
31395.8
32906.5
45688.3
44281.7
50501
33478.5
68170.4
75627.7
38923.2
63352.7
32483.4
57858
69344.2
29567.4
50535.7
46281.9
45927.4
48176.4
24468.2
58033.3
58697
55781.2
53416.2
49441.2
82481.9
45571.2
59820.5
57701
52594.4
73889
64197.2
50191.5
69130.8
61384.6
61068.2
60046.3
74928.6
66989.4
64313.6
50366.9
68048.2
38193.2
55034.1
59779.2
61073.6
61251.1
70440.2
42784.2
44416.4
66855.7
62577
90283.3
79960.3
43245.5
67328.6
39741
62937
54200.9
88123.2
67297.8
46074
32322.5
57588.5
63083.9
58079.1
80151.5
74827.4
57269.3
66639
37215
68670.2
66890.1
95655.8
68429.1
51950.3
48729.4
59585.9
67286.3
48565.3
38028.1
66109.8
50025.8
56649.2
49076.5
47047
43050.5
40113.9
57744
45840
50671.3
44392.1
52518.3
38839.2
64247.8
50084.8
52710.9
51342.9
34668.2
71313.7
44292.8
47951
45116.3
56934.6
55688.3
59611.7
39308.6
37384.1
58343
38555
53457
48155.2
50393.2
67747.8
38317.4
48447.4
39901.1
28106.6
42706
40032.7
49567.8
52072
38949.5
48493
28660.3
70918.3
25151.6
59660.2
56876.2
43741.1
70759
79216.5
50542.1
84213.5
33146.5
42538.2
54050.3
45701.6
40268.3
62086.3
54576.6
44128
50538.8
50840.1
62237.1
46474.3
34537.7
44528.6
90494
26580.6
51851.1
28854.9
51123.4
32834.2
32393.4
50633.5
34738.2
45468.4
30721.8
43626
56899.8
30433.4
63480.4
24834.2
19482.3
29101.3
31730.8
45299.8
29913.3
44886.6
63486.3
56125.9
57600
39829.1
40840.2
34785.7
60560.8
43605.9
46972
46139.4
35087
55504.9
67743.4
37170.8
63540
39795.2
60988.2
63348.7
54385.6
63389.8
79978.6
84919.8
55664.4
42383.5
74575.5
40888.6
44646.3
69515.2
36524.2
67295.8
57133.5
84222.5
73889.7
29032.2
51896
59931.2
52966.8
42230.8
41345.3
54953.5
57413.4
40577.4
33930.2
48437.1
51975
41077.3
43995.2
65376.6
62088.5
32044.8
53016.2
42273.5
40656.3
66144.8
49559
46002.9
42992.4
34656.7
59873.8
30023.8
36949.8
78240.5
62757.9
56632.2
63737.3
54230.5
46230.3
49209
49980.8
77005.2
29159.6
52904.4
36176.7
45593.6
41579
38887.7
54053.9
39317.1
37725
74397.7
46017.4
74838.9
48720.6
70072.1
37114.8
30188.5
51039.9
85101.8
72062.9
36165.8
43653.4
48000.2
68165.4
50268.8
35158.5
52763.8
68770.9
58533.5
30918.2
45636.1
53587.8
49639.9
44014.9
62730.1
40113.9
38285.7
66232.7
40361.5
44578.2
60178.7
57186.7
31059.4
42669.3
79620.6
63607.3
44403
55076.2
49107.9
35176.7
57773.6
66216.2
66027.6
45960.8
44711.8
22952.9
25674.8
45325.7
58791.9
89913
56757.2
53624.3
25995.8
59007.8
56242.2
83711.4
42189.6
41701.6
28399.3
34133
37324.2
57666.9
53551.5
45409.7
46725.9
43701.1
52127.7
78365
27351
58036
50027.8
52084
54709.6
40755
53519.4
56280.2
30497
50311.7
41504.4
55734
44802.5
37198.8
43014.6
51605
48315.8
37634.5
43088.2
34094.5
48198.2
39716.2
84849.2
39755.2
52164.6
30689.1
56172.9
51556.8
76159.4
27035.4
41226.4
65686.5
65255.2
49537.4
24620.8
44411.1
46082.2
71143.5
41402.1
30961.1
39524.5
51630.4
83792.1
42285.8
66110.2
56617.2
60919
35270.6
48997.5
51425
55953.7
50080.2
57892.2
23992.2
34918.2
32549.2
30070
66622.3
52103.7
28027
42991
40253.5
45134.7
28511.9
38377.1
37966.6
35834.5
38801.4
44543.9
43980
27810.7
53391.7
28849.2
23684.2
26038.8
60877.4
50758.8
58141.1
21704.4
32769.3
36921
24980.3
60381.3
50459.7
29378.6
53129.7
28151.4
52268.5
37016.1
53293.8
49243.6
44950.6
47739.8
47348.5
36538.6
49242.5
65055.4
44357.2
56702.6
71427.8
61875.9
47368.4
37808.6
51907.4
63655
39849.2
48789.4
51430.6
46698.2
52229.4
51298.8
33878.3
29333.8
48454.5
53745.4
69735.8
53007
53042.2
39146.2
43485
51194.1
59426.7
72215.8
56893.9
50099.9
53455.1
40898.1
46531.8
38884.1
61732.6
34731.2
33174.8
46335.1
55649.3
26253.7
76172.1
39520.3
39072.3
50566.2
53028.5
43099.9
46834.6
48439.5
49256.6
68535.2
64627.4
37420.4
36705.4
40790.6
63438.6
80201.5
64002.6
55001.8
43979.4
77129.1
56097.2
53958.6
38239.4
68409.4
30062.3
34714.6
32133.8
35887.8
56575.7
56830.8
72109.1
45237.7
29536.6
62389.2
61533.5
59207.6
48642.4
57183.6
45737.8
41697
30389.7
68989
59913.2
53667.5
63777.3
53723.2
50646.6
36623.2
55711
45528
53513.3
93903.2
61828.6
70800.3
60491.8
57948.8
50666.6
77167.8
75802.9
47812.2
79153.4
50404.3
49846.9
47367.2
89706.9
53197.6
66137
29416.6
43642.6
52306.2
34758.4
64595.4
59813.7
51211
56065.9
37543
69284.6
37035
51644.4
60121.2
51223.8
59685
42123
59299.4
48646.5
59594.5
32555.2
59206.1
49285.7
34409.9
70953
65747.3
77908.4
34608.6
48678
43308.7
60178.8
71176.6
35570.5
62957
58922.2
32957.2
35481.3
77143.5
80294.2
48533
62221.5
54114.5
62860.2
53541.4
40085.8
94946.6
64271.8
51868.6
62592.6
39284.1
52363.8
36363.6
49019.5
55031.4
47796.9
56016.1
41647.4
50630.4
62207.6
54322.1
57444.3
46876.8
30565
38708.3
66957.5
51988.9
51348.7
31010
55747
43432.1
66354.3
38374.6
53818.8
50480.4
43701.5
43210.3
40733.4
38512.6
51195
47377.4
64074.2
40721.1
53212.9
48098
63193.7
28978.5
36932.7
33581.4
67327.5
19782.5
45438.6
39976.2
48204.3
46000.2
51863.2
48415.8
46210.9
35924.2
37757.4
46509.2
47074.6
38195.5
34581
39116.3
46923.8
63943.7
52596.3
48386.9
46827.5
25737.2
47943.3
64380.2
46185
60034.2
51853.5
69850.5
70190.3
55092.9
41245.8
50004.9
45668.2
40117.4
41315.9
36245.2
30544.2
48558
29715.8
36118.6
31389
71317.8
45033.8
47254
39929.2
41406.2
37774.6
58467.9
80054.5
67347
61305.9
40059.8
39401.4
59742.4
55674.9
59624.3
50933.9
41292.2
30351
46711.4
105760
62423.4
51994.2
31639.3
22831.6
34964.2
42442.4
70591.9
52409.5
52356.9
27250.1
31642.2
58588.8
77644
40351.6
48063.3
34182.6
48337.4
37920.6
65999.4
65772.4
88130.4
47594.7
60572
62834.7
64597.7
61612.6
45195.2
39428.3
46161.4
47906.2
67595
53311
58770.1
54852.6
33547.4
41115.6
38755
66904.8
50093
51161.5
46840.5
42877.6
37354.4
43981
50738.7
54627.8
15363
52994.2
56932.5
51445.2
55773.4
46348.5
38008.4
38767
30269.1
35182.9
36225.1
37733.8
47777.7
36309
68239.4
64728.3
79883.9
32216.6
53052.9
31953
76829.4
61493.1
55616.3
47669.4
50108.3
49587.6
49648.4
49696.2
23969.2
33113.2
37580.4
39254.2
36534.4
37606.4
66412.7
35445.8
58144.5
65779.3
63107.6
47817.1
48614.2
69593.8
34924.5
44331.9
64107.5
45980.2
80321.1
35673.6
68257
25051
26263.8
36937.8
61065.9
37795.9
51761.2
48034.8
48862.6
39520.8
30855.6
55260.5
41509.6
81533.9
49781.1
41176.6
59479.4
72601.7
52135.8
62181.1
42993.4
71547.5
44325.9
46399.7
37925.4
56612.8
43220.8
50014.6
43093.5
53510.2
70335.4
46498.7
45241.4
37222.2
49338.1
83450.1
43508.1
57954.4
38939.8
43458.6
71637.1
61485.4
68087.7
56964.1
59388.8
36103.4
48696.1
53737.7
63471.2
58481.3
53240
57341.1
66525.9
43921.4
37813.7
49474.6
36266.2
69643
50491.8
64171.5
50945.4
58542.8
53107.8
31967.4
36127.2
52655.5
35448.6
75320.8
42649.3
34880.4
46360.9
56022.2
57469.4
68719.2
45517.6
74959.3
28215.7
46517.1
30053.5
56293.8
53109.2
43689
55541.8
47876.8
51573
46434.9
49987.8
33596.2
45762.3
44933
57333.3
56030.6
45795
43364.6
38108.8
50915.4
52513.8
45286.8
79606.7
23844
70187.8
65147.9
48110.3
52160.7
39378.1
60089.3
69378.8
42103.1
51206.1
36090.7
59050
45721.1
49622.2
41748.2
69976.2
54497.6
56767.8
51006.3
59399.4
46861.4
51301
70492.6
59980.3
51182.2
41937.8
34424.3
59601.1
74661.8
64045.8
46094
55945.5
71313
36994
70930.6
76856.6
49259
38247.5
57269.2
61545.5
44937.5
47511.2
36252.3
29557.1
58002.6
66618
51896.4
41669
59479.3
44380.3
39505.6
36823.7
33865
43650.2
29506
44505
50655.8
71415.6
43491
52373
68282.8
63040.6
51363.4
73248.9
40141.7
78967.7
46345.5
36335.2
32638.9
65380.6
37463.2
75073.6
40898.1
54037.5
32286.9
59068.5
64224.5
93259.4
28904.6
50466.1
68195.2
37526.3
44791.1
54044.6
56598.2
43768.6
39275
62501.6
44252.2
50315.2
34356.2
61204.4
26154.1
52233
36623
47176.4
64418.2
31078.7
64701.8
56210.5
58105.3
36516.6
66414.6
36174.6
47448.1
63175.8
34672.7
52611.9
58177.1
39901.3
57468.8
62824.4
58546.2
46946.2
56485.6
42925.8
68999.4
43703.4
43110.3
69216
60799
56950.3
56967.5
37979.5
36672.5
105174
47537.9
63876.2
73388.6
66422.6
41493
50437
51145.7
56787.4
51516.2
56604.6
55911.5
38490.7
47961.6
66663.1
65024.5
37168.3
39828.2
67773.8
39926.6
40097.1
45382.2
58613
30611.6
72753.7
56488.6
43759.7
61876.8
40987.7
91680.6
56628.8
60339.2
62203.4
47292.1
57101.2
49251.8
71772.5
53951.2
42272.6
68130.6
57524.3
42649.8
39188.6
53663
51233.2
66518.9
62921
58188.3
52282.8
66273
44275.8
49679.6
69446.8
55781.2
36535.5
46462.6
68037.8
35207.7
62184.2
27722.5
76606.7
73823.3
57229.8
53218.3
71610.6
61110.7
51428.1
67627.1
60970.9
55185.8
58748.9
43666.6
49791.5
42492.3
42392.4
44042.6
64050.6
44310.4
50448.4
50392
45312.6
56226.5
24709.1
84353.4
84218.1
37781
44549.5
50594.6
48221.1
48883.3
61385.2
55373.4
60068.8
36383.4
55627.7
79893.7
53150.8
61046
56277.4
40545.1
41350.6
46501.4
64377.1
66115.4
46379.4
51884.2
43272.3
42464.6
64526.3
46459.1
70242.2
43247.3
66159.5
63019.7
40147
63537
44161
41882.5
61170.3
57844
41135.8
36400.9
47596.8
66023.8
34220.2
61655
66833.8
56112.7
63839.6
38412.3
38097.3
58420.2
69466.9
45601.5
49778.6
53165.8
42779.9
64147.3
28955.3
49825.6
40409
50498.6
37396.7
55273.2
44237.3
29736.6
45345.5
85387
33994.1
52901.4
55889
41125
27103.3
36665.4
20497
47031.8
61346.8
48257
27517.4
41545.8
50328
52299
48838.7
25777.8
42856.2
33149
52573
51931
45332.6
41161
39722.4
38963
80247.8
52549.4
30837
74117.1
47469.4
61704.6
32091.3
75511.8
54136.7
51279.8
37387
35780.9
55615.4
43054.8
67537.2
56549.5
63907.9
37573.9
33875.4
62393.4
32306.5
42742.4
78097.9
51275.4
27141.1
59180
57559.2
25956.1
49936.4
53482.3
59142.8
39286.5
42115
39645.8
63455.8
53249.6
44350.8
49579
34364.8
31985.8
46398.3
36323.8
26251.9
39513.6
65516.5
68441.3
50496.2
67896.6
41225.8
22854.1
62950.8
39922.4
45941.4
54004.4
55755
37394.2
53534.6
59947
47313.4
36480.2
62228.1
55821.4
75255.1
55289.4
48441.7
98875.3
60048.6
56868.8
69181.6
27650
78434
57930.5
46287.8
79703.3
59633.3
54525.4
36084.8
42181.1
37718.4
73790.6
55511.1
61886.4
75760.4
55382.2
51250.7
68121.8
50034.7
40242.5
53522.2
58531
46301.4
55584.7
68847
57214.6
51087.1
57422.3
36126
65710.2
61227.4
62398.3
41361.8
64212.7
50453.7
48102
68585.8
79433.2
52616.8
64315.2
61304.2
50948.7
72153.9
36673.8
50962.2
52845.7
39375.8
56813.4
56205.7
52085
52696.2
44210.4
52876.2
41513.8
69755.8
56349.4
67802.6
42063.8
53729.7
31473.4
68602.3
67019.2
74989.7
33742.2
66543.5
91217
37368.3
39502.4
41531.2
34932.7
50567.4
54323.6
42003.8
45448.8
41776
31089.9
72865.8
44217.8
41202.9
47754.6
25727.8
44734.6
58215.4
57682
64273
46942.6
33507.4
65487.4
60727.8
47262.1
45362.1
31963.4
36670.2
34947.8
64776.9
45815.9
38849
78151.1
32466.8
32621.3
47631.8
55563.1
44365.8
45874.2
54242.9
39388.2
35005.8
71100.2
61887.8
40386.4
43530.3
37638.6
50941.1
50456.9
60760.1
71773.5
39110.4
28061.4
33633.8
55064.6
45868
59379.3
73469
54920.6
49161.4
45454.9
47727.7
28817.4
62486
64142.2
38205
28817.4
74276.3
53154.8
51116.2
68374.6
54183.9
38595
68229.4
56201.3
71312
38909.8
39042.6
74896
54377.1
68383.5
35992
69845.2
38199.7
81881.1
61446.5
74041.8
65942.8
42631.2
39108.6
55651.9
104191
68207.4
74491.8
52872.2
64406.2
38605
57887.5
52549.4
47706.6
52911.1
67084.2
70956.5
54006.9
41713.4
39505.8
61088.6
57978.3
67153.4
59185.8
45473.7
44756.6
60207.4
55316.3
44149
39481
73006.7
59057.9
55405.8
51871.7
66807.8
29798.2
54649
41263.3
44843.7
81891.9
60795.8
51003.1
57477.4
43004.4
75131
27903.8
42381.8
53436.3
65814.6
63287.9
42501
67662.1
60758.1
58998
57377.6
61045
36645.1
52193.4
71241.4
56616.4
32410.6
53266
48894.6
29592.3
36889
37372.3
60462.5
57197.6
47147.3
57146.2
54202.8
39733.4
63473.5
47800.8
43383.4
59541.4
48698.6
48568.2
76091.8
43429.2
41067.1
27082.3
32589.3
29774.6
46438.6
74878.1
41988.6
47903.8
43715
50610.5
31321.5
26041.6
32518.4
59709.6
54160.9
71234.2
36801
43997
47447.8
58583.3
64501.3
62584.7
24583.3
57845.1
33564.4
33284
35337.4
50315.3
36694.9
48303.5
52127.5
48563.1
33550.2
86036.6
60946.6
27960.7
29696.6
75515.3
60611.3
35238.5
43384
29719
44085
45050.3
36361.8
46960.3
82438.2
48830.5
60417.8
44852.9
53653.6
49469
36508.4
54522.5
61507.3
37825.3
43835
56746.8
41894.2
64735.8
42046.6
46147.8
41226.6
40813.4
44559.8
42203
58972.2
38568.5
36307
32234.6
41267.9
47174.3
32337.3
30372.6
70349.4
36966.6
55763.2
58306.8
57771.3
68809.6
61079.5
67332.9
45411.8
68896.1
77355.6
46345.2
54546.2
45213.5
62739.4
46901.2
49923.7
50345
91080.3
45750.2
60887.4
78589.4
42132.7
36829.5
31184.9
63488.9
57199.8
61238.3
54717.7
24307.4
42086.2
47251
87923.1
29184.9
57915.3
51747.9
45705.4
59606.8
50982.9
34787.2
72076
41062.6
43958.6
72267.5
39861.5
71382.8
45947.4
44368.6
42461.2
63139
71381.8
69976.2
63322.2
40217.5
38175.1
62533.1
63020.3
51060.2
41797.3
58443.9
64296
51408.8
55816
35101.2
65287.7
33782
49015.6
69051.9
55680.5
43177
45333.4
63449.6
29198.5
57904
31897
54301.8
56347.5
53774.1
44890
76768.9
48566.6
50912.5
63576.9
21367.4
53864.1
49152.7
48128.4
42461.4
44710.6
34562.6
65452.2
54147.4
47467.6
37296.3
48439.5
36270.3
61140.5
31216.8
52845.8
77149.1
60053.5
31942.6
53185.4
27552.4
55395.2
62147.3
52834.2
32437
31387.7
58922.5
26327.5
68009.7
52904.4
39347.8
45789
52748.7
57641.6
52551
51150.8
52650.1
22937.3
47765.2
22770.1
43181.2
43615
78814
25853.4
31894.7
65580
40995.3
53769.2
21902.7
63323.3
52098.4
77492.2
49222.6
53441.8
42300.7
50660.6
54271.7
49866.1
51036.8
39629.4
29867.9
46553.3
61412.1
27823.5
26657.6
58382.1
53960
36198.6
84805.8
45299
38198.4
33771.3
53460.5
46060
42012.4
44125.4
43915
41757
61028.3
42195.2
38899.2
48998
103647
36560.7
30374.6
70735.7
47893.1
47861
63361.8
58524.4
45194.8
55326
77935.1
47275.7
48303.9
82281.8
28051.1
55587.3
73802.6
51793.7
48424.5
64571.7
44847
79834.2
80939.4
55628.6
71601.5
75419.1
52201.9
63138.8
50436.6
59710.6
56935.4
28715.4
59649.3
70391.6
57944.5
51482.9
53391.4
35430.6
66981.8
44522.7
60291.3
61645.8
63161
59867.1
48058.9
53943.5
52719
51057.9
49164.1
47609.8
60970.5
44886.6
53734.3
56088.8
60677.8
46739.3
47389.1
90926.2
80629.3
42495.9
32083.7
41325.1
45328.3
95918.6
42049.1
48319.8
37453.6
54126.6
16327
30466.6
44211.3
32613.8
32017
60128.3
31817.9
54963.7
31356.9
66857.6
44579
44378.2
18487.4
63407.8
42794
59115.4
40634.2
52185.3
39499.2
51184.2
38556.7
48214.2
37117.4
34166.5
25915
37639.7
31461.4
36433.1
43598.9
50364.1
49140.8
56949.8
58556.8
24132.5
35145.4
55398.2
51812.3
52383
70103.6
18538.2
40934.6
50759.7
29907
42266.3
30349.6
41178.8
31723.5
29198.6
48085.3
44351.8
51108.1
43943.1
74124.6
61913.2
49514.6
41543.4
50405.1
34797.4
30795.4
39246.6
69788.5
28153
27194.1
56692.8
58873.6
51109.8
18445.1
48045.7
54139.9
56870.6
73327.4
33243
61592.5
59185.1
42563
46476
78705.7
60703
30294.6
41828.2
44907.8
46391
64571.2
43933.8
60338.3
35259.1
45918.1
46897.1
55995.6
45526.8
46461.2
30382.3
45354.6
39730.9
27468.2
47585.9
71758.2
48487.3
22191.8
51208.6
45404.6
58208.2
50654.3
45557.1
23041.3
30034.8
40670.4
41869.8
61099.4
56043.9
68071.4
51013.4
28527.9
49777.8
29348.6
48280.3
59106.9
69537.2
36807.9
51596.7
49267
39670.7
55388.2
47784.9
44185.1
46102.4
51898.8
39250.6
66567.1
50879.7
44782.6
68147.8
60934
84013.4
55460.1
43793.3
59641.4
42531.4
60772.2
52871.8
77257.5
38780.9
42999.3
66460.3
62810.8
62366.5
61158
37710.4
53088.5
46683.1
39548.6
40495.9
53282
51276.4
59647.4
51725.7
71476.2
52849.6
56396.2
41664.6
44741.9
55111.8
81941
67172.5
75614.2
53822.2
34791.1
79073
53773.4
44201.3
48828.8
55981.1
66525.9
35743
59672.8
83793.8
93707
32970.2
36137.8
66927
36351
50834.7
74865.8
66626
57699
51076.8
46336.8
52312.7
61612
68071.6
45447.2
46383.8
57148.9
69199.9
55328.5
62465.3
50590.6
53104.4
51126.5
62641
43158.6
49882.3
56279.4
97529.4
31767.4
47822.9
80401
89473
44094.3
61794.7
103031
64968.8
77156.5
50157.2
42823.8
76183.8
45175
81845
79640.4
59179.9
50201.8
58750.2
63584.7
58499.4
54872.2
60454.1
48713.8
35558.2
59932.2
23653.4
69261.4
43087.1
54327.2
47732.9
41781.4
44236.8
34973.3
70105.7
55768.2
54293.6
55892.6
37303.5
47626.8
52068.1
54907.5
33895.8
45862.9
45108.5
45497.2
43036.7
69915
38570.3
42598.6
51615.8
63509.4
47967.3
60393.2
32995.4
48435.9
50291.7
48474.9
29103.5
63597
43923.4
48569.3
31307.4
38335.7
49196.6
48706.5
63245.7
38749.4
60587.8
48888.2
68538.6
64965
53195.4
41036.4
44856.3
47573
45646.2
75897
93478.3
48771.4
44943.6
72056.2
66309.6
64754.9
72817.1
58691.4
61965.4
66122.5
56540.9
67817.6
45646.6
77253.2
46250.8
56211.8
39211.7
63916.6
98755
35659.9
66183
69818.6
53279.3
50189.9
54859.9
53385
56873.2
54601.4
41203
44211.4
47639.5
66473.9
68005.6
69734.4
49414.4
70046.8
42569.8
88477.7
42526.7
73119.8
55936.7
64461.7
40388.8
48421.9
64839.4
36652.5
27681.7
49676.1
67536.9
48773
57028.2
76855.8
63518.7
46383.3
50738.9
36370.6
75278.4
62247.7
53209.8
51461.4
59762.6
62406.7
46359
49203
60998.6
69824.2
55277.3
51672.2
52172.9
45962.6
80466.8
53464.8
44213.6
72817
61999.2
54381.4
46203.6
70441.7
49518.6
76405.7
56065
55546
111536
94933.8
34521.6
49137.6
28232.6
72698.8
97195.4
42858.2
77522.9
71035.6
52091
47266.3
56209.8
44347.3
49680.6
61481.3
43957.5
37434.6
55683.1
95663.4
43740.9
46100.1
75288
50289.8
40376.8
43726.3
45890.1
42162.4
51601.7
48369.9
33379.1
35107.8
56150.9
42953
50116.6
52099.7
66629.6
36659.4
63849.9
64714.4
33087.7
27377
72195.8
24844.2
53600.5
48665.5
38336.6
38784.9
54664.2
32212
55513.3
46754.5
36754.2
44537.5
55854
46537.1
60966.2
43622.3
46217.8
49138.7
53344.1
36843.7
40984.8
62097.4
67770.7
37518.6
43035
35179.9
39899.6
31216.7
39201
34266.9
54130.9
58310.1
80978.7
73618.2
40181.2
43802.9
64205.4
55755
29602.3
59401.7
65692.9
33974.3
36214.1
80711.9
58031.4
61205.5
56950.2
74964.6
55021.4
52421.8
59986.6
66001.3
46308.8
41889.4
60980.2
66291.3
62930.8
65865
45595.6
53820.5
66216.1
77652.6
52205.6
80335.4
40027.5
56218.7
70767.4
38633.8
69886
76913.5
52424.2
64790.8
41626.3
51289.3
81475.6
46386.6
37485.2
45240.6
60930.8
67131.3
51874.6
49146.3
65145.1
27376.4
42869.4
41122.9
45269.2
38105.2
47294.5
57530.6
48449
41017
49446.9
45514
68870.4
44896.4
45522.6
29189.7
41532.3
68583.2
44241.4
53224.7
50510.2
24862.1
51057.2
31541
78981.6
32579.1
45281.4
68042.3
62651.7
40343.4
36207.5
51070.7
59273.3
37925
58634.5
57062.4
58903.9
63980.9
58149.8
58817.8
37711.9
65259.7
27866.6
48296.2
57170.9
57334.7
65882.2
52337.3
52491.4
46072.5
42090.8
51938.4
46392.1
44171.8
47448.1
62729.6
45114.2
49285.8
35476.9
44003.9
27675.7
69997.3
35607.1
44320.6
34723
33365.6
55071.5
42940.5
37597.8
35925
63597.4
43936.4
45289.3
31268.6
63991.8
41389.8
54203.5
42832.3
31001.5
37654.2
51360.3
37224.1
41769.4
32307
38315
49415.8
48838.2
61676.4
42999.2
47961.2
34583.7
47360.5
28737.7
59353.8
62022.7
38501.6
37582.5
42489.8
47889.2
27446.6
60613.5
54311.2
53465.9
51076.6
56331.6
31341.5
44230.5
40474.4
48162.2
33619.3
36281.4
25859
46796
30979.2
43578.9
53652.6
34459.9
55369.8
39975.1
36017.2
46613.5
43715.7
42950.7
59367.8
55447.3
38123
26270.4
54585.6
34041.3
40039
58806.4
71719.1
56028.6
41730.5
54331
35888.1
54017.8
33295.7
35849.8
68542.8
51133
30610.6
42073.7
48533
25848
40332.9
30820.6
50175.8
64388.9
53020.5
53799
46836.7
44314.6
56515.5
54176.8
50952.1
43536.2
53431.8
50203.2
45107.8
35966.5
60962.6
55153.5
37140.2
58222.8
37669.2
60273.1
41098.7
55361.8
29251.6
43501.4
40868.7
75054.5
29364.6
40392.2
23199
63738.6
60832.5
37694.5
46014.6
73693.8
62405.7
40782.7
41730.3
46070.3
30511
38885.4
35149.3
60241.5
55958.2
33851.8
32862.6
26178.1
40278.2
29133
39290.2
34707.8
38933.4
38631.9
66338.5
39532.9
37100.8
43060.3
35684.6
24887.4
41212.4
41309.5
30843.8
37220.3
53610.7
29282.7
54913.4
65692.6
72738.5
55100.5
75354.7
33811.9
33378.8
47439.8
26564.3
46103.2
47396.6
67358.8
57115.8
35343
43017.8
48296.6
68174.4
29851.1
71701
58558.9
45110.4
40358.6
61733.7
81684.6
70267.3
54645
53403.8
46362
31655.6
39093.3
75836.2
47689.8
31735.9
25987.8
46067
76846.2
38319.4
74931.8
66785.1
36031.7
32417.4
53192.7
54311.4
58840.9
57243.5
63422.8
26048.6
39551.2
42067.2
45045.3
56056.6
66395.8
35677.8
48719.9
55441
41322
56217.4
52578.2
54745.6
61250.4
51413.4
92855.4
77271.2
37563.9
51471.6
74765.8
42933.4
56927.4
64930.1
62953.8
57958.5
38522.6
52190.3
52508.1
53498.6
48054.4
82502.6
49468.1
65165.9
41196.7
55255.9
41589.9
33526.4
45145
43652.5
54168.4
47374.5
44052.7
72040.1
63356.8
63532.9
62512.7
54622.1
44945.7
69623.2
60247.9
52147.8
40446.6
59214.2
62812.8
50877.8
50221
70593.2
50646
59797.9
71482.8
54813.4
66891
62834.1
60307.2
73464.6
55776.6
51391.2
56718.5
38176.2
56471.4
42145.9
56265
41885.2
63337
54882
41569
83695.4
48698.6
59882.6
76265
43479.2
52471.5
50401.7
59602.5
90177.4
41325.1
45715.7
58867.7
62327
69096.6
39427.8
64966.4
63901.5
68102.9
75639.7
56988.3
46686.3
65516.2
65492.9
52513
47322.2
55010.7
36204.5
79522
65913.2
63189
58028.6
47800.7
53563.3
44762.5
45742.1
38554.9
68460.4
40697.8
45409.2
46740
53811.7
84676.8
42654.1
73021.3
59522
36834.6
46537.2
61947.2
102863
37796.5
64221.5
59912.1
62881
49734.9
31059.6
62095.4
51954.5
70344.8
34552.5
37423.8
59891.8
44924.5
55507.7
63101.3
56323.5
53941.4
49880.6
46600.8
42438.8
29368.9
34298.6
44071.3
53004.6
70354.6
75224.1
49987.4
41397.8
36475
34666
41222.2
46663.6
27706.3
56628.1
30323.8
50466.2
27788.8
23286.2
36441.4
36092.8
50086.2
57952.8
41492
21415.6
42612.4
48986.3
41005.7
37105.8
26891.5
39687.3
39229.1
54013.9
33523.1
32358.7
47026.6
58402.2
33921.4
40449.7
41514.2
65748.6
41132.7
37322.6
38368.8
47996.2
46206.7
49075.1
38783.5
51361
30975.5
69894.3
26480.6
32221.9
50460.6
50608.6
37700.7
62152
35134.6
33093.2
31870.6
44960.2
44863.4
37632.1
56522.8
62167.3
52619
36795.9
59059
60411.3
34248.6
63410.9
77227
49573.2
41190.4
61569.1
35153.9
40456.5
38254.4
36833.6
66893
40959.4
56745
39159.7
47997.1
51141
46107.1
57859.2
40075.7
61552.3
58461.9
45544.2
41060.1
28529.4
46248.7
58464.2
45796.6
70771
57967
72494.6
58509.3
43893.2
53241.8
29919.1
62892.1
52526.2
29473.3
62546.2
49229.5
41307.2
61963.7
33996.1
62961.7
59765
56450.6
50480.6
37591.8
40665.1
42367.5
74215.5
66688.4
79521
47364.8
57364.7
44972.7
37918.3
71465.9
56863.8
47031.5
65436.1
47096.6
63228.4
53913.9
60247.8
60429
57462
38731.7
47942.6
50879.4
36931.6
45918.5
54411.7
70024
77553.4
41518.7
52431.7
56259
55481.4
43523
79023.8
46095
62966.3
45169.8
29246.5
52447.8
29612.6
36738.2
46221.9
58122.1
61931.2
65333.4
53011.3
32231.5
42115.5
71818.3
65183.1
51770.9
24495.5
56104.8
40741
46685.2
51802
47667
58606.2
57230.3
71474.6
30296.1
48632.6
57971.5
41767.7
37701.4
39340.3
48412.2
46858.6
50124.5
42844.3
42796.3
54520.9
60865.3
51255.8
38652.7
44981
54399.9
68237
40685
40514.4
39377.8
89356.6
35421.8
47137.1
46108.9
47083.5
38085.2
45604.8
59364.6
47512.3
65020.2
70255.8
66550.4
78561.2
63170.1
47850.9
65744.6
57160.4
35622.3
54360.3
46643.5
54828.6
74479.8
42277.7
87488.6
26364.6
56880.1
54675.6
75166.1
44943.7
51914
63254.4
37049.8
51483.7
46673.2
53704.2
50098.2
42795.7
52586.6
22654.4
31919.6
34260.6
29703.5
43059.8
40600.6
53708.5
62381.9
43337.8
76781.3
30661.4
60292.6
52686.5
54472.2
26777.2
50151.8
60557.9
50639.8
44378.5
45728.3
32931.3
36452.9
54247.5
24582.3
36248.2
53738
53045.2
71694.7
67334.1
50126.4
99469.5
39369.5
51569.3
63747.8
58639.2
85642.6
60588.1
57153.5
72432.3
28747.3
47209.8
55048.9
44850.3
47142.1
56024.6
37863.4
49025.4
67798.7
52535.6
44966.8
49290.6
57952
86314.2
72308.2
51678.8
63527.1
56532.3
65117.4
45179.9
48628.1
50950.8
63628.4
70836.8
59890.6
71228.4
51154
51945.1
38055.4
77642.5
37377.1
75263.7
35874.6
46175.7
58472.7
58389.1
47303.9
44456.2
45127.7
43603.2
55538
52441.9
51273.7
42578.1
44837.3
33663.3
56427.8
48563.4
50380.6
45654.2
46231.6
33591
44693.5
49647.4
42377
47253
45530.7
76533.8
33675.2
21473.9
69246.2
47382.7
54994.2
44439.8
49285.3
37110.6
52802.5
42235.5
41310
47852.7
45445.8
34360.6
87446.9
56017.2
64227.8
42276.4
34636.1
57006.5
48053.9
58721
44739.8
38681.4
51356.2
87328
45667.1
46650.8
67496.2
35977.1
39299.2
58079.3
44668.2
35390.3
52719.8
49120.2
46515
54998.1
81293.1
50767.3
53168.1
33975.1
40220.4
44521.4
53707.9
52999.4
40236.9
32650
45565.9
33117.5
33090.1
39412.6
52533.8
75721.1
64898.2
43313.3
37053
31520.2
46390.4
44150.2
65347.2
57807.6
41909.8
73471.7
54457
32629.4
41473.4
49977.2
46880.6
26932.3
72670.7
60710.9
52670.7
60320.1
26160
36305.8
34668.1
41330.2
66867.7
58094
54440.2
30435.9
40422.6
29687.3
38987.6
59804.5
44619.7
22711.6
51199.7
43017.3
42823.9
46836
60920.3
48287.4
38810.8
68547.7
37221.6
37862
59693.6
63933.2
51900.4
40288.4
56936.6
48926.2
47995
51095
68712.7
41340.6
67544
20987.7
66468.4
53369.1
46523.4
52703.3
37174.6
43896.9
41854.9
47067.4
41797.9
50339.8
78174.4
43978.6
38485.5
56138.7
68551.5
44052.5
25442
43580.8
61731.7
81809.9
45448.2
47835.4
72064.1
32298.9
37528.8
29851
41176
60408.2
41805.4
61376.9
37213.3
43299.4
56590
39863
62791
60557.2
35654.4
61015.4
34382.6
34656.8
48171.2
66088.6
56363.6
24552
38994.7
47874.3
37700.1
31912.9
42639
60383.7
48495.3
37239.8
56210.1
52580.6
46117.4
52112.4
47581.4
38501.8
32897.9
52981.5
50024.6
28956.2
31724.7
50329
48623.8
37846.2
40228.1
49694
63038.7
60895.9
55430.2
54929.2
46970.2
28509
46687
54860.6
54821.3
54446.3
54441.9
34620.5
32471.9
38325.3
52694.6
62350.5
62906.3
46218.6
61844.7
44749.8
34581
45986.6
44429.5
55479.8
40042.7
32872.3
49767.2
45586.4
41598
35212.3
40227.5
69312.3
64366.8
41956.2
51299.4
35203.1
27051.7
59254.4
40920.6
43555.7
74309.8
59789.5
29443.5
32207.3
50227.5
47302.8
64990.9
33346.7
60618.3
40441.9
61068
65895
65554.2
46963.3
69114
39650.1
61098.3
43218.3
59325.2
49536.9
73286.5
55049.4
47265.4
33949.4
62999.8
73447.2
44083.2
32910.6
53027.7
45876.5
46291.5
76845
49863
47739.3
58170.7
52190.6
49476.4
49716.1
40283.9
49545.4
36549.1
34523
35128.7
42079.7
44397.5
50886
27454.6
19315.8
51818.1
54498.8
24782.9
32852.3
44475.3
43792
26531.8
36622.6
37346.2
29726.6
42680.7
55907.8
41133.4
36031.1
40449.1
49485.2
23755.4
28687.1
26712.7
39084.6
69793.4
48851.2
31968.6
48103.4
53520.8
74984.9
46867.6
61209.3
40955.1
54989
46985.1
45233.5
83225.9
42853
43105.2
32428.5
31179.8
64539.8
46701.2
63628.6
36393
43685.8
32816
47721
31950
25551.7
68760.8
32119.6
47416
59014.6
54683.3
45293.4
35195.8
74636.3
41365.5
35412.2
36891.4
39032.6
56912.9
31665.4
43905.4
35511.8
51501.6
51759
38407.9
50931.1
48624.4
55421.4
36622.2
36261.1
56230.9
55122.9
60588.2
62166.3
57162.2
54808.2
63430.9
38638.2
71492.3
53435.4
73848.6
47511.8
44777.6
50426.2
41169
59083.4
48267.6
39253.7
64817.7
49773.2
50290.6
56095.8
54917.8
44766.7
45564
34015.8
30882.9
42166.4
37521
41909.4
48231.7
29159.9
50321.9
40368.9
50195.5
57564.1
64188.2
78049.9
44496.2
47732.2
68330.4
31256.4
34232.7
33546.4
45422.1
50214.6
45393.5
54838.4
48848.6
33153.1
52525.7
61838.1
36399
48699.7
42564.9
62378.6
64040.6
57775
50612.2
67864.7
59756.7
55895.1
63991
69953.6
44873.8
51865.2
56555.8
52523.8
40931.1
63339
35134.4
48407
37847.9
31752.6
57627.6
46831.4
46297.7
35826.9
71797.8
84913.4
48772.7
57791.7
86769.5
54309.4
58544.6
56642.5
41323
47447
44203
51766.5
58012.9
51685.4
50575.8
40526.2
55837
48023.5
74584.1
28258
46379.6
51569.7
37905.6
60617.1
42068.6
28024.3
65034
36405.3
61278.5
82243.4
52346
47500.4
41290.2
48007.5
42319.3
41534
53644.7
54119.2
68839
23436.9
34610.8
20210.2
57625.3
50608.1
52771.2
65350.5
39248.5
45236.6
35502.5
40209.7
55189
50495.8
70950.5
36697.3
37404.8
45384.9
38472.2
70460.4
45257.4
57090.9
40811.8
47397.3
52569
35226.9
42110.9
69902.5
26042.8
37958.4
52430.8
43849.5
58098.9
49384.5
43785.1
30788.6
26965.9
33096.5
52462.6
43206.4
34594
102861
57061.8
33486.2
48933.5
29541.9
48719.5
73506.3
59563.4
35231.2
58993.6
54401.6
47329.8
53864.3
62316.2
70546
46100.4
36724.5
55319.4
48889.6
37965
60473
46911.9
36674.6
48479.6
51337.6
46184.2
61699.9
44264.7
60986.3
41833
53923.1
46414
64474.1
41692.6
40342.6
46044
36579.7
67166.7
56730.6
70549.8
54826.6
44207.8
39784.2
46949.9
48359.3
62073.1
67254.8
55273.4
50706.2
39313.2
44190.6
64798.5
61219.4
66328.9
48073.3
57375.5
34361.4
61091.7
48479.4
53403.1
38441
63815.4
50111.2
37281.2
32300.2
51864.6
69341.8
67213.3
47731.9
46137.4
45026.6
63961.4
70369.4
65978.2
60950.2
52437.8
40012.6
31263.5
57450.6
59124.5
41809.4
31552.2
56554.2
51886.1
38367.8
50196.1
45859.1
46821
45423.9
36776.7
39184.2
41407.8
65667.7
47239.4
59284.6
46436.4
61133.2
60409.4
45602.3
21158.4
38338.6
28139.7
35622.2
58542.4
72814.2
38881
44667
45215
48166.8
30506.1
42463.4
63400.7
41390.5
48211.8
57980.2
41383
31774.9
55490.1
53963
39707.4
27077.2
42804.6
65805.6
52561.9
81255.9
63189.4
46902
44139.4
51785.8
32433
52523.2
56324.7
40051.6
39936.9
37648.6
28455.4
54087.5
57615
47484.6
61005
50718.3
54713.6
50354.2
50415.4
53227
75628.2
43290.3
52402.7
36675.9
67921.4
62733.8
71333.4
71797
46672.7
48964
51140.1
81395.5
48533.8
43562.9
40000.6
35354.6
55492.5
36581.3
53399.6
42700.2
30213.7
30201.8
55323.4
58301.7
52884.2
30478.8
54784.2
51553.1
43916.6
43850.9
57820.6
30720.9
65286.4
49669.4
74828.7
30156.6
55534
58486.2
99075.3
36419.2
68310.7
62572.7
51734
32544.1
69197
46423.3
85498.6
42315.9
47828.7
40136.1
69506.6
96166.6
51145.6
38428.6
43460.7
48852.2
44832.9
37133
39147.2
49006.5
42170.1
53751.4
74464.4
30935.6
53958.6
55152.1
44150.2
72071.4
57323.8
54457
45588.4
59978.5
33708.6
74323.8
44277.3
60764.4
42815.7
54831.4
51035
46940.2
59797.1
43766.9
55137.2
54271.8
49974.2
69256.2
69074.4
43990.9
45509
40941.2
68055.5
75896.5
46867.8
70896.6
54823.9
29297.4
49702
56560.6
30074.8
35965.8
46158.6
57330.1
36009.8
43138
38457.5
60861.4
49870.3
59908.2
42989.4
53217.4
38236.2
63045
61197
43441.1
53835.2
35194.2
45555.3
39486.3
36423.5
51813.2
37189.8
53125.2
51642.6
42206.1
65073.6
48880.5
57558.1
75784.6
51903
60690.5
32018
52348.1
57632.2
41381.8
56766.1
27518.1
61638.2
60731.1
45617.3
42833.6
24229.9
62471
54910.5
31985.8
57780.2
64093.3
53541.7
62804.1
48101.4
49173.8
41494
70361.1
48209.1
69517.4
54438.1
44820.2
43055.8
62841.8
61128.4
52588.9
53092.8
78956.3
44868
73166
65592.4
38222
46067.1
43570.5
41063.1
47380.6
32581.4
34542.3
46813.8
52715
48700.9
36256.5
43430
38461.1
48357.9
46629.8
44755.3
31309.4
85368.6
40882.7
63164.4
36165.9
38478.2
42065.9
63860.8
47308.8
35600
53528.5
48461.8
58545.4
55997.9
68980.6
55460.9
35318.8
29419.3
53223.2
54793.5
46474
40696.2
35247.3
64672.1
54855.4
43047.4
37867.5
45537
32857
43547.6
34103.2
47410.1
45967.1
59799
27332.2
31990.3
40966.8
37626.3
35608.3
49198.6
62015
47335.5
75210
40067.5
21741
42985.8
47933
43693
39917.1
47304.6
23177
58939.4
50950
52819.8
43600.2
65233.8
33655.4
41876.3
44995.5
38618.6
45229.6
33962.2
68865
43782.7
47780.2
67732
32159.3
68971.7
42716.7
51451.8
62637
48230.1
49706.4
37875.4
36557.8
36668.9
50753.2
47099
61081.8
45399.7
42718.2
31125.1
55041.5
33407.9
33639.4
51978.7
44654.1
59341.3
36749.8
48795.5
46228.5
60073.8
58731.8
53109.9
54260.6
44444.1
50946.1
59114.1
45560.2
41653.8
60144
44150.2
30008.9
25285.4
53691.6
47770.7
53392.7
57043.8
39482
42562.1
48511.7
39384.9
40332.2
32439.5
57561
41261.1
43609.6
59000.4
40520.2
33514.8
63311.8
46504.2
53058.2
76677.5
47125.4
60651.4
44054.6
56046.6
83839.4
51227.8
47430.1
55490.6
63417.4
34258.7
63433.3
47195.1
35791.5
62413.6
39565.2
29957.8
46444.7
30267.6
74890.8
49714.8
42664.5
41550
35389.8
39577.1
40326.3
77384.8
62211
34503
22196.1
35732.8
41249.4
38184.2
63053.9
42043.4
27344.5
53439.8
22709
45959.4
68410
32083.6
49713
41131.3
40895.3
45926.2
40955.4
25566.8
49925.8
58740.6
35748.2
26082.5
67376.2
39461.8
46282.6
56595.5
49795.1
41977.7
42488.4
71598.2
47085
53198.3
40513.7
56767.6
61700.6
60942.8
60554.1
42823.8
54239.2
35340.6
32417
51454.8
89010.2
37363.3
48523
61315.4
30860.4
37538.4
54284.7
78248.6
33325.9
40115.5
31957.4
32045.8
44153.4
62283.9
45802.9
36702.6
46314.2
22731.4
73105.3
35469.8
48016.2
43000.2
44919.3
29672
55776.4
45073.4
45381
43683.9
34402.4
41474.7
46854.3
55919.4
46237.4
48663.5
41953.4
49606.1
48371.2
91587.3
32657.4
57143.4
53821.5
60281.4
34350.6
76404.6
35749.2
41171.7
50845
48724.9
38776.5
56837.1
58732.6
44406.7
55400
33473.5
70792.9
64684.2
71330.7
37990
49386.7
76437.8
48827.1
47115.8
57514.2
38420.5
38465.1
37581
36246.9
41356.5
65210
47378.9
101112
56730.8
63650.1
25696.3
34438.4
56100.6
54253.4
58766.2
63949.3
36194.2
34723.8
76832.6
59744.8
45931.1
44313.1
78823.5
30164.2
44404.6
105140
58635.1
37019.4
63461
46429.3
45918.4
41337.6
52428.1
40076.3
27597.1
70451
64519.6
37427.4
40903.1
27631.3
17791.4
73991.8
68164
50315.8
39417.9
60854
39349.1
36037.4
43010.2
43444.3
51120.7
56421.3
44757.6
25205.4
68730.6
45372.4
31871.1
39180
39499
47767.9
30196.1
67859.3
65307.2
34924.6
47487.2
67263.4
53234.1
68216.9
50884.4
94743.4
58315.1
33129
82214.6
52643.6
49105.8
36385.9
56016.8
41506.2
90816.6
43332.6
50137.8
63437.4
50822.6
43822.5
28396.3
40734.8
47745.9
48758.2
54513.8
41566.2
43435.4
35965.8
60270.3
50107.4
47306.4
22160.7
65678.8
48964.6
30362.8
68492.8
54275.9
62128
63732.9
37905.5
63579.3
33619.1
37789.5
68790.3
73673
56352
43019.6
36921.8
36484.2
44744.2
34040.2
44002
40153
61928.6
43514.3
46966.6
60679.4
61154.4
36491.4
42142.9
62436.6
52939.5
57001.2
77184.1
48833.1
33955.1
53379.2
39269.8
57266.1
31522.6
59653.2
76800
78091.7
75824.7
51937
31372.9
63316.8
50489.4
41427.1
42869.8
50043.8
72841
47750.2
29834.2
58334.2
48281
53845.8
44174.8
72972.8
54609
67079.1
52747.6
38122.6
45964.6
58428.4
57757.5
57208
35043.9
57485.5
41447.7
46054.4
48945.1
31140.1
43590.7
32677.8
49808.9
44423.4
40335.8
64045.3
65981.4
82001.1
70487
38971.9
60388.1
60945.8
68811.1
66661.5
56365.7
36369.6
73787.2
59375.4
65835.8
119488
49113.3
47838.8
71279.8
76213.7
63642.6
66108.4
65898.7
54373.6
40047.7
75295.9
59503.4
86020.4
100499
46302.1
63591.9
63893.9
49945.3
94510.3
61453.8
54075.3
70654
59819.2
44199.4
95311.1
77173.6
52620.6
65145.8
71600.1
47341.2
45534.6
60027.8
78095.1
62968.8
52219.4
33188.7
73894.9
56605.9
60195.5
45229
70589.6
79133.8
31599.4
59912.2
34213.2
41941.3
43546.6
44922.4
65841.4
47407
54580.5
41045.3
39175
30512.6
53224.7
53307.2
61291.7
38639.4
24348.9
65582.9
40928.2
37384.5
61517.9
60492.2
68154.8
40979.2
63438.1
67137.8
58180.2
37745.1
42376.1
58812
54472.4
49496.6
47586.4
74689
81369.3
61494.2
51694.3
47071.4
65825
83896.5
36529.3
55309.2
51528.1
59635.3
74668.7
48439.8
79197.7
35763.9
50315.7
85414.1
54109.3
44266
60494.6
45400.1
35401.1
68712.2
36290.8
73513.6
87005.6
59634.2
50845
57009.8
66399.3
67340
73810.3
52631.1
25786.1
49747.4
59268.6
49586
30702.4
47269.6
58199.4
57082.3
48271.2
64111.8
55366.4
50497.8
57332.9
59175.9
55004.6
68656.5
49772.6
73128
52820.7
52828.6
65842.7
66149.5
38581.4
67039.5
77765
46932
46007
39160.6
44826.9
40320.6
56573.8
42521.5
42799.3
49090.4
50957.9
41466.8
43329.8
54059.2
48564.2
58044.1
48530.1
50909.3
62198.8
48935.4
66406.5
52047.8
31506.5
42044.9
44214.3
38392
47067.7
48765.4
74779
39905.5
58394.2
61538.6
59530.1
32366.3
70470.2
37263.8
67250.1
53033.6
26556
50479.8
39422.2
59109.4
46478
46388.8
54189.9
55109.8
43061.2
32806.8
61187.4
72242.2
49271.7
78440.6
55975.4
32738.6
54349.8
49787.7
49304.2
45417.6
64868.9
50374.9
52414.2
41688
48603.4
58645.8
38355.6
59531.6
58236.8
45602.1
46275.4
69552.2
38149
52722.3
57743.3
67316.8
49597.8
51971
43635.4
47321.7
74029.2
71718.5
54554.2
55945.3
35796.6
68380.5
48270.3
51065.7
42593.5
65596.3
46400.2
31335
27816.5
30300.3
53716.9
43652.3
63373.8
45433.1
66203.3
43235.7
78950.5
28480.6
48881
105265
35864.9
49586.1
54974.3
83685.2
58156.7
44472.8
64093.1
36908.6
71613.8
55792.3
86391.6
39987.8
88639.4
53535
55993.8
58959.8
57410.2
76041.4
47515.7
77095.8
52675.5
53559.7
65425
57967.2
38348.5
37424.6
57666
82899.5
73153.5
71719.4
59245.2
43004.6
46923.2
70523.2
53242
49609.4
52797
70602.4
41144.3
60183
43992.4
64632.7
37274.7
49396.2
34131
62509.4
46087
77582.6
55691.3
49386.5
49747.4
82633.8
61193
75503.2
38120.6
35773.2
33217
77447.4
38621.9
65653.8
70246.6
45434.1
40481.4
44963.9
71712.4
39555.3
46503.6
58208.2
40309.5
36542.9
63136.1
43533
44244.1
41020.7
59653.3
48524.8
42377
45134.9
37221.6
57064.5
38700.6
41029
39617.8
45564.9
59426.2
54034.4
62519.3
40237.9
47470.8
37706.3
62157
50515.6
51547.4
38639.3
26393.4
45804.1
38381.7
28057.4
52386.6
76993.8
56702.3
23748.8
45478.8
21791.8
31266.6
44153.2
35405.6
62405.8
51085.4
27394.4
36783.5
49541.2
50767.1
46396.7
39247.8
70826.6
51385
48831
28968.6
46227.8
37728.5
56801.9
50422.8
64797.3
23128.3
58225.8
38044.7
53817
44132.2
43654.6
92819.5
49994.6
56324.2
45503.7
39655
42145.2
65259
54895.3
61595
47426.8
59681.5
39084.3
59917.3
39054.5
58041.8
44847.4
43860.6
25425.1
34307.1
47906.2
69509.4
54013.6
58786.5
49429
57804.2
30816.5
63504
52545.9
42584.8
23691.8
35231.8
59009.8
19784.7
52225
52486.5
66911.2
36326.2
61183.9
42023.9
46501
37417.7
51524.1
44127.6
52258.3
46510.8
42935.7
41353.6
48287.8
45465.1
32864.4
44833.3
72768.3
34574.7
48375.8
42168.2
50458.9
29807.9
34819.4
52025.4
68295.2
25857.1
35509.8
51531.7
46688
44268.4
46132.6
51812.5
30571
25144.5
37161.1
47570.4
32386.7
32660.9
43004.2
43550.1
70861.4
48553.8
76101.5
68112.8
53321.8
33783.6
45786
58886.6
80615.8
56445.8
40457.5
56508.6
52090.8
39031
48545.1
31201.5
45686.6
43254.2
87068
49831.2
55023.2
36104.5
41181.9
56868.2
63723.2
47537.8
64974
57085.7
75866.1
34807.4
60986.6
44618.7
41641.5
56496.2
65285.4
39261.8
33741
44318.3
54664.9
85546.9
66170.5
57264.7
75611.7
36725.4
70736.9
54804.1
67462
55738.8
48352.6
51454.2
52032.1
52343.8
55740.2
55278.1
48395.8
78728.4
70073.9
62396
54806.1
65427.8
49168.4
69303.8
55691.5
90492.8
62794.2
60646
80669
57117.8
94872.4
71308.4
65446.6
86496.7
69582.1
66407.4
46638
67973.6
64860.7
53917.4
57493
78310.8
29592.6
64325
48429.3
45810.6
74559.5
65797.1
45226
59700.2
50081.2
65384.3
71466.9
56034.4
71223.2
76647.3
53198
83416.4
34551.4
66430.9
30031.1
66871.9
29088.2
65439.8
49558.4
65594
31568.6
46824.7
39217.3
54322.2
52447.5
50642.1
34951.4
39745.7
25850.2
49060.8
52202
57589.2
75505.5
33721.6
54616.5
36080.6
49090.9
40250.9
74298.1
44481.7
50819.2
60200.6
69992.6
58863.4
42691.3
48143.3
53790.3
47563
54154
46068.4
69351.2
67842.2
33819.3
80454.7
60195.5
64375.3
60924.6
59980.2
46361.9
48779.7
75678.5
71088.7
71485
42107
34858.1
31521.8
57709.8
41155.6
58418.6
59345.9
52539
47756
41391.6
49968.8
44482.2
51088.9
58951
82119
34947.1
30981.5
34179.4
62090.6
40164.1
66988.2
70014.3
53886.7
46288.6
95612.9
54626.4
30574.5
80947.2
38098
43349.9
78115.1
58155.4
88375.6
59840.9
112821
62342.7
72059.4
50829.4
70276.5
50110.6
60840.4
46776.2
49263.3
36279.8
92356.1
43381
89950.2
42852.5
48013
42992.1
55611.3
35033.8
56394.8
75337.8
29390.8
25964.2
50841.7
51327.8
53607
47045
51875.2
48788.4
27168.9
56092.2
67479.1
61649.9
47327.3
50246.2
61211.3
48650.6
37714.5
47786.5
60445.7
33432.2
44615
50568.7
30944.3
64563
33196.5
70067.4
71320
45729.8
30498.7
35103.8
51264.6
41830
45382.2
45732.2
41952.1
75327
64907.2
49841.3
40232.2
61536.3
43610.3
25329.8
58062.6
64050
53283
34131.4
49887.2
32197.4
67503.8
58460.1
34119.3
31922.6
40131.7
31352.8
75807.6
42106.1
64237
66060.2
57745.3
72043.3
46269.9
60483.4
41932.1
51298.6
30470.2
46516.2
46051
32544
44546.1
46664.6
48959.8
41084.3
79426.3
53483.4
41317.3
72977.8
89867
40540.8
38227.4
34116.6
51216.6
56695.4
54493.1
49369.1
51632.4
70600.2
69665.1
83790.9
36977.8
37072.5
40922.5
57795.9
53339.4
56955.3
65418.4
53089
62817.8
49342.6
55015.5
51142.3
92743.6
37929.8
63357.7
56741
80149.1
31753.2
42164.1
41835.6
50816.5
57845.9
48363.8
55963.4
32585.7
35969.5
25265.4
46467.3
21298.3
39850.6
33343
56326.1
32368.2
32572.2
34934.6
44669.8
51111
58925.4
50204.4
40086.3
82510.5
39726.8
56672.6
72921.7
79138.6
53708.7
51139
32352.1
28259.3
34409.1
40105.9
52385.1
51847.1
49184.1
50084.2
40076.5
68460.2
38170.2
64378.3
46000
37613.9
48760.8
42106.6
62987
53453.9
52998
48476.2
53341.9
59757.1
74467
40703.7
55910.1
38959.1
46124
58109.4
65403.8
49542.5
48562.2
67814.6
77910.6
47904.6
59204.4
46005.5
60933
57951.3
42036.9
64178.6
46635.4
59773
50715.1
55197.1
56080
38189.4
65464
45272
45116.7
65536.9
54215.1
47745.8
70873.4
42217.5
60117.4
65763.4
63440
53680.1
46235.7
47827.4
53831.1
58200.2
66217.7
25289.3
58231.3
59014.1
65521.4
75386.7
50240.9
46199
59160.8
60414.1
70530.6
48268.7
96552.5
56050.6
48970.4
55910.6
46235.3
62819.3
70331
56162.3
59776.9
75825.8
58187.4
94589.6
48848.4
67950
52623
47093.9
44448.6
64693.4
57831
51105.8
36405
57370.5
41692.6
47304.3
75071.4
52760.2
68904.3
35603
54291.7
34338.8
50523.4
57598.6
44421.2
79032.6
66032
31493
51239.4
44796.7
65343.4
57138.2
62306.1
41628.6
63292.1
32059.6
51108.4
54313.8
40695.9
69105.1
44584.1
67470.5
62500
73573
33464.4
50246
68859.8
79103
62684
39789
47574.6
61405.8
76947.7
65245.5
45722.3
43933.1
80142
47403.9
68519
50330.5
45535
48179.1
32030.5
52940.5
60306.1
70195.2
51279.5
93320.5
43659.3
62094.6
65508.8
56236.1
61360.4
33424.1
43583
43409.6
47770.2
66013
62236.3
85539
36649.4
35870.2
65061.1
48281.8
49213.2
65574
58580.2
40707.5
35245.4
37853.8
62534.6
43736.6
45330.1
45321.9
46748.4
45357.3
46333.9
41317
65678.8
52763.5
60739.3
70452.2
48012.3
50509
48582.6
61961.9
71295
67560.2
30191.5
72850.6
67327.8
67640.2
46119.7
36870
38518.2
54015.6
58022
42081.4
50323.4
41576.8
61446.1
55586.2
61145
81808.6
41754
51397.7
53971.2
38488.2
60243.8
63236
38106.8
37765.5
55138.2
63520.7
77091.6
46889.6
34033.8
49811.5
52558.1
54686.7
62514.2
41355.9
57626.3
54673.3
24164.8
43479.4
62906.1
41509.2
48307.2
42265.5
30792
70920.7
49235.8
36369.1
42807.2
29211.9
49932.2
25313.7
41920.6
44261.4
46185.8
39358.8
50440.2
38789.4
24801.4
47752.6
38797.3
42802.8
40203
22300.2
27403.4
54075.8
47228.1
78351.1
27483.8
33454.3
28848.2
55103.5
49809.3
63527.3
28902.1
39753.4
26759.4
56914.6
24306.8
46527.2
30837.4
54940.8
41191
44112.5
47112.5
57774.6
36055.4
52768.2
81579.3
40326.3
29631.5
40953.9
72189.5
48236.9
45439.8
45791.3
35977
43215.8
56495.7
61392.7
51070.9
40110.6
38864.8
46628.4
52726.3
44838.2
58408
41510.2
41822.6
54166.9
37517
40054.8
50605.4
52732.2
43147.2
59805.5
45019.4
41376.5
53724.6
50688.8
24835.4
42706.6
51653.9
48862.6
43312.2
30080.2
40030.7
36891.5
63675.6
37606.6
72153.1
63125.4
47610.1
39851
49313.6
25220.7
38642.6
48768.2
59461.4
43107.7
44833.7
34058.1
39085.5
44103.6
31649.3
30178.7
48141.9
47241
41703.5
72123
69935.8
37329.8
70760.7
54418.2
59491.4
35095.8
41389.6
64018.9
49688.4
59897.1
67997.5
44223.8
47456.7
61075.5
86536.3
53199.7
57580.5
57301.9
55014.4
67053.8
37283.8
65464.3
53990.7
73540.2
61361.1
35072.6
65151.1
59727
75400.1
82071.4
65073.1
61340.3
40971.4
35375
41520.5
37245.9
48063
59203.8
42225.2
81183.2
43449.6
45727.2
64485.1
70082.6
60874.4
60315.1
60666.1
40804.4
38164.4
46590.4
76407.4
60828.3
55576.4
49210.8
91471.7
57548.7
59242.2
65263.9
53658.6
49424.8
43378.8
54315.5
46941.4
44782.4
33527.5
35749.3
50630.4
55079.8
31568.6
61487.5
55429.5
34845
40048.2
52131.4
36741.5
55940.2
80136
84146.7
39791.5
59364.6
40867.8
66687.3
42774.6
38816.6
51138.6
69396.1
68545.3
48089.5
48270.2
39036.1
66410.1
38613.9
68598.2
63731.6
71331.4
41911.8
76619
38096.2
49814.7
36657.7
50261.1
41424.6
34327
45555.2
38894.5
32225.8
41884.4
34135.4
39742.1
69141.4
42852.2
58293.9
37668.1
46215.5
27121.4
71074.2
44733.4
24881.9
66364.1
40317
41272.7
42750.6
37343.6
54799.3
41260.6
63225
67922
60389.4
35338.4
52286.4
50412.1
65687.7
64054
63544.1
56822.9
53091.3
53397.5
43208.8
47112.2
50024.8
46306.1
50444.9
52003.1
57260.9
70763.2
59074.3
75482.6
34444.9
61417.1
59074
44801.5
66050.2
46584.2
38432.3
34026.9
32581.7
68754.7
72329.1
55870.2
53360.8
55571.2
43293.1
55088.9
77559.8
57236.4
61300.9
72678.5
55198.6
50707
37455.6
32270.2
59250.7
52559.4
78725.3
76895.7
32703.4
84710.1
51095.1
77896.4
68678.2
85522.3
54936.9
43691.5
47883.4
71254.8
26558.2
67246.2
56092.9
35061
96399
45693.2
46432.6
51660.6
51920.1
69509.4
71369.4
51405
80893.4
54067
42631.4
64551.4
45316.4
50341.6
87563.4
54072.2
43074.5
39743.8
58335.2
62076.3
69880.2
38380.7
48234.6
62686
81680.3
66979
79779.1
72429.1
64154.9
47280.6
61664.7
93717.4
43592.9
52301.3
63808.5
44374.5
48890.1
53629.2
43939.4
50330.8
43188.9
48420.2
39515.8
55459.4
72611.1
59287.3
54858
40502
58278.6
45893.7
40182.2
47853.2
62892.3
51772.9
47885.8
41941.8
27661.3
49472
24845.2
37037.6
49633.1
72125.4
38327.5
43173.6
64192
35648.2
41945
28096
35601.8
51548.1
48306.2
47353.4
50180.7
45504.3
62829.1
31942.8
39905.8
73709.8
33384.5
32489.6
39569.3
43875
42883.4
57130.6
33042
41970.5
68938.1
62845
62257.8
42351.4
46734
50464.9
41639.6
63709.8
36010
76777
34818.4
50544.7
57167.8
37697.7
60949.1
46375.5
32040.7
69498.8
30941
48048.4
73796.6
47472.8
58555.5
71629.6
45649.2
60447.9
57714.2
63371
103508
49001.4
40912.2
68462.2
49638.2
52836.7
82170.6
89777.6
58200.6
47584.5
62937.7
46707.6
45039.9
36609
50428.2
64486.9
57515.5
44942.9
53215.6
69727
35165.8
95271.1
65424.6
64319.9
42179
38455.3
37839.2
46302
59801.4
55880.1
51799.8
63249.9
51836.9
78673.9
53668.2
43236.2
83442.4
41974.2
38843.1
77011.6
64994.3
51118.4
52561.1
34992.6
52283.3
36230.8
60741.9
40786.8
68763.2
58155
89264.3
40243.3
58284.6
49449.8
71773.6
68955.5
95637.3
46259
57309.7
41983.3
38155
50985
70552.2
72791.8
89253.8
58814.2
57011.3
71522.4
45431.7
79694.6
55796.4
54255.7
46338.9
86146.4
33141.9
47465.5
62436
58983.7
83763
35895.8
56303.3
57008
52619.3
88744
91460.2
60069.8
83166.3
53128.6
66561.8
45474.1
74976.8
45940.6
55617.8
52788.2
45620.6
67525.2
77501.4
68879.6
57115
39657.5
60269.4
63216.2
65723.7
63919
59088.4
47204
41132.3
90561
65566.3
56273.3
82621.8
71286.4
53022
46239.4
72360.8
29140.5
42227.4
59129.4
47868.2
50114.9
47640.6
86092.2
40146.6
59327.5
38455.5
42149.8
31515.4
61531.4
27601.4
33780.9
38639.2
34482.8
66981.6
65953.1
47180.4
64701.8
64949.4
22578.6
38055.3
40071.8
44429.4
43986
32220.8
43463.3
49154.6
55160
45081.2
42599.8
34107.4
50232.7
47470.7
26508.6
48350.9
65584.6
54267
66010.8
42252.2
51496.7
38785.1
59487.5
30287.8
30766.9
56603.8
29450.6
34980.8
41457.2
50658.1
61111.7
40386.5
39594.2
17304.2
31273.8
39418.8
63189.2
62538.7
38643.8
60293.1
29782
54262.8
59221.4
55417.4
34259.3
55029.1
43815
39770.5
45687.7
55269.5
48479.4
37558.9
33617.9
40902.9
37727.4
48167.3
75551.8
63635.4
31010.2
39072.7
34343.8
26744.9
53774.2
60176.6
50258.2
44993.3
60574.6
74172.7
43485.4
41227.3
43255.8
51124.6
81765.5
66037.2
56063.8
28274.6
50804.2
81148.2
44635
51185.8
40620.7
54336.5
33732.6
41071.5
63639.5
68616.4
48370.4
34880.9
58089.5
44870.4
45660.1
56591
53336.9
56274.7
32954.2
49863.4
57171.6
60793.4
51790.4
38323.9
65706.2
43046.6
40853.9
38466.3
51914
63913
44157.3
66123.3
57481
37051.4
64035.8
44568.8
51019.7
54225
35928.3
77886.6
48674.8
41509.6
47823.8
34255.2
48751.8
72180.3
62843.7
56739.7
60339
43545
56616.3
46090.4
48349
52333.4
49984.6
60889
70109
46810.7
50804.3
50740.7
57265.6
44734
28142.9
55768.8
43823.7
49580.6
65525.7
73788
61606.2
40799.8
56570.2
37358.1
35489
70002.7
30251
55057.4
60627.4
53595
56650.6
39320.2
61828.6
45284.3
50792
52204.3
57332.3
24257
60583.7
51999.1
49506.4
49972.6
33323.4
61539.1
45777.7
33539.7
87773
21892.1
63887.8
46221.3
70707
49769.1
57064.4
52837.9
35380.6
38816.7
55238.8
50763.8
42629.4
47052.8
39151.3
60714.1
32056.5
66329
78844.8
55815
64471.5
42535
39710.1
42975
41325.9
50745.3
49143.4
41141.8
52430
65160.6
40971
49547.2
52982.6
75922.2
44229.3
33325.6
65781.2
44056.5
78041.4
50525.3
59531.2
63514.3
30388.1
34721.4
63966.8
69621.2
39517.8
43606
27944.3
48337.8
41330.5
54935.5
47085.3
33472.4
49299.2
43893.4
45973.4
54436.7
50224.8
27589
59129.2
38644.6
53038.1
46520
78859.4
74145.4
40447.5
53006.6
58876.2
55770.3
37775.2
38431
43192.5
41325.5
33302.6
50052.5
40131.1
31789.1
34885.8
60404.9
34939.7
46124.3
70662
39921.8
72041.8
41404.3
38370.6
38323.6
82761.3
28392.6
35993
32800.4
56514.4
37073.8
48929.5
37105.6
19145.3
70345
60722.7
21074.2
30511.3
50339.8
43898.2
59685.2
46732.7
48379.8
34475.4
55039.9
50172.6
47089.1
52492.4
51031.9
72345.1
30914.7
36018.9
36019
55298.7
47095.8
46124.7
45343.3
47667.5
45966.1
35772.9
50994.3
41195
35606.2
48936
51131.4
81679.2
48456.3
32927
67653
69879.5
46984
47198.7
57019.9
63645
69961.1
47929.8
46821.4
47980.6
66216.7
49438.1
36004.8
78886.9
50338.4
72316.6
30928.1
39894.2
30874.6
73673.3
68785.1
59360.1
46734
71212.3
36491.4
36327.5
51401.5
51460.7
71004.4
43580.8
53440.8
54452.6
54609.5
71897.4
51545
25803
43085.4
43082.7
46654.3
62832.1
60116.6
51889.9
53759
37722.3
65738.4
46123.7
39314.8
78617.9
41473.6
33517.1
51223.4
55083.4
57218.6
49254.1
37732
59882.2
64280.6
68693
37275.8
39000.7
35418.8
61441.2
64095.4
41566.1
54004.7
46367.7
42850.6
63516.2
70379.8
56182.1
36291.8
43827.9
33494.2
28803.3
55618
40552.5
59569.1
79082.3
88684.8
43223.1
57554.7
57507.2
30035.1
27457.7
71918.5
51956.9
49850.4
78788.5
31199.2
40664.8
56275.1
52105
63347
46209.6
82703
45192.5
54936.5
51826.4
37205.8
47287.4
43356.2
41397.8
37250.5
37903
52845.4
57895.4
58987
80770.2
55019.2
51248.1
33969.8
67960.7
99161.8
45213.6
71012.4
73476.2
37887.3
72727.6
56058.3
71572.7
42258.7
52467.4
33650.6
52530.8
40836.2
70193.5
42589.5
57371.8
53545
64257.5
50912.1
56033.4
58573.4
38323.8
48012.2
38368.3
43891
36094.7
82629.4
63549.8
70133.8
41392.2
50400.6
57611.2
87546
59651.2
44325.1
65737.8
26366.2
62788.6
37965.7
68398.6
43819.8
37777.8
58641.4
51909.4
55384.6
44305.3
44180.7
41796.2
51563.8
44884.6
76838.8
57303.5
39055
55412.6
70934.5
73658.1
61970.6
57150.8
45790.6
26304.2
58695.7
43917.8
84188.7
66936.9
75213
51572.5
46628.6
47160.8
52941.7
69810.6
64998.8
62582.4
43496.6
42983.2
65386.4
45865.8
46305.2
32547.5
21233.9
36284.1
34221.5
82769.5
102820
48000.8
35918.6
25641.1
37512.5
32318.2
51465.8
44948.5
41191.5
43427.5
37961
49741.3
45566
60211
49401.6
41027
64404
23726.6
47845.8
72874.3
60067.3
31264
60427.6
42803.4
78329
41743.7
42950.5
58838.6
24726
41826.9
37837.2
58884.5
38799.4
56216.1
35526.6
40852.9
47367.3
60108.6
65200.4
41457.7
41465.2
64557.2
48287
36177.2
53946
52619.9
26972.4
53457.3
45508.1
39665.3
33394.3
51085.1
81970.6
42434.2
79464.4
39150.3
63828.2
47668.8
38615.4
32813.7
57594.9
39134.8
52416.5
50429.2
47396.3
47972.1
30748.2
37266.2
31123.1
90243.4
46748.4
48173
52106.7
59579.1
51951.8
57263.2
43951.8
29623.6
56439.5
55590.5
39477.1
43259.6
49884.6
56964.6
43159.6
43152.9
33083.9
39125.3
28620.1
26703.4
44471.3
45802.1
53666.9
46368.3
59884.9
68551.6
53098
50889.7
49140.7
55032.5
26268.2
44162.5
41135.7
59205
39818.6
61642.4
42600.6
38109.6
50584.5
59751.2
48542.2
88126.6
78068.2
56017.4
53743.8
49194.6
50163.8
53772.7
27186.9
68389.6
64713.3
38944.5
56162.2
34610.8
32627.6
63695
48801
50503.2
50742.7
30259.4
27570.2
29085.6
28929.6
62003
51291.3
47230.1
38335.3
46583.7
52299.4
59714.9
32261.1
56353.4
51966.6
29505.1
31682.2
37222.4
47985.8
58872.2
43610.2
59904
41514.6
68425.9
41763.8
30999
49446.9
44862.8
71113.8
41632.1
57256.6
51646.7
44603.3
64443
46336.2
29097.4
44031.7
51490.2
36483
41818.2
44646.9
45785
60030.6
64043.8
24939.3
42979.8
58165.8
45552.8
67839.3
39391
34214.7
41439.6
62495.6
47645.8
63069.5
44572.2
45114.4
48979.7
54259.3
43297.8
55018.2
31389.4
30764.6
48437
37803.6
57575.9
50892.3
27236.3
39113
79056.3
55728.4
31115.7
34733.4
54777.8
41646.2
35377.4
43320.9
57112.7
35830.9
28128.6
36386.5
42627.3
35511.9
63173.8
43737.5
56194.3
47994.6
53512.9
28415.4
46301
41100
47660.3
50189.8
21750.9
30059
63365.5
40880.2
60104.7
54090.4
34455.2
44626.7
34809.2
36561.8
55703.7
36058.3
40795.7
49265.5
70518.4
54118
55877.1
53360.4
34463.6
53019.3
25265.2
33710.3
60681.1
30285.5
65412.9
75382.3
37397.3
50509.6
69611.4
33926.3
54162.6
38258.3
45922.6
62052.2
64766.1
53719.9
33788.4
43316.9
39795.4
59690.2
66744.3
72752.8
45824.5
28649.6
37602.2
47477.3
44779.4
62398.1
32035.1
35492.4
28642.2
37689.5
75398.5
72693.7
38376.9
36122.4
39706.7
57949.7
40912.6
41623.9
56769
29745.7
51694.1
49674.2
63812.1
42995
40078.6
53182.4
62669.2
58241.4
46625.8
59514.7
56127
30591.8
38030.2
58796.5
67152
54987
45780.9
46214.8
24882.9
53266
43284.6
37862.2
26846.6
85277.5
63501.9
67213.8
58178.6
59462.4
51006.6
50507.4
33483.5
24794.2
56189.1
59938.4
55033.9
57635.4
35226.2
29257.5
64987.7
75884.7
53022.1
79092.8
68381.4
41289.1
62642.2
31670.3
67175.2
54925
54230.6
53672
44601.8
46685.8
52726.9
97079
44789.2
33203.9
30625.9
56817.9
53630.6
45079.3
38441.5
54607
67046.2
42510.2
28967.5
69406.6
37319.7
45058.6
39864.8
53765
42270.2
68233.4
52602
56141
51981.3
61499.8
22995.8
66365.9
61637.4
82112.3
64519.8
44806.6
46720.9
58101.4
64511.9
59599.8
64368.2
43546.4
86483
58855.6
52643.2
66608.6
55592.2
68845
39232.6
55452.3
66573.9
54778.4
56083.5
53900
31061.1
59626.2
36321
45335.1
53935.6
60633.6
56169.6
73949
54831.6
55060
61447.8
42557.3
46405.4
63212.5
41228.6
70571.8
52679.4
93828.3
53649.8
39924.5
49757.7
42630.6
61975.2
57340.8
41506.5
76918.7
78826.2
49126.6
72309.4
82522.6
62156.4
66873
55962.5
57759.4
47586.3
83295.5
51587.8
56920.8
93678.6
57471.3
62043.5
79587.8
92727.3
41809.1
43086.2
67005.3
54885.4
55150.6
34011.2
45081.4
32555.4
56461
51329.2
47642.6
44646.9
53191.8
57598.4
60110.4
89419.2
58892.2
72124.4
62481.9
49597.6
63986.9
65160.7
44914.8
45060
61031.1
75271.9
42911.3
42892
76995.4
42809.8
47620.7
49508.7
41138.9
52566.2
41820.4
48998.3
57879.4
40873.7
70700.1
43687.7
26967.3
40690.3
59958.6
73031.8
52153.3
31446.7
50953.4
30159.5
33478.7
66895.8
51284.2
56119.8
58516.4
32971
45184
44299
29568.9
44843.6
79750.1
46563.3
55602.1
50125.9
43235.8
56624.7
61335.3
64855.2
26862.9
36379
62606.8
67241.2
40633.5
44888.2
35286.2
48856.2
51133.4
75743.8
59109
29411.4
49758.6
47762.2
70660.4
30165.6
61432.3
56379
50788.2
41101.4
63747.4
28065.9
37028.3
59039.2
54454.8
43055.1
61769.1
30325.1
40593.5
56547
54469.9
46988.3
45607.5
64259.3
57383.2
53519
94182.3
37631.4
47414.9
52787.7
88850.4
46898.6
48747.9
38436.6
85818.7
66085
52120.2
48292.6
52004.1
50077.8
48173.1
46692.2
70199.5
45829.5
47068.5
56591.5
46198.6
30210.9
59049.2
83657.4
48446.4
26872.1
62334.9
58721.4
32637.1
49802.1
51354.4
32210.6
34078
47267.9
32134.6
43120
30827.4
62378.4
58755
44888.5
39141.3
61298.9
54295.8
34520.4
31559.6
71081.5
38555.4
30830.4
24554.8
38110.7
33903
86589.9
65313.2
29241.4
52789
43216.4
39520.8
45661
45185.7
40381.3
64923.4
41204.8
23102
36033.6
55403.5
42449.9
28565.6
30606.2
49336
46857.1
42473
50007.8
29217.6
47135.8
46101.4
33685.1
47449.1
43473.4
48528.4
39657.9
34695.4
43818.3
42272.6
47085.2
33719.4
48005.4
74017.8
68959.6
73724
38457.7
32728.5
22982.4
27411.5
30716.7
50486.3
40367.1
49672
37671.9
63171.6
51326.6
46515.9
52334.3
38640.2
39867.4
49974.5
61591.4
47789
55715.4
36260.2
39704.8
46175.6
25636.5
29947.1
23847.3
58813.5
39956
41983.4
40213
37991.6
48399.5
58953.8
30961.5
25509
38187.8
57019.4
43569.2
36778.6
42283.9
42423
40788.5
57692.6
47030.9
54199.3
72619.2
54406
47969.6
58471
27303
27129.3
53104.2
55380.2
35715
32593.6
22298.4
26394.3
50166.3
31852.9
52391
61531.5
39786.5
50561.1
38642.7
22617
48929.7
55786.2
47790.2
33988
35741.2
46715.8
33855.5
49395.1
59812.5
52562.3
67940.4
25325.2
44266.1
37993.5
47896.8
39136.4
37944.8
64944.3
35865.5
55216.6
38925
30319.1
42477.4
43769.1
73261
55441
60642.7
37328.6
50493.1
33539.8
82308.7
33480.8
70304.9
22062.2
39510.7
43317.6
41943.8
56280.2
64153.5
63025.4
25038.2
55824.8
48675.7
33984.2
59330
28808.2
48313.2
46410.2
71033.6
54781.5
35393.6
54907
43284.3
76247.8
42332.5
27417.4
45973.1
30438.8
47274.4
65277.9
65746
58892.2
66580.4
21017.2
61454.3
36829.9
41475.3
72012.3
86378.9
35812.3
49033.5
70343.5
53810.6
77070.2
40165.4
55804.2
82174
30121.3
65688.4
65214.6
65952.5
60399.3
49575.5
44884.7
53589.3
83444.2
50391.4
54484.2
66660.3
51145.4
44322.1
36447.7
61405.3
58967.9
40009.9
61694.1
50622.1
56019.4
51900.6
62476.6
41541.4
37143.5
49397.8
63147.6
43876
39967.4
56314.9
43489.8
72509
45027.5
83455.4
24882.6
43705.5
79713.9
51765.5
49799.4
56370
52554.6
37771
78668.2
50514.3
48099.9
54985.2
51368.6
37894.6
56170.4
38787.4
59245.8
64035.6
70693.2
43869
33083
78855.4
57309
63807.9
56381
25025.9
50868.7
66221.4
51662.3
89450.1
52485.8
54566.9
73314
52049.4
36649.8
42226.7
53378.7
64497.6
63775.4
71505.9
50156.7
36452.2
53260.6
48471.4
52679
52296.2
46307.4
57191.2
34023.2
65599.3
55407.7
44723.6
72279.7
43580
70223.6
48923
46909.4
34035.2
30606.1
54098.4
41122.8
57330.3
76400.2
67512
59765.7
42453
33911.9
46220.4
57323.4
71924
51605.7
53797.3
51081.1
50587.4
50824.4
73224.8
67345.6
66261.3
53003.4
39203.8
81592.1
57505
56795.3
39415
51312.2
43555.4
63526.7
68348.8
54335.8
46281.2
55173.8
39757.8
80445.4
55307.8
81862.9
48745.5
32015.4
53163.9
56806.4
98611
54948.8
48316.7
45579.5
67613.4
76918.2
43451.1
46876.3
43027.2
61700.3
50352.3
50479
68441
55620.7
69944
58895.3
59505.5
43492.1
66431.8
57751
47556.3
55383
41609
30082.7
68628.9
64445.9
81647
57447
32612.4
55960.8
34012.6
59656.6
28575
73733.2
52264.6
60997.9
61461
56671.6
34967.5
39184.2
40594.2
56995.1
40835.3
42590.8
32026.6
41767.8
54517.2
41383.4
70535
41504.3
33580.5
46718
37069.6
50588.9
58849.5
66175
40540.2
38527
57809.4
40479.1
60880.5
53545.4
63445.8
48543.9
33697.4
64238.1
48223.8
67033
45313.5
30128.7
49886.2
24060.2
32319
48625.1
75168.7
63782.2
42933
45687.6
50649.6
45017.3
45177.6
43806.2
46372.3
56237.7
33504.6
41046.3
28773.3
38960.4
42622.8
76743.6
29618.6
54972.8
28881.8
55130.5
37750.8
42903.8
63505.8
51140.2
53717
45737.6
42655
54492.6
60880
59011.1
68933
36836.3
43641.4
48866.7
63085.5
38224.6
42586.9
50773
42239
42687.1
111825
39899.8
77825.4
49066.4
43031
46188.6
72992.2
20556.7
54256.9
48856.9
34400.2
55305.9
40060.4
87031.8
54415
36251.7
63566.6
64164.6
42554.6
58856.1
41315.4
49779.7
62708.5
33211.7
46210.7
37598.6
86308.4
66834
54593.8
32264.2
42240.7
50400.5
63886.2
43129.2
51364.2
50835.3
55139.1
75821.3
118965
62601.9
43810.4
43178.1
54653.4
38407.4
66880.2
50984
73080.5
39758.6
67847.8
54661.8
47276.6
44174.6
67668.7
59510.5
36341
53696.8
49197.9
67255.5
43701.8
39571.4
71883.6
53458.2
35653.5
51826
77782.6
57728
54905.4
56990.9
52822.5
43038.2
51490.6
44777
61684.2
47378
61823.4
50256.3
57938.5
46752.8
46863.8
49810.5
54331.4
48634.2
45886.5
56315.5
51469.3
89460.2
68084.3
44388.2
52952.2
56256.3
38560.5
61113.2
28306.6
71870.6
61155.8
42867.7
34639.4
63037
65258.1
56710.6
41993.9
42558.4
41586.1
61983.1
31187.5
53754.3
37579.4
65655
40695
57465.5
38257.9
49024.9
58108.6
37011.5
57304.2
38892.7
63916.8
28755.7
75283.5
45868.4
42167.8
41732.6
36452.6
67837
50562.2
37136
64117.6
42296.5
65057.6
37397.7
60137.7
63211.1
43537.2
56777.4
51609.9
55406.5
26541.3
51949.9
66744.1
74563.6
57800.6
47710.5
40501.8
43920.7
59909.1
45575.7
62420.5
57522.1
52809.8
62042.2
50522
56586.2
33320.7
52895
47921.8
40757.1
30860.7
85764.6
58227.9
61094.3
27087.5
36597.6
43883.1
47563.5
75679.3
62644.6
47137.4
58076.2
50416.6
42150.2
65765.3
55573.2
82415.1
34895.4
32774.6
33011.7
57551.1
74438.5
41830.7
57255.7
38684
55364.5
54045.4
53534.1
41081.2
39015.6
35835.8
46962.1
44202.6
49297.8
60541
70441.6
59174
32302.1
49198.2
76231.5
46134
53321.4
54041
57348
73223.6
78719.4
43053.7
53819.1
63838
62242.2
92594.8
45850.2
49954.2
70965.4
37524.5
49394.1
61940.6
68758
58465.9
55907
47955.2
49172.8
63547.2
54769.6
40776.6
58389.9
41828.4
64397.9
59251.6
51510
56140.6
43971.2
56725.6
31581.5
62249.6
39770.5
61089.8
115989
42120.9
43711
83849.6
45647.1
36321.1
64721.4
38083.4
59472.4
59549.8
68314.2
33706.4
57658.1
33456.2
38288.9
74682.3
51474.2
35227
60863.4
56784.6
32723.8
88593
53095.2
55226.3
45305.1
54259.4
42412.1
57653.4
74003.4
51049.4
45685.1
57195.4
64363.4
44729
40564.2
82296.2
76898.4
50481.4
58178.8
70020.1
53125.8
67898.2
72914
64736.7
99460.7
51249.8
55709
44689.6
74909.3
59158.3
35183.4
81650.5
44733.8
59891.3
44924.2
76312.3
41584
52014.4
77901.8
71523.5
39624.5
40048.6
62840.2
68475.4
55997.3
51042.5
78955.7
65599.4
58543.8
50804.1
68626.6
41361.4
69757.5
68141
44122.1
56944.9
32955
50298.2
45851.8
59033.1
51944
52965.6
67380.6
53764.6
48019.4
31300.2
42824.1
27777.6
50514.6
55599
52517
49000.7
48123.5
46504.2
53303.1
54627.4
39105.5
50859.1
21082.9
54616.1
43932.7
80753.1
52492
57141.2
45352.6
38050.7
53300.9
29147.8
55307.4
41889.4
57203.2
31383.8
46910.9
62220.9
44589.6
50514.5
81857.1
73229.1
42527.5
69339.5
37923.8
51932.9
54729.1
44913.1
56962.7
43580.9
30678.6
55635.4
27428.6
55297.8
43013.4
64677.1
26773.4
56169.6
25913.3
57441
40383.1
45737
32317.5
29318.9
34880.2
50858.2
57559.8
50861
42681.4
27835.3
37466.7
46271.1
51693.5
46128.1
42256.6
41416
29154.6
42652.8
47393.7
36697.6
30887.8
61837.8
20951
38066
43394.1
58367.4
56231.6
27659.8
55491.3
36508
41628.2
48720.9
64628.2
28345.3
43933.3
28112.6
31262.9
49926.7
30596
40685.7
48104.9
81412
50702.1
33919.7
62894.9
55956.6
20011.8
71465
41952.2
72699
59274.6
70742.5
55029.5
76139.3
50909.3
46377.4
74227.8
23225.1
27866.9
54086.6
34000.7
55235.5
61211.4
54723.4
28551.3
50154.9
21900.6
74747.5
54161.7
45019
43671.3
35309.8
42707.9
31060.8
35746.6
43609.8
64209.9
26127.8
34201
46538.8
50441
59057.6
43959.8
23394
45705.5
53328
91241.8
43913
30921.5
36057.7
39620.6
31351
49368.6
52788.6
46806.7
33647.8
58673.8
36027.6
40188.3
46759.2
43644.8
75961.6
52800.1
30656.2
46305.1
39559.7
57336.7
39750.2
53943
44015.3
62787.4
64269.2
65052.9
37338.8
62610.2
41520.2
50268.3
47801.6
43242.4
37764.2
46301.3
45124.9
23957.4
37321.6
76318.3
62746.3
39242
32452.4
53465
37718.4
46517.2
41226.6
41403.1
63893.6
24995
58479.5
65822.2
40231.3
44749.4
39613.8
36685.3
36388.9
58199.1
63064.2
60758.2
36811.5
33243.8
24986.8
56795
40603
52569.9
29389.8
29801.3
37704.6
24897.2
35674.5
50455.2
40660
39970.2
59019.6
55524.4
59161
35392
47885
21865.4
30215.3
50094
26172.6
37784.4
25489
47315.8
53553.7
53856.5
52046.4
34741.5
23925.2
44641.2
37257.1
52426.2
51225.3
52278.1
23616
41408.7
37398
35574.1
33473
70683.4
32925.9
34918.5
47928.7
37093.3
44141.9
44610.4
81564.6
45654.4
30618.6
30006.8
45023.7
52536.6
42550.6
66263.1
47415.8
57906.2
48496.5
39854.5
48530.5
42519.1
45821.2
50675.6
35494.2
55976.6
59059.5
49208.2
38076
64376.3
67550.7
48713.4
36695
44236.9
50776.7
60119.4
29605.8
57412.2
42270.6
45890.2
68273.3
34644.1
92750.7
70672.2
81007.6
46832.8
33659.8
51647.8
58691.9
61794.6
77544.2
65929.9
51001.1
46177.8
40932
46341
64439.9
80267.9
42766.3
48641.7
32807.7
63077.4
78726
51406.9
77767.6
53503.3
56848.4
45404.9
57687.1
99376.9
75006.3
49883.4
58923.7
62173.4
57210
49866
59725.6
62234.5
67284.5
48907
53005
52038.8
37368.2
64209.6
42822.3
53612.5
68003.2
41695.1
46429
67340.2
42885
48855
49444.3
56692.5
47326
73474.9
40373
49103.2
45693.6
69908
47787.8
46899.4
39793.1
49401.1
52878.5
44733.7
98184.2
58211
72436.4
53325.5
38917.5
84620.8
62834
52321.3
35070.7
34456.4
70040.9
52056.6
84054.4
63635.3
65072.2
54605.7
51816.8
57847.6
62879
70615.1
30158.2
44051
80479.4
56309
54097.2
36311.1
39107
30520.8
84050.5
64777.5
55272.7
93067.6
61146.2
39781.4
60426.2
48805.8
66831.2
46297
47964.4
92461.4
63057.9
50671.4
62226.4
52668.8
62454.9
57029.3
75312.3
50095.4
61723.8
74454
53719.1
68517.3
59591.6
41841.1
51965.8
44107.2
44539.6
63483.2
50557.6
53080.8
36478.6
42593.8
48781.8
52291.1
74724.8
64910.3
71379.3
32260.2
44282.2
33316.9
40405.6
40637.2
41977.9
95262.6
64863.1
57303.6
49527.1
70283.1
44563.8
77925.4
43180
80943.6
63679.5
44566.1
56093.8
43404.6
58424.1
49185.2
62459
56635.4
75648.6
42552
40135.5
36189
48273.6
34151
41037.7
42852.6
59890.5
41369
45753.3
49373.1
31708.6
32275.5
31715.4
50642.2
60853.4
37624.7
89589.1
27047.3
60796.6
36946.3
24570.1
55060.3
77621
68498.3
44350.2
28879.6
47536.8
40151.3
69084.4
30754.2
26879.2
35450.1
51096.7
39561.9
46518.4
51559.6
33243.8
46146.6
36562.2
63480.1
50790.5
58671.7
51674.3
65361.8
40969.6
46890.5
49711.8
41541.1
44087.1
41011.4
54568.2
47911.2
41061.7
59253.4
28909.4
48710.2
47427
42888.5
37758.9
37847.1
42619.8
36092.2
56004.6
78039.1
52283
46509.7
53422.2
46044.2
55900.2
49873.7
50176
62358.6
36333.8
26003.8
53566.5
70769.2
44804.3
43556.8
36156.8
41329
44101.6
61429.2
33496.8
52892.7
32548.9
48279.6
37430.5
61281.5
37348.1
68350.6
39449.2
45040.9
28702.6
44566.8
52856
67754.9
50577
39213.3
32928.2
56809
27373.8
44677.7
40312.2
48513.4
81553.1
46477.2
54839.4
22614.9
34982.3
31906
63027.1
39650.7
47400.3
49412.4
32426.2
51874.5
57005.4
63051
60673.5
57827.4
48421.2
41624.5
45379.8
50582.7
72880.3
47666.3
66087.3
52668.2
42286.3
73135.7
59266.6
99795.6
54475.8
70528.3
38848.8
64022.6
41597.8
56225.8
43397.8
37759.4
42083.1
55735.6
36770.5
61454.6
64601.1
67320.9
67320.4
32027.5
64632
65415.3
44661.7
48589.8
59898.9
35355.9
32405
54102.5
40308.6
30269.9
46311.2
50856.6
60770.4
30623.6
43665.6
51635.6
32112.8
43914.2
84225.1
49294.9
54393.4
63122.5
45035.6
40581.8
32853.6
50882
51179.3
40733
62894.6
66973.7
30552.1
52093
29483.8
37462.1
61512.7
29205.4
56864.4
37380.5
50043
60006
82176.4
49059.9
65780.5
38777.4
29296.7
45942.8
46863.4
34042.2
25500.8
37407.5
59033.3
26988.6
40205.6
42626.3
21256.6
32914
33282.2
29502.2
51837.7
29635.9
30556.9
47893
68139.9
31628.1
29626.4
31500.2
28600.3
34654.8
50023.6
56726.3
36821.5
60036.2
50432.6
52072.4
32481.7
30200.5
36085.2
46022.8
33616.8
38951.7
42679
51286.2
60262.1
39084.7
51069
44939.4
31829.8
28833.5
56742.9
47176.6
39485
49588.2
51932.3
51041.5
46859.6
45825.3
48584.6
57563.1
58995
53882.8
55602.2
72589.7
42692.9
52521.4
60390
29503.9
89724.3
38379.4
60017.4
59155.4
55249
48150.3
53771.1
47705.8
53356.3
64641.4
43661.5
51859.3
59185.7
42626
59763.3
34897
36282.8
32103.9
61392.6
72074.2
59057.3
30176.5
40920.6
46690.6
51949.8
62634.7
60931.7
42281.1
42133.5
29793
50398.5
67732.2
65647.1
53950.1
58791.9
38577.6
41823.6
50869
56474
48663.7
52021.7
43898.7
67910.7
49870.3
39234.1
40213.8
28912.7
37242.2
54128.7
53463.1
42011.2
27912.7
54599.8
44598.8
29461.3
24636
68761.4
53287.5
51423.4
80040.9
52750.6
55231.8
53301.4
46739.4
32842.6
29906.5
55774.2
41486.6
39386.2
59898.8
58532.4
35131.8
48310.6
45759.9
31202.1
31305.2
48739.8
44615.4
46531.8
42154.7
38602.4
34199
39249.2
52115.3
34152.4
36187.8
41297.4
35769.9
35270.4
43539.5
65847.4
36435
73088.2
33361.2
38197
37091.6
63771.4
39455.1
52348.1
54727.5
47321.8
38257
66481
42046.8
63537.8
33289.6
33824.8
40428.2
33918.6
53009.1
60731.6
52880.2
37181.4
12876.8
47641.3
36687.6
54949.4
48774.6
26554
57845.2
39687.9
51156.8
40481.3
45120.6
64525.8
49979.2
37778.2
53795.8
42520.4
27894.3
55743.9
37432.2
65289.3
59462.4
48690
46311.1
58380.8
33941.5
55077.4
44938.7
64560.9
55842.2
79430.8
42443
40089.6
59435.7
88145.8
46239.4
51939.8
66354.6
63404.2
15603.9
47568.5
79373.4
48839.4
56600.6
24805.8
61191.6
50451.3
45351.9
43422.5
50105.4
40341.1
74503.7
56552
29748.9
51434.2
43432.8
57682.7
72754.6
50444.2
34867.9
49062.2
35738.4
66966.1
32004.1
46009.4
44625.3
32769.9
54079.4
49171.2
51339.8
65225.9
46319.4
19647.6
35563.8
62533.4
46134.3
57062.1
55221
36298.8
48469.8
44696.4
37707
66234.6
38275
45650.3
45944.6
55240.2
58601.4
50884.1
41294.8
44427
57441.1
52825.4
40594
47922.4
35703
27548.7
47428.9
59414.8
54907.4
34149.1
46424.1
61937
43566.9
71933.9
39885
44507.8
74489.8
41386.1
47683.2
59396.3
59927.7
35465.4
44228.4
64133.2
71880.2
53270.8
31005.9
36545.2
35702.5
52781.4
50769.8
56924
44390.7
28586.2
33078.9
40502.4
68765.2
72131.8
34941.6
54956.1
60873
40908.1
40508.6
28198.5
27367.6
50605.4
35511
31388.6
41807.5
38294.2
25618.9
67801.4
42251
28569.3
63229.8
62140
54593.3
52075.8
30981.9
42625.5
65368
51189.1
64351.2
35523.4
55988.9
53386.5
54234.2
47950.3
73525.4
35120.3
49217.4
56317.2
40031.6
48984.6
56487.4
55539.1
69542.5
34959.4
71976.4
41420.1
30042.5
33902.6
60517.6
63289.1
58380.6
52550.6
34659.7
49416
26327.6
45795.9
44752.2
77983.7
45379.1
35162.9
62486.5
43585.9
55489.4
45400.4
50580.5
62399.5
43444.3
47667.3
21959.4
30303.6
39051.5
57257.8
53624.9
58215.4
48882.3
47281.3
61890.9
45540.6
46539.4
71372.7
75453.6
47943.7
56169.6
50684.6
35555.4
47004.2
35998.3
59263.1
48926.6
53767.3
51842.4
33373.5
89115.9
61304.2
40608
63855.8
52346.5
36099.2
42873.4
40834.9
43299.8
44650.1
52515
73023.9
30661.4
39226.2
55212.4
55298.7
58461.2
58992.3
54901.6
47885.9
46077.5
49621
24078.1
62720.7
57683.7
23081
35311
51118.1
50970
65011
42150.3
67959
32555.4
40692.7
35920.1
48760.6
46985.9
67712.8
48325.7
45610.2
60793.1
67193
58404.2
63273.5
82187
74982.9
45579.7
39051.4
43806.2
51304.9
65542.6
51688.1
43440.6
44675.3
26420.2
33524.8
35258
77861
40573.6
51818.3
60254
49568.8
31585.6
58290.2
49111.4
43543.8
54794.2
65794.2
39771.6
41338.1
46969.7
42818.6
55955.3
49326.3
63367.4
79399.7
30776.4
50386.6
48883.6
54866.9
60298.2
31395
48688.7
54630.7
46343.5
60247
51026.2
32076.3
60582.1
60023.2
69635.9
62940.8
36107.5
28945
40307.5
44605.2
57353.5
32827.3
62349.8
47562.6
36476.2
30680.8
35559.2
39423.2
62114.2
39605.2
52084
54033.7
39807.9
72157.9
53434.1
32100.9
35908
53139.6
47683.3
76981.8
44368
69599.2
59941.6
49507.4
34773.9
65333.4
52391.5
94367
43918.6
50722.5
40814.6
54878.2
66675
76825.2
62513
68089.8
51987.4
66621.3
49369.5
35073.8
33705
64787.8
34671.3
43661.4
42446.8
50404.2
36874.3
43277.1
70526.7
40457.1
37066.8
51321
45535.5
31999.8
35634.7
31295.7
30460.2
42270.9
51851.4
57954.1
26965.9
49143.1
59207.1
54353.8
54898.2
59620.2
39478
74552.8
51562.7
27183.1
58043.4
53625
54549.3
86650.2
33330
32098.2
40618.6
65832
61630.6
69563.4
32590.8
41487.5
49898.6
52906.8
70473.8
62418.8
34073.7
59513.7
51527.4
72135.4
84094.7
74240.3
72470.1
53387
53434.6
50317.7
75567.5
61730.1
41064.8
32302.3
60927.9
38964.5
58356.2
50654.6
45566.8
52269.6
37301.5
40726
45520.2
51198.5
56016.6
51720.6
17154.6
43164.8
60171.9
52474.9
44793.5
52099.9
30173.5
27435.3
26892.5
66977.8
49583.6
47204.9
43455.1
51934
41811.1
36385.4
45845.7
62953.7
37593.2
57605.1
38362.9
71550.8
46180.2
42809.5
24643.8
46862.8
76083.9
24161.4
21588
47921.7
35447
67305.6
43397
81600.9
40093.2
63937.8
49152.9
51409.3
40108
52803.8
33821.7
59837.5
56696
50328.2
41519.7
37005.1
80730.3
68510.1
40541
52770.9
45650.2
44917.4
49418.8
37933.4
59906
46972.2
35170.8
42935.9
51784.2
21568.5
49793.3
38841.8
77986.1
30743.8
36373.2
52012.8
60745
68730.2
51104.2
40150.3
62217.6
48739
42788.9
51384.7
43059.4
35096.3
63388
39889.4
56753.4
63097.5
52672.5
58743.9
61842.2
65165.8
59802.2
56500.2
32247.4
55128.5
31089
32283.2
42229.3
55199.7
45479.6
72662.5
66593.9
53937.2
47714.4
51339.2
71132.4
42675.6
55891.4
42695.4
48885.7
52546.5
75619.8
47731.4
42789
34808.6
38921.4
49264.3
60797.7
38107
39186.5
28087.9
40175.9
58446.4
48695
39605.9
68808.5
58971.8
57230.5
47734.2
50023.8
34594.6
49285.2
61002.3
37775.5
45998.9
49999.8
43465.1
74875.2
69701.8
34430.4
78215.2
22717.8
31202
47607.1
77467.4
50003.9
57410.1
46796.2
53643.2
55907.6
38316.6
64543
47372.2
32453.6
50224.3
64574.7
35921.4
50823.7
58906.8
58307.4
34601.6
63219.4
58332.7
43003.3
39529.7
33727.4
23020.1
23731.1
54074.6
48256.7
55869.9
39560.5
54220.9
45001.6
71390.3
42548
45575.4
35380.6
43254.5
46487.5
61428.6
58454.2
82085.3
66515
60538.7
61866.2
42665.8
35309.3
60229.6
62177.7
65787.7
50973.6
50883.1
38618.4
43754.9
40403.7
50364.9
36283.7
77753.8
58433.2
49626.5
48727.8
34607
48290.5
39854.1
63195.6
49251.6
50622.8
55445.8
57883.4
35870.1
59129.2
40351
46810.8
57740.6
27587.5
61108.7
49341.4
50683.7
36243
52491.9
41157.4
64729.8
51607
66411.5
34936.3
42684.2
38883.2
41556.3
31468.3
37048.8
45988.6
62809.8
55717.8
89480.9
40814.8
51701.8
49793.3
45659.7
57712.6
49782.3
49808.4
70083.1
44633.5
76939.2
39097.4
69219.7
45167.8
56931.6
51654.7
36771
53001.8
36905
63799.9
69714.7
81574.3
55915.2
44667.1
58797.4
47375
47976.6
64452.1
56203
39656.2
54953.6
53009.8
38137.5
51911.8
53316.6
62319.8
36762.7
53521.8
30602.1
65084.8
33351.8
45492.4
47684.2
35689.1
52219.6
46367
52880.1
31920.5
33014.2
47685
58797
29772.1
56869.2
56633.6
35601.9
46066.5
30300.7
62102.3
74891.8
70585
49970.1
81082.3
71801.7
51913.1
74574.9
80912.8
52421.8
50056.2
43449.4
50847.1
56777.2
61411.2
44795.4
63236.2
41618
45032.1
47375.8
32244.2
62990.6
51240.8
39019.6
42249.8
81551
63329.1
28656.1
39937.6
40689.9
30107.7
80533.2
100833
48621.2
60939.4
33131.4
29580.5
56595.6
70221.3
71017.3
51723.9
80998.3
56779.6
67486.6
38136.8
55175.1
54111.1
89694.5
54164.1
60799.3
61581.6
61994.1
92568.5
56443.7
64194.2
65113.2
67576.1
44919
70961.4
24684.4
81484.6
56143.4
46843
52610.1
49181.8
68923.4
49469.7
47264.5
53289.7
48733.3
35253.7
89899.9
87767.6
29613.4
63512.5
66258.9
27213.5
45899.7
43329.6
48079.4
44808.3
54783.9
62564.1
37627.8
41220.1
54688.6
39176.6
44335
44872.1
52783.7
37998
43543.6
48582.9
48816.3
48059.7
46984
34431.9
39935.6
46145.8
67052.9
72562.6
49231.8
29113.4
56322.4
56718.1
67309
46978.2
61754.9
30934.6
49489.8
46129.7
66910.3
52299.7
51478.7
46481.3
94066.1
45016.6
52899.8
46829
47678
39340.7
65858.7
49396.3
71701.9
60027.5
61692.3
41390.4
48886.8
45995.3
58483
29408.2
65237.8
31053
49856.2
45813.6
62512.9
38632.4
44793.2
45412.8
61986.4
63126.1
31075.4
41550.4
47021.6
54134
45902.3
55924.4
64852.2
43220.2
32911.8
54727.4
52080.7
48893.2
69763.1
39495
43094.1
57776.2
55985
48571.5
43669.2
41778.6
53758.2
43176.5
41345.4
56178.8
60717.8
61891.3
42571
41959.5
45183.9
48913.2
44366.6
51503.3
50260.4
43817.3
44470.5
54847.4
62506.9
54029.9
65555.5
41874.5
45783.3
45295.5
61353.5
45325.9
41448.9
51689.8
56422.2
51539.8
56835
36443.4
72264.5
39471.9
36607.7
88103.3
33831.6
32706.5
55302
43744.7
38728.7
63951
45740.6
41603.9
42717.4
73572.2
37883.4
35592.2
65197.4
64303.3
32691.9
49367.8
38133.7
45078.1
55073.6
46802.7
59930.3
44497
61888.5
83575.6
45433.4
54355.8
78495.8
53611
36685
51110.6
51075.9
57733.3
72443.4
36108.6
52470.7
48008.2
46158.9
67641.9
35278.4
48246.4
36103.4
66236.6
63777
79865
36370.4
46789.4
67446
54503.6
41301.8
46505.4
31854.5
82405.3
77128.1
61538.5
53347.2
50467.6
48822.6
29326.1
61907.4
69803
67010.6
64475.2
47414.2
54199.1
60366.8
46910
62298
63793.9
59281.8
48044.6
58589.8
41811
44293.8
43169.2
67792.5
59371.7
38323.6
71581.2
71260.2
76493.2
66383.4
47637.2
56237
52791.4
46193.3
79413.8
48966
74165.1
40969.2
60620.5
32871.4
62227.2
58118.6
54553
52394.9
48218.2
37506.2
46621
57709.8
38641.5
71257.3
50194.6
74240
45213.8
47637.3
35383.4
43096.5
39996.6
61457.8
43887.5
85651.5
59739.8
55962.5
75916.3
51695.6
72341.4
61472.8
40050.5
55490.5
41449.4
43574.6
38631.6
56162.9
59833.7
54207.4
35655.7
57388.6
56545
60818.9
45850.7
44742.6
37349.9
26220
45528.7
44246.8
52610.6
49201.2
49738.1
34196.6
49154.6
55254.7
48205.2
35826.9
57656.4
34880.1
35159.4
36331.8
58811.8
44770.4
61874.1
34738.2
69850.9
38396.9
33756
38575.8
36138.8
65324.1
33702.5
48221.6
47041.9
63213
70950.2
20548.8
38443.9
50977.7
51964
23089.5
60222.2
50903
35502.6
43390.6
35532.6
46157
29277.9
44697.4
66164.5
36269.9
57959.7
39202.8
38303.6
39700.1
39393
37742.4
37428.5
79005.4
36476.2
34594.6
48323.6
67190.4
68228.6
45979.8
44509.9
58042.6
33739.2
62749.8
72973.5
67377
33555
50187.9
44667.4
81799.5
52963.5
40511.4
35867
44574.9
54369.6
52642.6
54338.6
69370.5
61512.9
59805.1
48036.2
45054.1
43324.3
53510.6
33875.3
75574.8
26748.1
54757.6
25747.8
40219.8
58437.8
37544.1
61825.8
46675.5
38956.7
56653.7
46874
41622.2
54379.4
52974.2
49430.4
49329.1
52838.6
30279.1
37911.5
41714.3
49778.7
37525.3
38866.6
56299.9
31193
45995.9
35066
23438
23480
41856.2
41096.3
26784.6
33055.4
54547.4
37035
22121.8
61766.5
54724.8
57826.2
53805
25858.6
45757.2
60403.3
56433.4
37735.6
45271.5
52470.4
49116.3
26469.9
45400.7
58818.9
39141.2
34357.9
50286.5
55561.4
53770.3
35188.5
47625.9
55156.7
28979.8
42277.9
40013.4
51583.2
28909.8
26219.7
29116.2
34737.9
27278.6
32898.4
53833.5
50615.7
59262.3
27311.6
45343.5
45174.6
59590.7
47480.2
36482
47751.8
42072.8
73384.9
43895.4
23885.4
50310.3
72534.2
57388.1
32278
63806.6
49895
67749.4
52145.8
47559.2
70729.3
41626.8
58418.2
69595.3
36881
38748.3
46571.8
38163.4
40407.4
39463.4
45691.7
65812.7
68051.8
28253.2
47066.9
35544
38215
46252.2
51628.2
41608.6
48493.9
55802.9
51984.6
50580.5
88181.6
57417.2
32863.6
53943.8
43773.7
37965
66863
41017.8
37207
75878.2
38626.2
56345
56636.2
40323.7
66282.6
67958.6
32242.4
59288.6
57460.1
27718.2
59974.2
74853.3
41818.1
41181.5
57138.6
24694.7
44104.7
35181.1
69208.2
69463.2
65652.3
30291.7
43205
47198.8
43353.8
77896.4
68349.4
35160.8
59023.3
45304.1
37402.8
56534.9
61596.3
28748.3
36133
67690.6
46250.5
35046.6
57101.6
35317.4
54118.1
62258.9
38810.3
35502.3
104572
62137
28091.6
33463
51748.2
33311
42931
64084.4
60188.6
45636.9
51952.2
58959.6
64444.3
45887.2
47453.8
54459.8
46551.1
41100.7
61987
41887
76689.6
49650.5
25183.2
70055
20000.4
64392.6
46685.4
55861.2
50193
29434.4
57403.3
72890.3
45653.7
50929.4
51494.6
48726.3
32834.6
33655.3
64891.3
63740.3
54731.5
57478.2
40078.9
22915.2
40184.2
53494.6
33801.4
50138.2
37400.8
41851.1
29753
28573.9
51150.6
70144.2
40569.9
42762.6
37520.9
40153.2
55342.5
40088.2
48996.7
58716.6
39661.4
39189.2
50201
42641.8
33358.6
48373
64724.1
46914.1
56818.5
46248.1
61534.2
53047
70763.6
82287.4
27046.1
57995.4
43274.9
42298.7
42860.4
56662
48822
51938.4
65388.2
52776.4
23941.4
49461.1
50702.2
65758.7
53650.2
56815.5
73969.8
49887.6
39575.1
78386.4
37123.2
30951.7
36273.4
32697
49088
66127.4
28998.7
54154.3
85068.3
74242.7
22943.3
49439.6
49128.2
53832.6
48262.5
49654.3
59745.6
36607.4
34287
50107.4
50327.6
54493.7
65907.4
60870.2
58475.4
56054.6
59177.4
86884.7
59382.8
49438.5
48188.4
36439.5
37807.9
57641.3
70706.8
41136.2
65882.2
58501.5
22362.5
53328.6
49198.2
40749.1
47631.1
72853.7
67761.4
48104.4
41192.3
58047.5
52897
45265
71534.2
34793
59736.2
67682.9
36498.7
43047.8
61114.5
65186.4
55546.3
75211.4
55173.3
69179.7
53237.7
47964.4
44132.8
88117.3
45923.4
61621.8
57326
41608.6
48677.1
39738.2
27763.3
78235.4
86273.8
65053.3
43940.4
49965.9
44779.7
55798.1
77361.8
62688.8
54958
40080
40743.7
69852.6
73727.4
52735.3
38011.4
76790.9
44762.2
51427.6
76341.5
66800.2
45271.8
49094.7
68576.1
62303.1
81883.1
73789.1
38504.5
77389.2
41600.4
50786
58955.8
79324.6
61041.8
57266.4
54303.2
46986.2
58799
65819.4
70366.2
38339.4
61488.9
62446.2
52344.5
80844.6
82721.5
45347.2
46834.8
69581.1
60287.8
54867.8
44700.1
65433.9
58779.8
55135.6
49988.2
52029.7
47761.8
55320.3
57896.2
37076.4
59491.6
52716
66107.8
34351.3
56600.9
41483
48476.8
34014.1
99206.4
36659.4
60888.2
80297.3
59431.5
36874.8
52726.7
33357.4
45961.6
52491.4
46318.3
53754
46078.4
68373.6
46845.4
54015
48993.4
78236.7
49999.1
58113.2
61585.6
29830.2
30077.8
42093.7
48877.5
54577.9
55512.2
52654
60842.2
57678.6
45490.1
67708.4
46255
53507.1
41305.7
61811.1
31868.1
34673.8
58585
64421.2
45313.4
35682.1
49900.4
41083.4
55869.3
47187.8
59481.3
48678.2
54633.8
59687
46161.4
38352.5
51886.9
70474.7
43933.3
60049
64457.9
45492.9
62526.7
49748.3
56939
67572.5
50085
48867
63841.8
53974.4
44620.8
59963.6
47336.5
42474.8
38981.5
43770.5
30268.2
64919.1
26117.5
50217.8
46362.4
34664.2
64653.4
41752.6
77694.3
72435.6
29432.6
53143.9
50542.4
38510.2
40447.1
47602
89040.2
52490.8
48772.8
29217.8
43825.1
47170.9
53021.7
42610.6
61440.6
52573.3
37050.6
56386.6
76545.8
33750.6
30936.6
71069.5
73723.7
35379.8
43709.8
42441.2
63347.4
48191.8
35112.5
67916.2
33573
64341.4
45365.7
47789.6
48560.9
42958.7
58945.8
49707.1
51656.4
42715.8
80150.3
56824
58685.4
59911.1
32849.9
33378.3
68539.3
37188
36560.9
69836.3
48857.9
36883
73516.8
24726.5
48654.3
29894.5
45374.2
43488.3
30323.7
41923.4
49318.7
34280.3
32913.8
41740.9
27035.1
36789.8
49443
54817.8
52523.2
60721.4
43432.8
42975
50198.8
37999.4
58992.2
74120.8
40923.7
39693.1
59003.5
61332.6
37602.8
29146.7
69981
22704.7
61597
33771.8
30599
25030.9
64581
51821.8
45490.9
37033.3
42412.7
36148.6
55469.7
49034.6
57797.6
46459.1
34229.9
68068.2
63423.3
31131.3
45721.1
48493.2
51827.7
60986
50436.1
38861.7
48335.1
61783.7
52506.4
37594.3
49569.7
36924.2
50176.9
27575.7
42538
50259
54445.5
46740.5
51331.8
73578
66674.8
42076.2
47403.3
31729.7
44768.4
49967.8
50631.4
52711.4
63883.7
41038.9
30142.7
33046.8
37725.3
53643.9
38788.2
36545.4
49007.6
42838.1
37927.4
55601
78298.8
33015
48912.9
32874.7
46256.2
52340.2
59079.1
47079.4
66745.2
42118.6
44192.7
59253.4
84527.2
59377.4
70678.9
67169.4
40210.2
50045.1
28213.4
48365.8
56770.4
42906.8
61985.9
75713.6
37855.4
43749.1
65591
38811.5
55283.6
47435.8
61669.4
54550.9
62527.7
55414
50245.5
50651.6
49395
77872.2
51470.1
45430.3
52084.9
53122.8
60099
64344.6
57510.3
42512.8
50972.3
45666.6
38069
49448.4
75116.6
53333.9
43156.9
76300.3
50058.2
46223.4
88311.8
42862.7
36159.4
73381.8
63672.2
59503.8
51562.9
39147.6
68541
36741.4
36857.8
58627
45640
41872.5
60274
48961.5
31633.5
30288.1
41194.6
52687.2
42036.6
25261.2
29328.5
30734.5
50299.6
25296.3
35640.2
37359.5
31856.9
50505.4
47039.2
77057.4
41244.4
33226.1
55118.7
34360.4
52458.3
66904.6
43532.4
44884.3
40660
51897.4
36319.6
32748.8
42014.9
65040.1
41554.5
25467.4
42746.6
57935.4
81988.6
53278.9
29944.2
36266.6
63916.2
56912.1
31893.2
48505.2
59892.7
28731.3
58042.2
35976.7
49185.7
63902
37571.3
50549.8
58184.2
41585.4
40702.1
66627.4
42213.1
39316.5
34365.8
41919.5
65011.6
49889.9
72211.4
45020.4
33275.5
39323
62197
55015.1
46886.5
30767.6
30525.9
47601.3
37259.1
37522.3
43980.4
60469.2
39749.8
50379.2
44328.3
35438.2
80301
51551
39106.3
33301.5
51309.6
87049.9
23060.2
65471.9
41536.2
45021.1
76593.3
28595.4
48783.8
56905.4
52858.2
43742.3
44430.9
39732.7
54815.8
28200.7
49095.3
47463.8
51443.4
52050.8
45101.1
26809.4
41052
52749.5
47430.9
33886.8
75394.1
35331.5
45558.4
50148.8
58359.7
63183.5
55625.4
30487.8
34363.7
54860.4
37476
36313.6
45009
44774.2
42317.4
65065.2
47626
46895.3
64454.7
41183.7
59748.5
56273.9
47816.4
41499.4
54697.3
61624.2
57248.3
55694.7
48403.8
42505
53032
53925.2
37961.8
26865.9
70059.8
45011.8
43028
40639.4
53991.4
49447.8
56150.6
49319.2
45443
76154
35705
60332.4
56554.4
58839.9
54501.6
89431.4
57490.3
62066.2
44023.6
59168.3
54889.8
40135.1
66146
42846.3
64526.3
25884.7
74323.9
66216.2
35644.1
40829.9
50860.5
52135.8
70916.2
36018.4
55225.3
41385.1
59703.9
39326.1
56085.1
51131.8
56831.9
38603.4
47410.3
85152.6
37033.8
55419.2
55163.9
38095.4
31520.7
45228.7
47123.5
37393.4
32384.7
55678.7
59109.8
52870.3
49470.5
44029.7
31329.8
47078.4
43254.3
30809.3
60107.5
45792.8
74172.4
49621.4
77881.4
68750.9
56043.5
55193.3
38988
82850.1
36168.2
52570.9
36834.6
84581.3
45954.6
42264.3
45656.5
30229.7
25073.7
53627.7
57127.4
47200.3
71071.8
57109.8
63342.2
40929.4
54757.6
58416
41766.8
35991.4
39400.6
49155.6
36493.5
39312.8
55588.2
47514.4
66506.2
55600.4
50843.1
48407.4
40723
72310.9
75083.1
57991.2
49262.7
66471.4
47615
58190.7
49551.9
72888.2
80520.6
52324.9
53415.4
59452.7
40470.2
27766.9
46627.2
76125.4
58823.4
54775.8
29918.8
50357.1
69100.7
62218.6
68567.8
45856.2
43704.9
66294.7
39189
59766.1
54569.8
46519.9
66149.4
40333.2
61437.4
47198.2
39140.1
34664.3
32689.4
46999.9
80193.8
69468.2
82516.2
62255.6
37873.3
61793
51485.3
29372
55119.4
38505.8
33825.1
48877.8
40215.5
34920.8
64394.9
69465.7
39999.8
40655.1
44332.7
42178
63417.9
42964.2
50260.2
42521
60090.6
53955.8
39306.4
33282.1
51444.2
60744.5
51936.7
32152
50026.9
48028.2
54942.1
26240.3
44896
57340.6
61814.4
48433.8
44991.8
41324.2
61379.6
54286.6
39323.2
64265.2
55217.6
37612.8
46931.8
41358.1
23250.2
56581.3
44440.2
51875.7
51771.8
39559.6
52240.8
43115.6
62620.6
36569.4
64639.3
66386.4
67890.9
33847.4
23425
61763.1
36769.2
35587.7
47935.6
46177.4
38399.8
37915.4
59751
43674.5
70230.4
49438.7
48620.5
27785.2
51294.8
55632.5
34371.9
35831.7
80561.1
59939.6
38884.6
55774.5
41446.3
44200.8
37000.5
55811.8
34779.4
53718.2
66057.5
40081.5
82332.1
27355.4
58437.7
51077.8
39028.6
56235.2
58128.3
66758.2
71562.3
71385.1
41056.2
76962.3
73633.8
67403.2
54438.4
41969.8
46647.4
36595.9
80694
72298
49042.9
63261.8
54418.4
35603.9
31771.8
60368.6
56660.9
50305.4
45768.3
38062.4
59824.9
56815.2
55249.1
43507.4
25407.6
53326.4
63842.8
43869.5
37112.5
51251.6
28931.1
65408.2
43884.2
47952
48360.5
48621.9
48146.6
42835.8
32214.8
36934.1
41908.5
51396.2
45417.6
47686.2
59170.5
53069.9
53852.2
50701.7
62164.9
38858.6
65219.8
38876.8
57454.1
48732.1
77866.1
33826.1
53756.2
35223.4
40614
49242.5
54024.8
47870.3
51711.1
45667.3
65432.4
52326.9
66867.5
48456.2
49867.4
57689.5
49185.9
55543.8
57037.4
45118.5
47435.2
79747.9
66046.5
49737.3
47123.5
25946.6
97281.7
52389.7
60923.4
77181.2
71903
63724.8
50258.6
64190.7
41786.6
45407.8
51704
40086
67445.1
75189
50271.2
47048.1
49335.7
57181.1
70870.9
58165.8
43703.6
68703
51662.2
43884.2
90125
50446
42942.4
75890.4
52765.5
65756.6
38980
61357.5
60908.2
27302.7
46440.6
46857.8
33027.5
45284.5
36827.5
42882.2
32095.9
49257.9
37995.4
22304
37693.4
44379
37462.6
34904.8
39695.8
29664.8
44257
48639.1
102440
48873.4
28284.6
25004
51719.3
44780.2
52123.9
46497.8
58930.2
46240.6
44042.2
38428.8
60543
71564.3
46107.9
46737.7
66614.7
32164
45049.7
46152
58807.7
57054.6
81861.5
47281.1
69372.5
40875.4
47555.8
110433
50743.1
47082.3
74940.7
74781.6
68239.7
42667.2
69631.8
55134.2
36535
52685.6
49057.7
85170.8
58466.1
60265.9
86876.1
45674.7
69294.7
41977.4
74786.3
54278.4
63240.6
70050.6
66010.5
59892.4
66433.4
56676.8
61228.3
66399.8
56673
41363
46205.6
43605.2
51670.2
38443.2
36203.3
76741.3
74577.6
51217.6
84586.8
68441.7
82092.7
44492.6
57393
61252.6
68300
52147
56816.8
39829.9
82470.4
75856.6
33945.6
44993.8
29689.7
65765.5
50106.6
30306.8
50283.8
60109.5
45877.1
36781.2
66404.5
71262.5
57927.1
50064.6
57564.1
47589.8
77646.1
48996.2
51430
40303.4
66521.3
47086.5
56969.5
51460.4
38969.9
66636.6
47027
37881.7
58265
74839.7
78480.8
57077
70152.4
65560.9
52509.7
34915.8
104445
58651.9
42984.2
53919.4
87170.7
41310.2
50388.1
50889
49188
41995
73287.2
39456.3
40973.7
73197.4
58078.8
77324.1
56852.3
49594.9
48871.8
70307.4
60424.9
31858.5
51064.2
37901.6
28568.2
35538
88571.8
48572.7
36284.6
53337.1
51457.2
34282.6
68078.1
55625.6
67484.2
42282.3
56967.6
24766.2
55565.2
36698.9
56765.6
39361.1
51291.8
37193.3
51825.8
42657.1
72305.4
48397.6
35906.8
44640.5
42078.3
70822.8
32870
49498.5
58475
63836.2
58048.9
45833.2
44023
78621
67551.9
33399.5
42935.3
35226.6
50870.2
67347.2
70878.5
53923.8
52380.2
63120.1
25708.4
44872.1
41749
36534.7
86854.8
48388
31254.2
61661
68264.2
58496.4
41831.3
50035.9
51049.9
54053.4
43964.6
69264.5
33583.4
42738.2
52221.1
39334.2
71966.1
47173.8
70700.5
40307.8
51868.2
40850.6
50043.8
43495.3
31489.4
74793.3
50116.3
32511
83564.5
38622.7
42717
46517
69541.4
39816.6
48743.2
32329.6
85128.1
56130.6
27218.9
49939.1
48297.1
42259.1
28340.7
28831
53311
57507.9
39171.7
47764.5
60007.6
44526.6
50110.7
49850.4
41021
47749.4
44597.8
52423.3
71574.6
85420.9
54220.9
43323.2
48600.3
41267.2
51776.7
56976.9
75720.6
34321.8
39515.8
90322.2
50780.6
53342.6
38654.2
45817.5
61430.3
49506.2
49378.4
16698.5
38903.9
48644.5
27000.2
32238.8
45945.8
44050.9
72213.5
36880.6
49890.1
41797.8
54280.3
38911.4
55541.4
51072.8
68994.6
36306.8
68155.8
46464.3
41753.9
48532.6
75958.2
27847.3
32238.2
53881.4
36580.8
52439.8
48639.8
49779.6
35721.4
56132
37431
47771
45150.2
72896.8
33473
50129.1
49394.7
26162.4
73573.7
36560.7
41214.5
50071.1
50129.3
49379.6
84857.8
55553.8
40548.6
85918.1
42685.6
62410.2
85834.5
47979.4
58001.2
68660.6
71696
55285.8
74306.2
50379
36019.2
56333.6
50735.7
50262.9
47572.6
48145.4
66722.9
63320.9
59296.6
50391.7
72891.4
54071.3
64949.4
60879.2
31120.6
56334.2
46148.2
62774.2
52581.2
52279.7
39625.4
48864.5
46314.3
63609.1
92469
43425.7
84792
50267.8
40981.7
57707.9
39263.5
52877.4
89608.9
50729.9
50101.7
36678.2
51303.4
40911.6
94303
50446.9
31945.9
70723.6
47344
57452.9
70640.1
57018.5
56199.6
51331.1
63906.2
58051.3
29818.3
57308.2
60845.4
45513.4
37190.2
63213.8
66615.3
40398.4
62274.9
68441
49198.5
40548.2
52977.4
53104.2
57250.1
54664.6
77894.6
59102.4
64907.3
48885.4
49383.6
50371.4
59307.7
50704.7
96735
40762.1
69889.8
54329.1
60221
59384
81127.1
85340.9
56831.2
51982.7
51491.6
31122.1
69519.3
61434.2
83511.4
39620
57481
49590.2
38252
35284.3
43501.1
35637.3
38019.3
40317.8
64978.9
53415
55299.4
52245.9
59957.8
30279.1
35217.3
45826.2
51417.8
55389.4
64913.4
46790.3
67105
38387.4
53174.3
55234.8
76084.2
45362.1
51831.5
50541.4
20444.3
42365
47087
47290.8
31874.2
28940
49179.3
49278.2
57948
34126.2
48909.8
65190.1
44732.2
31765.8
72065.2
38582.3
101593
44620.1
37210.2
46723.9
47774.6
65321.3
41504.8
52582.2
74803.4
39086.2
57140
51599.8
64296.6
45534.2
52998.2
43437
78864.4
47124.5
44946.1
35756.4
38487.8
49912.2
59892.9
52586
39247.6
45193.4
35558.9
72484.6
50243.2
42947.2
48275.5
53059.6
37358.2
52951.8
39303.4
61006.2
52878.8
79490
50995.8
42825.9
39454.7
64971.9
46346.7
56488.2
59684.8
58416.8
64079.4
72661.8
62909.5
66819.4
63512
51303.6
43819.2
78748.2
49709.7
56451.3
67252.5
35031.8
62244
53293.6
91419.7
66133.3
43759
58913
51390.5
52028.4
40038.4
76209.4
49615.9
44288.6
29367.3
79702.6
46889.3
47342.5
48610.8
43875.8
44717.7
33184.2
31044.1
58691.9
61319.4
70328.8
33743.2
50030.4
69919
40999.7
65940.9
53504.4
32650.6
49524.8
53827.8
41052.5
58897.3
55874.3
54190.6
62879.9
66222.6
37966.1
59233
34505.9
27266.2
58719.9
38009.6
56897.9
45284.2
61086.9
43943
68035.6
43436.6
46397.7
58386.6
65871.8
40123
51451.9
31721.9
63402.1
29194
50867.2
52181.4
95559.6
48508.4
35224.6
57811
48557.7
40746.8
67561.1
62528.8
40362
38131.1
59760.6
51461.8
65991.4
64156.6
41338.6
70573.5
59099
58669.4
38272.6
80565.4
57091.4
45040.6
59316.8
33959.2
96679.1
60039
52735.6
59856.8
47458.9
37970.3
40024.8
81889
52658.2
32003.6
38552.3
63039.4
77960.7
52606.4
61020.8
35798.8
28323.5
40693.4
40723.1
62873.9
45306.4
61354.6
32075.2
74431.5
45512
72224.2
28166.3
48978.2
48209.4
68327.5
72204.6
80295.6
43989
29579.8
55507.6
41238.9
49608.8
41079.7
34637
37830.6
35622.3
36000.8
39758.8
49144.5
68188
51033.1
57063.8
45495.3
55636.7
39660.7
34863
49470.4
43713.9
47978.3
49855.8
37104.9
60934.5
67603.4
70263.4
56132
66657.7
51038
46148.8
53778.2
61846.6
48209.9
49958.1
46590.3
73342.7
43388.6
41028.3
53918.7
46718.2
44332.3
37241.5
31340.3
50506.9
41234.3
30642.5
32689.1
36867.4
62825.6
66372.7
55358
40731.7
48624.8
42104.1
72752.2
63055.5
63749.8
63025.5
47287.8
45865.6
58105.4
51104
46761.4
50764.5
70410.8
65261.3
46906.4
41969.6
47635.1
68724.8
70314.2
34939.4
40055.6
52360.8
56647.8
49251.6
37483.8
69154.9
43434.2
75291.8
51729.3
41253.1
57383.4
57953.1
43141
49350.2
53022.3
39404.2
46564.2
58225.4
40332.8
57562.3
62721.2
77373.8
68155.7
46805
56101.5
56746.9
38626.4
32967.4
57929
42840.9
31315.8
35662.1
57522.2
31005.4
69757.4
59506.2
50417.5
71531.6
42643.8
47802
43055.2
37889.8
52040.4
45041.2
43950
38672.5
69042.4
57931.7
54565.4
58600.7
50485.8
39745.2
50854.4
53026.8
44235.4
59359.8
37110
39426.1
31775.6
40169.1
43062.3
48930.7
48777.8
35178.7
48977.6
52527
43053.6
48931.7
61543.9
28617
67574.6
45028.4
42139.1
58929
38077.6
109249
77249.4
26608.2
59592
33797.2
47551.3
59895.2
53662.8
85343.1
67074.2
47576.8
55383.8
43169.4
70078.7
60471.8
77424.7
35514.4
54464.2
47093.2
63756.6
93002
64218.8
67548.3
60693.7
46306.1
47316.6
46144.5
52384.7
48585.7
47026.6
70562.2
36931.7
59990.6
43580.2
61041.8
51857
55174.1
34509.6
40497.8
44010.8
65424.5
46994.3
68568.6
59717.6
49496.5
85935.4
61548.7
67301.1
41090.6
45706.5
47405
46690
37065.2
46402.1
54099.6
51030.2
37776.7
48911.1
45098.5
42421
52464.5
47533.2
38614.6
61846.2
50661.4
36149.5
55418.2
21834.5
62394.9
85382.8
53886.4
86108.4
44644.6
38162.2
35106.7
35204.9
24664
37681.5
61509.1
43583.1
35027.1
29540.2
61095.3
32327.3
54211
54815.2
82806.2
19642.4
31464.2
36839.9
55978.2
47244.8
49092.6
46381.5
62674.8
50281.8
40468.3
62146.4
59312.6
56598.2
74745.4
51987.4
35818.1
55747.8
40327.1
50465.8
35478.3
54429.7
56987.1
74996.7
63603.2
46720.8
71564.6
43460.6
68005.7
54484.2
45590.7
42292
40378.8
53663.7
54211.6
61919
34770.2
58955.7
72228.2
40330.8
69751.7
54264.1
42413.3
49119.4
41516.6
68646.7
67338.8
70297.4
63692.8
66802.2
52856.6
57485.8
61086
79432.9
49098.5
67512.7
48149.6
38359.4
66216.2
51799.1
75116.8
56012
37737
55994.7
56135.4
60365.4
42636.6
53625.8
55449.9
69392.5
70062.9
76774.2
59387.5
58876.4
35884.9
34691.7
31854.1
89043.8
58229
63017.5
65148.9
41781
52815.6
53065.9
49095.2
67915.8
52706.3
88169.4
71759.3
34974.5
46928.5
60354.5
38631.4
26946.9
43105.6
46747.4
64319
56022.1
46429.8
41241.3
55295.9
48101.7
42668.2
62669.3
45064.9
47629
55353.8
44049.5
27974.9
54229.1
46124
41518.5
37372.2
39282.7
85464.6
39926.4
69993.1
30987.9
39137
74863.6
51740.4
47166.3
50865.6
38801.5
76366.3
40711.1
40769.5
52751.4
69535.4
67199
60201
40722.2
48597.4
50747.5
40088.2
60848.3
35979.9
75711.8
34025.6
37082.4
53699.8
47260.8
47896.2
75626.1
45570
28685.8
54161.5
64494.2
45267.3
61894.7
44712.5
40531.7
47632
46557.6
66953.8
35453.4
68281
50726.2
64678.3
41058
61043.4
38188.3
53113.8
49850.3
47778
62373
49039.3
69266.8
44270
57660
44471.6
39097
63825.1
35007.2
38622.6
35453.4
42863.9
70385.3
67969.8
49147.3
39378.1
59323.7
41765.2
71658.5
62912.4
58531.6
54284.3
41570
57063
88613.8
40087.4
68499.8
36110
77572.6
64338.2
40923.8
60673
66827.6
32708.3
28199
66793.5
49721.8
35322.2
79294.9
46600.6
60247.4
41244.4
92635.8
53593.4
40024.6
58556.6
59203.9
58416.9
54665.3
39105.8
50921
70798.8
61400.6
63511.2
54063.8
35171
50551.2
67271.9
54260.6
53173
51182.3
43373.3
36989.8
35983.6
67564.1
62721
57347.4
54552.3
56626.2
57660.1
56697.8
64492.6
48562.5
74651.4
68243.6
38228.9
58785.2
41888.5
32894.2
90671.5
64998.9
52692.2
75413.1
46328.1
67938.5
53911.7
55423.1
52399.3
58267.4
55132.7
65826.8
53857.3
62988.6
74600.9
36112.1
49215.4
40175.8
42908.8
44838
49805.8
58935.9
70867.6
46312.2
58543.4
39629.5
35655.9
60451.6
67173.1
52710.4
66477.9
46943.4
36495.9
74592.2
48611.8
47630.2
68637.5
69345.9
76418.6
55002.6
43176.1
71411.4
77047.1
50327.1
52086.7
54107
56644.2
73769.8
56851.3
39955.1
37229.3
42521.8
54133.6
103180
69859.5
54143.1
75421.8
60097.4
60328.1
51806.8
63683.6
75123.5
68971.6
61509
40874.8
48307.7
65448.4
93657.4
70869.7
60268.3
31869.7
47901
61858.6
39244.7
77979.4
36999
67745.3
60457
41816.6
63865.8
61903.8
50333.5
48568.3
64208.6
78731.4
52144.7
46026.4
63116.9
61307.9
38612.2
52256.6
76060.9
48377
36434.6
65729.8
47070.6
39893.3
44595.3
41717.5
55917.8
38019
51382.6
47234.9
33936
31641.6
57496.8
45702.5
49121.8
43409
44981.1
44458.5
44043.4
56744.2
27219
37287.8
37961.9
39695.7
62914.7
70867.8
57619.3
35501.9
38840.2
37575.6
53350.4
56554.8
61088.5
66003.9
46690.3
41012.5
57686
38933.7
74568.2
77963
62998.2
52102.1
32919.8
56177.7
44264.2
36999.6
68979.9
48541.1
63615.5
49824.2
47742.8
47294.7
31367.3
45771.4
47915.4
62612.3
68925
38081.2
53779.2
65678
38679.8
41226.6
63917.8
49043
47615.8
67799.1
44889.8
62871.8
48505.7
38802.1
50896
70939.3
38640.9
42870.1
69103.2
51698.2
60102.6
44218.2
36976.1
54101.8
68690.6
43299.7
47164.8
45677
34202.8
82565.9
60363
37678.1
45300.1
41456.3
48901.1
57105.3
56543.8
36288.6
39160.7
57217.4
28196.1
53962.2
59365
52390.9
31714.9
39400.2
42507.9
51617.1
69627.4
49744.2
43601.4
44689
41833.5
57419.6
44558.5
42428.8
41268
42028.1
33903.9
42957.7
80857.8
73364.2
43027.5
37345.5
36874.3
50505.7
63702.4
44002.4
63119.7
30608.1
66198.6
44095.7
37761
52992.6
79259
31699
46363
58990.7
57626
60822.7
73776.2
47228.2
38847.4
38459.7
52556
38123
79577.2
44087.1
55637.8
58661.4
63140.6
46307
47462.2
48352.5
69469.9
45329.8
62127.5
68627
65472.9
76980.6
42129.3
60099.8
71978.1
52819.8
44118.2
76932.5
79865.1
60469.3
70525.9
71339.2
34672
35092.7
49204.4
40730.3
69758.3
70058.2
45172.8
69671.7
44159.2
69360.3
45410.2
62556.6
38782.3
43268.9
25115.4
42159.9
45453.4
39147
44569.7
55282.7
46319
40778.6
52111
48525.6
52196.7
32942.8
46771
70189.4
34089.6
36944
42607.4
53431.8
57039.4
38637.4
52298
37751.9
70271.8
41569.4
33111
48519.5
80139.1
67061.1
88691.8
39482.2
41780.3
30768.2
35997.4
38470.2
54641
44946.2
75139.8
30326.5
41138.4
65027.6
28004
46878.2
63294.8
47587
55927.4
35950.6
38911.4
69071.4
35179
48101.5
36728.1
60904.9
53050
76850.6
48254.7
62257.4
50190.3
47577.2
38893.4
33990.8
58258.2
30123
61430.5
30817
41372.4
45767.8
43519.1
34051
46365.5
53748.8
50332.7
37548.1
57232.8
56717
48184.5
27447.5
58847.4
50520.2
44036.6
45219.1
40934.9
58017.1
39586.2
36524.6
56144.5
62997.4
65139
67182.7
64855.2
37663
53060.5
43292.6
65971.7
74720.7
27085.1
53029.8
53868.5
51908
39489
59417.4
58093.6
61515.3
45546.6
51078.2
57600.6
39775.5
47713.3
58967.3
54577.5
77900.4
54885.4
45844.2
48539
70658.1
52042
26410.7
52138.2
54059
52557.5
38169.7
47049
90583.8
66022
49804.9
65122.6
57895.1
37187.6
39723.3
45911.8
47759.8
40139.7
66411.3
40959.9
46916
51043.4
61388.6
58514.4
41690.2
38807.2
68019
35387.2
44766.9
52804.4
54883.3
47443.9
40628.3
40125
46493.4
58448.5
36224.9
31336
52768.2
51425.3
48174.9
59310.6
62399.1
34671.5
60392.6
36231.6
60639.8
65273.9
50511.7
53779.4
35385.5
79064.8
30223.2
38442.2
53013.1
54826.2
50988
31993.2
36448
41565.6
29835.4
67197.7
70831.6
53495.2
57272.5
50156.2
61055.3
45974.2
60900.7
58381.4
48591.7
46735.4
32371.9
37230.2
55425.7
49627.8
24668.4
85144.1
33340.3
90300.1
29214
36763.8
33061.3
51159.4
65256.6
46699.1
68402.7
65337.1
27796.5
43417.7
61639.4
48004
55879.3
50610.6
41554.8
34265.7
54837.2
64904.2
45382.2
46476
54407.5
58085.8
49041.8
49744.6
36276.2
43023
63822.2
69224.6
43667.8
66730.6
51540.5
53227.5
42262.4
46267.5
42610
34303.5
34296.8
66314
88374.5
46903.4
49370.6
77688.2
52388.4
68676.2
45604.2
51305.9
52133.3
26596.3
64402.6
75028.1
28028.2
36939.2
38023.1
43335.8
46688.2
34161.1
64222.9
58691.8
33304.1
31622.2
41686.5
52591.8
46419.4
31948.9
37594.6
48721.4
41812.3
48863.2
35421.4
26712.4
43010.6
50355.3
57234.3
25271.9
74054.7
43579.5
81484.3
33546.7
59991
61322.2
68322
60815.5
42342.6
31825.8
51075.6
44347.4
32602.9
68043.9
56181.8
51801.5
36785
54289.1
75034.7
53658.7
35020.2
34475.6
81540.2
61528.6
41606.6
42223.4
45383.4
67852.8
67963.1
36595.9
57641.8
70109
55052.6
41124.4
86749.7
52023.5
62289.9
67267.1
51203.5
47973.4
49470.6
40326.2
64165.9
44484.3
56672.2
54483.4
48242.2
39930.2
69439.7
61874.2
60697.3
62639.4
57466.4
49688.6
51702.5
62093.5
60459.2
35278.1
59493.3
53714.4
62795.8
65086.7
52174.4
85252.7
68815.3
37768.7
43197.5
59549.9
60241.7
33998.5
34025.8
56717
61514.6
59151
53678.3
50089.9
25526.4
60837.4
21149.6
47842.2
88874
53303.8
33555.4
40906.1
41946.7
24566.5
52378.9
39131.9
32487.4
52809.8
52030.4
28916.1
49917.6
45375.9
32219.4
33833.8
60242.4
59918.9
64991.8
59348.2
30386.2
41918.8
35509.7
40366.9
39156
45539.4
49787.3
59128.7
67009.5
47905.5
34984.5
55938.4
48917.6
24977.7
54280.4
27280.9
58072.3
60976.2
73524
43922.9
45580.4
46936.1
35505.4
45109
64940.2
80921.2
32273.6
68061.1
50915.6
27329.3
52568.9
78044.2
40462.3
53221.6
51941.6
47899.3
33525.9
37550.4
46373.7
52568.8
51331.3
43106.1
44019
53875.1
65756.5
53575.1
31919.4
50676.7
60742.4
42185.6
32822.2
74856.2
70208.2
62156.6
55638
60645.1
35961.9
64432.5
33684.4
54961
28471.8
52322.5
57081.6
25671.5
73534.2
114746
58130.6
49576.6
61450.9
51566.4
24836
57443
60374.9
52236
55978
45214.2
36697.8
63159.6
48385.1
40505.1
52230.9
45167.4
32017.8
50099
28181.9
62229.6
35262.9
43983.7
32104.9
53157.7
67572.4
67687.1
56351.7
58586.6
70279
31897.5
29675.5
35677
40837.2
62019.9
64855.6
87984.5
45036.6
55699.4
21909.8
35376.2
67687.5
62156.2
54199.5
42225
38392.5
51323.7
23696.2
53684.5
68619.6
41317.8
36083.5
58192.9
30845
35409.5
53295.8
56957.3
94236.6
62321
44901.3
42110.4
34625.8
77463.3
53147.2
69819.7
50715.2
40946.6
36054.6
47803
79011.4
75100.6
74418
35725.8
45293.8
39899.2
38425.8
53702.2
53719.4
35195.2
57215
55391.7
60993.5
61647.4
41200.2
70595
53945.3
71231.7
48763.7
71016.6
71944
58092.6
52601.3
42972.6
49742.7
53565.8
83476.6
48756.6
69954.7
67503
79535.6
45286.8
55142.1
51393
48396
55170.7
61540.7
52090.6
45500
53217
45832.4
41133.5
50441.5
73658.5
48392.9
48184
39331
48278.2
79571.3
63004.1
63419.1
68350.2
59396.6
55014.3
56644.4
64340.2
58314.4
43766.6
72229.4
33362.2
62641.4
35478.6
46018.6
59663.9
44366
49385.8
35541.9
81851.8
47428.1
56713.2
40261.7
26430.9
56025.4
60833.8
56699.5
67532.6
45455.4
67437
48401.8
59817
55153.3
38131
53648
61411.4
53362
47446.1
60142.9
34119.8
59979
65726.6
55441
69818.7
41446.2
69246.7
56108.6
42301.7
56656.3
66711.8
81547.3
59921.4
51594.2
61258.6
47568.1
67408.9
55527.3
48525.2
66178.9
43733.9
66795.1
69168.9
64968.6
70087.3
71024.6
34358.6
55552.2
46109.7
68054.1
52453.3
54379
79385.2
50559
60978.9
80831.9
48810.9
37936.8
66403.8
65727
42635.9
64110.2
58186.7
65992
67751.4
43056.9
42438.6
36822.1
67764.3
63436.1
69995.4
34853.3
43929.8
78388.2
66775.8
87942.2
96459.6
66782.4
53741.6
50151
58278.4
60970.5
60364.2
49337.9
47078.9
54483
64372.4
73384.6
34327.8
43353
55915.7
50800.8
61362.8
54437.4
71814.8
48525.7
60493.5
48138.9
40451.9
64210.5
46565.5
69862.1
78061.6
34708.7
61418.5
43059
60400.8
46662.5
34939.5
43862.1
47705.4
40289
70380
45959.1
67064.5
50545.8
41953.6
40629.8
69224.6
34208.3
72838.4
53434.9
37439.6
45066.2
48935.3
68875.4
51683
65349.4
54126
66434.2
48830.5
75789.7
42108.3
61211.2
58726.3
38062.5
59408.3
30484.5
58212.3
37616.4
43344.6
63623.7
49813.4
54216.7
74310.2
56676.2
55305.1
29415.7
44430.1
53831.2
70855.6
51836.6
39444.4
52317.8
31123.8
76544.8
61996.6
44759.5
30691.6
61148.4
50176.5
70775.5
66642.6
54703.2
49548.9
49719.2
54878.1
38904.2
34561.4
61064.1
33092.3
46360.6
56937.4
41175.4
33187
58049.2
35480.4
38006.6
46052.9
56700.6
50569.4
34898.2
50357.3
61462.4
43098.4
60289.5
50074.4
50781
44712.6
40538.7
30540.2
70537
46161.4
53120.5
42097.2
72089.6
31553.6
54931.9
51808
66313.8
38441
42715.5
33078.8
84408.2
68176.5
48828.5
51711.5
54107.4
43112.6
48462.6
60046.6
49500.7
53149.4
52219.4
60799.8
28947
69494.5
41693.5
57276
39871.9
50168.8
40812.6
51374.4
55103.1
44829.3
46841.4
53592.6
44716
62265.3
39788.9
70433.9
42152.4
27208.5
38962.2
49094.2
55104.5
46668.5
45740.2
37714.7
30521.2
57464.2
58422.9
56962.9
60466.3
63120.3
43541
86146.6
49646.2
53522.4
57162.2
54887
55346.8
87658.4
66358.5
51716.5
60671.8
48572.4
65055.3
60665.2
43814.6
52871
37683.1
50569.2
48908.6
43311
50316.9
42769.6
38689.9
47003.1
49688.1
48081.1
70716.4
66154.7
50775.9
55623.4
86737
42781.2
60061
73841.3
38839.8
55779.8
39435.5
54661.6
33863
88510.8
53771.4
38744.6
65445.4
41146.4
39661.8
28533
51248.4
36133.9
49638.1
58301
51297.3
60195.9
62237.4
30795.5
54839.9
53845.8
36151.6
45415.2
70875.6
76643.7
47394.2
47730
42400.6
24425.5
57658.3
45553.4
44668.4
42942.6
43195
57945.4
37596.1
34464.1
84182.6
23059.7
32324.1
56877.4
54684.7
40846.4
62922.5
63883.4
58602.8
37761.5
48242.9
40434.2
67863.8
62610.6
45343.3
36259.2
62041.2
35188
47429.3
56442
68885.9
40999.9
42418.3
57609.4
48621.1
59038.8
72302.5
27700.5
46948.7
36150.6
54908.9
50740.6
76175.1
47068.7
41998.1
47448.3
58047.4
56713.8
53488
47114.4
55252.7
38657.9
56158.4
30591.1
64782.3
61411.2
29353.1
39241.3
64360.6
40383.1
52517.9
70912.3
87179.2
61993.8
40633.1
81087.6
52449.2
51588.6
63420.7
49485.8
35694.6
42207.6
53401.5
45236.7
35195.9
53765.9
49949.8
68867.1
43603.1
58044.6
36309.5
69234.6
38347.9
42835.8
30501.9
48001.9
51677.1
43570.1
62954.4
50305.4
61924.3
36864.3
53544.7
41716.6
48987.8
61324.5
63653.6
51127.9
50243.4
75361.1
49436.9
30595.2
49423
34337.4
56639
47851.4
58946.9
43063
45420.2
32869.2
68179.5
28967.8
56986.6
26441
52964.7
40203.5
50982.4
58208.3
18940.5
66993.2
50547
46952.5
22707.7
41737.8
37043.1
41294.3
53433.8
45949.8
39112.1
66036.8
56802.8
26265.6
44019.4
51879.4
24638.1
23434.8
50917.9
75993.3
38839.3
39158.2
48084
40216.6
52270.8
72464.9
73433
43713.5
44625.3
33642.6
40208.6
57035.4
51994.9
59251
63197
55722.2
58032.6
74692.1
39480.6
71407.9
41558.2
68978.2
49423.1
57441.3
29193.9
69966.4
61020.2
71705.4
39128
63882.8
50282.2
53019
64303.5
53763.6
48487
61521.4
53257
34821.1
52871.1
47239.2
43819.9
63410.6
48762.6
33588.8
53683.1
55106.6
55210.1
43543.6
52930.9
49659.2
30431.8
88582.6
42602.8
45477.3
49871
59410.5
47379.2
50485
37670.6
66437.4
65554.8
30053.8
53739
74714.3
46041.4
44679.2
70137.8
33079.4
61552.7
72175.9
30092.2
58334.6
49820.2
63369.5
39989.8
29456.3
66950.2
46015.9
27028.1
75687.8
45884.9
30455.1
68508.1
46675.2
40225
64766.4
32474.2
31201.8
26517.7
61282
36672.9
45417.2
43183.3
28070.3
39366.2
33511.8
28140.9
31432.6
42096.4
48445.3
30316.5
35214.8
34182.6
42759.8
52774.7
23634.2
55071.4
73160
39873
56075.8
43150.2
42223
34816.2
57285.7
57135.3
58983.5
48308.4
33007.4
60360.7
58170.5
48202.9
62520.9
63471.7
49135.7
90029.4
50056.1
54551.3
36215.5
60045.8
39793.4
32911.4
47929.8
41912.5
49646.2
42183.4
53219
28755.1
42452.2
44541.1
44747.3
43060
78902.5
67278.4
57275.7
28861.8
64103.8
45019.9
55221
66023.4
41948.6
63367.9
31129.2
52587.4
45010.9
67356.1
68363.4
48288
55443.1
78320.8
52394.4
66543.2
67269.8
46108.4
46632.4
41234.8
68725.3
52869.4
59636.7
58979.8
45950.6
44408.3
84150.2
56623.8
55078.2
48104.8
46631.5
46023.4
52101.5
57913.8
35105.4
26074.6
44366.2
48052.2
89375.5
74192.1
63740.2
68874.1
25495.7
51950.6
43680
72986.9
79119.5
50017.8
54577.8
39422.6
66704.2
56143.7
57228
57999.1
58200.3
30698.5
39605.5
66566.5
59494.6
36943.8
42919.5
59153.3
55962.4
40102.8
58407.1
54631.4
55394.6
58538
66352.5
58262.4
60673.9
43351.6
62678.9
36224.9
35827.8
48087.5
55142.9
64424.6
50295.4
38242.2
44347.9
46795.2
36911.9
69255.3
44789
39708.6
46328.5
52742.6
41339.4
55302.6
27281.5
39873.8
49814
35759.8
72667.5
61437.2
51623.4
48808.7
57337.4
39076.9
48420.6
61260.2
51114.5
69556.9
42624.7
35940.2
52904.2
50863.1
57840.2
50896.2
46679.4
64878.3
58986.2
42625.3
54912.9
31977.2
38463.1
52513.1
26681.2
48208.7
40382.2
55612.9
43423.7
61187.9
42606.8
44729.9
61351.8
54007.6
45545.4
53476.2
55472.2
57350.3
38224.9
53512.6
44435.4
54031.5
55535.6
52602.6
46042.5
97404.3
57988.4
54801.8
81162.5
46041.7
58365.7
61684.5
32145.6
59030
63085.6
51914.1
93259
53133.1
54396.4
79351.3
45019.8
73091
70140.2
31857.1
81151.4
58849
70741.9
40102.7
39579.7
57012.8
51541.3
42866.2
53705
60731.5
86097.8
31052.6
66600.2
39888.2
55778
67914.5
39137.3
54185.8
61823.1
66029.3
57614.4
34770.2
44725.2
51489.9
45017.5
60181.6
51712.5
54518.9
52402.1
52154.6
42779.8
80029.4
49554.6
36633.4
64070.6
38024.3
43878.6
61288.6
48589.3
92699.4
59722.3
76168.7
37114.3
54816.8
68141.4
43183.2
52601.4
89203
45608
45726.5
69670.2
69826.9
33286.1
32863.2
46333.4
44990.4
41473.4
54990.3
47653.4
36957
49661.5
49220.7
34982.5
38646.7
96660.4
50469.5
31425
56542.3
62534
32212.9
35954.1
45212.5
45116
35407
38846.2
34569.4
31590.6
39097
53073
45472.6
43925.2
43606.6
46932.6
50753.9
37303.9
27519.8
51871.5
36397.5
47331.4
38091.5
47788.2
65818.8
47497.1
52644.1
32321.8
56588.7
51925.1
30059.4
47257
64663.3
32688.9
35142.8
67058.9
41643.3
67564.6
41524.4
48416.7
64722
55676.6
51178.8
51681.7
41330.2
39094.4
33407.3
47559.8
69150.7
47061.5
60285.2
51021.7
29688.7
49713.4
69383.7
41492.9
67261.4
64328.8
55683
64114.2
47419.9
43197.5
45509.8
46387
34119.4
41247.4
53733.5
56471.6
59882.3
67583.8
72825.4
62525.8
62252.6
39770.4
48743.1
82272.1
64964.4
48382.6
65408.6
41899.7
48058.4
39625.4
95707
68395.6
54458.4
93972.4
91136.2
43903.2
41416.7
60378.6
50271.4
52742.5
54709.1
59480
49801.6
60277.9
49319.6
52279.7
54264
47293.5
28241.8
63426.6
69614.9
131538
101276
65361
28606.9
32572.5
46136.9
41235
47038
67737.2
50527.3
35366.6
33913.2
47057.5
69778.2
58413.8
41157.4
51600.7
51273
42039.8
30644.4
48075
64893.4
60392.3
45109.5
72430.9
52624.2
60681.1
75736.7
59397.7
49463.7
44298.8
62970.2
70727.4
73062.9
87970.2
56528
71277
67931.7
65635.8
63580.8
68355.8
82363.3
71465.1
28414.9
50787.6
31929.8
35088.2
71450.3
33169.7
47119.8
43266.3
54378.1
57048.9
54633
37756.4
39387.5
55111.4
50500.3
39869.5
45860.6
50187.4
54256
62980.7
36268.5
43808.4
53074.1
35227.1
54512.5
42150.7
64225.4
37820.1
50402.8
57655.7
50797.8
37791.8
36021.8
50090.4
74251.9
54024.6
63521
63354.7
47258.2
26508.5
41316.2
45116.6
43169.2
37706.3
52262.6
45247.4
29228.8
64482.3
40337
42124.9
61621
59725.4
49686.1
30279
30170.8
37760.1
59922.6
37417.8
63227.7
34737.6
51489
46630.2
38391.3
67472.1
56404.4
57688.6
59156.6
80470.8
47635.1
43398.2
48671.2
48745.5
75634.9
44305
43026.3
51151.7
47024.4
53881.4
44254.3
55182.2
47892.3
66087.8
65775.8
59934
46291.7
51949
44073.8
62099
33247.4
68916.5
48036.3
70485.4
71134.6
37214.2
67234.2
49800.2
51460.8
43192.5
81320.6
26776.1
39711.4
45076.4
32788.2
49341.1
55553
42851.1
48228.8
62493.2
47221.4
39707.4
58968.2
65107.8
41237.5
35003.8
40680.3
45837.8
39210.1
53680.8
27913
43939.4
55056.7
53103.9
64038.6
74111.5
42634.5
36123.4
54568.4
34461.2
60173.5
36189.9
63994.7
68254.9
41207
34461.7
56205.4
32467.6
73710.3
60161.8
37266.4
32699.1
52426.9
52635.6
55605.7
47318.6
38984.8
59207.7
71809.3
53478.6
57879.3
58542.9
63706.8
36108.7
55623.4
46798.1
42512.7
69192.2
45545
57147.4
45345.5
54694.4
82439.7
61124.7
48816.2
43098
63819.9
53017.4
47601.8
51827.8
49250.2
68023.6
34445
50011.3
35603.3
52825.4
45850.3
52433.8
58081.2
51350.3
39174.7
44604.5
44265
49985.1
58461.9
55488.5
46941
75884.3
49680.7
29505.4
60408.6
37668.9
40912.6
45695.8
51303.7
62327.4
63312.6
46142.6
93665
69587.9
33826.9
79175.2
34166.1
35488.8
54560.4
39014.8
48650.6
88355.8
72216.9
69522.9
43906.6
39819.2
31578.5
56032.4
37541.6
72155
67851.1
58345
52081.5
68417.5
44094.8
72661.3
42793.9
44279.8
49991.9
42286
58023.4
74482.4
59465
78985.5
52271.3
51627
63817.4
37225.1
70658.9
66530.2
59207.3
43633
56515.8
44143
30320.5
64760.8
49071.9
24436.6
46776.6
26507.6
49149.8
53734.7
50860.1
37088.4
53915.7
48843
38995.4
53782.1
52399.8
40385.4
38681.6
59060.5
57221.8
39758
42121.3
48096.6
61356.5
55816.5
47395.3
65719.1
32498.4
56537
21715.3
49881.4
48787.4
60094.9
57931
37824.9
32058.3
30196.8
82921
47579.7
33141.4
37864.2
59183.7
42826.3
40550.4
36475.4
38925.8
36659.7
44520.9
48235
48497.1
59372.8
45456.3
39508
48285.2
53354.3
46522.4
77465.5
72436
50732.2
55706.5
27492.1
45943.6
30387.8
50202.2
51001.1
34762.5
83223.9
26859.4
65398.4
67328.2
42908.3
54280.6
62743.9
54399.9
55186.6
40337.7
56774.7
65128.4
41537.3
39811.4
32252.6
48064
62657.3
64354
51224.2
61805.7
57707.4
57727.3
61730.8
79892.3
60354.1
30849.8
64613.3
90832.8
48042.8
68696.2
66246.1
47546
44618.4
60522.8
55195.8
37576.6
35556.4
68837.6
28543.9
55554.6
68698.5
54198.6
56196.6
35601.4
53737.9
36612.6
82302.6
53070.2
39257
46493.9
45963.3
34808.7
55000.2
30933.1
30964.9
51514.6
38972.2
72219.4
56149.8
47898.8
38963.8
37618
49155.8
51843.2
29477.5
64509.2
59986.6
40034
56308.6
44741.3
30981
58073.7
54103.3
36683.1
41559
46577.8
72981
70835.6
64132
46366.7
36240.2
48867.8
42889.2
65817.2
43906.1
51314.4
92036.6
92361.6
55464.1
54578.4
49299.9
51947.3
60020
57337
55147.8
49069.6
55997.3
42457.7
63357.4
80954.6
59640.5
55208.2
40872.3
84014.3
45495.1
53787.2
55815.6
64102.3
39809.7
54692.6
46619.8
44568.5
43720.1
42471
52590.2
56903.9
48917.8
29758.6
70785.3
45883.2
44645.9
47606
33761
43087.8
60260.7
71337
60024.6
39661.9
57449.5
43966.6
40168.6
60739.4
49547.1
56310.2
51375.6
50120.9
40574.9
57114.8
48386
46841.8
60724.2
68411.1
61575.7
46434.3
71786.8
43366.3
42651.2
91485.7
60007.6
78849
55643.4
54163.4
62693.7
65864.7
89686.1
59055.4
43267.8
32792.6
28406.8
56869
60940.4
62595.1
38248.9
48698.6
50261.4
56633.8
67458
56649.4
37557.4
55469
48254.5
39519
50667.9
45424.1
60853.4
45858.8
29791.4
44631.5
51476.9
51760.6
62256.7
58180.3
39726.9
30683.8
34241.9
54960.2
51911.9
35923.4
60160.1
24434.2
71891.8
38086.6
46696.2
31986.6
62913.1
55371.3
62465.8
38395.6
36202.8
35902
58506.7
49527.8
57469.7
65487
24709.4
45200.2
46394.3
57506.6
27407.4
71992
59562.9
34475.5
54474.8
56350.6
29122.4
40662
48367.4
50741.4
42295
51554.8
74149.1
38921.3
80840.1
47943
72355.1
44030.8
66251.3
61116.5
58607.5
61894.6
32064.3
39447
42350.3
37945.5
26545.8
52478.9
36013.3
34086.1
62469.3
46984
54817.9
55455.4
49321
59155.6
25852
72095.6
68039.5
45243.4
62283.7
54787.8
39972.2
62040.5
58906.7
68339.4
66295
42570.9
32572.3
33840.3
45812.7
50504.8
86092.2
54925
44671.3
60333.1
35618.2
54656.2
45275.1
67038.7
54827.4
40333.8
44379.9
67833.7
51037.7
54189.5
40843
72722.1
41616.7
31898.1
51053.1
47596
71056.6
57721.6
64382.2
50165
46163.6
48763.3
64194.8
47953.8
63816.9
66332.8
64417.1
50365.1
44432.4
47233.3
23571.4
94694.6
49263.9
52439.6
35945.3
59441.5
45379
49244.2
59113.8
53274.9
51346
45601.1
25981.9
33929.9
42715.2
53059.9
49906.2
43651.8
55462.3
35213.3
52972.8
24688.8
69149.9
79341.7
21867.4
56671.4
44443
60695.4
32229.6
33741.2
57598.2
83183.8
38960.6
64069.6
57939.5
59725.9
65635.4
32855
46557.2
54658.5
50912.4
49635.8
46898.4
51244.5
44292.3
48262.1
44850.9
46802.4
30921.4
48937.5
52852.4
35503.1
33823.2
43450.4
34518.7
46343.7
54971.8
37001.8
43401.8
42935.2
29944.1
75294.3
43216.3
71680.1
66059.3
51730.2
56067.1
65411
28948.6
49289
55711.5
46709
23448
53843.9
52656.2
35396.2
28183
56795.9
53470.6
55237
22000.2
61083.6
39581.3
56683.8
39125
46605.1
38008.5
48787.4
62321
69505.6
57621.2
62491.4
40005.1
60155.4
52610.3
71924.2
62173.2
79723.2
35323.6
57966.5
33774.2
48233.5
52524.9
58058.9
62537.6
45522.5
52605.5
54753.6
38047.8
85181.8
36370.5
34676.7
51513.2
33062.1
57383.8
68644.9
42966.6
34318.6
53173.2
55443.8
45094.7
77022.3
23206
48351.8
40829.8
62055.2
43725.5
59025.2
47173.6
65207
51190.6
34468.7
78691.8
34156
40792.6
65686.1
40924.5
41413
43650.1
97185.2
42684.1
27619.2
44758.9
34507.4
50831.7
62515.4
47725.9
64853.8
28223.9
35958.5
44177.3
33147
63831.7
50122
54036.5
42969.1
79941.9
45228.1
57353.5
46124.4
59896.3
60378.6
52775.3
56198.5
33262.5
47009.2
58876
37267.4
47636.8
57482.5
50729.1
72197.8
86252.2
71554
36295.7
45181.8
57221.8
65179
51493.5
53775.2
49827.8
49089.8
33569.1
46253
59313.4
31565.5
48089.6
47135.4
59223.8
31331.8
41561.6
63688.5
53065.7
55542.2
51509.4
56375.7
41522.8
64840.2
39513.6
47919.1
54850.9
46723.8
49473
47810.4
29469.7
55989.1
44339.8
45722.8
28279.5
43285.9
28431
43289.5
59946.2
46198
55890.8
75491.1
26052.7
50235
60081.2
53402.8
39624.6
38599
49837.4
42915
42391.3
30719.6
53100
53785.9
42525.4
52938.6
37195
35685.4
55274.6
33092.9
61153.1
60350
42831.8
50419.4
63433.4
47781.5
46477
46982.1
42913.4
67833.6
36427.4
60728.5
46518.1
48544.4
42960.8
49498.3
50328.2
71956.6
61922.6
47331.6
49998.7
52283.5
29453.7
63661.1
40019.2
38889.7
66942.1
58928.3
55363.8
55762.2
43478.6
54801.8
65672.7
26252.8
55460.1
62442.5
39092.8
47432.1
49407
69258.2
55500.6
64574.6
63019
33807.6
44978.9
61891
33806.6
70218.1
49589.8
58147.1
47917.8
71585.8
70574.8
39659.8
54254.3
37191.4
51209.5
44621.2
39900.7
54461.8
27306.2
48981.8
43650.5
36170.2
46960.6
59114.4
42841.4
62009.4
57832.2
72468.7
46105.6
46497.7
30200.4
40463.5
44626.8
63924.2
34342.6
27287.8
48154.6
28501.7
62388.5
37681.5
19652.7
48878.1
45386.7
30876.5
31904.7
48723.7
47050.1
56143.8
33943.1
51968.1
46201
35422.5
30694.5
39437.7
36148.2
52621.3
21693.1
42910.6
24746.8
23464.4
27680.5
40053.2
53277.4
38381.2
42206.3
31453.7
68297.9
45823.5
48244.6
51016
49095.4
55795.8
41411.8
33417.3
51710.6
29473.4
84554.4
41703.3
40168.4
47155.7
43720.1
43791.5
66573.4
56592.6
47409.4
34393.5
62801.2
40256.4
35841.4
34690.5
72327.7
43264.3
59571.8
36262.6
23886.4
62689.8
51794.6
73386.1
25146.9
31324.3
33346.6
32431
84352.1
56804.8
50496.2
64626.2
61079.8
49001.2
31551.4
42243.4
28944.9
36193.2
64222.3
51374.5
45990.2
54692.6
49729
42682.2
38760.7
41618.1
52119.5
57255.5
29696.4
52977.9
42484.3
68042.9
71415.8
59142.3
52804.4
55878.8
39916.7
42057
60585
50153.4
54971.4
61250.8
61479.3
32032.2
28322.4
53130.2
80930.5
45515.5
72593
46699.4
52509.2
38899.9
42983
41475.8
44631.4
49784.2
36347.7
50725.4
49211.7
60203.1
61137
35286
49953.9
56841.6
56625.4
49894.4
56334.2
38891.2
34443.4
53625.4
35014.7
52823.9
36739.8
40765
89273.8
64283.3
37173.1
33940.9
92048.8
61012.9
42117.8
72066.7
56662.2
68701.6
68745.1
96749.8
56322.9
57377
47969.2
44627.2
66685.4
71431.3
38395.3
43285.1
38445.4
68131.2
45497.6
33681.7
50046.6
38422.2
34898
50247.1
23756.2
80276
55282.3
63988.2
55121.6
35739
45141.5
48475.7
45614.7
50127.2
50383.1
50370.8
47842.5
49064.8
33407.2
38712.1
42787
59768.7
34719.8
25838.6
47176.5
41422.9
35661.2
73851
45192.9
66733.8
61165.2
65967.4
40778.8
27269.4
56528.1
63210.2
46391.4
54761.3
39812.8
52170.9
66898.4
47245.9
55078.6
60988.6
73133.7
39978.4
70979.7
53915
57134.1
36371.1
93053.1
40731.8
57047.3
67542.9
40696.7
40400.6
65982.3
61202.3
50933.4
45391.2
70846.3
40840.7
54546
59788.4
33347.9
38887.2
33309.4
60534.6
68098.3
37594.7
60087.4
73378.3
52408.4
72888.7
30137.1
68589
45645.2
38974.6
62050.7
54966.6
83205.4
48801.2
58358.5
59521.9
41255
60873.5
44766.1
46226.4
33844.8
32665.2
74912
57606.7
51834.2
76864.6
65822.7
69420
74050.6
39375.3
50574
48413.6
42541.6
41245.6
55255.1
60880.2
74500.2
31750.4
46126
26528.1
33563
49070.2
42689.8
48195.8
56479
35785.2
63080.7
76898
47657.5
77730.6
46314.2
51646.4
65482.3
59059
43698.2
38927.8
31887.5
79310.8
87208.5
49121.4
32672.3
31908.9
54079.5
39287.8
36276.7
64222.2
39720.6
47805.5
43786.9
48775
59290.1
34478.6
47060.5
48744.7
28793.4
45589.1
34144.5
46688.6
41688.9
38989.9
56370.3
45191.1
55154.4
31129
33566.6
53373.4
28807.1
42351
32487.4
38088.4
23649.8
68415.9
34502.8
64884.3
60204.1
44861.8
26927
41647.8
37882.5
39845.6
38759
34700.2
54673.8
52733.7
40301.2
41535.3
31703.3
56606.4
38451.4
27844.2
26609.1
42709.4
44438.6
41112.6
54467.4
54134.6
58311.9
37179.5
38694.6
37770.9
65214.6
59517.8
53731
44673.6
58321.2
35588.1
53520.5
74209.6
49911.4
50712.4
61069
48866.3
54172.1
38502.2
61698.1
60796.1
43668.8
45906.2
49658.7
49947.6
65703.1
61029.8
32787.2
47193.4
65340.6
42877.4
67397.2
69152.6
56436
44026.9
29976.3
48568.2
49896.7
35363.2
79815.4
47315.2
46732.7
34951.6
38795.2
52855.6
44640.1
71799.5
52636.8
36934.3
39148.4
35642.8
56844.7
60366
32174.8
86030.1
46371.8
52243.3
51027.6
51695.4
63079.4
73275.1
58827.9
45315
61575.8
59645.9
74135.5
42372
46620.4
64000.2
58052.1
67714.6
65182.4
81038.7
55716.9
42204.9
46382.4
38625.8
51311.4
56444.3
69994.5
73300.2
61680.2
50377.1
71487.7
60599.8
56576.5
42472.3
75933.3
48067.8
42491.9
58467.5
56388.8
64610.3
29412.3
39696
40630.7
53827.7
55171.1
63698.2
42527.9
53607.3
38030.4
44430.4
53532.1
40168.8
41305.3
50970.1
49158.8
49667
49570.4
54968.9
68745.7
46173.4
20205.5
37435.3
37010.1
80403.4
30663.6
36852.6
41672.6
47534.2
46660.8
89013.8
36543
43006.6
46326.6
45532.2
43345.1
61560.8
54008
68673.1
45013.5
36673.8
48623.2
59020.5
60591.1
30276.9
64883.1
44836.5
42080.2
60211.6
47258.6
39383.6
62553
77042.6
34441.1
58806.2
56924.2
58565.5
47881
51575.2
49926.8
34440.2
66046.7
70288.6
48037.4
33396.2
68207.7
53158.9
34599.1
51131.6
46250.6
41902.2
45190.8
68576.1
79298
44778.9
59560.7
66582.7
43931.9
37016.1
79982.3
49280.8
45784.3
32268.2
55933.7
73371.7
39171.5
73246.9
49046.9
29130.3
63096.2
63072.6
40034.8
60739
54858.4
40752.5
63640.4
40092.4
52536.8
43282
54600.9
70618.1
46890.8
76575.4
47937
47098.4
42625.4
64700.4
41638.2
47741.2
49156
60699.4
69942.2
70395.4
48100.4
49332.2
69214.2
49208.6
54986
70835.3
66297.9
42508.8
48751
57056.6
42220.9
38116.2
49567.2
29728.9
59749.4
59484.6
67582.3
48334.4
35713
63780.2
39946.9
56620.2
45473.5
65607.9
60823.2
93776.8
49183.9
39799
43702.6
92556.7
68507.4
45093.2
59036.2
64688.4
75876.2
52581.2
51845.6
65078.9
64568.5
60528.3
63619.8
52543.8
45540.6
57681.2
45921.4
56947.6
52034.5
44765.6
49653.9
41761.8
67503.1
30092.6
63100.9
53147.9
41246.2
68136.8
66526.6
43747.4
55696.7
30106.1
47909.4
65342
57836.2
49078.6
46529.2
76086.4
39575.3
55785.7
68891.5
52446.8
73360.9
44076.3
58410.6
67423.9
38094.2
28782
61729
40565
37667.4
61307.3
48260
64224.1
62203.9
36454.5
26297.1
50124.6
55244.6
47190.2
38325.2
23852.2
45946.3
47701.8
60243.2
42087.8
40911.3
56647.5
38541
59466.3
45484
45500.6
36986.6
33865.2
38479
34669.4
43941
54091
54741.2
40294
47211.4
38649.4
19403.9
30636.1
33740.8
54755.9
43558.9
32453.6
27995.4
55262.1
61370.6
46168.6
25306.1
56156.5
37300.7
32078.7
34666.7
45921.7
62504
36335
33009.2
58696.8
83179.9
53025.8
57213
50851.4
43747.2
60117.4
47681.2
51422
69862.1
38925.4
70897
39496.4
53578.6
43172.7
54176.2
39565
39889.4
56972.1
40487.2
57088.6
52705
50346.3
41277.5
40643.8
40463.4
43011.5
68324
57179.4
59407
70031
38619.4
31864
57009.4
47482.1
32154.5
61591.1
77138.3
50903.1
41536.5
54373
46167.8
40464.6
41311.7
71925.2
41605.9
47739
44695.4
49174.7
47858.6
41142.5
49817.3
86000
51444.4
51460.1
41223.4
36888.8
55603.4
41103.9
46655.5
45931.7
53833
41007.1
33440
44137.8
61872.2
67226.6
62900.2
45145.6
52929.7
58769.5
51020.1
52076.7
46232.8
63913.4
92072.1
59059.3
45466.5
51422.6
52611.1
57973.6
69137.6
51373.8
68934.9
40583.1
52026.9
81723.8
37030.6
60711.1
73232
69190.6
87061.4
47947
35147.6
52573.7
49953.4
42976.9
76556.9
62459.6
54414.2
43611.4
38847.3
59273
55905.6
47401.2
67533.5
35888.4
60201.1
68524.6
46867
54432.5
58825.8
60096
46139.8
46991.8
58932.9
48411
54513.8
50265.5
40575.5
35774.2
42302.5
54384.6
45406.9
47730.3
54710.2
46933.9
65293.2
38164.6
33887.1
41524.5
59270.3
59847.5
40267
47110.5
39793.2
35223.4
36184.2
46888.1
70759.7
44176.2
50931.4
50847.1
61804.6
23866.6
49023.1
54499.4
41049
102656
38399
33204.1
28150.1
57806.5
27676
67064.4
55768.5
70635
65755.6
34854.4
26414.5
40486.9
47957.4
48654
39953.8
79352.6
62562.2
69391.4
49503.3
59828.9
43482.6
35266.2
61251.8
31673.6
51403.8
41840.8
37763.7
45680.6
33983
50398.2
57594.6
67880.3
36826.8
39220.7
57542.7
43670.1
38982.9
46893
62531.5
34520.9
41204.5
54114.7
49568.6
68894.1
53339.3
47608.6
31971.9
41288.8
33758.9
32886.6
27047
37972.7
28498
47797
43837.3
53012.4
33534.6
43037.4
22572.3
48137.2
44798.6
68372.6
63382.4
56217.4
25940.3
51519.7
58156.5
57766.3
62106.3
54048.2
49488.4
48311.3
60180.1
49133
52950
54743.4
53863.7
21255.4
72940.5
39640.1
48687.4
42920.6
26748.2
54107
23543.6
58060.6
79460.2
57291.7
47333.4
43382.4
19229.7
45079
52583
48792.4
37090.9
41907
61724.6
48913.4
64379.1
51081.3
33523.3
50801.7
66829.4
40324.6
49250.9
84173.4
56382.9
76039.4
76615.4
53656.4
43714
58535.9
34360.1
48450.4
40721.8
64824.9
54099.4
58892.6
56245.9
53321.7
30600.6
36488.4
36020.7
38720.9
45789
43690.8
45286.5
39604
37691.3
30820.2
44384.1
53675.7
59900.6
68658.4
35336.8
55826.9
31502.6
23936.1
50377.2
73096.2
59614.2
48748.8
42958.2
46303.4
30168.1
58953.5
40598
54595.4
73876.5
63594.5
37294.8
47222.9
37899.2
30624.1
63327
71308.2
39620.1
47409.7
63205.6
57743.5
34410.6
40340.8
49008.6
41899.2
76811.9
64404
38805.5
40004.5
49387.3
46495.8
36188.3
58976.3
45315
53208.5
63334.2
50455.7
43549.5
46834.5
87379
77135.6
64263.3
57736.8
35484.7
56041.4
59572.2
55276.5
38969.7
38983.5
38166
74659.2
59665.3
90578.7
67802.1
55807.4
59107.3
53091.7
61754.6
85639.5
93411.4
68703.2
67566.6
27611.8
38216
62002.6
60983.4
47065.7
53512.5
56045.8
56347.9
38899.6
74912.3
66413.8
61663.3
39065.6
60040.6
62518.6
61569.8
40691.5
34527
53579.2
37922
63551.6
57782.8
45821.6
87455.7
53786.7
78962.5
61932.2
46978.6
44935.5
51891.8
22331.7
53680.8
70986.9
42585.6
39939.4
37915.6
46705.2
52307.6
57633
57320.6
53311
50407.8
34285.6
49673.9
49399.1
56923.9
41006.4
68612.6
45281.8
40010.7
64096.2
32323.7
41348.2
72894
43948.3
28668.4
46799.3
57122.5
72212.4
25920.1
36343.1
62824.3
51114.1
41008.9
52670.7
82546.2
54662.2
70050.6
46925.8
51377.2
26578.9
38122
43338
71096.6
66256.7
50861.8
41141
88135.8
40951.7
22563.3
54776.4
42772.3
35471.8
62899.8
43996.3
28114.6
25548.6
56429.4
59087.1
40969.3
67213.6
45249.6
51536.8
40194
47201.5
47670.2
43717.6
57818.5
33904.4
35951.1
37617.7
55535.3
62103.6
32705.5
58792.2
61041
59134.9
36213.4
49823.2
55399.8
57094.2
36617
60616
49636.5
55528.6
48695.2
36072
63777.8
64474.2
51154.4
46396.9
45245.8
46169.1
50412
77185.7
36785.9
42294.6
78526.9
73485.7
31424.7
49599
35740.6
47044.3
45170.3
38915.9
39447
62337.8
35401
52780.2
33452.2
60317.1
33259.8
46704
55385.9
30544.9
50696.7
47479.8
38356.9
84750.7
47093.9
45900.6
55252.2
55864.9
57535.3
94571.2
62309.7
46997.8
40985.4
41634.8
59482.3
39077.8
35488.4
53185.7
37618.5
30470.7
43575
44812.7
45684.4
60215.8
44829.8
29044.6
44603.4
32334.5
39486.4
43390.4
40511
34719.5
60915.7
38846.2
20123.7
34962.7
33384.2
71594.3
36111.6
53818.3
23048.1
50642.1
44845
49247.7
51407.1
76470.5
40456.2
47807.1
44130.6
25932.8
33147.8
48278
58207.5
44072.2
51740.8
53347.7
31229
50997.4
43340.7
71514.6
24005.4
38327.3
53565.2
49378.3
45511.4
57723.5
79302
49340.2
51640.5
36126.4
54725.8
61206.8
46082.6
59678.8
48535
46292.4
53576.6
47286.2
47803
31799.4
50739.6
38956.3
52583
71848.4
47694.3
52085.6
34879.7
26344.8
55422.1
50012.6
51472.3
48257
46487
63257.4
59860.7
35325.1
36565.2
69867.8
43839.6
64995.4
63345.5
29462.1
51160.9
54177.7
47518.3
34310
36998.5
50330.3
41605.6
38959.3
67735.4
65064.6
36081.4
65678.2
74376.9
48911
41230.3
48902.7
52991
58242.2
64335.3
56709.9
55647.4
33090.7
32559.2
47172.8
40331.9
55169.1
63116
36826.3
30197.3
27682
63361
31216
54094.2
33072.6
37869.1
62262.2
50913.6
83590.4
56793
41620.8
55393.4
29929
44071.3
55600.9
32892.2
40720.2
50227
52470.4
49895.8
50910.5
19221
63019.1
59315.3
42353.9
78317.1
48484.9
78581.4
69855.8
26949.8
59817.2
31420.2
76828.6
67766.9
56445.2
41390.5
48827.8
54507.9
46674.4
45864.9
57763.7
71506.7
34579.8
62120.4
50445
47879.4
47409.5
53517.8
47139.8
58047.8
38291.3
65539.8
73573.6
58165.8
66821.5
38102.3
43917.3
34608.7
59680.6
57772.2
51535.2
71572.5
48461.2
36951.8
54062.2
40109.8
40254
57172
45290.3
58408.1
86717
36174.1
40167.7
55362.2
40553.8
39708.9
53608.6
78448.1
72951.1
61896
55521.9
36453.4
55794.7
61621.3
68557.6
65795.9
33864.3
49027.2
60695.2
39078.8
44432.1
49818.6
68684.6
42855.4
67745
73568.7
46312.6
56035.3
43302.9
50769.1
49819.2
66361
40136.6
63099.8
73909.1
53921.9
57172
38038.6
51370.2
49610
71933.4
47886.6
61920.7
43171.2
47282.9
48202.6
37759.3
48897.2
66006.4
59028.6
41472.6
32630.3
61204.6
61843.6
80403.9
42646.2
60703.2
27733.9
50988.5
35792.6
59101.6
50972.5
39754.7
58300
63172.7
71850.6
51902.7
63477.7
38647
56899.4
67201.7
47797.8
77735.1
68475.9
65720.3
59189.8
44678
81477.5
58858.9
81385
59876.6
48310.1
49215.6
38853.4
59102.2
43285
46573.8
56743.6
50326
68358.7
45834.6
64247.5
37753.9
64641.4
87654.2
25554.5
35905
71584.3
55807
63060.8
31577.4
69805.4
31480.7
35071.6
72751.1
68049.6
44436
64217
60359
33864.2
41829.7
68803.4
66655.6
42325.7
53632.2
49606.2
57757.1
77127.3
57361.3
83074.9
49865.4
44634.5
59008.2
25443.1
32800.4
50050.3
56199.8
63541.9
60358.6
32002.1
56664.2
46686.3
36681.7
46648.6
65475.8
57264.2
69065
58275.4
80230.5
44239.2
34902.8
58337.9
68897
54406.1
75610.1
52457.9
36786.6
44482.6
71520.8
41998.4
54428
63210.7
82299.4
31359.9
43072.5
41027.6
55538.2
52356.5
38908.3
58717.7
60480.9
64394.3
38157.6
52898.7
45852.4
50094.5
71493.5
54939.8
26897.4
48836.1
45147.4
44094.1
34595.3
38146.2
33116.1
45034.7
69365.5
38994.2
48089.7
65797.8
66150.1
62619.2
48006.7
64578.6
65390.6
26997.4
61342.6
46846.2
49080
62380.2
63069.6
45383.8
55806
58177.4
54511.5
58768.7
69684.5
44089.9
40119.4
69453.4
73077.2
54681.5
67843.6
43765.2
34190.4
28075.4
43297.2
71493.8
48528
52681.4
39282.6
47977
52848.6
52352.5
50514.3
40653.3
40366.6
29472.1
42458.8
51146.6
50075.4
54652.5
40301.8
27051.4
47605.8
32651.9
42984.8
76779.2
47483.1
31006.3
40415.4
48824.8
37210.3
63309.1
61779.8
47148.1
37427
20754.5
38522.7
38021.2
46751.4
75510.9
63303.2
40921.4
63224.3
51345.9
55296.6
51216.6
59350.5
55241
65037.4
37361.2
45269.3
35781.6
36785.8
71654.6
29186.3
61427.4
51620.2
45644.6
41905.8
36059
56411.8
50202.4
56148.8
53456.2
42569.2
39075.4
62720.2
73493.1
48013.7
55770
33884.1
49455.9
39737.6
63763
34264.6
50511.2
52930
82668.3
49351.1
65350.2
58413.5
34864.7
58424.6
46839.4
72219.4
63364.2
48126.4
56779.2
44530.3
62063.4
22014.6
48862.9
46211.2
61054.2
30040.6
40016.6
42205.6
42525.9
48619.5
51683.1
48826
46156.6
38920.2
57568.9
50037.8
37421
46946.5
53842.1
51919.4
68985.8
41559.9
69614.1
36502.1
41750.4
70540.9
53624.2
56872.5
29496.3
67891
59156.7
57018.3
77767.6
45676.4
56508.6
34583.4
35152.2
71772.4
44621.7
80681
84102.3
41408.2
35190.7
55173.8
48904.1
49953.8
54009.4
63811
40952.6
35468.8
75336.5
70836.6
46947.4
63068.6
77918.4
58957.8
51310.6
58797.5
44879.4
62036.3
79140.2
62148.8
56149.4
64594.3
76089.4
58207
82202.6
61774.8
31761.5
59365.3
71915.8
73607.8
52161.8
81818.7
50847
36910.7
53998.6
81400
61543.7
93923.1
47769.3
56078.6
33376.2
56103.7
36640.6
74601.6
60832.9
47245.3
49180.2
41264.7
50184.3
64838.4
46190.8
75367.6
43059.2
54652
40025.8
37888.7
60148.6
57624.2
76325
72493.2
49086.9
46280
41367.4
55362.9
42635.5
65786.9
34121.9
35051.4
85885.6
24538.6
54070.8
80613.4
51199.7
76762.6
78608.5
57931.5
66377.5
30513.8
55803.8
21479.4
83142.9
52252
43165.8
63307.7
40406.2
36799.7
24351.1
42981.4
32895.2
59043.6
49110.6
47194.2
52664.2
70360.6
61828.1
47112.7
53672.6
51179
42546
55572.5
40321
37751.6
57648.6
57939.4
50395.4
39160.4
61062.6
67282.6
87053.8
45605.7
48771
48874.4
39939
50322.8
47639.4
48703.3
49908.9
51631.8
29678.2
39376.9
52380.5
41528.8
52993
37783.8
28587.4
40456.3
56214.3
52701.2
30650.2
71465.5
38334.1
56182.6
38741.5
57543
33550.1
57591.4
68066.6
62439.1
37996.2
35520.6
53310.2
45427.9
24963.5
56109.9
66392.9
71462
35670.6
39700.6
54181.1
40593.3
36510.7
52248.8
31583
42086.8
78577.7
46143.8
65371
35407.3
49270.2
41111.2
50280
64551
28708.2
64647
48263.6
54437.4
70283.2
40996.2
49300.1
50854.4
77870.1
84265.5
69768.6
60052.3
39415.4
44767.9
37026.6
60140
52944.2
60794.3
52507.4
30695.3
50076.6
49023.4
65777
52335.4
48992.6
41702.7
57712.1
47610.5
54602.6
56820.9
42193.9
57818.5
67162.2
50246
42523
51077.9
43352.3
62080.2
39434.8
24349.9
41385.5
59896.4
75396.8
50260.1
67349.4
43521
32939
42402.3
62563.3
51474.2
43375
84424.6
43525.2
57295.3
51883.2
36680
34758.8
66546
34603.8
43756.2
46051
63448.5
31155.1
39498.2
64349.4
36619.1
38117.3
40962.8
31205.6
61608.8
42829.2
49250.5
31535
42820.6
38007.8
59421.9
80657.4
58356.6
34251.8
37520
44679.7
49885.7
28624.5
61486.1
75233.3
54339.1
52181.9
50282.8
63856.2
43361.1
57223.7
44717.3
70331.2
59329.4
77295.8
51715.8
57637
39704.3
43540.6
35111.8
39714.4
39445.4
41900.6
61123.4
69849.9
39336.2
42408.9
34027.5
41000.7
75310.6
64505.2
43417.9
62903.2
47312.2
46634.4
29766.7
39294.9
60941.8
62752.4
64458.5
38378.4
40821.8
42110.9
49498
60207.1
49133.8
60229.8
58090
43318.8
56646.9
60186.2
72107.5
51035.7
53962.4
57544.2
62832.3
45919
75842.9
63479.4
71920.6
44565.8
55898.2
58893.3
63082.7
57717.8
73336.1
73732.8
73384
36194.9
53870.7
72653.6
44939.3
82807.8
58076.2
29436.6
38177.1
72893
74829.8
58564.8
56526.8
47440.3
43734.6
41626.6
68804.5
52377.9
61796.3
39875.4
64981.9
51015.4
71279.7
44445.7
42003.4
53000.7
38446.7
66056.5
47133
63866.6
67407.8
60263.5
70274.6
30362.4
56110.7
56503.6
63237.4
41212.6
62172
39053.7
44248.7
55042.3
61789.4
72678.1
34731.4
46794.4
59082.1
35923.6
59374.4
60859
39980.8
59377.4
55054.5
53542.1
71725.7
43766.7
74924.6
32108.2
49497.8
53035.9
48923.5
77727.8
53878.6
44826.6
78829.4
46789
52855.2
53582.3
54145.7
39746.9
37806.4
77731.6
80562.3
46624.4
33470
46867.1
45908.6
47390.7
56324.6
66933.4
68047.5
59855.4
72620.8
32481
37721.8
86810.8
45959
66630
34898.5
59184.4
41882.2
27776.6
88298.7
48636.6
56079.2
60899.5
55634.5
60913.1
38276.8
45850.1
53845.5
73812.4
60246.6
42311.8
51688.6
87595.4
44201.6
50345.2
44198.9
47848.1
44469.4
53111
65675.1
39052.1
63260.7
35265.2
38832.8
29733.7
38438.2
36145.7
57266.8
42892.7
68450.6
67016
59833.1
50014.2
47689.6
39992.1
45468.5
49364.8
51787.4
58246.2
51236.5
58404.5
28381.8
60628.6
40142.2
49264.2
48276.7
64137.3
26001.8
41238.5
53578.3
52167.5
50302.6
51279.3
37005.9
42171.8
47682.4
61539.1
60606.6
65919
67533.6
46440.2
49791.7
41134.4
53109.5
48572.6
43628.1
64112.2
48745
58915.8
50463.4
50780.3
62306.1
39262.2
37746.3
60511.9
39026
64797.1
59620.4
55576.6
51527.6
60973.4
40159.9
29827
76753.9
59811.7
49641
77178.2
74668
72229.5
58896.5
44844.2
81914.6
90017
71105.3
56435.3
55643.1
48951.2
83452.6
64960.6
42893.6
78155.6
47015.9
57313.2
70007.4
48854.4
58687.1
59672.6
53192.8
54680.7
61665.4
50499.2
79141.7
46474.3
59745.4
55892.9
42282.2
35377.4
44279.8
60594.3
59591.1
49269.4
36970.4
58384.3
48599.9
52148.6
50060.1
66351.9
41104.4
68806.6
55142.9
53390.7
90308.1
44519.5
43427
36794.8
69086.3
50474.7
58313.7
46515.8
61484.3
56664.2
50464.6
39489.4
51227.1
32220.6
50105.8
26764.6
55868.4
28455.3
57741.4
49103.3
43020.5
45648.6
50777
52407.8
54051.9
41199.9
74066.6
42877.7
55130.6
52245.4
80596.1
40618.8
71497
63257.9
54001
52625.2
74270.4
62427.5
50413.8
72422.5
52554
51898
37084.8
25412.9
49291.9
41181.4
58963.6
43898.2
84075
29726.6
52310.1
67019.8
53664.3
62679
66466.2
81804.2
19245.3
44929.6
69795.4
44179
39152.6
57601.8
53247.1
42348.9
65605.8
61062
81364.6
61702.2
32395.6
55176.2
52761
110494
51972.6
62465.4
33275
47560.8
39453.9
64642.6
42692.7
58273.9
72054.6
63537.8
79526.6
57856.2
52699.4
39261.4
56634.5
59451.1
64323.8
44891.1
49363.8
54802.2
56414.6
88018.5
70345.5
46662.5
57364.6
45365.1
64886.6
56240.4
67713.3
38082.7
63998.9
58584.9
53074.7
73015.6
56744.6
69132.8
52693.3
48621.6
70678.5
38971.6
56680.2
43628
54317.6
71165.7
59218.5
50744.8
38443.3
68159.7
40005.5
45577.5
82921.4
43865.7
50169.2
45157.4
31145.8
57803.3
37647.6
50422.7
56958.2
76024
31462.2
58723.6
42468.9
68471.4
76344.2
38125.7
37311.8
63109.4
58836.9
73831.3
55545.3
29657.9
55714.6
47656.4
45371.7
62202.6
49404.7
49038.6
27288.2
67919
44501.2
53411.6
56036.6
22943.4
41606.7
36515.4
45909.7
48759.8
59374
51495.5
61535.8
31707.4
58428.2
39557.2
61005.6
52705.8
34861.7
35944.9
52289.1
39551.6
65315.4
43983.1
50573.8
48285.5
41044
52610
63859
36787.6
53038.9
71342.2
49727.2
77363.6
52214.6
54131.6
60100.9
52711.2
31300.9
38154.2
36174.4
55236.1
35396.9
49575.8
74538
77983.3
75870.9
44413
64993.8
51485.4
54391.3
65913.4
43366.5
69152.1
43858.9
39998.9
68359.6
55410.3
58158.4
63715.4
68264.4
60387.1
32746.6
37901.2
51117.4
65386.9
52001.6
71739.8
73271.7
36180.3
40586.5
77328.3
68525
46808.5
51746.6
45318.7
47685.4
72659.4
76775.9
26790.8
56746.4
54526.4
49038.2
40122.3
43778.9
63593.5
49263.4
41842.6
40737.3
34128.1
25750.2
41295.2
64148.5
47111.8
38676.6
44311
42291.6
38533.4
74263.2
57996.8
28037
48241.8
33821.2
43453.8
49372.4
74256.7
39430.1
49896.9
38304.4
38826.5
71716.2
74525.6
56741.7
59865.2
21258.9
41860.4
36485.7
60043.1
39539.8
37721.5
38847.7
55462.6
33866.5
22444.1
39919.7
41565.8
53256.8
37176.6
34085.2
48241
22259.7
72443.2
55565.9
43095.6
56096.6
61029
24764.9
42340.6
76700.6
30022
51060.6
64241.5
54403.4
48909.3
70271.4
35887.4
46447.8
56331.3
69065.8
50224.2
44460.1
28087.2
27920.7
31681.8
30573
64935.5
80241.8
36135.8
57610.4
35807.3
54665.5
51700.6
52208.7
46841.4
54701.4
41231.2
57370.6
38400.1
44569.5
46882.2
40603.4
69710.8
49656.5
56630.9
39479
37128.6
49779.3
41587.9
31993.5
73733.1
40420.6
47871
65441.9
56682.6
51555.9
86066.9
58600.1
68535.3
78835.6
47052.2
42362.2
56145.7
76082.9
35532.2
51735.4
80850.2
25847.4
51466.1
44907.8
41767.7
41530.2
66340
57236.1
51191
84524.7
67456.2
36861.9
65047.2
58861.8
61910
71146.4
60539.1
55727.6
50483.6
40591.1
69087.2
42872.9
49786.5
45445.7
40292.8
52523.3
36747.8
57282.9
34774.8
36408.1
35646.1
68607.2
55485.8
28705.2
42780.6
23150.5
49011.3
56064
60431.8
59920.6
38935
43590.1
50153.7
45428.2
33019.6
37235.6
41150.6
27012.1
55240.8
42449.8
54578.8
35193.4
38206.6
40061.4
70050.4
43656.2
55671.2
31108.2
34007
60186.4
51668.3
41555.3
71341.8
25862.4
40710.2
47881.5
63999
40777.6
50616.2
75501.8
45478.6
51369.5
29702.3
70097.6
49639.2
62474.6
32028.7
54476.5
40866.7
57455.7
42194.2
33317.4
47263.8
57740.8
39399.9
54611.9
51499.3
36562.4
46643.2
57157.6
40853.8
54382.8
43813.6
32759.3
48368.3
53099.8
45138.7
61185.5
39781.8
34739.6
31233.6
55727.7
61027.6
61851.3
45420.2
65501
45822.8
63547.8
89690
45816.8
42571.8
45713.4
36808.4
35861
72848.9
56713.5
74968.2
50425.3
44211.5
42769.4
34311.9
37527.5
23783
65912
35095.5
44919.8
39855.4
54226.2
48344.2
37175.5
57176.3
35365.2
72827
36634.6
36643.2
43069
42169
54207
47402.1
51934.5
52349.8
29993
35995.8
57952.7
42463.7
65022
62205.1
53613.4
51430.9
44511.4
44886.9
49483.8
31463.8
40736.1
44218.2
81240.4
74784.6
36742.6
38355.8
70993.4
31930.5
57907.9
53079.4
50246.6
56545
33086.6
51298.6
82167.3
37635.4
48421.4
53864.4
48387
37160.6
57689.3
49305.5
63771.3
38931.1
33608.7
57316.4
28042
40282.3
29108.1
72216
75421.8
50730.7
40603.1
48359.9
63321.8
64519.4
54954.2
71456.5
34961.5
44212.7
54302.5
62135.2
40277.7
62459.7
47167.1
60375
34157.9
39388.2
61920.6
38227
28810.1
73689.4
65369
36401.4
48967.8
46974.3
33925.3
66816.5
42574.5
32299.8
43086.4
44844.1
48632
35296.9
44158.6
43848.6
46602.8
41718.5
52414.6
52991.6
44681
45232.9
68698.4
42856.6
40128.7
50751.4
54041.6
43396.2
54674.2
39977
82265
69925.9
90557.5
47539.5
40261.1
46181.2
36918.2
81058.6
55782.9
44405.8
65898.4
53341.8
41279
43308.2
52028.2
50386.9
38533.8
52049.2
49230.1
54343.3
35234.6
53283.4
58039
59531
52394.5
82723.5
37811.3
46791
24065.9
49220.2
51486.1
59241.9
49594.6
61975.7
58521.4
59909
49476.6
62330.2
42028.6
57229
45047.8
54301.2
82085.4
61019.8
50149.1
53131.2
32790.2
82515.8
62962.6
68398.6
64403
43837.7
66781.4
65404.7
39041.6
80325.2
91275.8
91205
58661
50957.8
41964.4
40353.5
53375.7
76177.1
80667.3
46152.2
53276.7
64703.8
61849
43506.6
56531.2
69954.9
49201.6
54491.2
48351.8
49831.8
62635.4
66389
82160.6
44269.4
45256.2
53891.5
40894
79093.8
50154.6
41022.4
61921.2
39874.4
34001.3
32942.1
58034.4
60295.8
30856
32723.9
69084.9
48793.5
36492.2
41594.1
47545.8
79212.4
90885.1
61658.8
79594.2
61960.9
47130
38050.2
62123.5
47288.2
42826.6
69623.7
70587.1
53430.2
46267.5
43696.2
40700
63317.7
62467.4
58153.7
49000.1
35429
59091.8
38022.7
58331.7
51207.6
48145.6
56253.4
47495.5
38245.5
57005.5
60081.4
57925.2
72897.5
52226.6
58795.1
51161.9
49085.5
43203.7
57040.1
50450.6
45217.3
38504
56349.8
44245.4
70550.7
35188.2
63030.3
37656.6
63722.9
66028.6
59519.5
48917
37564.2
32739.6
45815.6
29703.1
35864.6
78162.8
56694.2
44366.2
35614
52016.7
48728.6
60066.7
44588.5
31258.5
60988.4
67441.1
35703.2
36826.6
20001.5
61029.1
42453.8
45037.5
62348.3
60873
56832.3
41587.8
47333.4
65716.5
43965
56832.9
47556
74028.4
59095
54361.4
61809.4
27356
46634.2
46378.1
34885.2
46562.4
80461.8
38437.8
54679.7
42269.4
55504.8
47507.1
38512.4
55229.5
47591.9
44019.4
31814.8
47844.6
57913.7
45972.5
51699.4
75740.8
41265.8
38003
73378.2
45624.7
64416.6
65005
76002.6
53445.2
40139.9
53729.6
50358.4
44799.6
53307.2
53355.7
42543.8
46234.4
58378
31783.3
41583.9
48653.7
54516.8
57354.6
74268.6
33694.4
67231
49722.6
63383
48521.1
46572.6
69794.1
41718.6
38135.2
54997.1
73396.3
55256.5
40920.2
52214.8
58284
46797.5
36803.6
41540.2
60616.6
38506.9
60362.9
45023.5
38395.5
62585.2
55415.2
46280.6
50204.7
64353.7
24338.7
47231.2
61178.6
50974.9
65894.3
45943.8
60840.7
48283.2
43109.8
48798.1
49232.6
46245.4
77635.6
43227.4
39313.6
35832.7
69231.3
39330.6
40868.2
70205.8
24895.4
51927.4
39913.9
51057.7
38526.6
54018.7
43592.1
40901.8
63933
65547
27291
44966.6
53730
25693.6
76177
55213.9
30919.1
66909.4
61909.4
75497.5
44883.6
37128.9
33847.8
32762.8
45814.1
64627.2
38869.8
26865.4
54531
41740.3
38267.4
38935.9
57911.6
44771.9
42853
52035
60269.8
52738.2
52471.3
58929.9
45248.1
59167.1
46121.8
39163.2
34772.2
56726.2
82861.6
45317.2
46206.8
36714.1
24791.2
49629.6
52902.9
54284.2
50821.3
54266.3
52746.3
60153.8
55479.8
41358.4
57118.5
32487.7
54774.4
54872.2
41593.6
52935.5
47041.4
18407.2
32291.3
44111.3
50892.1
42042.6
52774.3
45466.6
50557.8
47727.9
48904.2
108331
53107.1
35165.4
48662.5
37095.8
41756
46154.4
55938.6
47816.1
44370.6
43545.3
40188.4
58048.1
55276
61630.1
53418.7
37671.6
56693.5
30216.2
42985
67889.5
73033.3
55031
32034.7
64269.4
49064.9
38770.3
71956.4
66164.1
53140.3
57045.4
35781.7
67836.6
46765.2
40359
80579.9
33765
76649.8
62394.3
52539.5
24935.3
49683.1
32894.5
33589.9
61304.6
49706.4
46501.3
28549
67302.1
52039.4
57492.6
56772.4
50256.2
46306.4
38192.6
55485.3
55771.2
50051.4
67277.5
57402.3
63625.9
39922.3
46484.7
46637.8
59263.2
45482.3
58565.4
51651.2
34804.2
39236.4
52786.4
41838.2
51466.8
50349.4
63783.4
33102.2
59755.5
50915.3
44012.6
43651.7
32948.2
47466.2
50968.6
34696.9
56806.1
46444.2
68307.6
46717.8
49421.7
54647.4
57952.8
34363.7
50429.7
63675.4
42967.1
50442.9
32123
49251.1
42829.1
84848.9
31385.8
32203.4
56262.6
71040.9
46099.8
36030.2
44660
70961.6
39447
39157.9
53646.6
41082.9
59683.8
41803.8
30288.1
44066
48712.8
38306.2
71820
42972.6
57111.8
35195.8
35458.2
66048
56346.3
68697.7
53112.1
57361.4
29349.5
59700.7
53740.2
55822.9
65213.5
43806.3
66192.2
55381
61020
39796.1
69478.5
59767.5
76070.1
64927.4
71005.8
56421.5
42484.6
79981.3
59216.8
49680.2
34491.4
48099.4
34612.7
100379
35522.3
40836.5
53516.6
57815
40519
52785.6
36646.5
50782.2
62171
49451.5
42860.6
40621.8
27886
39547.8
47953.4
53170.6
61699.4
39470.2
47255
40288.2
50396.9
43328.6
57445.7
32649.4
31043.7
52486.6
26229.5
66430.5
64322.8
54560.2
74936.2
57813.7
47634.2
49368.2
53350.6
55520.6
53462.1
61825.4
47425
41575.4
61052.9
32188.2
49714.1
53083.7
46917.7
66727.5
57612.8
36598.5
49027.3
35321.3
37575.4
47164.8
44663.5
58150.3
65531.9
62092.6
46769.1
51211.7
43619.6
51356.3
41746.6
57410.6
78064.3
60469
64122.2
43750.2
42177.6
27545.8
72802.3
49908.1
43275
48877.4
76970.5
61967.2
47508.1
62014
71008.5
27816
90189.4
52911.2
51293.1
45580.5
29224.7
41338.1
55403.8
41606.6
39758.6
56344.2
55549.8
42811.3
60700.6
62891
59326.5
42049.2
40094.4
47245.9
45556.9
42801.6
47487.9
63121.2
61718.2
46711.5
25405.8
27712.6
29775.8
39255
40902.8
66063.8
39309
73109.8
33722.9
36505
63365
67808.7
56674.5
35741.9
55969.7
16189.8
52526.6
55643.6
67755.9
58019.4
37513.5
43031.6
37984.6
58044.8
38505.4
56387.4
84519.2
61075.2
37146.3
77037.4
36448.5
62912.6
46470.2
50890.6
63044.3
29224.2
38646.5
52352.6
72720.1
46506.7
56544.4
53600.7
52512.2
62114.2
55559.5
51857.3
61759.2
44032.1
54741
60527.4
47522.5
42455.5
57525.3
88756.6
30630.6
54216.2
40781.4
51992.3
56447.4
49087
56505.2
67337
66835.4
51265.1
54275.1
43641.9
42443.2
97535
50916.8
79383.4
44889.7
51539
44280.3
60136.1
61141.2
84973
95288.2
28975.8
56771
50122.6
56954.2
82966.6
35064.3
34189.1
51488.6
54620.5
65296.7
72021.4
63586
51546
69287.3
74124.4
67905.5
54383.2
58384.2
54811
48046.1
67209.8
53066.4
62653.6
63791.8
46256.4
55015
58053.3
53040.4
61833.8
59687.9
69988.7
56551.8
47466.4
53504.7
46068.4
34742.7
54309.7
50357
68484.7
51725.4
45306.2
53569.6
32173
46724.7
29458.2
43147.9
31741.1
58016.1
38298.8
35608.8
41435.2
71717.2
54078
50512.5
32155
44089.5
48306.3
55702.2
41332.2
45693.9
33544
40737.5
76648.6
48617.1
42195.4
45275.7
35544.2
33698.6
34934.2
73926
55171
49281.7
58987.8
46868.7
81248.6
45043.8
65726.5
37639.8
54375.3
29373.3
46529.8
52390.6
50097.8
36198.3
65926.5
38793.6
60942.1
93562.4
39765
57336.5
62874.5
29391.1
39617.6
35187.4
40601
41178.8
84667.8
62780.7
42933.4
74720
51672.7
67434.4
47211.3
38674.5
72268.1
62385.4
72696.2
59770.2
62502.5
50192.7
72171.7
46472
52189.5
81762.8
60544.2
55540.3
50425
50155.4
31485.1
61806
82381.6
65398.9
47277.7
41364.1
50019
66015.8
44079.4
43967
56336.9
31208.4
46508.5
84383.3
55713.8
47040.3
43959.9
59599
59064.3
60921
85861
51205
92784.3
71461.2
73276.4
65634.9
63973.1
69630.9
67180.8
45062.6
52372.1
41875.6
32118.2
59984.2
64863.9
40137.6
80192.6
53570
74059.3
48206.9
56870.9
60476.8
54298.8
51290.2
61738.5
59214.4
63478.1
59891.4
50309.9
54091.3
49581.2
62434.2
45811.9
81832.7
64177.2
51826.2
63467.7
69318.7
35164.2
68419
89385.4
45145.6
40371.4
48741.8
58459.2
42470.6
35922.2
47469.5
47742.5
40917.7
33078.6
53489.1
67437
71871.7
31265.9
40289.7
47046.7
66699.8
53619.6
51029.8
44433.7
29351.9
60438.8
58918.6
39728.6
33296.4
49595
59455.8
53972.4
61198
56458
75756.8
39089.8
85252.2
47030.1
81064.2
83356.7
54774.9
50612.2
44967.4
56026.9
44230.2
21706.3
79657.2
42859.2
92340.4
72174.3
70669.3
64180.9
41274.8
30033.1
49381.4
46068.2
51727.4
35400.4
68687.7
49160.5
38039.4
41458.3
67241.8
46862.2
27529.5
43431
49791.7
38199.8
40878.3
33048.9
43545.8
55705.4
43002.5
49860.6
50487
40623.8
55521.7
37105.3
38211.8
42664.9
43683.4
84917
45522.2
52191.3
54528.5
32427.5
58877.3
57960
34246.9
57904
64056.2
36227
72653.4
51324.4
43437.4
33723.4
59081.8
61596.7
60259.6
50635.8
41072.6
43294.8
43346.6
32070.7
63552.6
61992.9
71809.4
52217.5
32862.3
61620.7
38185.1
50719
56910.2
27773.6
56460.2
58371.2
35521.2
36259
60115.5
54910.7
30730.6
36514.1
42406
34063.2
64299.8
73856.4
85573.8
40466.8
63727.8
102528
73499.8
32179.9
80811.7
50668.8
67162.4
58968.1
49870.6
50409.3
39563.8
46936.4
61273.8
61179.8
83375.5
63950.1
44125
39658.2
52546.3
62760.2
57437.3
31318.2
53600.5
68633
40327.7
38736.2
66778.7
67543.5
49839.3
41365.7
79260.6
57413.1
71108
63972.3
47957.5
33828.9
65807.4
59330.6
68479.4
44384.2
65672.1
46249
25229.9
69542.3
45283.2
33728.9
61296.3
35706.9
40508
73926.4
75695.1
100128
46812.6
51745
41017.2
48219.5
42922.2
70699.7
27852.3
33676
48113.2
55824
44500.9
55526.3
67656.9
61071.8
65856
87619
47985
52701.3
42003.4
51445.6
41224.2
66201.7
52359
60081
69633
46120.7
48504.5
40039.8
60261.4
77780.7
86431.7
49495.4
40194.6
34571.9
47807.4
62887.6
57666.2
45294
56343
39354.1
50419.8
37399.3
42868.9
56775.8
61219.9
55332.4
79164.3
33486.1
40255.5
53689.2
44897.3
40151.5
53062.4
56570.7
37945
60917
42841.1
79200.2
39163.6
49504.9
50608.3
45828.9
51646.6
34589.1
40805
35465.1
48157.9
61012
48861.1
58047.2
53449.4
58832.5
36200
48518.9
59923
60205.8
51549.8
29081
28245.9
57159.3
49993.9
55791.3
41720.2
46322.6
48112.1
68036.3
56848.8
53394.2
52262.8
91700.1
48492.2
50626
49268.2
51896.3
56480.6
59156.5
61471.4
86822.5
53115
65643.1
61210.5
52298.6
93156.5
59448.8
62251
64806.6
43840
73795.1
49098.5
74783.5
59450
52592
48532.6
67719
43850.6
64422.2
76495
75120
55138.9
52316.6
30925
45852.6
62448.1
67262.6
51250.6
30555.9
26709.3
36792
53940.2
75261.4
62452.9
48958.6
50597.4
48495
43543.2
54458.9
59398.9
45704.2
74135.2
30373.1
56938.9
45708.6
74988.1
19400.6
52351.8
47918.2
34259.4
53853.2
75297.2
50907
38883.6
37776.4
51391.2
30755.7
50634.2
50989.9
59120.2
61211.1
61230.8
39189.8
65213.5
34718.6
35289.8
61513.3
55840.1
42156.5
46015.9
26475.2
60675.6
39301.8
31999
44403.2
64352.6
62439.9
39552.3
51940.5
68129.6
35849.4
54593
38887.6
45171.3
41722.7
34798.5
61851.9
41514.2
44376.2
54762.2
41842.6
38416.8
49725.5
68516.9
41203
32389
46690.2
53359.1
56746.1
36703
55742.4
52128.2
34287.5
53874.6
72774.6
55065.6
37197.1
30526.1
37971.9
46442.7
55845.4
61294.5
74271.6
52728.2
41568.8
59282.2
83941.6
55712.4
36669.7
52907.7
71839.4
61035.7
47019.4
48113.1
65899.8
27948.3
69615.4
64199.2
74790.2
46108
39031
47885.8
63590.8
84131.8
25928.7
64114.8
56110.3
49155.5
47825.6
51723.7
59045.8
50092.3
76001.4
91139.3
41463
51913.4
57142.2
44653.5
48359.2
53063.7
58137.6
63441
48076.6
52381.7
40735.1
53483.6
34412.6
63361
55409.9
61173.4
51313.9
41978.2
48533.4
44501.4
85836.6
45886
66368.6
53111.5
44641.2
35925
66716.5
43378.6
41343.5
35215.8
66127.4
39931
36455.6
33847.4
27600.4
82031.7
55294.1
43489.4
48117.3
43466.8
48107.7
77858.6
38088.1
44269.5
59239
70681.7
47528.5
69305.2
43436.9
46944.9
48713.1
31573.7
68419.6
55589.4
63962.5
54909.5
54489.1
52636.2
76408.2
42033.5
45664.6
56894.2
63243
46744.6
53307
86098.5
57174.7
38713
51197.9
31549.8
36074.2
34372.6
77992.3
61851
48732.4
80321.9
52301.5
46527.5
71086.8
66200.7
40858.5
52737.4
61169
49738.8
50636
38981.8
45149.4
66890.3
38287
47599.8
66818.1
45962.1
49288
52914.6
60148.7
24190.6
39867.8
48406.3
30164.2
27591.4
48901.3
29161.4
46472.2
53753
47230.2
31261.4
32899.6
44180.8
39397.4
48092.8
46530.2
40122.9
36628.3
26644.3
50793.4
47280.4
58305.2
67123.8
57516.3
38878.9
46808.7
56215
54353.9
39173.8
79557.8
48372.6
41267.4
46517.3
56509.4
50253.9
56138.7
38830.2
84288.8
60245.6
53369
51630.8
44128.8
41427.2
65543.8
72637.4
69754.6
71485.2
46779.6
54640.4
58010.5
65511.2
57900.2
56163
60511.9
55848
58321
50186.9
66057
66029.7
51777.8
42257.5
62374.1
53701.4
55289.4
77965
42186.2
70680.6
50820.5
77001
42321.5
43571.3
68692.1
89924.2
43250.6
75215.3
44896.6
49688
52489.1
61226.7
63354.6
48740.2
29717
54363.2
61319.6
68521.8
52678.4
47692.3
86625.8
43733.1
58783.8
39077.6
36305.1
71776.6
36559.5
49788.8
47189.4
82720.4
58348.4
54396
44575.4
58197
43197
29639.8
47481.7
85019
53667.4
79573.8
41777.2
71691.6
73923
56353.6
42867
48912.2
38729.7
61960.6
59348.2
64298.2
49452.9
70430.6
62715.1
59971.3
49787.2
42260.1
58945.5
53233.8
60763.4
40032.9
55458.6
44878.6
40163.1
51755.1
55181.7
58835.2
38678.3
53587.3
42979.4
62485.7
50292.3
70005.4
47208.6
56352.6
53864.6
48546.5
44813.8
31888.9
72772.7
36195.8
40337.4
39247.1
34293.5
50785.9
49609.4
66451.4
39492
56746
65767.7
69522.7
59075.8
65331.8
58460.4
50961.2
54771.9
52168.2
47564.4
66729.6
33705.4
94136.4
43291.9
55991.2
52430.9
56217.8
66957.9
30614.5
84031.9
39183
79994.7
62554.4
69889.8
43759.3
40988.4
57029.3
45086.6
52950.2
48822.6
55081.2
55863.5
38873.8
48160.1
78555.6
64908.9
51051.3
47046.2
55287.7
59566.6
44466.2
47994.5
75296.5
75035.3
74200
48345.7
38282.9
48998.2
51348.6
46173
47558.9
46951
40862.2
32832.3
107139
51881.4
63859
39456.1
29990.1
67054.9
31985.9
58746.1
51755.4
46377.2
41553.4
46143.4
43733.7
42409.9
44187.8
77857.8
68506.4
37508.3
60389.1
58272.6
66792.1
58309.1
85004.2
52869.2
59836.2
52980.4
62483.9
42571
88942.6
61203
48529.6
68751.3
48853.7
57176.6
41559.6
61983.5
59670.6
53033.4
61172.8
62601.6
60650.9
56151.8
41700.4
56838.1
52046.8
54864.6
39760.2
46311.5
57561.2
63177.8
51668.6
42613.3
56675.2
65708.4
43330.7
62177.9
36312.6
54292.9
70185.5
62149.4
53414.4
48580
52930.8
51483.8
38823.8
50291.4
37454.2
43481.6
47051.3
49274.6
64606.2
41634.2
53153
50528.6
47073.7
63226.1
75220.6
44119.8
62282.4
82632
52108.2
49783
62574.6
61218
70939.4
63851.1
35864.5
34172.7
50091.8
60144.6
63811.1
48007.4
44103.7
42881.2
66848.7
56373.4
49218.5
64233.6
50081.6
33404.2
35479.9
45227.4
33557
62470.4
55300.7
63596.9
42256.3
56117.4
44453.4
45609
45570.6
53303.3
59715.8
36140.1
54116.9
80997
59967.7
34730.3
25460.6
46450.4
58859.3
48061.9
49246.6
53448.7
35665.1
59023.7
64009.4
74828.1
71590.8
63426.8
36552.9
35893.8
50252.4
46738.4
42525.8
73912.6
51398.7
83868
47762.2
51048.2
53182.4
53291
58576.3
79783.4
53320.6
46366
40155.9
54212.1
73958.2
64020.2
76503.8
43696.6
56133.7
46651.1
46761.6
58184.5
74666.6
32882.6
44916.3
40775.5
49782.6
55594.5
52633.1
27982.6
48034.6
55518.6
73939.5
38519.4
34249.4
46635.4
32440.6
46025.5
40707.1
39657
64576.4
48370.5
58365.4
56503.8
36009.1
31365
45190.2
67066.6
73784.2
54685
60698.1
44664.2
55029.7
56018.9
33028.8
35700.9
59645.7
50552.6
26809.2
34030.7
32933.7
65305.8
66744.8
50188.9
27247
42393.7
59885.9
51435.4
35914.4
56808.1
52987.5
35331.4
46680.2
63153.4
34364
39371.2
44779.4
51162.6
56278.3
32489.4
52795.7
49142
31216.9
55928
54685
35950.8
32890.6
41034.4
45300.8
37957.8
52057.7
47148.4
39394.9
34898.4
48587.3
51252.9
42884.2
39979.4
24808.7
55546.5
27839.7
47602.6
44871.1
41819.4
44142.1
50848.5
38122.9
34136.3
48603
48139.5
43191.3
42020.6
37996.3
62618.2
40197.6
30739.3
41973.4
50047.4
26847
52877.2
51497
77240.3
52383.8
49502.7
32875.8
58266.9
70650.7
78809.4
33897.9
52303.4
48175.3
76341.7
59277.2
36770.9
64794
72905.8
69730.8
45328
34471.4
44144.8
63286.4
69152.5
70477.1
45736.9
37315.8
37905.4
39510.2
40898.2
48799.1
40479.2
35523.7
55119.8
50914.4
37451.5
51402.5
37282.2
67557.1
56671.1
45230.6
42851
33817.8
56941.3
91776.6
65930.6
46959.9
46797.3
75146.2
85007
56871.6
73846
47786
41550.6
52911.4
47047
41027.3
44157
40028.1
68062.3
32404
46412.6
57114.2
45311.7
91303.1
40101.8
65270
47875.8
55321.2
39177.2
50788.9
56133.8
61781.5
47493
73793.7
54853.5
39342.1
71050.3
52589.8
63270.3
46312.6
38704.8
42605
35741.2
40887.8
50930.6
64208.2
56962.5
69806.6
86483.4
46490.8
67798.9
52767.4
62191.3
32447.6
48152.7
79868.1
38670.6
79459.8
33199.9
72722.2
64863.4
51697.6
30690.6
58543.2
58247
38411.8
49606.5
73742.6
44252.6
41794.5
38990.6
42915.9
53449.2
55274.6
65524.4
50610.4
61851.5
41816.3
54335.3
57108.2
52342.8
64976.8
43044.4
45754.8
47894.5
59143
65636.8
51791
78745.5
43951.3
65627.8
50312.2
36544.1
49302.4
95277.9
44798.4
53842.7
47464.6
64974.7
38448.2
35793.2
61406.2
64594
58226.3
40882.7
66997.5
47232
64708.5
43771.1
55297.6
46036.2
43087.6
59323.2
45144.6
63580.4
48362.4
40072
49899.2
52474.9
46525.3
42114.6
47908.9
71474.2
61109
60707.3
46283
54875.1
47125.8
54938.7
57849.4
22804.4
70029
77213.8
43261.1
90148.8
54016.8
29084.2
52010.4
43156.5
55742.1
47059.3
84311.8
64162.6
45434.9
49184.9
56381.1
64713.3
86374.8
38252.6
56545.9
32147.1
39342.7
49383
50140.2
66107
42203.6
75696.5
32855.6
42849.8
57197
70919.8
58283.8
49825.3
35220.1
53369.5
53848.8
59942.9
81026
36209.1
34993.5
51200.9
46496.7
50690.2
64849.4
71311.6
42231.8
34245
51303.3
27416.6
67609.9
54974.5
82066.4
52297.1
37745.8
42704.2
45176.2
59615.1
53060.2
49613.8
59140.6
32160
40867.9
69985.6
39476.6
40640.3
42588.1
68788.2
35180.2
51332.2
45934.6
48290.6
44317.2
48973
43575
55562.3
41860.2
42768.3
68247.1
42569.9
65757.5
51103.3
56379.5
57754.4
46871
42730.9
53017.6
30419.1
69949.5
53991.8
40321.4
32668.5
46729
43961.6
54497.8
26702.2
47120.5
40154.3
45097.4
34544.6
53003.4
44918.6
56996.3
35128.2
50097.6
40471.1
51089.9
92126.1
54803.6
61085.4
39476.2
35698.7
54728.7
45400
31612.9
44486.6
84777.5
56887.6
36354.6
54368.4
38921.4
43240.5
40581.7
30685.6
52809.7
31436
29505.2
70919.8
20496.2
32675.6
71716.6
41276.6
73560.1
58250.6
56616.2
39424.6
54417.6
35029.8
64876.6
80967.2
25914.6
27286.5
32403.9
65125.6
60195.1
65092.2
58228.1
74555.8
38226.5
57971.6
64927.4
60452.4
58007
54769.9
65571
62274.3
56408.5
67273.5
40328.8
79557
54052.2
54747.8
62435.5
46640.5
32997
53957.7
58224
69569.3
70607.4
70309.1
51744.2
49417.8
48680.5
46681.4
61516.9
57869
51712.4
39300.7
72834.2
55649
91476.8
52116.6
59123.4
42995.3
67027
56703.5
74604.6
61670.5
82162.2
48466.9
39935.8
41229.2
57035.6
32827.4
47849.4
58738.5
65462.2
41482.6
46942.2
46820.8
50253.9
45852.3
65077.4
61145.2
50352
30072.1
46711.8
37566.8
35423.6
42510.2
49890.7
58477.6
33633.5
35903.6
61790.6
49955.9
85139.1
38442.9
41190.2
46882.6
70825.9
33242.2
50657.6
52710.8
43067.5
50075.5
63273.4
51825.2
52757.7
39770.6
47954.4
44057
48432
50714
53152.2
61647
40689.2
29325.6
47444.4
55731
46124.8
46223.3
43910.4
64227.1
50436.4
56591.8
43722.1
49136.9
56012.5
43906.6
52847.3
64249
46593
55423.2
32004.9
54225
50660.4
61489
58105.1
43261.4
24717
41004.2
37011.4
52024.4
51369.2
45945.4
52885.7
69588.5
71623.8
67883.3
55269.8
29989.8
50679.8
61064.2
54588.1
41046.9
60756.1
64443.6
46296.6
58812.6
51683.2
71441
62305
43376.7
73270.8
38084.4
59779.8
63697
61690.6
40590.8
34525.4
44240.2
34859.2
62445.4
50576.6
35969.7
51560.6
34688.5
43402.6
62548.7
33523.5
54786.1
39631.9
37381.2
35953.8
34434.1
32461.9
29372
29338.1
38551.7
50087.4
45327.5
23221.6
55977.1
30992.8
38225.1
46563
34225
29815.4
34179.4
42136.7
20378.2
51623
67346.5
47307.4
35510.1
21180.4
31038.8
39558.1
47064.3
50790.7
41682.3
55541.8
60599.5
50031.6
60329.5
23251.6
50576.9
41061.6
74045.3
71701.6
60610.6
79747.6
65287.9
44487.7
63156.8
49424.6
47870.1
66075.6
51917.8
60999
34135.6
28235.1
41608.4
44874.6
46935.3
60631.8
50711
44248.1
54805
57610.9
73833.1
43309.2
35408.2
51941.2
47490.6
34539
55572.6
62036.8
63342.3
33084.6
54150.3
47372.6
53570.1
73318.7
51790.3
53329.8
42734.8
70447.2
50624.6
51834.2
40045.3
50928.5
58621.4
47575.5
73210.2
25759.4
50504.2
43337.3
35693.8
52599.9
64412.8
45503.4
44032.7
52009.2
49261.7
41557.3
55162.8
66492.9
67615.1
48442.7
53341.5
39813
59669
46287.8
68309.4
48976
29958.9
56947.8
56038.2
59751.7
60428.9
46706.8
31909.2
51929.2
45096.2
49982.6
39647
63156.8
37738.9
72938.2
75280.7
46207
53958.5
77773.5
33114.9
46923.5
55770.7
48090.4
77401.8
51473.8
62625.7
56645.1
41784.8
80172.7
44361
52608.6
47243.1
66411.4
53568.4
33376.9
54867.4
37229.8
68141.2
36192.7
56232.1
55414.4
46730.8
37061.8
34384.5
44279.5
29492.1
43044.1
56526.4
53559.3
76317.6
69788.2
42924
60378.8
35086.5
54368
55360
88355.2
48580.1
71446.8
53299.7
44870.4
43558.2
56313.8
37329.4
51560.6
69528.4
48751
66916.2
46178.4
72807.8
57533.5
38068.1
51065.9
70233.5
56795.6
48890
44436.3
64198.7
71645.8
49056.2
44514.4
68836.8
58755
62411
56521.2
74143.8
39744
57615.4
31186.5
54873.5
55908.4
44019.9
83786.3
46604.2
60193.8
37276.2
32561.1
30425.8
74396.6
53839.4
35932.5
71045.9
60198.1
38909
67101.7
76767.2
56499.6
35684.6
64482.6
46451
46905.4
43179.8
53208.5
39865.4
59665
36172.4
44326.3
61777.6
38802.6
69278.3
44754.1
52452.1
45779.4
40585.4
43892
58131
30465.8
68621.8
52054.1
59459.4
32730.6
64031.3
51348
34192
35405.6
27447
41880.6
45973.4
72999
56524.6
46492.4
57517.6
41505.5
37761.7
50294.1
50245.8
54166.3
70112.5
51796.6
45414.7
33813.6
60900.6
62268
63689
44948.2
27120.5
39832
40510.5
54478.2
44241.5
68227.5
52183.6
52365.4
38161.4
49396.1
37405.5
60430.9
33756.5
36986
54350.5
54049.4
41309.6
30585.2
58084.3
53618.4
29892.9
40153
68881.5
58046.2
45557.7
63997.2
46385.5
41690.1
46300.2
71497.5
52028.6
54055.6
63611.8
58446.9
65446.2
30286.9
51038.6
61299
57593.8
71671.5
57726.6
65692.1
64572.2
56316.9
36685.5
40541.1
41977.2
44111
57175
50640.6
45178.8
68092.4
41486.8
33886.5
39756.6
81473.7
101979
54798.4
38485.7
45035
62296.7
41444.1
53690.4
60546.8
63871.1
52225.1
49116.1
47015.2
58000.6
34936.9
61194.2
42031.5
76242.2
47901.8
78411
56244.6
57653.6
63819.3
38812.1
59774.4
49167.4
62479.5
50526.4
94110.7
52591.4
65513.3
73211.3
66679
67909.1
51915.4
41185.4
51383.3
50595.3
68735.2
52448.7
72444.6
62873.4
53699.6
97195.1
51277
75502.9
65903.6
63126.8
47319.9
57140.6
59740.2
39332.3
67215.9
74502.7
63421
84294.5
49053.3
55969.2
38821
58059.7
62828.8
49440.2
72453.3
41286
55093.1
41480.4
55314.9
65011
47696.2
54936.8
96566.8
48068.8
74129.3
39972.4
62639.7
46112.6
62181.8
51381.4
37132.2
60034.6
40055.5
63525.8
72936.7
43644.2
68766
44327.9
47649.4
84080.4
57361
65964.5
28609.4
53083.9
70665.4
43769
55417
42498.7
73459.4
55216.8
45124.4
30149.1
37289.8
59241.4
34929.1
31671.4
61925.8
74900.4
32907.7
42707.8
46340.7
35952.9
37621.8
65045.6
72783.8
42058.8
67737.8
36891.8
38288.8
58824.1
32437.2
48623.7
63947.7
66955.6
64688.3
78683.1
60634.6
62902.4
49848.7
57871
54953.4
52467.4
44480.4
48191
67685
45480.5
71741
27487.5
74058.9
54250.2
50230.7
69845.7
49823.4
50394.6
54085.3
64891.5
49195.8
30084.6
45289.4
56827.6
33889.1
59972.6
51947.8
77075.2
46055.4
58249.3
54707.8
53380.2
58033.6
36756.1
45536.5
67614.9
39779.5
40536.2
93043
40305.3
55526.3
47414.2
22723.5
41159.5
51613.6
52954.2
43954.1
37956.5
36820
39445
26600.8
39011
39451.8
29765.5
56854.8
78610.6
41722.6
23290.1
50877.8
67332.1
41280.6
100892
49964.9
38855.8
41130.8
34496.9
43129.2
33585.8
64673.8
34287.8
47829.8
82717.2
36863.4
83132.6
47533.5
44323.9
45208
38968.6
41133.2
39659
55377.4
42426.2
48141.9
30262.5
43522.7
28536.3
28284.6
36910.3
41803.8
43665.4
51216.5
49380.6
37246.1
48577.2
39980.7
37342.8
57568.4
60521.3
46360.8
35103.8
33937.4
44911.8
45321
31870
55537.3
60679.4
51871.3
56635
50183
28785.4
44123.1
47904.2
45563.3
57992.1
55491.2
51270.6
62658.6
53657
25004.2
62265.9
57382.1
29211.4
40423.1
23373.2
51716.1
56970.5
30644.2
49875.4
49449.3
48732.2
31524.4
53958.6
73647.8
40939.7
71637.8
25570.9
42229.3
66218
64657.6
32442.7
46968.7
72183.6
58280
49895.1
55449.8
35344.6
28681.5
54257.8
29555.1
44984.2
56050.2
60779.2
64597.6
70862.1
58621.3
31930.9
68650.7
44774.3
51223.4
38369.9
55541.8
60291.9
39230.4
28228.9
49301.4
66742.4
40487.4
43270.3
28073.3
40992.7
60140
42650.6
58096.1
25777.3
46358.5
36998.8
39411.4
34286.2
67905.4
74068.8
63227.9
58436.7
65489
38954.6
93731.7
65639
43650.1
36566.4
54369.1
62490.6
49254.5
40115.5
49577.9
26418.1
47935.3
46183.4
80752.6
56699.4
38329.8
33599.1
45482.5
31528.2
59628.7
34392.6
41534.1
40002.3
42497.5
36119.6
58441.9
53048.1
43505
33216.4
54217
38166.4
58844.2
53526.4
27799.1
71914.5
45784.7
63896.5
63632
71718.7
89044
59219
61617.9
52366.7
50408
57163.6
42056.3
53441.8
58988
51157.3
82281.6
75093.6
51534.6
60783.8
45634.9
52284.1
54565.1
59916.7
58114.9
30847.8
39087.5
48982.5
59854.7
38839.9
38110.2
40636
48856
50880.1
54606.2
31674.5
45879.9
29820.1
60606.9
54342.2
53488.7
36495.5
44323.7
53916.8
42555
45868.6
57002.4
53433.9
50182.6
67492.6
48735.3
69873.6
69114.2
34853.6
48231.4
39857.3
36599.3
34201.1
43694.3
44889.2
51455
69954.7
32060.6
46996.3
69439.8
38898.4
50062.2
55115.2
56817
56560.1
56543.6
39007.5
42198.6
46977.2
55887.9
52239.4
47915.2
81839.4
49583.3
49163.2
49883.8
42226.7
48600.4
47450
38654.8
63487.5
44809.5
42378
59261.9
53898.6
54937.3
50050.2
51392.1
45084.2
41924.4
48289
35726.4
42050.2
61803.1
36447.4
36401.2
84437.3
51038.8
63871
62622.7
41791
51600
58430.8
68388.4
26896.6
59518.6
71948.8
58992.4
84325
64136.1
65596.9
96167.4
56039.6
47750.8
71781.4
55850.6
29090.1
66360.8
55074.6
46159.4
48562.1
83135.9
45506.3
56596.2
46363.7
37190
65311.5
76561.8
40521
79040.1
83353.8
57951.8
46058.8
56154.1
49892.9
56789
75468.6
56709
69153.8
62982.9
60570.5
72543.7
60459.3
63200.8
64272.2
54016.3
48684
43648.6
32511.4
28261.9
82179.1
81041.8
63642
48926.6
36375.6
66055.4
51223.7
78743.2
44856.1
48340.6
41850
53541.4
30033
64828.9
62046.6
43675.8
37703.4
69594.4
52031.3
55080.1
72039.8
68360.7
54034.8
59042
42265.8
51646.3
61732.6
55452.1
53998.4
45610.6
53581.5
52390.6
80279.9
42649
40844.5
79883.5
58514.8
56853.4
45802.3
49330.6
76702.4
51735.2
53780.2
47675.6
35775.7
58963.1
53713
36797.5
64117
62366.7
56536
50796.7
67675.5
43925.8
52823.5
55517.4
66730.8
54204.6
52726.5
44538.5
73975.8
41488
54692.2
51677.4
53349.4
59913.2
49699.4
53455.4
60414.4
53807.2
42267.4
43062.6
35378.3
53853.3
46403.9
64851.1
37054.8
38712.7
59737.8
42924.6
54965.3
51472.5
47895.3
61681.8
50587.8
48637.1
57881.3
48569.8
29838.3
78199
78064.1
40134.6
42868.9
45822.2
47171.1
39963.7
64802.1
53693.9
53493.7
51243.4
44545.5
69131.4
40613.1
51568.4
72976.2
61753.5
47539.9
45023.6
75063.8
44340.1
40837.7
82732.4
48630.1
51010.9
62086.2
38949.3
69328.2
77898.2
43289.4
118408
45886.2
58045.4
73557.7
49916.9
44753.8
42382.9
49408.6
57624.1
51797.4
59646.2
75947.6
26361.3
44241.8
47814.4
33771.7
72988.1
69776.6
34165.9
71317.4
55508
87569.2
52819.8
87097.6
52995.1
58856.8
41535.8
41443
72444.6
44272.2
77583.4
57356.9
43126.8
48797
53316.2
48702.2
55524.6
87638.9
50483
40133.3
47766.1
53854.4
53807.1
74008.6
48002.5
65870.1
44076.4
60085.7
34799.7
54096.2
74217.4
51002.2
49136.3
55571.9
43542.2
60343.4
53533.8
57347.1
55246.3
41503.1
50432.6
57568.6
53571.9
59397.2
53046.8
43793.4
33319.6
61701.2
44661.6
70617.4
61447.2
53089.4
30071.8
73150.5
87932.2
44038.7
45120.2
36674.6
39385.1
46027.8
46924.4
56829.6
47785
40160.9
82375.2
36506.1
37278
66218.2
61406.6
38839.3
41544
38423.4
54530.6
54758
72766.6
72017.5
33279.2
67894.8
46899
78769.4
42948.6
47696.9
63271
64310.8
47325.6
39489.7
57810.2
32847.4
67623.6
44195.4
49565.2
56483.8
48199.2
38775.7
55913.9
72019.5
77317.5
54687.8
48284.4
73879.2
37958.7
38660.8
52689.4
46622.9
35492.9
45238.6
61881.3
51183.8
62706.7
61684.6
45235.6
42996.7
42102.6
78552.1
57156.9
32414.6
42675.1
36755.4
86714.7
54416.8
41595.4
94327.6
59421.6
61105.5
43410.8
43471.8
37073.8
40885.8
40650.2
43726.1
77535.8
36900.1
81065.7
63658.9
49758
63247.8
70197.7
79754.5
47210.1
73393.8
40637.9
44276.9
26490.4
69944.3
64142.2
67115.9
36116.2
99088.6
72450.8
60684.8
49983.6
56165.1
62225.1
59598.2
69522.6
85321.4
29185.8
74220.4
52591.2
46826.5
46417
35022.8
49813
58621.8
41937.1
39977
38053.5
66529.4
49324.8
47492.8
34680.6
51240.1
48809.9
44850.6
35316.2
37991.1
55885.9
39776.1
36903.6
67613.5
38563.9
72905.7
51934.7
72489.9
24959.7
50518
62365.5
55541
23835.9
38021.4
48436.9
47027.3
52600.2
66953
50223.6
54308.5
57688.2
42789.8
35239.8
33147
51838.9
50661.7
45056.7
75246.8
41981.9
56619.8
47779.6
53975.1
51756.4
34933.7
37637.8
44456.2
46377
37510.4
28415.4
79700.7
32925.1
55446.1
41851
47570.8
49628.4
32836.2
51603.5
35390.9
98386.8
66111.1
72412.2
38633.4
43258.5
56185.5
36650.3
51988.8
37590.2
67809.4
67325.8
49791
49592.2
54923.6
79296.6
64446.6
105671
32460.1
60056.5
27733.7
49199
55885.4
43893
53845.8
52193.4
36928.4
40321.8
82792
39785.9
66482.5
40862.7
84725.4
36654.4
39229.2
48942
55950.5
34861.4
46223.2
68164.2
33924.6
61452.3
40560.5
61118.9
34050
42917.1
39806.7
37129.9
56924.1
49688.5
55480.8
42194.9
53509.7
57477.3
52175.8
48321.8
39561.8
56844.2
64936.9
49426.3
42820.2
33305.2
30983
43708.2
76071.8
58406.7
43088.7
45514.2
51783.6
46793.2
44292.3
50095.8
51970.6
38986.6
42522.9
39889
54649
33994.4
48362.2
64974.4
31988.6
54818.9
59775.5
46906.2
68497.4
33097.9
47018.3
44114.6
32379.8
38236.6
68288.9
28532.6
45607
29846.7
47029.5
40748.1
37451.8
68844.2
35931.5
58069.8
46810.4
79996.6
45432.2
38935
35572.6
65712
46731.6
55428.6
39637.2
43608.2
33118.5
74436.4
74644.6
71872.8
70858.7
42019.2
45907.4
47626
83969.1
36769.4
31410.6
52327.2
33039.6
36529.6
57081.6
60023.8
53898.1
37758.6
38084.7
43666.2
33259.1
37720.7
25741.9
34175.4
36061
37895
75975.6
33575.1
44527.4
57156
37404.9
57981.3
47999.9
35234.2
52967.4
61696.7
45001.3
45823.2
45341.5
61315.4
45927.5
55880.2
40249
28690.3
79246
56012.2
43283.1
81040.9
31546.8
32955.3
40972.1
53238.6
55890.3
34212
59090.2
46614.6
40243.8
46209.9
66678.2
36540.8
38837.6
33444.7
31939.8
69291.1
45674.9
50221.4
48162.8
36921.8
52744.6
69391.2
32076.6
53576.8
46758.5
31490.3
44383.4
47738.2
47075.9
62786.8
68118.8
47829.4
52801.1
43855.7
38405.5
61687.9
67163.5
51506.7
34733
30454.5
37702.2
52682.6
68421
45050.5
66127.4
54249.7
27715.9
49348.3
65650.6
57320
50495.8
39151.8
75473.7
50699.8
52434.7
58390.7
52781.4
67270.2
64491.5
56428.1
66910.4
54066.1
71718.7
69787
41231.4
41129
32812.9
58658.9
52545.7
67433.4
42936.6
42047.8
66627.1
57774.5
53657.3
47855.8
55558
44707
39741.6
44404.9
63490.2
86474.1
50072
27021
67846.5
51287.6
47275
49870.2
37829.1
67587.4
58036.6
55985.5
47179.1
58928.6
54142.2
67933.6
62310
44680
65599.4
52334.9
56950.6
53939.4
55693.8
93653.2
54434.2
60847.3
43916.5
65837.8
57987.3
53557.5
58906.1
43009.6
48015.9
57736.8
46317.9
46483.9
53444.1
43892.9
66508.2
56089.3
74226.6
45116.6
28468.2
34373.6
36210.4
69631.1
58859.9
54010
47175.2
50134.8
46041
56246.9
32327.5
46731.4
58082.5
36210.5
43644.1
50480.6
51606.6
56935.5
49374.1
47694.2
61382.1
59764.6
60173.5
41408.1
35162
48438.8
55469.8
38212.7
47455.4
46827.4
31561.8
40157.8
56576.5
41879
51263
42495.8
58970.4
46537.8
64437.4
85560.3
55381.2
75744.1
24297.2
52600.7
62984.3
89459.1
45884.4
84411
27228.4
33964.4
44002.7
35025.6
78143.3
63176.3
38773.5
65141.3
49431.8
71782.9
53332
38837.2
48055.3
48252.6
59671.7
64398.2
82221
66062.7
51566.2
37845.4
50902.1
56480.5
53557
38535.1
44447.5
37374.5
35368
47029.4
47191.9
36542.8
31379.2
76596.6
43977.2
51336.1
36170.2
70109.2
32786.1
55748.2
49888.4
60832.3
72958.5
66118.4
44828
77258.6
43689.9
59877.1
86594.1
67676
68876.4
44345.4
66548
39128.4
44141.8
48330.3
48161
53679.6
54361.8
24544.2
56679.7
71197.8
52266
51264.9
46593.2
54968.5
33895.3
38946.6
53619.3
37479.1
49910.6
55587
66425.4
46485.9
23043
37565.2
49088.8
42428.6
56273.9
69458.2
56006.7
57815.8
31026.9
88955
34375.5
48418.8
36558
42293.1
73955.8
44745.4
36226.1
50831.4
49874.9
48373.8
63915.9
42565.2
28822.8
71273.5
58401.4
34733.4
52546.8
42234.3
33863.4
35205.2
51081.5
51525.9
55188.6
58154.4
52655
37895.6
40848.9
45946
51285
33923.9
56818.6
35849.4
46583.5
53061.5
70909.7
54334.4
45957.4
38994.1
40014.6
43413
53172.6
58013
52537.6
70132.3
51610.7
46567.9
41962.8
71794.3
61280.5
53565.9
30778.2
65683
35124.9
54203.3
40464.6
34938.3
68526.1
64962.6
60263.8
57020.2
46107.4
46948.6
72286.3
55912.8
56164.2
46440.4
79942.1
60854.6
64884.1
43932.4
41687.1
44328.3
52104.2
60389.3
62833.3
58118.8
53409.5
68665.2
75807.2
69686.2
47036.6
64912.4
60083
46839
63299.3
66208.2
41406.8
50113.4
62638
53742.9
50213.4
40415.4
71035
78859.4
54564.6
49799
55792.6
33065.2
56552.3
52304.2
42096.6
38388.5
53941
31350.2
41022.5
42919
98860.4
41653.8
52905.6
38039.1
40174.4
39316.1
58389.2
66768.7
61195.7
44390.8
58091
82638.1
38275.2
51617.3
74045.4
42875
41786.9
34743.7
33328.5
50023.6
50430.9
34321.8
54944.2
55641.2
53581
48653.7
56159
51245.5
41614.3
38299
35837.8
29251.6
47355.3
42870.9
58001.4
38790.1
68533.7
30139.4
43148.7
58146.9
49925
92107.7
59651.4
41340.2
36040.4
67175.2
40357.8
30958.6
63144.4
43147.1
43681.4
61873.7
29106.8
64288.1
47635.8
45892.8
52841.2
40508.9
62388.3
60351
38644.4
39586.1
33643.4
38520.8
71685.1
35588.4
50479.8
46426.3
51865.2
40978.7
38200.6
26365.5
50260.6
61084.4
32883.2
30777.6
62916.6
19373
37818.7
38758.1
40111.9
59984.1
47372.6
34157.8
38967.8
36369
57772.3
55027.9
39464.3
58275
42836
43320
48247.8
47799.4
31899.8
39163
48135.2
68336.5
48733.1
44548.5
55029.3
43159.4
35299.4
35677.1
63557.8
43926.7
59720.6
41278.3
60551.1
42367.6
35329
26859.4
48575
44340.6
79488.1
49239.3
56476.9
71795.3
58088.6
38422.6
84398.6
61083.5
40362.8
30472.8
61731.5
87127.1
52311.2
85592
38157.8
54972.6
29863
61343.9
53098.6
61369
101037
61765.4
42969.7
58729.9
110540
68926.2
74333.8
50047.1
57169.1
64286.1
53606.3
72391.7
64170.2
68697.9
57673.1
89665.3
62217.4
39312.2
59818
49159.8
52465.8
52244.2
100906
52690
70833
66441.2
54848.2
74838.1
34576.2
31329.1
76199.8
91436.4
77393.5
71751.3
77945.1
57949.5
64041.8
59739.8
48073.8
59069.4
70233
38821.4
85378.7
34171.8
63863.2
63216.7
38385
94661.8
92371
35595.4
40775.6
64525.2
74672.4
32172.7
73278.8
45339.8
53076.3
54393.4
49864.3
48274.4
77887.6
53011.6
63660
41429.1
49525.4
55449.4
70152.2
58137
74130.4
39663.1
34028.7
40549.1
110718
94714.8
61699.6
71978.3
46078.6
68410.8
41102.9
42129.8
71116.7
41328.1
70506.2
76341.7
82089.8
64373.8
53882.9
38357.8
48935.1
49121.9
61266.9
36664.6
59581
48653
62956.2
57912.8
57689.1
44211
78526.4
71845.2
53820.4
44061.4
43175.8
42505.6
63443.4
58702.5
46983.2
63870.6
32051.3
59735
72794
65257.2
55300.2
38370.9
56789.8
75933.2
57341
80092.6
57966.2
42609.1
48182.8
57001.3
50377.9
26493.8
32810.4
62254.1
43268.9
40445.4
72412.3
43164.9
56769.4
40663.8
39288.9
44330.9
46851.6
44579.4
60071
35670.6
62480.6
72762.2
25435.1
39753.6
50589.3
62499.5
72071
41233.8
49507.6
56497.1
49183.4
43112.5
61123
51530
44780.6
58382.6
38031.6
102055
52455.1
44609.2
59608.7
43102.5
53399
45635.8
67352.2
33832
49451
35926.6
46450.6
55353.9
32292.6
77381
39646.8
60139.4
47721.5
33319.6
50482.2
64491
67577.1
55218.3
51656.9
63917.5
51159.4
43691.4
55363.4
54564.7
82156.9
65211.1
87627
59053.3
62006.9
36894.2
63151.5
57703.6
36030
28428.8
57866.3
80667
41801.9
58067.4
61266.6
61675.5
43649
68844.9
45371.3
52662.8
36539.4
47968.5
49545.4
52853.2
61763.6
59706.6
53314.8
51898.4
67578.8
52761.9
60625.8
31035.5
63434.8
63462.7
66883
70330.7
41462.2
40259.7
45915.6
48023.3
57888.6
54485.9
65295.3
44028.9
56375
64414.3
43098.9
60732.7
31520.2
58525.9
58107.4
57419.8
62250.1
53006.3
49351.9
31915
54243.4
59547.6
49113.8
51278.9
40218.7
36368.7
29077.5
59660.7
26066.1
70330.8
39200.8
23511.9
40271.9
39522.7
54107.2
50437.6
52561.5
43838.6
48097
45868.3
63528.9
38218.2
47972.5
40843.4
44068.7
32832.1
62284.1
81180.4
52537.2
74571.7
33061.6
39307.5
79334.5
36808.7
53437
57072.2
64960.4
71510.7
35078.2
72446.1
47894.6
43695.4
51529.4
69247.4
55005.8
35883.6
53151.8
70465.4
65852.4
51019.5
48158.4
45211.4
60082.7
48063.4
73440
39878.1
85537.4
49601.5
72554.2
46950.8
52326
83782.3
43492.3
54832
44527
51444.2
35194.5
48277.1
82146.8
77425.2
78229.6
62899.2
52540.6
61075
47628.1
71820
63990.3
56653.3
36642.7
39814.6
48999.2
47180.6
70531
70885.4
44464.1
26830.9
66531.6
50812.4
78373.8
39483
55876.6
54487.7
47501.8
54514.4
77780.4
54040.3
36265.7
70174.9
30394.4
43101
55176.3
50537.3
44431.1
65105.4
57986.7
51654
53421
54140.3
37490.7
64133.3
42852.6
56232.2
57154.4
44639
36628.2
40808.5
73518.2
48155.8
52460.4
59792.5
55926.1
65881.2
79924.5
88143.2
73090.6
59694.4
68343.1
47943.4
37946.8
71838.8
66868.4
53139.3
85890.1
50367.3
62820.3
63398.6
58342.2
67086.6
58528.9
39389.2
64927.9
55698.6
47715.8
57137.2
50819.5
35316.2
51275.3
70995.7
68565.2
53407.9
67142.3
43301.4
46424.1
47865
66315.4
53149
85634.2
80465
39434.5
73714.2
60167.7
44617.1
57814.5
41178.6
70907.4
64487
41807.8
46684.6
70577.4
44094.9
31465
47377.1
58738.2
30011.3
52206.4
60657.7
54640.6
34239.5
52686.3
41958.5
31841
59321
60136.2
50735.6
40217.3
49126.1
54888.2
69998
42803.4
43539
57324.1
71411.6
50902.4
46135.9
63118.6
54946.3
38295.6
38250.7
50071.2
52411.6
49869.4
62969.8
41523.4
54415.5
38470.7
46977.7
46640.8
41203.4
50169.1
48155
36620.5
61318.5
65168.7
34988.6
67054
67712.1
34131.7
67966.6
48719.6
33458.6
35096.6
51070.7
95270.8
66736.4
58183
51551.8
39231.8
68563.9
56072.1
56493.3
71837.7
58365.8
44607.8
73498
40995.3
78094.6
71118
39892.6
46447.8
78798.6
89845.4
88389.6
72050.3
61355.8
45247.9
46505.3
58484.5
70004.6
71997.8
64034.6
64203.4
63708.2
53908
86007.2
64782.5
73872.1
33985.8
80640.3
71004.6
82804.4
36930
127506
40265.8
54259.7
33243.1
62259.5
70758.8
38613
48817
40009.5
55792.2
63051.5
37169
59891.3
62086.3
45594
87186.8
29317.4
58128.8
82312.6
35915.8
37936.6
39938.2
72217.6
32246.4
41097.8
57373.4
72064.6
25247
51116.7
54911.8
38663.5
39303.8
74023.8
69792.1
26841.5
55301.9
73197.4
38673.2
25876.6
40678.2
37906.4
34069.3
40366.9
35246.3
59886.8
59940.3
49958.4
52487.2
50628.6
73021
35215.4
49214.8
40777.7
51972.8
60435
65148.1
36131.1
44013.6
60883.1
67935.7
42301.9
38226.9
27842.7
53518.2
79922.5
54666
57561.3
51993.4
49685.9
26182.7
32157
38978.3
70121.8
54967.4
59095
71744.9
33188.5
30498.2
52918.2
48299.7
57137.7
44047
49235.8
39257
33470.5
67289.9
52155.9
46866.6
40319.4
46727
42707.8
48449.8
61073.2
56386.1
50895.7
58050.6
66516.2
67475.8
55225
39036.2
48086.7
69315.2
62534.9
55093.8
64108.1
37922
55393.7
55170.6
66319.2
34227.8
72659
51557.9
40826.7
74196.9
74133.2
31166
81625.1
67137.8
71539.9
76563.3
39731
56963.8
48561.7
51754.3
69560.2
70447.1
44897.8
60390.6
62489.4
75106.6
56459
64325.4
58164.6
45566.2
77214.2
52660.6
71835.8
45594
49207.1
67043.1
50153.8
68262.7
48055.4
64292.7
72396.7
50038.1
76023.7
50181.7
38768.3
59138.5
53153.8
54285.3
69891.8
55867.9
62877.5
67105.7
38567.9
72701.1
50883.9
68371
63220.7
57499.2
44287.7
71982.3
59303.4
70651.2
91169
58280.3
35214
43624.3
36870.7
48832.1
52011.2
56177.6
54163
52891.8
49838
42413.4
57580.9
76363
51157.8
105499
50161.5
53254.2
39144
60720.2
67522.1
53995.9
73802.8
45650
40778.7
47123.2
76266.1
39197.1
81367.8
61246.3
35671
48863.5
66234.7
50034
58726.2
47944.6
52651
61583.6
41403
55089.4
72452.2
83148.6
56827.8
50266.3
48779.6
50095
62938.5
21529.2
46913.2
51788.3
41232.4
69811.8
68933.9
58020.2
61492.1
33768
53841.6
64287.4
83475
28402.2
40362.7
45176
49541.3
61227.3
35612.1
82327.4
45590.1
51447.7
29450.3
37733.8
49109
46238.3
52677.3
77747.4
39260.1
46398.6
60914.3
63971.4
72999.8
59376.6
47177.7
56252.5
43111.9
69272.5
65027.2
42658.6
65535.5
51198.1
55778.9
71969.5
48171.1
62227
42785.2
52361.6
51884.4
38821.7
78401.6
57133.7
51481.8
46921.6
50527.4
49195.4
51285.9
57837.8
52038.7
77510.2
61063
56198.4
47166.6
100908
44648.6
37902.8
39320.6
32074.9
43102.7
37652.9
53700.3
36173.4
77202.6
48502.7
32696.3
64246.2
55912.2
50979.4
29315
81196.6
50084
30242.9
33080.4
46316.7
35508.6
44765.8
57566
50435
54764
21309.3
55599.9
34882.3
52534.4
33301.7
45507.8
38267.5
42692.8
55660.9
45177.7
53522.7
46302.1
49814.7
55958.1
89653.8
62157.3
55415.4
66810.2
63149.5
61971.4
67387.9
43846.2
42750.9
70612.5
54673.2
32013.4
43763.6
38836.3
51211.8
29947.6
60131.7
50358.6
38395.2
37699.4
39262.4
36291.5
83473
62771
68305.3
46888.6
58119.8
70325.1
63322.5
39849.6
60301.2
26283
42787.7
60084.6
71111.2
74301.4
67437.3
50536.1
54291
59320.4
32970.4
38926.2
51716.7
56290.4
60245.1
65695.9
55353.8
71235.5
60215.4
47776.4
51962.7
44145.8
40024
48018.7
57658.2
43331.8
62036.2
50034.8
23710
38701
60592.7
52850.5
81751.6
63525.6
55607.4
71409.3
71159
33451.5
35641
37459
54201.8
62668.9
82248
51013.1
53742.2
43045.6
52667.8
60491.6
42639.5
59862.2
45437.4
69461.4
40650.6
45757.6
36314.5
49185
48422.1
27495.3
37124.6
68805.4
65231.1
43702.6
58320.2
60128.1
47854.5
45942.6
47399.5
43816.9
54968.6
56991.5
40559.6
76706.9
39175.5
72815.1
31029.4
53362
34721.8
48127.4
52055
55451.2
54840.4
91569.1
35535.8
41015.1
26541.7
62045.6
53744.2
38100.6
27682.3
56864.6
59575.3
82583.8
42735.8
33799
57556.9
32380.6
62187.2
66088.2
44516.6
56360.9
52004
60055
27315.1
81857.6
38139.8
61873
54677.1
23666.8
61055
49431.2
39531.6
41576.6
37369.2
69043.8
68375.8
70387.3
45536.9
50358.9
55457.9
41830
58290.8
80721.2
46417
56556.8
66988
47099.5
53223.8
39869
38504.7
40539.4
39320.2
41087.3
82255.2
58470.5
45437.8
40447.1
68640.3
34274.1
40472.9
36538.2
48983
60892.7
44788.6
58634.6
46029.7
51326.5
41099.2
42416.2
61781.4
58062.3
54814.5
59072.7
37916
40831.3
51214.4
50101
68041.4
79213
32826.2
49237.8
52700.4
53475.8
45896.2
52606.7
64710.2
52772
54037.5
57435.9
56387.5
70494.6
49042.8
86467.3
29486.7
53114.8
26877
40414.8
52953.6
56703.7
52140.2
85178.6
37270.2
54030.8
42593.5
42933
41832.5
51632.2
47809.2
50804.2
62199.7
66803.9
60694.1
55436.7
73519
61740.2
31648.2
50878
42183
49887.4
61126.7
71432.9
37871.2
54414.6
45234.4
34119.3
66758.2
71185.9
67093.4
36304.6
43721
51165.7
55093.9
46606.8
69509.8
42121.4
62289.9
49343.8
68774.8
35703.4
38256.9
59777.7
81588.1
39488.3
41002.5
59006.9
40681
54294.3
48609.3
62089
37519.9
57787.4
30815.4
76140.7
46038.2
67272.3
64921
59523.7
32311.8
65749.8
50907.6
51082.1
31852.6
60106.7
52915.3
57201
53600.3
63910.3
63262.7
32568.6
36002.2
35919.6
52372.9
53434.2
24116.4
42554.7
40860.5
39486.4
50746.7
67380.4
37095
32483.8
26541.7
49811.6
46951.4
42009.7
33179.3
24936.2
40288.4
42445.9
32231.7
49288
33108.9
36670.3
34217.7
47003.5
41346.7
33413.2
31570.5
34372.2
36519.7
40221.3
32035.4
35737.4
48027.9
17997.2
37233.9
49518.7
36882.8
37567.6
40242.7
46476.6
40482.4
27661.3
60946.5
67322.7
54291.4
42976.8
51425.9
32412.4
41187.8
41869.6
35192.2
44569
64297.4
53532.1
42673.2
38611
41096.9
63426.6
68977.7
36436.2
33307.1
44885.8
42302.6
35307.9
58290.7
56217.8
53911.8
31587.8
41325.8
32561.8
58659.2
49432.9
71754
57346.2
63862.8
67650
70052.4
37858.3
47848.5
43851.6
42968.3
35582.1
48565.6
46168.3
51944.3
42896.9
41655.8
50900.7
36205.8
45224.6
66643.4
68800.3
51618.9
41161.3
89574.8
55139.4
30159
39058.8
50959.6
43254
47889.3
35049.8
57327.8
40071.2
65921.5
29013
41883.7
45756.4
76730.6
62360.8
53173.4
32836.5
29239.8
67295
40257
56487
40485.8
45832.7
76718.6
33733
49223.3
52215
38547.4
49326.4
59170.2
55174.4
63044.5
26686.4
52819.5
39240.4
67754
33685
56689
59803.8
63149.7
43141.8
59145.7
30573.9
55105
40083.3
59487.2
40564
55978.7
43454.6
53079.7
57178.8
61858.8
48055
73414.8
77435.8
33517.1
63752.7
28810
39413
48223.5
69288.1
81797.8
43746.2
41999.1
43653.2
52540.1
87070.3
58064.4
31974.5
37326.2
34853.9
71283.8
32982.5
76693.7
46215.7
46464.6
47203.6
48918.5
67499.2
65339.4
64835.8
36283
67292.6
31450.8
54712.7
58063.8
51210.5
67362.8
47233.9
46634.7
62747.3
39759.8
49129.1
82632.6
51587.1
58719.2
22205.7
49238.9
50865.2
71794.2
38956.2
34428.2
61400.3
73032.8
54468.8
58887.3
56672.1
42984.4
56665.5
38619.7
55400.2
62805.4
46764.2
32778.2
43896.1
48355.4
61204.4
50537.3
63838.3
45718.9
36073.8
67695.4
45646.5
88925.4
50342.6
49850.6
59092.2
61184.6
66190.2
61309.8
51053.7
81367.9
50143.5
50462.2
77541.6
66969.2
58593.1
70735
58523.3
66611.4
36003.3
81712.3
57882.8
43453.6
59145.4
69225.8
53975.4
38792.7
74791.6
50283
60138.2
66095
59689.4
31545
35541
70023.5
73253.7
49376.5
94475.6
55365.7
54128.3
36575.1
73963
65159
66362.1
33198.2
58874.2
51023.4
47989.6
50307.6
45847.8
38197.2
75109.1
76714.1
41536
63171
42961.1
65328.2
56352.7
55574.5
63853.6
47572.2
66787.6
38941
72022.6
44413.1
58489.3
46063.7
32353.8
47090.4
47983
45093.3
46966.4
63369.7
34024.8
39114.6
45796.6
47801
43835
67026.4
66129.6
25127.7
43055.1
51531.6
82535.3
44445.4
41490.2
47278
55527.8
48101
46284.2
74503.5
31181.8
31206.2
44986.5
43815
65620.8
49883.9
65518.6
81242
43694.2
73626.6
53080
51595.4
67918.5
79686.6
75796.7
44133
50994.9
31023.5
31916.3
45359.1
68138.2
70827.2
32122
49640.6
52811.4
51596.4
61337.4
42891.4
48883.9
53384.2
45376.1
36536.5
46059.8
56256.4
69659.8
39526.6
37475.5
59363.8
41236.2
54040.8
48217
31054.2
50483.9
30204.1
65074.2
53174.8
48650.2
49312.2
41897.4
45086.5
43295.6
41615.4
49899.8
54635.4
34560.9
40077
78929.6
41647.5
42396.2
35239.4
57698.6
26875.8
45895.6
50229
33923.8
70056.4
21558.8
27141.8
44044.8
55266
36995.2
58956.5
37911.8
44034.5
75878.9
54085.4
37405.3
31212.3
37680.4
38753
37967.4
37480.6
66131.4
41344.1
32235.9
32095.7
71005.4
23459.2
35123.4
57468
57105.1
44136.3
76584.9
61611.4
49062.5
36196.9
41095.8
57081.4
42291.4
58918.8
40071.9
41713.6
69671.4
54042.7
30936.2
57790.3
55425.4
37975.8
41371.3
37125
37410.6
79569.4
60915
60796.3
52536
41252.8
62966.7
76172.6
53689
43398.2
67516.9
68491
48425.5
34618.4
41331.2
72848.4
65589
38607.4
50869.8
45929
47572.1
48222.2
58944.9
44730.2
76152.1
45819.3
49292.6
44408.6
38962
42626.1
52920.2
45495
64219.1
40439.5
55957.5
42440.2
51861.7
75062.4
61114.5
63767.8
65641.8
58489
54056.1
48131
77900.3
67347.7
47238.8
51721.6
49418.9
39795.7
57901.8
56495.3
61088.6
21675.4
37036.5
77992.5
63160.7
81998.2
55908.5
57331.9
38483.3
67777.6
28895.6
32813.8
46103.6
46938.8
62511.9
47043.3
47948.6
43529.4
24299.8
68540.7
55726.1
58895.8
47170.2
79209.3
58346.4
53346.1
45992.9
34119.4
48395.5
76259.5
46323.9
69531.8
68946
38374.3
68029.8
76040.9
33198.9
36809.7
68099.8
30489.4
38542.4
42981
68173.4
64162
59618.2
38070.1
54687
70155.4
66137.6
27337.7
50281.8
38890.4
59291.3
71181.4
62612.6
48132.6
70751.8
32456.4
64458.6
52399.5
33091.2
61045
65181
58819.3
100072
68108.2
63578.6
74569
77647.3
53051.5
82476.8
34877.4
45263.5
62267.5
69951
80812.7
70888.2
49844.3
79881.3
60903.3
70069.7
55605
73142
75162.2
43980.4
40301.8
70795.2
54000.4
80669.8
47769.1
55823.4
40156.2
69004.6
60715.1
55832.6
58096.8
56269.7
64321.6
46163.8
37707.8
68132.6
91414.4
39534.1
45189.2
36774.8
53960.9
54104.1
74995.4
43242.2
48019
45134.8
41135.2
58817.8
72651.8
41709.7
41921.5
54806.2
62936.9
25063.2
88153
48531.9
61314.2
57782.8
52997.3
53771.8
61672.5
67461.4
61268.4
86299
46640.3
58028.8
76660.2
56404.9
85363.8
50840.6
53262.4
57012.2
60040.6
71682.6
42627
53383.2
81046.6
43268.9
43991.4
66576.6
48357
50328.8
76714
52472.2
54387.9
26979.2
39533.6
42267
51344.6
48661.2
55262.4
58839
66149.1
40935.6
59460.5
46106.3
49167
61131.5
44674.4
54438.2
81729.5
40396.2
49674.9
56233.3
53779
48649.8
36445.2
54602.9
57251.8
69679.3
43293.6
47211.2
40216.5
77459.6
49783.1
32906.2
77653
55394
38512.8
43236.7
49424.9
29474
35649.1
61121.5
63586.4
55723.1
60240.6
50373
26749.6
51597
55859.5
36481.4
58806.7
61808.4
56862.9
44474.2
46619.9
42882.4
42569
42729.4
45744.6
56422.3
51149
30005.4
67843
28847.7
49383.4
56110.9
38594.2
48471.6
50604.4
28398.3
28531.3
78661.2
48432.7
57976.6
44906.6
40796
31218.6
35820.1
55020.8
35282
41808.8
45890.8
80920.5
59661.7
71536.5
36913.1
56101.7
46847
42454.6
45032.8
38115.5
62446.8
51217.9
40398.2
25189
51240.2
45520.2
43177.8
48084.8
33847.3
42693
68570.3
51255.2
64723.7
48822.3
60800
26938.8
43674
55633.7
47406.9
63537.4
67197.5
76659
47367
52220.9
55586.6
61045.2
39549.6
52292.9
48619
45457.8
52113.6
64498.5
89887.7
45243.8
60374.2
72036.2
62553.1
40427.8
46487.1
50415.9
44211.2
73803.8
60711.8
90275.5
52860.1
42409.8
72567
56823.1
53690.6
41922.4
81669.7
67516.1
40033.6
71789
56512.7
84017.3
74797.8
68129.9
54231.2
44200.4
68311.7
43921.8
74731.8
55899.6
62513.4
88216.6
48638.9
46887.3
69245.3
109101
35451
67953.3
63508.8
72454.5
54307.8
75867.8
39967.2
32855
35107.9
54376.1
68074.6
50560.2
70376.5
53903.8
31956.3
39785.7
49618
66218.9
70454.2
47163.8
42682.6
45630.6
64474.5
57905.5
52300.7
47199
87610
67389
56347.8
51081
75647.2
50908.7
63455.8
76698.6
48943.4
47536.6
70889.6
59134.8
38930.4
55152.6
36646.2
61134.6
56315.2
71430.7
42992.2
36597.6
56290.8
90773.8
52825
59627.1
53075.3
74960.7
34847.4
58981.8
45002.4
55498.7
55149.8
49830.6
50522.5
55728.2
44876.2
34043.3
84071.3
40987
59358.2
56496.9
49054.1
76347.8
38836
40248.6
43013.2
46745.6
39025.9
61089
56118.1
30811.4
42595.4
49697
50028.3
59748.5
63074.7
64095.1
40104.6
26568.4
44983
50057.5
36026.3
49894.2
53218.3
54544.4
48492.6
39449
36530.4
65913.3
49197.6
37318.6
41340.6
48653.5
36074.1
43341.8
34582.3
60771
42444
38643.2
53176.7
53817.4
48473.2
65222.9
33494.6
34994.6
58068.2
33666.4
29227.5
68925.8
60939.4
43736.8
50038.3
62438.1
85148.6
39029.6
41642
51637.9
64155.9
39330.3
50948.1
71754.2
40608
80277.9
70064.1
42052.2
54898.1
38069.8
51813.4
58579.1
62747.6
44533.9
60609.7
66366.4
49372.4
52050.2
56511.5
39997.4
59543
31842.6
47582.7
66169.7
51577.5
36736.2
88334.7
45463.7
31058.5
44745.2
34771.4
43000.4
58312.3
60049.8
58561
64881.7
61324.2
50915.8
80443.9
73385.7
45897.7
73983.5
61949.8
71397
80763
52667.4
71354.5
53081.1
44685.4
33006.6
72321.4
67089.4
50639
45123.9
52258
44431
48977.8
42701.3
43538.6
51148.7
52554.2
66236.1
37470.6
65061.8
47998.7
58424.2
51308.6
41402.9
54682.1
60160.2
35665.1
79197.5
69418.3
87327.1
42909.1
45460.4
56591.2
51675
74531
68179
56322.7
39312.2
50568.8
51178.6
50040.5
55372.5
44277.5
44308.1
39031.9
46709.3
69470.8
48029.3
61671.3
55875.3
61367.2
56400.7
34683.8
47127.2
52124.9
52666
66757.4
49505.6
45847.4
34091.2
20259.9
49006.2
51143.8
56194.6
40678.9
44522.8
52839.8
45347.4
42981.3
61338.8
74639.9
40703.5
35643.4
56337.4
71259.6
54785.5
25923.3
53197.4
46373.5
36762.6
45433.2
61993.4
58475.1
66494.6
60559.3
50135.2
64284.9
37474.5
47555.3
39130.3
39127.1
58925.8
57778.2
93623
45082.1
56677.1
47983.9
50055.8
38851.1
54277
51819.6
43892.9
39658
57680.8
60528.6
79672.9
45437.9
45783
58877.6
61758.9
59698.6
55078.2
43949.9
70655
54054.5
48794.6
79136.8
59202.6
42279.4
36784.3
53112.9
65226.5
60949
59708.5
50643.5
60413
48964.4
53827
60531.6
43990.2
71597.4
44204.1
49952.9
46968.9
61936.6
83806.4
66032.4
92797.3
95553.8
42939.1
81170.2
73533.6
52516.2
60813
71557
46298.7
42093.1
47082.5
63664.2
53078
66749.9
45956.7
55856.4
91645.5
104073
69679.1
52859
90059.2
76917.4
47812.8
50030.6
61878.6
54347.4
59247.5
45329.8
87539
49157.8
56619.5
65785.5
72801.2
62902.9
46885
62332.5
55442.7
51654.4
41645.7
42742.3
73655
65317.8
41889.8
66015.8
62177.7
45165.6
46369.3
53914.2
51536.2
51012
41781.3
58321.3
39938.8
48656.6
64477.9
49983
54932.6
55385.5
74026.7
54845.3
44542.6
48937
42711
49764.7
52850.6
60673.9
73760.2
64971
36670
105380
44984.7
51124.6
58857.8
43207
58593
58542.8
77331
30591.3
44529.5
44898.2
31133.6
59850
37624.8
44377
69448.2
41918.6
71047.7
35145.9
63097.5
47888.6
86782.7
49825
32813.9
56276.6
36390.6
63228.6
50286.6
54431.2
58938.2
50191.1
71202.5
35940.2
62429.7
45657.4
35606.6
73039
60118
57159.9
51852.2
47648.5
46642.2
86174.9
38906.4
35724.1
56473.7
78691.4
33409.9
92979.6
87779.1
48152.3
60505.6
42061.4
46422.2
65648.3
37517.4
59812.8
43909.5
61364.9
43914.2
34412.3
63579.5
73322.2
45311.2
75967
58872.2
50646.6
68375.6
61508.6
82917.2
34184.2
69567.6
51973.9
51197.9
58089.8
55626.6
56102.6
79125.8
58871.3
46377.8
61575.1
70982.1
35947.2
55945
43022.6
53316.5
72827.3
56725
66993.1
78833.8
51041.2
71735.9
32383.2
66206.8
47186.1
70236.4
51166.4
48484.2
36292.4
72417.7
32855.4
69512.7
46923.8
43050.3
60797.8
38620.6
56861.1
59489.2
51510.6
65700.2
59600.9
49023.6
96324
45007
63381.5
87945.4
60345
63897.3
72294.2
62440.6
61628.2
49778.1
64727.2
64195.3
56111.7
94092.2
63569.6
40528.2
49097.2
42953.9
34596.4
53608
50719.4
39033.8
57565.4
65763.6
38795.9
66142.6
35781.4
48915.8
49955
54990.5
42068.2
57855
53286.2
59552.6
38953.4
53398.1
67192.2
45963.4
80617.5
65609.2
33151.9
50056.4
53747
51519.1
58290.9
72167.2
77260.9
54508.3
56752.7
67840.6
63899.3
32676.2
40518.4
41183.2
61252.2
38639.8
55481.7
55110.3
42861.3
52286.3
46456.6
64045.2
71737.3
37453
54172.4
48764.6
40756.6
50248.8
61395.4
32440.6
65883
59430.2
63477.4
49308
49404
38255.8
35378.6
42233.1
59061.8
60236.9
75099.2
50104
44347.4
39251.4
68259.4
38732.8
31115.8
47050.3
68997.8
40867.2
63593
46490.4
56615.3
42737.1
44600.2
52548.8
53531
69690.2
57271.6
48020.5
69205.2
39743.3
45106
63218.9
62445.3
43209.7
69779.4
56435
53292.6
39547.9
38022.6
91419.8
69495
51822.4
39992.1
58503.7
46191.3
58358.9
60475.3
45103.4
60390.2
55789.7
31047.7
44261.2
55597.9
83582.8
53201.7
60081
45151.7
33834.3
59937.4
58277.7
58674.8
52356.9
39483.8
34956.7
57189.5
57516.1
65867.8
30187.1
74285.6
41795.2
37495.7
43581.4
52771.1
65303.6
43440.9
35949.5
39389.7
34634.7
51235.8
53870.8
68738
39654.2
59001.9
57921.7
58384.8
59438.2
32703.3
61785.8
42307
50959.6
53462.3
66592.3
53668.7
40452.5
42140.4
56208.3
36153.7
32612.3
42258.5
31587.3
50040.3
45870.8
50604.5
42594.4
41627.4
82449.2
37727
26576.6
32925.3
49745.4
68612.7
39797.9
34177.6
63523.5
36798.9
24215.1
44051
59123.9
41185.8
34037.2
33334.6
47169.1
52039
58586.6
39087.4
62160.5
40979.4
57515.1
51341.1
37681.6
37857.6
36232.5
64443.1
65251
54106.9
76130.5
54449.2
39521
48415
40486.9
54163.4
54454.5
54974.2
79670.8
59191.1
34648.1
46579
37042.6
52631.8
61576
51014.7
30046.7
56947.2
32937.7
40675.6
38187
35017
40503.5
42775.3
55005.7
46896.8
36959
39853.1
51470.4
38002
39922.6
42230.6
36095
62614
44987.7
40819.4
64157.8
57354.8
67844
46667.9
27363.5
52905.4
18473
70113.6
36910.2
37416.6
48597
40228.6
34603.6
34178.9
65741
51571.4
43196.3
43131.8
65688.6
28809.8
56510.7
61918.6
52328.4
58666.6
59762.9
73799.6
28304.1
35150.2
31994.2
54394
33580.7
37240.1
53924.1
27589.5
54258.7
29310.9
56307.6
59576.1
76665
45122.9
52471.7
38993.8
60929
40363.6
35782.1
58212.2
35369
24022.4
49785.8
36011.7
50010.5
53122.4
52018.3
34698.9
75878.6
45872.9
50707.7
33034.1
62237.3
45388.1
45566.4
46933
52243.8
91592.3
66698.2
48659.8
82503.7
51121.4
34433.9
29234.2
26275.1
59242.3
44971.8
72453.3
59184.4
55307.9
55864.5
48285.7
46758.7
52098.8
48916.6
46502.2
34090.5
79208.9
76205.8
54205.6
49841
59216.5
65163.2
46358.6
44841
63174.2
66837.7
57265.5
47038.5
43963
54540
38207.8
82606.6
37624.8
60357.7
48441.9
58831.4
46889.9
40300.6
97229.8
66904.8
69590.7
47085.1
47830
45914.4
45796.1
66626.2
57517
86999.9
51401.9
57571.4
65248.2
70072.7
56072.9
54496.1
49045
61617.8
46665.8
35330.3
40979.4
63295.7
47361.5
40264.3
42318.8
44990.9
63414.2
51883.8
74231.5
46008.7
41411
45584.1
60344.6
27156.3
70431.8
43709
63157.6
66114.7
53764.8
58240.8
75181.6
62747.7
42057
52744.8
44323.3
61725.4
63698.6
75701.7
54888.9
44361.5
64085.8
64292.5
64388.3
52299.9
81684.6
72088.3
43006.4
35640
37510.1
51564.8
60775.4
59965
77512.6
54853.3
42581.8
35288.6
55125.4
53504.3
48965
53558.6
56667.8
61367.4
63935
62818
47600.6
22844.2
46787.4
54137.4
48465
59526.6
69185.1
42052.3
37042.7
40129.4
45897
73930.3
58015.8
47075.8
54957.8
39817
61961.9
67259.8
46895
57685.9
71338.8
48105.4
55310.8
61861.1
37335.3
73502.2
69894.1
57040.7
43213.9
55249.4
52883.4
36518.2
47694.2
47365.5
49388.4
53744.4
53400.6
25216.5
40399.1
56643.6
100131
41063.7
63481.5
35394.2
48136.5
25746.6
59696.5
51077.8
39758.6
46072.5
54422.8
68606.2
57269.8
65733
66377.1
81422.4
38045.3
46608.6
61614.4
32807.2
23415.8
25183
34019.5
65208.3
58267.9
27957.1
76010
44183.5
49395
24930.1
41750.8
60428.6
39846.2
81589.4
44833
44547.3
45577.4
63618.2
42644.8
63297.3
40562.7
58916.7
27485
32764
59811.4
64988
60799
44411.3
30963.8
24304.8
23585.8
39455.2
40804.6
85283.9
48206.8
39662.7
35602.6
34391.4
50591
55064.1
44663.4
19819.6
31309.8
42712.3
71761
42534.3
48884.2
47668.6
47660.2
51348.1
36363.7
37764.2
36993.8
65295.8
46428.6
55491.9
51843.7
41905.3
40480.8
74813.4
41755.9
39946.7
59366.6
49562.8
48723.3
40008.2
29820.5
41060.2
47397.8
64711.6
28291.8
59950.3
47178.2
52611.6
37442
62006.1
43266.9
31162.5
43917.4
53934.7
55409.4
35725
50726
69658.1
53205.8
69127.4
74548.6
34948.2
45390.1
40264.3
57645.8
53340.5
55019.6
40084.5
38393
34167
57217.5
51679.6
51438.8
29531.8
31523.6
66440.7
41567.7
38270.7
47750.2
40272.8
36168.1
46691.4
75867.8
41045.7
53401.5
54961.7
54273.6
60406.6
29846.3
54082.9
43932.3
26828.6
29959.4
50973.6
38808.7
76213.8
60811.4
56604.1
64633
49659.3
35792.3
28678.2
58905.9
70007.1
50170.3
30676.7
63279.9
47256.4
63433.8
44657.1
61234.2
45894.1
39689.9
48253.1
28735
73624.2
69783.9
42790.6
50007.4
40343.5
70029.3
38812.2
53167.5
37980.7
60652.2
48162.2
60168.9
52925.7
37790
50588
49266.6
58088.9
44001
62661.9
44895.5
39777.7
45037.4
40699.8
37044.2
38762.3
54448.8
67720.2
51048.1
68062.4
45025.3
38873
32718.5
72452.6
49566.2
52407.4
83580.9
37684.6
56958.7
36856.6
52978.8
60582.6
42772.2
66092.6
47743
54560.6
42227.4
44711.3
50131.8
46615.9
86660.4
22649.4
45355
55709.9
63039
72345
112636
48558.1
60447.4
34469.5
41732.5
49170.6
74790.2
64009.4
41097.9
63135.3
71581.6
84698.5
61319
45747.1
32725.5
88333.3
86702.7
45037.8
59335.8
53879.4
52882.5
79385.4
49782.3
66082.8
54923.1
50598.3
64083.8
48756.2
49646.2
61329.6
57368.3
46892.5
40877.2
65310.8
44107.2
45163.8
53011.5
46872.4
37338.9
50991.6
45373.4
67388.2
42821.4
47949.8
45157.8
33906.1
58754.5
62056.5
43096.7
54338.7
25468.2
43418.8
49766.2
59621.8
49332.7
65485.5
49277.8
50479.9
76863.3
76022.6
52409.2
56618.1
81138.9
74458.3
60245
39889.8
64664
51909.4
40382.2
63590.1
69318.8
49612.4
92850.2
55663.4
58646.2
75102.2
75500.3
55140.4
36342.2
32772.6
92043
33526.7
64434.2
94177.8
46562.8
54021.1
46239.9
62505
70970.1
66133.6
36558
66286.4
62580.3
49321
71286.6
57453.7
50959.5
51235.9
38622.7
48719.2
52962.9
30341
80344.6
51874.2
40902.4
78446.8
65269.4
63207.6
99910
62424.9
44528.6
59164.7
45507.8
73050.8
58932.4
61261.1
46355.9
47221.8
53108.6
52394.6
29412.5
56243.6
38601.3
54164.2
70691.6
48399.8
38945
57230.6
64263.4
48051.5
51569.4
40603.8
65577.3
30425
69478.6
54113.3
43675.8
38042
54471.6
51904.6
56154.1
40885.1
49386.4
44374.2
50888.5
34881.6
51047.4
31154.2
52348.4
27871.3
62077
46779.8
31959.1
52344.9
28224.2
36939.4
32773.1
57202.9
34404.7
39441.4
64448.6
49987.7
33836.9
48836
63218.1
53800.9
42173.9
38304.2
58418.7
68097.8
23602.4
38846.9
53948.5
63582.7
70254.3
58965.2
64695.8
60693.4
36664.5
54196.5
43692.2
55971.1
90760.8
57625.6
46152.4
42626.1
41167
46795.6
38183.2
86281.8
83598.6
70813
41033.2
69629.6
52438.6
66010.9
46185.2
46306.8
87959.9
47738
49480.5
49244.6
52659.4
70329.8
51091.7
48860.9
43856.5
54410.5
55168.6
53064.2
60023.7
75043.8
68571.7
41640
51113.4
47159.8
58653.5
62231.5
77039.8
47325.8
39129.2
69440.5
47773
50540.6
74672.7
49771.7
66473.8
98176.4
48205
54594.8
61026.3
55316.8
54379.8
53981.2
72061.5
73258.2
59688.1
53702.4
33949
48765.4
48454.5
54850.6
61041
41476.4
54370.8
72695
49201.1
55496.6
46688.5
35927.7
65738.2
50855.3
33428.6
60427.9
47201.1
52336.9
59029.3
58360
38254.8
51184.4
46200.2
62628.4
45930.2
55587.6
54471.8
48696.6
43730.2
54604.3
28619.3
67918.3
55546
59706.6
58795.3
91360.6
47940.5
54624.5
59473.4
40372.3
31760.2
33776.8
47433.5
64826.2
75488.2
55873.4
57222.4
57791.9
62246.5
57924.9
82547.8
58582.6
56378.2
50054.7
50760.4
52799.4
58239.3
56695.7
45622.8
57926.5
73477.4
60318.4
53212
32523.9
37740.2
46143.1
51618.7
37832.5
64893.8
34852.7
49017.6
73104.1
34216.5
45872.2
71265.7
40313
36919.6
51642
85978.6
35476.8
47336.7
57533.8
61514.4
26801.1
52545.6
46483.8
36551.8
41325.6
53322.4
45218.2
35816.9
43484.4
32721.2
36736
90651
53446.7
40915.6
45767.9
52942.2
76634.5
55878.9
45100.7
61986.5
44445
54934.3
58756
49510.6
60506.6
60647.2
48355.9
55242.5
42990.2
37053.6
76694
66341.2
37240.8
59284.6
36434.6
32286.4
65598.2
38876.7
34712.9
44658.4
47540
64012.8
64203.5
44258
51384.4
58397.4
46821.5
75624.6
75671.8
46408
66418.2
47038.1
61555.6
44428.2
92174.1
57816.2
71985.2
52003.9
68837
74095.9
65239
71065.3
95100
60916
38604.3
74931.4
66121
57023.8
50599.1
45678.6
60459.1
50856.9
55472.5
66523.8
85527.8
45460.2
37591.6
43561.9
49621.7
57881.3
26948
51851.4
33312.2
76277
47205.8
83277.9
51095.6
24165
43009.7
56192.8
49309.3
79194.6
49682.7
44732.2
49718.2
48592.8
47456.2
43470
53082.6
45728.5
31165.5
52818.1
46290.2
51176.7
46619.4
51437.8
48951
55607
44836.3
43154.7
49148.4
39167.8
45869
36455.6
47341.1
55055.5
54371.2
46534.4
41942.1
48474.2
51856.8
30690.9
61410.7
34339.4
94144.5
51392.1
52049.8
47477.3
59691.4
42478.4
67883.7
82509.1
76021.8
55918.3
89161.3
47231.2
29089
40807.8
78953.5
67198.2
88761.5
38408.7
67365.6
33327.7
84394.7
67621
41197.3
32245
25028.3
34248.8
38772.6
53378.2
43250.9
53566.5
56042.2
36329.8
40171
53302.4
62261.4
50160
44187.8
35349.3
41310.5
48839.8
67435.7
39674.2
44363.9
45138.3
28849.7
34505.1
31084.7
98519.7
30499
34669
61544.6
43774
43353
30534.2
36634.8
53016.7
40029
58634
55706.6
68939.7
49836
31211.8
62972.6
68438.6
53574.5
43474.1
41370
44878
50555.9
58175.4
42389.4
45978.2
53670.1
53332.2
42772.5
82080.8
48469.4
38618.7
60487.2
69137.8
52047.4
47225.7
43860.7
74320.6
46768.4
35281
60034.6
50148.6
61478.5
53034.7
48194.7
50659.6
50877.5
29585.2
33405.2
37941.3
56861.9
58087.7
49248.5
57307.4
22669.1
63113.6
63931.2
60993.4
73226.4
48740.6
44296.1
59145.8
42191.1
38174.8
52334.6
48695.5
53986.6
46863.8
55474
52430.9
56101.7
50950.1
37308.1
32316.2
57273.3
63703.7
38679.2
31705.7
39897
67898.8
48143.5
35358.3
43514.9
48644.3
69236.4
45712.6
68157.2
46796.8
43815.2
33294.3
42553.7
54074.1
28143.1
49758.6
38478.8
45801.5
58170.4
38228.6
38001.9
51027.9
48641.2
43907.2
51869.8
41760.5
48047.9
71612.4
37498.5
76136.3
49336.6
40477.4
26093.9
27774.3
36490
79706.2
54867.1
81160.1
79042.6
47296.6
42000.3
55184.9
47938.9
51381.2
48380.6
82619.7
52476.3
49589.1
64361.9
72906.6
47847.1
54195.4
54802
70326.3
92771.8
29368.7
62399.4
56267.4
76369.7
48635.4
60833.4
48979.2
35345.9
51983.8
45506.7
99808.8
62326.2
41843.4
60857
47375.1
66730.9
55970.6
67183.3
43200.6
39660
41864.6
63306
63010.6
60267.3
64218.9
62325.1
42338.4
47166.9
38172.1
34078.2
59983
71037.7
47254
61833.2
76165.2
35858.3
43520.1
49503.6
58507.1
56367.8
51569.7
47125.4
48986.5
46510.5
40236.2
58000.9
46974.8
38409.1
61378.9
51799.5
36168.2
50685.3
50625.1
43589.1
55778.2
53414.8
60600.1
45558.5
36661.1
51174.9
36374.2
52765.8
62315.5
76019.8
33261.8
32530.9
69949.2
22417.9
41221.6
59518.7
60373
45945.6
57600.2
60743
62376.8
63386.6
38093.6
40857.1
51069.8
68656.4
55824.9
42871
37347.1
33564.5
40019.8
40185.3
45020.8
38075.5
63699.8
43948.6
52698.5
29166.7
37843.7
58247.8
60920.3
69753.2
63362.6
78586
53458.7
58561.2
66351.2
29494.4
47037.4
49228.6
65453.4
40471.4
52182.6
73193.7
58022.2
46409.9
43518
47990.7
44332.5
38805.1
38674.9
43208.7
90350.4
67028.4
46591.8
88908.1
36748.2
53693.5
47859
48670.1
50564
45579.1
44915.4
50884
59242.6
34542.2
22385.8
38885.8
31605.8
35606.6
49342.4
31112.5
42857
35199.6
69398.7
37544.5
52369.4
36355.1
44927.5
69844.4
54814
29031.4
34906
52473.8
41575.9
49866.2
37142.9
47586.2
44384.6
55671.2
47053.7
58720.2
37620.8
61600.3
45187
65559.6
38042.6
37225.6
45752.2
44730.5
50820.9
39872.8
32748.2
53852
66114.7
60947.2
31662.9
36656.6
71800
56155.6
63464.2
57143.6
62561.6
40322.1
61179.4
60872.6
49076.8
67306.6
56704.3
49486.4
45990.2
45571.1
44565
56496.2
34414.5
47829
70667
57833.7
66626
32204.2
33502.7
31057.4
56529.4
76314.7
69001.8
80624.8
60480.2
59976.3
73797.5
73383.6
72882.1
91530.9
41060.9
34159.3
53233.4
64519.4
49419.3
92862.9
71730.4
47306.4
54569.9
58142
42951
39602.6
34118.6
69928.4
62912.7
54609
64764.7
46754.1
50436
41604.2
55705.5
45784.3
39851.2
74447.4
66943.3
36873.8
43422.2
48985.5
61568.6
40598.8
56133.1
60026.1
46367.2
47436.9
45469.5
19564.8
40710.5
43727.3
49284.9
39723
36937.7
51217
48875.8
34157.5
60494.7
42191
63187.1
45867.4
68857.8
31482.9
75829.6
31143.1
51014.3
43220.5
23285.4
41073.6
72191.7
46284.7
78335
29434.3
46171.1
50712.2
86053
68295.4
54393.6
30547.7
33669.4
56825.6
37675.2
74998.6
71079
43954
32866.6
47460.9
46399.7
67756.6
76930.5
47747.7
54041.8
57268.4
72349.7
51047.2
31976.1
45564.6
49043.1
50090.5
47828.2
29755.8
82318.2
39469.5
53722.5
43683
40552.5
25677.8
41295.4
68317.5
59257.9
49458.2
60048.2
34791.7
55193.3
49830.7
42560.3
53026
41477
43163.6
68853.3
44479.2
37724.6
53191.8
70445.9
60660
33395.5
62277.5
23746.3
54744.2
28341.2
42386.6
66817.4
78335.2
46112.7
37357.8
47177.9
41174.2
36189.7
59874.1
35969.6
29015.7
53273.4
38476.8
35702.6
40655.6
31098.7
34550.4
53391.4
56447
38452.9
48375.8
49427.5
50407.3
39618.5
59055.2
79839.9
45064.2
65259.3
81081.3
25294.5
31179.7
74535.8
36511
59100.6
27101.5
27963.4
87784.1
34318.3
26060.6
56856.8
47447.8
30105.8
46293.5
42263.8
42327.5
73755
89269.3
58707.6
70768.2
45420.7
54290.6
53258.1
46910.6
47410.6
41254.3
47365.3
35578.8
34683.8
41717.2
72179.3
50684.2
77288.3
50455.8
78704.9
60316.8
60524.9
68068.8
56558.3
48993.5
73973.3
59187.1
56063.6
54232.6
55275.1
47017.2
55845
59351.3
60793.4
54312.6
63937.3
74519.2
77101.5
36456.4
39744.1
77289.7
36809.2
54338.4
44758.7
81354.8
105878
47150.7
44764.2
58237
71129
60674
39686.5
58135.3
65311.9
62459.9
33947.1
39278
24325.6
52803.4
40930.2
43248
55863.1
46707.9
59370.5
50744.5
40554.2
61167.9
54811.8
66219
60577.6
57644
46734.8
42766.4
70147.4
50514.6
76821.1
61930.5
76019.4
72541.4
40558.6
46921.9
63296.8
58264.4
62134.9
49545.8
52103.5
46007.6
48140.6
45029.4
60270.9
76763.4
42751.8
57136.5
65055.1
55634.1
70044.6
68282.6
51433.8
81032.2
51912.3
58135.3
41440.6
75939.8
32828.6
29410.2
49523.8
45017.8
47617.9
66229.8
68847.7
51948
39695.4
95481.7
42329.1
50385.9
40203.1
40823.3
36913.1
77667.4
48721.1
74141.4
64232.5
57000
37637.9
29064.5
54341.4
64118.2
57500.6
45577.8
61217
53471.8
78954.7
53840.2
47582.9
52179.7
75763.2
45998.8
36980.8
65158.6
55722.6
40020.7
63296.2
45503.6
34700.4
49159.9
54399.4
75040.9
47988.2
26438.7
56056.2
57511.4
53789
28967.4
72985.8
72423.4
68287.8
87549
62884.8
44833.8
54490.2
69059.4
58881.6
69498.4
56537.6
72293.4
77458.7
54526.8
61600.1
39620.7
51018.1
36827.4
39637.5
47304.2
47135.8
38490.3
40210.6
59338.6
70036.8
52642.6
58355
57359.6
34755
62581.8
57541.8
32214.6
65211.3
56909.9
68293.4
76779
49902.2
37044.4
84078.9
46249.8
63164.3
30342.6
55702
72798.1
61435.2
41079.5
46765.7
49508.9
48137.8
51118.3
52687.8
27576.8
44491.6
60656.6
64621.9
55125.2
35859
66738.2
28270.2
65344.2
55358
55590.5
47917.9
53536.2
76876.2
43954.1
45439.2
41162.7
41564.9
26263.7
42069.8
33965.7
63065
51002.2
50235.9
52020.7
43240.6
55738.1
54249.8
42996.6
42126.5
37325.2
37190.8
28441.7
35283.3
76591.8
49122.6
43613.2
41657.6
38287.8
47988.8
53668.1
53392
33230.3
37351
42311.6
59763
25581.4
69668.7
71305
39385.6
76299.2
68127.5
65576.3
46008.2
52906.6
74123.9
63791.7
32341
28031.4
44163.5
51492.6
43998.6
39668.8
38403.2
29731
59285
35506.3
58482.6
52452.9
38404.7
49825.1
38896.3
70916
43838.4
42990.8
69709.2
58286.3
52048.9
56693.6
36071
55141.4
60341
36521.3
68093.3
75928.1
52235.6
77655.4
65284.2
69111.6
53503.8
51448.8
40733.6
51221.8
57498.3
96781
63200.6
55866
70221
66624.8
61517.6
49597.9
72006.5
73297.4
76801
62160.1
57512.2
45583.7
78668
90519.4
67961.1
65483
40983.8
46432.6
44883.3
85818.2
60902.2
75747
26335
38838.4
69252.2
72861.8
58192.6
51269.8
49552.6
47022.6
59413.6
39249.7
72187.2
59276.5
38946.9
58003.3
41763.1
64726.6
71357.9
44063.2
37193.3
80177.6
71996.6
67805
53320.6
86559.2
50342.6
66586.4
44068.2
65696.2
57638.9
44062.5
44249.3
30577.2
60334.2
54928.7
40972
55180.6
79450.8
38090
23399.3
41639.8
51904.6
56348
74575.5
77072.2
41333.8
67202
31593
26093
43224.5
49413
74145.8
61655
45330
27760.2
46062.7
61032
59002.3
35075
52295.8
76204.6
48350.3
38110.2
87866.3
42158.4
48647.3
53430.2
68518.7
66572.4
36585.5
61059.6
43045
47482.6
42620.2
30256.4
65230.2
24187.4
57206.2
72746.8
61481.4
44391.4
32340.7
51257.7
42771.8
42967.3
35334
64681
71945.2
68183.4
40419.4
34348.6
40878.9
78742.8
58629.8
35318.8
50316.2
28674.7
41645
68243.5
67695.6
67731.9
52068.6
26425.6
51470.2
40331.3
51344.2
73198.2
78674.2
40237.6
38185.4
43165.1
44329.9
67941.8
36494.3
41548.8
47091.1
55033.4
28211
53075.8
72491.2
39170.1
60022.8
38626.9
38799.8
50655.2
37044
65064.6
49345.5
45964.8
35425.4
52710.9
65047.1
99474.1
45016.6
72983.5
49063.1
53376.6
41387.1
53749
70796.7
49681
56921.1
48110.6
39173.7
52150
24594.6
26685.7
45239.1
42056.7
34119.4
43182.3
38350.7
62294.8
61816.1
55329.2
62188.6
35839.4
43697.9
40909.8
68344.2
36379
38243.2
47580.2
48908.2
51578.6
38091.8
27930.1
60270.2
71924.4
75199.8
54869.9
60830.2
49756.2
34405.4
35525.8
60998
61591.7
62586.2
73171.9
43547.8
60086.9
46622
76310.6
40319.4
75916.9
44649.3
43101
35581.3
54262.6
38498.6
42674.3
46989.6
57584.9
23210.1
42068.6
52559.9
52803
70204.4
44129.2
55079.3
58232.1
54033.5
52866.6
45188.6
58938.7
45311.8
48351
39371.5
30350.2
29705.4
59006.8
44261.2
52577.8
48506.5
57043.7
45660.9
41922.2
49188.8
54224.2
53132.7
52429.4
48838.2
37335.2
65868.3
39102.6
54536.4
97429.3
50415.3
62402
27931
76351.2
44487.8
59816.8
43932
48296.4
62251.1
62491.6
78313.4
81016.2
54151.3
57844.5
57245.2
30262.5
34672.6
38932.2
58459.8
75094.3
41875
49987.5
31022.8
75609.8
47388.4
46414.7
62995
53754
55809
52650.5
42039.4
57501.3
59002.2
55379.6
50544.7
35484.5
59140.7
39145.9
70368.4
42373.8
39633.2
90983.5
47886.4
60505.3
77805.3
76301.7
51196.2
39699.9
42563.5
77482.3
54602
51517.8
58253.1
51278.3
55657
50163.5
55491
70947
40432.7
57234.2
57068.2
62456.2
35692.1
79358.2
42243.3
37549.7
108571
35003.7
41835.6
64739.3
37376.1
59797.2
66389
49813.8
47481.3
62042.6
52680.2
45271.6
70226.5
59144.6
55473.1
42205.3
42527
51354
35797.8
56080.9
32294.2
58937.4
45438
52440.2
56246.1
39429.1
47325.4
57273.4
48255
63271.1
85910.9
39577.1
44777.2
61160.8
40634
55972.7
86036
58701.4
51389.4
22226
65972.7
40724.1
56486.3
43430.4
61373
73432
50828.7
34523.7
56949.5
66473.1
45876.2
101792
54195.5
55280
82509
56682.6
58130.2
36458.2
51447.6
41594.5
53077.2
31900.8
51677.7
72989
65569.1
54748.5
44660.2
55891.5
36717.3
40082
49844.2
44107.4
48372.8
57093.4
35440.3
62463.4
68868.5
38726.6
46269.4
53022.2
46413.1
51621.9
52510.4
32412.4
60050.6
57461
43768.6
61916.1
65975.8
38142.1
74957.8
46559.9
65594.8
58202
50632.1
25201
55589
39964.6
60665.5
51289.6
53256.3
37927.1
42461.6
62843.7
61288.3
55933.7
56959
66869.8
44068.3
49649.6
53342.1
55970.7
58673.7
47015
57821
61664.7
59736.5
50348.9
58562.3
55347.6
56646.8
58888.3
49208.2
44697
62369
48966.4
59016.3
53490.5
58874.3
57717
55410.5
70052.1
53495
44066.7
32806
69626
49432.2
45927.4
59535.1
47646.8
69719.1
56125.1
52892.9
42711.8
59105.1
41699
50558.6
57782
27664.1
51544
48649.2
24740.6
48356.9
52048
23041.5
79300.8
47796.3
35819.4
33606.8
39066.2
60224.1
47567
42027.8
51042
36863
33251.1
57066.7
28460.2
35795.4
52820.7
35865.9
34688.8
33086.4
49675.7
63749.8
52785.4
24385.4
47472.3
44972.7
52318.5
66144.1
70210
42564.8
42165.8
59397
42353
45847.8
64107.4
52470.7
60895.5
50956.1
50772
32126.6
77521.3
43289.3
82838.5
66999.8
32477.8
69841
53977
68127.5
58488.5
47623.9
48799.1
66046
85431.9
42074.6
42045.6
69008.5
66611
68934.7
49717.4
72269.5
42123
64369.1
37308.2
72620.9
39667.6
40741.5
62932.7
36208.8
58896.9
47786.2
64507.8
39804.1
56450.6
67400.5
47803.5
77292.1
73950
41083.9
59237.6
39901.4
71382.8
40860.3
35689.1
46477.4
59002.7
77080.6
58553.4
46874.5
45369.5
49091
73624.1
52723
46154.2
62863.2
45923.5
32785.7
50679.4
67053.5
63073.3
48821
59084.5
39332.6
48016.1
57097.4
60837.8
55784.8
33819.4
56089.3
34769.1
71559.6
70918.1
44587.8
40562.4
57979
47910.7
40135.8
65770
72793.8
54067.5
59698.6
61658.4
52527.4
47164.6
72442
50763.3
41204.6
48177.9
78884.5
66244.3
49509.7
78950.4
48676.2
53459.2
42101.7
62428.2
51143.4
40192.7
31344.7
47981
77086.5
71537.6
70056.2
39040.6
56105.8
31626.8
30033.4
72337.9
56657.9
47188.4
46033
43582.8
33767.9
41190.2
70679.1
51624.7
29992.2
45216.7
51939.5
85024.2
42201.7
35416.9
56782
37665.1
41800.6
40585.4
35356
68362.1
37087.8
43596.1
37321.5
46328.7
44558.2
33749.1
46862.2
46839.2
58861.2
48904.1
53912.9
55704.2
58910.6
31915
59667
78402.4
39564.5
31329.5
57244
38792.7
34338.2
34499.8
57343.2
26142
60878.3
49664
38550.3
56934.6
34921.4
54364.9
62042.2
48305.4
64113.4
44662
28340.7
60590.1
54065.8
70776.8
41333.8
64525
46321.7
43440.3
36473
53241.2
58659.9
51341.7
56044.6
38937.9
55380.7
61078.9
55804.3
66578.7
56941.8
33238.5
56392.5
42812
35724
64324.3
79669.9
45813.3
44896.4
38532.6
42633.3
47959.3
47863.1
60713
57075.5
45892.9
49207.5
54355.6
52888.4
54866
66137
63822.5
53498.5
34541
35667.3
60571
50219
65774.6
67264.2
46864.7
33162
33458.6
37756.1
44014.1
40271.8
69441.7
42190.4
49034.1
43214.6
30972.3
58374.8
41942.7
61474.9
45088.6
54989.6
20724.7
65563
26012.6
76111.3
76858.1
39296.3
47501.2
44266.2
47739.2
84203.6
55205
60171.3
44872.3
34547.3
58622.6
60416.5
26203.7
37829
46068.2
62244.9
47524.4
79201.8
50080.1
39036.3
49221.5
76041
43959.8
55402.2
49474.6
56042.8
38396.5
36725.1
36125.3
59168.8
39880.7
60496.2
66694.6
44268.6
50711.6
46799.4
51621
40770.8
47733
21221.8
62386.2
46361.2
37253.7
39811
68612.8
45741.2
53487.8
65251.8
72341.4
22613.6
62810.9
52396.1
55630.6
71962.7
54887.2
63457.6
65965.7
39275
66829.9
57685.4
51052.9
61096.8
47573
41564.2
58519
50378.7
40612.8
50769.9
64292.8
54613.8
38560.6
41938.8
35793.5
48117
29866.5
61264.8
44691.8
32091
54654.2
51864.5
63007.2
40021.7
33173
46023.3
34012.4
34059.4
43617
71269.1
35019.6
34686.4
56265.8
54027.5
49580.5
49549.2
51857.8
38393
44501.3
70692.7
30008.7
45784.6
34681
55656.7
53017.4
73667.9
76062.6
78103.6
58231.2
51741.1
58675.2
47881.1
50534.3
41968.2
57672.2
44439.6
39411
53437.5
61324.6
48510.7
31235.8
53632.6
47017.8
111266
36581.1
53450.9
61052.8
26951.1
71483.6
41120.6
32735.8
70539.5
47044.2
36743
38427.1
52494.8
97789.9
47640.9
80174.9
26033.4
42947.5
68351.7
46931
39993.2
45525.8
56801
46798.7
43601.1
101672
44240.3
32473.5
49182.7
54232.7
45456.9
68697.5
50355.3
52392.8
51699.9
53947.6
32415.4
39921.3
42109.1
55058.3
52702.5
57276.9
59976.4
33863.5
53629.9
45930.3
38897.7
47093
45356.2
35051.7
59215.6
59167.5
62153.1
68891.6
53671.2
50952.1
54322.5
44800.6
47225.5
37844.1
56466.9
61597.6
31561.1
60107
59922.4
81630.3
29653.8
51360.1
66154.6
50152.6
46735.1
23014.8
41451
45840.8
36928.5
26114.9
41200.1
46394.2
59723.6
62605
50945.6
40294
46800.4
31826.6
55619.3
72773.8
47249.2
68058
36415.7
42003
63464.3
39657
60739.1
51743.1
44138
30274.1
56168.9
68491.8
34238.5
36644
66257.7
51764.2
28841.5
64143.8
69168
46494.2
36962.2
58208.6
42966.2
58011.5
56227.9
53562.6
41698.2
63732.8
63583
44328.4
34987.1
74458.6
54522.2
57616.2
64808.6
55456.1
50821.9
56494.2
34973.9
64996.7
58660.7
43864.5
31976.7
46466.2
59291.2
34639.9
56880.2
42038.1
48600.1
53623.4
38679.6
42396
54436.4
40960.1
40965.4
72568.9
61044
26681
57387.5
52420.9
64459.4
46468.3
36216.5
66160.2
58918.9
64891.7
46176.9
50400.7
68838.2
69235.5
70451.6
52874.2
59314.3
58174.4
71664.6
68971.1
59107.5
43864.7
63657.5
41359
58146.6
37404.5
53850
53674.5
55624.4
87946.3
46358.8
35532.6
46947.2
67344.2
60974.3
68835.5
46604.1
37472.8
40707.3
57278.2
66703.6
45666.1
47148.6
38055.1
43847.6
42191
49512.2
65874.1
66566.3
61835.7
73271
58929.7
52994.2
33382.4
37286.2
44987.2
75467.2
60281.8
84452.9
68812.7
49628
23469.9
37217.8
60688.9
100880
50244.4
71987.3
45619.4
62642.6
58008
76085
64860.2
42900.2
44256.1
28320.2
42274.1
36647.4
47001.2
65900.3
66804.6
45700.6
26105.3
46199.5
46727.6
43795.3
70532.5
63821.7
34607.4
55869.8
58376.7
61557.8
48323.2
51120.9
36677.8
45836.6
55086
29171
53971.9
56352.9
64867.9
54889.8
58287.8
62516
72179.4
48571.5
48374
65112
43321
47349.5
54889
41277.1
62138.3
34739.2
43884.4
43019
49431.2
60204.2
52249.8
42252.3
31014.6
38440.8
67344.2
43396.4
30209.6
57348.4
35066.7
40721.9
21857.4
40194.1
37183.6
32309.2
35417.7
38174.8
26518.7
31121.8
63528.4
30780.1
45944.7
27872.2
39473.8
24224.2
25003.3
59529.6
56465.8
44484.9
31694.9
36045.8
54104.9
56545.3
59834.1
73585.8
64468
40771.8
37345.8
54773
35634.6
52233.8
24107.3
54500.5
42714.5
46053
42784.2
66742.6
30783.7
59828.6
35509.7
46848.2
83251.8
35727.3
60137.3
48076.1
34928.6
45648.6
36893.6
57950.2
42155.4
62523
47283.4
32993.2
96532.3
54032.8
68847.4
53900.2
60028.4
61833.5
69143.6
45752.2
60402.3
50523.4
70512.2
89626.6
38295
43985.4
59101.1
48918.9
51480.4
48655
54487.7
45232
38242.2
35285
50922.2
57470.1
35316.1
65041.6
73909.9
46934.3
87368.6
50898.2
39100.6
51235.5
44697.7
47656.3
49829.6
62617
39167.6
52652.2
68799.8
60319.8
53747
61848.3
39465.7
35491.4
56996.2
54319.8
55996.9
58534.3
46453.1
48887.9
33190.4
77389.5
65563.4
42406.9
54424.1
71274.4
57572.1
49897.4
42425.2
67273.1
76975.9
36907.6
80957.6
58856.8
39323.7
59948.3
64208.9
104620
56526.8
64474
71818.1
54426.1
36625.7
59228.2
54020.6
78694.6
57879
81851.4
41241.1
49406.8
62520.6
50195.1
43949.4
59921.9
48806.6
68786.3
50777.4
41963.5
76514.4
31962.7
72470.1
60491
62144.9
45015.4
53718.2
44659.7
55235
59896.1
56346.6
57142.5
35503
49521.5
72455.1
80631.7
62915.7
47179.4
74261.4
72936.6
55862.5
79281.9
60456.8
41095.2
41583.2
85107.4
41338.4
47828.2
75846.2
61236.2
53663.4
54919.2
56183.6
25572.2
85764.2
53740.9
69689.9
46358.5
53597
49704.2
64195.7
46325.8
58436.2
47123.1
51650.9
63546.9
53077
69607.5
48991.5
35241.2
51197.8
41505.6
61348.8
48906.9
51756.6
51336.5
40500.7
63710.2
60164.6
39833.5
29243
65760.9
54128.6
24717.8
35602.5
33990.4
44611.7
39036.4
53033.8
56128.2
34731.4
44905
48664.4
55262.4
41519.4
43543.8
45879.4
21481.9
33855.4
77129.5
31604.8
59085.4
59955.9
60516.6
35297.4
47203
68266.3
42297.9
82461.9
36750.5
44728.1
27075.1
56434.4
54698
53571
72093.1
62086.7
60525.7
51612.9
56368.1
70820.9
53097
37343.5
58236.4
55773.8
70584.5
66456.3
47827.4
69746.6
55688.3
59685.5
55904.5
44556.6
55186
61531.2
52818
30795.9
59127.4
59389.4
45255.6
41654.3
57986.5
58043.7
32000.8
39321.4
29241.8
75718.3
56043
64035.8
55725.1
61027.4
46463.8
46661.9
60050.5
91409
51083.1
45235
49644.2
53919.3
39193.7
58740.7
32941.8
50282
56652.9
53528.8
51131.1
43262.5
30658
54363.4
53447.1
37137.5
55521.5
55761.2
65992.6
24799.8
54812.5
52374.9
63342
46630.4
49477.5
84119.6
46012.3
37014.9
79208.8
40183.4
44503
31049
34698.2
44818.4
40450.5
53924.5
71061.4
72009.6
45541.9
47126.5
58448.1
42406.4
51165.7
25226.9
58698.6
37375.9
40075.4
51267.7
45715.4
52156.8
73402.5
42186.6
40747
37567
38044
60731.9
34906.3
50289
40054.1
62439.9
37329.2
39587.5
45083.4
50017.4
47997.1
87793.4
60358.2
46494.9
54314.2
34653
38217.4
91228.8
48785.5
68453.1
43667
41664.7
50497.1
58507.3
46133.4
54055
56109.3
48653.8
43196.1
45254.7
50312
33687.5
32834.3
39575.7
30902.7
68678
62441.9
28132.5
58083
35261.6
19552.5
34214.4
43394.6
40901.4
43645.3
23693.6
37581.3
13829.2
55458.1
52183.4
30006.1
41316.3
20390.1
38947
63478.8
31934.5
36435.1
39290.1
59826.1
67972.9
47925.1
56419
35026.9
39989
30284.3
52266.3
41561.8
49042.4
34986.2
39048.6
26180.2
22071.6
41016.5
73121.8
55065.8
61221
53469.2
36407.3
40239.8
42082.3
51572.4
36031.9
51271.2
22927.6
42412.2
41789.6
57198.2
53786.9
49878.8
49994.2
28736.9
49402.7
49509.5
58579.2
41707
45221.3
38376.9
58027.8
39834.4
44187.2
66455.8
33018.6
28638.6
33084.6
67361.3
42058.9
45618.6
38928.9
46423.7
43414.1
31949.7
44080
51423.4
50771.3
70136.2
63970.4
29305.5
45111.5
19765.2
29598.2
57903.7
51184.9
50608.1
44619.4
33981.5
46331.8
49885.1
45597
46602.2
41029.8
34643.6
39315
39500.2
34594
61599.9
59256.3
45897.9
53356.8
50060.1
51260.6
24508.7
30179.2
62989.5
23389.9
34192.9
29447.8
75061.4
49934.4
53176.2
39182.7
57715.5
51863
39067.2
45810
31786.8
38255.3
63189.1
56831.6
27881.1
35500.8
44142.3
38932.9
41383.9
30722.2
55473.9
99946.5
32154.1
37935.9
30697.1
46708.2
33555.4
61627.3
56688.2
33291.4
47271.4
36997.7
29305.3
39249.4
45280.3
62181.5
50219.8
37359.8
61977.5
63872.2
28650.9
51088.8
41770.1
30930.5
27441.6
63686.8
40943.9
34375.6
43385.4
65806.1
57867.6
37550.2
46109.8
47142.6
58473.9
39893
58097.3
51736
43518.6
38302.7
52275.2
45771.5
59393.8
53364.1
47828
59181.8
47042.6
57882.3
45389.1
34337.5
41009.7
42843.8
56418.9
57871.8
39818.9
40310.9
54422.1
51008.1
45470.2
55584.5
55787
69729.5
41293.6
50366.5
32660.3
60953.5
41214.7
46113.8
45439.9
78856.2
43957.3
43467.4
60222.9
52744.2
55673
44983.8
69060.1
57582.8
54226
59256.6
90785.4
38179.2
45741.5
34481.6
57972.1
38054.5
75597.4
51025.2
64388.6
72000.6
51835.9
42096
48691.4
45460
67345.8
67808.6
64786.3
55675
30896.6
32519.8
36214.6
57405.8
32968.5
63090.6
36573.6
61751.8
57874.6
26246.8
31136.9
42947.8
66086.9
46390.1
48933.3
44003.4
42373.8
40306.4
59275
42853
36069.4
38524
47044
70728.6
60586.1
63562.9
50717.8
52764.5
28908.4
44891.8
54103.4
42139.8
45505
43190.1
43552.2
66469.9
33528.6
57704.2
61004.5
40774.6
52961.4
43057.7
68461.8
57440.1
90503.2
60534.2
56065.8
43147.7
19533
46192.4
56921
49879.1
54720.2
42997.4
38821.8
77650.4
60192.4
41692.6
39044.2
39171.2
47603.4
57114.2
48281
53655.5
32859.3
75861.2
78279.6
93060
52310.7
53159.6
48602.8
72320
60303.9
55842.6
39404.3
64079.2
79975.9
64154.2
48101.8
42654.6
52958.5
50898.9
36037.5
67223
44383
63108.2
43892.4
56251.8
38937.8
38774.1
47537.7
57902.6
68708.6
60381.5
66865
38276.8
38699.7
30333.4
96790.6
37373.4
57053.8
67270.7
49800.1
42822.5
67674.2
53406.4
79227.8
40326.5
54475.7
74227
47200.2
65250.1
48469.8
46531.8
49251.1
30937.8
33859.4
56632.4
66683.5
38187.4
50794.6
61982.8
59702
53979.8
48427.4
34527.1
57938.4
46980.3
34635.9
60303.4
64526.6
48898.7
65595.1
51355.3
74519.7
45501.1
45893.8
39657.3
54397.3
51301.4
51912.7
50732.6
40602
73967.9
60496.2
58011.7
60357.8
72077
76003.5
58589.2
29767.1
57579.4
34834.1
34814.4
46843.6
60023
63027.1
62820.9
74000.4
49519.4
49566.8
47452.7
53318.7
60597
41600.6
93763.6
44552.7
23948.3
48316
96003
52347.4
42381.6
58803.4
80900.8
44441.4
51167.8
40447.2
38117.2
71737.9
50975.5
48599.8
60913.2
33493.4
47929.2
51440.6
50645
53688.2
45396.7
34010.9
75181.9
48831
67901.3
31668.7
44042.4
30580.5
44941
45939.7
43616.5
71515.5
63551
44033.6
29207.8
58343.8
44132.9
56646.1
41716
61179.3
39286.2
40506.3
48758.9
35431.9
58122.1
33736.5
43399.9
40836.5
73838.2
27118.7
56044.6
47856.6
51023
47395.8
40952
52688.1
57711.5
53104.1
40245
45047.2
57601.3
50273.8
30122.1
42544.8
51886.9
40031.9
55909.4
65473.9
39139.6
55175.6
40198.3
45324.9
55571.4
67622.4
53049.4
45186.9
32007.4
38535.2
33737.9
43584.9
61691.5
51542.6
39947.2
25032.9
29418.9
65114.1
44180.6
45927.9
35956.1
61933.5
32087.7
49945.4
48794.7
59009.5
26189.7
48773.9
57894.1
37945.1
34222.4
46819.3
40295.8
53782.2
46103.8
42946
33243.8
36586
29495
36923.7
37072.2
67165
46212.2
60633.6
56245.9
47769.3
33923.5
58478.6
26002.6
43686.3
48380.8
76014.9
37155
43431.2
35744.7
43984.6
30819
36543.8
54345.4
43634.9
66386.1
51039
60788.9
40433.5
40818.2
89118.1
85996.4
59277.5
58673.8
41951.3
29452.1
69243.9
53695.4
44138.8
40942
66833
58693.6
62208.1
38816.3
41530.2
61676.2
71506.7
52422.6
46545.4
46759
51188.3
37521.2
42669.8
59842.4
47469.7
42577.4
59379
51301
39907.9
43655.8
41512.6
50503.8
95758.2
58893.8
54831.7
53826.7
57807
63779.8
75515.4
47671.3
36235.9
42554.2
56065
57801.9
43528.2
64533.7
30064
61775.1
42679.6
42698.6
73522.2
49488.9
67942.2
66908.8
36302.6
52003.2
29852.6
50868.2
66134.7
67785.3
54943.6
50009
74387.1
62371.2
59983.4
59574.5
57638.9
66631.7
51207.8
63952.9
49854.3
70106.4
53563.9
58093.5
68434.9
39870.2
47154.3
37691.8
43400
28003.7
51259.5
47319.7
37808.6
63346.3
68467.5
32025.1
50697.9
42980.1
50188.8
30442.9
74457.2
50938.4
45000.2
54531.8
26286.5
46540.9
54777.9
48522.6
57099.3
42525.6
47498.8
33776.7
43273.7
53108.2
38533
71544.4
40174
39862.8
39041.5
59164.6
62976.2
50637.8
35281.9
47870
43211
32088.5
66021
43356.2
66686.5
69396.8
56682.2
46074.8
55822.6
55213.7
48338.7
53689.8
67145.8
81755
57497.9
63092.6
79740
63548.3
38726.2
72656.1
45023
80879.1
61942.6
53574.3
48069.7
59925
43569.6
54452.9
59273.2
72227.8
59126.1
61475.6
34234.7
45197
55140.1
46578.7
53768.9
43277.8
74001.8
44397.8
49975.6
70430.2
52154.9
43849
31627
80719
26009.7
69938.7
31294.2
85975.2
46882.3
51482.2
56293.6
53301.3
53013.7
65409
51618
67494.8
28558.8
44373.8
52625
49322.7
53101.9
58555.5
47507.8
89030.3
62616.6
47743.9
63865.2
42087.2
49907.4
51243.7
56847.3
44441.4
39215.6
47004.9
57275
43099
75467.4
41341
56152.6
67482.2
47672.5
64998.6
43011.8
59117.7
43324.6
54270.1
58282.6
50570.3
56010.6
56976.2
29176.9
54661.8
33637
64561.6
55579.5
41291
48689
38416.6
30173.2
68516.8
52740.6
58447.6
40393.1
56716.6
65181.5
53699
45820.3
24184.9
50824.4
31611.4
72701.2
46801
43889
47410.1
58465.8
56209.1
38279.8
41509.9
54157.6
76607.4
29584.8
31968.6
28536.2
41040.6
51166.7
58850.5
40542.7
39682.7
80566.6
68990.9
20035.7
45008
34235.4
52358.6
57181
53908.6
39810.2
55887.5
43243.4
29216.6
51619.8
58496.2
58787.3
34594.3
66569.5
44925.1
50792.8
23513.3
60524.5
57114.2
71949.8
38299.7
44722.3
55029.4
33792.5
68737.1
36243
46075
90721.8
47353.4
56824.9
75457.3
63765.6
48033.7
37162.2
59320.2
71363.3
30343.8
45036.5
62583
47162.9
44440.6
53048
48303
34101.4
52130.6
33595.4
40612.9
65769.9
67553.7
23912.2
52494.6
43969.4
48150.1
48220.9
48151.2
44169
40154.6
34513.5
59908.2
46997.5
64422
34515.8
72363.4
47834.6
42547.2
57992.7
31319.9
59077.9
44481.6
45997.8
44603.5
34693.3
46690.2
48473.7
52093.4
52208
45894.9
37432.3
71488.2
32869.4
50092.6
64149.3
37658.6
44795.7
42901.3
42052.2
69521.6
44211.7
56068.3
53027.8
45757.6
42180.1
47783
27086.9
35961.5
44895.6
35270.6
51512.6
41223.2
79797.8
44668.2
70021.5
39903.9
47775
70451
57016.6
44879.9
30933.4
55384.1
43473.9
35767.8
66496.3
74103.9
41841.1
35853.5
62083.2
52248
41984.9
57811.6
58102.6
59435.4
78497
28994
56496.2
54964.1
44662.3
47128
70844.9
43037.4
64487.3
56771
57429.4
66633.4
58604.9
38429
56917.4
53248.2
66462.6
56206.6
61330.1
49269.3
63042.8
44971.7
29074.1
61172.1
63213.3
19911.2
35248
43091.2
78219.4
50679.8
45338.3
39471.6
48044.2
55797.5
45484.8
65318.1
52712.8
82505.1
36642
36172.3
31823.9
76466.4
54851.6
67804.1
67418.2
38516.2
50823.2
69893
73950.2
33805.3
72819.2
37687.8
38572.9
37170.7
44878.7
42214.8
41576.4
83001.7
33361
56264.1
45195.3
30966.1
48998
63458.9
45784.8
45694.3
45146.6
46221.9
62006.1
42600.2
49047.9
34443.2
42802.3
44151.7
38556.3
40270.8
30555
34761.1
43875.6
32419.4
50821.8
49889.2
50475.8
60502.4
57176.5
32567
57319.7
37024.4
40527.5
48405.7
57726.2
41148.1
61458.7
52048.9
43886.8
39899.6
42038.8
69092.9
65755.5
38607.8
40550.4
47812.2
57977
42752.8
48316.2
61014.6
47631
81399.2
22035.1
47841.7
35602.3
47695.3
48392.3
27427.8
50685.7
35830.7
41145.9
35180.5
40407.9
39283.8
52274.5
49096.8
39093.4
43057.8
61068.5
64363.8
46275.4
64264.5
42057.6
44160.8
44228.5
29094.3
38127.3
63365
63364.4
26621
36982.9
54074.2
66221.4
54635
52964.3
49225.4
65870
39874.1
56833
43071.3
48670
61687.4
33055
20041.2
22507.2
28376.2
50972.8
58214.1
71062.1
71985
44041.8
72645.9
44184.7
72848.7
27117.4
43133.8
40868.5
34648.2
66069.8
61812.7
33966.4
47989.2
27872.9
50967.8
60567
18777.7
57315.2
60414.4
27858.2
45222.7
53002.1
32567
74946.1
54067.2
47254
30572.6
48247.8
37879.7
24672.1
46147.9
52113.9
53552.1
42556.5
39076.8
75130.4
71985.8
35185.3
40252.6
35621.4
48568.6
41958.5
53221.6
53969
59265.5
38509.3
67275.3
48716.7
64118.5
54364.7
50740.4
52278.7
36323.3
61234.4
55944.2
99542.5
50370.4
57886.1
51283.5
47048.7
53348.4
66304.2
81999.8
59101
36392.2
35075
41323.1
56328.2
91020.3
63269.8
57504.2
52719.2
55836.4
40731.1
60987.1
66837.8
62713
44321.9
73826.8
62495.5
68951.7
64759.4
58758.4
42963.4
82037.6
48399.1
39682.5
71575.4
75964.8
81409.8
40481
48696
46311.4
42244.6
50290.7
48259.1
46534.3
70582.4
64511.6
48843.5
75448.5
28144.2
45635.4
44937.8
53883.4
43058.6
36942.4
41593
41837.6
42272.5
41503.6
40356.2
49526.9
50294.7
48010.5
46894.8
30612.9
37977.3
46428.6
35709.6
42767.7
38857.1
51277.3
37953.7
62334.5
48602.1
58725.3
37429.3
34731.3
53566.6
60765.5
56478.4
53319.6
60217.1
32587.9
45877.6
71331.8
43806.4
49677.3
82544.6
54946.3
42753.1
41745.7
38002.1
56871.2
46526.1
49495.9
75409.5
68918.3
50457.9
58925
60111.9
55170.6
33328.5
86743.2
41499.2
54935.7
49901.8
37783.3
54901.7
86142.5
66146.2
72123.8
25682.5
53737.4
60947.9
53520.1
50657.1
55791.9
50035.8
40994.2
66080.7
63083
35613.4
40248.4
49085
56992.2
44844.2
47436.5
71922
48406.3
35278.2
40690.2
35042.6
59112.2
64168
44857
49004.2
50943.7
75692
39217.7
41176.2
28193.8
55250.7
35259
50771.5
43136
58819.1
45488.5
38933.8
29919.1
55277
35351
55639.8
33726.7
48791.6
36653
69360.2
35943.8
57783.4
31927.4
50893.2
61278.5
28427.3
40967.8
31036.5
44635.5
63604.1
45374
65922.7
53948.1
66535.4
42564.8
52904.6
64704.3
85160.1
47978.3
81300.9
63307.8
25682.9
63307
43789
41288.4
46135
59540.3
67504.7
52025.4
30432.6
42828.6
59883.1
61918.3
24466.6
37816.9
28741.4
63816.7
56005
49872.2
60396.6
33746.7
44044.2
48396.5
57237
38533.8
42531
83884.2
34588.4
45708.6
30829.7
67284.8
44885.4
46358.5
43251.3
63794.8
42614.5
32499
52186.9
52967.4
61801.3
53378.9
35923.6
54023.4
23402.4
49521
79965.8
45021.4
28216.3
33375.1
48568.9
67513.4
32593
64359.9
44326.5
44422.4
59621.1
41138.5
83046.2
64139.8
65484.2
63371.6
40940.3
52942.7
34326.2
44592.9
45367.8
39008.6
47959.7
42726.2
76022.9
55653
40187.6
40119.1
83074.2
50497.7
42778.7
32570.2
60503.2
42672.6
49740
58641.7
38388.9
48434.6
50659.7
37099.4
61265.6
41554.9
45517.9
53738.4
42038.8
55907.1
48856
47244.9
57210.6
30891.1
49829.1
63757
47125.3
52546.1
38071.2
81819.4
80015
46267.4
45252.2
52993.3
53648.6
41425.8
75841.4
62339
30264.3
35882.2
49589.3
53087.7
44731.9
58209.6
27532.6
39583.7
42830
32097.4
59356.4
43248.6
34985.6
42049.9
51169
38976.6
50642.1
59043.1
49277.1
51317.4
57921
32751.1
64870.6
61138.2
57474
55372.6
50372.6
68309.8
38913.7
78268.5
41927.7
50965.5
46148.2
63103.7
25704.4
62981.8
30811.5
46240.4
41105.5
44593.7
51504.7
60522.3
58029.4
41773
53780.9
62630
58755.4
69916.2
30682.9
37565.9
35708.5
57477.5
34071
45541.5
48540.6
42889.8
48842.7
45163.4
50215.6
48645.7
56572.8
41698.4
41038.2
53019.5
44552.9
51312.1
62017.7
41068.8
46668.5
41823
45306.2
90068.5
38963.5
51238.2
63293.2
86757.8
41217.8
51333.4
57768.6
57668.1
52142.1
51155
42584.6
37043.8
36622.2
43642.2
74438.6
52230.6
61903.8
44120.6
49584.7
34613.9
56617.1
54358.4
45184.2
52231.3
52412.9
62033.2
53190.9
67033.6
55748.3
42859.8
41308.4
54723.8
65135
74072.7
44665.8
37381.8
43700.6
46005.3
54599.4
64696.1
63787.8
77356.6
49883
39581.8
69281
33500.8
50053.6
54598.8
50138.7
51218.2
33111.7
47937.5
61992.4
51855
68072.9
60140.8
29512.2
59233
55306.6
39526.7
40482.5
60907.8
88046.4
61028.2
37310.4
31657.6
45461.5
62542.9
57610.2
45679.3
54064.6
39460.9
52164.2
33181.1
63292.6
56617
39631.5
49953.5
42174.6
58387
75062.2
39578.5
63963.8
39520.1
52207
101479
69460.6
57184.9
64742.5
42705.7
54262.8
42339
61169.1
34091.8
50891.4
55020.1
51254
70571.6
53500.2
92991.8
45328.2
46907.7
36901.5
71896.8
40392.2
60541.4
86571.4
55012.2
34906.8
48260.6
64188.7
61273
55503.8
36647.3
32783.9
50698.4
27518.6
56044.1
68148.6
47248.1
51088.2
50317.6
59906.2
65117.4
58915.4
25243.4
51518.6
65493.1
62567.9
64881.4
42866.2
33012.2
44473.4
72499.8
46434.2
41844.2
81376
89051.5
60614.9
25914.6
63470.6
64261.9
63581.4
68819.2
53372.6
44163.7
34841.1
77397.1
59343.5
48986.2
56478.4
35649.3
54999.1
36984.5
69285.4
72323.2
41863
55519.6
54461.8
52116
49195.5
103012
60614.6
49930.3
37820.6
46882.9
50936.8
51501.1
57835.8
58404.7
75756.9
56695.8
43610.5
53144.1
67807
53306.4
55984.6
31370.5
42498.4
34758.2
75191.9
47372.7
58496.3
54843.4
34493.4
44435.1
53050
56643
34728.5
60387.4
38851.3
41649.8
44442.6
57823
49367.3
54304.7
42501.9
42055.9
34636.2
52701.2
48775.7
38234.2
37815.8
42835.3
31467.6
55316.6
34098.1
46557
45437.9
47123.3
79342.7
33329.3
50831.2
42936.3
44312.2
55649.4
32532.6
32519.9
29703.4
49081.9
87060.1
47969
50727.8
37191.7
59998.1
32947
59037.8
74876.4
66782.5
49512.6
57749.6
39841
34973
65687.1
79329.8
35128.7
35582.3
38907.9
42848.9
61381.6
30328.9
35126.6
39248.8
41463.3
56037.4
51240.9
50061
51294.5
31923.8
81444.2
43408.4
47706.7
38367.3
41550.6
58493.4
47385.8
35091.4
48824.2
42698.6
53905
53993
56175.9
46772.6
38173.9
73896.6
49654.6
59889.4
57485.8
62882.8
52282.8
43604.3
49441.4
61676
58536.2
65506.3
38892.1
73460.2
76979
44534.8
49434.5
81346.9
52527.1
75789.1
52815.2
48591.3
28619.7
39610.6
85426.5
39943.8
34873.1
60234.2
76157.3
40445.5
46008.8
65011.5
40311.4
56160.4
24880.9
52833.4
51428.5
41742.3
45618.3
50124.4
59047.5
60014.7
64035.8
48666.6
47402.9
32226
60865
39842.5
51374.7
47058.6
47592.4
33460.6
39924.6
50169.8
47807.2
47337.5
64221.3
51799
27024.8
47014.8
82536.6
60148.8
53172.6
49159.5
45047.4
29182.8
59360.3
48210.9
50206.2
48121.1
43909.7
55461.1
50420.2
46586.5
55385.2
47926.6
34337.4
35599
52230.8
49689.8
67315.7
67740.6
50149.3
59005.8
42667.7
26045.3
75296.2
29592.9
69274.6
59431.6
28571
40046.2
52983.6
60568.5
37385.2
57807.2
72533.8
44250.6
41862.3
69748.5
54434.6
71620.7
59374.2
46835.6
36056
51258.2
40692.1
41580.1
56969.5
51331.1
36350.6
26464.9
46909.6
55701.5
27092.1
44907.8
51315.4
74188
32900.8
46655.5
43267.3
40171
31897.3
21874.1
42779.3
25849.5
40219
50798.1
39730.6
51391.5
41234.8
38492.8
50772.6
36423.7
43820.2
31300.7
23015
48735.8
54583.3
20455.9
45115.6
48335
39071.5
41705.1
43031.8
59829.9
28251.8
43454.8
42101.2
57492.2
51878.6
25741.5
45816.3
29411.9
47934.4
38824.6
58759.4
54403.4
26188.6
49473.7
49779.5
86423.4
61930.7
61158.6
67430
31278.9
56233
46655.1
46702.4
47998.5
42655.1
39500.1
50655.8
52411
77273.3
41759.5
33390.3
47041.1
25285.7
53629.4
50393
71826.4
31860.4
70217.3
83635.4
52457.8
52265.8
83042.8
47186.7
41402.3
48305.8
50485.7
45349.4
39034.5
41707.4
53191.4
44917.9
51006.1
81715.7
70502.6
58937.4
59646.9
78144.2
58607
47951.7
80251.8
43850
41580.1
45761.8
48151.8
85940
71609
57564.9
56329.3
42823.7
36662.2
40315.6
47954.8
41653.4
68157.8
60098.6
53616.8
84909.8
46564.5
66777.8
79010.8
48462.2
52586
37956.9
67991.2
43493.4
55228.1
61125
36638.6
76834.6
56005.4
59263.7
65274.6
52522.5
65910.2
61966.8
42364.6
56788.8
44235.3
74186.2
63300.6
23723.9
58247.8
83807.5
67871.1
50331.5
58224.6
56470.5
43305.7
31958.4
51767.9
52042.4
41832
61324.6
38180.3
74689.6
36027.2
40055.8
44494.6
40609.8
54075.1
54029
32675.2
65954
30239.6
29611.2
49358.6
50243.3
33597.2
43491.9
38237.9
50032.4
67386.3
57177.2
78232.9
35129.8
45787.9
43069.5
47161
56388.8
62932.2
46710.1
46623.8
62121.1
46487
60125.6
58214.5
49664.6
32620.2
65626
40483.9
62316.9
62243.4
73429.7
43846.3
46614.2
54919.3
69956.8
58525
51011.8
88341.1
63870.1
40013.2
41135
37829.3
68021.9
53135.6
41300.3
74140.5
48897.9
39580.5
52833
59779
35651.3
43999.4
74270.3
47956.5
52917.9
50911.1
32883.4
42105.8
46315.1
43018.2
43171.1
60194.6
49034.6
45090.7
48160.1
52373.1
71940.6
40050.4
42457.1
62032.6
38871
32531.4
52465.3
27931.4
61725.2
53116.3
49940.2
54997.8
44247.8
46320.8
50250.3
41365.2
52652.9
38877.4
40003.8
40752.1
53775.4
37627
27193.8
32647
33313.3
49478.4
55737
46804.5
29131.5
25707
44477.5
44214.1
37560.8
50385.8
69506.7
73647.8
38212.8
29713.8
51483.9
47698.2
72987
81268.7
41204.7
38352.2
62499
47360
38587.4
49162
60628.2
58038.7
48243.1
33987.2
49825.8
47287
41236.6
30361.4
35192.2
45758
43806.7
28599.9
48037.2
50660.5
64133.8
44212.4
58116.6
36027.2
49377
57162.1
75637.7
65226.3
63214.6
48963.4
26912
52121.2
52705.8
58806.2
44272.4
71414
36965.4
58439.6
45636
29683.8
45166.2
56952.7
29963.1
41450.8
45193.6
66232.1
48506.9
58883.4
46451
43612
40458.6
38926.4
47694.5
44269.9
50215.4
38046.2
49911
34561.4
51496.2
35633.4
56155.3
38021.6
48423.6
45234.1
73353.8
43836.2
50600.2
49286.9
29785.7
44031.8
35243
59612.3
51462.2
35906.2
52847
42797
31458.2
41135.3
45174
67337.4
43408.2
44495.5
23640.6
72156.3
43247.9
41715
41659.4
37117.8
24762.1
82195.6
88691.7
51161.7
49886.5
51746.6
53946.9
24308.6
55327.8
43662.2
49607
42615.6
60475.3
30791
75339.8
70292.4
54309.8
76995
31221.7
35603.8
39899
42455
56086.2
46618.8
44099
61558.5
42903
56517
51992
53840.6
69657.7
50171.9
34800.8
57262.2
46174.4
23031.5
55626.9
52946.3
87975.8
87019.6
55627.7
44338.6
61199.4
51510.7
49722.6
72819
44060.3
45134.5
62968
84346.8
51841.1
51922.8
62490.6
67063.6
47113.9
41257.2
72633.2
43259.6
57149.7
58927
69167.2
49383
20981.9
42657.5
64515.8
31009.2
35340.9
51105.4
35879.8
39918.2
55386.8
43643.4
49316.6
45934.5
69474.5
35292.1
27882.6
40904.2
58683.7
49789.3
49017.5
50401.2
35448.8
39011
52600.9
29334.9
64243
57211.8
44182.5
46474
25863
32818.9
50272.4
33182.1
59499
53927.9
51577.8
47637.2
55819.8
58433.7
43126.5
21999.7
33535.6
39818
50559.5
44382.8
40733.1
43585.3
47159
33414
63861
35092.5
38003.4
49405.4
40060.2
46300.4
37393.4
64565.8
31854
35028.1
51106.5
46158.1
49277.9
53804.2
18969
75503.4
48624.9
81463.1
72850.6
44009.7
46801.3
53018.5
54256.9
36053.5
43168.5
63154.9
61714.7
76073.8
69215.4
44634.2
28382.1
55774.6
40440.5
51981.4
54136.1
60823.6
37108.7
33682.5
45930.5
38048.9
47209.8
28514.2
48802.7
43289.2
27535.4
39078.3
52722.7
49867.4
45946.6
43893.7
38800.5
46954.6
56735.6
56678.4
57312.6
94704.4
51389
60467.8
64635.3
37387.9
54950.5
64248.6
60327
49093.2
44811.8
63373
48054.7
39392.2
52413.7
42294.2
85822.6
36482.8
58550.3
60909.7
28946.2
30114.7
60125.6
44942.6
70072.2
49237
52021.8
47808.4
63703.8
42838.2
63420.3
61647.3
51031.3
48069.7
40559.2
41245.4
39318.2
47402.1
62249.7
35430.2
43011.3
59073
51908.5
57261.7
71547.6
60622
52305.5
44786.5
37756.7
80896.5
35269.6
30784.1
36564.7
34591
47074.7
51781.9
62929.4
41094.9
46651.8
46211.2
43847.7
57736.6
32791.3
13069.3
75123
58244.4
82030
49383.2
48254.7
45697.2
38126
37465.3
54743.7
38695.6
46690.6
49392.6
68802.2
58629.7
43169.4
47423.8
74240.5
44108.2
55425.1
38280.6
47455.2
34021.5
65874
50904.6
47890.1
42565.1
91592.4
73029.9
52044.2
46964.6
73297.5
41733.5
80562.3
78401.4
66255
46495.7
48719.8
41474.6
57625.5
52972.4
77642.4
69979.1
59732
47550.8
31348.7
41786.2
72289.4
54510.9
51744
55673.3
86051.8
29333
75929.7
30630.5
52039
62253.5
50774.5
39097.8
41886.5
55198.9
67552.6
39069.7
39053.3
61176.5
77987.3
67911.3
68013.1
40991
58852.8
69701.6
42822.9
64516.7
52686.2
38824.2
46936.1
65056.2
75272.5
51549.3
59319.4
45532
59217.2
27378.6
71345.4
57999.2
43766.9
68117.4
59410.7
44988.4
34781.1
38633
48539.8
46596.3
72548
37988.6
41097.9
43780.4
68467.4
27283.5
61554.6
52447.4
28908.8
45201.6
20587.4
38392.6
54973.2
72573.7
65664.7
39350.6
24024.5
52996.7
36788.4
63240.8
57523.2
68237.3
46664.6
28717.7
38541.4
78211.3
49117.8
104383
45089.9
49609.4
52712.8
46947.5
44780.7
29873.8
57299.4
49543.4
42223.9
46214.8
29427.4
88538.8
67684.9
56753.3
29328.2
89672.4
41139.5
47610.2
36923.4
37620.5
51890.6
36171.6
46297.4
65909.7
43709.4
51784.6
60816.2
38573
52615.4
56887.4
57581.3
52035.2
74411.8
51614.4
46160
55109.7
52669.5
46196.4
55793.2
35150.4
45407.3
50321.4
28192.6
50443.7
31256.1
58603.8
43990.8
40824.6
61686
48718.2
55446.5
48615.1
52290.2
44732.6
44334.3
36303.1
32513.2
36400.9
44054.1
50220.9
46107.8
59855.2
36662.2
37090.1
36010.1
46720.9
48255
33898.3
57308.2
43572
35191.7
53529.9
44590.2
42419.6
41949.8
35021.3
60359.5
81946.3
33613.4
43550
45890.4
85475.1
52992.6
33841.8
34315
28562.4
52735.1
48729.8
54368.1
48327.8
48149.3
56484.2
51315.3
79291.6
42233.2
49689.4
41820.4
49748.2
52323.5
55880.9
49585.7
33471.1
34709.4
23641.1
61181.6
51720.2
61617.1
45375.9
63161.8
41307
64466.3
30042.5
59387.5
33663.4
45845.6
37565.4
38824.6
43784.7
36867.5
40271.8
42755.9
38938.2
36022.2
45906.2
36524.3
52925
43552
38443
49997.5
46559.5
44045
62736
52027.1
38131.9
43161.2
62868.2
52135.1
41889.8
22203.1
33390.1
64841.6
43749.8
62857.7
55182.2
54588.3
43062.7
38718.5
67160
49573.9
53641.5
50969.8
48366.4
41317.2
36678.6
47366.6
56121.6
62996.2
49503.7
100201
51692.3
43098.9
39543.9
70649.2
55357
57011.8
41749.1
42410
60217.3
36387.6
51588.9
55004.5
54423.1
50576.8
36333.4
46730.8
68372.5
40228.3
58269.4
73125.8
53466.9
60057
77021
46489.5
40823
48447
61858.8
28659.4
43464.2
69622.2
64097.9
41933
59067.3
45057.1
45157.4
50187.8
43933.3
35235.9
55378.3
47075
36338.5
39556.9
38587.8
34649.8
74388.8
54343.9
41091.2
20684.6
54557.1
39472.9
65559.6
54500
72561.2
41984.6
50791.9
56080.5
50646.6
61383.8
60799.5
39330.4
60994.6
31250.7
80526.1
33001.6
60294.7
56718.3
54186.9
58052.8
56617.1
40314.5
59169
39428.3
44654.2
69860.9
64843
81084.6
34906.9
56081.1
55781.1
29457
57012.8
41582.7
45115.2
35579.8
44709
44686.6
50480.2
57574.5
33087.3
54699.7
48363.7
35171.4
37820.9
57879.8
48715
29618.6
58101.2
58479.5
45398.6
45842.5
49926.2
67905.8
41056.9
48165.7
38037.5
40706.5
50407
87609.4
26400.5
66508.1
35583.1
38804.9
39946.2
40134.4
48499.9
46043
40361
60409.7
49800.7
25256.3
75594.2
43992.7
73312.7
35751.4
58767.9
35829.5
43374.6
30779.4
53622.6
38534.8
58896.8
68791.2
58820.4
39401
52592.9
42502.5
38378.3
41680.6
41083.6
44936.6
55738.6
75542.7
64220.2
38375.6
63641.8
64904.9
48479.7
50058.2
45469.4
81704.2
65734.2
68957.4
48781.8
80068.9
80916.6
50817.2
40177.7
66474.2
77667.2
72738.2
88779.9
45858.3
43454.2
39802.9
64259
57853.9
83387
67063.4
63187.3
60450.2
47475.3
47892.2
83689.4
52419
57983.6
64062.3
58186.2
90123.4
58439.1
59544.2
70439
48630.2
49536.2
55016.9
45333.1
70519
63163
68590.6
55935.9
70919
63882.9
49791.4
40729
76697.4
76750.2
40485.6
67849.9
57213.3
48438.1
75115.3
42907.7
64633.7
51971.8
55387
59272.6
47548.2
38054.5
58408.6
70072.3
78070.5
63560.7
91479.1
35980.4
58019
46853.6
96754.1
59952.5
84739.4
77690.6
42207.6
52684
62197.6
83709
91026
47868.9
79015.8
100016
67188.3
42924.4
54668.6
42934.6
59162.2
50413.3
68799.7
47370.3
47063.4
75570.6
62536.9
77417.2
52869.9
52170.9
38514.8
36180
33162.9
50659.6
62873.6
45467.8
43176.9
47454.8
50384.5
59317
51888
30195.9
55142.2
68377.8
83579.6
50288.5
53281.3
47836.9
33004.6
66655.1
61750.5
59895.3
29439.2
39155.6
43439
57666.8
66109.7
62445.7
54269.8
34262.2
40878.8
38282.6
44039.9
36718.2
66874.2
55790.6
58345.3
50326.8
45924.8
37900.6
55877.9
50502
37867.3
32106.6
29775.6
29717
45300.2
35210.3
52590.4
29378.1
50205.8
37054
62849.5
39267
68075
52743.4
33063
41329.8
73299
65007.8
54420.2
56914.5
77475.1
28205.4
68278
74993.8
93016.8
50006.4
50167.9
56879.8
52085.9
29759.7
40249.6
60916.9
37294
90206.2
79871.6
76911.4
66265.2
72158.8
55334
45057.4
50763
77185.4
46425
65107.5
52726.2
79408.2
48123.4
70246.1
57873.4
60009.8
69252.8
55980.4
60659.5
47737.9
71622.2
58870.3
62775.8
71262.3
60715.5
40917.2
54659.8
41528.2
33925.7
46189.1
36153.5
44579.7
46171.4
67365.6
31223.2
48359.4
29884.9
65280.5
38457.8
55098.7
66875.2
34487.1
43900.3
55505.2
48290.5
59764
40121.1
30776.1
63001
56583.2
37886.6
39265.3
30922.2
38303.3
42009.6
38705
45239.5
53959.5
63988.2
37184.4
41720.3
57526.5
77425.8
31645.4
25929.4
53405.4
36368.6
38747.7
53702.7
71882.9
39130.3
53301.3
33734.2
74797.9
54534.5
40950.5
56313.2
32975.4
28978.8
46182.6
54794.5
36865.8
30983.8
90284
45646.4
31162.3
50506.2
27486.3
50896.2
47192.9
53365.4
46319.6
54315.2
33233.2
45764.6
44310.4
95306.6
31071.1
36949.7
33455.9
20904.5
41705.3
59977.7
64517.2
38525.4
48571
33590.7
58242.1
30722.9
34775
47087.9
24790.7
54996.6
40227.3
64118.1
47262.4
48076.6
27615.1
34372.3
47986.8
36823.6
46758.2
66570.9
48252.4
38993.9
43190.7
64024.2
36118.5
47300.7
35160.4
34669.2
67466.6
47822.4
56641.6
60501
37352.3
52327.2
41487.6
39641.8
47991.3
62149
69907.7
38483
37648.6
52528.1
30539.2
64745.8
29639.8
61241.5
38693
40200.9
58491.7
28760
43161.1
40519.7
36440.2
55264.9
64443.3
49090.8
39418.8
29123.2
37253.8
69445.1
42862.2
34502.3
49784.4
81846.6
92728.6
43517.5
39277.8
65669.3
54256.1
50031.2
65624
50426
32267.6
49453.3
49606.8
43656.2
56023.8
58946.2
27820.9
51615.8
40961.2
55664.9
64269.2
70483.1
35999.8
39379.3
63348.2
36617.9
60237
52411.6
57603.2
43129.4
34675.6
47313.8
66430.3
76760.4
55327.1
32791.5
59928.9
37633.7
49915.9
22239.8
34625.4
35231.9
40529.5
27194.2
55850.6
40235.5
48843.1
37644.8
37375.5
35549.4
38267.6
67329.5
46863
36060.7
56609.5
44427.8
63511.4
48593.3
43359.8
53551.8
51948.2
53373
53422.2
70635.3
53201.3
34112.8
48635.4
38563.4
38960.8
54442.1
37193.3
29153
42762.6
51809.7
94935
45112.4
40740.4
42386.6
29359.6
48703.4
43560.6
65360.4
62543
68009.5
53024.3
41713.8
54194.2
33275.4
76891.4
39860.2
38426.3
67510.6
30353.6
68655.3
35965.3
39715.4
43315.9
35319.9
28166.3
36510.1
39524.6
37108.6
34762.8
51629.5
39802.6
44053.7
51724.6
49860
69430.7
55973.2
28403.6
30401.8
34362.7
40983.5
52343.4
50956.6
31812.5
47812.8
39290.6
41234
41185.9
53584.6
30278.4
52329.1
53267.4
32844.2
62614.9
61261.4
21653.1
28002.5
68796.7
45263.3
62846.2
41336.6
43301.6
36054
54847.3
36034.7
53974.1
22141.3
52853
44430.7
60479
65237.2
43134.3
52851.2
62346.6
54573.8
35034.3
66315.9
51744.3
37009.4
34404.2
40630.6
64264.2
48307.4
38203.4
43710
57715.4
35373.1
60396.3
36386.9
32810.2
62715.3
40464
65595.1
35073.1
35711.8
55201.4
41918.3
33413.6
39336.5
35159.9
45296
55337.8
68717.5
36725.2
29768.7
48032.8
62607.1
49775
49430.2
48386.6
69140.9
21079
22128.2
43546.6
21622.5
40020.9
37999.8
31087.9
39521.5
28608.6
47007.3
52701
25676.6
46383.4
45539.4
46259
31070.2
25959.3
47028.9
63651
59598.7
46542.7
65669.8
75467.1
69996.1
30919.5
42918
54403
51032.8
68519
57473.4
44720.5
41787.9
24554.3
40931.7
48460.9
64188.6
65214.9
39222.2
73011.4
41408.2
51911.3
41420.6
50953.9
47634.6
46158.3
44220.1
49318.8
50417.7
48827.5
65362.7
51054.8
33577
38520.6
38554.7
50020.3
48311.3
57912.5
37662.8
61798.6
35565.4
37816.2
58134.5
68944.8
30779.4
48237.9
62889.2
54974.4
49159.5
46949.7
78535.8
53161.3
36339.8
44801
67249.6
47395
61833.4
57187.5
75151.5
34582.3
75110.2
75523.5
51038.9
48330
34344.2
46801.1
47943.7
50091.8
51187.3
42594.6
65229.4
43411.7
35837.9
41237.8
67623.4
53269.7
33904.7
36793.7
52195.1
54375.2
35802.3
56102.5
49179
47292.2
44004.6
46800.4
33493.1
42081.1
36098.6
45726.6
57514.1
49071.9
57352.9
69983
73716.9
50126.1
26742.7
56426.6
25536.6
55626
51577.5
39745
50863.2
45606.6
56018.4
45771.5
34168.5
40663.6
40858.3
49192.9
73122.3
58245.4
70256.6
58583.5
50918.3
64614
43463.8
70574.2
39311.7
37928.7
39877.8
40101.3
39913.6
21332.2
49727
62676.6
25085.5
38900.2
35837
35001.4
48734.6
47726.2
75667.1
67550.2
44028.6
63179.7
34955.9
58617.4
28721
41547.4
55352.6
64077.8
75372.2
55488
55877.4
62624.5
57949.9
46784.3
37115
70440.8
62250.2
61964.6
40427.6
53902.3
30836.3
72536.1
41226.9
45184.5
39463.4
43782.2
31105
50990.7
58801
52018.6
36463.5
34000.5
41187.3
57358.2
50189.6
44265
49250.7
53479.3
29565.6
36878
85500.6
52797
49985.8
42618.4
36395.4
58903.9
57708.1
61707.7
70342.6
39016.4
37975.8
43330.1
48949.4
51247.6
50604.8
44436.8
64365.6
76404.8
58460.2
59781.7
39304.2
32948.9
61397.8
47687
57511.6
42690.3
50008.9
27177.9
44139
45898.6
63195
74026.4
46341.9
48429
57835
33701
67063.8
57192.2
35594.6
54221.8
42023.9
37969.1
37293.4
57947.7
66214.4
92475.4
26329.5
71760.5
34868.6
50957.4
57991.5
84788.3
42786.6
79917.6
55952.6
38861.8
46820.2
43384.9
35390.4
52594.8
50482.9
46486.3
26286.2
36492.5
49592.8
49137.4
33300.9
67651.5
64291.2
61406.8
45461.4
44498.9
47032.2
30578.1
51205.1
65171.7
60539.2
37634
51501
44543.1
60403.3
58073.3
45840.6
72552
76705.7
59047.9
45933
44296
30711.8
47097.2
50722.7
46451.3
62270.2
48076.5
33178.5
47399.6
43819.1
55928
60146.2
47338.8
37563.7
28624
74805.7
32260
51905.4
87471.4
48275.2
27514.7
39437.4
37934.2
44377.6
62571.6
43163
58521
32663.9
27369.6
53415.1
47939.3
53058.5
68272.8
44705
41364.7
49965.4
41483.6
44517.2
48742.2
48093.7
60468
64940.3
55396.6
33627.1
62309.1
51200.2
28764.2
65265.5
30331.8
71782.6
54474.7
36768.6
51846.9
52105.2
60572.3
59400.2
91936.3
48386.6
52224.2
44255.3
82194
49972.9
51228.5
31653.2
49245.3
47539.6
53568
70000.6
56492.8
49537.8
69447
114418
91949.9
58890.3
65641.9
46521.2
60732.5
32249.5
39984.5
50006.6
53585.4
59480.8
39164.9
53197.8
62297.6
54879.5
33415.2
59932.3
51350.3
56035
52851.3
74870.1
42706.3
31523.4
67237.6
45159.1
59236.2
53695.8
46770.8
78052.2
43238.5
58608.6
43730.4
52173.7
37425
33026.1
64565.2
44965
55782.3
75448.5
45935.7
49160.6
33361
41679.2
49972.6
43192.6
79857
31997
59311.7
79623.1
55619.4
48674.9
43933.8
105390
40252.8
55754.3
60803.1
35518.1
57857.6
36512.7
55385.4
52597.3
57905
65710.7
52708.4
53583.4
48663
55440.2
56404.4
62271.5
29815.3
57729.6
25943.9
58345.8
56495.2
57236.1
51055.5
79164.2
42993.4
69886.5
44566.6
37701.8
83110.8
75762
60156.7
56316.4
34219.1
50772
38724.8
52701.8
76369.1
52609
38655.8
38562.5
50616.2
75077
50333.8
68729.4
64489
47478.4
45928.1
62899.6
60738.8
66890
53368.2
48705.4
48153.1
51366.8
87066.6
74012.1
64106.4
39941.8
49851.4
38796.8
43130.9
59848.6
89712.1
41708.4
46419
29645.6
66761.4
89239.8
42312
64007.9
56949.5
45580.7
58237.8
56511.2
60007.2
68883.8
59409.5
52522.6
22185
42299.7
49536.6
80392.3
63991.6
47525.3
48669.8
58404.2
52577.5
64576.4
57069.4
49251.9
61904.6
79227.8
74539.7
61332.3
60930
42301.4
59158.6
64994
69234
67256.3
44391.6
40095.1
51495.3
50453.8
50128
83321
60193.4
77428.2
76537.9
39285.8
51412.9
39036.8
71435.8
58384
40307.4
42995.7
31375
86690.2
48853.1
46074
67032.2
74023
47661.6
47188.6
67551
39705.3
43889.8
33968.8
44177
80031.2
44447.4
58502.4
46791
28310.8
60545
47124.2
72841.8
38207.8
68931.5
50205.9
74448
44776.4
35336.8
58322.2
56087.1
56178.2
54312.6
47631.4
48144.6
51444
77012.2
60320.6
55523.9
57172.5
73587.2
38598
83370.5
43443.4
50437
42974
54227.2
65823.8
60344.9
37212.8
69919.8
43902.7
48327.4
41306.9
39130.6
23071.7
26197.4
63517.1
44399.5
43014.2
57085.7
81568.6
51557.4
39729
49079.2
46820
69263.5
21923.2
48780.1
47232.2
64520.4
46276.6
51672.5
49615.8
61503.6
24781.6
46956.7
37871.4
51863
34481.2
36636.8
38918.5
58073.4
50914.5
56364.6
57117.3
62662.5
61399.5
29726.9
44866
42136.7
56064.3
28845.1
54597.2
63375.3
77756.9
92477.5
62509.3
58377.8
61491.8
60450.5
39832.3
60790.1
58206.6
52062.2
44537.8
45240.3
56243.4
38561.9
66689.5
69406.8
57142.1
56307.7
53425.9
42364.2
51594.8
52070.8
76439.5
55640.7
51636.2
60582.8
65068.9
47295
48369.2
41838.3
29470.7
54022.9
58090.6
39500
44795.8
48768.1
48247.1
43743.6
44276
67948.6
32736.2
54175
54592
44121.5
41536.4
58995.5
56287
80649.1
36069.8
76885.4
38315.8
29723.9
72177.6
81873.8
33824.3
51415.9
29673.9
65026.4
92220.6
50291.5
94712.2
41917.8
50633
30441.4
47651
53043.8
53408
45125.1
54848.2
41979.1
52840.9
31929.5
49402.4
37560.2
63934
65865.8
49334.6
61279.2
62176.6
61397.9
50836.9
67343
35903.5
64036.2
60601.2
49305.5
46702.7
60556.7
37503.5
48325.6
43964.4
70058.5
61042.8
30387.6
59391.4
47983.6
71902
25013.3
38903.1
67555.5
37168
44514.2
40508
37608.2
55946.4
28999.6
42779
43297.4
29362.5
27978.5
31625.8
45727.9
54581.7
34235.6
52583.8
65193.6
55253.4
63644.4
37998.4
46856.2
58150.4
44044.2
39478.9
73481.8
56159.8
40544.6
57819.4
61253.4
40202
61236.3
32815.1
54151
37182.3
38039.2
51954.1
54775.5
45572.1
55939.7
36708.2
31310.2
51330.5
62921.5
34475.8
80729
35932.1
40279.4
54688.3
45059.6
62680.5
69164
33814.4
43396.5
62655.8
43160.4
49504
41935.5
75092.2
65669.4
74084.3
30933.4
44591.4
31369.9
57488.5
83998.7
36068.8
32069.1
35525.4
67427.4
32056
43894.6
38509.8
63392.6
46148.4
47758.8
45526
80014.6
68565.9
36993.2
46901.2
55175.7
48873
45921.2
58714.7
69443.4
37389.6
72825.6
46322.2
51131.7
42720.2
51965.9
42838.2
44238.4
77772.6
50460.3
35635.4
36690.8
41542.2
31500.8
45707
54421.6
33928.8
85965.3
40459.1
33708.5
59995.6
53316.7
32444.7
39120.4
52816.5
51013.8
60263.4
57297.3
54184.2
64119.7
52048.2
34789.8
25440.2
63793.8
61251.3
43644.6
33025.2
60948.8
36720
39385.1
46950.2
60490.4
53289.3
62392.5
52088
44735.8
40628.2
41136.4
72206.7
56165.3
68267.1
58382.6
47412.9
76855
44984.1
36453.6
55610.3
37538.7
62484.3
70119.3
44729.1
81173.4
52028.1
40505.2
79344.2
86360.6
54301.4
61786.6
58351.1
78052.6
53811.2
61556.3
35219.7
80350.9
38892.9
37952.6
49062.7
53311.8
36747.1
53301.2
34071
63072.3
62770.8
59301.7
43212.5
56555.5
56121
62329
63649.8
61795
44042.6
61504.1
53577.1
31336.5
60890.3
72142.7
52910.5
55251.9
56182.4
55294.1
64053.4
70779.4
55336.8
40882.8
59998.1
46932.4
45873.1
88224.3
45111.8
43497.4
67923.3
56293.6
64698.1
34686.2
47351
49700.9
58635
56799.4
42314.5
57153.3
49436.1
65060.6
46376.6
66640.2
53875
40545
26868.2
68558.7
41448.7
65001
45602.5
48107
32391.3
38824.9
44800.3
71812.2
59280.3
56964.9
36058.2
61951
62981.9
43960.7
38860.7
42199.8
53922.5
46345.4
60992.5
58192.6
45531.1
60250.6
48309.9
50137
45536.6
29378
65840.1
40848.8
70053.4
38460.8
47830.6
52206.5
69431.7
37820.4
64827.4
47644.7
37599.9
56629.9
82210.4
54564.4
26926
46675.1
53720.6
53953.5
45839
54929.2
60509
60391.7
51883.8
56999.8
49898.6
60064.5
27217
63281.1
46916.3
46676
59911.4
68713.4
62197
35438.6
44052.2
54639.4
37613.8
68001.3
28562.6
41193.8
56056.1
51904
48680.1
56173.5
46846.7
79726.8
48247.7
62184.7
34201.5
50985.9
79284.4
44985.9
52588.6
64498.8
57850.3
47651.5
39347.8
29925.5
55232.8
57133.4
51421.2
34849
32361.9
38410.6
36424.8
53582.9
50876
44001.4
37471.6
58729.2
64369.3
39201.4
48145.8
66344.7
47521
28926.4
57114.6
42888.4
78046.2
36543
55924
52092.1
52304.2
51472.7
55698.9
35960.8
42390.1
80195.8
44707.8
55917.4
25173.5
62767.7
45058.2
80573.4
56525.7
68785.4
42121.5
44075.1
71472.6
39890.4
68266.8
35578.1
51158.4
40567.6
48119.5
40722.2
41000.7
66491.1
77454.6
51328.7
70122.7
56421.7
25643.5
30861.4
59027.7
48429.5
43108.7
73629.2
43594.2
76280.2
45134.6
46457
72238.9
70718.3
35159.8
62807.8
50628.4
40954.6
34386.4
55927.5
44557
60457.8
43970.2
33521.2
42806.8
69635
71798.6
63529
36513.2
52103
75643.4
53623.9
48687.1
43726.6
62714.7
55817.6
52235.3
59702.3
37186.8
65157.4
78192.2
64979.9
43879.9
46197.2
61651.2
67862.6
50837.4
69345.7
71999.3
34837.3
41185.7
62292.3
60984.7
66680.3
48212
47925.5
52236.1
67464.2
52269.3
74257.8
20703.4
45306.9
56850.2
46136.4
35069.8
84847.5
65291.4
34828.9
55156.7
74061.2
55991.3
76278.8
60344.7
39412.5
58072.6
52410.2
54454.4
52420.7
65616
75288.6
46906.7
45986.8
67361.1
74584
50738.1
59478.6
54024.4
100440
38877.7
64190.6
25447.5
62625.4
38235.1
36036.3
54779.3
61490.7
44459.9
43870.3
24369.9
54405.8
37771.2
41553
51488.3
40538.8
60139.6
58441.4
68613.8
70999
53095.8
53999.8
35120.2
33965.7
36024.7
57395.8
44832.6
51013.5
27958.7
33104.8
60136.6
44294.2
62555.2
40506.1
52174
32453.5
13283.3
49911.2
54249.7
45288.6
51421.5
44063.1
42076.8
63942.2
36033.3
64519.8
57614.1
50256.2
28867.8
54936.7
63060.2
59317
36590.6
54233.3
59259.1
48812.8
28279.6
61903.3
46442.9
33569.3
49592.7
62705.5
44510.1
79187.3
52515.6
57703.9
29598.3
42845.5
39682.7
50993.4
36937
67035.8
36635.6
36281.1
52241.5
68717
45190.9
62495.3
48325.5
39185.3
51132.2
56608.2
51475.8
61481
36318.4
35458
33929
75825.5
33321
89382.8
41395.8
34861
31608.3
67729
49903.2
48717.1
30539
39612.8
56501.3
27952.7
35809.4
43971.8
46791.8
54081.2
50632.6
34795.8
51007.9
26769.4
34306.2
54170.5
49986.4
64049.2
48747.8
36241.8
29435.8
54366.6
42806.6
57742.6
68394.4
61923.1
55029.7
48853.1
54952.3
46893.3
78405
44210.6
43850.6
31075.8
80143.5
46947.1
77563
62708.5
66006.6
79395.8
57222.7
74398.1
64984.7
34198.3
44961
46265.2
43469.1
53495
53263.3
70145.5
27936.7
58556.4
47865.7
50930.8
41134.2
38208.5
35083
59853
38779.2
40017.7
48758.6
53318.3
68184.8
52204.4
65346.3
44597.5
69635.1
46869.9
30144.8
60449.8
77264.1
65196.3
52033.5
55152.9
76494.6
49997.1
49495.4
52884.6
70972.5
68461.4
46795.2
47863.8
66486.3
53065.4
62390.6
48343.4
44421.4
57976.2
65638.1
58905.9
52415.4
33141.8
110154
49530.8
50182.2
40969.4
75449.2
52375.9
54873.8
72315.8
49361.8
58513
50155.7
27369.4
51959.6
33841.9
35323.2
55590.2
58342.6
36635.2
54448.4
23813.9
55033.8
77224.7
62019.1
46283.4
38837.4
68798.6
68153.1
44124.5
45551.7
29429.8
71251.4
33410.5
52511.9
47166.4
47703.2
50901
52070.1
44614.7
66334.8
55083
66623.4
48672.7
58401.4
46597
29075.1
72945.8
45084.5
86899.6
78216.6
18276.9
26299.1
45095.4
56929.8
46414.7
40043.5
67189.9
35008.4
53441
56917.4
34845.3
36616.6
42292.4
41033.1
41009.9
65186.2
29472.2
31218.6
39355.5
50711.4
39236.8
57859
39795.8
23506.1
32201.1
76729
70914.8
31023
49362.6
40954.7
63141.4
34802.6
73893.9
66649.4
35013.6
44676.7
34133
33508.8
44044.1
52627.3
64984.6
75697.9
43164.6
29419.6
39667.8
65987.2
45495.4
51486.3
47236.2
38952.9
46321.8
48512.3
39375.2
23617.4
44585.8
53713.7
51521
23801.2
47582
42352.5
48389.1
64209.4
58818.6
22355.4
40910.6
65972.6
67555
58617.7
31514.2
31725.8
70783.7
49402.1
59232
32679.8
39979
46475.4
49502.1
48514
88583.4
71548.5
81397.2
40990.2
47205.1
51491.1
62417.1
55166.2
58308.6
90281
53796.5
42043.9
63833.8
66891
34230.2
37298.3
52618.2
50865.1
25773.3
83684.5
49083.9
56074.2
38133.4
53395.9
53575.8
59513.6
46762.6
46616
37658.4
69023.4
34976.6
65336.6
31617.3
58716.7
46774.6
70659
65230.6
41214.8
49350.6
54252.4
47030.6
52850.1
42887.7
87385.4
28324.4
56132
36442.5
62482.3
36394.8
37861
73553.9
58062
43204.8
41270.8
65829.4
57100.1
54479.8
64601.9
36292.6
49314.1
57209.4
74436.1
37999.7
44652.2
39925.6
60453.6
31477.1
35430.8
32943.9
70266.6
45081.5
40129.7
22389.1
59095
60834.4
30375.4
43977.5
49792.3
48850.5
33930.2
60064.2
70572.3
47045.1
46814.4
20343.6
42480.3
46206
51533.4
61006.2
47802.7
24622.6
47761.8
43177.9
43602
45843.8
33909.4
47008.8
53951.2
30647.4
34290.2
69316.2
40759.7
40496.5
47526.2
34213.6
43462.2
38894.2
75413.8
69575.7
61208.5
36998.4
26415.1
73844.6
39840.2
50165
56908.3
71850.8
39837.3
47829.8
41337.9
62791.6
71994.8
50829.4
69995.2
40405.6
37817.3
36657.9
59445.1
53157.6
30261.9
46688.2
41147.4
43537.2
52475.5
59174.1
42098.2
73479
56743.3
48271
59196.6
51621.3
46221.4
85346.4
61545.4
39193.2
38616.6
52990
50633.5
50009.8
37593
69947.6
80025.4
46109
24456
53210.4
35811.5
63293.2
46307.4
31296.2
47490.5
46951.8
64582.4
69825.4
40717.7
50869.4
40859
15461.4
65771.4
44210.6
63882.3
37779.5
50190.2
26229.8
23037.3
49605.8
63258
65098.2
87820.5
29929.2
40071.9
30194.8
38604.9
49788.2
63067.5
71314
51226.6
37558.3
57301.2
53880.2
43471.7
41598.1
43392
41994.4
57503.6
33239.1
55995.2
36763.9
44062.3
57540.3
47938.4
36320.8
49238.3
39391.9
32695.1
40319.4
26080.7
29230.3
48461.4
68935.9
36583.1
45656.7
47759.3
45767.2
45512.6
76151.8
37929
49040
27231
32002.5
56072.3
44314
48148
49499.8
43381
52163.4
44665.2
44691.4
41706
50427
65177
40828.5
42572
29968.2
46315.5
42419.3
35593.4
40243
61191.2
60196.9
36008.6
33670
63592.2
33557.8
44929
67002.6
57154.8
50913.8
64294.2
43628.6
61390.3
52113.9
42177.4
63161.8
34685.8
42045.4
31985.3
41400.6
30386.7
33252.4
55362.6
65453.4
55099.8
45662.2
72684.8
42741.2
27227.3
72368.9
52953.5
42492.6
49548.6
41747.3
58687
46109.2
45180.8
44801.3
27970.5
56614.2
59898.3
61940.1
38633.5
37735.9
43024.7
71397.5
68484.4
47813
38726
38679.8
34644.5
53624.4
49605.1
49080.5
59791.9
59739.2
48464.8
41746.6
48045
62631.8
40335.5
44670
51396.2
62118.8
45609.8
38188
43123.2
54217.8
30439.4
68446.2
57874.8
65819
43165.3
54420.6
59075.8
29702.4
48286.2
32323.9
48807
41801.6
44018.8
26700.2
60602.2
43144.6
52670.2
28999.1
60893.2
38059
44449.3
49768.6
43102.4
68210.3
36595.4
70391.4
50641.3
39341
24114.8
37326.3
35064.3
57722.7
51734.6
40142.2
32860
52539.9
47415.8
23666.6
44046
35826.5
67290.6
42285.9
56525.8
23426
62476.9
73720.6
45790.6
56853.5
55364.7
37273.7
62250.6
62050.8
56207.9
65629.7
66538.1
46015.1
76325.9
55412.6
53586.1
72483.4
43067.9
72067.9
47321.8
37215.3
41732.8
38469.4
33113.6
74054.8
58876.6
69973.7
24598.7
41047.9
50493.1
50024.3
41309.7
59637.7
71626.1
33981.8
48621.5
84493.1
60381.5
49363.4
39673
54869.7
43814.2
61269.8
53811.4
55753.4
58737.6
49656.3
67224.2
40808.6
54103.2
56619.4
31580.4
60184.3
58456.4
76597.3
32735
56775.8
66184.5
55908.6
38821.4
45570.4
66485.4
58703.7
55927.6
44772
72776.6
46399.5
34441.3
46650.3
42889.4
65155.5
57386.8
63496.2
29730.5
66782.6
39518.6
52216.6
32323
60975.9
57777.2
62550.6
58718.8
49425.2
30727.9
32060.6
49280.8
54127.5
52816
58782.5
43672.6
57094.3
36119.3
40673.9
62856.4
57368
52204.3
35061.4
53283.4
41289.1
55953.8
46188.6
44428.3
65904.1
53943
55909.1
62719.8
58995
56191.1
46395.4
58857.8
46858.8
55446.8
33386.2
79888.2
63017.9
58591.6
57700.8
89241.1
74596.2
28248.8
69533.5
66030.4
40905
43264.2
34560.9
70739.8
52081.1
39279.7
46707.9
62524.8
55320.7
67707.5
59646.6
66617.1
37674.2
47235.9
50951.5
68777.3
86036.6
68299.2
76280.9
54112
80909.8
45845.6
52220.3
59718.7
38317.1
44736.2
49626.8
41232.3
60592.2
38489.6
63358.2
52291.6
48863
48398.6
41259.3
53079.2
66378.6
44676.4
62115.2
32252.6
48753.2
64173.4
23933.6
44741.4
40262.2
47223.4
75133.3
41471.7
53232.8
61946.6
52648
38425.6
28072.4
59542.8
62259
53066
51007.4
30469.3
43383.4
53362.6
56285.1
27347.8
49408.6
55304.2
44633.2
23148.7
44535
51791.9
57380.6
44289.2
36166.7
48212.2
28233.8
34042
51625.4
47438.7
39351.7
52819.4
46279
40429.7
38782.5
43404.7
48149.6
65050.1
61941
42662.5
58241.7
44398.3
47488.7
67649.5
63917.1
41962.7
55182.3
50005.4
58775.8
58905.5
46056.6
35787
33089.4
43963.8
42332.7
44399.2
35986.6
50520.4
34027.6
40931.1
34893.4
38215.5
37698
56033.4
34801.1
54114.3
51589.8
44616.1
56842.9
39802.8
41605
43000.6
63049.3
62267
70152.5
48422.2
62580
46511.9
48521
55856.7
26639.8
41849.8
55926.2
40654.2
43264.7
45379
52283.7
27878
44757.8
53726.5
38212.2
36109.3
62669.5
45509.6
66202
51664
50449.6
44189.4
26971.1
37745.4
57597.8
75089
39863
24538.4
45873.7
46528.5
70735
46985.8
75310.4
50778.2
55877.8
36807.2
51817.6
59939.6
77401
54986.5
70181.8
50027
71353.7
51573.7
58262.7
52131.8
43776.9
26457
63322.2
25353.2
70474
64171.3
75063.9
65943
41556.6
46651.7
57167.2
80742.5
61828.9
67803
49169.9
51841.8
74614.1
49910.2
61076
60019.3
85101
52755.5
55358.6
51945.2
67208.5
36385.1
40657.3
45787.4
31970.9
62880.3
49672.5
61003.1
37184.4
26107.4
28835.9
57154.5
48597.6
62203
69639
52569.2
22758.7
34961.9
48480.8
53583.7
44827.8
69089.4
43703.9
59860.7
60084.4
44672.4
37455.9
64292.5
39431.8
44835
50896.7
55535.8
60386.2
38172.9
58260.8
35205.7
58773.4
52183.8
60630.9
63700.2
36205.5
41186.3
43078.3
70637.4
60799.3
73697.4
40128.9
53872.1
38227.7
48748.1
42792.4
47075.6
46795.8
52249.5
45483.4
47809
57248.2
59519.8
40384.6
47533
63126.8
72976.2
59415.5
61611.3
64546.9
50958.9
50627.7
55198.2
54868.6
42624.2
76761.4
58996.7
73226.3
62827.1
51144.6
34683.7
58435
70092.3
44225.8
51946.2
72022.9
62350.9
44582.8
42603.6
36343
45572.6
34464.2
53521.5
53608.1
47269.9
68550
48752.9
59983.4
70372.7
67102.1
48967
46549.9
57224.6
38886.5
42232.6
81936.1
44709.4
72133
47433.6
65745.4
71628.9
37821.7
31909.1
38422.2
53325.1
41056.3
61828.7
68373.4
55776.6
37241.5
61919
63937.4
26605.9
46919.3
46189.7
41517.5
58485.9
51491.5
53067.6
45800.9
42173.7
38613
53276.5
44105.8
61709.3
49363.8
62898.2
53065.4
67508.9
36457.3
47573.6
37508.9
80312.4
60641.1
98964.3
25056.6
53140
69610.2
36739.2
52091.4
45076.8
47304.9
60685.8
29608.3
43022.4
78269.1
84240.9
40398.2
42702.6
29820
38851.6
57435.4
46397.4
56562.9
40501.9
66868.3
54427.3
69592.2
54913.7
46775
71285.3
65064.9
49948.4
75455.3
49275.8
38613.4
64685.8
33333.8
46190.3
57569.7
58931.3
38876.9
51839
34253.2
43749.5
45585.3
66987.2
45720.4
68657.5
38462.6
109682
37736.4
45923
60214.2
53657.7
63394
45326.5
57465.7
72023.5
56869.5
27459.4
52238.6
34742.6
69106.6
37200.1
62363.5
61082.6
48362.6
47550.9
61733.6
56704.9
61388.1
64863.4
55372.8
83670.8
44172.7
41155.6
39886.9
39052.1
57343
59342.8
36255.4
62746.2
59215.8
45583.8
48963.9
22857.2
44792.2
68580.8
36025.7
49207.2
59623
35410.6
53399.4
53018.9
41870.6
48113.3
63658.2
51526
68501.1
56075.9
71799.5
91728.7
54034.2
27369.2
74036.2
56008.1
52722.9
57818.3
45731.2
69921.9
44169.6
55490.6
59736.2
41478
41279.6
75438.1
46983
73206.9
47653.5
64904.6
60587
87843
70971.7
58225.5
40080.4
33431.1
41568.9
51939
48948.3
70175.9
41764.9
33304.4
61317.8
33311.8
61415.4
40102.2
69469
27172.2
27324.9
33242.2
55273.9
43827
59519
37361
56397.1
34902.5
52440.2
53193.1
49717.8
52215.9
22617.2
45630.8
81153.5
36542.7
40632.9
60794.3
53473
87041.6
53978.5
56270.5
22078.9
49860.2
36255.3
46644.6
54063.2
46436.5
55133
41210.7
29239.7
34518.1
40906
51457.2
45222.7
39261.2
64970.9
53364.1
63527.1
32385.8
59804.7
50362.7
30885.1
56961.6
42345.4
38551.8
71690.4
49788.4
57121
27688.3
54223
35347.4
40443.4
68617.8
24630.3
39035.5
30757
30292.2
40637.4
36058.3
75542.6
28241.4
57231.8
44175.1
66130.6
71893.5
44247.6
40620.8
28382.9
56729.4
42512.1
64753.9
42138.3
54965
46262.9
32127
36228.5
75895.9
35105.7
34080.1
61420.8
43905.1
59164.4
64021.8
60312.2
45758.6
50133.6
84437.7
49266.6
46663.6
56127
61200.5
85683.6
67436.8
65996.4
55175.2
43191.7
28492.9
53073.1
69192.1
55425.8
61361.5
53952.2
42102
32263.4
61563.8
58109.1
42165.4
40073.7
42981.2
50680.1
45545.1
32898.5
65747.7
66208.6
71970
48214.5
46810.1
37268.1
55170.3
51325.8
60866.6
63865.8
55875.4
48516.5
43741.4
30782.5
47224.1
58508.3
68814.9
41083
71080.5
83315.4
48825.4
64471.4
39509.1
64766.1
64933.6
34835.6
53006.9
51690.4
35100
53941
42059.4
61019.9
45912.9
80923.4
47821.3
40207.8
64781
44650.6
65879.1
33629.8
76528.2
63189.9
38947.4
34719.1
47477.9
43614.3
29200.1
43988.3
53906.6
51589.4
42387.7
44876.9
42809
37644.1
49799.9
46483.2
34003.7
52630.2
72712.3
29241.4
72857.8
50314.9
55466.9
51515.1
49966.6
69759.1
55949.8
62343.6
65485.1
47967.1
27526.5
71718.9
38910.4
43525.9
50831.4
50732
58307.3
74068.5
59351.6
48737.1
70238.6
52259.6
33577.8
66501.8
80834.9
49219.7
62087.4
53390.1
54852.4
53095.6
73365.5
84941.4
67263.5
46823.3
64787.8
50045.3
47529.4
50047.5
46858.5
60483
53541.3
76973.8
55029.1
34075.1
28708.1
72065.1
69950
49200.5
45231.7
62596.2
35147.3
62998.6
58126.1
63855.9
65361.8
40776.3
41348.2
37133.9
53485.8
66596.6
52807.4
62851.6
48957.7
60573.9
70190.9
41349.3
50849.8
53654.4
51483.4
49051.4
58372.8
37090.5
39935.6
32154.6
46740.9
45385.3
50232.3
70278.1
44552.7
34745.4
67326.6
53828.2
41444.3
56223.8
32995.5
44944.2
38023.7
72725.2
49740.8
50205.1
47823.2
34085.8
34139
69988.6
54995.3
50868.3
53366
48816.4
39934.9
53578.1
37703.2
78476.7
55761.2
71910.5
42303.5
61364.2
29149.8
38522.6
41083.8
72974.7
73531
55209.1
54937.6
31477
55306.1
53681.4
36101.3
43925.4
47294
30065.5
36719.2
69399.4
27068.1
23487.8
40654.2
48800.8
30245.4
61408.4
68217.9
41140.6
37176.4
29487.9
64321.3
75029.8
66380.2
40706.5
58891
46288
48637.8
52700
39662.8
33417.3
51978.2
47924.3
40017.7
56255.8
42575.8
51645.7
36926.2
39219.7
49595
79317.6
51144.5
78020.2
47515.9
21666.6
52862.2
61666.7
62335.8
44814
61727.8
46334
48757.2
60299.9
39961.8
28557.7
37497.4
50284.1
39717.3
42891.7
62949.1
58760
48777.7
43117
54929.3
41684.3
30373.9
66420.4
52713.2
39837.5
37260.6
37175.8
68181.8
60383.3
26611
57270.9
35621.8
67445.7
66874.6
54156.1
40912.6
31684
37621.2
49862
70604.6
87987.7
48441.8
56037.1
57026.2
38750.6
49681.3
25109.8
52917.9
43246.5
36278.2
50539.4
73290.6
56497.1
89067.7
54280.6
64497.1
58045.8
32273.1
71134
64694.3
92394.6
44624.2
49347.8
34052.4
56320.1
31371.8
65538.1
62118.3
62487.3
45263.4
60478.1
41489.7
39670.9
56354.7
58350.1
37146.4
35917.1
45935.4
47240.5
50473.3
31742.2
52757
41692.9
52464.4
39610.5
47753
73696.2
35014.9
42089.4
43384.8
54033
53027.4
68800.6
33596.8
49679.4
38113.6
42013.4
37474.6
59197
37387.2
51029
65187.5
53387.6
51613.4
51257.2
33994.4
81413.4
58873.8
26566.3
42338.9
66701.6
40121
50794.3
43832.9
50993
49388.2
41961.5
50395
38292.2
48451.1
32942.1
49122.6
22012.6
34100.8
48671.6
64367.4
35240.6
50035.3
64475.4
50178.5
41691
39474.2
37498.6
64043
58449.9
64179.7
33932.2
28522
31006.3
38567.2
32847
34938.1
43004.1
52174.6
38065
91011.6
32903.8
39405.1
62282.2
38615
53720.4
38027.5
50787
36512.9
61630.3
59209.2
24121.6
65100.8
40449.8
48852.3
59042.2
43274.4
64051.8
49809.8
62313.3
34472.5
54626.2
42340.2
52268.1
49498.6
48578.2
41852.6
79926.8
44825.5
28022.8
55756.4
42222.5
46448.6
61048.3
38592.6
28437.1
24993
42367
47049.6
62711.7
39511.3
27660.7
38576.6
36562.9
46043.3
61993.7
56129.8
58780.6
36153.4
48892.8
28803
41714.6
68177.3
53586.3
50520.2
40175.8
45432.7
48789.8
38673.9
38726.5
57118.8
44641.5
44749.7
32022.2
45583.4
40343.7
46081.6
52393.7
57763.2
26672.8
32732.6
53886.1
50992.7
50646.8
38756.3
51635.6
63194.7
44047.2
48305.2
48507.1
57544.4
58835.8
24062.3
46106.3
54146.6
42166.9
48565.8
64606.5
84967.6
64745.8
55178.6
43522.1
55454.1
59472
60568
48519.4
47407.9
37159.9
41218.6
36703.5
34280.2
56655.2
41154.6
48032.8
43255
51925.3
75898
57461.9
32721.9
59271.8
44656
46177
38246.5
55926.4
42963.9
58671.9
64387.5
70944.7
73938.8
51067.8
22878
27657.4
44282.2
47869.9
56136.2
61511.7
39412.5
47765
34287.7
49045.4
40853.8
51961.4
38850.2
47189.1
53000.9
53963.7
50715.1
35395.1
61587.5
58986
39102.4
50283.8
42739
56217
73961.4
52005.5
40358.9
47167.9
59645.4
64377.5
46222
35003
83417.4
45793.4
50760.6
64939.4
43595.5
35617.4
34359
50841.4
57103
48241.7
56902.8
50863.6
48583.8
36898.5
64584.7
49017.6
52653.9
40030.2
59910.9
56325
34758.1
55559.1
32487.7
45529.4
56198.8
51796
47821.2
32544.6
34724.1
64881.8
45948.2
69563.3
106439
47520.3
34805.1
41479.9
43384.4
38444.4
62825
52523.2
38388
51023.7
63428.6
32133.7
110442
42732.1
44134.4
32185.7
58153
65270.4
55037.2
41441
56789
37302.5
47329
38969.5
53115.2
43450.1
53938.6
72781
55538.1
36984
63392.2
47863.4
72921.8
47231.8
76416.7
62052.2
60551.8
70245.7
46615.8
58611
63913
56012.6
43194.2
64913.2
61530.5
75105.3
45924.2
65863.7
38378.3
102850
108271
74333
57512.2
60522.7
53685.5
59353.7
56771.5
69418
28153.4
71676.2
35859.8
45907.4
77238.8
86143.1
47344.1
47987.4
61297
41675.2
50310.6
53552.1
51847.8
23825.2
54434.1
58325.2
48152
41241.8
72359.1
37580.9
76413.5
47968.2
60574.1
39109.9
57259.1
40318.2
53266.5
41372.2
33069.3
53444.4
56219.8
35485
40051.6
46258.1
38788.8
57242.5
38541.8
33416.2
44590.9
49278.5
41686.7
28884.4
42857.8
76977
54845.9
30979.3
52689.5
38079.7
46695.5
33540
79010.6
44985.8
59790.4
46123
56314.4
82373.3
45317.3
38704.4
35786.6
46005.2
49958.8
69808.3
58094.7
72708.8
57016.2
51306
46722.6
35541
49112.7
56884.1
58965.8
39881.3
54267.4
46241.7
59032.9
79224
43419.4
56502.1
42408.6
58794.7
60505
59917.3
59806.7
37087
47407.4
49729.3
52178.2
63471.5
54819.2
38022
53830.2
56724.7
41193
67665.7
95231.8
72836
36678.5
36580.4
50042.2
54962.6
65827.8
42976.2
61906.4
31624.8
57675.8
79641.8
56844.1
34267.2
32170.2
52920.3
74012.2
53858.2
76008.9
52671.4
55493.4
50554.5
37976.6
45306.2
57904.5
54158.3
56551.8
75454.7
44210.8
62062.3
38035.7
41209.3
60702.6
46399.9
58272.3
41585.8
32327.2
54059.5
71944.6
32190.1
67891.1
47034.8
62749.8
26221.8
60107.1
51395.7
45156.6
44569.3
30592.2
54191
49310.9
75790
85293.3
32271.9
93702.5
38374.6
56443.7
48000.4
63741.4
45808.4
47488.2
48930
52686.1
54445.7
53062.5
30113.4
70206
43439.4
47003.8
44284.5
75384.5
34341.1
48418
45767.3
35994.3
50669
49236.3
31189.5
53204.9
42848.6
37841
38360.2
43163.8
68089.7
77043.8
54266.9
45523.5
65927.1
55390.6
41351.9
69363
34875.7
44211.3
36299
54236
50767.6
50784.2
42649.3
31289.2
34260.3
63934.4
50359.2
43546.2
45157.4
55185.5
70636
51278.3
34656.3
37657.7
56793.7
33623
57705.4
66582.6
45680.6
43384.6
56622.4
33479.7
63182.9
39097.1
38654.2
57260.6
60172.8
30826.1
75376.5
56355.3
79122.7
72964.4
46677.1
39188.6
49986.8
57546.6
54586.3
58009.2
67075.3
42907.4
55329.4
20990.3
29620.5
44616.2
16547.2
55662.8
29641
27325.3
70620.9
52867.7
39382.5
43703.8
41435.4
51364.4
44665.6
32213.8
63114.1
51792.8
45228.1
45328.9
41732.5
45755.1
54134.3
76718.6
47099.2
60383
43199.4
67163.5
33761
49677.9
73340.1
48402.5
48865.7
50979
34807.9
60934.5
73328.8
56434
38495.6
55343.8
42921.1
42069.8
51950.1
68258.1
92520.5
37535
66347.3
38760.1
52413.1
48515.6
78541.4
53115
60317.1
46103.7
64772.2
63653.8
37559.1
103424
70833.6
45143.3
44240.9
80361.1
32413.1
48572.6
66173
41521.3
60472.3
35973.7
50747.1
47040.2
31006
51231.8
55360.6
41255.1
42685.5
87133.4
33484.7
24254.6
55763.4
47945.6
40694.1
24519
60638.1
66837.9
35258.9
34493.8
23211.4
32203.8
32898.1
49475.9
50341
25058
26075.3
47915.8
50339.7
53248.3
32767.2
36319.7
37948.8
54436.3
45664.2
48421.7
46296.9
36477.3
30551.1
65364.8
54493.8
44028.6
39846.1
61960.2
25638.2
29009.7
40505
30805.1
53713.9
50634
55772.1
31992.8
43818.8
25095.8
51209.1
46554.6
46875.4
29962.9
54150.4
43993.4
46661.5
36337.9
51006.7
31580
41995.8
62019.4
40348.2
67842.4
44729.9
35676.2
57717.8
34549.6
41413.4
58755.5
25077.8
25905.5
34051.4
33990.9
56233.4
51655.8
64598
43075.8
50597
28708.2
63204.9
51303.4
76506.3
63628.3
26356.1
41005.4
36325.1
42524.2
72172.9
69898.8
45636.8
46640.9
28854.4
39536.6
32518.3
50119.2
58129
46741.8
33557.4
36664.4
50329.2
54134.6
49509.9
62492.5
48286.2
42553.4
27853.4
48197.9
44452.4
47755
50221.2
50242.9
60547
47676.9
26263.9
15627
23716
54428.1
33973.6
42412.2
55631.4
31288
55136.2
31932.6
28668.6
65042
42574.2
33668.2
56826.7
62692.7
32612.6
43294.2
48197.7
28569.9
27876.2
45237.2
41677.6
36952.3
30996.6
48065.2
50987.8
47193.2
78379.4
45730.6
55275
34773.5
45783.7
34959
47167.9
53253.4
69465
48852.6
50904.2
48986
61020.8
71908.2
40103.8
57760
71632.6
35223
46045.5
61822.5
71478
61191.9
50359
58703.3
35162.1
22094.4
50267.5
74977.6
34101.4
57232.4
37289.4
41207
37948.7
44687.4
49839
36929.4
35221.9
42174.2
65750.5
41245.3
45801.4
43707
83099.5
63508.8
69386
72883.4
52586.8
64633.9
48587
37573.7
38979
61079.4
35420.2
69701.3
49463.1
56881
54700.6
65625.4
49546.4
57267.8
72867.8
49744.8
43288.6
37384
39504.8
47962
56446.3
50447.8
55341.1
34342.6
47805.5
49934.2
46362.4
69207
39829
32566.3
56669.8
37510.8
34914.6
60373.5
45581.3
47142.9
28727.9
37001
39334.9
52729.4
58083.8
49923.5
77443.1
42655
64534.5
60051
48150.2
35107.4
55461.3
41512.7
76123.3
53996.6
41157.7
47386.7
38241.1
62459.6
47017.8
54967.2
42177.3
35897.7
45680.6
42773.6
51754.6
62555.8
40346.3
39156.8
36653.9
39718.1
70399.2
57950.9
62457.4
36784.6
46237.5
52370.2
52544.7
73948.4
51205.7
55471.7
55153.1
36064
54260.2
49786.3
49514.4
46735.8
67811.1
73855.9
26035.4
54462.9
57582.5
67590.6
51057.7
70026.8
33061.3
42262.2
42837.4
56989.5
39953
48291
62576
65648.3
41136.6
42505.7
59525.8
47493.4
30763.2
42218.2
50925.4
55152.6
58566.9
56272.3
38043.3
50180.4
55659
32342
44205.3
49219.1
51593.4
57141.5
52220.3
48890.4
41334.9
71857.4
62832.9
34691.4
48843.7
53074.2
54576.4
57959.1
47721.4
28314.3
36493.6
27649.6
47874.7
40624.8
31712.1
68679.4
48363.5
50336.4
42142.8
42062.3
30315.4
61355.3
71649
18609.9
61271.5
42445.6
54318.1
57577.9
35460.6
46789
49612.2
55269.5
61015.7
68468.2
66453.6
65533.1
33073.2
49041.1
53826.8
45910
59111.4
31667.8
48511.6
43643
47429.8
38158.1
46720.6
67202.9
56641.2
47196.6
62401.3
60152.3
40626.9
27184.2
62871.8
32683.9
59886.6
32303
50036.6
50321.9
42875.9
45380.9
45577.3
56012.9
28806.4
44067.7
44932.4
53887.1
36782.7
54175.6
58624.8
40993.7
49499
61215.8
32477.6
44103.2
37854.4
40191.5
55824.6
27632.7
38719.8
47901.4
39204.6
45613.7
59240.1
29624.1
53434.1
41861.9
38434.9
50796.7
58580.6
41664.2
41245.9
40720.6
23852.1
58683.2
48505.6
51155.5
31070.6
37157.5
60102.5
43750.7
51936
49428
62059.6
59191
66994.8
40894.5
51193.1
47674
29517.8
30419
45022.3
46483.5
56714.2
54933.4
69204.8
40113.3
47804.5
44193.7
46143.6
42774.5
31973.2
65458.5
37677.2
56068.1
36325
47293.6
51198.4
82164.4
60164.6
67818.3
41938.3
42608
35025.2
58607.5
49284.1
39209.2
44073.6
46840.6
31474.6
45503
58599.6
37500
59255.3
42837.4
61448.1
47368.6
52535.8
55101.4
48796.4
86135.7
67172
41272.5
39471.7
76558.4
60343.8
31665.9
47336.6
42632.2
39033.5
59538.6
55605.4
37875.4
72282
37880.3
30955.6
43005.7
55809.3
76593.1
54299.7
44265.3
51932.2
77319.8
38106.5
32504.2
45384.5
48774.9
43460.6
38036.6
52171.3
50095.3
30664.6
50965.6
41220.8
61474.6
44994.1
56707.3
31658.5
48400.6
50385.8
54339.8
68458.4
38909.5
34941.7
41236.6
44465.8
32169.2
24270.6
37113.2
45959.1
31781.9
53775.7
56253.6
34493.2
61241
45516.1
32618.4
25813.5
42842.7
50539
49505.3
56370.9
32282.6
20402.7
55673.5
35311.7
48714.1
44561.7
36924.1
52014.4
63123.2
46459.3
53852.5
40883
38433
46819.7
35826.3
47019.4
34767.1
58372.3
48878.3
18347.5
64774.2
37533.8
72686
35109.2
24319.8
44434.8
34541.8
35923
34619
61598.6
46187.4
59063
44577.8
53954.8
41842.6
45791.3
48958
63013.2
62128
43210.4
48887.9
42643.6
30876.2
51197.4
29479.4
51744.3
39423.4
43047.5
39744
79995.9
30374.1
42198
26120.6
49963.7
76132.5
56044.8
61472
45315.2
38318.7
31393.6
57117.2
38650.5
64483.4
36965.7
43331.8
34795.5
62966.3
36617.7
33515
37167.8
68276.2
58936.1
35888.3
53831.8
72244.6
53925.2
44424.3
53250.6
36132.4
45616.6
33851.8
66580.3
71012.5
38726.5
35407.8
52698.2
59866.9
35830.9
56185.7
42487.1
46790.4
50266.7
72049.4
55109.4
32665.7
44896.6
49090.4
56519.6
68378.4
47482.2
38338.7
38915
35718.8
79271.2
36691.3
49294.2
44302.7
55853.6
44794.9
35280.5
70856.2
61084.6
56925.2
61659.7
26039.5
48372.7
40978.6
57372.7
65031.8
34258.9
37508.3
49641.2
43468.6
69840.5
52668.7
78030.2
49084
55776.6
49229.7
48895.9
55304.3
38596.8
55171.7
53205.6
42776.2
66738.1
40338
73810.8
51536.8
26314.1
51850.6
87906
44880.8
46374.9
85899
35818.1
31269.8
39197.4
47617
61265
35977.4
68840.9
53826.9
29554.5
34067.1
32698
33436.3
60864.2
66250.9
49738.3
32262.3
50834.6
67234.6
62177.8
49311.4
31283
79175
56989.7
74351
56507
66455
67077.6
34654.9
29481.4
39969.5
63979.5
79040.4
51238.5
56400.6
49193.4
40205.3
39559.8
38432
72389.2
35692.2
32150.6
38698.6
41084.6
46492.2
58974.2
60775.8
59645
44636.6
41597.4
58871.6
55446.9
58110
44813.4
33890.6
45952.4
52184.7
39125.8
49106.5
48007.5
42186.7
86993.6
45465.4
36832.1
20947.2
45552.2
34667.8
63452.6
57392.4
75130.5
82620.6
38364.9
34167.1
46715.8
49608.9
35151.3
62019.8
59549.7
36441.6
75354.2
31026.2
41489.8
41213.7
45808
43782.3
41880.8
36806.2
48761
49263.1
25111.4
66287.8
44965.8
30336.2
45851.3
37120.7
66215.4
53571.9
32659.4
41999.8
48030.1
31837.8
27947.5
47294.5
42620.2
37286.9
51260
69184.8
31100.5
44696.1
30648.4
49667.4
45421.2
65091.4
64979.9
43435.1
43667.1
45908.6
28265.8
42828.6
44544.2
51964.1
53030.7
38774.7
70043.2
45890.5
35772.6
86738
63842.2
41871.6
47461.4
37968.6
44365
59729.6
41340.5
28254.3
55795.4
50849.7
44250.2
45527.4
51218.4
43132.6
41490.6
66118
54434.3
69019.4
50145.8
58755.6
42718.6
62326
49242.7
25012.2
53356.2
35523.9
51687.6
69437.1
66955.3
49780.5
67521.4
65121.9
33555.6
39122.8
58696.2
42688.9
50795.7
44579.6
55802.4
71867.2
38038.5
57530.6
28174.4
47625.5
61645.8
53467
48664.5
36797.8
64974.3
45140.2
49756.6
70533.3
36101.4
55272.4
54300.8
60077.2
36629
33832.5
47023.1
47720.7
59967.3
51654.1
38824.6
29029.4
43951.4
52143.2
55249
39788
45330.6
33729.6
60548.9
54921.2
43029.8
41115.6
51081.4
37258.6
34344.7
56673.3
30332.7
30883
43008.6
45980.6
56197.5
45650.2
49548.2
33924.5
36715.3
54718
56371
45274.6
56166.6
26055.2
50446.8
36826.8
48766
51162.6
52941.1
38571.9
32047.8
39368.6
51153.7
35195.8
34574.6
35795.5
42052.2
38477.8
48928.1
42698.6
44161
60199.7
57516.7
32364.6
59724.2
58608.2
52565.2
39677.8
38100.6
42883.8
49015.1
58090.9
63070.4
52956.9
43126.6
50945.3
61012.8
63978.6
44918.2
46046.2
62836.7
41097.5
49551.9
67013.9
53621.8
36844.2
61478.6
34686.5
40510.5
40502.6
61220.3
44804.6
63869.4
62345.4
37332.3
36241
35127
53753.9
50526.4
71436.5
47051.1
62204.4
59525.8
48008.4
35472.1
47245.9
62995.6
51439.7
68301
39351.8
51718
49687.9
86964.2
55948.3
35871.4
38735.9
64459.3
43950.2
77653.5
46130.4
69707.9
72948.5
34670.4
52077.2
54350.5
29987.5
54078
43942.6
64723.4
54279.7
54816.8
48099.4
43136.4
64449.2
72281.1
64402.2
37456.2
32963.3
41816.9
40315.9
56688.4
41490
56933.3
96133.3
30726.8
36241
51996.1
56377.6
60342.3
42729.2
63358.5
53549
49152
29512.2
66757.6
39489
31215
72573
35246.9
41894
61741.9
50274.1
45733.1
57381.7
57230.8
50154.4
46061.7
55233.5
48503.6
33329.8
66573.5
52311
39112.6
94426.5
53704.2
54822.2
66148.8
69332.6
65463.5
50501.4
65422.9
39465.8
48519.7
53930.9
57857.5
50167
51524.1
49689.8
47917.8
42640.7
55561.1
81997.1
39744.1
60639.6
52138
56357.8
41475.7
53382.8
55116.3
50339.2
28215.4
52023.8
46730
49017.4
43339.8
48968.9
52730.6
43885
59847
51666.8
23585.5
37075.9
49919.1
69931.1
70029.8
49427.8
29585.5
48304.8
59249.2
70053.4
33991.9
59241.6
48246.2
33987
33296.5
66051.4
31533
57234.5
36338.2
41221.5
45603.8
42905.1
88812.6
38057.3
57768.1
45328.5
69448.7
34002.5
45899.8
45096.1
39852.5
55325.5
54674.9
66256.6
33113.8
44036.5
41613.7
41664.6
47462.6
69737.5
51089.8
35211.2
75561.9
42144.2
60574.5
52267.8
48953.2
84251.1
79196
49195.3
46972
86825.4
43856.2
66617.9
61432.2
43768.5
43213.2
73487
56673.3
50952.1
39286.4
48924
33914
54192.5
44863.4
77707.9
66207.1
32648.4
42890
64297.3
34445.1
52225.4
55082.2
41646.2
49244.5
44451.8
30416
94355.4
51963.5
61834.6
41642.6
93542.6
58271.2
57217.6
56102.3
53540.7
49716.2
49459.6
58606.2
70354.3
49735.2
48304.5
94823.9
50733.5
42292
70437
84666.2
59401.6
59280.7
67448.2
54870.6
50345.8
39634.3
39903.8
73535.6
37856.2
33223
40600.7
46908.1
59331
67850.5
36212.1
64016.7
45824.3
45734.6
54239.4
64728.8
39406.6
51080.2
74183.8
54963.8
63341.4
63832.6
29943.1
47138.8
22502.5
45220.8
49260.9
37561.7
42248.7
68236.2
41322.2
22058.6
40349
54215.9
46929.6
62005.8
23276.3
53532.8
75333.2
33534.2
47736.6
54929.9
33513.1
63405.8
29886.9
38432
63718.7
50390.1
65893.4
52770.8
62487.9
52037.5
27353.9
40980.4
73033.8
34026.3
67625.4
33547
40691.8
28997.9
26596.9
34061.5
45345.8
52767.3
44274.8
26670
40827.7
53294.6
80878.5
27229.2
36888.2
38559.4
18248.9
38839.2
40541.9
40626.4
32532
30646.6
32617.9
28469.3
44577.8
58294.2
24981.3
41441.1
42756
21784
32366
46909.3
49446.9
26078.7
25604.1
48452.3
55451
61996.2
62191.8
32277.6
40438.7
37788.2
33270.2
47087.8
40905.6
39113.6
44293.9
56923.4
31802.2
45186.5
59293
40840.7
39107.2
59577.6
43940
35088.2
52018.6
63378.6
64101.9
59902.6
47442.3
35677
55087
68876.4
38079.4
44517.8
41813.5
35087.4
34387.4
55904.6
54784.4
59577.6
62454.3
36216
51728.5
24360.6
53932.3
64881
56308.8
21028.2
57685.6
49127.8
34715.1
45087.1
34111.5
57102.9
34010.7
32107.4
56955.8
37236.9
36796.1
39278.5
38195
37842.2
28473
57676
45341.4
49536.4
81904.6
58069.2
39900.3
42491.8
46497.9
50311.9
66990.1
50274.9
41017
74509.7
51192.1
69414.5
54574.4
31132.3
71642.3
53845
31266.8
50908.3
82452.5
56339.4
54193.4
65913.2
37501.5
62236.4
50982.4
75260.4
50215
31666.2
18968.5
36821.8
57991.6
34968.2
67430.5
39898.2
29526
33988.9
31801.7
48260.6
38650.1
73534.4
46556.6
37531.3
57639.3
34972
42857.2
53525.6
42652
51360.5
52286.3
56583.1
21294.1
35709
55782.1
30330.3
26000
50026.5
57070.9
52203.1
36715.3
46718.5
48547.3
62375.8
40837
48840.6
46760.2
58570
55658
35163.8
41309
42045.8
24046.5
57568.7
50070.8
79472.4
37728.2
38422.7
53891
81167.7
80747.9
38512.8
35729
54867.8
43536.2
56763.1
55175.7
49378.6
25671
56741.2
39483.2
47783.4
57871.1
73876.5
55765.2
45473.9
59043.6
63795.4
55664.6
35539.4
49112.5
49541.3
47531.4
61045.4
46955.9
68813.4
59179.6
40008.3
28260.5
47383
56950.4
38517.5
47248.5
49391.8
39117.4
33098.9
52083
38665.9
39535.6
80485.2
52757
31814.6
56697.4
44076.9
56347.9
62400.9
44098.6
65670
39929.3
27203.9
44809.7
54614.8
62303.1
78213.3
59619.2
30389.4
62423.4
38798.7
39794.7
48662.2
58721
49001
36187.7
45091.7
31676.4
45085
30866.5
41218
73458.2
43579.8
52220.5
48073.6
44390.1
41225.8
58428.7
39125
34338.3
46647.1
64573.6
37674.4
32810.2
66558.9
38351.8
72189.4
18838.2
39859
62782.9
34467.6
46683.1
53930.2
47802.1
30983
33373
48757.8
40891.1
52805.6
50059.4
61026.2
26504.6
36410.8
31700.8
35546.6
88702.2
41664.1
41770.8
29553.4
66905.1
37449.3
25926.8
48709.7
41436.4
40287.2
56408.8
49497.5
43464.9
57177
40193.1
61176.4
46156.3
49239
38916.5
33378.7
59314.7
63079.4
68850
46422.1
46710.6
48270.4
24181.5
48970
54882.2
48075.4
56078.9
52807.2
47963.5
48002
29757
46616.5
33591
70372.2
36492.1
77964.6
49855.5
45660.1
54451
42310.5
39165.6
26199.9
44169.9
48827.2
37272.5
36540.6
65595.4
44643.8
56175.2
58500.9
53250.6
54203.7
51342.1
57021
64300.3
59561
58607.2
63018.4
40285
50862.4
50671.8
38160.1
59699.4
58951.8
58063.9
59202.6
35518
52548.9
61719.3
55463.4
41693.3
47767.4
63248.9
42806.3
54651.4
55213
49828.5
37296.6
63480.4
38997.6
30124.6
41828.7
38197.5
60565.8
53979.1
34232
48156.2
45140.6
51746.3
47429.7
62853.7
68962.3
66552.2
58811.4
47399.4
43089.2
40278.5
86380.9
42275.5
41373.6
59092.2
44261.3
46905.4
53478.1
64407.9
50716.4
41724.9
62938.3
33925.7
59130.8
52657
46345.1
80548.4
57953.6
39071
40761.9
26046.2
66356.8
54490
57170.8
53797.2
47008.6
34986.6
56225.9
52551.2
55818.9
30391.6
33993
60803.4
30870.2
80624.7
50887.4
36508.6
41562.6
45537.5
63422.3
37622.7
55930.5
34970.3
38918.9
54838.5
50146.7
39248.5
27907.2
57709.9
39226.7
35365.2
36971.3
37971.7
39048.6
23738.2
68123.8
35095.9
39169.1
44412.1
65339.7
74991.8
57282.6
65380.1
49504.5
33118.6
39301.3
37830.6
55289.4
49919.2
38977
43583.9
56397.2
52819.4
33979
76275.4
57599.8
43971.4
43391.1
48003.2
52722.6
40465.2
67584.6
41305
44834.5
61724.7
39719.6
56509.3
61172.2
74702.3
58894.6
56268
41121.9
53779.8
87072.6
31329.8
44399.1
40411.5
81969.4
48800.5
51381.5
36388.4
52215.7
68033.9
72218.1
38923.5
61348.6
42578.6
64912.8
88403.4
33652.7
67446.3
51323.9
66430.5
49779.5
70841
31911
77773
76215
67298.8
37185.3
48061.1
42605.5
47783.3
46734.5
34943.4
54092.8
53132.2
76040.6
28929.7
43776.2
51232.6
48490.2
60045.4
47682
36812.5
41384.1
48681.7
61841.8
41434.2
64232.2
54717.4
52603.1
32847.3
74080.9
50800.1
68096.8
55459.4
32507.6
61532.1
36853.2
59519.4
67634.7
42768.6
77465.7
44838.6
42829.4
34515
56175.5
30370.6
77947.9
52477.4
61266.7
75827.2
73781.8
36236.1
53737.1
34986.1
55396.5
49531.8
53897.2
72071.1
92794.2
48827.1
54192.3
47150.1
60583
52626.6
67809.4
68995.4
50661.4
57628.6
50281.6
75156.7
78445.9
89306.5
81424.1
54152.5
69683.1
71453.8
53805.1
42001.1
64127
88013.2
60635.5
54611.4
38926.4
70609.9
42606.4
58727.5
48476.7
65144.3
54716.6
46727.4
45655.4
58177.1
58074.5
43030.6
70851
46565
81107.3
50463.9
97361.4
46644.9
55451.8
69809.2
67906.3
50132.7
71592.1
51242.3
44428.6
35656.3
79501.4
54435.4
78417
74193.4
45714.1
58823.7
67293.1
42421.4
39726.7
61322.2
81766.6
44874.6
46988.9
49590.4
46177.1
40288.7
67714.3
66688.5
43110.1
36531.9
47633.9
47527.9
44723.6
56146.6
59371.4
56908.5
31687.4
76436.2
54354.6
48688.7
48131.8
65474.2
51908.2
75984.4
47019.8
60577.7
50145.7
67131.8
35963.7
48925
63689.2
49517.3
67533
92293.7
36766.9
45842.7
54980.9
38162.3
57138.4
59277.4
67767.4
61155.6
45913
68976.7
42575.3
77048.9
43066.6
59383.4
66241.7
60669.9
38804.3
54377.9
41816.6
83364.3
62262
57025.3
74586.2
93030.3
53770.6
61275.2
40999
63453.3
47527.5
52959.4
57950.6
60317.1
51082.4
46425
57466.1
48389.2
55878.2
52221.1
50925.8
52221.6
41107
26534.2
60661.4
47162.2
57296
52682.5
51108.8
35388
42087.4
27829.3
59882.4
37770.2
46994
43688.4
70672.6
61865.8
46486.3
71547.2
39055
46527.6
28693.8
55860.6
54836
44534.6
57490.5
52523
67825.3
42125.8
44797.3
55917
53422.9
68486.4
51436.2
25272.4
46475.3
46495.6
45300.8
75605.3
37644.3
60395
50903.2
37378.4
40943.8
61991
31960.4
62704.6
38311.5
39464.1
58455.7
102131
37045.4
44188.2
37517
49665.4
55794.4
62798.8
49765.9
79124.6
37902.5
41439.6
50452
58890.5
36155.6
58665.4
60797.1
43904.1
33188.2
44508.5
52258.6
59720.8
73241.5
77629.8
31292.4
57779.4
29946.1
65652.2
38678.2
62384.7
46802.4
54095.8
69906.8
32800.8
77360.3
50459.7
48998.2
50341.9
50563.6
40211.8
68392.6
59547.4
76916.7
76059
24447.6
60032.5
30826.6
29662.2
67140.8
72176
59486.8
48426.7
29755.6
33754.7
29531.9
62412.6
65996.6
57029.4
51422.4
32092.6
37594.1
38583.1
84084.9
52239.7
45947.5
53516
48000.1
37160.9
39535.8
55996.3
67868.4
49778.5
41465.8
46824
42799.3
57471.9
75281.2
49655.7
55043.5
73357.3
49586.1
33532.8
48438.4
31260
42735.8
47543.2
63168.7
79249.4
38325.3
48703.7
45491.7
29541.9
43776.2
46874.2
44572.2
49785.8
30449.8
68872.7
44808.7
61506.5
62070.9
49224.6
48208.7
55902.5
47691.1
61553.2
54370.3
58124.1
74554.8
55556.3
74131.6
78526.2
50278.2
70882.6
86131.1
55968.6
54541.3
34256.5
37354.9
63371.2
45656.6
52677.5
43254.1
53687
66350.1
47284
55126.1
58142.2
53556.2
40468.4
67913.4
56872.9
44018.6
54744.1
50861.2
88019.7
47579.9
84114.8
48215.4
53454.2
68412.4
53941.7
46870.5
66865
48752.9
83164.4
33688.2
56682.6
67222.2
42191.3
35124.8
45485.8
53011.9
62903.8
99744.2
68776.1
44393.4
47940.3
46282.3
46957.8
51131.8
76539.8
53846.5
52665.4
49411.4
79631.8
29604.6
50925
39497.3
53827
43126.5
72004
74729
46774.6
45443.7
46594.5
71711.6
68042.4
40613.8
30478.7
81059.4
46137.8
49722.7
48240.9
35857.8
34029.3
39862.2
74924.2
64513.5
45371.8
56558.4
63575.8
30075
69275.1
76797.5
52619.2
66863.1
57261.1
54812.8
36996.4
32459
56290.7
54936.7
47268.6
52187.7
47567.1
62400.6
56191.9
72142.1
43631.7
33396.2
56867.1
56828.3
38140.3
54201.8
50468.6
53012.8
44461.6
55186.4
50998.2
61415.8
64596.2
63382.2
54827.2
59498.4
39677.7
38175.2
52746.6
42991.5
65069.2
58601.1
55380.7
66122.2
70289.4
29367.6
24541.7
63689.2
61562.6
57332.3
72828.6
49016
60335.4
60695.1
39385.4
41781.6
46273.4
55282.9
59198.6
51133.2
40925
58595.9
55829
59822.6
51806.6
40073.9
37952.4
64090.7
47901.9
70796.9
50148.5
36927
55337
45973.6
49627.3
49602.9
49782.1
69978.3
109850
57484.4
66743.5
42858.6
34045.1
62747.6
68924.7
82025.8
33609.8
88948.9
26511.7
38122.2
59854.2
61653.5
40586.7
46799
43322.1
55631.4
45685.4
26365.3
57384.8
61810.9
43128.8
39690.4
32052.3
20888.3
59903.7
65733.2
66139.4
57773.6
23834.6
55389.3
35500.6
39493.2
90074.6
85739.6
48449.1
49116.4
38008.5
58483.3
31758.6
57350.3
50238.5
58520
40287.4
78317.4
55431.8
38805.1
50450.6
74919
42917.6
40547.4
28486.4
33832
43705.4
51667
47025.8
66578.2
80224.3
45769.4
39735.6
40294.6
39434.6
58193
47520.2
67201.5
46985.4
43458.8
85619.8
60870.5
41575
42381
38223
46649
69512
80422.5
52133
70144.2
31702.8
36870
45355.9
41982.1
72289.4
73396.4
19910.2
62013
62023.6
54054
59207.6
28622.7
54057.5
44216
65624.1
41951.4
50027.3
52410.1
49613.9
69627.1
45764
54632.5
53105
99679.8
67698.2
29530.4
56004.4
57338.9
56025
41360
66609
69715.4
55535.9
59999
66685.1
56655.7
65286.1
44472.8
50112.5
47624
46523.2
37983.3
70243.8
75487
54787.8
46111.2
61678.5
37303.3
53202.2
63519.6
72127.6
54162.2
64550.1
50563.2
52005.5
69246.5
51756
74218.2
55031.1
38731
42616.4
36668.7
39095.6
64132.9
41530.8
48363.4
48311.4
39953.6
43663.8
36452.1
25197.5
62881.8
57195.4
42840
51346
54607.3
24490.3
51207.4
60627
41761.9
69459.5
33583.4
54870.9
51603.1
50312.4
68836.6
39762.2
49270.6
56625.8
64787.8
28631.7
41399.2
51235.5
52995.2
73301.4
30763.4
36152.9
36605.6
34083.2
36050.5
46028.2
36178.7
34277.1
26711.4
26459.8
46282.9
34928.6
57871.4
55900.4
44211.8
61333.8
36938.1
39919.1
39880.5
47171
19963.7
44533.8
55249.7
25530.7
32089.4
78130.7
43301.4
34693.5
37068.4
29873.5
37439.6
58351.2
73389
41705.2
50981.2
45434.6
61854.4
41266.1
49492.3
35434.6
54361.1
61009.4
50202.4
46666.9
39371.5
37553.8
78802.2
49579.5
46385.6
42028.2
44144.6
46863
47949.1
74645.2
31139.1
46512
29827.9
72600.9
44402.2
35111
49011
27611
54620.7
51431
49985.2
56496.6
51794.6
28820.6
33787.5
41626.3
77009.7
91148.4
46528.3
32552.2
38322.2
51047.5
44279.8
50186.8
56187.7
60042.2
58100.8
51591.9
32535.1
55890.5
43330.3
51408.4
48859
50365.7
37867.5
69611.6
45721.9
61458.1
73613.6
49748.2
54752.7
46878.1
61220.2
37673.7
62239
49875.4
79423.8
27844.1
49213.8
53888.2
41146.4
50499.5
54373.1
43168.1
48379
77736.1
44721.5
54470.7
40072.6
22846.6
47122.4
61004.9
38720.9
38969.9
43578.4
40084
47749.4
23369.8
35458.2
45222.7
49083
36524.7
41073.9
39047.7
63258.1
26717.7
39335.7
34912.3
44784.7
81490.5
44569.7
20744.9
33454.9
33062.7
38891.4
32177.5
108260
31711.1
29124.6
60576.1
32846.9
28248.4
54274.2
34291.9
31920.4
60347.8
25913.9
39154.8
47646.6
32537.8
25451.5
26363.8
31440.6
23103.8
26586.7
33446.2
23981.1
37504.4
50976.2
38941.9
43639
70781.4
65507
50409.7
62388.7
42923.4
25195.5
72955.3
33117.5
56867.4
42326.6
45092.2
33092.6
45901.8
67732.6
46571
55174.4
59225.3
34188.8
46631
38717.3
56301
39610.2
45837.8
46491.4
31609.8
59943.6
58534
38130.1
41640.2
66064
55975.7
39068
55854.9
76237.8
36937.4
59536.9
65778.4
56660
32032.5
41307
49304.9
56050.3
29600.2
30976.5
67038.2
51388.2
43358.8
42877.2
49885.1
56438.9
64422.5
76528.2
39049.2
35912
76736.6
34918.7
47616.6
67613.8
63269.5
48212.5
52630.5
42813.4
34513.4
54222.7
55559.4
49561.9
41443.6
48030.6
46581.2
57937.2
31836.5
56280.1
39486.5
81087.8
60684.1
63125.6
43494
38629.3
40632.9
57522
52064.4
35657.4
25693.8
62317.6
64773.8
45161.8
41233
89557.9
24725
43163.2
56328
40739.4
76719.4
59900
65405.6
56017.7
39148.6
48111.8
76953.2
49961
63477.8
41578.6
44013.4
52126.1
48742.9
48845.8
50800
66904.6
56940.4
70395.2
24175.1
61267.9
52641.1
40158.6
28090.8
29251
51977.4
50535.2
44516.9
99579.7
76676.1
31631.8
29272.8
56067
52982.1
52795.8
42296.6
53854.9
60733
57923.8
45133.7
31959.6
46588.3
41652.2
45393.5
43773
44200.2
54877.5
49884.4
30059.4
51842.4
59381.4
72176.4
45114.7
71811.2
30706.6
72670.6
67957.7
20970.1
60437.8
47259.4
55496.3
47433
76032.1
88753.2
35854.6
62226.2
69594.1
75031.4
50239
71607.4
30781.4
55187.2
21740.3
52814.2
29055.1
97917.4
70541.1
38129.6
40027.4
39139.2
53761.2
72681.8
29668.7
34241.3
41751.4
44781.4
50876.2
47256.3
45578.6
33520.3
56186.6
55489
85090.9
67750.2
59792.1
53627.6
33663.4
30071.4
50184.4
42203.2
64375.4
67544.7
37238.8
74014.6
45696.6
35281.6
60961.4
59523
41540.3
69249.4
43012
32899.1
36272.2
56493
33536.8
54127.9
36551.1
40470.6
92571.8
49090.2
31065.9
28484.1
43140.3
69464.5
53619.2
39990.7
30537.8
46894.1
59801.8
35144.1
62871.3
73985.3
40901
55103.3
40784.2
34354.7
41516.8
78059
42588
43858.7
48655
50784.4
71610.4
62415.4
59701.4
71500.1
51647.8
46344.9
42132.1
63032.2
68727.5
37713.6
67610.7
42655.7
50909.6
67327.9
54822.5
66454.7
48777.9
73574.8
65705.8
78189.4
65144.2
54157.3
61421
32241.2
67919.1
44638.7
53664.1
69028.4
50510.7
58127.7
55097.5
80370
82362.1
51940.6
51735.9
58097.5
68454.6
44591.1
38923.7
47058.2
57564.2
61147.3
51017.7
60704.2
67182.4
35027.2
49434.3
35546.5
37582.5
102563
62328.4
56697.7
60147
58880.8
28278.8
58942.6
61346.2
38315.4
43373.4
40198.2
47595.4
47859.4
81953.9
69937.1
75568.7
80982.4
92959.4
96555
36550
65067.8
81373
30208.3
43607
76892.6
85010.9
62009.2
47413.4
45046.4
40080.7
69916.7
46542.8
54818.6
71856
80247.2
51437.6
68286
46028.2
53417
40224.8
55994.7
68049.6
37040.9
44643.5
61275.7
69269.9
66592.2
38823.2
31170.7
46050.8
63628.4
39090.6
51618.2
63658.7
33213
36786.3
31733.6
51442.7
49505.1
51943.7
66304.8
60427.4
46741.1
33831.9
80028.2
46905.2
54807.1
52154.7
29179
37024.8
67451.2
51624.6
55081.6
56923
45857.3
31481.3
24156.9
46859.9
33862.8
37814.4
79598.4
47318.2
59114.4
45757.3
57019.4
63577
54903.8
76318.9
62340.4
47675
42474.3
61793
62664.8
50711.3
84863
43389.1
42061.4
52390.5
39690.7
55884.6
61559.5
68287.1
58276.6
37925.1
51419.1
46848.6
40585
56191.4
60328.7
57756.4
70343.4
36214.4
49168.6
57935.1
49543.3
71136.5
57080.9
52964.6
50431.9
67446.6
48599.7
74384.3
53962.7
39757.4
61208.3
32369.9
57496.2
48672
75588.8
109950
87534.6
58268
58938.7
43009.9
63993
81790.6
46746.2
51936.9
66933.1
54205.8
47559.8
46948.8
43939
39302.2
54205.9
69853.1
51615.7
58667
69450.6
72236.5
59734.2
57108.2
64473.8
43864.1
65895.8
69307
66155.8
65157.4
83854.6
74191.7
66795.2
44146.5
53437.5
48041.4
95504.6
48106
60616.1
63628
42645
45769
51046.6
32750.4
41171.9
49004.4
61166.7
78840.6
60207.4
51848.8
51136.3
36977.1
65832.2
59579.7
61516.6
49050.6
64019.8
46994.6
69161
61178.5
43340.9
59932.6
48542.9
47367.1
33254.3
48822.8
58884.8
65147
47901.4
51501.5
44548.2
46413.6
50713.8
64512.3
47553
52490.9
41644.5
54231
81227.1
48075.4
36458.4
62368.3
34665.8
51293.2
65064.6
52930.6
76698.3
46002
51507.9
39999.9
59038.7
64605.6
71858.3
57191.5
71673.1
50111
64989.6
43585
51867.2
38003.2
50647.2
41511.7
39818.5
60071.9
62700.9
52984.6
67313.6
42243
65958.2
47787.6
37265
82507
79841
30018.2
37717
46242.5
61929.3
60776.9
82581.9
89811.2
55875.4
66200.4
63041.2
71277.7
31809.8
34229.1
85512.3
53794.5
44114.9
38689.4
52132.1
58265.8
42646.1
63180.5
43031
68969.9
66882.2
46565.4
67866.4
44270.4
68864.7
47582.1
86020.2
53454.1
70671.8
37999.4
41353.5
47705.7
49321
34058.7
39179.6
35373
43662.2
55870.2
44732.5
32059.7
56138.2
61838.3
46174.2
23542.1
53154.8
60924.6
41881
60446.2
54203.9
29022.9
84542.9
45998.9
58113.2
61442.1
28172.6
47749.8
25374.8
47780.4
64956.2
38951.4
64585.4
27952.4
50107.4
39495.6
48120.2
73316.1
51471.7
47384.7
57283
49760.6
45492
56984.2
61950.2
52027.2
53005.3
43444.1
34392.2
40572.5
76575.9
32369
49151.3
27165.8
28235.8
69667.8
65974.1
44915.6
34614.4
27214.4
62839.9
53535.6
59525.1
76843.1
33084
45131.8
70477.1
27818.6
26801.5
63618.5
73195.7
40315
56184.7
50136.6
48179.9
44181
46348.7
45107.4
37217.8
54866.8
42689.7
71877.6
82726.7
40846.8
68227.1
47076.1
49057.3
30343.5
24200.8
42061.4
73107.1
58658.2
38505.3
68293.4
51731.1
43279.4
22581.6
53628.6
47616.4
35981.8
16405.6
20660.4
64013.6
59097.8
48057
57000
38481
39306.2
31392.1
29201
29673.2
26493.4
29077
39600
23117.7
60732.2
64623
40866.6
35210.4
47870
72004.6
33210.3
44292.5
59957.6
42832.9
63377.4
25526.2
40809.8
66857.9
47949.9
42085
56101.2
63206.2
39816.8
50671.6
26805.3
41945
52306.8
48831.3
50028.8
48893.9
49575.3
41326.5
41299.3
57960.4
41916
38690.3
48100.2
31942.2
64437.7
48850.2
32594.6
41052.6
32790.2
46133.5
39455.6
49664.3
37678.7
45105.5
39373
48067
54323.4
43699
33826.3
63239
33557.6
48232
32314.6
49946.4
35707.8
50835.7
34909.8
44994.3
32753.3
49642.3
36496.6
43250
56765.4
66317.2
34579.4
65106.8
59373.2
29016.8
51507.5
48804.8
35749.9
51620.4
31730.9
37962.7
30140.9
62623.1
55135.9
70558.6
56726.6
40300.1
71112.4
68204
54015.4
73071.5
48168.2
58685.9
34157.3
79168.1
53975.2
40456.9
54234.6
44593.8
65421
53129.8
87739.4
44870.7
74885.7
32918.6
49720.2
72665.6
56121
41879.9
84352.2
55951
66803
56656.9
52225.7
72169
58124.8
58892.9
34214.3
62689.3
38077
67239.2
67929.2
50780
40636.1
38365.4
38831.1
36815
59548.3
66019.4
58244.6
39134.6
40314.7
52816.6
45458.2
45488.2
83334.1
52951.2
63588.6
73772.2
39035.7
36517.4
53135.1
50051
39894.4
56773
59003.1
65962.9
62901.9
34530.2
49303.1
61440.6
75764.1
39936.2
62131.8
32375.9
58723.4
73341.4
44574.8
68269.2
69290.8
63841.7
94095.2
49880.3
46839.9
60679.5
73833
42815
53156.1
50155.6
58319.8
60016.8
43276.4
58895.8
73973.8
51073.3
51311.9
30647.2
34483.4
66774.1
53826.2
45528.2
56440.9
88779.2
58014.7
33907.4
48786
75680
43775.4
53344.5
31188
61457
72348.8
68843.6
57549
34745.2
41968.2
36653.6
68183
51515.4
50755.8
61416.9
35676.6
48877.1
44255.8
28817.2
53443.1
42999.2
67482.6
65652
59826.4
61084.4
37651.1
70253.4
40581.1
49798.6
49588.9
45768.6
32530.2
51951.5
36039.8
47681.9
48469
48291
32106.2
52570.7
47687.5
51031.8
36047.6
49815.7
31829.1
34561.6
62489.2
44505.3
47299.4
39708.6
36790.2
53990.4
39510.2
40429.8
39745.8
35391.9
54707.8
40594.2
59049
33993.8
46151.3
48971.8
42812.6
50829.8
57298.9
51149
73778.3
69511.4
57028.6
29164.2
41474.5
67206.2
40960.2
68492.3
33406.6
56852.9
42250
38787.8
50338.2
48918.2
47735.2
60214.7
68306.5
61199
29410.7
76758.3
38317.6
57415
58202.6
58133.4
37672.3
79552.7
38182.5
45023.4
21908.7
58161.6
46832.9
47845
69429.8
77350.9
60867.4
73106.2
35381.2
59930.8
39502.6
50397
77887.9
30775.2
61688.2
49717
65155.4
44819.6
50499.6
42451.4
53511.8
75711.4
35430.2
56293.4
37278.2
43460.9
29770.6
30889.1
75843.1
46506.5
43822.3
43938.8
59006.1
31194.1
51695
33642.1
52924.8
47570.6
55164.5
57507.5
37454.6
38630.2
40449.4
65262.6
59286.3
65199.7
51639.7
35474.2
75944.7
45128.4
82845.8
28014.8
29785.1
46547
33334.2
66373.2
61037.4
54608.6
52090.7
37392
61422.7
74791
53506.2
61548.5
31221.3
50953.1
68931.6
29582.4
84164.9
52496.2
60515.9
45215
62518.9
52255.5
53643.4
61228.1
61462.6
58786.2
68973
56758.6
45428.7
71523.1
62018.8
45738.2
54973.7
38524
38763
71038.3
46565
50003.4
51638.6
67451.9
37508.6
70667.9
45915.6
44258.6
38357.5
60776
43322.1
51046.1
45964
45665.4
53132.3
58842
56431.6
66995.1
74716.2
48790.6
30928
53498.6
46940
39699
90164
37623.8
52676.1
66803.4
57079.1
60893.1
52746.6
66303.8
44177.1
26801.9
46868.3
56869.5
51001.4
37202.6
58984.2
55993.6
39160.2
65494.7
41532.5
45002.6
63768.7
44290.4
41417
56162.2
48416.7
59968.5
57900.2
29437
48527.8
48382
40909.8
33456.6
47653.8
63263.1
37891.4
54229.7
44738.9
57001.4
53749.2
29284.7
51335.1
38524
41013
51035.6
55174.6
46689.8
73306.2
49114.2
50432.3
61918.9
46357
32486.2
64534.1
42744.1
54173.8
86826.1
74601.7
72068.4
47144.5
80433
42595.9
46717.4
45918.7
65418.7
44396.2
39589.4
47855.1
45990.5
42883
62654.3
64603.3
46645.3
53013.8
49885.4
42575.8
42956.2
54564.1
41555.4
68770.4
46714.2
48925.4
57690.3
38570.2
67893.5
42078.9
65566.2
32483.1
16134
50387.6
49075.7
31944.7
60744.5
81164.5
80425.8
46436
35955.8
43927.6
39295.8
59467.5
63171
63353.6
63793.2
40616.2
57093.9
38132.2
43194.9
31707.4
39160.6
50345.8
38245
43686.5
85941.3
59872.6
48163.1
50899.1
53099
52644.7
26907.5
36459.8
83622.6
53301
51092.1
29287
37409.4
37470.6
88380.5
48975.1
46010.5
27863
32644.2
64180.1
43408.7
63968.1
41287.6
65231
50814.6
38123.2
48509
49970.3
40473
68741.2
38374.2
65831.1
41269.8
70965.4
40812.4
43645.4
69310
52514.2
47887.1
44421
37531
51201.5
29240.1
40494.7
58373.8
19481.7
64486.3
59713.8
31314.4
29974.4
38477
43324.1
42936.6
46680.9
37303.4
58973.6
56342.6
67533.9
44024.6
28873.3
43820.6
49046.7
44921
53785.5
44141.6
42623.3
60358.1
49128.2
53833.6
31215
47345
41488.8
51887.6
33518.8
47285.8
40169.8
71868.6
28403.4
55053.8
59167.8
50417.2
52009.8
38364.9
42220.4
52148.5
56960
45800.7
51319.1
65276.1
45673.6
56751.3
44264.3
84567.8
60924.1
47505.8
62754.8
62966.7
42293.5
39902.8
62739.1
68833
52857
50129.8
39806.6
40778.9
78179.6
39304
65094.6
50935.6
49447.7
44991.7
63919
67838.3
63283
59454.3
49990.6
51963.8
62132.9
42247
55615.4
81399.3
31844.9
50062.5
51465.3
125290
54903.6
51259.1
49444.6
46765
44225.3
77675.4
71944.5
54477
44753.6
54000.6
53993.8
69416.2
56997.5
51444.3
59676.6
55103.4
76590.6
46645.7
46935.6
73271.3
50507.1
60417.3
55570.1
53559
55240.4
46759.9
57753.8
77470.3
64171.7
59056.1
33833.1
50621.3
56923.2
43929.2
77159.2
63448.8
65845.4
50118.6
38004.8
54717.4
63099.8
49447.7
55418
68747.8
31090.9
60521.4
40580.9
70445.3
39998.5
66261.8
42263
53015.3
67716.5
52798.5
50279.1
30619.8
79447.8
76460.4
82732.7
66429.3
64047.8
31752.1
38104.2
63278.1
50111.5
39729.8
68526.2
50289.9
60280.9
59633.5
39032.2
57706.6
51504.9
64584.1
37742.5
58388.6
33466.8
45966.6
49054.3
85391
60575.3
66789.9
60917.8
86531
57827.9
57888.3
84505.5
85013.1
55881.4
39042.6
69415.6
57493.7
57572.2
46065.4
50930.7
66402.2
30357.8
34264.1
63817.3
44200.3
38363.1
31920.2
70603.2
73131.5
34826.3
56668.3
49971.7
64655.7
40853.8
51003.2
48697.7
50093.9
72143.1
48338.2
67783.2
72318.6
51862.1
54806.2
53941.6
36086.3
89902.2
43140.8
56287
65430.1
49006.8
50210.3
55159.1
76651.9
46232.8
43929.8
72751.7
69537.2
53907.8
46578.3
67119.4
77916.2
53889.4
51979.9
61926.9
48904.7
48313.4
79571.8
62510.2
45520.2
55042.9
55088.7
39771
65259
62874.8
67040.6
46574.5
49080.5
42847.4
42963.9
65104.1
43771
55572.6
55492
74324.2
50826.1
68264
49576.6
44125.6
33293.3
48349.9
59795.8
79611.4
63147.1
59545
37736.9
48474.3
35454.5
34718.8
59159.8
50843.1
58164.2
45252.1
42409.8
71249.8
66060.3
42551.4
53934.6
26900.4
35857
45355.7
36155.6
61274.6
61796.2
38391.8
31400.1
39467.1
39033.2
46784.1
34496.5
22084.2
39003.2
41490.6
87365.6
49121.4
54451.1
38076.8
55500.9
18433.9
53998.5
38630.5
49496.6
79244.7
52921.4
37063
43222.6
54910.3
72151.4
49274
79315
60591
27162.6
56896.5
51116.6
47108.8
50635.5
40711.8
54043.3
58134.2
40918
38889.2
41617.8
43874.1
31037.2
69991
49588.8
50570.1
58660.9
42597
42475.2
50977.4
66452.2
80344.9
51851.9
28724.3
49701
42909
44482.3
77200.6
51033.8
44569.4
68614.6
51440
35974
57020.9
48984.2
33754.8
36994.2
65970
58477.4
54477.9
44413.5
28027.1
30235.3
63803.9
56585.1
33801.5
60939
30081.4
33011.5
71121.2
32040.2
63631.1
42269.2
59322.4
30437.2
42082.2
44832.1
39702.2
30546.5
44969.5
67736.7
29378.4
46940.9
33804.1
53887.1
70089.4
58726.6
48026.6
46563.9
44302.3
50975.4
41699.6
51313.8
73906.9
40803.5
49542.2
55790
43509.6
48857.2
46988.7
64002.4
51639.5
38871
32992.6
36495
68890.7
34634.6
59772.6
29306.7
45601.1
20350.5
24845.8
55510.8
27464.8
39010.6
38523
33033.3
48427
60625.7
77902.6
42045.1
24869.9
43295.5
32048.4
38760.1
41697
39566.4
45209
42710.5
52029.8
47419.2
42493.1
66001.4
40902.2
44461.2
56435.2
27213
50304.6
36333.4
49001.2
88026.5
81433.8
28448.1
58079.6
38656.6
42586.6
54416.2
68536.2
58248.3
80706.9
48070
38061.3
48621.6
49339.4
71024.5
47798.9
50398.4
27275.5
48271
44882.8
52712.4
61585.7
38136.5
40518.6
48031
44332
50731.8
48455.7
48127.3
26870.6
38725.4
62528.3
43577.4
47562.3
41375.8
46204
41541.8
46818.2
58562.7
79522.6
72550.8
51348.3
56036.6
42825.9
36366.1
53713.9
53835.1
50871.4
39667.5
28215.6
65478.2
50591
41172.9
57960.8
60895.4
34552
60931
21816.6
27503
40356.9
57980.2
39028.6
46179.2
35308.4
41264.5
32802
41416.9
51772.4
55979.6
47282.5
51889
54484.9
43171.5
45265.6
45213.4
48684.3
79799.6
32798.6
48009.8
32811.2
67714.7
62327.4
49549.6
54192.8
89111.9
29365.1
31996.2
36529.2
56276.8
33351
43702.7
42644.7
46143.7
58024.9
54440.8
49102.2
49395.9
31937.2
49393.5
40031.4
48292.6
35489.6
68084.4
45788.4
42726.6
54213.4
46749.2
52019.8
46157.3
67888.3
45744.4
31720.3
63351.3
55382.2
42857.1
78944.4
61166.2
49898
61205.3
47586.9
36651.4
43246.2
57427
62937.4
65728.8
78340.9
36732.2
43283.4
50452
40503.5
48925.3
42067.3
72696.4
38490.8
67881.2
33405.6
43106
67379.3
66377.5
41508.4
53158.2
50416.1
48319.1
42926.4
60882.7
57964.2
58216.1
32885.6
55994.2
45894.2
37990.8
41024.6
62341
34855.8
57406.2
34030.8
47020.6
39621.2
50183.8
56698.6
39928.5
37309.6
21680.8
51124.9
64705
55543.3
32203.9
75377
48264.7
46601.1
44225.8
48427
52765.7
46260.6
42853.4
46391.4
31560.9
41089.6
62841.8
39116.2
65557.9
58859.3
49503.8
69176.6
56392.9
54842.3
60210.8
48902.7
42461.8
39559
41096
29596.6
55573
56321
46108.7
48693.4
41765.4
52573.9
38604.9
41430.6
36465.8
43937.5
61916.7
58111.8
55904.2
33482.1
44111
63060.5
38846.9
31075.5
34391.4
30643.8
49862.3
49125.5
46645.9
36196.2
60186
41854.7
63772.9
69880.2
45006.4
37457.4
48865.6
32534.1
64867.2
39123.5
58839.6
71626.6
40052.2
53934.9
50080.7
61576.9
34102.2
86225
36176
46870.2
47282.5
45731.8
42719
32622.5
34505.1
67552.6
55550.2
38599
57964.2
37399.1
53172.3
60728.2
46478.6
42081.2
31828.3
40823.3
34001.8
22381.8
47209.3
74188.2
36015.2
51959.5
46293
43046.4
34131
44826.6
34116.2
48887.2
33200.7
58919.5
26069.6
34369.3
38528.3
71487.9
53362.1
33832.6
36878.8
31685.4
53052.5
28066.2
47513.6
54793.3
71046.9
56986.3
35955.4
29802.9
41781
54432.3
54094
56565.5
39646.6
53598.2
41153.4
29570.5
38273.8
51500.6
65813.4
40414.3
45124.1
75282.2
46816.7
44242
48350.6
62801
46773.7
47457.7
62640.9
40513.9
56336.4
45639.7
41618.6
29836.5
40657.6
46037.8
57874.8
41030.8
46350.1
52060.2
37788
55312.8
56591.6
53998.7
36895.9
44637.2
33629.4
41420.6
37853.4
40095.1
53084.8
74709.7
48434.5
42895.4
40132.2
37622.1
52089.1
53639.5
40538.9
40252.7
46893.9
79104.9
41586.3
69846.4
38012.2
71807.8
30231
41819.8
29281.2
73785.7
40664.8
75933.7
39390.7
51620.2
59321.8
43376.5
58991.5
78343
65749.2
54751.4
32311.3
57378.2
57918.2
54982.6
59109.4
28323
41989.7
29975.4
64342.1
60688.2
93779.8
32861.1
36066.2
36286.2
44566.3
43624.8
57985
69839.3
59745.7
63589.4
49752.6
45912.6
51223.1
42903
62837.6
41313
32158.6
52651.9
85859
47557.4
44541.8
35292
41880.3
60731.6
53780.2
37500.4
40040.4
54294.9
42106.7
44400.9
45239.6
65110.6
26502.8
50213.5
40384.6
42881.2
59864.2
53983.8
63808.7
36926.7
36006.3
70023.3
58464.1
34935.4
46428.5
49423
42197.7
37903.6
59538.3
46392.7
54291.2
48613.1
69172.6
48892.6
47705.4
40078.7
63682.1
45995.8
34549.8
69721
71308.4
33627
69330.9
61671.4
52129.1
49186
50899
46003.9
56542.9
58893.8
41260.2
74785.2
83544.9
34842.3
52808.4
82611.1
32756.2
69713.6
35225.2
43940.4
34120.7
43018.2
42802.6
58371.9
54368.5
44527
47037.4
32241.4
35441.8
47469.4
42769.8
40422.6
54153.7
58217.9
58481
43098.3
52570.6
44265.2
78030.8
59064.4
61171
34413.9
54519.4
61976.9
51659
39384.3
60519.7
29292.9
75774.9
56008.2
61541.2
61517
58813.4
46577.9
51939.6
33421.5
59624.1
59497.7
56563.1
47688.9
44511
40526.9
52130
67317.7
64518.5
59292
36782.9
53042.9
51841.7
45787.4
61683.4
58818.6
42654.5
62520.2
46506.2
67920.6
53337.1
66343.1
44473
68317.6
64273.8
45397.1
39860.9
43782.1
27340.5
63720.3
48205.2
54877.2
61561.6
48398.2
57581.3
38871.6
52755.8
42723
64697.9
49167.3
45853.8
37629.4
65662.6
25733.8
40007.8
59530.1
61641
65928
42163.4
54923.8
52338.4
56794.2
63001.6
45273.6
33870.2
70573.1
50170.4
33539
41251.8
50063.2
38245.8
51426.6
46445.2
57537.4
47907.2
32946.2
46001.1
36544.6
40675.7
70750.5
49094.2
29895.7
41482.6
59131.2
57075
43952.7
70522.6
67850.2
62061.2
60576
30528.6
55357
49406.5
33305.3
74090.7
64166.2
34467.1
45280.9
70175.4
37526.2
43601.7
79493.8
55966.9
30544
28822.1
52105.7
50951.1
60305.9
49406.6
64829
27981.8
46091.8
30387.1
56873.1
49402.3
48807.4
33229.2
33912
38693.8
38888.2
55652.4
29457.4
37706.8
32411.5
21798.5
48491.3
46998.6
34960.3
37966
33056.6
53288.7
54361.3
32747.4
50471.1
52890.8
45805.1
67658.6
27704.3
46155
55181.9
44347
56405.9
105250
31177.8
39045.8
45748.6
59125.4
36529.3
30873.1
70823.8
50333.6
49942.4
75275.3
70534.7
30778
51134.1
64090.7
58495.4
73214.8
48855.4
33088.5
63747.9
33136
49377.6
56710.5
52328
44975
55469.4
35595.9
51343.2
60282.6
88766.4
50846.2
46251.6
41704.2
53739.2
47051.4
50717.6
51455.3
59127.4
61506.8
46718.8
55645.5
49156.8
60099.5
71784.2
88563
45292.3
53420.2
58755
59097.2
52621.5
53891.8
71980.4
62119.5
70666.9
43118.9
77330.1
41883.8
55925.8
71609
46415.9
39448.8
58079.4
53264.7
96319.2
34642.5
40747.7
47830.4
51300.1
64751.3
45609.4
71930.5
28315.3
53921.5
72857.6
38876.8
55041.4
58477.3
48829.6
49737.5
45612.1
79831.6
55446.9
50995.2
36055
45251.9
46421.5
37837.6
78578.2
61907.3
49029.5
45547.4
31189.6
48338.8
54911
31784.9
60500
32892.6
51619.5
39310.1
36540.2
44514.6
78535
34242
46283
42530.8
41482.3
41209.8
50372.1
57322.9
46140.3
39555.6
58287.4
29082.9
48303.5
35825
61412.6
46147.5
44303.4
51706.6
29533.5
38714.8
51604.1
27089.8
46932.2
54471
69460.2
49682.9
56751.1
52282.9
64011.1
24666.8
54489.5
48368.4
46857.8
59998.1
46986.5
30939.9
68072.8
52424.4
68386.2
36744
28635
59213.8
47711.6
58867.4
50094.2
53110.2
49881
46811
60402.8
60910
30221.9
42437.9
51643.8
72230.1
42355.8
75787
52402
47734.5
30781
45150.5
34206.7
58322.1
54363.4
32047
45306.2
56554.1
55291
36740.6
70774.1
34112.2
59584.9
34563.7
53825.8
59843.8
64856.2
47118.2
39744.2
43337.5
49298.8
24680.3
42531.5
37282.9
46303
74294.6
43951.9
46484.6
91182.6
50617.1
45283.5
36399.4
66095.9
37449.8
63266.8
48168.2
45752.6
61662
42324.3
55253.4
72733
23660.5
35541.2
29365.8
30731.2
58135.8
43451
54020.9
43556.7
49393.8
55461.2
35414.1
48069.4
24098.4
35189.5
58533
22995.6
39195.9
61139
61038.6
44686.3
54866.6
47786.6
39095.8
51540.2
48494.8
46178.2
54388.3
34250.2
63209.1
55459.6
32487.1
53086.4
37167.3
38483.9
59267.4
55791.4
47664.8
44077
36122.6
43282.7
57723
63672.2
55660.9
33350.1
27946.8
59195.1
33569
32359.4
60964.6
24504.1
34246.3
67947.4
61462.1
48412.3
71488.1
66868.1
47556
31361.8
51043.9
34554.2
38670.3
49492.3
45227.4
56685.2
58118.5
60688.1
44518.2
45396.9
69502.9
29312.6
39145.4
64899.5
51180.5
35128.2
48237.1
46287.1
60984.5
51311.4
51527.7
46274.8
62916.3
41991.5
33204.2
39115
48946.6
44546.7
65182.5
40957
43034.2
38941.4
62834.2
29951.7
39526.9
46761.9
52798.9
42620.2
30124.8
36730.6
59962.2
48309.6
53478.6
43665.1
60605.2
68629.3
52047.7
61095.8
29453
54924.2
38615.7
36026.2
39730.6
53817.8
33880.4
54923.2
44012.2
51298.7
61690.2
32402.4
39685.6
51813.1
47162.4
39093.5
58282.4
55706.6
52418.3
44572.2
73601.2
91441.9
43463
54265.9
45765
31421.8
30681.1
56504.3
49663
37480.8
64042.9
71047.4
32455
52349.7
58037.9
36469.4
54910.1
51064.9
43281.6
48335.8
49393.4
24877.8
38987.5
55055
60968.7
34627.9
44287.5
50983.4
57043.3
71697.8
48161
57721.3
27388
46642.6
45080.4
75968.3
61242.2
46685
38970.2
45080.7
44772.4
49450.1
47503.8
64665.1
40305.5
47922.3
58338.2
30472.2
39442.5
43662.2
55040.2
56574.8
26363.8
39004.9
47454.9
84470.2
42899.5
43990.6
52779.2
44858.1
36380.3
58891.8
40713.8
36136.6
53473.2
51291.4
39933.6
44302.3
21072.2
48819.1
60651.6
20890.5
29118
53929.6
47864.9
52438.6
61016.3
39694.6
50320.5
63468.6
26009
29771.6
40707
39726.5
60781.1
78284.2
70190.1
74779
73149
34629.8
44603.8
58087.2
43940.3
44547.4
74316
49935.5
88467.8
55586.7
47182.4
29505
32695.7
32123
59868.6
26598.7
89753.1
44786.5
35833.4
48751
43501
50280.2
40466.1
75620.6
47075.8
61290.6
42855.5
23226.2
37858.7
45204.1
56461.9
66489.7
35130.2
53328.4
55423.9
49449.4
55767.9
37203.8
43877.5
41264.6
69221.4
89487.2
39056.7
42676.4
44265
51140.2
31316.4
48086.9
89074
39347.7
39608.6
52811.4
52058.1
44098.2
52135.6
59103.8
42611.9
35244.3
38743
54566
46258.3
63044.7
48597.6
50403.5
68497.8
40176.6
49934.1
66348.2
66834.8
66758.2
33381.6
61299.3
74440.6
60161
70626.9
61066.3
58289.5
51312.1
66790.4
53898.6
38382.2
41889.1
43994.2
54602.6
51207.7
45543.4
68390.2
63436.7
39147.2
61217.1
68196.8
45911.2
63560.5
66537.9
42173.7
45782.7
42868.3
55024.6
49146.8
54763
41500.6
40966.7
40957.9
63472.6
33802.8
46622.2
50894.6
61053.8
50152.1
76004.2
48828.6
41597.4
75605.5
41558.7
34875.9
39350.6
45864.2
37129.2
41627.2
42891
61646.5
52434.1
36743
25964.8
74736.1
41376.5
45387.9
54710.2
31332.3
33924.5
53339
81581.4
69714.6
48589.4
29865.9
42105.8
96953.8
39145.1
58122.4
96896.2
45211.1
39532.9
47072.5
80459.5
34863.8
27861.6
43972
47875.2
52705.7
36365.7
41590
53372
71984.1
44706.7
40645.3
43270.1
43096.1
25337.7
46109.1
46853.4
49373.8
50456
41149.7
69325.6
28065.3
34174.5
115062
41040.2
45185
61399.4
28694.2
46059
75943.9
63603.5
27904.8
33624.2
42135.2
42699.1
46550
41143.4
53493
50995.1
38484.2
49807
50623.3
41447.2
31290.2
56187.9
38591
39652.4
62322.2
46519.5
39605.7
41198
39222.2
41465.7
54587.1
48845
37827.3
26215.1
40587.1
32508.6
37095.8
59414.2
43161.7
47680.1
43132.1
51356
34458.2
48524.4
35565.4
37128.2
37447.2
33225.4
35889.8
50905
63147.8
50846.6
37362.6
42957.2
46039.8
53579.8
44391.3
61232.2
67956.3
53870
58928.8
58242.4
52741.3
40499.5
67945.8
35927.4
54980
42133.1
52805.7
66008.8
64531.9
38264.8
56964.7
37321.8
41606.6
62413.7
34336.4
66855.8
43523.1
32490.2
66682
39446.3
35177.1
36555.3
54065.8
43723.7
27615
27719.4
53053
55085.3
70399.2
31345.2
38290.2
26930.5
56214.5
52995.4
38553
39660.5
83434.8
33320
54832.2
59117.4
48314.6
30505.4
58190.3
40332.9
32775.6
42189.7
58964.2
61661.4
49151
50524.1
26676
46437.2
44164.7
40165.5
43328.4
50039.8
48102.9
56736
38850.2
42891.1
62289
51615.5
41758.7
61080.2
35238.2
43878.6
71837.7
51095.2
58839
56528.7
66775
45639.2
38359.9
45485.1
56751.4
64349.6
59943.5
44773.8
73755
51647
71007.9
55679.4
51684.1
47321.4
34622.6
76486.2
42006.8
57412
59230.1
55105
67565.7
49179.4
92394
54518.1
56865
39002.9
60972.6
71662
46898.6
63431.4
54761.9
39531.6
68804.6
72800.1
52634.3
62124.9
64010.3
33378.2
55316.6
35981.6
38646.2
67458.3
91757.3
62862.4
47073.8
51066.6
58731.8
41998.6
56665.9
49911.6
47841.8
23862.3
40243.8
46359.8
62020.4
33793.4
68160.6
38056.3
60568.9
34853.8
48070.6
44793.1
63042.2
46010.2
60363.8
63919.3
60140.1
59664.3
67415.4
61227
55770.8
52204
33613.9
22066.6
68819.2
32276.4
72491.4
50192.6
42557.3
39541.9
74013.7
75810.5
74826.2
72356.6
47854
36262.6
52196.6
55807.8
58090
65308.3
71437.6
42858.1
75163.8
68852.2
50301.8
50202.6
75707
39430.4
38127.8
61366.3
35470
51099.7
62296.3
74135.3
53652.4
29475.8
56389.1
48658.2
36567
53983
59869
40830.2
45304.7
45306.7
40442.4
73084.8
58358.2
66216.6
39045
38588.8
43321
58762.8
47096.7
61950.1
45691.4
59157.4
70299.1
37755
50247.5
62344.8
44745.3
59655.3
51071.3
44076.5
48618.7
42676.2
56863.1
45884.2
36636.3
30135.4
30365.8
92588.9
32583.8
28418.5
52169.7
58210.3
46617.9
53435.8
50716.2
54757.8
73772.7
30540.9
84142.4
62682.1
36630
56962.7
55561
47688
45705.2
51633.4
40857.4
51687.2
23509.8
46458.1
42401.3
46040.1
39727
40848.1
51208
52487.8
43091.4
64979.4
62308.4
36291.6
63449.8
27613.3
27072.2
49789.3
39809.1
31147.8
43001.4
40456.6
39181.2
32958.2
57218
51499.9
30168
53983.1
54733.3
64191.8
51247
38114.8
51697.8
57809.2
56118.6
37516.6
36252.1
45585.3
53201.1
39157
33021.4
88456.8
35601
66429.4
35603
69084.5
46011.5
34329.1
30827.2
58324.7
43104.1
47286
63443.5
75198.7
37724.6
30620.3
47781.5
62883.1
35264.4
70673.8
73777.8
56433.6
36914.6
57520
37126.2
50988.6
55073.4
55432.1
39179.8
34259
53997.3
40306.3
47916.3
53258.4
58455.9
32468.7
37699.9
55914.5
39488.6
20266.1
60347.4
72134.5
21812.6
54293
36178.6
37348.7
36437
71143.8
44117.5
56639.9
36979.1
30619.5
56280.2
46400.1
33553.2
40177.2
37917.4
48684.1
61064.9
63851
42186.2
66111.4
43875.6
53421.1
43554.7
86875
53327.3
43677.6
45363.4
62532.1
65607.6
66035.4
39471.6
43691
54922.2
39493.1
60038.2
44579
44653
57645
58747.4
31600.7
51767.8
42154.7
53517.8
67706.3
42696.2
35793.8
60755.3
76960.9
34413.8
43966.5
48269.8
43548.6
36733.1
42075.3
42889.6
32540.4
69152.7
54011
68724.8
54762.2
37930.9
73504.3
33811.2
45585
56279.8
46743.3
32453.4
53730.2
36391.8
46163.5
49200.2
58165.5
24352.5
46779
35703
37975.8
70470.5
34902
75104.6
41720.7
62746.3
45058.4
38664.5
58205.9
54639.4
44975.6
73418.7
65185.1
61773.1
46856.2
38659.4
66248.3
61705.9
80163.1
40358.8
39329.5
56605.4
73630.8
59388.6
76415.6
58842
51210.7
32922.7
37695.4
59209.3
73911.8
51284.9
59355
55578.7
66299.5
52597.2
89823.8
57998.5
62302
59827
50301.8
42174.6
49414.9
41025.9
66552.6
50327.8
52230.6
54474.3
59549.4
63620.8
39545
43483.3
35117.4
53189.9
69512
37754.8
43336.2
31093.4
50674.6
67045.1
61256
49947
44667.5
57065
47010.2
36518.2
33527.5
50010.2
38746.2
54716.6
37800
41351.5
42271.9
40300.8
46634.8
26506.8
57727.6
32616.9
33914.2
42705.5
41235.9
45693.4
65370.3
22250.1
39265.7
39928.8
45077.2
29659.5
40948.2
45893.2
64763.8
37266.3
35599.8
53000.3
53040.2
36920.2
42861.3
31654.1
50664.2
36548.8
60338.8
50336.8
60211.5
46599.8
73057.9
49919.3
57309.9
45170.8
52900.9
49743.8
43227.2
51634.9
45175.2
50378.2
53363.1
36405.4
40180.6
51272.2
42171.4
39076.2
46747.5
74772.7
40924
43979
63284.1
38959
49256.5
68010.1
60758.6
35877
86004.3
45068.6
59944.1
38153.5
57545.8
55440.8
46852.9
61423
30959.6
62578.5
57472.5
43657.4
32674.3
43799.4
71646.2
54763.7
29999
81120.8
38935.9
40933.2
30584
76359
44632
30556.5
80344.6
27262.3
43931.2
35291.4
40196.1
57491.8
27098.3
59819.1
52045.8
41058.6
106218
70697.6
70318.8
43560.2
32727
34640.6
47412.6
63300.2
46046.1
66376.4
50469.3
39610.6
55489.3
61680.4
59208.2
62456.3
58394.2
58887.4
58483.2
39890.1
58425.5
53650.1
67012.8
39573
56072.8
23924
51640
67720.6
53730.6
54452.3
32440.3
52156.4
36933
48280.6
68019.9
41317.4
51722.9
32771.4
58270.2
70464.8
53438.7
61907.1
62340.9
81897.4
39613.8
45597
42192.2
40619
49486
42919.8
62059
52138.5
49986.8
48143.2
48043
100643
42596.5
56248.2
83421.5
60356.2
29599.3
54814.3
57239.5
50550.6
27395.6
51227.4
35840.1
42074.2
66089
63606.6
37826.6
60107.2
39993.5
52147.7
38024.4
41048.5
52939.3
66832.2
44379.2
65842.3
25391.8
54153.8
55019.1
58322.8
67036
38161.4
51722.7
50900.7
50391
44535.2
45408.3
67595.1
52220.5
53283.8
47750
40392.6
65243.1
40663.8
53710.7
37693
37237.3
24025.8
63757.9
56413
51925.7
60938.9
47697
39155.4
60414.7
57438.9
36876.6
47611.8
32966.3
47904.2
54830.6
50656.3
50009
36317.9
49094.6
33646.3
57846
51573.2
51639.8
77264.2
52577.8
44868.6
42445.1
65468.6
47162.9
49671.4
42059.9
38182.9
47511.8
37676.9
39353.6
61041.2
66022.6
38938.9
47354.6
38043.6
67856.6
45881
58033.2
76484.2
68407.4
56933.4
57637.4
99351.5
45084.2
52876.2
55945
75858.1
41930.8
38569.1
55919
40697.4
53253.8
51687.2
37423.3
68251.1
62485.8
52364.5
61467.7
34343.6
44290.6
85215.8
70823.1
72399.4
65407.8
63007.1
32565.2
59820.2
47873.2
37011.7
68065.8
49507.7
44898.7
37606.9
55762.4
54208.4
62293.8
70411.3
51456.3
44807.7
49726.5
76979
93389.4
42385.2
61490.2
50828.3
49747.4
47849.6
59339.8
41809.2
92679.2
38878.8
72587.2
44346.8
54132.5
59360.2
68992.2
41530.5
42436.2
31828
57621
51813.1
50656.8
59080.6
40108.1
36138.5
45651.2
71919.7
70878.1
37347
69021.1
47757.6
28204.8
56743
65786.4
46162.6
55747
21548.2
70896.2
42041.8
59228.6
75786.2
59408.8
51909.8
47157.4
43910.6
49845.1
65840.3
54933.9
61347
46487.4
63913
54631.3
52108.8
63473.5
38284.6
54062.1
55966.2
42910.2
65204
52275.7
57373.4
65132.6
40505
48944.7
26388.8
76793
55985.5
64690.1
47327.4
46673.5
57776.6
42891.3
70463.8
77889.7
45050.5
57631.8
45903.4
49647
44394.6
51806.5
44189.5
53474.9
54294.4
44378.3
57369.1
48177.4
77915.4
47476
51423.1
75198.2
57617.2
44903.5
65487.1
63961.5
25181.5
35156.6
52435.6
54801.6
40818.6
42844
56877.4
44111.1
73004.9
43920
44308.8
23455.2
29012.4
57672.6
38058.5
68269.9
63302.2
30327.3
34245.7
50615.8
44134.3
39778.2
53807.5
34574.8
53637.4
51341.1
52655.4
58371.3
33746
33798
36209.4
37654.2
61907.9
46801
65439.8
61192.9
27070.8
63215.8
58330.8
62470.5
57693.1
49901.6
40193.8
40417.3
69116.5
45247.8
53757.8
39894.4
37939.4
65284.2
49195.6
68260.4
58517.8
35921.5
55914.6
46583
50535.4
62707.5
37660.2
44843
58393.7
54895.3
41993.8
70730.7
30234.3
58925.6
33237.8
39968.9
64625.4
63112.6
49644.2
34674.4
44149.8
48747.1
68681.8
86674.2
32519.4
39983.4
41184.2
28442.5
41833.4
77199.6
52140.6
65202.9
48174.5
48675.6
56686.9
51846.9
54065.8
64695.8
65377.8
37031.5
50887.3
33265
62084.2
65417
56388.1
56391.9
44620.8
58266.8
72631.7
40927.4
38470.8
24483
47210.6
85057.3
66874.7
50608.6
24668.6
38359.8
42891.6
50827.8
63578.7
43537.8
34183.6
23170.5
38307.3
30234.8
66452.5
54479.4
62513.4
31866.2
51628.4
46717.8
50618.2
46294.5
47689.4
42827.3
46980.6
80907.4
36297
43193
48276.6
35697.4
38453.8
77824.6
45302.6
31234.3
69438.4
52717.8
49419.4
50469.4
69032.2
40440.8
51951.4
67723.1
26545
44651.5
52635
51882.8
41945.6
36842.6
50786.7
46061.6
59589.1
95563.1
29716.1
42603
28517.7
62063.3
60713.3
43144.1
28092.5
54379
31581
62119
35298
46411.9
52116.6
56172.7
28473
44400.2
41599.8
76241.2
51249.8
47202.5
25392.7
56649.8
51619.4
38359.8
47805
43534.6
64992.2
39615.5
63953.9
57018
55110.4
49193.5
44355.8
47984.7
48942.7
42348.5
60575.5
36194.8
68394.6
45023.4
31383.1
46131.2
40279.3
62954.7
57932.8
49844.9
39477.8
51052.6
41138.6
70033.7
32941.6
33095
61462.2
47979.1
41074
31142.8
52624.6
55109
40670.9
26787.1
52046.9
33272.1
30890.1
41291
38518.6
62858.2
30937.3
71882.6
44605.6
38752.3
84806.9
30015.9
28548.8
31366
53664
35010.9
20661.6
46615.2
46614.9
65935.9
47044.7
52872.6
64634
39816
94768
65103.4
55476
44707.6
29522.7
50725.1
67837.3
56743.7
52139
34937.4
47844.5
37509.7
43214.6
42698.1
43212.8
47962.6
53867
39481.6
48358
44624
22665.9
36121.2
71852.6
36517.9
43655
75856.9
52623.2
67045.8
61675.9
52557.5
27074.9
35901.3
46772.1
50247.7
34228.2
56761.4
49813.7
37935.6
59346.8
43977
35872.6
54294.2
44246.6
46164.7
86746.1
35546.6
76585
32075
64230.6
58070.2
45305.1
33069
55711
41374.6
48353.4
60277.1
37779.8
44660.7
45012.1
38480.2
32493.4
69363.9
43033.7
69332.3
33318.9
21361
55246.6
41622.4
40128.3
54629.4
68923.1
44457.8
67694
62487.3
56108.8
66770.8
75170
64448.2
51855.3
94143.7
49150.2
44364.4
69653.2
54151
71188.6
50468
49796.2
40514.6
83164.6
35492
57065
62983
65747.2
42746.2
38187.9
45759.1
46329.2
41042.5
24305.1
36979
38432.7
84028.7
43828.7
32397.6
51989.4
61068.1
47910.9
47779.6
32801.1
51485.8
74990.2
59098.2
53986.8
38715.4
46921.2
54894.5
45174.1
74569.2
73335.5
20005.9
70081.7
55449.1
47165.4
62974.7
41257.2
57220.1
51574
43125.5
56870.1
32876.3
57452.6
51097.1
72285.4
36472.8
61001.4
41627
50642.7
83212.7
51381.7
50446
50109.5
45414.2
43723.6
32028.4
50788.5
42261.4
49825.9
61429
56266.2
42659
44923
43060
44251.2
56503.6
34820.6
51984.4
49656.1
56876
72503.6
46018.7
52726.9
44361.7
63509.2
36011.3
28888.2
36600.5
60394.6
54312
61959.9
26739.5
37540.8
32140.8
30529.8
53425.8
55842
50434.5
41232.5
56569.8
68432.6
55257.1
77565.5
52203.3
63936.2
53574.5
45954.7
53254.6
41033
50340.2
59700.7
43859.5
49974.2
80085.8
88869.6
56278.6
50333.1
77109.1
50362.2
53083
74118.3
38268.2
48176.6
49941.8
37957.6
49933.8
40480.3
52037
67228.3
43474.8
36464
61866.1
44655.3
32547.5
40541.6
43334.6
44367.7
31777.8
102194
75012.3
48885.9
35238.7
52510.9
20901.8
39245.4
70703.1
39363.8
23208.4
44276.1
39430.8
60211.2
52225.5
56292.1
73452.6
62724.2
42668.2
22615.1
52770.6
59277.7
72550.4
75395.4
92626.8
38552.4
37773.5
25130
55596.4
56480.7
44739.8
58827.8
60743.8
29765.2
43537
53779.8
53930.4
42381.8
53398.3
58037.2
25992.6
65296
49171.8
39774.2
60922.6
54031.9
64933
55547.6
39280.2
82470.5
58383
57811.8
39220.8
52049.8
73076.5
74242.8
67032.2
41137.3
42817.6
60387.2
49493.3
59196.6
69294.6
91861.9
53327.2
31266.3
45393.9
41181.8
56611.9
35321.2
50234.5
34088
89986.7
38042.2
35059.8
39749.2
47630.3
40588.4
48192.2
51316
78578.1
27602.1
50525.5
110506
45418
31470
40647.7
57814.2
69674.6
42810.3
85009
58614.2
63035.4
51257.7
53881.5
75264.6
90308.2
59623.4
75848.1
59705.7
50393.5
61336.3
34417.3
45434
43827.7
46394.8
51184
59075.8
46045
57528.9
60683
52351.1
51222.5
42575
49767.8
56287.3
49010.2
42594.2
58149.6
42830.6
45532.3
49341.4
56731.4
42016.1
65281.7
34475.8
53138
72900.6
43453.5
42130.8
46174.6
40100.5
83297.6
46647.9
67575.6
53007
39824.6
56178.2
70759
39123.2
59022.3
88128.6
51146
35305.2
28652.6
67392.7
35642.5
72195.8
84359.2
37380.6
45491
63301
49474.3
50247.3
79508.7
65041.8
33367
56550.9
73736.6
41688.5
39463.2
66629
50081.3
78564.8
33972.5
82099.3
37750.5
60893.1
77396.6
57694.8
53464.6
46641.8
51697.8
52667.5
58847.7
64998.8
72294.8
77807.3
61992.8
59889.9
61496.6
63679.2
64800.2
58080.2
48539.9
44528
65572.5
45659.6
50582.4
91067.3
56571.5
80078.1
54810.8
75515.8
77542.2
51621.9
36151.8
55756.7
69389.6
61734.5
49959.2
65413.9
43543
81189.4
40347.5
32887.5
74760.2
58555.4
48996.8
47800.5
55391.6
33426.1
46813.1
54854.5
38502.5
27922.5
41097.4
47568.3
79964.7
49314.8
33365.5
44348.5
45384.1
37303
53648.9
35398.8
67213.4
73311.9
51338.4
38731.1
37077.3
85781.8
63666.6
43093
51198.3
41187.7
34656.5
51769.8
69603.4
43324.4
66217.4
55442.3
52093
65838.7
62396.6
49567.2
64681.9
54620.1
54826.3
54062.8
48008.2
68794.8
34217.2
51869.8
43071.8
34000.4
64134.1
103270
39849.7
53900
48099.8
38255.4
59793.4
65256.4
57025.3
21969.4
48951
39991.9
70678.5
34734.7
56684.1
56622.5
57706.7
36812.8
51235.4
55010.4
60189.8
45312.6
35147
58935
56968.3
35111.8
47714.6
77168.6
31912.3
51989.8
37338.2
49043.1
55510.7
26789
58680.8
62568.4
52263.6
65351
69246.2
60328.2
67544.9
63382.2
60834.9
22977.4
32921.2
43722.9
51386.1
56672.6
49785.8
40860.9
53273.4
53708.6
28017.5
48367.3
53075
31885.4
71687.3
65930.8
69942.3
52377.4
49370.9
42313.6
39275.6
42416.6
53144.1
82580.1
50768
45329
37905.4
60160.3
61494.5
65729.3
42705.3
44150.9
52645.2
61556.2
37201.4
68633.2
40773.8
47634
58677.7
45427
57149.5
60827.4
51906.8
67135.6
39278.2
58480.2
84126.1
57851.3
44869.8
21511
66275.9
49180.9
43029.8
55136.2
42204.7
46308.2
55280.2
47270.4
36578.8
27671.1
59028.2
35727.2
63498.1
57667.3
48184.2
58441.9
54468.7
56048.8
39508.2
48565.3
54221.4
47701.3
52695.7
67976.6
33681.8
69968.5
51811.5
73486.8
52492.9
53481.9
38321.2
38737
64409.8
42213
65905.2
62091.4
58737.5
46103.4
61266.2
35611.7
77541.7
36057.3
45162.4
38714.4
43807.7
56389.6
46607.6
47288.4
67316
36976.4
55075.8
37977.5
62181.4
48745
47184.1
47295.1
49582.2
47283.7
27682.4
59300.6
48678.6
53734.4
49761.6
55344
31273.6
34295.6
36853
72065
64170.6
60397.9
36227.3
24386.3
47478.8
65702.6
64013.9
40187
37640.3
41976.6
43304.6
49272.8
39724.6
59411.5
32286.3
56128.8
46939.8
28993.1
44558.2
37837.8
43479.3
45354
52987.8
26112.2
23723.8
39018.5
56277
58268.5
43277.6
44380.2
71432.3
34519
62315.8
39703.7
62063.5
33389.6
50572.4
72873.8
72093.6
77479.4
35754
62056.7
44977.4
67252.6
57355.8
73661
39321.5
48408.3
31859.6
42061.2
53217.4
64636.1
49547.9
49967.4
41252
55573.5
56784
49383.1
41135.4
56006.4
46392.8
54304.5
40931.2
86532.5
52060.2
68755
47037.4
64848.4
61833.9
49197.7
41516.6
81692.7
36637
54717
66161
39822.1
42283.4
80256.8
52809.7
27533.6
43020.5
65751.3
43611
77841.7
68579.4
56481.4
34248.4
54991
48674
51957.2
34905.7
32872.7
75294.1
90959.4
34020.8
43602.6
46116.5
58054.9
63718.4
67652.5
51364.9
44643.1
50883.4
44370.5
41045.9
48230.6
55450
53678.5
65128.5
89753.9
39073.4
35903.9
56188.6
45311.2
46032.9
55489
44836.7
29569.3
27046.1
50277.8
63007.4
44295.8
49958.7
31924.8
42958.3
64839.6
62036
52086.3
53886.9
61133.7
57716.4
37621.2
56721.1
54442.1
53043.4
63104.3
28983
49115
25606.5
39635.7
46129.6
50201.4
84374.2
52100.8
49684.6
52457.9
63536.6
63612
45285.8
60785.3
64831.9
49811.4
49544.4
63313
36728.2
57386.6
31171
39649.8
43589.8
40038.9
49040.3
38154
52295.3
48725.9
57365.2
36465.5
90343.4
38071.6
43192.6
47906.7
54160.9
51013.9
62802.6
42279
42017
25546.1
48212.5
60374
35705.1
35709.8
25742
65780.6
37660.6
26202.6
64694.2
47178.6
42795.8
33727.5
39974.3
66019.1
44489.4
33535.7
41537.7
29661.1
70471.1
57753.9
64231.4
51119.7
50314.7
53055
58316.6
57850.5
57831.8
55755.4
65472.8
65342.7
45098.3
65386.3
68159.7
51552.9
70745.5
52930.6
45952.5
53120.3
56432.6
43744.6
56559
59870.6
48766.7
39785.8
59593.2
69756.1
59115.2
48977.2
42646.2
81307.6
43338
31362.6
57253.5
62193.2
60178.1
55193.2
70473.6
70863.4
27274.3
61684.3
59678.9
82251
46996.8
58806.6
34116.5
60541.2
39931
58293.5
68404.6
50742.2
54140.2
45838.4
57469.3
38523.1
55843.5
64227.7
48693.4
91572.2
34950.9
78884.8
58739.7
53233.3
50486.8
60924.6
61605.2
52138.2
60146.4
34178.7
57616
35080
54049
57299.4
53619.4
61705.1
51203.5
71092.6
64841.8
64138.6
48962.6
70247.4
37329.1
42161.4
43001.7
47714.6
58998.6
33915
45074.2
36634.8
39483.4
36038.6
47759.1
51689.4
59580.6
36936.1
45487.1
39941.8
39911.5
49030.6
29178.4
48727.8
62091.9
57463.3
46227.8
53188.5
68333.8
47757.4
49103
62505.4
38933.8
56789.8
45304
47583
77931.2
53629.4
51079.4
34523.4
46498.2
45859.9
39931.3
51526.9
42621.3
29036.6
59427.5
40448.7
78477.1
40519.7
46343.8
49882.8
39268.5
48532
49777.1
41958.9
55430.9
79256.5
42169
43869.5
27305.8
44193.6
38358.2
43401.1
45623.4
68727
56465.8
53987.9
37130.4
37940.4
56949.4
72375.6
66732.6
54276.8
43603
97536.9
40001.6
37240.6
52825.4
79259.4
50283
76248.4
47055.4
51434.2
87475.1
52564.6
98191.8
29286.2
74423.1
62999.8
91225
62811
59076.5
45730.9
48191.2
63794.6
35025.8
49586.6
62439.9
75344.1
55867.1
43895
59504
47091.6
52001
32729.1
40282.6
45609.5
62347.9
41617.5
43710.3
58501.4
76806.4
66897
37184.4
28534.6
51733
35177.5
45747.3
72748.8
41489.2
59416
32035.8
39079
35959.1
44745.8
64475.7
27867.9
52313
46974.7
23881.8
63346.4
61492.6
59639.8
50769
67410.5
67743.3
36885.5
56825.7
69847.4
51787.4
85796.1
50934.6
41632.9
58570.3
67186.3
52532.2
54647.5
71387.4
47751.4
38378.6
54039
44875.6
48714.8
48955.7
52618
55884.6
44903.4
51583.4
61286.4
59942.6
37520.3
45169
52158.8
56299.8
51737.4
45934
34727.8
49766.5
45203.4
36597.4
33696.8
46773.7
44689.1
48450.9
32153.7
33462.2
43606.6
39214.6
48899.8
53299.5
31836.3
51906.4
55642
50318.1
37240.9
33252.3
43966.6
41419.2
60284.2
46673.2
57105.9
39726.4
49349
31977.7
43403.4
49184.6
62586.2
59828.7
38927.3
61911.6
46782.4
53747
45227
38665.5
32886.1
45772.6
50871.3
54565.4
32340
46950.7
40977.1
73736.2
48369.4
52305.4
39322.6
88531.8
61903.3
51704.8
39756.8
58122.9
52217.7
39221.4
49284.6
50546.3
49282.9
58744.3
37957.5
48469.8
44311.3
41742.3
37125.2
41387.2
65186.8
45237.2
42282.9
51217.9
54123.9
74161
42795.4
48709.2
59599.6
44297.4
35600.6
75136.2
44616.7
62796.3
34802.1
51023.1
37796.5
56728
46944.3
60712.4
43958.4
55971.7
58002.6
37054.8
36847.4
62581
49095.3
69394
52357.8
48471.2
55275.7
37407.3
45982.7
32375.5
48560.7
57513.8
55142.9
39906.8
40466.5
48324.5
57014.7
49983.5
45912.5
45300.7
75651.2
35178.2
68858.1
58833.8
59846.5
62198.2
65136.8
48097.9
52131.2
34850.9
82722.1
39249.7
56891.7
87397.7
42152.2
38024.2
34703.7
62931.2
53224
36743.2
45335.1
78235.4
73146.6
49201
26469.3
65336.8
33008.4
51672.6
40289
54422.7
31353.1
60389.6
36567.7
46291.7
45102.7
30926.7
58618.5
57064.6
49663.9
47575
61134.6
47978.8
46392.4
45880.7
42670.3
25700.3
49062.2
33394.6
70660.4
78351.1
32551
39811.6
34602.6
60978.2
57105
58450.6
40274.4
85270.9
36043
35561.7
53805.7
52791
26450.4
56819.4
49044.6
25737.1
34850.6
39397.7
43918.2
65083.7
54385.7
78155
39616
63949.4
42650.4
70306.2
49569.3
43807.1
38686.5
79133.4
35267.1
64050.6
63255.9
61069
36411.5
52651.3
54393.9
51630.5
70355.9
34617.2
29634.3
43251.5
37897
52009
43311.1
46146
30957.7
48197.1
32622.3
34655.6
32075.4
34699.8
39078
69728.4
67533.8
27524.7
53533.7
37909.4
38049.5
26058.7
39703.1
62044.1
74736.3
40899.6
33108.5
55771
40832
55423.8
46016.1
47939.1
55751.1
33051.5
34871.8
50462
53113
68849.2
58116.1
24739
44902.9
55290.9
82026.2
63509.4
42111.4
48467.5
60465
59370
42520.5
47720.4
65421.8
55135.8
27671
58435
59402.6
66241.9
74361.3
55539.5
46290.8
57751.4
70741.7
64591.4
44498.4
45816.4
57629.7
65169.4
25048.9
90058.4
62054.5
33209.4
65574.1
47572.1
65393.4
46299.1
47876.5
31546.8
34400.1
65774.2
46496.1
52274.8
47903.4
41789.7
49290
58214.4
42301.7
49236.6
48365.4
67276.6
45453.9
50018.9
76547.8
64950.1
67743.9
57881.4
56502.4
43404.1
50886.8
44505.5
68445.6
65073.3
39174.7
46966.9
49943.8
46619.7
48417
42529
44296.3
72405.8
57661.1
36014.9
62856.7
69910.5
45990.5
73477
45032.2
37338.1
38097.8
34216.7
52980.2
40901.2
71400.5
27718.2
58441.3
72845.1
55827.8
52661.4
49278.9
72703.8
62440.3
32895.6
57746.2
79157
64495.4
31005.7
33705.6
60653.9
43980.4
65088.3
60545
67986.9
46697.7
56705.5
54976.1
54865.4
41536.2
37611.7
73428.8
45104.3
45592.2
71286.9
47027
43560.9
40869.8
61015.9
32199.6
54413.4
81404.8
44504.2
36060.2
60026.1
27993.3
62453.8
51940.8
52345.3
49044.6
35104.8
49027.6
56866.4
48734.5
43376.3
89648.1
29645.1
34475.3
62480
42929.1
35745.4
67791
46628.1
40130.2
40628.7
52045.3
45977.9
35535.9
63153
51554.3
62235.6
45632.1
30285.4
39564
49306.7
42083.8
50879.8
77073.4
33984
55272.2
49766.3
47982.8
54828.8
30743.4
77089.9
59412.2
73925.7
57445.4
46705
32737.2
54289.4
78132.2
83001.2
50312.9
75724.6
53048.7
52778.1
37493.4
64305.2
47757.8
61795.6
64539.1
56663.1
63127.4
51656.2
63229.5
50356.1
67350.1
70106.8
52217
65999.4
57569.3
48611.8
77775.3
49624.7
63416.7
62674.8
31820.6
37627.2
43722.1
53399
53654.7
37965
56059.4
48588.2
49902.6
47357.8
59091.1
53931.7
35720.2
52052.7
32008.9
41668.9
36262.8
43009.4
41488.3
58943.4
59602.6
41412.8
68606.3
51513.9
39623.9
50273.9
34068.3
63299
65429.5
38739
57716.4
63045
42592.5
55138.5
57237.5
66324.6
46849.5
74859.6
37203.3
52848.7
71315.5
49441.7
50283.7
49823.8
43020.4
35156.2
44381.4
53339.8
70845.4
49891.3
50639.6
73491.4
53246.2
56956.4
32348.7
27664
45090.4
69648
64547.3
81840.6
58578.8
38837.9
64239.7
54429.1
65949
61331.8
37022.6
66124.9
52861.3
60054.6
85250.8
51899.8
57422.2
45978.2
43555.7
66891.5
48383.1
57447.4
69655.2
67854.8
81778.3
48405.6
59939.9
82360.5
53461.9
45555.7
50897.5
25989.3
62527
31410.1
62182.6
49884.1
52448.4
50137
59266.4
53264.4
74196.7
53956.4
88754.3
35818.6
86710.2
47123.9
49404.4
45058.1
29166.2
41819.4
81335.1
41501.6
54453.4
57406.6
81237.7
43294.2
52885
46142.7
68201.5
56125.4
66852.2
50272.2
59157.2
32437.8
66061.3
54887.9
68563.4
37692.7
47609.8
74947.2
68149.9
41926.6
46803.8
38791.4
60361.8
68033.7
51015.9
43776.6
63355.9
83164.6
38584.2
36306.9
47217.8
63092.2
35851.2
57146.6
49090.4
45191.8
34897.7
46781
71767.8
32528.3
48856.5
46684
56087.5
59449.8
50658.3
63293.6
48726.5
37243.9
42235.6
58666.5
50926.6
72098.2
58432.1
49504.5
35608.8
64119
41747.4
58502.1
42013
44822.4
72541.8
57232.8
62137.1
59423.2
46522.8
29598.1
68213.7
46751.4
60220.7
19604.8
61515.4
82033.6
25106.5
52819.3
60217.9
38834.2
60474.2
59041.6
35355.5
35854.7
58853.5
42007.3
57056.5
51872.5
22104.3
40357.8
48739
46181.1
37418.7
53695.9
48298.2
54403.6
56662.6
43382.2
52589.4
38286.1
59689.8
41965.8
36047.4
57243.1
36521
36040.3
32982.4
45646.4
58646.6
47311
26724.2
72496.8
76116.6
43594.2
34201.9
41436.5
49004.9
42719.1
51622.3
32175.7
69523.8
53381.2
37404.6
74971.2
51593.1
78871.3
59558.3
56006.7
44434.1
56232.4
44137.2
69358.9
53756.7
52512.5
50180.2
62907.4
58862.7
43620.4
57965.6
62315
64622.8
46055.8
50433.1
66994.6
45317.8
43249.2
64039.5
47789.2
77094
66880.6
91300.9
49900
76238.8
51804.6
60905.3
37514.2
59428.2
68680.9
56149.2
81536.7
57601.8
49619.2
43546.4
63773.3
72560.1
43615
47439.1
90823.2
35561.4
58194.6
58826.4
51970.2
55197.8
57669.7
48213.4
77305
57341.2
57889.8
36566.8
43321.6
58760.6
35140.2
57126.5
68007
53754.9
52311.6
61962.6
39429
51403.1
45719.4
67111.4
37710.5
43587.5
22628.4
49669.4
57821.6
52330.2
47161.4
56746.3
45232.7
64020.8
42480.9
47781.8
52126.6
61659.8
42895.6
87580
60810.9
54520
58851.3
42435.9
46466.5
50941.4
39553.6
87224.2
56750.8
38465
55131
50123.4
47979.8
64652.5
31515.8
41386.8
74203.9
35906.3
54787.4
39752.1
48155.3
80165
60601.4
40757.2
71248.6
38937.7
94108.6
91672.7
42713.8
61505.1
54201.4
39582.4
52140.9
86937.9
81801.9
63878.2
60743.9
72882.9
70831.8
54524.1
48536.8
49410.8
80553.5
35854.9
32720.7
48272.8
33482
64157.8
51531.2
38542.9
40004.1
31892.6
61732.5
53335.8
69750.2
35677
38834.2
39205.2
45393.8
103406
30846.5
29936.7
47095.9
48283.5
71635.1
36599.4
38347.6
53254.3
60700
69047.8
61802.8
93136.6
51562.6
51337.8
54913.1
22501.5
47951.1
63688.4
50291.4
32568.9
49068.1
48222
48608.6
36463.8
92587.8
96095.8
50626.2
65891.7
53173.8
55082.4
45582.7
68889.5
34335.8
38429
55761.6
54261
49720.2
34241.9
58537.5
31502.9
65736.2
51316.1
54186.8
47516.1
36446.8
46517.3
61338.2
63063.8
63688.5
46756.8
41071.1
67616
50852
50825.4
50129.8
48841.1
57447
75325.4
56189.5
51075
54123.5
71753.9
31504.6
69988.4
50086.6
39922.8
50269.2
51855.6
51950.5
50679.4
37632.6
71218.1
48761
38765
43195.7
79819.7
25201.8
27712.3
51850.2
65505.8
39495.8
41385.4
66406.6
58872
30991.1
54383.8
53060.4
38917.3
66432.6
74863.8
77019.9
34242.8
63706.4
54754.5
50376.2
43644.7
61650.6
80072.7
43570.7
30970.7
65476.7
54229.4
30725.5
41689.8
60183.8
35562.1
65627
57200
33368.2
60761.7
57250.2
58049.9
54805.4
38944.9
59146.2
47441.4
33098.6
50319.4
50932.1
57181.5
61312.4
64076.6
31103.2
51443
56338.7
36196
39107.8
43192.9
63751.9
70335.4
36823.4
61734.2
49801.8
51665.6
52994.9
52390.7
56147.3
42886.8
41045.4
32574.6
43204.6
34317.5
32711.4
30706
52890.4
32592.5
64922.2
40166.4
47302.7
47503.6
37217.7
68118.3
36030.7
41735.5
54303.1
38113.5
41703.8
43650.4
57010.2
44995.5
44957.2
45978.6
60646.8
48148.7
40024.7
47970
40166.6
61900.1
44484.9
38640.4
41687.9
41070.8
33189.7
38760.7
47782.2
26093
42899
67514.7
40838.8
39311.5
50340.1
42369.7
38349.4
73509
45201.8
43508.9
55314.5
34216.6
55851.6
50199.7
45978.2
35703.8
47253.3
48128.8
26313.4
36042.2
53718.2
39635.9
79315.8
43549.5
71828.7
40901.4
44268.9
49702.8
54762.1
42825.8
50415.6
29801
44493.8
43200.9
41410.4
46155.3
34073.4
87480.6
36772.4
38913.1
30973.1
45101.4
69831.1
40502.2
51415.5
25399
57459.8
33640.7
39717.4
48764.6
37495.4
74701.4
63889.3
67923.6
53467.4
48920.6
32900.7
56546.6
40252.6
48007.4
22295.4
71924.5
52959.1
41336
49334.6
43944.8
26005.6
49178.1
38903.9
64035.3
79587.8
63468.8
38566.3
47560.8
52111.2
53075.3
41553
58200.4
63977.4
44079.2
47473.6
39963.7
68879.6
35093.7
59980.8
40937.8
50183.8
60030
57219.3
41818
71722.6
60411.4
59001.4
34947.2
59623.3
45253
38851
41532
30323.8
40190.1
46112.2
65182.8
57373.4
85519.9
38960.4
63441
38312.7
67547.6
43331.9
39834.8
34008
58253
38769.1
38153.7
65162.7
61914.5
43254.5
24085.3
42257.8
49249.5
54053.6
79681.4
62668.6
54076.2
47170.4
23440
50041.5
51880.8
45974
48663
62495
64748.3
50918.6
40563
76976.2
56623.3
51974.6
27719.7
57204.7
36838.8
36833
51761.3
62611
50887.4
51403.8
27605.5
76720.3
58031.9
29344.6
64155.5
46954.2
53083.1
37923.9
51827
50392.2
41330.6
83215
51194.6
54611.6
36249.2
44082.5
54018.6
47626.5
57715.8
34107.1
27965.1
50534.2
62372.6
35822.6
50431.6
74717.6
38763.8
47564.6
24184.7
56047.3
46270.9
33566.3
46534.4
46315.8
92756.5
40459.8
48453.1
53213.9
67068.6
29198.5
47372.1
48407.5
74662.3
30838.7
45623.9
37604.8
84850
36041.6
51998
70128.6
62993.4
62477.9
64687.8
51900.2
49557.5
53717.1
72707.4
54829.4
45389.4
52967.8
55147.1
52375.6
65541
55787
35896.3
39891.9
35118.6
56883.9
39465.3
33790.6
40021.8
28414.1
50683.7
67849.8
35678.2
44835.1
56897
55218.2
63685
25431.8
24824.9
56688.6
36464.6
69873.3
71288.8
36748.4
42855
42323.8
47474.3
61093.8
63734.8
32242
28027.2
39319.9
58056.5
45254.2
49345.6
42457
54812.3
45768
35920.9
59993.8
62698.2
38758.6
56286.2
40891.4
32412.8
58863.6
64116.6
56062.5
50285.9
49963.8
55655
53122.4
50667.7
61150.2
58998.9
43948.9
46227.7
65671.7
45585
50006.2
64464.6
52136.2
53666.6
52216.7
52531.1
57536
45775.4
39665.4
65117.2
71825.4
49933
53149.8
57187.3
47399.9
50827
54383.4
66600.6
52722.5
63669
73842.4
64393.2
43151.2
57761.3
64344.3
46118.5
59423
54743.9
61276.6
49142.4
48861.2
49502.6
72546.1
66330.2
43713.2
35214.6
70334.6
62361.3
57688.3
56750.9
45457.8
25937.4
36364.6
54135.3
61056.8
58068.2
48372
42682.5
63022
38521.4
51115.4
28029.8
49201.4
57280.6
35584.9
49000.2
81796.6
51036.4
58173.1
63657
46079
59820.6
60726.6
46328.1
57073
66336.8
47977.8
50537.5
67174
66405.6
62493.4
47787.6
55632.5
43039.1
60415.6
50210.6
41324.8
63989.6
49386.2
31018.6
49884.2
41790.8
46453.4
44930.7
46757.3
51432.4
45384.4
38279.9
47889.7
34231.9
52049.6
51450.4
21247.8
67808.8
63893
44992.3
29869.8
31355.5
25852.1
44546.9
56355.8
79631.4
26464.5
65855.9
65331.4
22795.4
34659.6
68704.7
49769.7
59623.7
63785.8
64197
29348.3
53570
33512.6
59463.4
22039.8
36453
46831.6
58675.4
86312.6
79877.3
60041.4
33597.8
45030.2
31639.6
56345.4
27131.1
74001.2
38901.8
56483.8
81818.4
73568.6
50853
38899.4
59048.4
58989.4
46495
65641.2
57992.3
57963.2
38961.8
34254.2
54404
28879.8
51526.4
62786.8
40213.5
28020.7
45912.2
52176.2
38359.4
28893.1
30670.2
99463.8
82941.6
67491.9
81986.8
45987.9
26924.2
54913.1
46081.8
57463.6
39681.8
58136.2
33404.7
64970.9
42859.7
52063.4
40174.6
60671.6
59918
47737.5
35812.6
60989.7
44566.6
43385.2
19784.2
41897.8
76238.1
66275
61855.2
46599.7
65007.4
37654
47595.1
77595.3
57756.9
31137.4
54797.6
60620.2
47411.2
46973.8
72307.3
49466.5
49185
33724.6
53611.9
54074.7
73869.2
68073.9
54109.6
27991.3
46963.8
67929.7
29452.6
46755
53247
45197.8
52046.1
38707.1
54756.9
56993
58911.3
82880.1
42742.6
38939.6
41705
50807.8
53439
36334.8
51484.8
37092.9
56897.5
33701
30069.5
58958.2
40562.3
33781.9
50899
28191
25326.3
28254.7
56004.8
49510.6
47644.1
36176.4
26840.2
49175.3
55635.8
51131.8
45881.3
67748.7
43274.8
29250.7
47474.6
54850.2
46257.4
31831
57106.3
39716.9
34074.6
36318.5
61722.2
33198.2
24195
41003.7
71569.5
24470.5
45440.3
49874.2
32703.6
25954.5
57175.5
65064.5
43792.1
46581.8
34481.9
33515.1
59370.3
48344.6
67254.4
61505.4
47958.2
38234.2
70796.5
28893
68440.8
45428.6
51770.2
49987.1
38425.9
30370.1
38132.3
34360.2
30529.3
38914.8
36406.1
40662.3
41179.7
53304.2
28989.7
43721.7
23271
51049.7
41105.8
37281.8
57041.6
30812.9
39850.4
50881.4
22704.3
29871.9
37926.2
53725.1
63743.2
41456
44063.9
69753.2
57622.6
50458.3
35834.6
53278.6
54832.8
67299.4
35758.2
86509.4
63028.6
58917.8
42654.2
57152.6
51573.4
50247.3
64071.5
46473.3
58490.7
52264.2
82497.6
65430.6
57879.7
44630.2
61201.7
40751.9
65151.5
33557.2
81978.6
39804
57433.7
59336.6
55860.4
57665
56265.6
37337.9
53398.6
58254.3
36326.8
51162.1
49550.7
60385
37627.8
20635
50232.2
40595
46970.1
53153.8
31091.4
41909.9
68440.6
33114.3
32443.3
53953.7
36124.3
42904.2
41276
45521.8
60925.5
58806.2
17898.7
26063.7
31477
78152.8
30336.4
35267.5
34150.7
58762.1
37876.2
53975.1
34254.8
61708
50683.4
71275.4
86278.8
67219.3
40729.8
36896.9
43454.8
63451
44660.3
64634.5
59827
24858.5
42320.4
50084.5
44641.6
54158.8
40496.8
46678.1
51069.5
47492.8
59535
40068.4
44502.4
44805.6
39040.6
44489.7
46846.2
40223.9
23344.8
65465.8
49873.6
28980.4
44178
63310.6
40577.2
45972
37367.4
54736.6
57637.5
43752.4
51004.8
69533.5
45571.2
70485.4
35013.2
63764.6
53500.1
49043.2
50617.9
42142.6
43781
35007
65726.6
44269.7
59233
60079.2
56231.1
27390.2
42281
44526.4
60212
42963
54030.9
51599
41275.7
38246.3
65314.6
76179.9
43616.2
51560.3
49980.1
72698.3
38740.2
69916.9
55773.6
49270.3
40460.1
76475.2
45112.1
52925.4
41755.5
57343.4
79243.8
38350.6
41769.4
40635.8
53838.6
41329.8
57745.7
44130.2
43458.5
56588.1
89574.9
65418.3
50662.6
47103.2
57662.6
61504.6
35356.4
58491.5
51685.9
59463.7
84842.8
44991.6
38231.8
52837
40038.4
62179
35802.6
73155.1
61224.5
50963
29617.2
38894.1
48221.3
61312.6
81152.3
71221.3
44997.1
54344.9
35816.4
39936.9
62095.4
43848.5
56389.7
59789.8
55839.8
64907
76590.3
51087.9
62961.8
62121.6
51948.1
28287
63001.7
62601.2
66832.4
41001.8
58014.2
43423.8
25311.8
46247.2
46966.4
45319
63967
48383.8
31483.6
32028
71413.5
42540.4
57732.4
51069.3
71981.7
51145.4
55708
35602.1
43715
57099.7
64334.6
42345.4
54955.4
49856.5
34737.4
61827.6
48264.6
57543.9
44687.5
69777.7
88381.4
52438.9
41319
58767.5
47067
72439
66571.8
40552
58652.9
51380.2
43452.6
65186.8
47341.7
44674.9
47406.5
46568.6
62829.8
39408.3
101812
73623.7
33888.2
45568.8
34235
64893.9
40347.2
86022.2
50921.5
41858
50175.9
47229
46615.4
57321.5
19243.1
51274.6
43997.4
52591.4
63341
59338.9
43492.7
42940.8
54976.5
47390.6
50663.1
52509.8
75444.4
51874.7
39270.9
81347.1
33259.4
60245.1
47595.6
49027.7
44828.5
38177.9
43360.4
59729.3
35011.8
43006.3
36586.6
50015.9
71986.6
44193.7
56187.5
69808.6
60588.2
49168.2
45035.1
81018.9
47575.2
48313
58682.6
47519.1
34983.6
67695.8
51778.7
55509.6
67112.7
48816.4
38067.9
41600.6
64928.7
52511.2
73947.3
55987.7
46913.2
59704.1
54833.3
66061
73051
76852.9
61180
52937.8
60479.8
67274.6
57216.5
63537.7
73622.6
57436.7
70964
71668.2
60088
37564.9
65032.2
51055.3
48260.1
72128.1
61807.8
78276.5
54061.7
54887.7
60278.3
50390.3
49050
90940.9
47685.9
44137.4
71375.3
42428.6
58542.6
49113.4
69211.4
51755.1
76931.6
36215.7
69558
49285.9
54536.5
53994.6
30188.6
55779.2
40847.5
45952.6
44464.3
51032.6
48243.4
38653.8
38825
33170.6
72065.7
70654.7
41131.7
37736.8
85782.2
33988.2
44964.8
49896.1
41170.6
56000.2
57939.9
62859.1
49439.5
48737
42763.4
50187.9
56087.3
34961.9
49385
35061.7
52317.9
37763.1
45921.9
87900.2
58069.5
43948.6
40632.6
72371
33018.2
36792.6
53452.6
48790
63832.8
53217.2
43546.6
55739
46728.9
29834.7
45582.8
68458.1
59909.7
53290
41610.8
46962.7
60698.8
72655.5
48640.2
30997.1
62757.1
37516.6
52540.2
61957.8
56871.8
58927.3
61620.3
31395.1
27214.7
79336.7
32398.9
32029.8
77077.7
52876.8
36107.1
55856.2
36260.7
47337.8
45933.4
72404.8
43386.4
63072.3
32784.3
57136.2
41454.7
60620.3
42604.6
53079.8
49863.3
43590.6
49573.5
63144
48261.2
46358.2
38950.7
64395.8
56122.5
57230.1
60979.9
62954.2
71432.4
40647.7
31623.8
60563
46262.7
38064.4
44916
46389.8
33771.4
50371.4
30940.6
53880.9
32152.6
42637.5
30182.6
48257.8
46647.6
30873.9
56465.8
29979.4
65802.6
41016.7
51544.9
42898.5
32442.4
52328.9
34865.7
45067
38285.3
38204.4
61719.6
30357
31462.3
44970.6
41299.8
51837.6
68041.9
50701.9
44960.4
47161.8
42603
49494.6
45930.9
78246.1
39964.7
84195.7
41815
61173.1
57121.3
61162.8
58168.4
58550.4
49577.4
71081.5
53603.3
45880.3
50264.9
36967
49057.7
49600.6
40617.8
56230.2
51498.6
34617
49074
32725.7
50360.4
76516.9
73211.1
68581.9
41671.1
52292.8
35663.8
28161.4
37242.9
56989.3
50137.2
44780.5
49935.4
29197.4
34849.8
61398.7
52383.8
33292.2
56637.1
35267
29909
79992.2
30373.8
42893.5
58208.6
60535.1
33692.2
45552.5
51076.8
33826.6
41318.6
71699.8
46611.4
52402.4
41934.7
33868.6
45600.5
47642.2
52258.2
40337.3
61884.4
55442.6
56597.5
34591.4
66348
49570.1
62406.2
49586.5
40219.2
57546.7
85244.5
49256.4
45690.4
47634.6
59189.5
29278.9
56954.1
48669
47181.8
66543.1
49133
50952
40852.1
69392.6
67138.9
77654.3
42774.7
50262.8
57427.2
48367
56138.6
41900.2
72701.4
44128.5
43610.6
46175.8
26224.2
35969.1
70180.2
48122.6
61525.8
58614.8
37014.4
31793.8
55728.2
63406
34943.5
53010.2
38529.4
46034.3
48440.6
45951
36673.5
65133.4
33884.3
55853.4
52497.7
34414.8
47340.8
27643.2
40665.1
91098.7
54595.2
51156.5
28400.3
50650.7
39912.6
48248.6
53889.6
58534.2
63458.8
28840.2
45076.2
54113.7
49183.8
43817.4
57265.3
48935.5
57125.5
74259.1
67994.5
62147.6
61198.1
39810.1
33942
63180
37951.3
45670.8
44201.9
52785.9
40354.2
62170.6
50026.1
47563.6
59053.8
45805
42821.8
55696.4
64640.4
49912.5
41030.9
53708.8
70876.4
62477.3
33582.3
59850.2
40116.4
60280.2
41354.1
44517
33863.6
56323
27945.7
57110.8
38898.8
45441.8
62476.6
44657.3
54819.8
37813.5
43055.2
49125.4
41963.8
36403.5
48581.2
37036.8
47461.2
87441.2
52473.4
36207.3
43478
60698.2
39497.3
37859.1
52690.6
47351.8
39431.8
25039.5
26314.9
55032.5
46677.9
48570
59262.6
82348.2
65372.4
66343.5
44799
39729.5
62628.6
50624.2
46684.2
61139.3
44598.5
39031.8
54030.6
43659.3
45865
33380.7
80730.2
36605.7
74876.2
32615.1
55855.7
48229.4
39990.4
69335.7
49666.2
60573.9
70238.9
42354.4
68291.8
41126.3
48946.8
36216.7
54579.5
50611
55013.4
51297.9
50907.7
33500.8
50261.4
55997.3
59789.5
50081.8
71407.1
42162.7
53766.8
50839.3
69494
37909
50932.7
51990.5
47094.6
58957.4
60860.4
22917
56449
37339
52706
27744.2
64184.2
53268.5
55027.8
29929.6
48374.5
38933.1
40572.7
64822.8
29669.8
72988.4
62677.3
35569.4
85976.1
54288.4
77898.8
56058.4
41912.2
51747.5
38885.8
42024.7
64576.7
106888
65549.8
61797
44283.4
71986.5
65755.4
51463.3
104818
39586.6
71181.4
60392.2
66965.2
64139.8
51186
70686.4
82625.6
89233.1
57744.2
54724.6
45598.9
35123.3
59564.5
59682
61969.5
64361.4
47135.7
41414.4
28574.2
46310.1
42126.3
55943.7
41917.9
60667.2
44288.2
41167
71071.8
76335.4
63853.4
43114.1
74738.2
38526.4
74793.4
69377.6
55561.5
67198.6
33829.8
48848.2
57873
60299
65004.1
38693.6
64487.8
45120.6
56619.4
45755.9
42736.7
58863.4
50329.8
46885
48453.5
42086.2
36734.2
62581.7
61380.5
35374.6
43607.8
64951.8
66901.4
42019.1
61260.2
62243.2
70327.4
43025.8
51297.2
55499.5
50891
43460.7
44389.2
76058.3
43272.1
64067.3
39959.6
85391.4
43075.4
65389
45804.9
32796.3
43098.3
58074.3
48971.5
44330.2
60446.6
52780.4
39680.3
61700.2
59532.2
62652.2
48421.7
46864.3
53565.8
47327
53742.2
92188.2
66761.3
34891.5
52150.8
60075
40240.5
49707.4
38848.8
76482.9
43533.4
57311
31787.4
58903.4
52848.2
40355
52106.9
34680.7
57452.8
59979.6
48701.7
60918.2
41018.9
58213.8
83464.7
48739.8
63184.5
51025.4
38509.2
54461.8
56517.1
85884.5
33296
48774.6
46296.2
39793.7
40113.8
42967.4
53414
54867.1
42177.5
56853.2
39017
66945.4
48047
51775.2
41535.9
53007.4
47315.4
69773.9
68156.7
39800.2
45216.5
49791.5
51337.8
53763.9
74419.5
46273
69860
31297
32978.7
64546.7
47684.2
44748
26688
81240.8
71210.2
61106.4
52409.2
41569.8
47511.6
64588.4
75281.5
41206
38197.8
44635.6
37684.7
40276.2
61939.7
35657
59189.8
62147.5
45702.2
55646.8
43909.2
51489.7
55797.2
37628.1
39270.6
76486.5
57081.9
51638.6
50710.4
55259.7
38742.4
70865.8
46448.6
46157.6
49038.1
42540
34598.1
76063.4
63093
69602.1
43946.7
70190.3
48983.4
53078.6
30565.6
44633.6
27932.3
46723.6
82852.5
50187.3
72753.8
49429.5
59218.1
46728.8
57535.4
54763
45491.7
37110.8
59542.5
52981.2
53875.7
58419.4
28623
55077.8
33599.8
39781.8
42482.6
53824.1
45314.6
40110.2
47283
25546.2
41211.9
31961.3
51537.1
49456.9
104006
34792.4
43797.2
39582.2
59500.2
32601
64649.7
56314.2
78967.2
40411.2
49444.2
47538.4
61395.6
40199.1
42309
72614.2
39307.8
56079.9
87289.4
36137.7
44589.4
57022.5
41467.3
63218.5
64340
53549.5
57583.7
42571
54027.1
39834
64445.1
64384.8
45026.5
84443.1
74645.8
60459.8
35815.4
64556.2
44083.8
64763.7
54572.5
62205
52762.9
60654.2
49321.9
83270.2
60246.6
40833.8
70387.6
48135.3
51941
55155
35733.7
39557.4
83450.2
41889.9
47910.6
52319.2
53394.6
68437.2
42429.5
49587.4
40085.2
59223.5
89033.4
54014.8
35429.3
35634.1
53535.7
54422.6
52762.6
88276.3
58246
77628.5
54371.7
60063.7
65849.8
46309.3
46430.2
76297.4
30565.7
58109.1
58046.9
79367.8
53645
67611.4
33528.3
89126.4
43928
29785
51880.8
47569.2
65679.6
56593
33915.2
32167.3
62046.3
54130.7
59018.5
54721.9
52646.5
42579.2
50829.3
82045
43170
44527.9
47910.5
44589
65222.2
66937.7
53087.2
35860.6
44856.3
30113.9
37283.8
90813.5
47538.7
70631
47059.8
32471.9
63337.6
65647.9
52140.3
46999.1
22445.8
69707.4
36685.8
51431
51732.6
49374.1
35682.6
49558.3
61986.5
47907
54430.9
41223.3
48775.2
74059
74186.7
39784.6
42181.7
40089.3
42079.6
46032.6
47919.1
70854.3
41723.8
70246.2
28666.1
53917.6
59553.1
45437.6
48418
41381.2
52123
44767.1
42192.2
54060.4
42648.3
39973.3
70200.6
58217
46588.6
47743
52201.5
43055.1
46946.6
46504.8
52645
81230.8
46635
103770
40930.7
41907.4
56756
43975.8
41106.4
90019.1
59158.2
53245.1
42042.2
40318.8
38235
42932.6
35718.2
33684.2
25954.9
43297.7
70262.2
31243.1
34943
65242.9
44471.4
66903
63758.7
45888.3
61125
37062.6
36827
41241.3
44726.5
43533.4
47026.7
41779.4
63222.3
54482.3
63665.9
61906.6
70062.6
38515.3
40140.4
41028.6
44855.4
38478.3
55711.1
61746.7
50333
44052.6
26715
53934.1
44849.4
50890.6
34591.8
57398.9
45236.6
29243.2
51604.4
65143.4
33427.1
48862
65138.2
38602.6
57151.1
58431.9
48879.8
43242.2
48956.9
41314.8
48750.8
28120.2
83950.4
28263.3
25933.8
79659.8
36122.6
54952.2
43986.4
45284.2
40557.6
37616.6
40448.2
29419.7
42685.8
44176
67141.5
31174
34606.5
36676.8
42334.9
67141
56710.2
52057.8
45825.8
64127
42019.9
32541.2
35167.8
42721.8
61676.6
43186.2
45124.6
41957.9
34086.6
49418.4
40127.1
65838.2
52820.6
30221.1
39057
41952.6
41243
70764.2
62761
43918.6
33074.6
29222.5
59704.4
43719.6
50139.3
50971.8
40798.2
49843.4
47904.7
52590.4
70455.5
58147
39222.9
45279.8
33757.4
86288.3
36670.8
59403
36026.2
55079.4
52420.2
81004.4
61989.7
64873.4
86689.3
33621.1
57623.7
40895.9
68015.5
69699.8
56957.4
41913.2
47735.7
41134.7
84973.3
45740.2
44475.8
54245.5
35122.7
58081.8
57819.8
35560.9
69710.6
52026
63549.3
78169.8
40545.6
51109.5
56727.4
41240.2
46620.9
45636.5
48195.8
42709.7
56250.8
53535.4
45847.4
41289
42536.2
38165.9
50856.4
40581.7
63513.6
53365.6
38459
49454.6
45199.5
52231.3
39802.4
47009.8
67699.8
57176.6
62290.1
60867.9
29007
24913.2
53481.4
54860.8
30491.9
41820.2
66087.8
47312.6
76895.2
42909.8
41339.7
53888.2
73219.3
47184
52847
38316.6
48168.1
34008.3
44231.7
37586.5
45406.7
33175.2
40215.7
47065.8
61811.3
57802.2
41220.5
70012.2
49526
60805.6
52675.4
88434.4
67629.4
44137
51694.2
41199
36714.7
82276.1
66363
65748.8
61145
59842.2
52331.9
55839.4
67893.6
73449
42971.8
46787.6
45900.5
66675.1
62999.9
43273.4
37961
53440.5
39617.1
46233
61983.7
42584.6
98075.9
56067
32848.4
40545
56076
42781.8
33488.6
56910
45529
37878.6
37596.9
27157.8
54667.1
68436.2
35282.2
43813.9
40250.8
43301.4
50942.2
31148.6
62097
51719.8
65607.6
47720.1
45208.1
40969.8
54933.4
46200.8
40621
68984
42253
43329.2
70109.3
32158.9
62058.1
38471.8
25651.5
59252.6
53413.1
61399.2
59369.4
51173.9
45699.4
57191.3
30950.5
42925.1
46995.4
24907.6
50919.1
62552.9
48808.5
33656.1
55639
33706.7
58133.4
39771.1
41195.2
65002.6
59957.2
68235.2
36640.3
41900.3
41791.9
51818.8
52715.8
61020.6
21206.2
23939.7
26031.4
56759
64999.8
48051
29547.4
48056.2
33715
27098.2
56951.9
50124.7
45917.4
55689.9
35590
43813.7
51428.4
38272.6
59396.7
79918.1
34470.6
37701.6
36660
78611.1
42253.4
58155.8
31106.3
69265.1
41628.4
36263.9
59454.3
40964.5
43541.3
43942.6
54698.1
31599.7
47373.5
36076.8
80097
37981.1
41516.2
23787.8
40041.8
66287
54063.8
33114.3
38171.8
65465
48066.9
36865.4
53248.3
40358.5
52738.9
42027.8
54740.3
51286.7
45543.4
21855.4
49036.3
49043.9
54920.6
51276.8
75978.1
59101.9
38399.1
46921.4
53290
37337
53915.8
57192.9
37177.7
41973.5
50725.8
55731.8
37105.3
59599.5
78546.4
65780.2
39181.4
90065.5
36843.7
44943
43726.7
49965.2
35740.6
66083.8
38791.7
60815
32354.5
38682.6
56279.1
58614.6
50392.2
61179.4
38139.9
38075.5
57502.2
37466.8
48493.4
57558.2
49146.6
65915
45408.1
63562.5
53053.5
68668.6
73888.2
45992.7
56216.4
84067.4
44268.6
69301.3
80327.3
37918.7
50411
110559
34720.2
51821.9
62795.8
56571.8
63986
30960.1
66587.5
58945
59129.8
60611.8
40559.9
53543.3
36709
29515.9
55102.3
46496.3
53077
60325.4
44705
44277
58350.3
59894.6
55351
43599.6
32880.4
41407.1
58189
46052.7
33894.4
64170.8
42295
31900.4
51714
46655
41652.4
59533.1
71355
54772.1
74628.8
35261.3
48917.8
62572.6
58549.8
36065.6
40295.3
48879
65763.3
46762.6
46461.4
56029.8
44649.4
24964.8
52894.7
55267.8
49936.1
57751
48241.7
64223
39850.7
46418.4
45888.3
47169.7
52962.3
38614.9
35920.5
33517.9
42315.1
53874.6
47504.6
60877.8
64462.6
36359.3
71742.1
55311
37249.1
31481.7
40773.9
42272.5
69277.8
52321.3
36840.4
43065.8
64434.4
60893.6
58569.4
36975.8
36248.5
41801.6
44383.8
68126
41255.2
68798.2
58945.4
62821.8
44913.8
65723.3
52437.7
78483.4
52875
42124.4
61165.3
72132.3
52449.1
38213
77584
37869.2
62216.2
58381.3
60633.8
57568.3
38088.2
52715.7
80387.8
60923
27171.9
35110.4
64549.4
71109.5
40615.9
66132.1
78077
56722.3
59807.3
53023
47358.6
90008.3
89867.7
44525.3
27951.7
56025.4
88515.4
61018.4
40162.5
63531.2
50368.5
32423.3
43859
59907.3
56995.4
61824.2
45221.7
49316.6
54924.2
57947.8
37924.3
35457.1
91878.1
43475.2
59531.5
33632.1
42461.7
49537.9
46544.7
51010.4
62456
53323
47782
48590.5
53582.1
46404.3
42021.1
70323.4
57372.2
40488
49110.4
53538.5
33489.1
55570.5
63300.6
63314.9
58972.2
60419.2
34382.5
55059.4
40665.5
76085.4
60085.4
32933.4
48441.7
48251.1
59543.3
35649.4
34088.1
37391.1
55690.6
77215
47948.2
37092.4
57926.1
30463.4
27281.9
50434.6
63124.9
40310.9
39292.9
38390.7
37323.9
33477.3
67489.6
48849
56398.5
76523.4
69148
59888.2
47935.1
50366.2
63572.6
58037.6
63004.2
29928.8
69211.4
52941.9
49562.6
66125.4
33367.6
38174
53358.1
51363
61687
43943.3
61030.4
53258.8
50488
73095.9
70179
73392.3
56053.7
74393.1
37970.5
56518.6
64544.8
55403.9
85880.9
45936
65457.8
66530.8
53817.2
57024.6
43779.3
35858.5
44035.4
39087.8
54260.2
39337.6
69266.6
43998.8
58030.3
67137.5
74554.1
51046
65981.2
63451.5
43677.9
75153.8
30072.6
48984.2
59978.9
50754.6
51263.6
33134.1
51511
31676.4
49536.1
43929.2
52044.6
40299.6
39390.4
46832.2
46011.3
55342.2
44815.2
36756.3
75062.8
19495
52080
53551.5
53634.5
76472.4
35945.1
46707.4
69239.2
46262.4
54262.5
57060.1
25214.2
38379.8
47711.3
48674.2
51242.5
33059.4
61545.8
39197.3
46194.6
52084.3
41718.8
41770.3
57232.2
40780.8
86204
53023.4
59676.3
51502.9
41511.4
76940.2
47286.1
28825
37438.2
40138
59999.2
36406.2
52684.3
48963.8
64098
35376.2
36490.9
52513
58257.4
57123.1
51053
44280.4
61450.2
46819.4
75087.9
49321.4
33483
51825.8
28596.3
21899.1
53818.2
40469.8
52779.8
61603
39486.3
61047.8
59500.2
45417.6
50268.6
67004.7
59693.8
47198.6
78944.4
60060.6
29632.2
59416.7
36996.9
52212.7
66891.1
55714.1
66186
47442.8
37270.2
56788.1
40732.8
41461.5
65387.8
44512.9
50249.9
51267
23994.8
47441.2
50093.4
70550.3
67827.7
58617.8
67456.3
33252.8
35481.9
41386.2
44505.7
33718.2
59471.7
42676.4
66043.8
39066.6
37836.9
38644.1
48601.8
42159.2
31945
51476.9
36114.3
55011.1
50286.2
83808.2
45571.2
57644.2
71301.8
44006.9
36400.1
45325.8
59388
56386.3
44190
51199
47259
40775.1
34465.5
73404
66254.6
34144.8
55871
48333.1
49240
58877.2
62205.7
48518.8
71212.8
44246.4
61669.5
40348
47784.4
56538.8
71265.5
47316.6
49267.8
52660.7
51161.2
54570.7
34933.5
58067
29265.8
62721.2
33615.7
51910.2
43015.6
38213
44964.2
46814.2
55907
67487.4
50783.6
55867.4
30157
61788.5
40795.7
60111.5
23350.1
47793.2
44427.1
60821.3
57385
40663.7
72600.5
45025.8
38192.1
54013
49874
83395
59966.5
52689.3
43971.4
42629.2
42150.1
83839
67265
76013
63867.8
61601.9
50090.6
42692.7
63377.4
56429.5
63144.2
53641.3
40435.6
50961.7
45649.7
59568.9
44377.5
58903.3
79726.9
30025.3
37614.6
61345.1
53975.8
49804.8
60699.4
54414
46857.8
50597.8
42763
38483.2
52391.8
55852.6
62542.3
54707.9
50615.6
44446.4
27121.9
30223.5
31285
52866.9
44645.7
54679.4
36392.6
38479.4
57240.9
42920.6
60723.6
46444.7
78219.7
59191
38441.4
44060.4
47543.8
49070.5
57282.6
66492.4
57868.1
42061.3
53849
57382.2
45397.5
62390.2
64582.9
56454.2
49660.2
70226.3
56105
62412.2
74203.8
50971.9
58891.1
61957.8
79859.6
55412.6
49401.2
49824.4
46479.2
52263.1
49220.1
60124.4
61313.2
68973.7
59686.1
37314.4
51413.4
51684.2
45402.4
71331.5
64313
33282
46205.4
50270.2
55131.7
55851
82938.1
56932.5
38247.9
39906.3
46291.3
42211.4
40310.3
53289.3
79767.1
27645.3
56283.5
59002.8
35530.6
44143.5
52333.5
47891.8
47752.6
57113.7
81940.4
60236.2
63295.3
56220.5
69045.8
76846.7
49795.5
55321.4
60438.6
81721.7
35787.6
62712.6
41915.3
49791.9
34540.9
55561.6
70446.5
67369.1
30364.6
48301.1
99498.7
45442.4
56046
47236.3
42324.2
55760.6
67326.1
62730.8
89651
79709.3
38548.6
70011
62138.3
68700
75744.8
72501.7
74893.7
26527.6
78850.7
70211.3
88915.1
40580.6
59426
48175.1
57238.6
47164.1
66486.1
50938.4
62381
55917.7
40757.8
40514.9
52463.8
23749.8
71045.6
54670.1
63867.5
69704
50708.4
28770.1
56071
49092.5
38215.6
57750.5
56871.8
45777.5
56491.8
45969.8
54207.2
50500.8
43666.7
69942.6
40454.5
41630.2
61410.2
45365.8
49193.3
57705.4
54537.6
76976.2
59965.5
47667.7
46081.7
54707.9
45859.5
63695.2
47696.2
52839.4
66325.4
43984.3
52344.9
70595.1
57937.4
37161.4
64004.6
62018.1
50940.1
55933.2
40689.5
61682.2
59310.9
56616.6
67705.4
46862.2
59569.1
58410.9
45153.7
65505.7
62543.1
60375.4
63744.6
76068.6
48364.7
44990.4
57009.6
34781
25390.8
47129.7
59737.4
70302.1
49315.9
50007.9
46205
42854.4
31955.5
62136.7
49594.7
58607.8
24326.6
52522.5
48857.6
47387
28099
44974.2
47371
54704.8
43274.4
75621.4
49855
35282
38263.3
45488.8
50612.1
50769.4
58898.2
77162.4
37823.6
43493.4
28816.2
43828.5
34428.5
44712.9
41372
53441
43306.1
67193.5
57393.8
41585.4
34609.8
51600.6
44070.8
55169.8
70188.4
38875.3
37056.2
48179.7
77732
35564.6
44861.4
49259.3
45862.9
46312.2
41394.2
28531.5
41375.7
35513
46209
55776.3
45160.2
30450.2
30549.4
32892.6
68706.2
73453.2
32543.3
25925.2
50801.3
46021.8
55545.6
44114
38539
35488.6
24969
42102.7
51311.4
55984.4
44402.6
45840.9
28617
32483
43354.8
70083.3
58246.5
47244.3
41496.7
45033.8
42433.2
42557.9
48918.3
77478.9
64725.8
78213.2
38833.1
56625
46060.9
28074.6
39470.1
39065.5
38065.4
45567
39099
57893.7
69951.4
39450.6
28515.8
35009.4
39813.7
65309.8
61850.2
78358.2
65870.2
41790.5
38656
35000.2
38946.6
66162.7
50692.2
44124.6
55763.3
61329
66083.4
64218.7
58995.7
40862.5
42322.6
38573.8
49219.3
43124.9
68350.2
40811.1
48676.6
40333.8
57629.4
63448.3
34655.4
41052.6
47398
33118.9
31816.2
47108.2
52576.7
38103.9
33582.3
60879.4
30958.3
35675.3
51621.2
56931.3
28520.2
39757.8
34629.4
36198.4
64844.6
34767.7
47150.8
59035.3
32678.9
51952
42265.8
78764.7
49235.7
34460.2
43552.6
52840.6
61801.1
35889.5
38849
57693.1
29650.4
64477
40508.4
30711.8
45224.8
36089.4
57808.9
39077
56764.9
49606.5
41286.1
50640
25677
48291.4
61236
79095.4
33209
30495
32394.1
24377.4
69701.5
49661.2
72104.8
44515.9
53122.2
51854.6
72374
66185.9
51108.7
51175.3
38207.2
55843.4
54866.9
40154.4
49477.5
44786.3
39380.6
62511.8
52158.7
54422.3
69555.9
43319.8
58062.1
30989.5
61065.8
59445.6
35891.8
48145.8
54844.8
44167.8
54827.9
43107.2
65625.8
63386.9
50246.3
49796.3
61213.8
46783.8
55496.7
58494.3
43380.9
38182
45492.6
73941.4
47334.6
62662
28183
61749.8
45118.1
48462.2
76630.7
75984.6
47241.3
31887.8
41905.2
42920.7
39665.6
76527.5
69799.6
88345.8
83808.1
81373.6
60811.7
81838.8
54889.9
47472.8
47739.6
32204.5
83504.1
108051
51598.9
58776.5
42295.6
60010.8
62280.1
56801.5
68184.2
31693.7
55909.2
49076.7
99180.8
42621.7
72821.9
60108.4
62401.4
64017.8
63705.9
45981.9
66123.1
40874.4
79283.5
48309.2
79239.4
68041.1
56380.9
41948
65903.8
64265.7
49050.9
64400.5
68231
65128.2
54056.5
43181.4
57818.3
29161.6
48450.4
43591.1
54715
45837.7
60045.8
24319
73784.2
64890.8
50039.8
72013.7
49968.6
49373.4
75524.4
44674.8
30724.4
70747.3
46604.8
57862.6
46484.6
35422.5
74379.2
64123.5
61105.6
41358
30104.4
37193
55832.4
71179.3
30032.4
41913.8
48605.5
51152.2
37646.4
63588.6
76433
45349.7
89886.6
55791.5
76205.7
59167.9
80600.7
39303.5
57131.8
51530.4
62544.8
45358.9
67026.6
57552.6
52472.5
45071.5
45629.2
56616.6
54653.2
71326.6
80715.2
46104
44069
66380.5
64667
62730.5
51432.6
85888.7
81606.2
65618.9
65311.8
75766.5
60791
63758.2
57925.5
46909
63406.8
46771.4
62505.4
53661.2
49708.9
70085.4
38913
52847.2
53138.6
68373
35665.9
65652.4
63905
29508.2
56850.2
46887
66408.9
46676.6
41105.4
92270.2
61082.2
35379
41651.2
35430.5
37685.4
57286.6
99456.1
57917.7
72057.3
44344.9
77009.2
55798.9
34113.5
49339.2
53382.3
47561.6
48751.1
67532.2
58203
39452.2
70142.8
55666.6
41201.8
62494.7
51890.2
54890.5
39106.7
41143.4
40876.1
78670.9
38336
81208.1
35909.6
34702.7
48322.6
51412.2
67703.5
54767
58155.6
46363.1
42882.3
36224.5
61255.8
55759
45133
44628.2
79282.4
66276.6
69370.5
39640.5
41074.9
67110.7
52662.5
50521.8
105990
61789.1
85553.5
53507.7
64185.8
51693.8
60294.2
71359.4
55312.3
71197.3
54488
48511.8
55045
69192.1
48542.2
85283.2
44107.6
30336.2
59360.2
52410.8
57677.5
58521.2
59320
45534
45592.1
45265.1
52425.6
68353.9
54289.9
49724
54933.5
64301
52012.4
46705
50335
61153
71100.4
38403.4
33739.9
66989.1
61629.2
55514
49172.3
58998.3
40248.6
36431.3
88677
40428.7
60035.9
74813.8
65764.7
32265.8
44532.4
49628.3
68153.7
47072.1
55246
37349.9
87457
48877.1
34190.3
37836.5
74819.4
58821.2
38595.5
65650.4
48681.2
81709.5
56381.1
49681.8
74303.9
45784.9
55765.4
51711.7
86947.2
42065.2
52335.3
43525
54486
28952.9
65971.2
48392.5
34622.8
18385.9
64358.8
37831.2
43966.6
66671.9
40521.9
43402
36944.6
56682.1
36102.5
52092.6
46546.4
49785.2
30426.7
59460.9
69165.1
77216.4
48719
48126.4
53149.4
48224.6
70051
40980.4
46680.3
46370.6
77361.1
68580.5
63433.5
37321.4
49747.2
45599.6
50484.7
58657.4
57943.5
48370.2
79478.5
83908.9
45911.4
49087.5
53430.2
48497.4
64093.9
45095.8
63983.3
52857.7
66894.5
38460.2
46186.5
44477.1
41584.8
51426.3
36996
71240
45988.9
50587.7
62586.6
68456.6
57402.8
68519.8
42932.6
37455.6
67564.9
69990.5
52629
61380.7
54354.1
44352.3
52871.7
65931.1
43100.9
49001.1
58001.4
55340.7
47398.5
42647.4
79484.5
48128.1
35004.1
37509.5
41710.3
52280.8
35117.5
51947
52897.7
45241.2
40933.8
44123.7
62796.5
63855
52942.8
25531.9
56521.3
41358.2
77181.3
56495.7
64597.8
64604.9
45029.3
64427.3
45913
39537.8
48923.3
54094
46243.3
51403.4
80020.9
70964.1
48709.9
35056.3
53661
88101.8
62955.9
47553.4
80828.7
43071.8
42883.1
46520.9
42627.8
43672
53848.8
52573.2
67553
31359.7
45648.5
37460.3
71159.2
58668.6
56026.2
78026.4
40528.1
81344.7
41902.5
43070.9
53638.6
45778.7
46697.2
53955.4
49949
35375
93523.2
56680.8
85490.5
44526.8
41393.8
62441.9
74961.8
38746.1
81271.6
37049.4
45169.9
57037.8
73780.2
57647.3
67816.3
44748.2
69102.2
65745.5
58079.8
73799.5
75005
43780.3
74017.2
65788.6
50584.2
39782
51697.7
39768.8
56494
30903.3
42833.5
68955
43692.7
38503.8
51130.3
51744.8
43812.6
30644.4
62729.7
60314
40220.5
41232.2
51561.8
68254.8
43261
44428.2
69575.8
33837
51352.2
56547.4
48641
78849.4
63689
80406.9
41278.9
57637.4
43289
46941
26591.8
51663.5
58559.4
64144.2
45175.8
36345.6
48199
84633.3
54065.4
54709.7
42343
53751.2
47049.1
69465.2
37369.8
47893
31711.9
67737
59578.2
53747.7
40434.1
54588.8
61096.4
60778.8
54881
73840.3
40123.9
52678.8
56904.4
47198.4
51366.6
52083.5
48772.2
54245.2
53751.7
45719.3
52126.4
56453.4
32682.8
51123
62505.9
53677.5
63543.4
54186.2
54610.8
48545
71409
90960.2
67663.5
33022.7
55194.3
91344.3
42118.3
77562.8
56728.7
40005
47489.9
61335.3
31533.8
56828.8
27766.4
49187.1
46950.7
58275.1
30913.7
37358.1
36958.8
45139.5
48985.8
48701.7
41011.4
32230.6
93618
44855.3
42956.5
37777.5
61894.8
73350.6
40756
63858.1
34343.4
61083.3
67550.8
41893.4
64234.5
65341.3
40024.6
68918.9
59309
44111.5
59787.8
55137.1
60667.7
50059.4
45933.8
39725
58170.3
49806.1
54990.6
51484.6
55993
61623.6
45629.2
49529.9
27862.6
43111.4
29215.4
43558.2
58537.8
56224.1
21496.3
96120.2
68062.7
69208.6
49525.6
38810.8
55579
38496.8
35495
70840.8
66406.5
70567.2
51034.1
40805.8
23054
66618.1
45115.7
53118
27748.5
87315.7
46421.5
46824.8
68425.3
71598.7
22075.1
50015.9
40573.5
28492.4
57989
44968.6
27560.2
26705.5
38087.5
64885.4
47658.7
51681.9
42569.7
63221.2
42574.1
36104.2
56964.8
59444.3
38002.2
44620.3
43283.7
48371.3
66735.9
69762.6
34855.5
36072.6
49652.3
56254.1
63053.1
60177
58331.9
40719.3
32918
52537.2
30563
42993.4
44286.4
41913.4
52133.1
46306.9
36879.4
46640.5
34821.1
30029.4
48958.3
65313.4
55353.3
46486.2
30437.9
45370.7
32931.4
45422.4
41942.2
30183.1
35184.8
62925.4
31384.3
68230.8
56315.5
48553.6
42016.6
71471.1
64044.7
61841.8
49106.1
75328.7
81915.4
94309
39255.8
61904.3
34719.9
44658.4
49424.1
65171.1
46563.3
34507.2
68767.8
31617.4
48239
44548.2
50485.8
56578
50610.8
36140.4
69360.2
45441.9
51857.5
39621.4
47239.8
70711.2
45457.6
48465.4
54875.8
49645
55113.9
50660.4
79196.6
55302.6
39921.3
60224.4
50545.9
41537.2
38029.4
55425.6
53447.9
57087.8
61207.6
43095.4
44654.6
59429.1
76643.7
33555.8
106868
41039.2
28770.6
40012.4
52766.2
52157.7
45972.5
63636.9
34459.5
30463.1
56635
29073.8
54697
55405
57873.6
59250.2
41471.9
55890.8
49643
40853
63821.6
44581.7
40442.6
42248.6
81903.8
61705.4
59946.6
41121.9
62985.8
43350.2
57160.4
74294.2
47689.3
45296.9
47078
70170.2
90595.7
55231.8
42165.3
53325.8
50687.2
55335.7
60065.6
68647.4
35010.6
57619.4
50981
65985.9
56881.9
59645
69655.4
38377.4
49986.7
40944.9
34317.6
47496
35365.8
52855.7
80076.9
39108.2
57840.5
55484.6
38550.2
44312.2
38172.1
66707
50517.7
38067.6
55827
73359.7
57915.7
69930.3
46171.4
54032.3
58267.6
56529
32404.2
49068.6
70123.4
61141.3
42537.9
50702.2
54023.2
91194.2
52837.5
42094.6
43158.5
34816.4
57250.8
43567.6
42781
38678.4
43531.6
50177.9
69320.6
47242.6
70388.8
47770.7
41537.4
54013.4
37219.1
76488.6
44054
53964.3
59181.9
100302
51888.3
59814.9
54824.1
47859.8
38093.8
68677
57443
73026.7
50098.1
90848.2
75414.6
47544.1
51624.6
46323.2
52122.1
55902.1
53400.6
54122.6
52947.6
34264.1
40881
58788.4
42852.4
61796.8
66563
40453.4
64103.3
50404.1
40267
34263.8
55387.1
46040.6
66161.2
31489.8
44908.6
54202.2
56938.2
55633.1
59338.8
60229
42349
37379.4
59380.8
51182.6
45047.2
82259.9
54978
69573.1
50633.6
51742.7
54063.9
60188.6
69070.5
52996.7
45866.7
58050.3
62084.2
35423.7
51510.9
74231.6
36604.2
54769.6
51356.6
33441.4
39165.6
64304.2
66155.8
63097.9
34366
42547.6
59836.2
45655.8
54221.5
52190.7
57336.6
57176.2
27257.8
49595.9
39436.2
74914.6
68097
46767.8
52479
42330.2
31119.5
32495.8
43845.8
34563.1
68397.4
45625
51122
66793.8
52722
38560.9
50815.4
39061.8
78691.8
51932.8
58953
51851.4
44505
50166.7
81102.9
49162.8
51870.7
40608.7
70605.7
43768.8
45197.7
48538.7
47053.6
45719.5
48122.2
56534.6
34982.1
32602.5
76495.2
45411.4
73253.9
64062.4
40675.1
46129.8
34500.4
56458.2
47963.1
67118
48442.2
63391.5
48647.9
67125
33528.4
47744
44221.4
40561
32843.5
54249.4
27728.6
37091.8
79288.8
53179.4
58014.2
49489.1
49858.6
37393.1
27965
55903.1
61064.6
51747
88967.8
38742.2
29151
69728.2
55812.6
48491.2
55956.6
35209.2
63907.1
51635.5
70305.3
94197.5
70568.6
51587
54773
45076.5
64763
53397.5
63117.4
64652.5
45899.6
41219
34085.2
59230.7
83392.8
45380.4
58019.4
45479.8
74919.7
54317.4
43125.3
64827.9
55584.4
59491.1
44753.3
47382.4
70279.2
38403.7
50834.2
53385.4
50541
53549.4
48217.7
59588
57600.3
66852.6
69161.6
57314.6
50316.8
44299.3
61998.9
40972.2
38199.6
74127.1
27693.4
60445
73431
42699.7
77605.1
49527.3
67356.7
41373
51386.9
83047.4
53688.8
50201.1
63273.4
65542.2
67252.9
53797.8
63784.1
72337.3
44154.3
39528.1
76188.9
49673.8
60329.6
47752.6
30126.9
54016.1
72417.3
70297
46412.5
66232.2
53870.7
53102.2
35775.2
65827
66740.6
88692.6
38194.6
54057.8
52664.8
59766.2
52097.8
37365.4
52127.4
72134.3
39729.2
79362.6
43920.1
80930.3
66915
30169.3
47563.6
64672.2
82663
38601.4
54960.2
33879.4
55460.1
63894.2
79930.3
42289
64352.1
79212.7
84992.6
54725.5
47140.2
38668.8
45184.7
53014
55987.8
60865.8
69650.6
45547.3
42791.9
46513.6
77015
71832.2
74786.8
55055.6
41995.9
19397.8
42038.6
26885.8
76990.6
63859.8
39917.2
45159
42451.7
87068.4
61484.4
30943.9
61231.7
61114.5
42587.3
32828.2
38604.2
37253.6
44191.1
63369.5
51663.5
35185.3
68699.6
71751.9
55410.3
32448.5
50325.5
37842.8
44164.1
87044.2
33096
47131.3
47463.5
21910.7
40550.5
52726.2
55186.2
57234.7
55235
35674
49824.4
52533.5
53632
78205.8
34962.4
29658.2
37142.4
42119.1
41767.7
54060.9
77194.9
54426.1
70326.5
51525.4
49894.6
49921.5
67911.5
50876.5
45828.4
52181
52467.8
28501.5
83823
42767.4
48364.7
45173.7
41566.3
55897.9
52429.8
46277.4
66167.8
46429.8
43260.6
34198.2
59990.8
41639.1
59107.8
72732.2
45159.8
53406.4
50037.7
54754.2
76352.7
31943.3
78668.5
74354.1
48907.1
33082.8
79575.9
29193.8
46180.3
53220.2
62820.3
33610.6
51965.8
69162.9
44451.4
52281.2
78690.6
56089.8
63350.4
67985.1
54108.6
52411.5
59857.4
37094
63121
73408.4
56439.3
61340.2
37122.4
49743.8
78764.6
57667.7
46421.4
72403
59403.8
74732
50042.9
61488.6
54170.8
66167
31566.4
56342.7
61550.2
50363.5
64681.1
51581.9
54547.3
62402.2
50497.3
68228.4
49716.5
52777.1
68057.1
44921
62713
57845.8
36289.6
58928.7
51831.6
63384.5
49158
57471.1
60094.4
68880.9
54451.4
40480.6
43125.3
38063.7
61202.2
55707.5
43021.8
56806.5
65449
55703.1
45493.8
66761.9
36768.7
71635.8
73295.2
60363.6
43218.6
64378.8
52337.9
45245.8
48204.2
52381.1
50627.1
51572.2
32391.9
58808.2
77844.2
60848.9
68191.4
52058.1
30157.7
62267
47730.2
58466.2
49891.7
46141.6
31222.2
50026.2
48814.8
58147.2
43945.1
54728.9
46703.9
46339.1
67582.5
59202.4
68045.3
53693.2
54164.8
31403.4
33096.2
33064.9
64858.2
57217.1
41595.2
58578.5
42985.4
52864.1
57707.4
49184.4
32422.1
45637
32842.2
43591.9
50760.8
67167.6
66764.1
26283.1
38421.5
33428.2
38937.4
60516.8
78556
27550.4
63399
49909.4
50452.5
73517.8
50333
50043.8
37158.4
54898.2
30207.9
44802
43354.4
49854.2
54093.5
48768.3
53428.2
56136.5
60476.9
33178
37423.4
95093.3
52668.6
72332.2
52443.5
95404.6
67620
60919.8
29087
25326
61109.1
39902.6
57467.7
42585.8
34755.6
62972.2
52532.4
53161.3
66829.1
43487.9
80242.5
39194.8
47308.7
62369.9
66927.9
77549.5
49551
57324.4
71425
36502.2
104445
67086.6
46080
44285.4
58197
74778.1
57098.2
37763.6
83911.7
66662.3
40752.1
48718.8
73499.5
91939.7
23954.2
35507
64185.8
67521.4
48019.6
37437.4
101209
71547.8
38749.8
48376.1
47908.2
41953
47912.4
60102
55225.8
62680.4
72491.1
58175.4
39586.6
42366.7
54796.2
64049.1
70629
35656.4
41045.4
60224.5
45114.8
59988
45791.1
49338.6
51083.6
46048.2
29962.2
40830.8
69701.4
48999.5
71385.8
49717.4
60642.9
36673.8
38011.7
48983.2
47798.5
33621
69614.6
45521.5
41530.3
40103
62889.7
53361.8
61276.2
50657.4
31644.4
40049.4
53243.4
37703.8
71788.2
28781.9
40725
21038.1
72650.9
34267.5
57923.3
67794.6
66469.7
31228.2
31495.8
35278.4
22972.1
54194.7
54344.6
68004.5
46035
42733.6
60530.3
65692.9
44255.2
43962.9
44604.2
29207.7
41026.3
45011
43078.6
45913.4
47823.2
52440.5
35903.7
50545
41504.2
83461.1
52676.7
40224.2
84931.2
88962.6
58818
68652.6
55719.4
48527.9
55235.8
38610.4
43978.4
121751
65387.8
75610.9
69483.1
48908.5
38990.7
63890.3
60938.6
54343
47548.5
64704.6
41055.3
49043.9
43979.8
54426.8
54644.2
57461.1
46942.2
52520.6
64788.5
39199
42627.1
57296.6
45073.2
50799.2
86436.3
32627.4
49138.2
45112.3
60703.9
35544
35555.1
89485.7
60660.7
41790.6
35246.9
51935.1
33019.9
75392.8
69413
63805.5
72300.2
37099.1
40460.7
49832
44690.6
62260.1
43028.7
66556.8
55209.5
43256.3
34767.1
55605.6
51082.3
56116
42091.9
54153.8
56226.6
38514
63472.5
55914.7
65441.3
28394.9
35951.5
36246.2
51224.8
50511.7
47946.7
61024.6
50830.2
47859.9
38619.4
36881.8
28249.4
32691.8
47337.4
36047
51808.6
82619
62941.4
42784.3
41668.7
32638.2
47935.5
58191.8
46102.2
43696.3
57955.3
41369.6
43791.8
45804.2
53597.1
38322.1
58815.4
40537.3
80979.8
64728.3
34151.1
65006.6
29011.8
51495.3
53599.8
62192.9
35474.4
41389.3
66999.5
56531.2
34508
32344.3
55752.9
37711.2
34618.4
50389.8
28259.8
60980.2
58025.7
33690.4
34604.8
47991.7
49011.8
28801.7
28263.8
56345.9
56591.4
62141.2
61404.5
36550.6
56381.1
33657
47407
60699.2
71059.8
43843.4
60753.1
25727.6
59727.9
39711.8
60320.5
51355.4
51945.8
61071
49336.6
60937.9
59408.1
41513.5
66418.6
64718.2
34809.1
49747.9
39208.5
49584.2
49284.3
46987.8
37199.8
35488.2
42718.3
29310.2
26499
13520.8
58905.4
28892.2
49085.1
42988.6
45143.2
37267.2
44497
37396.4
38766.6
45685.9
54894.2
44413
34279.7
20761.3
39519.6
62922
41699.5
61136.2
37237.2
50978.8
41997.1
43327.8
46439.4
47880
57594.6
26165.5
50993.3
38100.4
69139.9
42637.8
12254.2
38744.4
46524.6
33772.3
68479.7
25555
50756.4
46544.2
21548.1
55012.9
52626.4
39775.6
60954.2
29163.3
25147.6
52079.2
45906.5
70057.3
53470.7
45864.6
27609.8
33477.6
35863.1
35109.4
42209.4
42706.8
30719.4
48372.2
54289.8
32328.2
56526.1
32434.2
63408.6
87733.2
52729.8
51451.9
57149
50611.6
67354.4
41202.4
71175.5
72285
81109.4
51600
31112.6
57862
40764.1
73997.4
41570.3
72483.5
74892
52317.8
41124
61993.6
53329
41672.5
27026.2
33971.2
33116.5
35133.1
56533.4
47095.3
49314.5
52672.7
91992.9
42460.2
45183.9
64838.3
45448.4
55253
49195.6
71636.5
42665.8
46757.8
26632.2
58347
60889.4
58361.9
62649.2
71207
62309.9
63312.2
75516.3
54006.2
40403.9
47360.8
75677.1
34220.1
67358.1
56821.6
38822.2
80680.5
54498.1
56924.5
40280.7
48588.3
45563.2
50094.9
38285.8
44389.1
41582.2
59364
64867.3
71597.8
59770.3
33833.9
50194.7
58525.7
65992.9
43543.8
56668.6
50399
51685.7
65392.7
32150.6
48894.2
54927.5
81189.9
59008.3
90585.9
71736.7
46069.1
41382.9
38358.2
63192.9
78980.5
75313.6
51541
83358.2
34577.8
45224.2
68960.7
72050.4
62150.6
70325.6
58607.1
57628.8
61259
43865.4
63474.6
47389.6
44858.2
62059.5
49040.1
48076.6
54810.8
59485.8
84622.9
58349.2
55154.1
46820.5
52215.6
54774.1
55015.8
72069.1
46300.8
67268.4
60491
89282.1
48868
45529.5
47827.6
44381
64510.9
62216
68754.9
62718.6
48457.8
56786.8
53215
54260.3
76425
62132.4
72793
39830.1
69543.5
61765.8
53854.4
54793.5
39210.8
47327.1
49714.5
71676.7
50159
54673.4
40514.6
49757.9
65827.8
31303
55099.4
38588.4
69474.6
70622.7
52907.3
41737.4
59982.8
44778.9
52271.1
54922.7
54707.4
61814.4
39918.8
37404.6
76388.7
62962.6
59805.8
71561
63116.4
57021.2
41452
59977.8
55986.8
68565.5
43402.7
55227
39167.9
29101.2
65153.3
41898.4
48054.4
43786.3
45271.6
43108.6
60917.6
50103.1
39238.7
52748.6
40991.9
53857.1
43372.1
55930
45163.3
54534.1
62384.4
35565
60085.8
67842.9
51692.8
56330.2
61643.5
41779.4
70722.7
57475.5
52141
62294.4
69893.6
62749.2
61748.2
71917.4
36903
69391
42874.6
128020
58324.4
32696.3
58906.2
75462
44614.7
32417.2
52411.1
89795
57269.3
81697
44187.7
55932.2
36012.5
47658.6
80572.3
55980.9
63071.8
27604.1
50229.8
61151.7
64636.6
49483.9
48367.4
56683.4
72990.9
49918.5
52657.4
55153.7
78564.4
41981.8
47770.6
48950.8
64658
79237.5
72301.1
49305.3
46671.8
43769.4
35901
67076.9
60147.7
64531.7
31006.6
49197.8
46109.1
66898.6
61399
58529.8
41210.3
61113.5
36365.5
73639.7
43665.2
64129.1
39629.8
55685.4
47596.9
51443.4
52305.8
46536.2
75130.2
59432.8
31670.6
42563
67001
42111.5
54228.2
65652.5
49713.8
43336.2
50183
65159.1
75533.3
57582.2
54907.9
43917.4
47609.3
26999
56839.7
47137.3
71536.4
62622.5
82340
68026.6
44109.6
45583.8
49823.6
56211.9
46438.7
48630
35264.7
60717
45260.2
59635.6
34692.4
56602
66740.9
68176
53967.1
40443.2
56063.4
52576.4
54290.5
47933.1
47759.3
46238.8
60616.6
56043.2
36465.2
34077.8
75243.4
50992.6
47375.7
46905.9
64020.1
49066.5
72602.6
46970.8
58194.6
51381.6
50477.4
63231.7
50091.7
30503
54954.3
37817.3
45422.1
61358.6
70509.2
45057.6
66464.4
36971.1
40921.1
52122.2
65008
46275.8
46433.8
64449.4
63963.8
48923.2
45164.7
50463.5
47478.7
64221.9
69227.4
68163.7
90467.2
43528.7
62800.3
71265
58815.2
60393.8
62454.9
44330
55080
38769.2
31494.6
62417.8
57634.8
78598.3
39833.9
56189.9
61498.6
65858.5
57416.3
49414.2
60609
34079.3
50740.4
31809.4
61432.2
88012.1
56614.6
67858.7
73859.5
38322
37121.8
48251.8
26007.9
40035.8
54447.3
55376.1
37341
40519.8
44981.1
59839.3
62497.1
63494
43062.8
41531.4
47917.6
37851.9
43560.8
62147.2
66023.6
34197.4
34124.6
67918.4
38911.7
35412.8
39770.6
43331.8
56114.6
45206.4
60552.8
48380.2
31506
35598.4
29660
42936.4
68457.6
38807.5
79094.3
39432.5
41053.8
37969.1
28959.6
60176.6
56529.2
44309.2
55188.3
47295.1
52538
63707.9
33986.5
36903
36842
84450.5
51361.3
44215
51993.7
46461.1
39901.9
39821.4
51763.3
59708.6
58454.6
39242.3
58025.6
45751.8
46744.7
64845.2
61055.2
26731.3
36826.4
43899.1
47735.7
55442
50539.2
58672.2
43120
66525.1
31013.9
72754.7
37705.2
30709.2
52584.3
51792.4
23038
28129
47539.1
35356
44475.8
50153.4
39116.9
39186.2
34209.2
63896.3
49684.8
45538.6
82723.6
33591
53238
61679.9
54379
49662.6
45806.5
41650.2
57272.4
67508.6
33765.4
45864.3
47988.3
60859
45327.4
28461.5
44235
49426.4
51588.8
74047.9
63702.1
51601
43925.4
48836.6
43147.6
77769.1
52363.4
59952.9
27434.6
36105.5
64176.4
39144.7
52247.8
25515
56889
55750.3
40759.5
43760.5
44457.4
77352.2
46626.6
49842.3
34642.5
53996.6
48526.2
64246.7
37417
34940.9
69789.2
61707.3
47996.5
47199.9
38187.2
54471.3
64113.1
61207.6
19726.9
37345.4
51465.6
60066.9
34980
59144
44984.2
28799.8
35247.2
55227.6
59328.3
56737.2
52737.9
94220.5
42157.8
50311.4
42790
53826.2
68323.7
21458.1
57448.2
59830.3
56704.6
65828.4
82244.7
61853
37524.2
61217.8
29259.7
58964.4
94223.4
71562.8
23267
46135.8
43744.2
43295.5
54220.6
38238.3
39750.9
38552.2
65139.6
58734.6
38594
77394.2
33695
54130.8
47671.3
55504.9
40945
62939.5
56352
78211.6
54992.6
36051.4
60999.8
75932.1
71988.3
42092
42485.4
55069.9
47511.4
51859.3
60873
40452.3
46856.5
52557.6
35751.2
37176.1
55996.9
78995.8
38148.5
49165.8
60238.2
50002.2
36748.2
53099.9
67542.9
47670.6
49522.2
35040.2
56132
55724.6
76095.5
63099.4
35661
42051.8
53401.5
50388.6
50607.4
48405
28906.6
64876.8
69178.7
63103.9
38220.9
60477.1
29330.2
43079
53514.2
34987
51834.5
32389.8
58549
36491.1
33473.4
32162.3
47394.2
58075
49947
64355.5
51684.2
45799.9
48612.1
60117.8
34358.6
84856.8
47944.7
41890.2
47261.6
40414.3
41032.2
54419.7
84431
44327.4
56958.4
77467.1
23166.9
54281.9
60321
51319.2
40174.2
40641.2
43297.7
49768.6
58180.6
72464.9
50959.7
69293.6
52526.2
39685.9
68699.1
88891.9
48695.9
74072
59313
39361.1
52571
75453
49754.6
70247
44286.7
48545.9
53155.1
56936.2
39921.8
93055.8
49547.4
69558.4
30589.5
32553.8
42195
35777.7
54682.3
99071.9
39401.5
32691
79464.4
63701.5
55154.5
45110.3
55072.6
37726.6
56955.3
47926
53558.9
30338.1
53687.2
51814.9
53575
73865.9
35793.2
83591.8
48919.4
65617.9
80056.6
53208.2
76584.1
64109.9
40418.6
61968
41380.4
46554.2
52003.5
39261.4
60850.9
54778.6
57159
51756.7
27779.9
52319
34704.6
48398.2
53741
61675.9
76387
38195.8
45609.4
50486.6
48284.9
52028.4
45887.4
32177.3
44797.8
69494.5
67211.5
41218.6
55244.2
63899.4
87678.8
57941.4
59993.7
52307.7
71583
41136.7
43824.6
69546.6
45039.4
53165
32219.5
83967.7
46150.1
52060.6
40284.1
73080.2
50074.2
67156
62916.6
47776
52493.1
41677
83939.4
57609.6
38170.2
39888.3
41644.2
41476.6
61656.6
54081
63234.8
35156.8
56751.5
69513
31662.6
72378.1
48015.1
55724.6
26957.3
39818.9
54671.1
39808.9
79064.7
48689.1
68581.8
67620.4
43477.7
62309.7
65945
37667.5
63517
92005.4
47964
39494.2
99252.6
47107.4
55733.8
38449.8
61739.6
40399.3
74624.6
63850.6
35348.5
64612.7
44516.4
49750.7
69179.2
81336.7
59010.2
68364.2
63339.2
35429.1
59841.7
67136.4
50320.4
49602.2
91292.6
26290.8
64573
47028.6
43806.6
61411.5
33241.8
48044.3
34582
44800.6
46732.6
38573.8
65827.7
53368.9
58577.4
36734.6
44291.1
40052.5
50803.4
60597.6
37100.8
48026.2
34241
87798.3
29430.7
69004
76317.4
36149.8
60527
73561.4
48282.5
43781.8
45527.1
67414.6
43221.8
59918.3
61349.5
42463.1
26630.4
52213.4
26216.7
57148.6
67675.5
39116.6
44632
56239.6
51669.2
42841.4
37914.6
63344.3
37169.2
51183.3
49562.9
56783.8
42803.8
71593.3
48371.8
37783
61060.6
41732.2
63946.2
49842.4
44182.2
55667.2
37196
78384.2
44104.6
48384.5
56253.2
48765.8
36108.2
40530.1
40482.7
37305.4
42993.1
58574.7
42741.9
68149.4
61526.4
71311.8
63872.4
62647.9
55952.2
52111.3
39385.4
38743.8
47483.2
76419.8
66876.6
46173.8
42796
44469.8
32889.9
37239.9
49156.2
41257.4
84592.3
28112.6
52457.4
58707.3
45542.6
47680.6
76618.1
62464.6
48918.4
44740.5
41929.8
43577.6
51467.3
49098.6
60325.2
57113.9
62195.7
62434
34702.1
29889.4
79379.8
70026.2
24619.2
66925.6
53105
47512.6
58834.1
57166.3
58932.6
30479.1
85980.6
48801.8
60377.2
56278.5
58388.2
29721.6
64726.1
43051.9
63439.8
31215.5
52939.8
52906.6
41400.7
68748.8
44700.7
62100.2
39148.9
49511.9
45109
72169.6
39373.3
60150.7
36402.5
78783.3
48528.2
49023.4
67398.8
83909.2
38337.2
48786.4
52942.6
71944.9
52934.8
39407.4
48060.8
63482.7
58309.1
74070
58739.6
71220.6
74458.1
60186.8
52746.3
51271.5
48126.6
36899.4
45668.2
55926.3
42831.8
47712.1
69988.3
64508.8
51138.7
46641.1
58804.6
58722.9
40621.9
55119.4
51092.2
46938.2
56081
57011.9
44422.2
52239.3
57686.5
65702.4
48828
37135
51014
54333.4
45807.2
54203.8
44918.8
54201.1
51217.9
50083.3
63737
73057.6
60249.4
59517.8
35097.9
72252.8
51611.4
64262.9
54860.2
61424.2
41527.4
47176.2
51106.2
54853
45384.3
51638.5
43861.3
60923.7
49433.1
57230
71748.3
39065
49868.9
50353.9
78169.8
58562.2
58614.6
45580.6
67906.6
71784.4
50650.6
33036.9
62642.9
40968
53671.2
59968.3
29482.3
66402.6
57705.8
50722.4
37064.5
53041.7
42460.2
39591.6
71863.2
29768.8
33748.8
44762.5
56495.4
64745.4
71896.4
46924.6
49943.4
41947.8
69290.8
70083
54290.1
31800.9
39480.8
77454.9
37816
63700.9
39238.2
45383.8
53577.7
43290.2
47628.6
42672
60226.1
54328
62770
43639.8
40500.3
58236.2
59185
21977.3
57783.3
54809.2
48101.3
42262.1
31675.8
54677.2
40075.5
35355.7
66122.8
53010.7
34209.2
47671.5
34847.4
50368.4
36237
43650.1
42558.5
31873.3
51347.8
60892.6
32729.8
47337.8
26628.2
75368.6
29435.3
67439.7
42505.8
27969.3
71206.1
48910.2
36460.6
46366.6
56019.4
52535.6
49437.2
46464.2
83396.1
39687.9
51085.8
26173.4
54099.5
71966.3
59974.7
77601
71904.2
22854
42900
39243.4
47869
29790.2
41335.8
51453
33777.4
71563
63642
35422.3
39638.5
50826.6
36583.4
81232.4
41082.7
55051.3
25475.5
53199.8
78223.8
61663.4
36042.5
37409.2
26681.4
31118
37743.8
32040.8
69984.6
46188.2
60483.4
33352.4
50744.6
38256.4
33687
42071.2
58727.6
52694.3
70970.6
40898.1
31439.7
34100.2
89458.6
47008.5
59907
45956.2
66657.4
44224.5
29101
33301.7
44441.8
61730.7
57191.1
35451.3
56701.4
69799.9
54663.4
67602.2
47481.4
45682
54558
40791.8
35091.8
49080.2
83467.4
47557.7
50356.2
63394.8
48175
70399.7
43897.4
44339.4
42687
50070.2
54107.9
57232.4
53411.7
57760.6
30432.2
47705
47007.6
72667.4
48023.1
58162.8
56853.1
55599.2
34372.1
64414.5
30079.5
72457.4
45838.6
25952.2
48787
56570.6
60340.4
74976.2
42781.1
22581.3
29858.5
38596.2
54313.3
55101
70482
50472
46535.8
53947.3
47909
51908.3
28148.6
88527.4
39025
53995.2
37599.7
44303.7
50628.5
48562.6
42510.6
49073.2
45075.4
55719.8
48723.9
68824.1
35158.5
45832.6
46573.5
26869.3
45463.4
44848.2
52734.5
35873.8
51703
55559
77640.6
58161.4
47554.2
93954.8
52734.4
32295.8
38172.9
62886.6
65198.2
51681
54067.8
52083.2
54899.1
41401
52577.8
64547.8
61951.4
51738.5
40672.9
44021.4
71708.8
32464.4
66754.2
35491.3
50313.4
58919
44665.2
36428.9
57638.6
75755
51200.3
41331.2
50894.1
54240.3
43596.2
58594.5
32165.5
71007.7
39984.4
40529.5
50815
54928.2
34178.2
86535.5
48738.2
40005.2
38822.6
47977.7
43559.7
36742.2
49622.9
44577.6
44676.9
52175.5
47486.2
42493.8
61380.7
51477
40926.6
80798.7
46682.9
44435
32986.5
80998
54912.2
66161
36533.4
42679.2
50168.2
46114.1
42780.7
59428.2
39770.7
64652.9
43887.8
43605.8
60042.1
37662
60857.1
43158.1
70270.3
37371.2
65921
54815.3
64172.4
42667.5
32674.5
63331.4
61562.7
37679.9
49879.6
56466.2
61787.6
23756.2
67710.6
27390.9
60875.6
71303
46949.9
30638.8
37377.2
64451.1
32617
43397.9
49737.8
39420.7
51185.2
43691.9
55745.4
30874.1
41115
66048.6
66150.5
55572.6
43111.9
45938.9
64943
39525.3
52250.6
81175.5
37804
45573
49814.9
45924.4
77416.2
48671.1
48851
41071.9
26770.6
62838.3
59581.5
54256.5
64803.4
52366.2
48374.6
57895.8
57644
99526.7
44954.6
35112.8
101723
48203.5
50233.3
69715.4
85860.7
54393
32795.4
55083.7
52974.2
53870
49076
48842.6
39281.5
53545.2
25758.4
59412.9
39769.7
67700.6
33459.9
65958.6
61493.3
47779.8
35198.6
41561.6
63868.6
33321.5
55228.9
51853.6
52029.5
56792.7
34261.4
63749.8
30462.2
54293.5
76774.6
49737.7
53176.1
41355
56448.3
28353.5
49564.7
57054.6
42283.6
89520
44891.8
49490.2
38637.4
49745.1
39554.6
53307.5
44661.4
55729.6
40570.4
41166
51954.5
39873.1
71037.6
27151.9
36594.6
44626
44602.5
47247.4
46976.8
46205.3
30669.1
51404.8
65503.1
77455
83527.4
63795.5
60564.6
84029.4
69604.8
67668.6
80521.8
59919.9
74136.4
38190.6
33630.8
76158.6
62595.4
68729
44813.8
36530.4
45053.5
47138.4
52451
40848.1
83351.1
51017.5
55040.6
38996.9
55175.8
49489.5
59424.9
63359.1
60478.5
55954.6
41774.6
45425.5
64802.2
50318.6
61351.7
41809.4
57529
45927.8
69473.4
52595.8
75887.5
43289.8
43484.6
36892.5
48431
60333
79315.4
45282.6
45184.2
56249.3
40738.4
47952.2
39630.6
70606.9
38350.6
53839.9
50077
62806.3
24455.9
49968.8
41875.4
54228.4
56717
74795
46068.6
43871.3
38531.8
21933.8
48480.9
46711.6
50635.8
46080.5
42032.6
48217.6
40132.4
49756.3
45646.2
68885.8
58972.4
41368.3
44056.3
41522.1
64378.2
70437.9
49504
64526.2
52413
39130.5
46512.3
51517.2
39632.4
54419.2
54310.3
28358.2
74095.2
37128.8
56422.9
38355
38446.4
65788.5
52170.3
55417
34111.3
91302.1
30234.1
49298.7
65439.2
56461
63759.5
64114.2
52383
61717.2
30877.6
33700.3
64579.2
68527.9
39343.4
40960.7
43374.6
37640.5
40045.1
39229.7
65305.6
31019.5
47758.2
59171.2
45977
72515.5
50742.6
60731
48789
25946.5
40712.4
57088.6
42970.1
58224.6
44913
44100.9
68399.8
58329.4
61508.3
39741
51800.4
47290.4
36487.4
69409.4
56750.2
38079.2
39643.2
57411
41657.8
56765
60502.5
38181.5
73794.1
36007.9
64117.1
42968.5
34459.1
37548.7
39814.3
62119.6
58350.6
55245.6
42053.4
85256.6
43022
40491
46955.8
60959.7
50254.6
53540.6
25870.2
68813.5
34091.4
64594.6
49100.2
66099.7
63083
59604
61958.1
44351
35005.5
35523.8
92298.6
51865.4
89624.6
51924.6
43660.1
47667.8
44145
40284
55176
60729.3
80731.3
55499.7
67157.3
33337.3
50091.1
61862.9
66224.6
58585.8
53520.7
32096.9
39125.7
43947.9
42173.7
35056.3
57831.3
30769.9
40895.4
39511.6
60550.9
37822
60313.8
43029.4
38780.9
25816.5
96234.7
42841.8
77907.4
45251.4
51075.6
34576
34846.7
42551.4
53156.7
71781.8
48844.2
54741.1
54389.8
40576.1
44498.5
66753.2
53388
35187.4
42942.6
58815.8
42183.5
33720.5
46371
64681.4
60433.6
62406.2
63327.1
47379.4
52267
84314.6
69412.8
33889.8
47507.4
33828.1
63940.3
41744.9
42565.5
73629.4
46956.7
35154.7
60444.7
52109
51030.8
40818.1
47295.6
48132.4
61837.5
67863.7
41917
55371.7
62101.2
68193.3
46421.6
66843.7
73184.5
51545.1
35036.5
42927.8
53042.2
44307.5
69203.2
57694.4
65560.1
38565.4
80835.6
48349.8
63726.2
58149.4
94271.5
66484.5
64350.2
62653.9
60922.4
51566.9
60844.7
53310.2
52332
53317.9
85699.3
60966.1
31315.8
22613
38483.2
51921
57126.9
48150.4
83161.2
40078.6
49234.7
26695.6
62331.8
57891.5
45136.9
35131.6
50275.9
30604.4
53252.6
36398.2
61658.4
52316.8
42191.6
57903.5
56793.3
58881.8
44830.2
56714.3
76892.6
42331.4
64230
42739.8
42657.7
38837.2
71428.2
93243.8
44574.4
47484.2
52900.1
47807.5
35360.2
44936.2
69620.5
55066.9
31545.4
45594.8
67225.1
63771.9
80742.6
71674.6
53166.8
40088.9
51923.1
46481
35683.9
35595.8
36812.6
46771.5
43867
44595.2
51607
44570.6
44792.4
59312.7
37856.6
49824.9
53127.9
56172.2
64827.5
38204
71178.3
45141.8
58226
28352.6
36570.7
52859.3
53812.1
79603.8
68717
63595.3
66569
50470.2
56863.6
50193.4
78126.1
45449.9
30638.2
77839.2
31055.3
45527.3
39428.2
26745.5
75558.6
30443.6
46540.7
31854
46878.6
44443.9
51637
26911.7
59483.8
55015.3
27740
38468.7
61719
45126.6
48213
50609.1
49260.5
43082.6
43446.6
31050.2
40890.9
73321.8
31358.4
56221.8
38116.8
49158.9
53536.6
52927.3
39597.9
43717.5
64981.4
78685.4
32814
30162.8
47618.4
36447
48575.4
33511
37127.8
41979.8
23075.7
29708.6
33304.6
46073.7
39575.1
50066.6
46148.6
39048.5
34693.5
55670.8
23206.6
35831
55609.8
42742.6
47382
46142.5
48310.2
48379.8
33347.8
29167.8
46947.1
53875.7
32974.3
34468.7
71587.1
81642.6
35142.3
24028.5
50686.6
39920.8
30531.8
40620.4
49500.2
39181.5
49301.3
24967
49271.2
38318.4
56573.2
50621.5
38239.9
53751.4
42207
61576.2
42420
74623
49099.7
51335.7
65594.6
62473.1
58814.4
42545.4
42917.8
59947.8
38732.6
43955.8
47253.8
57800.6
37035
79919.2
56661.9
72029.5
55853.4
50089.9
40461.9
35822.4
36457.8
60803.1
54045.8
61469
69510.2
34533
41844.2
42101.5
51999.1
71799
48792.7
42929.2
36708.6
37530.7
74885.6
67580.6
45234.2
34634.6
44751.4
51072.6
53982.9
30962.2
30901.3
41422.2
45614.2
64822.4
55455.5
43282
58789
36989
30103.9
54558.2
45172.7
86629
44914.2
37088.8
85923
39914.4
79165.8
54940
54401
59207
64424.6
53634.7
23958.9
56968.5
58508.1
48147.8
45940.2
31471.9
51109.4
74257.7
47098.5
53060.8
40409.7
53452.3
71319.8
62413.8
48076.5
66745
40004.2
45971.4
42764.3
47984.7
61786.2
51699.6
56793.8
59508.6
29606.6
44382.3
63995.2
59077.8
27740.3
59645.7
39181.4
37144.2
51259.1
49952.2
50159.3
47506.2
47435.5
50100.6
48140.9
47669.8
48876
62360.2
35925.9
57409
41334
47174.5
59893.8
49959.9
42043.8
51782.8
60624.5
49598.2
31116.2
48354.4
69853.8
58356.6
38838.2
60583.1
50858.8
51563.2
60120.5
35554.5
46058.9
50763.4
61913.5
55736.7
39860
50670.6
57482.8
48684.7
74967.8
46209.7
51111.3
46574
67551.9
60009
53486.7
67348.1
80330.6
31595.4
50591.8
62599.1
74580
55706.8
62099.5
67675.8
56933.6
74117.8
56530.9
74854.1
54192.9
66279.8
49456
57762.5
43135.4
47712.9
36014.2
42620.2
50453.1
39517.8
54203.7
59431.9
46358.8
60237.2
24686.2
54642.9
30327.8
33392.7
33105
71318.3
56052.4
53937.2
34019
36001
42057.9
49825.5
38743
72167.4
62050.2
43216.4
35383.7
66778.8
54622.9
39886.5
71885.1
47443.9
67951.8
57676.4
69270.6
55370.9
43577.4
45688.8
58782.5
39780.2
48723.3
40309.3
44232.8
40330.2
50141.4
47422.9
45211.8
43853.2
32759.3
45809.8
55471
47743.5
39847.9
38015
52557.5
47970.3
48288.9
44414.9
40614.5
30777.8
57733.1
102182
38218.5
46927.8
40103.4
45269.8
62308.5
37159.5
55133
58070.5
44368
69359.9
75537.1
45690.6
40948.2
60203.5
38081
39881.6
54041.1
36313.4
78590.2
39938.7
65249.6
41178.2
46494.6
24841.4
57091.7
61181.8
78857.4
59055.9
47876.5
34862.4
35352.6
31822.1
59258.1
46929.8
64641.1
37908.4
55212.9
30034
50882.6
54985.7
47076
39871.3
35652.7
38277.6
32667.6
38969.2
72262
39369.3
66338.3
30544.5
53470.2
45145.8
50578.2
45418.3
81806.3
40238.6
67636.6
37409
29072.8
49709.4
36773.4
62194.2
40519.1
54717.8
30950.8
52708.2
50187.4
65522.3
64629.1
46070
39940.2
66857.1
40472.1
41330.8
40569.2
43069.8
49145.3
62396.3
32714.2
50247.4
87706.6
47165
41793.4
39597.4
53790.2
69282.9
35882.2
44583.5
46950.2
82597.5
48076.5
35194.7
47970
55015.3
36259.6
52246.2
71495.3
56114
46500.8
54298.6
48483.7
82229
37260.3
43964
68279.3
64200.4
57848.2
56675.2
63864.5
54722.2
72096.1
50240.3
45379.5
84410.6
31227.5
62332.1
45097.9
58253.7
31726.5
42137.8
59814.2
40546.2
57041.8
57817.9
42730.5
48990.5
64952
41136
48150.3
56310.1
48528.9
27438.7
49509.4
66348.4
80322.6
64413.1
51826.6
44300.4
51632.1
64061.4
62223.8
47107
71697.6
57884
49492
35364.5
49341.8
63532.8
53876.8
53358.8
58437.1
46311.2
48627.6
69748.6
68092.5
45801.6
64610.5
53555
66176.9
72964.2
49074.1
45857.1
40934.3
41089
59494.9
42152
46042.7
62008.3
75044
50579.6
63628.2
38385.8
55431.2
23049.4
48542.2
56255.3
50570.4
61364.1
72808.1
38795.4
35190.2
52527.9
67902.8
52358
69403.2
63114.3
43251.5
40022.1
51941.4
35896.4
55437.2
70123.6
40186.8
60332.6
49695.7
74736.9
70591.8
73083.7
46850.3
45642.4
24446.7
41101.3
41186.5
32208
41842.7
28457.4
27724.1
38183.7
38932.2
45018.2
81754.6
28164.9
45537.4
82665.9
57320.1
34911.7
56301.2
49776.3
62879.9
45543.5
61435.7
51317.7
30275
41706
44423
49526
91329.6
64246.2
48256.6
48568.6
76007.6
55917.8
62665
53214.8
64479.1
65325.8
39582.2
69971.6
78207.4
69294.9
52904.9
49113.5
63002.6
71039.2
48095.6
49005.6
66065.1
39191.2
29721.9
70612.6
68965.4
58824.6
44213.9
52393.9
57186.2
56702.1
53618.9
80261.1
39783.6
52042.7
48441.7
42665.8
51497.6
47351.4
87422.9
55806.1
35878.1
69523.2
56943.4
46531.1
48003.1
36755
59419.2
29170.5
62174.1
40857.6
47863.3
35314.8
54089.8
68201.2
76991.4
51320.3
37529.3
49559.3
54628.5
69322.6
51672.5
61575.4
62641.8
45984.1
51736.5
26984.4
77228.1
53229.4
69073.1
40466.2
47129.4
67591.5
57338.5
55748.4
58103.7
56253
59161.8
70594.2
64588.2
48082.3
58467
64694.7
54567.6
66046.6
70878.9
60483
77756.3
57119.2
50874.4
47383.9
66051
57059.7
51097.5
42004.3
61155
54191.2
56582.8
53707
58879.6
53697.6
58908.9
57264.9
46590.6
29801.5
61461.3
39223.4
69871.8
67056.2
47082
51299.8
43996.4
39423.4
60864.2
66631.9
43358.3
56378.4
44406.8
28570.8
72495
75133.7
62551.9
25368.9
59838.9
48626.6
39689.2
44445
42669.8
57388.4
46075.3
33032.2
65452.5
65355
44076.8
67206.3
57373
53338.7
60486.8
38666
59393.3
49057.2
44254.5
65841.8
31144.2
43687.4
60173.4
38976.6
41200.9
59145.4
56273.6
33701.5
35212.3
92797
39748.4
44433
72552.3
68494.7
45702.4
43054
80773
58968.3
51140
51057.9
54201.3
65680.4
44549.4
39677.1
49246.2
66155.4
49296
44793.9
71869.8
58052.8
46533.8
57288.7
30011.7
70496.6
50244.6
51681
50226.2
60896.1
38746
34222.9
33937.6
38058.4
77431.4
64972.6
49709.5
82943.4
45797.6
68080.4
58280.1
47708.2
32365.8
63499.4
62640.7
40029.3
44791.4
80418.4
68563.4
35822.7
80881.3
44178.2
58800.2
57989.8
62474.4
39201.8
45999.5
45722.9
57653.4
47636.2
61009.1
53728.2
66901.5
53997.3
60485.6
49932.5
46857.1
48781.3
72728.6
50469.8
41912.2
55681.5
60569.5
46263.8
70519.8
79131.8
74368.2
44122.7
42909
55211.4
59424.1
33114
63378.3
82861.4
71276.8
52680.1
56013.7
51128.2
54602.5
92777.6
72683.4
63561.5
29187.8
49078.5
47354.4
87103.4
66806.1
53301.4
55747.9
56337.1
53727.3
32540.6
42795.6
83112.9
67588.6
46511
60052.4
48263.9
65072.6
46597.1
45603.1
62869.3
60695.7
45548.4
28173.2
65309.5
87081.1
60267.2
90563.4
48373.8
38952.8
42166
55587.8
43290.9
44860.5
61832
46176.3
75000.3
31282.7
42868.6
69705
74107.3
66957.9
80527.5
61490
69750.5
36744.6
40089.1
47443.4
50990
45798.6
56261.3
53992.6
49604.3
52938.6
62921
54048.2
41804
46744.7
67184.2
47630.9
42980.2
80245.9
51668.9
62317
48543.2
46272.8
73793.1
73641.4
49364.7
54069.8
54398.2
41988.8
39223.2
58356.3
55540.6
51785.9
66967.8
50680.4
77732.3
48524.6
77606.1
64443.8
68714.2
54926.9
84532
68839.9
38047.1
59026.2
60253.6
64433.7
55902.1
57570.8
53950.1
33039.7
56291.6
68105.2
61950.9
40018.6
51170.5
30204.7
36165
62601.4
50165.4
54777.5
84267
42656.9
42904.8
33654.4
53175.9
41695.8
50268.1
42776.7
40606.7
43783.1
76322.4
40567.2
55548.6
60380.6
48987.4
46106.7
62064.2
34178.2
78258.1
33101.8
46429.4
54743.7
74644.6
58363.8
73433.3
69402.6
50123.2
25751.1
61854.3
61894.4
69875.5
48117
52283.1
55671.2
50091.4
60930.9
58263.5
53951.8
65735.5
42461
46256.7
59567.5
56314.9
34601.1
59344.5
78776.3
66973.4
52243.4
70143.2
47629
44419.7
60613
49698
58138
63199.1
64193.3
71872.6
48778.4
81965.6
58815.1
46172.5
54046.1
49881.3
73957.2
64749.4
61685.8
62699.2
83854.2
55742.2
71420.8
59907.2
39120.7
36088.2
49093.4
56598.6
60810.9
39025.5
65291.2
48219
39897.4
38039.6
52848.7
63963.9
59899.8
46574.6
39250.6
32368.1
49704.7
42236.6
46878.3
43146.4
29511.4
61187
34337
58224.2
36086.1
62996.2
36688
40380
52960.4
46902.7
67869.9
49094.5
28098.5
46803.4
34974.3
53343.4
39954.6
120805
56159.9
71587.1
48050.2
41856.7
72926.1
69376.2
62502.6
69049.3
35453.4
39389.7
69001.1
35144.2
79198.3
82109.4
65427.1
48246.4
40416.5
67155.8
32187.8
59351.8
77893.6
46773.5
40577.2
20727.8
64030.6
44624.1
64136.1
54081.4
44861.2
32996.1
62479
52510.2
53816.3
43345
55105.3
40310.2
69754.5
45298
60268.1
44235.5
60445
59973.1
62797.5
59965.2
58439.8
49535.2
75125
53345.1
39676.6
61813.5
51967
82158.3
99220.1
56042
56457.3
71227.3
65814.6
47599.8
75026.5
81499
55576.6
65399.4
63131.1
38339.8
49563.1
74920.5
66315.8
66769.8
53693.4
66142
70698
54085.7
55596.4
69766.6
68056.6
70617
62722.2
73554.2
42888.2
37639.7
52189.7
37687.5
47490.8
79172.4
84297.6
48628.1
25317.3
59854.8
54041.2
55229.8
67673.9
72542.4
33127.4
72564.2
63951.3
54044.3
50415.8
43789.1
56012.3
65375.3
56390.1
39105.4
86226.1
85604.6
58130
62325.6
80416.4
42197.1
68070.6
71427.2
73234.5
47181.3
86987.7
53173.1
66461.2
67881.6
57864.9
64382.4
44855.9
44624.6
74400.1
59342.4
44500.8
50606.8
40121.1
69033.9
48614.1
48586.1
46251.3
39465.1
46870.1
36983.4
46310.5
60036
62504.2
47510
55078.8
39037
40958.6
56173.4
82473.6
55762.3
73773.8
53209.9
48419.9
59704.5
49136.1
92200.6
68427.8
62274.8
26491.5
44663.9
49999.4
47667.8
66652.6
63097.4
72404.3
41090.4
39095.4
95875.1
50310.4
64356.8
49373.2
55640
47098.4
58677.8
48848.4
66123.2
56270.7
68076.8
22337.4
22105.5
64402.8
49503.9
60169
49240.4
65141.5
38644
41814.5
58113
54947.8
64929.3
84224.7
48420.2
48855.3
47081.2
51911
56970.9
36946.3
67221.9
67166.9
66014.4
50723.2
35125.4
28007
64825.1
39159.2
32309
34267.9
38017
30767
44655.4
39814.6
53804.2
74344.2
60354
58803.1
41292.6
45624.6
40855.9
41074.3
29469
37270
44945
56655.1
36199
62627.4
40856.2
24071.1
48918.6
49005.8
46699.7
41526.5
36032.9
64495
55334.3
76277
54319.2
64105
39643.4
62984.3
64189.8
30188.1
76506.5
64503.6
64323.1
56341.4
61389.4
38035
59141
18555.8
48819.3
47094.9
54101.4
58317.4
40023.4
37152.2
64701.4
56951
59246.2
37695.8
55958.5
45509.4
60027.8
53344
50952.7
77795.6
38197
47882.9
31342.6
52036
60859.7
52355.4
37067.4
46723
49451.7
46827.5
46529.5
45235.4
58051.5
50386.4
46948.2
66802.2
64448.2
38653.3
60790.1
28814.1
61328.5
60489.8
38167.1
61736.6
67468
48399.7
48747.1
56847.4
55962.9
39019.5
45004.7
87797
51855.4
55137.4
50034.1
52170.4
45865.9
39083
68775.6
55865.7
39725.9
43857.4
52545.2
73358.1
53260.6
86815.9
47704.6
57160.1
63879.4
62058.6
53107
28787.8
47811.4
61559.2
35551.4
61657.3
44872.1
35327.1
40506.8
58531.4
55083.8
41162.7
40326.9
41017.1
38922.4
69174.5
47687.3
42610
59516.3
34047
39344.1
43897.7
42981.4
42998.6
40152.5
63756.2
46672.5
42527.9
59183.3
52911.7
43261.4
36714.1
38861.5
56929.8
55462.7
58394.2
66953.8
42397.9
37718.3
42231.7
53657.5
44698.3
41249
63983.4
37730.2
59424.2
37561.4
43276.1
42678.7
22161.2
62521.3
27659.4
40871.1
60459.2
65823.5
36096.3
43011.8
23317.6
50133
49743
51893.7
45698.6
49522.8
39650.7
67597.9
58207.5
53761.1
51036.3
56295.5
57120.8
47380.5
54291.3
75852.2
64842.8
57452.6
30118.5
62989.8
39579.9
48515.7
59584.1
61425.5
52145
45206.8
54639.8
46449.4
35402.2
46269.8
33885.7
65902.5
58506
44101.2
47582.2
76305.8
59725.2
51450.6
59046.5
86506.8
51360.2
48514.3
57231.1
74308.9
52564.6
50485.2
70349.7
35657.7
56980.2
57873.1
61102.4
61963.3
46387.4
66341.3
44446
57045.1
49881
57575.4
42131.7
60344.5
42144.7
57661.8
50233.4
50278.7
40234.6
52930.6
52052.6
64711.8
36380.9
66741.7
45528.2
81674.9
48245.7
50278.6
44287.2
50164
41515.8
55786.9
61442.3
50714.6
62348.2
55343.4
43326.9
52950.7
40316.8
46610.3
44913.4
46933.8
57569.7
62144
33321.2
46518.6
53220.9
51816.6
49986.3
82440.2
62616.2
52665.8
34099.8
48989.7
33325
65831.5
53286.8
75983
53345.3
54436.6
51157.5
55317.5
58191.4
61115.1
84910.2
64020.2
40263.8
45815.4
35538.5
54291.3
34157.6
88871.4
56474.1
32320.8
44567.5
37629.6
30491.5
71920.7
47824.4
67430.8
32301.2
36913
60360.4
49928.1
44774.4
44891.3
56816.9
45243.4
58216.5
47964.2
88837.4
45653.8
54707.9
33650
53648.5
41399.7
50473.5
40268.4
43670.2
29933.3
50566.3
73783.2
44797.4
34788.5
49333.3
22969.6
52524
61924.2
26923.4
33223.2
42264.1
50833.5
34425.7
47563
40597.8
51469
60431.9
47628.6
48919.4
36878.1
32173.7
46353.8
48597.9
33118.5
33680.6
18326.3
65158.9
48150.7
47756.3
55885.7
50857.4
44635.3
36776.8
48833.6
47307.4
50082.1
30897.2
42039.9
39169.8
40156.6
56842.5
53986.1
22886.8
32658.2
47811
35968.7
33677.5
37427.3
27334
49216.4
47200.9
52488.3
59285.6
39222.2
39631.8
44214.6
30232.7
66922.9
36794.2
30176.6
49478.6
25370.9
28477.8
52234.5
31053.4
60859.8
38406.4
61026
44202.8
44988
36728.2
47247.7
45467.8
56399
44592.6
31352.5
40620.6
49035.8
42188.5
38855
77975.3
45604.2
33132.6
48941.6
43614.1
48471.2
47813.8
39504.6
62277.7
38417.2
43011.8
49927
39328.2
57674
42594.9
51791.6
60096.6
33170.9
50640.8
36310.5
66168.4
50678.5
42711.6
42934.4
44755.9
30604
70201.7
47950.2
65955.8
38139.3
57447
52709.4
46171.8
45413.1
48001.1
51491.8
51626.6
33607.7
61293.6
35019.4
79676.2
65042.6
18978.2
69919.3
74544.5
33962.4
36673.8
43293.5
67532.6
45512.3
45853.5
40700.8
46186.1
37630.1
27423.3
70058.7
49666.6
54645.1
34357.2
48349.7
55840.8
61755.4
46971.5
53889.3
40423.5
53812.4
50919.4
50992
63035.8
59183.8
55400.8
67563
47492.5
46897.7
44131.1
55623
45515.6
53923.5
26958.6
40570.2
61840.7
54714.7
32828.5
49100.2
36632.6
35234.7
38416.6
36460.6
79994.3
40359.4
59637.1
42926.2
38284.6
44332.2
46631.8
66225.5
34511.5
41528.7
65187
47577.5
50674.6
37116.2
46958
48397.8
52385.8
76661
33964.6
49357.2
45136.4
56330.5
56322.7
62146.6
61975.7
38341.3
46787.4
25337.4
22687.8
40559.6
53886.2
61307
53209.2
39975.7
43767.1
62874.9
73277.2
54400.2
35694.3
53372.4
37204.7
17833.9
74100.4
67379.2
62547.8
46386
59929.8
29776.7
37876
89907.1
48714.6
73425.7
52889.4
42215.6
25441.7
62959.9
52038.4
76238.6
41211.1
46652.7
51744.7
56068.4
79378.6
49237.8
39793.2
37454.9
36399.9
57377.4
57462.2
67561.1
56088.2
90352.6
34200.1
55801.4
59793.8
78929.4
47408.6
42310.9
54760.6
42354.2
64209.8
49683.9
80732.2
71695.4
65273.2
47965.4
36598.9
39398.8
59912.8
43203
47840
39896.8
45163.8
48234.1
45931.3
43498.8
104180
68845.3
43603.4
55027.4
42202.8
34454.2
63807
54804.2
51394
48445.7
57024.7
44403.8
37457.9
37410.6
38903.9
42647
32260.2
38155.6
25304.3
58124.2
56270.5
24998.9
32145.2
34292.9
32376.7
70132.7
48020
58310.6
38002.4
36368.6
39303.6
30462.2
63420.4
52547.9
54932.2
21454.4
56517.8
51103.9
64379
68179.7
65988.2
30963
25139
62035.3
51787.1
67023.7
49373.3
30680.4
63418.7
69817.8
60735.8
55839.4
49614.8
56599.7
41825
47639.8
43882
43938.2
39736.3
69806.1
35987.5
52457.4
69025.8
59994.6
51974.2
37751.2
52425.2
30111.2
52469.7
42979.3
54393.7
68272.3
54423.8
24988.2
33494.6
40469.7
42286.9
46817.8
49915.8
43992.1
57815.2
45287.1
36005.1
61783.9
53275.4
50364.2
49570.3
71681.6
42409.9
86986.8
52928.6
58900.2
21968
50053.6
35886.1
52382.6
79487.6
71828
62558
32209
35143.7
78781
52516.2
51577.3
48753
79120.2
70070
57371.8
42647.4
46204.3
44538.3
48200.1
61152.6
46345.4
42055.9
44449.8
22898.1
54421.7
42189.8
77762.8
27451
66102.8
81043.1
35772.9
50761.4
61203.2
66061.1
48263.9
42854
58120.2
30222.4
17372.4
47082.9
55454.4
52436
28685.4
64164.7
28630.9
51410.5
61339.9
41463.9
52454.2
62610.8
55906.5
55655.1
40989.4
54794.4
53363
41767.4
89991.4
52340.2
35676.6
80243.8
62510.1
49219.4
44738.6
41050.6
66944.6
30596.6
38189.5
60152
45724.3
52849.5
36551.4
60216.6
59303.7
64036.3
54971.8
58992.4
40249.1
40684.1
63605.9
52924.1
69782
50745.3
58238.2
82914.2
49984.7
53898.7
58194.9
45543.8
49618.2
33185.8
44507.5
53179.7
73383.8
80317.7
43443.9
50048.2
67341.9
37815.4
69237.8
40998.2
57482.3
45931.4
41558.6
44294.6
56117.7
60434.6
37061.4
58309
59591.5
54383.2
36431.4
42954.6
40291.7
41667.4
38714.5
30257.4
45498.6
36119.4
49709.1
72912.7
31563.3
28788.4
58658.7
37840.4
51300.6
45848.4
35991.4
48597.6
54446
52288.5
49715.8
63310
31942.4
53277.2
24742
37954.8
52788.9
71221.6
52483
37658.7
29766.7
39542.9
36958
57559.8
41926.5
51028
32399.5
41032.8
45649.8
56274
50137
32107.1
40817.4
42338.8
68488.2
48055.4
58597.9
46649.8
33605.4
40141.9
53130.6
35155.1
55808.4
76549.9
39791.8
67945.5
49570.7
66720.9
36031.4
54134.2
60112.8
55159.7
41732.9
53196.4
40809.8
53982.8
47235.8
43980.8
49961.3
48906
56161.5
31802.8
30722.6
51521.4
42740.3
39830.3
59482.6
35452
64622.2
60269.1
46781.8
36851.7
48616.2
26765.8
48483.8
50177.1
39910.8
50609.7
36341.6
45452.4
64148.3
50761.8
21528.9
30447.7
53641
31743.6
39092.5
46918.3
49038.3
34127
51074.7
35845
37939.5
51513.8
32218.6
28843.3
41861.4
34786.3
57705
67798.3
57396.5
54091
64839
54540.1
37252.4
68017.8
45630.9
75166.9
42490.7
64495.1
43085
32681
42734.7
38503.4
35126.1
33954.7
44841.2
46201.8
28807.9
37186.8
44548.4
52781.7
51207.1
58587.5
30925.4
45775.4
29900.8
70497.9
36329.4
63403
35549.3
27037.6
32468.3
46306.2
26926.6
56344.4
55250.8
39569.8
41485.4
64735.1
30828.2
49280.2
44881.7
42625.4
63005.2
35648.2
43700.6
61201.3
42272.2
62241
53219.7
45297.1
39851
52261.5
80994.2
36807.8
62360.7
61435.2
42406.6
37903.4
67653.1
65960.2
43452
51402.6
66704.2
49520.8
34545.1
47260.4
45667.9
50341.5
88691.4
43182.1
52867.8
66649.2
50711.7
59308
39049
57309.3
55422.9
58409.9
73166.5
70660.6
55263
43161.8
40632.9
62609.1
57353
66504
30111
31726.2
52778
61456.6
46206.7
56953.6
47590.1
45920.4
52080
26824.5
49065
49730.2
32161
53652.4
49805.2
47630.2
42087.5
67589.1
80862.3
43549.8
60723.7
25896.6
52933.5
71152.6
64110.9
66593.7
54514.6
41906.8
40391
51234.2
39483
68048.2
58515.8
43470.5
47850
35421.5
39272.2
25668.6
46202
63161.9
42206.1
57391.2
41446
55689
82079
38509.5
43311
83011.4
37147
82409.4
29894.8
65855.8
48378.6
46108.4
51625.1
49656.4
72108.6
46050.9
34599.4
51839.8
58705.8
50764
72195.8
41401.8
56483.8
61836.2
73626.9
46355.3
42693.8
74497.8
40509.2
64072.6
60164.7
65333.8
55498.5
54298.2
70981.9
64435.3
67107.8
55102.7
65688
78446.2
50112.9
54046
64085.4
79460.6
81965.4
44262.2
58713.1
79627.4
76212.1
34490.7
47379.8
98913.5
60482.6
60447
64871.2
60183.2
42663.8
60062.7
57379.5
76002.9
72870.6
77485.9
64728.2
46232.1
39829
89519.4
57891.4
51255.6
60820.8
63806
65611
65756.8
55355.6
42919.8
73511
67020.5
48178.9
56768.4
67355
67423.2
63602
36845.5
56626.9
66881.1
67607.2
59004.7
51425.4
25954.1
59923.9
37912.5
30125.3
67073.3
44764.6
47729.5
77205.9
43609.7
100966
55333
43789.1
47177.3
56662.4
66298.4
44707.8
47460.9
33823.8
34724.4
59141.5
60387.4
62848.1
76224.2
60698.7
49596.5
53487.1
71448.1
61670.3
50949
66735
63010.2
110272
75570.6
41569.3
55723
50161.5
69169.6
43264.6
50266.2
79963.4
80738.8
38841.4
58358.3
54882.8
44251.4
35890
53662.9
48142.2
40594
65072.2
70399.9
51751.6
60499.3
37293.4
82783.8
39778.6
49698.5
65041
65499.2
81145.4
44586.1
36371.4
53737.8
63782.6
63248.6
68093.2
47567.4
77458.3
53455.9
49687.6
45248.2
67807.6
74086.6
48267.1
44724.4
39425.2
57213.4
37455.8
53702.5
35387.3
56559.9
65843.4
53933.1
56197.6
47904.2
55953
43608.9
41519
54687.4
40432.4
81170.1
39032.7
51399.1
44773.3
43292.2
31480.6
42309.3
44109
50870.9
79098.9
73560.3
44672.6
48905
16880.3
74816.8
43381.9
64954.1
53681.1
55681.2
44182.4
53803.3
40635.7
58134.1
64244.4
45654.6
60209.5
42682.7
39579.9
43981.5
61164.2
74185.2
48340.6
54541.3
67622.1
43639.4
33086.4
47073.1
39220.4
78128.2
31822.5
37691.2
62992.8
53873.4
51709.6
51737.3
73065.3
53921.7
43365.9
50321.1
33020.1
51211
54314.9
29650.3
43182.6
30367.2
56816.2
43687.4
42192.3
58804.2
69325.2
55721
75264.8
56286
53856.6
50944.5
69960.8
47177.8
39585.8
48798.1
50237.8
57608
44407.8
48997.5
62176.2
56970.2
49380.6
32014.4
62180
54790.2
33714.7
40063
40000.5
37457
49301.8
40641.8
54553.4
53214.4
23319.9
30453.7
45660.3
46636.5
44197
52174.7
36101.3
34520.9
66104.6
43382
48478.2
48456.9
34773.5
25856.2
46109.8
22691.4
74370
38753.4
27019.7
29091.1
57868.8
61389
41995.7
46930.2
42118.6
64325
61224.2
27536.4
83092.4
56639.2
34884.2
49926.6
53902.6
51577.3
49506.9
50191.8
43439.8
23460
26748
51027.2
42131.4
70904.1
50333
63836.2
62190.6
42883.6
31199.6
56263.9
50395.4
37370.3
42891
31106.7
43367.5
24823.2
45379.2
42797
48420.1
56644.7
43091.4
54221.5
42188.2
34626.8
37950.9
57539.5
53028.5
32323.4
51755.1
32171.4
82153.5
72686.8
50600.1
45676.7
73661.5
32001.8
51708.6
46200.2
51312.8
47191.9
73966
78358.4
53074.7
64079.6
44296.4
39675.2
48159.1
83404.6
55134.2
53936.8
53037.7
44097.8
39683.4
51295.5
66015.9
45548.9
77287.7
26745.1
64671.8
33654.6
45662.9
76270.8
58741.5
61545.3
37691.8
37152.2
50858.2
54247.7
48995
42265.4
42625.7
42825.2
46558.6
46602
40915.8
52790.6
52956.5
55810.3
37438.9
59331.8
38458.5
36409.6
57655.2
61340.3
52718.2
46583
68815.8
70526.6
51416.3
41517.8
56151.4
50592.2
48514.9
76801.4
44630.8
53610.6
33545.1
77256.9
70980.3
28668.6
57298.4
46349.4
60768
70367.7
58037.9
50424.3
101622
37419.1
35689.6
51389.4
59135.9
50108.5
66741.8
44618.3
38757.4
39558
51514.5
47210.9
70226.5
41028.8
72903.5
56708
34652.2
46180.6
65863.2
42538.4
48435.2
37577.1
41921.9
61506.4
56352.2
79578
24052
50435.7
65354.1
69152.3
45631.2
37467.2
45711.8
64893.4
57142.8
43830.2
42748.3
56848.9
77423.7
46797.4
34687.8
46521.7
60249.8
50208.6
54379.2
36181
66131.8
51290.2
23067.4
51260.2
44403.1
62588
40281.5
55001.2
50816.8
50222.6
54351.4
53226.4
43274.2
50964.8
45548.9
52607.8
28979.7
34638.7
69551.2
72753.8
71201.7
36850.3
43898.5
50225
36585.2
63357.8
38046.2
70380.2
54218.5
54710
39724.2
66882.7
45935.7
41048.7
39766.6
35439.2
48221.5
56477.9
45774.3
44185
34333.9
36131.5
55027.1
29067.4
77707.2
70573.6
56155.5
37459.2
64035
63498.4
47084.7
58500.5
42736
68366.4
37638
63613.2
52257.4
58519
29389.8
41008.6
45398.6
40830.8
95675.8
52183.4
63745.6
76900.9
53215.7
55424.9
49016
45670.6
56643.2
49724.2
38252.6
36853.7
29982.7
39521.5
38275.7
58070.8
28603.8
35074.2
50703.1
28901.1
41205.9
42105
55779.1
48573.5
43549.8
78884.5
24802.3
74553.9
37465.4
40521.2
19225.7
39029
39608.3
60747
50325
53377.1
44531.2
45639.9
23592.1
42789.6
58912.1
37209.8
54266.6
61166.6
38783.8
53217.8
55685.8
22522.3
53307.1
45118
54256.4
34455.3
47287.1
40619
46471.3
30168.8
28601.1
52164.8
53683
70884.1
47583.3
44938.3
72405.8
46733.6
48615.3
32851.2
55027.5
72062.3
39379.2
44751.4
64030.8
55739.4
59651.3
46122.9
66344.5
64220.2
72174.6
69154.1
52721
31195.3
65596
49153.3
77086.1
70239.8
58326.1
39222.4
25225.3
71301
39861.8
43723.1
59233.5
49647.3
33487.7
48366.6
55150.7
60990.7
118993
48740.5
52771.8
50053.2
65252.5
43911.1
65478.4
43063.8
52736.4
47571
82185.5
54479.6
52271.8
31938.9
45841.6
42091
56554
74289.7
28179.1
45892
34551
45895.4
74357.7
42659.7
40474.1
37273.6
70890.8
41077.4
34949.9
50249.8
69940.1
38921
57061.1
69162.1
52424.2
63864.3
75133
63092.3
26661.7
31841.3
52145.1
42900.2
53059.2
40404.2
76301
39356.1
50240.6
39674.4
56700.2
38125.8
48065.2
46108.9
87681.7
26004.9
46444
69044.6
46257.8
69808
59322.9
64779
67104.8
52049.5
50308.6
44237
58950.5
57970.3
67041.7
60799.1
51465.3
40336.2
65943
59870.5
48731.9
64465.8
43421.3
72637.4
38034
38912.6
68109.7
41451.3
35594.3
64660.4
50349.7
29174
41020.3
65012.2
33193.8
63977.1
43119.9
50453.3
43948.2
64593.8
46511.9
86855.9
49216.4
51089.6
39120.6
42353.8
61767.2
35751.6
99134.6
71243
57475.8
45668.1
61116.7
58495.4
51751.4
44887.6
57815.2
65051.6
60444.9
76591
48029.6
27970.9
46639.5
45849.8
50417.4
49435.8
47691.6
48279
55409.9
59615.8
46640.1
41429.4
56631.4
52354
53462.8
55683.8
77139.4
54390.4
59984.9
73416.7
51802.9
30375.4
50215.8
58927.5
42327.1
44139.9
33370.1
36275
64298.8
45801
45094.7
30307.5
37653.4
47327.4
43568.2
37759.2
66056.1
55064
32785.9
66436.2
68693.2
40787.8
41970.9
54667.7
62075
43172.1
72455.9
76696.3
47690.7
44546.9
60503.6
43006.4
43390.6
53601.2
51561.2
38048.5
61477.7
63863.8
35645
50407
58740.6
54467.9
90747.1
39712.1
55142.2
34435.8
36443
29911.2
30805.3
60827.3
51601.9
30687.9
44619.4
43364.8
56841.2
58137.4
49505.9
34676.9
54163.8
37592.5
31905.6
52280.1
51801.7
49466.2
37241.5
30484.1
43276.1
23973.3
46166.2
67562.3
37022.7
43661.9
33169.6
42216.8
51244
25816.2
46491
29609.4
44521.4
41565.8
46538.6
48551.8
44349.8
58648.7
34790.1
48809.4
36876
36161.2
60264.3
41241.8
49473.7
35503
21608.3
43122.6
36029.7
47205
41314.1
33563.7
45416.6
43615.9
73368.7
43441.9
72467.5
37957.1
56714.6
52130.2
50447.1
59246.2
40006.2
48613.9
69918
58699.8
58162.2
63974.3
68670.6
48813.1
60393.3
25859.2
57712.2
57920.1
67131.1
49846.3
34042
56128.5
49817.1
81343.3
52509.8
47861.3
53229.5
69203
45868.5
42475.8
62995.8
90652.3
58149.8
41888.9
47972.9
52020.1
31817.6
53523
59357
41616.9
49976.3
44023.8
47371.3
56370.6
63576.9
59482.5
45314.2
21212.3
45303.4
78846.7
46170
44749.4
24680.2
38786.2
67060
37672
36840.3
41807.1
65652.8
38308.1
45452.1
39118.6
40693.3
68753.8
43036.2
37248.5
39838.7
29935
41340.2
49087.6
45722
31181.8
38522.1
51989.3
33431.4
91449
43066.6
33457.4
44833.4
52260.1
61909.9
94822.2
38489.8
49901.5
48467.7
56001.4
50099.2
104609
64222.2
59203
46314.7
51813.8
48423.8
60391.7
88360.5
73388
46387.5
53598.2
65363
49526.6
62319.3
44524.5
64267.6
57690.1
61862.4
41859.6
34394.6
47677.8
47170.5
62252.5
79713.5
47510.7
62683.8
38062
53310.6
39628.3
86384.2
43683.4
61347.7
54590.4
44979.1
26683.4
43647.4
77797.4
41710.1
53534.4
51060
49849
40202.2
67361.8
76278
42588.2
79153.8
43477.1
43750.4
71216.6
38964.7
46780.5
42634.7
96294.1
70128.2
51041.2
54897.6
45264.6
41673
50155
52942.4
52769.2
52915.2
72512.4
66768.9
25903.7
51197.2
61253.8
67583.5
65070.4
49682.8
72735.9
34725.8
57882.3
50225.9
59270.5
53287.8
44806.3
51008.2
68734.9
63967.7
71229.3
66699.4
39103.8
69334.6
78278.2
61637.6
36187.8
54850
27181
73194.2
76082.9
38507.5
46931.8
55491.7
57969.3
73827.6
85651
79990
36980.7
58561.3
46324.6
28269.5
47543.7
53870.8
87232.5
49965.1
57763
43759
36825.8
35647.8
52866.9
71289.1
51497.2
55199
21222.5
40288.7
35455.1
41750.8
89275.6
50221.6
44950.3
51641.8
55200.3
49840.8
55987
47926.7
46986.2
52792.6
39135.2
54310.5
51811
37260.3
33307.8
70557.7
50073.4
34118.6
68943
26421.3
76846.5
43481.7
56875.9
83563.3
62371.6
53610.5
26473.8
66421.9
58594.2
45593
49124.6
66300.5
34582.2
47496.6
46737
54826.3
42677.7
54696.8
28940
58151.3
40861
56892.1
34230
29263.8
66262.6
48096.3
53918.9
47921.9
41080.6
51588.3
73771
51588.3
45467.4
43177
60810.6
47449.9
67786.8
43762.6
57305.9
53702.3
84945.2
47389.4
49141.4
56268.6
58764
63900
57355.1
59075.4
57927
44574.6
67792.8
43706.5
67579.5
50307.6
64838.1
73115
70465.9
49850.9
66322.3
46959.8
58339.3
72348
66050.2
44606
88459.3
46582.2
51441.9
45499.5
68755.6
59783.5
54553.4
77527.3
38558.8
68548.9
61905.2
49765.1
43101.4
57995.2
71045.4
37926.1
55984
40322.7
57614.7
56811.9
73580.2
57357.2
33397.7
37346.6
55646.8
39740.7
42597.1
66483.5
46899.1
66166.4
52066.2
36577.8
49494.2
30783.5
42540.1
35053.9
67223.1
34516.6
61231
37711.8
43720.6
67472.7
42192.5
51256.1
54388.5
54211.8
65744.7
40567.9
44512.6
52718.3
68752.4
35763.2
60202.8
50189.4
42941.1
29929
75899.5
54285.4
36465
58110.3
55493.8
30535.9
48127.5
43635.3
60775.9
51406.2
42370.6
45150
52089
32947.7
70367.2
30472.6
25347.2
76835.6
42375.7
38215.6
26832.8
44749.6
32657.4
39046.4
57703.6
57547.4
36979.8
39797.8
50028.9
35493.2
16749.1
97497.8
69857.4
29479.2
38429
70123
54407.4
46457.6
44363.3
57432.8
38524.2
50162.7
51688.7
51273.4
41610.4
58409.5
44227.2
42196.2
50444.2
56172.9
60678
56229.9
28714.8
44914
24280.3
39885.2
53731.9
26471.6
51756
74620.3
54831.9
41508.2
30376.2
37207.7
30121.6
51105.3
41870.1
50807.4
50680.9
40432.6
62319.6
58190.1
35117.4
61886
50547
82297.7
47493
58601.3
45527.4
52735.8
38571.3
55247.8
80535.4
66251.1
69678.6
47633.8
48145.9
49085.4
48283
49838.4
44459.2
35220.5
44008.7
43820.3
28761.3
45883.7
59461.1
50897.9
67191.5
43525.4
43940.7
47552.9
54909.4
57245
53612.5
49871.3
41292
51567.5
37517.5
72757.4
48517.8
56957.9
47301.6
44425.2
44082.6
44035.4
28716
78462.2
49058.7
44081.8
70845.5
37614.4
60363.5
50899.4
49079
47559.3
41557.9
60876.7
43563.1
50580.6
41542.9
63670.6
24692.3
46066.8
55202.5
45426.2
55694.2
34848.8
51458.9
47694
58237.8
38584.3
47352.3
33919.5
40062.8
45923
25438.3
54387.4
40562.7
36445.8
37051.4
58171.5
30392.4
37592.8
48180.3
62564.6
66173.6
45900.9
40963.8
70266.6
45079.7
62428.5
53858.3
69450.6
56879.9
59325.6
50729.9
66306.1
70934.6
52250.1
57687.2
21736
41844.2
33578.9
56430
45103.8
61096.1
28251
33257.1
45438.7
50783.3
60417
46374.4
43640
34398.5
35873.4
35338.5
51516
66807.8
36491.8
30616.9
46085
25929.7
67618.2
42284.5
57356.7
48181.6
44105.6
39273.8
56589.4
37525
42718.2
49763.1
40813.1
42007.6
49559.6
64263.4
39019.5
44363
36155.6
52667.1
68846.8
43482.6
54714.3
41242.3
47164.7
44413.1
54543.3
43060.6
55847.7
65400.4
27362.2
29440.5
40098.5
41863.6
55060.6
57766
37167.8
32507
40250.1
62125.4
45187.2
64216.3
74518.2
29622.4
43294.5
39132.1
50998.5
60308.3
51594.4
60205.6
42593.7
47114.1
62832
46729.7
72446.2
47610.8
24956.1
42153.1
42591
60195.4
57281.3
42505.4
46398.9
58831.5
57606.3
32072.1
44105.4
50708.4
52734
31188.5
36359.4
41650.9
53246.5
63213.8
44121
62196.7
47142.9
46635.7
55621.7
41529.5
45417
54748.5
35943.4
48214.4
47645
25346.2
25706.6
33479.2
39482.1
48219.4
37360.2
37366.6
42735.8
42007.5
43366.6
28497.2
42619.7
24062
51283.4
62887.5
36898.7
49413.3
49614.8
37664.7
49236.1
84406.2
54138.6
72908.6
71441.4
39956.1
41431.2
53192.8
51456.4
70776.5
47050.6
36391.8
48478.8
70144.2
49868.4
38239.4
86683.8
40673.9
49554.3
39533
37977.8
57124.3
53579.5
59651.8
42402.5
35260.9
43485.5
25757.9
62059
58113.5
42156.8
51761.7
59751.4
65480.4
46526.2
69845.1
51809.1
71441
62860.1
49863.5
30423.7
61922.3
51771.9
49493
37453.6
45452.1
79500.6
56239.9
49465.5
54256
62404.8
63903.9
24016.8
36985.2
45187
44863
66164.2
56726.6
43480.9
40833.5
49312.4
51768.1
51650.2
51606.5
35040.7
70216
57812.2
48687.5
41602.2
53325.1
51995.4
51672.9
55966.2
32984.6
64164.6
45354
43142
39779.9
42240.2
47317.5
93799.9
69957.8
45738.5
48154.4
50393
47982.2
56014.7
54224
63084.6
44439.9
54267.3
51105.4
53974.2
44972.5
41070.9
77383.8
56483.8
58204.6
73265
50751.4
60517.6
52951
58260
52499.7
53004.2
51294.7
50438.3
70633.8
53792.2
73446.5
34973.8
48205.7
47179.6
37575.2
54815.4
37881.4
69333.8
52649.6
33984.1
61603.8
74135.4
54591.4
59893.6
76129.7
62905.8
36767.7
39986.2
69298.7
45660.9
55648.6
44661
67192.6
74278.3
65839.8
50094.4
66606.9
43328
56788.5
72436.5
88531.6
57405.4
43649.4
46048
67002.6
50721.2
61115.4
51283.4
41550.7
70091.7
66718.7
62432.6
58976.3
71688.2
30812.7
56867.2
52797.7
43572.4
83134.8
79369.6
57073.2
51575
70796.8
40631.5
59169.9
29786.6
70247
47281.8
43569.6
59423.2
70831.8
37472.2
67430.4
59029.5
55071.8
41615.8
53259.8
57103.1
43482
43653
51502.6
85512.6
53630.5
54755.4
37282.2
58632.4
49309.8
72095.5
42333.8
32283.8
34114.8
35488.2
47225.7
42941.7
38986.2
40825.4
46390.3
47453
56818.5
64011
43253.4
79849.5
49228.4
52770.1
40402.6
63606.5
71893.7
47054.2
47802.5
55640.6
48623.8
64863
47446.6
37445.4
70788.9
52911
54519.3
74782.7
42163
86122
33140.2
65553.7
57513.9
24895.5
51453.2
56713
65269.8
49629.1
58552.5
43886.7
35374
38018
48727.1
59204.5
61102.4
67171.2
28648.3
30835.6
68104.4
53458.2
43142.6
43392.3
59115.6
36216.5
43071.9
56221.1
65765.3
66634
43469
53418.2
77349.8
58836.9
49270.2
39781.1
47842.8
72148.1
74321.1
40897.9
62498.6
41845
38705.1
47128.8
66623.4
38645.9
47605.4
67085
44399
45028.5
68092.3
53330.2
64424.2
39242.7
37287.4
34466.2
63747.8
76498.2
70643.4
43995
44445.3
48504.9
46411.7
64669.5
49173.3
36977.3
60850.7
36822.3
52885.2
82551.1
34818.4
43083.7
43955.1
65581.4
54473
49755.3
53912.6
55320.3
36260.1
35235.6
54266.8
61930.3
42148.1
32753.6
49358.6
58267.3
35478
34380.2
56344
52704.1
53987.1
58457.2
47486.7
46343.2
35888.9
28579.1
36537.5
30827.4
43138.6
50791
29887.3
46859.8
29394.7
53572.6
32986.6
27303
59136.6
47421.6
56539
49751.3
42586
65840.2
64633.4
47539
22293.9
37538.2
45517
44367.8
35266.2
56598.5
58251.8
37703
30839.5
85408.4
41037.1
44199.4
28673.5
49941.8
58575
38018.8
42945.2
56043.7
75871.4
45426.6
56095.4
50740.6
45547.1
60482.7
40321
70482.2
42358.4
32809.8
77234.1
52146.9
48306.5
28584.2
68829.8
77356.5
47140.2
54793.6
58986
32273.8
73339.4
74231.4
56184.7
34921.2
38133.6
29104.7
35310.1
50116.9
57455
26962.6
59863
46431.7
33078.2
62332.6
28412.6
49064.3
74264
65671.3
62931
43492.3
53865.9
39256.9
21338.7
38558.2
47623
57049.9
18663.8
67536.7
50647.7
46465.3
55829.7
50307.9
30213.3
52597.1
43432.2
53393.8
43331.1
61446.8
52336.2
40985
59188.4
55790.8
72913.1
50569
54310.4
53446.8
43817.8
52000.6
43982.6
56538.6
48159
50231.6
43383.3
38519
35388.4
52588.5
43165
60831.1
31494.5
54943.4
44108.6
35129
46227.6
50017.1
52010.4
49372
36253
44097.4
26620.4
38712.3
51725.3
52064.3
58780.8
39116
72494.9
36782.5
51751.2
59706.8
53363.4
50455.6
34869.4
47626.8
50037
23052.9
49175.3
56327.8
42119.8
29912.5
79094.4
43902.6
40539.4
53690.2
85468.1
42712.4
42868.4
77989.5
65404.9
25056.8
42184.6
45392.2
44368.5
59065.9
58305.2
47196.4
90503.6
46087.3
35003
56646.4
44728.3
69040
46562.6
44309
38010.4
29636.4
33603.9
68518.1
61832
48296.7
61131.4
35488.8
44839
48441.6
27119
53911.5
44727.1
41835.9
39644.5
29660.8
44008.3
29583.4
77802.6
50709.8
69294.5
31872.5
33287.4
33216.6
49251.1
44577.1
48829.9
58209.1
44339.4
49047
25947.9
53788.4
58603.4
61159.8
47913.4
68941.4
37065
44361.5
32255
51513.1
30619
37700.1
39766.2
60704.3
48268.2
55762.6
61618.3
26973.8
63075.2
54284.1
47011.4
60018.1
66081.3
37442.3
41021.3
35238.8
54186.4
53885
46117
34347.2
34622
38848.3
35361.1
39899
52001.1
37973.8
50417
30890.5
47862.6
46462.2
45555.2
50835.2
30950.5
80176.6
39948.3
43769
73408
40125.4
55923.2
64337.9
38092.7
28664.4
46740.3
74937.5
40100.2
29535.4
52058.3
46563.1
28499.4
35750.2
41492.2
51148.7
47401.9
61911.4
38364.2
26349.3
30712.2
46249.4
53211.2
36863.1
35799.8
42949.8
36262.9
50772.9
72764.2
33583.5
39649
39167.8
47386.6
54544.9
51360.4
53449.4
56373.8
44797.4
41398.6
31873.2
55697.4
47373
48456.5
30517.3
73865.8
28445.9
50843.8
21344.2
24805
56860.2
50053.9
45149.2
37357
41275.8
29794.7
51523.1
51473.4
33381.4
38171.7
60773.3
38236.2
59309.3
70280.1
44923.2
48183.8
42083.3
70516.1
59519
55708.2
30412.8
55469.8
41178.4
39487
77873.9
58930.9
57657.2
61651.4
29153
46254.9
36954.6
51228.6
71391
48804.1
54245.3
59341.4
67320.2
42491.4
82576.6
69975.6
53479.3
64865.3
46331.7
48157.8
55372
50482
49671.5
61270.3
65255.9
61758.4
44936.7
39070.1
62439.5
56667.8
40837.6
32154.2
47014.2
59750.5
53963.1
50400.1
43556.9
33458.2
46565.6
48560.6
47173.6
40212.2
72961.4
35022.4
49869.1
39941.8
38140.2
32691.8
59502.2
49031.1
45118.7
57487
50679.7
51316.2
34622.7
66754.6
30981.4
52420.3
39356.9
33331
48568
44579.3
79638.8
37785.5
56759
44193.6
34572.5
21659.7
46502.2
59262.7
48664.7
56479.7
36080.6
52377.1
38687.3
40440.4
46861.6
57751.4
50419.8
69877.2
41022.6
51946.5
67095.2
57415
55287.3
58141.5
55652.2
39206.6
60361.6
45656.9
73743.1
55164.6
58480.8
69655.9
59372
57178
60439.4
84237.6
43971.8
51963
30041.7
60960.7
62373
40431.6
60592.3
40465.3
34930
61056.8
55495.9
53667
37385.2
48333.3
34100.8
33495.5
86502.4
57595.2
71109.8
45415.7
42659.5
47793.4
42883.9
46488
38866.1
42625.3
53767.2
32913.6
49310.1
47292.4
79340.6
40578.3
51357.2
39610.8
17603.3
50917.1
52685
56255.8
43974.2
32570.6
55580.6
68975.1
68045.2
58744.6
60474.2
82029.6
71353.8
73387.7
55239.3
65872.4
45261.4
51054.2
50102.3
57029.4
58391
45027.5
63194.6
54948.9
57054.5
49765.1
57497
64683.6
49405.5
70035.4
44657
60201.1
36867.5
39020.8
60423
53336.4
54050
27889
33835.5
53475.4
62208.2
45116.2
55858.5
55114.4
53293.8
43778.3
40152.2
38755
46865.2
60395.8
63899.8
28794.2
44540.6
46841.9
35963.6
72306.6
62909.3
44942.6
61435.3
39318.2
59672.3
52461.6
57698.3
53172.2
52939.4
66409
47026.8
34215.9
54628
58540.1
40780.6
61528.5
64637.4
53807
38560.9
60662
40725.9
50019
69205.9
76738.9
43424.1
44147.3
54577.5
50021
65151.4
57049.3
54295.7
44662.3
31376.6
83669.5
54198.4
59327.1
49832.4
52709.1
71748.2
47273.4
30877
47129.2
71109.7
63896.1
26978.1
36221.4
41985.8
42166.5
62173.5
60187
38563.4
60678.6
74906.1
49001.6
55104.8
59732.7
37933.5
40205.8
39652.4
58917.7
35555.4
42174.2
45977
38164.6
40814.6
35320.6
52374.5
50820.1
46500.9
52212.3
49613.9
39145
45073.2
47796.7
63514.1
36295.7
43861.6
47114.6
82115.9
72124.6
63645.3
47093.7
30107.2
44899.2
39446.6
36724.8
90617.3
98319.1
40201.4
35370.2
70906.8
48576.2
60772.7
33629.9
51674.9
49685.5
49543.2
38484
50223.8
34609.4
82047.8
69964.2
52661
56995.4
43652.2
74382.6
45739.3
67109.1
40440.5
48907
35703
40698.3
83217.3
56705.8
85135.4
45440.6
37870.6
43798.6
37653.8
59459.3
75455.8
76514.1
78135.3
55907.3
32508.4
61225.9
40203
51588.1
54161.1
51548.3
49616.4
53205.8
37782.6
45542.7
39965.8
55368.6
61226.7
55945.4
47158.3
43811.8
39388.4
46383.1
64890.9
47408.6
56422.3
65126.6
52905
36130.7
35665.8
71439
76540
59380.7
41337
38872.2
54027.4
32921.8
45615.9
40033.1
34514.2
54771
53429.8
46224.8
49235.4
45049.2
28011
48030.5
54167.7
41222.2
32811.5
40045.8
60609.5
45507.6
66920.5
66826.2
44312.6
70272.6
45133.4
57143.8
48415.4
37353.4
42456.3
61563.6
41838.5
53971.3
50630.2
50605.3
31722.5
51894.6
71181.4
23061.7
49907.5
40657.2
49792.2
62875.3
43689.9
43487
50034.5
51421.8
59029.8
39839
29957.9
60710.8
50629.2
49781.5
39630.1
54026
47679.5
59317.4
36902.5
41542.6
62867
50247
54614.1
60869.5
42929.2
35995.9
49666
61482
47720.9
40695.7
68785
67959.8
59101.8
46894.8
61408.1
57970.2
92737.5
46475.4
65885.4
43576.8
59984.5
62911.2
44953.3
52939.9
36382.6
51878.8
54614.5
30834.3
63008.5
77021.2
37372.6
76681.8
31533.4
42527
55537
39189.4
73946.4
37358.6
45542.9
53527.8
44930.2
65873.4
44597.1
30926.1
43552.3
55863
48381
39659.5
51350.7
44247.9
67793.8
39103
44136
44690.5
39600.5
36108.9
60534.3
72775.3
32063.4
37765.8
49026.7
57585.6
39085.6
53669.1
38773.6
51940.5
52296.2
42977.7
44467.2
43069.4
45252.6
69496.4
52705.1
66758.8
32450.9
64968.3
30957
35753.4
54172.6
75864
67931.4
50350.3
65402.1
59934.9
44476.4
43702
92455.1
35403.4
48259.1
41042.6
46891.4
41579.9
52444.4
61385.4
36797.7
42958.3
38877
67805.4
69826.2
66078.2
26868
70482.1
37149.3
56584.7
44010.6
60857.1
56189.1
76071.2
44872.8
77775.8
54883.9
91261.4
36334.6
77118.9
37058.3
45956.7
43347.9
48811.7
67709.5
59244.6
31940.4
63437.1
56874.7
40795.8
37877.9
47598.4
43928.7
43115.4
33725.8
45914.6
59402.6
61604.3
39629.5
39220
71462.1
46933.3
43979.4
37185.5
43954.2
37261.8
38440.2
48248.7
48014.1
69192.8
33568.4
41958.5
58148.5
32568.6
47119
37854.2
66129.2
43585.4
58578.5
41979.7
32430.2
56095
54084.8
78110.4
36494.8
62353.8
33968.5
54424.6
34346.6
52969.4
27699.1
67668.3
48607.3
35388.9
52791.8
69483.9
57190.9
32475.3
55584.7
49668.6
44488.5
59678.4
52856.8
39370
45993.4
38420.3
44542.3
47514.8
69392.6
33696.2
35999.8
46007.8
27501.4
47762.9
30354.3
59587.6
69313
33105.9
54677.2
46473.9
44138
49268.6
63325.8
43614.6
35195
63175
49848.3
46737.7
33907.8
43196.6
77372.4
65481.8
45188.6
46961
37785.1
37068
73534.7
54755.3
40726.5
40709.7
46427.8
50936.3
49412.1
51653.2
37884.5
99417.1
26729.4
30978.5
51089
27553
51437.7
69874.5
39795.9
43300.7
50553.3
63563
63547.3
37215.8
30952.7
37820.7
58526.8
58643.7
44661.1
39826.6
35471.1
71380.4
44872
50587.5
71695.1
48059.5
66467.4
43818.2
31670
40116.1
59633.3
36734.9
58069
41817.6
54921.9
33743
60877.1
62351.8
22877
52182.5
68279.1
71099.7
43241.5
62826.6
43553.4
63598.2
34759
48319.9
50155.4
81217
57826.4
60174.4
46794.2
46556.6
50487.1
56284.5
60764
56244.5
44121.5
51059
62820
51327.8
59394.9
88712.7
61330.2
55790.6
58310.5
69525
86287.8
37471.9
52156.2
41492.9
61345.8
42975.9
59977
59143.2
80528.7
35645.1
43665.4
54130.5
36489.4
63143
52782.9
50610.6
35681.4
38168.9
58299.8
42447.3
34605.7
65186.6
47856.7
54296.5
43233
38663.8
43057.8
33519.8
30909.2
33852.3
40947.3
81321.5
61741.7
50363.3
48964.3
56474.7
45175.5
22498.4
47040.7
58983.2
36247.3
36308.2
51692.9
29682.6
62765
56360
53592.7
44589.2
54454.9
72279.3
42164.9
55922.8
52692.6
93514.4
41189.4
48663.3
75008.2
49583.4
44769.8
70025.7
31379.6
39153.5
57249.3
50468.2
43740.3
44524.3
46648.4
52629.2
28636
35399.8
59095.4
48589.7
36510.1
52555.6
54109.3
41540.2
60031
21245.5
35201
46299.4
45109.2
64508.2
84366
53292.8
41347.4
36302.2
58825.2
40791.4
43760.7
46491
32704.9
39384.3
32956.4
52904.2
43020.6
70303.8
48659.9
52465.1
59612.5
43645.5
60363.1
33916.4
47621
45476.4
50652.3
59810.8
48552.6
47653.4
45438.1
47091.9
45435.7
42995.4
58582.7
53973.1
93174
34963.3
23823.6
48323.5
70551.3
53623.7
40776.4
59636.2
39213.6
44274.1
42411.5
26232.5
46163.9
41485.1
42997.9
46417.4
32775
54163.3
48554
80179.9
45287.4
47991.7
54164.5
50198.6
72926.7
44395
42337.1
23330.7
61686.1
37850.1
40888.7
82396.6
68518.6
47587.3
66250.3
31426.6
64881.9
45650.6
43559.7
30306.9
45183.6
44096.3
54162.6
51605.4
43339.6
73905
39323.6
52038.4
84113.4
44977.4
53803.8
55462.6
47671.7
50597.9
63382.9
60279
51750.9
54572.2
39049.4
50062.9
48361
38068.6
54453.3
41828.4
49334.8
68995.7
36868.2
61214.2
48930.6
54387.7
23604.3
38229.8
46877.4
44032.2
59901.5
57303.2
53110.7
55063.4
64772.6
42720.9
43820.6
35831
30984.3
56987.8
33163.3
46830.9
64147.6
46313.6
39286.1
86827
41066.9
54927.9
61497.9
50609.4
35725.1
40942.2
41124.2
54488.9
85038.6
51587.9
32253
53932.3
40493.8
36799
47810.5
32444.1
40519.7
72537.4
63117.6
41031
41273.5
68555
57166.7
75056.1
41425.3
48957.5
55630.8
66814.8
81924.7
35154.6
45422.8
36559
32332.5
54890.7
41063.7
61581.1
59266.8
42579.4
70900.8
48231.9
59105.5
49301.3
47717.8
33979.4
57828.2
31446
27517.4
65635.1
69430.2
42942.5
28219.4
28493.1
43954.2
57885.4
57805.3
62579.6
54548.6
35888.6
36588.7
45705
41735.1
45383.6
49272.1
56223.4
34064.3
42137.6
61436.7
60733.3
62332.4
42414.2
31163.3
57601
60168.8
48390.1
35323.8
44798.6
62360.3
48183.1
54148.5
42938.1
45927.4
50564
32815.8
29478.6
24126.7
57408.4
38322.2
29308.2
63628.8
32671.4
50485.9
45153.8
29386.6
55075.8
39945.9
52132.3
31774.5
48829.1
58271.3
43060
52492.6
39635.4
28950.1
62134.2
43455.1
46104.9
28401.1
27051.7
44764.8
30108.6
54491.7
44862.8
32358.8
27029.3
49006.6
31876.6
39584.5
55202.4
45134.8
60911.4
22070.1
40701.7
32641.7
32316.7
53858.2
32974.7
34078.2
53009
46146.4
34024.5
58693.4
43438.5
44332.9
54011.8
51837.8
30699.8
51127.9
45690.1
64393.2
24120.6
36033.6
69213.4
54440.6
42939.4
36071.5
48780.6
26166.9
54980.3
31373.2
56134.5
37287.1
34182.6
51708.8
39044.9
27420.6
48787.4
38669.8
44367.3
56274.5
49299.1
54538.1
51772.5
30455.3
38346.5
33353
50930.3
41255
56031.4
47737.5
38715.2
38421.5
38283.8
49405
73011
71410.8
45185.1
40481
50719.3
39961
46439.1
60221.2
43277.1
65296.3
42995.6
67079
52526.9
49515.4
65479.3
41219.9
34552.5
74195.6
70954.8
66766
59667.5
32131.4
45811.4
35288.3
70905.5
43313
79339.5
61784.2
45665.6
31411.6
59971.8
45585.5
39796.2
47223.8
38903
45657
61029.5
42254.9
55172.2
50748.9
26173.5
51354.6
68793.1
73541.6
70059.2
37673
39413.8
39225.3
46374.1
40787.4
53739
34103.3
56383.4
39273.8
35675.7
57058.9
43575.4
50824.3
50222.8
47044.2
37669.8
28393.7
49725.8
38990.2
72138.2
62989.6
31600.1
61460.1
68121
46979.4
48186.2
36794.3
58073.9
55787.5
86937.7
31714.3
74169
55844.6
31754.9
49804.6
38107.4
55034.6
58575.9
39013.7
45263.7
67411.6
69404.6
36385
44139.2
36310.5
70102
57489
64173.1
59606.2
46324.2
45682.6
58315.8
43296.1
52248.4
53151.8
48997.9
60215.6
59741.8
67057.9
49345.2
42521.7
60449.2
39097.6
43844.4
62621.1
65818.2
28069.8
43635.4
59828.7
55419.2
16958.9
57335.8
59854.3
43869.4
30171.5
47602.3
49429.4
46135
47571.6
51828.5
33241.9
33459.8
42855.6
47872.7
46781.9
59430.7
53696.6
31719.6
53649.9
26974.1
84621.1
58646.1
75852.2
45059.3
32605.1
37634.1
46244.5
57475.4
48725.7
45954.5
53212
58577.2
52405.3
32205.8
34813.3
88356.5
60451.3
53643.1
42324.3
39782.6
58634.8
63143
84408.6
60397.8
45325.7
73002.9
40631.9
41163.7
34308.1
58880.3
35795.5
22109.8
27841.6
44604.9
43985
67128
45833.4
49872
39726.6
62650.2
66742.6
65831.5
51734.7
43152.7
34460.7
40323.8
49340.2
76604.8
57689.1
29990.8
39355
22530.6
34628.8
57389.9
38938.7
40903.2
30082
62847.1
67454.1
26853
56727.7
49181.1
33675
59940.8
58151.7
78468.3
47526.6
52800.8
30594.6
52415.4
64058.6
40405.4
56424.7
59077.7
35075.7
66298.5
50896.6
33955
57584.5
62180.7
51015.1
42942.7
32244.3
26872
35806.2
38085.4
43587.9
56629.9
30068
46676.8
57981
60796.2
53827.8
61580.6
51851.9
38785.2
45489.7
27759.2
44506.6
37759.9
44568.3
47416.2
55649.4
66715.3
29443.4
52326.2
43286.5
55666.2
62217.4
38048
34167.4
41388.5
43287
47025
41765.1
62675.8
53572.3
36705.9
31349
57264.2
69307.8
52103.8
48833.8
43778.7
47362.6
59601.7
40038.9
71143.5
35740.6
55631.2
39445.1
62193.6
61370.6
43205.4
33679.9
26630.4
41732.5
31199.3
58839.1
47645.4
22707
40000.3
40311.9
32628.8
36614.2
45137.2
92598.4
51740.2
53752.2
43250.6
26441
25522.8
35655
60589.7
41090
40848.2
20079.9
26489.2
29253.7
73505.3
33542.9
62662.6
54513.8
46663.6
31404.4
49423.8
47597.1
48170.4
45835.8
45397.5
48133.7
25779.6
55181.3
44880.6
48755.8
40581.4
58967.2
40083.8
65354.4
33219
53618
61858
36827.8
51505.1
72070.7
82731.7
40760.1
48678.6
60554.4
67667.4
49031.3
29019.4
59037.6
42928.2
52332.4
48276.7
49555.1
89729.9
47872.7
23021.9
70630.5
74194.2
53202.6
50955.7
51820.4
60271.1
43127.7
74647.9
59408
35705.6
46691.9
71571.3
64054.7
39563
52267.4
46202.2
43753
36534
76586.2
68189.4
32260.1
57025.4
57377.2
44288.5
39561.3
53965.2
53153.5
45725.7
31920.6
79549.5
45200.2
48013.9
54124
63005.4
64636.6
58952.3
60444.5
67155.4
51591.2
32409.9
72414.5
52741.9
50420.8
34814.7
77794.2
65902.3
52528.6
44219
37812.5
27995.4
50355.2
54416.6
50370.6
55639.4
49708.4
54246.3
48185.6
55045.8
72249.4
53642.2
65494.2
53505.7
73921.2
48858.4
57959.1
54450
33289
56493.9
35157.3
61498.3
66891.8
56248.7
50527.5
53737.9
72520.5
59466.6
43450.1
39957.2
53005.4
75915.9
65668.2
50627.9
44691
55225.8
49958.2
50865.6
53498.7
42041.1
62588.7
51691.9
44533.7
56615.2
35429.6
60449.2
50681
46767.8
64704.2
57634.6
41927.2
74142.3
62711.7
64354.6
50302.2
61463.8
52820.9
60575.1
42939.7
62737.4
57046
65732.4
62843.3
61829
35592.3
42392
55384.6
53763.7
40071.4
39288.8
48600.7
56830.8
53180.3
41463.1
61020.5
33166.3
36157.4
52213.4
63113.3
66093.8
50448.8
24396.7
39476.2
51245.2
47216.2
75922.2
37355.8
35517.5
47154
75902.4
22518.2
61594.2
59463.9
35627.5
36557.9
40372.4
53851.4
36111.3
47962.9
43103.4
51574.9
31485.6
35704.7
64121.8
67462.2
58261
42738.3
42381.4
41112.2
65134.6
39969.2
44478.6
76657
45782.4
63828.7
50079.6
38659.8
27917.8
56234.4
61108
55801.8
63867.6
67433.1
46525.1
65484.4
50716.4
73242.1
70778.2
52712.3
51169.3
54819.4
25798.2
52335.1
40250.1
99437.4
55548.8
90389.9
66320
56043
29999.3
49814.8
55006.6
62633.8
53394.7
75636.8
51846.5
50645.9
39330.4
30958.2
55238.2
27270
61145.1
59694.7
48649.9
49560.6
53819.4
71271.7
88535
38038.3
48175.4
43658.8
72657.9
34324
41801
55122.3
46984.1
46603.7
44688.6
51514.2
60837.7
41365
41258.6
35889
62820
65588.8
32504.8
58302
43381.4
63673.7
47481.1
44840.9
59034.1
45205.8
49790.3
64254.3
47189.7
63655.1
55753.7
43415.2
47694.6
58646.6
63226.1
49544
44242.8
54215.1
49023.2
30273.5
50086.3
51735.6
52581.7
36233.8
45520.4
32261.8
43675.3
33760.6
58013.2
39036.1
46134.2
39482.4
35569.2
55200.6
40489
49719.7
32243.4
40337.3
42936
67332.1
48121.8
38028.1
57335.1
49546.1
56205.7
51975.1
52004.6
50122.4
59212.3
64037.8
82274.8
70015.5
36225.1
43908.8
59521.6
73187.1
75534.2
68482.1
21132.4
68656.2
50282.5
64846.6
38001.7
70429.3
38099.3
24107.2
48566.9
41202.2
27474.3
55012.2
45546.1
66540.6
33538.4
53366.7
56435.5
74691.8
63480.7
40183.5
67782.2
66774.9
24105.4
48155.5
77025.1
76658.7
28906.7
45554.8
58487.8
47664.6
38206.2
29622.5
56192.9
63003
76383.6
50007.2
53213.1
51916.7
48135.5
46043.3
41685.6
65490.3
59222
48395.6
52761
50088.2
59704.8
39453.4
60467.7
56169.4
47388.2
60914.4
37539
57206.4
56875.6
56912.6
48856
58034.6
40128.6
44765.8
59927.8
59493.1
54602.5
65130.2
35316.1
51250.6
53890.9
43484.2
40344.9
50719
51589.8
83459.2
44337.9
35570.6
38207.2
41875.3
56551
62121.8
40200.6
66750.2
65825.8
70368.2
37708.2
42101.8
62636.3
47665.7
69185.4
50992.3
51446.6
57863
38670
47740
46412.8
65067.6
54560.1
49581.1
53284.7
49008.4
38841.3
75484.1
42563.1
40283.8
41366
44016.8
62321.3
34850.4
47441.9
42711.8
38233.8
76091.5
74984.4
50780.6
47805.3
51330.4
63812.1
53347.4
61125.4
51028
48782.2
37582.7
59713.4
49783.1
42944.6
46023.3
50610.6
57118.6
53904
66169.9
55033.2
59380.2
46807.6
37807
34768.6
39405.5
37937.1
64441.4
32342
56330.1
48153.5
59103
54556.5
74379.7
71428.7
48331.9
63863.2
53701.8
60377.9
54227.4
77640.6
41403.3
82917.4
58606
39325.5
65007.3
69725.8
49641.9
53587.1
48323.4
76932
65692.2
55151.3
42170.3
56147.8
93236.2
34526.3
69150.1
79402.6
71976.1
31116
54134.3
52179.9
57801.6
39979.8
48841.6
51199.4
28721.2
52017.8
74345.9
72655
46020.4
53545.4
49093.8
34587.9
58533.5
67148
67895.2
38484.2
47347.1
45642.6
50063.8
40645.5
54906.8
70931.9
51159.9
26783.4
64647.4
39215.3
54324
66265.2
35656.8
58066.9
40317.7
25837.9
67300
74948.4
38102.2
39501.7
50407.6
70812
43771.6
80709.6
56585.8
36104.1
33563.4
83137.6
69210.3
78263
66388.6
68057.8
37023.5
25554.4
47611.4
77214.4
44864.6
46361.5
49406.5
34329.9
54354.8
83940.6
27402.4
73693.4
58357
39039.5
46608.5
40919.8
58823.8
54649.9
37356.2
50049.4
51803.4
45760.9
56174.2
77825.1
78632.4
34067.4
55162.7
54552.2
60742.6
47041.1
26502.2
46712.6
28731.8
48066.3
60812.1
29817
56267
42343.2
43105.2
49433
39793.7
49533
64356.6
40800.1
24447.8
65153
54525
51517.4
54917.8
47951.4
31262.1
32429.5
33904.3
47762
69010
56169.3
43414.6
42739.4
85969.2
39893.8
64247.5
94428.6
57341.6
60739.4
57614.8
51098.8
31038.6
79263
50067.9
48852.6
41987.4
57944.5
45298.3
38964.2
46455.1
57687.4
53126.5
54509
69389.5
46709.9
66022.6
39269.1
50322.6
65447.2
40809.2
37902.5
36957.1
66333.8
64360.7
59377.8
42037
46848.1
51229
35002.5
54277.4
35742.9
45339.1
47768.7
32643.7
44574.9
47844.6
53810.3
33806.9
38725.3
45595.8
51704.6
46914.5
27137.9
45707.5
55334.3
42253.8
53547.5
42174.4
54135.4
61099.7
50354.3
40506.6
42762.2
61004.8
45048.9
46240
31212.2
33192.5
78826.7
37547.6
55913.5
77339.3
30843
35187.6
35716.5
32186
53884.1
61660.2
53552.6
33623.1
64933.5
53908.2
65911.2
56717.5
69030.4
50617.4
56861.8
25842.2
42031
36930.4
68264.1
53202.6
50059.5
36065.1
44311.1
45541.2
39452.4
35497.5
51907.9
52951.8
54227.7
50588.1
55669
60845.1
47272.9
53368.6
55019.8
41297.3
34845.4
37718.2
43800.7
50987.4
83718
44608.4
55325.4
56137
52093.2
68471
58583.4
64348.6
35919.7
55554.1
76464.2
45608.7
48821.4
38281.6
33902.6
67505.1
62391.3
92222.4
49823.8
23833
40898.7
42742.1
90021.2
49623.2
70619.2
87542.6
59524.7
67926.3
39273.8
49696.4
53043.5
59340.7
48593.9
61197
61532.3
32551.4
106420
46327.5
27420.2
77964.6
58725.8
46633
54585.1
44534.6
57947.8
60691.4
46279.7
64875
73154.7
54619.1
43073.2
75393.4
48238.6
48591.5
66039.1
64684.9
52914.5
36744.3
37482.8
40549.5
50975
27201.3
80507.3
41944.5
78916.9
74138.8
68302.5
33532.5
48359.8
45044.2
51243.4
41915.2
65526.1
37664
60505.2
63162.8
78899
30002.6
80761.5
72444
54962.5
40549.1
37704.6
46356.8
67020.7
44175.6
44088.6
51465.8
45393.4
80676.2
51634.8
67698.6
63406.6
50047.2
35596.8
50873.8
62447.8
47576.6
66946.2
40961.9
42318.1
34061.7
54460.8
53986.3
83109.7
50250.9
38562.7
40665.4
70386.6
51382
57393.6
37057.9
36154.3
50001.4
47616.5
65408.8
56926.4
32377.7
54534.2
49168.2
56409.4
50135.8
57877.2
37994.2
40427.4
43354.7
40643.1
35772.7
59866.2
90898
73678.2
59617.8
54550.5
51674.5
65327.3
38794
51646.4
33597.3
53661.8
39560.2
52198.8
54695.6
74447.4
62211.5
49487.3
66524.2
50287.9
46591.6
39065.4
55631.3
45539.3
59894.9
57227.9
34196.2
43815.9
54809
50603.8
48399.9
49899.7
60261.7
52336.3
48163.4
42959.9
36895.2
36261.1
73896.3
62481.1
46823.6
61232.8
48697.2
30359.4
40014.6
66238.1
34817.6
46140.9
50382.3
40857.6
67427.4
67187.9
42588.5
43161.1
55251.1
55922.5
43596.8
49807.1
37943
67481.7
39569.5
54293.7
50901.3
77035.4
48614.9
47888.3
46101
54522.2
76666.8
55209.6
47594.6
85455.5
69000.5
38836.4
54037.4
61243
56671.2
85337.5
64904.5
34984.3
76177.4
29083.5
55758.8
78095.2
90695.9
52291.5
60357.4
42444
40233.6
71364.6
70782.4
59439.5
31272.8
95800.4
48244.2
40187.4
48575.4
64339.4
60631.4
75926.1
66344
70424.7
47127.3
37334
27418.4
64299.8
46976.7
79188.4
90908
70062.6
82381.5
30896.9
75724
52942.9
38384.9
36036.9
51880.6
85772.6
41980.1
34781.2
40507
50571.6
47285
82610.2
56508
58104.5
39257.4
34452.3
57269.9
79275.2
47305.1
61811.1
54987.4
44097.9
51258.2
65661.5
47036
67956.9
41298.7
63113.7
70008.9
40173.8
69213.4
48485.5
45971.8
62567.6
76787.7
56627
42079.4
43009.8
44786.4
53103.4
48424.2
43884.2
53150.6
41908.2
57950.2
45580.6
50836.8
60821.3
73412.6
31591.4
47642.2
63156.3
77157.1
53881.1
48209.2
26941.8
42238.8
48090.2
59390.4
55393
73497.9
64782.3
56561.2
40417.4
58461.3
69630.1
52879.3
63612.6
37049.4
36265
36978
47987.5
76552.7
67933.6
62521
44722.1
51105
36092
31861.8
54387.4
50453.1
37312.9
62275.8
45531.4
52280.6
48648.9
46076.3
49417.8
44602.2
75398
57146.3
38015.3
70503.8
85134.6
67314.7
41150.4
37187.5
69888.4
45364.2
70768
30329
87234.2
71005.4
102854
52770.1
58050.3
42324.1
68082.2
48191.3
93055.8
45364.8
48201.3
75971.1
63520.9
39856.6
60079.6
82625
61939.4
57269.6
34042.2
55375.4
34398.2
68230.2
38308
56583.8
40337.8
52622.1
52502.3
88720.6
30912.6
65717.3
61566.5
71020.3
50034.1
43087.4
43246.6
45240.2
49613.8
60218.1
49420.7
57302.5
45469
50417
52631.8
38705.6
66589.6
55447.2
61537.3
35839.8
58472.8
38782.2
48053.1
45772.7
76009.2
50536.7
46227.8
45625.4
53627
66821.4
28270.7
79894
36698.5
60375.3
56153.3
50266.4
33923.6
42324.2
46519.2
65530.9
85884.3
50806.8
43800.5
39818.4
72538
83229.5
54026.4
47464.1
51574.6
47210.6
47992.4
44526.8
54060
61624.5
57380.6
28587.8
81016.2
39667
48313.2
44856
65532.1
80169.4
45403.3
42280.2
29691.3
52273.4
85095.8
67466.5
72187.8
47526.5
36357.1
46247
61973.8
69596.4
60140.2
62584.2
43780.6
28411.4
49850.2
88084.6
50814.6
46813.5
35675
44967
26135.5
67495.4
47334.1
76041.4
56117.5
69214.1
52187.1
52503.9
57783.5
46126.8
52666.2
49228
75657.8
41265.2
51240.1
41920.4
48218.8
65335.7
42116.6
89902.1
51248.4
55088.9
51413.4
75135.5
65272.2
29402.3
70473.7
67530.5
32673.5
34373.9
33627.6
61307.9
51340.7
42506.6
42174.3
72614.7
42400.3
40825.4
30840.8
74012.4
52717.5
42155.2
45417.3
48587
21592.2
62973.1
36963.7
30951.4
75941.4
49686.5
64327.7
55425
50786.6
43801.4
54735.1
44228.3
79887
71935.4
32156.7
36580.9
48246.6
37257
46204.2
45735.1
50925.4
30672.6
33961.8
43770.6
66248.3
50547.5
50421.3
46537.8
56830.8
46822.8
57598.6
41295.9
38083.4
48153.7
45292.2
52216.1
47470
63027.1
50042.9
67661.1
59411
47843
63577.3
47156.3
41488
44977.4
42739.8
47573.1
62683
73144.2
40587.8
54344.6
36888.3
40990.3
61659
55413
32922.3
42167.5
44591.4
39551.7
38434.3
34631.9
49007.3
46927
66603.4
26658.3
39543.3
62257.1
40359.4
30915.8
35079.7
44482.7
56460.1
29531.4
32854.4
55568.6
43508.9
28472.2
50504.2
46885.7
43649.9
28544.3
35638.3
69283.3
30905.2
78133.9
43588.3
78649
42538.6
35661.7
31891.3
42931.7
56870.5
61407.2
49751.2
59214.4
55175.8
50037
56598.6
73320
36401
60237.8
58120.7
50209.8
46345.7
38839.7
44457
44403.2
39336.9
43701.4
52329.5
42678
29714.2
39295.2
58563.4
42196.3
36172.5
51519.7
32062.1
24244.6
22421.3
38705.8
76944.7
39195.6
38389.7
56979.8
48239.7
44180
51714.8
68076.1
61735.6
62627
61952.8
41031.1
53433.3
41606.1
33113.4
49636.6
56098.8
51932.5
62385.5
38345.3
47958.2
54872.7
40045
72583.8
24477.2
57270.5
57706.3
48999.7
49943.5
48020
35989.6
55313.8
45668.4
49840.5
72031.7
54297.4
26449.2
48165.8
40019.9
55521.4
58540.2
46803.7
63289.3
41151.4
50876.8
33624
51659.6
34468
44809.4
69162.2
52530.1
54908.5
37077
45173.8
53775.8
36458.4
40145
28174.1
26155.4
41674.4
65882.6
71081.3
65920.4
24737.3
51769
39414.6
60110.6
38182.3
69170.7
51234.7
51297.9
49985.4
39342
47800.2
58941.4
50337.8
40867.4
44914.1
39677.5
51476.2
40282.3
53850.8
65263.8
56212.5
57375.9
74580.6
29090.7
34346
44046.7
44257.2
51401.9
49192.9
39493
41475
49508.7
39184.8
37375
64828.3
42063.4
51918.1
46716.2
60158
39969
41609.4
48203.6
59036.6
25143.8
66163.7
48753.7
51702.9
69820.7
38689.3
54069.5
30566.2
41302.4
31856.3
28836
98299.1
42007.6
73388.8
60696.3
57407.8
51357.4
48258.7
71860
43262.6
57846.7
39949
64886.9
61638.4
55266.4
24762
31344.1
36481.8
82899.2
45299.6
34472.2
43430.2
50179.8
37975.7
50108.4
61923.8
92403.5
46572.2
41784.7
70162.5
52255
29206.6
57235.5
59169.2
41790.2
55092
65066.4
46070.2
45219
63975.8
47393
61853.7
39752.5
87970.6
21602.6
47642.2
33994.5
62926.7
47030.8
35455.2
40996.8
31644.6
57064.1
39792.7
57814.7
46686.4
81696.6
30968.8
45481.7
38302.1
40870.7
45965.2
38059.2
47167.5
56467.8
33298.2
49842
57231.9
42211.9
40649.2
54500
42078.6
47603
52487.3
53045.9
64589
31510.2
38792.2
38399.5
40267
40817.7
52954.1
50902.3
49260.8
42644.9
32657.3
61276.4
46003.6
43866.8
53886.4
81982.4
28109.8
66018.6
21672.8
53253.8
41250.6
59355.9
51482.5
113951
57350.2
42130.2
51155.4
52032.6
60182.6
50887.8
87308.1
40030.3
59779
37711.8
61989.1
72247.5
46247
33532.3
42887
36359.7
50946.2
56322.2
51097.4
29760.8
58428.1
41422.8
54852.1
25527.5
52465.5
55993.4
49306.5
60492.7
75220.9
39467.8
27401.4
86978.6
52026.9
42774.6
59980.6
40592.6
44140.5
32243.9
55108.1
42283.9
58720.7
47842.6
64226.4
44597.7
50904.6
33080.7
66131.3
46103.2
25278.9
42617.2
32046.6
42217.6
51037.5
50059
47280
74859.8
41394.6
34868.1
70705.9
71869.5
50084.7
27286.5
57734.4
58164.1
59868.6
46962.3
32423.7
26591.5
32566.9
64191.7
38907.1
52616.2
31451.9
34360.7
56249.8
65812.8
43902.1
47881.9
45138.3
29876.3
35318.3
42973.5
39335.7
56404.4
36716.7
29436.9
46746.6
30950.5
54956.3
45927.8
24961.4
42123.4
48385.6
22135.4
38225.3
33942.9
31867
40618.2
45624.8
47570.3
35871.4
29428.4
38714.6
35434.7
64556
34012.1
46654.3
21154.2
40232.5
33060.1
47521
25795.1
39157.1
50813.8
26730.1
25982.1
32462.6
54075.9
61318.1
47949.6
30106.5
32505.8
40815.4
31072.6
42862.2
26057.7
47085.9
40394.6
25623.7
59336.6
34691.6
62690.8
57921
59139.5
26570.2
62055.8
40039.2
50807
51147.4
59815.9
48788.2
33730.6
50589.5
60455.2
51003.1
32678.4
36481.1
28000.2
35272.9
66995.7
50962.2
28103.1
38598.6
56133.6
57795.1
37260.2
42668.4
77282.9
55864.2
46385.2
38791.2
36912.2
35474.6
41807.3
52228.2
59539.2
46576.6
61142.1
62320.8
52768.2
47591.5
30350.8
75041.6
94926.1
38632.9
48303.2
66209.4
34829.7
48064.5
65046.4
49657.3
74135.2
46027
60422.5
42523.8
48676.5
66076.9
52400.2
43547.8
65660.1
66818.6
55246.6
46330.2
46095.8
57608.2
52568.2
49109.1
48591.4
71908.4
60368.5
31916.6
43726.1
52323
48171.5
46060.5
49317.4
46245
54517.2
68913.1
36333
41035.2
57939.8
48963.1
60975.4
37676.6
53452.6
59717
40574.8
69446.6
35574.8
26049.6
45385.3
53322.6
40705.5
60139.8
44750.3
30244.7
39672.6
48918.8
32689.4
46367.8
30530.9
49524.9
39701.8
47251.4
35203.3
29850.8
42651.6
43234.6
44502.2
45596.3
49442.7
32281.1
26732.8
46822.4
32375.2
45466.6
38417.7
53389.8
58274.6
34280.6
67008.3
62210.7
51979.2
31482.8
37300.1
52800.6
70515.5
65867.1
52807.6
48185.5
30076.9
42301.1
31622.4
58381.6
44870.4
41994.6
41334.4
47068.2
29824.9
34699.3
54770.3
47369.4
26764.2
39473.3
51348.3
44496.8
59349.1
57360.2
48877.7
57170.8
50044.6
39052.8
46286
76227.4
49242.2
34191.4
41416.6
68499.3
60947
46027.8
95181.5
34618.7
29720.9
52592.8
49937.6
58967.6
49191.6
48425.2
52105.3
43212.8
34452.4
65790.8
51194.2
65765
47205
59801
50971
57008.6
54290.9
33749.5
46791.6
29820.6
44029.1
50133.2
37812
58015.8
50346.6
33123.8
66800.1
35350.1
32002.2
68778.5
47951.4
49313.8
39234.6
54755
45889.5
57648.6
42245.6
39550.6
46307.2
59283.3
55395.7
52536
46249.3
59836.2
60399.6
34402.5
29749
59021.5
63111
35500.2
55695.8
68007.7
38305
54532.9
59487.3
38360.6
44037.5
30117.8
57252.9
43909.9
89955.8
42140
38000.7
23507.5
25935
39334.2
60671.5
26421.1
64461.3
50071.5
42598.9
40120.6
38033.1
46925.3
64600.8
41592.6
31275.1
26715.6
53725.3
44863.2
31157.9
61694.6
38248.6
41560
74937.2
61239.7
54381.3
43149
22144.6
22540
22944.1
36908.6
71963.7
47485.1
60743.2
59900.5
31440.1
51435
39186.4
41383
45165.5
30537.2
51829
60695.6
38859.7
37695.3
18187.2
46376.6
70516.2
45489.8
41763
50339
44186.2
47627.6
61110.4
54293.4
53343.3
50002.4
30627.4
53970.2
25747.4
36635.1
47419.4
57449.8
33613.5
57839.1
51372.1
41995.3
55999.8
53251.8
62402.6
40025.3
37332.9
70538.8
36882.3
41073
44928.8
44788.9
55286.6
49472.6
70329.3
41991.4
52531.8
36548.2
46497.4
60252
71819
53911.9
73645.9
50449.6
61038.2
49149.4
55130
47975.5
59990.8
62372.6
34223.2
25520.9
36833.7
47315
37403.8
62566.9
63857.5
35238.5
47055.2
46150.4
41828.9
53293.3
28909
51110.4
59008.6
56509.6
55472.2
32091.3
33345.7
64155.7
39639.5
52062.5
42718.2
50906.9
49575.2
47731.4
43762.6
50787.1
48594
28876.4
41816.6
37498.3
55755
89779.1
64742.6
60234
37678.5
57978.2
60763.8
67471.1
48771
42953
36486.1
67867
78113
43133.9
70222.2
53718.3
59019
43183
52399.4
48968.2
79989.2
99272.2
32538.6
38112.4
47724.8
40164.2
73172.7
61040.8
61744.3
50588.5
46299.9
61548.6
93018.2
52496.7
46399.1
65877.2
39886.6
47417.9
49765
62147.3
58353.3
46930.3
52845.3
58520.8
55922.7
52645.9
60047.7
51445.3
37625.4
53019.8
41610.7
54349.8
38878.6
51475.4
81302.7
47764.2
28720
45495.4
63989.8
43524.4
55685
27806.2
34811.9
41407.4
54846.1
36268.5
61323.2
48682.6
54484.9
54238.6
41604.7
61831.7
42340.8
44517.9
24822.1
70241.7
43171
61956.1
72792.2
78823.3
62272.2
42232.6
49835.4
70195.1
47282.2
30462.3
44919.9
52516.2
50902.6
45622.6
55247.4
47996.7
56484.6
39106.2
39609.1
54025.7
54894.7
57587.7
39735.3
52950.2
45484.7
36531.1
55869.6
47717.8
41568.8
46821.1
17150.1
57141.8
34796.2
28627.4
49096.7
53873
76573
41452.4
55349.3
43844.2
58661.4
40076.6
79657.9
34880
43591.1
38691.2
44595.6
51856.8
38134.1
43563.9
45808.7
77398
43924.3
40613
45804.4
43323.8
42072.9
49256.6
52569.5
60638.2
36512.3
49916.5
64921.8
38732.6
35875.3
50182.2
46827.3
53449.1
87736.3
66279
44964.8
41695.7
75642.7
62487.6
46853.4
58164.9
63276.7
70014.8
40158.2
60796.6
69676.6
42575.2
50331.2
53171.8
41747.9
69083.1
48010.6
56379.2
43062.8
28319.7
48567.9
70451.6
54656.5
45787
44917.2
29582.1
28783.4
58763.9
103092
55017.9
53566.4
42057.2
49553.8
38737.8
53229
95575.6
66829.4
29184.6
41412.2
61803.8
74539
39857
61791.8
61547.7
33685.8
35969.5
54402.2
56894.6
46136
62796.2
20744.3
57050.4
27316.4
50472.4
31002.2
70273
53598.2
53781.1
49007.4
55655.6
56643
42587.2
69216.6
49974.6
55231.4
64703.8
46825.2
51095.2
41766.6
44884.5
38221.1
46438.3
41488.6
63251
46909.1
36028.1
65184.6
48205.2
63278.9
53842.4
48080.8
42384.6
52758.4
49901
57534.1
26678.1
40412.2
34419.4
33598
50393
32734.4
44467.8
44278.9
28899.1
64331.7
21333
58668.6
31160.7
56225.6
33765.9
69814
56439
28904.7
38386.3
53421.1
50784.6
49400.8
65208.1
54615.2
37127.3
46805.2
57756.2
29294.2
29580.2
50227.4
62962.2
46056
63096.2
33445.1
25591
48977.6
36969.1
52729.3
56679.2
49656.6
44283.7
38530.6
49445
53252.4
54949.5
31784.8
67169.8
53605
63370
69788.2
42211.6
67104.3
51441.9
40419.2
32263
81815.4
52309
67508.1
44141.7
39268.2
51632.5
48985.2
54094.1
72451
54414.7
42109.9
44712.5
69947.8
45493.4
48276.8
71711.7
59018.8
52651.1
48517.6
64833.1
63879.9
48100.3
68750.8
93484
43696.4
73468.6
44148.2
39988.4
57887.8
46818.1
69199.3
43285.3
49526.1
56323.5
40009.8
72159.1
63109.7
68159
58462.3
69935.1
48016.2
37990.8
65322.3
61079.8
74041.9
40212.6
74021
41191.8
51664
66974.7
84190.2
43876.5
80305.9
40332.1
43029.9
40922.6
90543.4
55238.7
66500.6
59942.7
45642.6
74515.4
44103.5
46183.2
60655.5
65584.8
63145.1
50558.6
35095.8
56078
109550
44795.9
65289.5
66623
62818.1
52031.8
57398
55003.5
69990.4
68435.7
65126.5
49994.7
27803.8
73223.7
63683.7
85066.2
49264.2
43017.5
40502.2
59028.2
39323.7
81600.2
57147.5
61242.2
76631.6
50289.3
51032.6
56075.4
53249.8
45821.2
60054.6
32734
49550.2
39330.5
43716.6
51261.1
42555.9
50312.4
60348
58916.6
42464.2
59150.8
37083.5
75128.6
54353.1
59578.3
26185.4
50711.6
43600
54793.7
38675.8
65232.7
65181.8
35861.9
50052.6
42743
44922.6
54785.1
69963.4
58126.2
72229
33586.2
37657.5
46128.6
32042.9
62428.8
62882.6
57224
51547
53311.6
60603
47170.9
60937.7
51681
52297.8
54167.1
61772.9
35717.9
32779.9
62656.6
44422.5
52905.5
42270.9
57286.5
42443.8
52617.5
41306.7
55382.7
36820.2
59996.6
34803.4
68250.8
56717.8
44461.7
67739.9
63000.5
49177.9
33820.2
40964.8
41094.5
52538.4
45669.2
47640.9
55164.3
42040.9
66434.2
27150.5
42853.4
70892.2
54410.5
49195.5
26516.7
60685.8
43467.7
37915.3
43591.1
65471.4
60884.7
66185
50726.5
49362.1
39127.8
58420.5
57135
84684.2
46035.5
55856.2
59299.5
40361.9
24818.1
43719.9
44052
51410
46094.7
52455.2
51379.5
56837.5
68217.6
32637
49719.8
36338
66830.1
46399.5
62731
34804.8
51848.2
58472
34830.3
86994.2
40523.9
48888.8
36965.3
38228.9
46265.4
66104.8
83555.6
67355.4
50055
39400.1
47504.9
43868.6
58826.3
57756.5
30120.8
61811.3
54186.6
42629.5
38218
59192.7
55611.4
37623
42501.1
23751.7
43655.9
43670.8
69515.2
36944
65226.6
47805
51677.9
38734.3
59234.9
41283.8
30153.4
27930.3
39986.9
36290.9
47829.7
37829
42495.1
60758.2
46353.5
77880.2
52410.4
39249.3
61962.5
51182.2
54279.5
45953.8
41498.4
43711.5
58550.3
50496.7
53839.1
28892.6
39822
41753.4
59028.5
67875.8
79704.3
47167
49655.4
45147.6
46290.5
68032.6
42888.7
67170.4
47094.2
45454.5
42501.1
26622.2
51991
53795.8
43251.5
77756.6
29032.2
26623.8
41902.1
39583
57662.1
33079.6
65480.2
57442.1
32623.9
39282.6
55740.1
60516.6
33857
51114.1
40887.9
39763.7
53924.9
42407
55539
76524.3
34697.6
76004.3
65899.7
31209.4
37149.8
33028.6
56697.4
67941.6
62185.8
45072.3
28489.5
70050.2
43834
43382.9
36359
43275.7
38943.2
58085
30254.5
61093
48439.7
22212.4
70185.9
48916.9
41466.5
32883.3
44042.7
57370.9
33999.8
59211.8
49159.7
34086.2
42674.2
52122.9
54039.7
31260
38998.9
35686.1
33108.7
49139.6
25000.2
43852.5
44957.7
39411.9
75503.1
41154.3
12250.3
42743.6
53406.6
31631.8
36306.5
30087.4
39563.4
62308.9
54562.1
46880.7
32724.9
63821.8
25319.4
20516.2
37402.2
59306.2
39196.6
33938.3
47917
36366.7
50215.4
53510.5
44761
46792.8
41191.8
40798.6
60880.2
36608.5
48100.2
58451
32196.8
37232.8
60203.9
31593
55895.8
47388.8
36248.5
75807.2
41570.1
43021
65351.7
32344.7
61812.6
47230.1
52406.2
49738.1
53327.8
46791.2
57603.8
35646.3
40104
79259.4
65945.9
33266.5
27129
30802.3
48965.5
64529.4
40962.6
70252.6
39447.8
36065.8
50871.1
54354.6
65498.4
62290.6
28994.6
56932.9
45863.7
79034.5
56016
52887
58356.5
36204.1
56749.4
75109.9
69527.4
48816.6
45149
52413.1
37132.2
35308.9
71373.5
60427.1
45845.9
48356.7
22260.5
54401.4
63497.9
54563.7
46489.5
49775.3
54816.2
48166.2
63871
51018.2
57621.1
64133.1
46894
56727.8
23588.9
70056.2
35051.8
49281.7
61114.7
27410.6
60705.8
69545.7
47912.6
85757.8
53235.7
57474.6
59811.9
37982.8
62491.3
47457
45522.5
60206.4
41811.8
52959.8
65804.6
34904.9
66506.6
48404.7
54861.7
47200.4
54166.5
78337
46553.2
38239.7
32269.6
40068.8
47216.4
43287.4
68655
34995.9
65786.6
22220.6
52417.6
39920.4
40867
53948.2
63429.5
31545.9
52735
31785.7
78333.3
78926
58820.3
44471
76254.8
39734
50994.6
35004.3
69356.7
60180.2
62575.1
35389
61449.9
62359.4
31374.1
78754.2
89786.3
39619.4
45727.6
60264.4
55793.8
52059.9
55337
66040.9
49153.4
36495.6
51900.4
82009.7
67728.9
69760.7
46623.4
61784
49328.8
76862.2
61554.3
34073.8
49870.3
71923.8
55012.2
79104.9
70271.6
71794.7
36815
37732.2
49720.2
68778.2
86922.9
47398.6
49662
51687.1
80901.8
59398.9
45865.3
72070.6
42501
48817.2
79953.4
77931.3
46257
37519.6
44328.4
86854.6
74191
40960.7
27365.3
47029.7
53027.4
29572.7
53267.3
73337
32980.3
51317
63263.9
32398.3
50758.9
68312.9
44621.8
35020.3
33938.2
30087.8
44220.5
82400.8
53676.6
50037.6
31659.4
43268.5
26669.6
53526.2
58810.8
36079.2
36378.2
49613.6
44703
46969.4
49968.6
47744.9
32684.9
59752.5
33651
67413
39805.4
75466.2
51712.1
31832.6
73804
58278.3
44315
67976.4
55917
46345.7
32539.4
23005.7
32527.1
66573.8
62982.5
47977
60155.4
45861.4
37223.4
36888
41436
41693
36019.5
31147.9
47515.5
49250.9
24922.3
34743.4
49812.7
50035.8
42637.5
58911.4
46777.9
33212.7
36633.7
38201.9
63019.8
54157.5
45280.6
25010.9
36515.4
48952.4
57491.4
52254.2
44826.7
35500.4
44937
35174
62956.6
38952.6
47958.2
47495
49525
34509.8
27120.5
51702.6
62625.7
36841
54882.9
67945.1
50191.8
34462.9
63913.8
41633
35386.2
48701.5
34733.8
71253
43223.2
52983.4
56825
68285.5
42158.5
43903
43271.8
44210.8
62719.4
37816.9
55003
39677.6
65599.2
75582.8
46285.9
54953.5
29115.3
41504.2
31184.3
50075.8
28888.9
97179
51522.6
74130.7
37029.3
44820
50887.4
39211.7
79166.8
56164.5
40725.8
35615.6
60695.1
33668
51836.6
51023
61491.4
41316
75620
62811.5
49934.6
58691
48139
58732.7
53444.8
55038.6
54153.4
29645.8
51422.3
52854.2
51962.5
33193.8
48800.8
59202.6
38109.9
40082.6
29714.2
45871.5
101858
48417.3
57843.9
57139.4
63578.2
66420.1
49716.6
40272.8
53769.4
68992.8
28478.6
76631.9
46697.6
60656.2
78319.7
75450.1
42643.3
58920.6
53385.1
48969.4
33576.1
47561.1
53645.9
56393.5
63074.2
57007
32791.1
56719
47960.4
44138
40831.5
72669.1
39153.9
77370.2
59570.7
57303.3
59608
51213.4
43344.9
45327.2
75249.3
84756.7
50299.4
58482.1
45714.7
68802.1
36458.2
49900.3
92219.5
66217.1
47459.4
55389.7
61556.1
48246.8
63586.1
58104.7
31231.7
42699.8
48677
74410.4
39573.8
57655.8
66841.2
58339.9
62744.3
67862.4
61083.8
42657.8
57874.5
62884.7
60962.6
64997.8
61945.5
57346.7
40822.2
49031.7
41126
54779
73867.4
51557.7
38716.3
54473.8
48809.6
79240.6
39613.1
43622.2
63210.8
21070.6
65685.5
41502.3
41990.5
47252.8
41217.7
59093.4
68448.8
50496.9
63803.9
49145.7
65698.4
54744.6
44780.2
46962.6
63065.6
53448.5
28635.6
46901.9
78288
34258.2
62711.1
33605.1
34595.9
46454.4
41835.7
42245
69100.8
64869.6
55729.4
58917.3
24390
35863
67412.4
53205.2
79571.3
31601.3
54203.3
30134.7
36890.2
46648.5
43400.3
53992.2
40365.3
45192.6
32039.4
44954.1
54070
60993.6
79537.6
55738.2
49323
45962.2
64314.4
38768.9
41126.6
32008.5
42898.3
55957.8
48874.2
41743.8
38945.3
49159.4
24838.6
61407.6
36005.4
53130.6
74562.6
31652.6
52107.4
51299.6
80552.7
47869.7
64378.1
44179.1
48410.3
33685.7
37796.7
57473.6
71983.8
53911.2
35213.2
49079.4
72347.9
50542.5
87644.3
39332.7
56630.1
47991.1
39774.2
56692.4
56654.1
38290.3
55816.4
61252
60352.1
70966.6
46836.6
42616.2
43220.9
33331.9
46539.8
33170.8
46598.8
35888.2
60341.4
42805.9
54088.1
60175.7
49479.8
39333.6
79129.3
68733.8
59546.7
55669.2
58071
38708.3
58106.3
52995
37680.4
56582.9
55723.4
49878.3
55670.9
59204
59644.2
44025.5
36385.8
49455.4
21560
53951.5
37033.4
56508.9
66343.8
45727.8
52238.5
58049.5
77571.8
26688
58460.4
27830.6
47896.5
28377.3
60541.9
61009.4
43716.6
44440.2
42316.4
68483.8
52066.9
55446.4
51423.6
52032.3
48744.7
57980.3
76447.4
54085.4
49996.3
41338.2
74298
62652.8
46686.2
60429
83397.2
63575.1
64966.9
29985.8
55663.1
32659
52579.4
57709.5
29919.8
68318.1
47299
54211.5
45695.4
69152.4
47237.1
35147.7
53484
37010.5
33777.3
57294.6
53393
65843.1
46667
48712.3
27599
44699.7
54436.9
42795.8
36673.8
51688
42480.6
59043.8
37783.1
36538.9
51312.3
54471.8
42103.6
61712
40164.7
80508
57313
34648.4
68044.9
77516.1
49274.9
65526.5
57309.5
42840.6
39658.5
46733.1
43631.3
56513.9
36539
52902.2
60124
50041.4
38397.9
42996.2
67607.8
62837.6
71816.8
50105
74143.4
54860.5
56272.6
54496.9
52144.6
31177.4
52893.1
30721
75567.8
48672.2
60896.5
44826.1
48114.3
51862.6
71996
72191.3
104286
61634.4
54196.4
69601.8
53455.8
50705.7
64389.9
78288.2
79015.1
43927.1
50433.3
51650.9
63354.5
56189.1
46567.8
55855.2
40791.4
54743.1
67974.3
48720.7
39573.1
57346.1
46157.4
90023.5
54808.5
42516.6
51889.6
55356.5
61638.2
55395.8
45347.9
78472.4
60581.1
55398.5
79215.9
67596.1
59709
51965.3
66891
68898.6
85315.5
41887.9
58710.8
51203.8
63945.4
73274.7
56576.6
82298.5
45895.7
47208.2
43504.6
84084.9
62459
52712.4
50836.2
45550.4
23229
45926.2
40855.1
79449.5
59633.4
81369.3
50303.2
52123.4
44390.8
26020
48384.2
61456.6
43606.2
60550.7
90332.2
55968.6
65131
58915.8
64159.5
57197
34596.5
52380.2
90162.6
63300.9
50200.2
23974.4
48850.3
37540.6
46612.3
90334.6
52989
77358.6
59254.6
43087.3
54711.2
60716.9
60488.2
37143.9
35709.6
52245.9
68546.7
55143.1
61035.4
55818.8
30938.4
50064.3
97411.1
69262.1
84552.1
65381
46492.3
49686.5
43740.3
59469
53880.5
47124.4
38023.2
61496.9
57497
38447
45882.9
76056.2
78300.4
75581.8
62850.6
32946.2
31348
76823.4
40390.7
36670.1
43717.9
27158.9
58654.2
43342.5
57253.8
42738.2
38937.7
70216.1
48480
33776.2
46502.9
49991
56230.6
57223.4
32475.2
50016.4
24675.9
47653.5
43505.6
40605.1
40545.1
60188.5
41997
63864.4
51224.6
51289.7
38887.3
30656.4
46307.7
24518.4
28990.9
55587.4
49381.6
40833.3
68255.2
61491.8
41430.9
40196.2
47757.7
76093
66257.4
56089.2
69844.5
46520.8
53491
53926.2
36026
58648.6
48625.4
53512.7
70751
46414.6
73550.2
41056.4
43029.7
55358.6
54213.4
64471
39452.2
43468.2
44089.6
72612.2
45128.6
45261.2
41923.7
47259.7
58465.3
42424.8
53884.1
41046.6
35378
33774.6
44503.7
41026.6
62391.2
72010.6
53020.3
37503.8
64122.6
29683.6
49867.7
82754.9
47399.8
56338.7
62495.4
46440.1
48772.8
56326
47099.2
50597.4
53967
33498.2
37156.5
48373.1
60725.6
63861.8
37394.8
58516.3
104935
58221.6
55645.7
58978.6
40698.6
42721.8
72778.1
49722.2
37186.7
35098.7
50235.1
63401.2
55298.6
37421
73766.3
42632.1
77638.2
76173.3
62470.1
26601.4
46661.8
92003.7
33773.6
40692.7
39174
32882.7
60153.3
44313.7
32103.3
57670.2
25491
59495
66394.6
44794
54834
36562.5
51187.7
71280.2
39273
58655.3
49876.3
58964.9
52810.8
50829.8
33102.8
36549.1
90821
54334.2
52789
34592.1
50360.2
40256.2
41681.4
56872.4
34294.3
44305.5
37241.4
80988.7
48548.2
81410.6
40058.3
29064.5
37835.9
55674.5
60230.8
64989.7
61622.4
32160.7
36918
58985.9
52037.4
34218.6
60144.2
51634.8
60781.5
69980.6
34267
44204.2
48731.2
34012.3
92220.2
32929
46523.4
39978.8
30933
91067.4
49685
43144.3
52076.3
57043.5
54354.9
54798.2
33509.4
43183.8
44481.4
59895.6
51859.2
40578.5
43232.6
43732.2
55611.8
46259.5
64171
79463.7
74572.5
52668.5
56613.5
43384.4
58854.4
52466.4
35716.3
47731.8
70483.8
56193
73866.8
56168.5
71025.6
64376.2
31016.9
35627
47790.8
49770.2
59631
57680.5
59900.3
47723.8
42003.1
38837.8
43714.5
47236.2
25364.6
44594.9
50965.8
57054.4
48326.3
66157
30373.1
72361.7
59980.3
82328.8
84738.2
57003.4
60913
65557.9
57468.7
36381.5
59719.6
38772.7
38551.4
65578.4
62593.3
48235.8
63747.4
52992.4
36086
37874
61013.8
46929
25654.6
47210.4
65197.3
46221.1
71117.6
79732.9
42775.2
42031.7
52941.9
54995.6
52562.9
32510.1
54430.8
67558.2
59525.5
61843.7
59506.6
33123.3
45019.5
35664.2
60655.6
71076.9
38973.5
43923.4
55127
42664.4
34454.7
67047
58206
73981.8
51275.8
46309.9
59509.2
58584.7
66111
69351.5
30392.1
36417.6
62407.8
73918.6
59620
57584
33227.5
47298.3
61684.8
29958.4
51306.3
45968.2
37813.4
31470.6
54521.7
45913.2
80699
60489.6
27115
57224.8
75492.9
55900.1
51562.1
56251.9
64340.3
40482.2
38317.6
63151.9
44938.2
34045.9
37507.9
46696
61566.1
58430.5
61656.6
63801.8
55792.8
46634.6
69481
80731
52282.1
58913.8
63569
50157.8
54624.3
52805.2
39498.5
48240.4
48672.7
78010.5
56608
55599.9
48714.8
59137.3
59148.8
48561.1
76317.7
48872.7
37829.8
47823.6
62623
61525.7
73172.5
45695.5
39697.3
55472.5
40837.7
67068.3
79310.1
60336.2
41135.4
48291.9
40172.5
55530.7
63100.9
48646
31708
75784.5
60808.6
65139.2
50296.2
57161.4
48655.8
34105.2
46482.2
64520.9
56735.4
30684.7
49711.9
47391
76337.2
51474.7
52498.2
48717.8
54037
50572.8
53275.6
62526.6
37880.6
31561
28608.7
54274.5
37590.4
52173.7
65015.8
37199.6
43998.2
35991.9
22338.3
36009.8
54835
63899.5
42598.4
29124.4
46232.3
39780
57901.3
52245.1
38846.4
40815
44136.2
38182.8
28304.5
43872
54975
69589.9
28792.5
58212.7
67212.6
38510.2
27044.9
64411.3
39248.2
57761.6
70505.1
90355.9
34942.3
55020.8
49901.4
52449.4
61173.9
56914.2
61195
63422.6
54859
44824.6
31846.5
33755
32927
28936.8
38529.8
31998
35481.4
52073.4
37166.7
44457.9
55012.6
34836.2
43264.4
34843.5
43301.2
75759.4
35033.3
41062.3
36454.4
30744.6
62776.5
56437.8
43767.5
45673.8
51619
43305.5
70219
28453.4
50965.6
35201.6
32883
56007.7
49681.5
31331.1
65031
59650.2
41574.7
62262
60893.9
39078.7
54127.1
45525.7
61975.7
36979
48056.4
45226.9
35012.8
33124.1
36151.5
26648.5
51539.5
29647.1
31531.3
28388.9
37043.4
37598.4
35757.4
69251.8
83301
46654.4
35324.9
66533.8
53302.6
57159
67661.7
76975.2
42316.1
44456.3
44613.1
51500
70423.6
68215.4
52494
58127.5
28879.9
32874.2
62940.7
50678.2
56399.3
62914.8
66262.4
50282.6
44233.6
67694.9
54970.7
58073.8
58327.3
62336.4
63277.8
50823.8
60231.1
69933.2
36667.4
50517.2
45081.4
80512.7
76949.6
55688.1
60515.8
59799.3
60529.1
87279
48847
61519.4
58266.5
36870.9
47229.7
58340.6
84066.8
62588.9
61364.8
61215.8
62291.8
50113.5
40868.4
54348.4
60190.9
78919.2
68487.6
67997.3
45355.8
42473
50262.8
40835.4
40892.2
62827.7
65809.3
54430.2
63949.2
34394.1
51205.4
63049.2
52849.3
46155.2
40101
54256.2
55856
50371.9
61038.3
53310.1
53120.6
47408.9
43584.9
58106.4
50187.2
71458.6
47953
37856.1
63967.5
36416.2
46218.8
59684.1
85074.3
51856.2
34039.9
52088.5
102176
42465
56746
83652.6
61985.3
54318.6
33566.2
52618.2
54701.9
38971.3
55321.4
31579.8
58108.6
74731.7
38793.2
67690.7
58655.8
36034.5
44513.4
55056.6
43226.8
64009
66868.6
41572.9
59606
46871.5
43807.6
49619.4
35573.7
46477.1
37459.2
31643.8
65386.2
47998.6
40182
47347.5
39002.6
45441.8
48504.2
75770.3
70100.8
48741.9
44234.5
48935.8
47977.4
50976.3
80873.3
88071.2
52424.3
47581.5
56635.7
48160.1
51687.1
56729.2
39348.4
61920
29053.2
29726.6
46870.6
32482.2
45741.2
60641.8
60749.1
62067.6
36935
27776.5
48403.1
34686.2
66800.8
54764.5
64155.4
29696.1
42305.4
50630.3
29305.2
78493.5
54507.9
38830.4
46630.1
39831.4
47408.6
41706.6
54179.4
65713
42635.2
41619.5
27767.8
46780.6
42122.6
27002.1
46448.2
27624.6
66523.4
55659.9
41112.4
50943.3
49586.5
16671.2
32968.3
61325.5
43907
31444.6
54552
31852.4
29565.8
53296.8
49155.3
29865.7
48861.8
64605
59411
37064.1
52676.8
34782.2
19060.4
60091.6
31618.6
50031
59084
45236.7
31416
47699.7
62234.2
25148.9
46542.2
73461.5
45970.4
28630.6
46712.4
45306.7
35716
78900
38168
62921
58165.8
33563.2
63762.3
68711.7
44346.2
79138.3
50542.2
43345.6
51054.4
50649.7
53107
47396.2
43582.4
59583.9
69874.6
54222.2
55034.2
67275.6
33699.4
83181
60304.6
50082.3
52363.4
43471.4
59462.4
58155.3
65435.1
104055
67529.8
88958.6
40894.8
35026.6
41862.6
55761.5
51639.6
52187.2
42650.3
64548.9
51260.2
33457.1
40192.9
28915.1
58900.2
53289.5
50261.8
39471.5
32690.3
60095.4
61253.8
36605.7
61147.7
35756
70453.2
52209.4
57186.9
53397.4
44552
29928.6
41228.5
37569.5
37476.4
46367.4
67618.6
50142.5
57480.4
40250.2
51077.4
62609.9
46437.2
45488.2
34652.5
49863
55691
39677.5
37704.7
46401.5
55844.6
46426
35416.9
30159.2
45892.6
60964.7
72807.2
31546.2
48697
59494.4
40031.8
62689
49198.2
86948.7
83274.2
52996.4
41003.4
40631.7
58754.2
53057.6
35766.3
55451.8
38607.8
55966.6
42872.2
60200.7
69840.4
47654.2
51313.5
44896.7
37999.7
53999.4
59301.6
74402.2
53747.8
41086.2
40914.7
50500.7
31588.8
33666.4
36490.1
61139
65913.3
24371.4
31600.6
47797.4
51875.5
39215
68174.8
64096.3
56068.9
42529.5
50315
83703.8
55200.5
68000
54914.1
73708.2
66675.4
42117.6
57400.2
54156.3
68375.8
47310.3
48776.1
73978.9
33768.5
50824.2
45548.2
61410.6
62808.7
59010.2
39492.3
53001.6
32657.3
65440.7
69903.1
32376.8
36992.8
60369.4
38791.8
75017.8
38415.4
67394.6
60457.8
75393.8
54332.2
45755.1
28963.4
65111.5
31935.8
69538.1
68222.2
64778.5
101105
37485.5
38934.2
52197.1
46775.6
48530.1
77310.7
65588.3
56237.1
43517.4
56928
67279.3
66113.6
37646.6
54157.4
54898.3
47359.4
47150.8
48783.9
49649
66064.4
31683.2
38968.3
47229.3
46181.4
38308.1
80845.9
43578.2
64716.9
37084.6
65205.7
42725.7
30046.2
50492.9
53149.6
52355
39217.7
73953.4
56023
59295.9
39892.9
42560.5
32424
49547.1
40194.5
33429
36700.1
48703.6
49223.1
38706.4
35886.8
57506.9
46840.4
35476.5
37457.9
30118.6
45024.7
46875.1
45194.8
69196.5
50622.6
34856.2
18883.7
61714.4
63743
41119
50640.4
45648.5
28175.5
43439.2
43675.3
30848.5
28081.4
55515.7
32296.2
33058
47585
57691
49200.5
60987.4
48520.9
35719
46398.2
51037.7
39721
44777.3
49978.5
32623.9
31255.6
41127.9
38991.1
62733
39648.8
30849
33473.8
18347
43987.4
32641
36412.3
26923
25309.2
49572.5
23792.6
39936.8
36435
23461.9
26151.8
25585.2
38677.7
37608.6
21574.7
30308.7
40318.6
25421.6
24745.6
30840.4
50327.3
57570.8
28828.6
36297.6
35393
30303.2
38040.7
41368.6
67008.6
43795
38223.2
47546.9
59999.5
52480.5
35814.5
49753
33668.2
38574.2
24070.9
43667.7
47383.9
39238.1
35886.6
62553.9
30248.2
37458.2
26540.7
29383.4
64595.2
27942.5
57159.2
60769
23958.2
33202.6
31666.7
63813.4
54840
52896.5
47180.8
42352.3
51652
36070.4
53461.2
45864
53493.9
41707
45683.3
52446.2
54602.8
37053.8
52056.2
43136.8
36727
37388.6
27327.2
40006.8
38884.4
36711.4
29112.2
52801
49928.2
35613.7
31929.2
36356.1
52957
25680.8
53185.4
39974.8
97104.2
63135.7
24896.9
64344.8
48374.6
17252.2
57525.8
58287.8
57519.2
40552.8
36438.9
40122.6
41660.2
45498.7
35094.1
42509.8
31132.6
43321.5
47814.6
30079.3
37771.8
45126.9
45714.7
41993.8
35044
51207.8
55253.6
37881.3
36379.4
41411.4
60078
61359.9
40887.5
43394.4
34791
36107.4
47473
43468.8
46396.9
36229.6
38260.7
39820.1
51630.5
49355.6
50267.6
39214.2
31991.8
40658.6
70815.3
42199
49110.2
55774.8
33489.5
67049.7
49316.6
69028.6
48791
53568.9
53803
32247.4
83828.6
43355.2
30042.4
41940.6
37476.8
71951.7
31170.5
83533
66179.8
46985.4
45750.5
41066.4
46363
46601.6
57293.4
24838.5
50723.7
34803.8
70117
51992.5
34728.8
39313.1
51061.1
43046.2
42703.8
52783.4
41740.1
94645.3
69769.5
68811.8
40121.8
44372.9
58921.3
40507.4
36768.2
58568.2
64909.8
56676.7
66673.1
45098.4
67461.4
58414.2
49814.9
53620.9
52430
42581.4
52241.2
78775.3
62988.4
44893.8
42070.3
38333.2
42514
49454.8
57416.8
51828.2
51552.6
56779.2
53633.9
47387.4
39362.4
46706.2
61959
54026.7
63208.4
48710.6
26443
53209.4
41433.1
60885.1
54750.2
41762.8
41186.7
40098.3
41334.8
45054.5
31584.4
68186.2
58463.8
37642.9
32517
43530.1
54296.7
33050.6
44776.6
64943.3
42309.5
48796
45656.2
46695.2
45609.4
43004.1
78316.8
47532.9
28627.3
32069.4
36538.4
57260.6
62919.7
63859.3
34163.6
63702.7
73429.8
35556
49259.3
47014.2
33234.1
38631.9
68451.4
55028.9
32126.4
38209.4
31787.6
78492.1
51986.6
48428.2
52615.8
49032.5
36437.3
51705.9
44901
53363.4
71414.9
52923.5
27798.2
32700.2
41995.4
66217.7
52176.9
72100.6
34685.6
22897.7
36436.5
32645.5
40199.8
53800.3
26561.5
62958.8
27920.2
34667.4
39275.4
44156.4
34629.9
41877.8
25936.5
45818.6
24866.7
28943.8
38052.7
46489.4
33674.6
32579.6
38448.9
61734.2
50453.8
37001.8
33589.8
37009.6
65405.8
44125.4
43217.9
25955.7
27897.6
19447.6
28726.4
47242.6
66264.7
35912.2
46067.3
44568.3
49945.8
47960.7
42447.4
52530.8
46439.1
64228.6
47561.4
62662.9
58006.4
34562.4
64447.1
49168.5
54351.4
51727.4
59782.1
40987.9
61594
31555
44554.9
54694.2
37474.6
63731.5
50098.9
82805.3
49099.7
24393.2
39546.2
35434.8
47244.8
34076.3
50855
37011.6
59171
53172.9
46985
32570.2
68001.3
54141.4
30403.7
50426.2
47148.6
29104.1
44498.5
39335.9
27418.1
42898.6
39956.6
42029.1
30287.3
61929.6
34686.2
53902.7
70061
45059.1
49634.6
37808.6
46690.5
39033.8
67231.6
38960.9
52255
62084
47279.8
39587.4
55975.9
33700.2
50087.8
61950.3
51577.6
50134.3
41769.3
40274.6
49937.6
69193.6
30049.3
60329.8
32301
49133.8
60674.4
50153.4
56344.6
40047.6
39281.4
45645
67254.8
38148.6
24060
52903.6
18183.6
47055.6
48847
55180.1
41230.6
26193
41255.6
30343
62116.9
42011.8
36045.8
37272.2
43265.8
38392.4
76035.2
21340.6
52729.6
60387.8
59222.3
48527.7
27729.6
32133.7
28945.8
40636.9
43546.4
68413.4
36121
34792.8
56075.3
40517.3
36688.6
66225.5
44671.8
63505
33350.5
51092.9
48005.5
48740.2
33291.2
53552.6
72827.7
34211.4
48140.8
28434
28650.7
67279.3
69564.2
33595.8
52718.1
62718.8
27016.2
32880.6
55394.6
45060.2
53497.8
55652.7
48462.9
37450.6
72783.5
25798.2
30091.6
55593.4
23201
37529.2
42250.4
28886.2
58135.3
53680.6
53318.2
47681
36498.2
40307.8
52465.3
44688.5
33298.2
52811
45254.1
60005.7
35071
56476.5
33417.1
50960.4
56822.9
56975.6
47274
48006.9
63567.1
33000.4
66444.4
58757.5
35155.1
39726.9
60996.7
32305
52893.2
45682.5
49364.3
52661.7
40747.4
88321
63363
43338.4
65250.4
41235
56417.5
81451.9
34991.8
34055.4
37292.8
74700.9
53109.5
58761.5
39392.1
53395.9
50083
50697.2
69974.2
38927
60291.2
35858
36060.7
51267.8
51735.9
46305
55356.6
40726.8
41255.4
46609.2
54974.5
60846.1
46199.1
51924.5
37221.9
56649.2
66382.7
51309.1
51900.6
53434.7
47714.3
52535.8
59687.1
66920.5
76485.5
60019.8
63074.2
67426.9
44377.4
49446.7
50650.5
62550
35495.2
37821.5
50107
56323.4
96920
48911.4
33818.6
63250.6
36214.7
77111.7
40384.2
40060.4
34161.7
51311.4
37050.3
62958.3
33765.4
28795
39148.6
27339.1
59763.7
26961.6
56066.5
51455.3
41199
56943.9
38382.9
36149.6
43698
30042.4
38765.7
42709.7
40207.8
61323.4
72483
36862.8
58095.8
71746.4
52869
53777
33079.7
39770.2
45447.4
38457.4
56259
51488.7
54457
38997.2
74537.8
52218.7
54382.6
59977.4
56908.7
43049.8
55161.4
81476.5
42669.7
37456.1
53771
64370.2
53627
60455.4
56162
54006.6
69241.1
47051.8
52590.9
48955.5
52861
51264.7
43706
63076.3
62304.2
74643.6
50965.5
28257.2
60879.5
48945.7
26457.1
48105.9
44597.1
69067
32910.6
57636.2
58114.2
38256.7
27906.1
40560.1
52221
40376.8
63588.2
76762
58193.4
45971.5
48691.4
44980.8
49004.9
60745.8
47566.5
56755.3
50020.9
44997.5
83028.8
51328.3
30009.7
42260.6
35608.6
34882.2
82610.6
68519.8
51270.6
48216.2
52333.2
44077.8
41727.1
46994.7
62789.8
26834.8
45698.6
54398.2
51461.4
38293.8
47237.2
52068.3
29063
30105.2
54985.7
33687.5
70301.5
50029.7
25842.8
58547.9
21438.6
41281
36683
40531.2
66753.2
50388.4
44430.3
41429
51998.5
46240.8
61528.6
42585.5
56345.9
63251.1
49958.9
39215.4
63231.6
53344.2
38257.4
56192.1
43546.1
56700.6
73835.4
29375.7
80375.4
30011.3
45987.8
49596.3
48093.2
41555.6
52635
36478.4
92998.4
40172.1
48398.6
61514
55036.6
65752.1
41557
53791.3
44062.4
31895.1
72808.6
53568.2
49767.9
54537.1
62730.2
45727.2
32570.6
47668
52440.6
60898.6
45006.2
50645
51134.6
33313.5
80989.4
52439.5
71754.4
33649.4
82729.9
54184.6
74798.9
62577.7
79707.5
39084.8
44815
65775.8
59920.7
69072.6
44980.2
73857
44035.4
52807.3
53246.3
78580.8
50903.3
36591.5
48000.5
46831
41485.6
58983.1
77057
71749
53800.7
50116.2
58516.1
42953.6
80050.8
37233.3
52683.8
64505.8
63793.3
61962.9
63874.5
63883.2
33982.8
50195.4
40962.2
33859.2
40491
50247.9
27237.7
52221.7
43003.9
41423.7
72847
61309.8
44767.4
39525.8
48045.7
35796.5
40520.6
57171.1
49602.6
58531.1
54085.8
47351.8
48353.8
43008.3
35493.7
49221.7
38602.3
51031.4
43578.6
31903.6
44529.4
32825.7
62093.5
60329.4
45141.2
52860.7
60540.4
44716.6
35462.8
67003.2
48174.6
48293.7
103833
41880.6
34565.4
56180.1
51542.8
40975.3
50493.3
49758.3
65055.3
66647.8
25536.6
55367
34370.7
50761.4
34353.1
74234.6
43254.3
48521
66866.4
49017.4
44078.1
56477
63405
52527.5
50165.4
38410.9
68043
42800.2
62819.1
49374.6
73861.6
61348.5
38037.3
52411.1
37153.6
59524.6
58473.8
37505
95302.7
54313
31136.9
46676
34626.7
45491.3
14251.8
50058.8
61849.4
56448.7
52664.1
41564.3
35902.2
64411.5
59451.7
77816.6
51345.6
43211
52783
61728.8
56335.4
36382
40147.8
51843.7
51762.7
47020.9
56574.4
66711
71567
46143.1
49909.7
52599.1
58413
68789.7
66857.8
51412.2
43446.5
36952.5
81683.2
44891.5
39903.5
49457.5
81003.5
58204.7
49896.9
66205.4
38103.8
62484
40678.2
48063.4
34291.1
39574.7
67002.2
49176
42962.2
69890.2
44895.8
59901.8
51307
58758.6
56571.4
49545.7
35120.1
37324.5
28743.8
41171.4
55235.1
45731.8
43307.6
23723
37473.6
53304.6
55905.5
37333.3
41120.2
28885.4
30149.9
45677.7
52870.7
34515.7
29279.8
66998.7
39627.8
34655.1
41880.7
53232.8
41283
33701.2
60290.6
47847.4
30020.2
26046.5
59361.3
44336.9
58651.6
40112.2
85163.4
51181.8
35234.5
49123
42873.4
36394.4
54843.8
46521.1
48024.3
55772.2
59130.6
39838.9
64616.2
43629.9
36937.9
41543.5
33010.6
55378.5
50059.9
65284.2
37781.4
55949.3
43084.2
58378.5
64307.1
29009
51088.9
58805.8
53302.3
60901.4
42137.4
59593.8
37651
44907.3
29789.1
55965.7
39866.6
40182.5
56510.5
41459
40800
49837.4
82058.7
51776
71526.2
44562.4
38827.1
51191
68498.8
52600.6
33759.4
58559.4
46474.8
41677.1
44997.4
55222.2
65239
68561
48662.3
34561.8
38356.1
30482.4
38291.7
32729.3
45276.6
40017.4
56206.4
44322.5
48090.9
59021.4
35919.8
29306.3
49153.8
62400.6
49623.8
54684.4
31075.8
23153.8
44724.1
43736.7
42898.1
43762.5
46732.1
39859.3
56737.7
45169.7
39775.5
61877.3
34937.1
49383.8
49351.7
54121
21623.3
63607.4
35028.2
35643.4
39926.2
32319.1
39683.1
30723.4
27468.4
39970.4
46736.2
31548.6
38631.6
34715
46396.5
45424.8
33734.2
39915
34433.8
36611.6
58621.2
46928.8
25255.4
45551.2
40074.2
54037.1
43079.9
50209.9
24243.8
40190.9
47449.3
49576.7
43377.8
49359.9
40345.7
51367.8
47996.6
27633.4
43921.8
52830.7
50102.2
44286.5
20154.5
38483.9
53917.5
41437.8
51647.8
34504.2
58296.2
53679.2
61113.5
53545
47215.4
58639.7
69649.2
28329.2
66193.2
46219.4
24399.4
54965.7
37950.8
37718.2
40145
55651.8
58107.4
50937.3
35181.2
23414.4
44315
39881.6
49765.9
20552.2
52998.2
50209.3
39912.2
38911.6
51091.6
34222.3
58483.1
31442.2
58357.5
25229
43842.9
33493.4
42350.5
60666.4
40973.1
65446.2
28224.7
49918.6
68039.7
38812.2
43026.3
39108.9
48164
73499.8
62644.6
29309.5
61150.3
26160.4
44532.6
40383.3
36330.1
55995.2
38874.1
40232
54797.2
37880.4
46900.6
64030.2
31647.8
27934.2
49570.9
60197.3
44372.3
46592.8
33788.4
47175.8
37886.7
51678.9
56319.1
39800.4
46982.5
27417.8
46773.1
27843.3
21424.4
41655.8
52868
26783
39899.5
36730.8
30653.7
25468.8
41110.5
40116.2
38711.3
55221.7
55165.4
28800.9
23048.5
53730.5
36227.5
38073.8
68798.4
43047.1
52899.4
55747.4
43343.5
40482.4
36624.2
33211.8
42887.2
41416.3
46761.7
38134.8
35781
50171.5
54922.4
43322
60088.5
53438.2
58397.9
33845.1
43156.6
77819.6
37948.5
49089.3
33707.6
46236.4
35699.8
30505
39568.9
37242.1
44089.7
61186.1
32626.7
31059.6
41321.8
38024.1
32384.3
37590.5
36898.7
47838.2
58501.6
58053.5
53169.4
32366.8
38654
74656.6
68037
48746.1
67248.7
35427.9
47496.5
59235.2
54428.4
49589.1
33655.7
44721.8
56520.1
41935.7
46215.5
70051.8
73119.8
64931.5
45126.2
52057.1
31737.4
50102
40780.1
41177.4
29419.3
47159.1
68850.2
62663.6
41082.4
47575
81280.6
56260.5
51783.6
46788.2
45657.8
45107.3
29226.6
26576.6
53771
45752.9
57535
64976.8
47028.2
42132
40148.4
44602.1
71489
61265
53892.2
68447.4
33217
42387.5
43374.4
62753.9
77485.2
69481.4
51791.4
62557.1
78623.8
47519.7
41847.4
59814.3
32907.8
66615.8
61624.4
54271.8
52183
48954.6
72634.5
55846.2
28279.1
26884.2
56639.9
53354
83206.2
52074.2
45808.6
44124.9
45520.5
69347
62710.4
54503.7
33463.3
42531.9
51579.8
51221.3
74390.8
62052.2
54460.5
42806.3
52189.3
60482.2
66568.4
60363.9
64647.1
35359
59142.8
53974.4
74732.1
44468.2
28871
46160.5
75603.8
47027
46023.3
49205.5
44016.7
70439
47784.7
31251.4
38019.1
44253
58931.8
59440.7
45536.2
47510.2
52323.7
74923
45156.6
58348.8
54904.6
47827
47424.7
51557.4
53017.8
54965.1
60893
37531.8
41268
51043
45221
41961.1
35751.9
29336.6
45036.2
37653.6
48862.9
37875.8
57647.4
66707.7
53431.9
60748.8
52668.6
44126.6
39825.8
38031.8
46124
49956.6
57695.2
36507.9
30288.7
61944.4
54557.9
61137.6
45441.4
49133
37423.9
44907
73744
43528.6
45757.2
58040.6
63445
52797.2
41772.7
30045.9
63483.1
56035
38825.4
48623.4
62388.1
26360.2
42693.3
32212.9
61713.5
62346.2
33018.9
41433.8
59745.8
37281.4
60255.8
39235.9
34290.6
32908.6
38917.3
43670.9
38239.2
45003.2
37497.1
42724.4
57519.1
45917.9
52532.2
33100.1
24652
53858
52692.2
46151.4
58111
68968.1
65868
30987.7
48521.1
48844.9
76779.7
40920.6
33247.3
84078.1
27914.6
52748.4
30265.2
35765.8
42850.2
42534.4
30363.4
46780
84903.9
36376.5
37726.3
26049.8
37065.1
40133.8
35270.7
40351.6
59568.2
32367.1
76365.9
38881.7
49679.4
81523.9
48668.2
36129.5
79965.8
35250.7
40284.1
37237.1
39335.8
48111.3
60273
63458.2
37695.9
77372.6
39723.4
45048.6
39336.4
57592.8
49177.4
57742.2
43741.1
53132.4
59558.4
55142.9
54817.8
59787
60354.2
41640.9
82849.3
61205.3
53833.3
27886.1
33483.8
45623.8
55400.7
76491.8
46438
48223.6
60540.9
34679.8
34932.1
47595.4
92042.1
39909.5
37524.1
56009.4
61207.8
65412.1
74496.3
36772.6
36036
51896.8
33029.4
37554.5
26574.6
63569.2
43611.7
33441.1
34919.5
37325.1
46591
78561.2
35024.9
28859.3
72904
32189.9
30637.8
54116
41797.5
50249.1
60062.8
56598.3
43512
42011.4
50736.6
46390.6
42769.4
41246.4
71863.3
47350.8
36141.3
54026.8
38358.8
36635.8
74588
50229.8
49632.6
64167.7
72640.9
48452.9
52380.2
45551.7
38013.4
47530.8
25825.4
38881.1
43802.1
61425.2
45964.6
29076.9
23293.7
62692
49525.8
43595.9
27811.5
55055.4
41511.1
35752.6
25368
49230.5
43529.9
74433.8
40869.5
22757.8
42137.8
69990.2
69190.1
33201.6
26850.6
38671.4
33742.6
43941.1
48669.8
40399
49642.6
39407.4
57527.8
59882.2
36819.6
57725.2
26594.9
44169.4
50279.2
58373.8
36824.6
35724.5
50753.9
45101.2
43443.6
51545.8
30893
46608.1
45851.6
85344.9
89191.8
52997
35144.8
33889.4
38052.2
37219.6
44899.4
49868.4
64465.8
44581.4
43256.5
55409.8
62762.6
29255.4
39209.5
49603.4
71997.4
69595.7
59809.6
46410.3
27833.7
76630.1
72395.4
50162.6
64760.9
67810.6
53025.7
98416.7
53623.5
35603
68288.4
61485.4
65939.9
36154.8
74212.6
36430
58324.9
56021
32385.9
34740
40354.4
68281.3
40906.1
42837.6
52132.6
38917
32723
37704.4
20574
25190.6
39112.6
37667.3
57641.3
32471.4
35869.5
52466.4
21196.1
33447.6
59769.9
43431.2
47588.1
47123.6
48840.9
25398
24614.6
43708.5
30399.7
45281.5
53953.2
46338.2
52158.7
26018.7
49250.6
36721.5
53773.9
40720
38847.1
35909.6
29816
21451.2
24534.2
32542.2
36640.1
60432.2
35422.6
40018.2
48119.8
35880.9
36359.2
19558.8
41663.8
44055.3
56427.3
47342.2
43471.6
35532.3
26642.8
24403.8
28220.8
24357.2
40562.1
37426.6
42155
23692.5
38821.4
49079.8
41349.6
58905.3
32981.4
45536.8
30503.1
57681.8
42033.9
51524.9
52889.9
38256.2
39664.6
68241.7
42457
32311.4
69255.9
49018.3
56711
53155.5
22651.5
78468.7
38123.8
40195.2
55707.4
60853.8
28449
33290.2
52296.5
40754.4
68246.6
59949.7
44868.1
46609.9
30207.3
33093.1
38926.4
49420
56646.8
41415.3
65232.7
62623.4
62337.9
49211.9
41087.2
51167.7
37741.1
52104.7
42276.6
51933
80420.9
64300.8
40237.8
54487.2
51144.6
44197.9
44303.4
66210.6
43429.1
54943.6
39802.2
37207.8
64131.3
31077.7
47277.2
37737.3
67692.5
65510.2
78566.7
50642.8
41241.6
40492.4
78124.9
33540.6
42955.9
38471.7
38850.1
60531.8
67295
73262.6
77549.8
53099.3
34179.8
61822.4
42649.7
48273.9
41045.3
51893.7
44921.7
52748.8
50818.3
48518.6
52208.2
41007.6
57055.7
75068.2
50709.1
50116.5
28741.1
48325.8
53191.1
24659.8
31992.3
54658.1
53277.3
53352.6
56369.4
36299.3
47880.7
46450.6
56350.4
51687.4
28122.4
45644.9
36104.2
59587.4
43607.3
24915.2
55403.7
44021.9
43920.5
32114.6
39282.9
60652.8
61778.3
69571.8
55309.6
26326.1
19106.6
49977
68625.4
67836.4
73049.4
40834.3
30361.8
31587.2
29651.8
32748
75280.2
63452.6
29609.8
41505.9
49242.4
51605.8
45786.6
73643.9
35051.3
57805
47912.2
50754.2
48273
39373.8
31889.4
33373.9
51176.6
56686.9
51272.7
40372.7
46609.8
30403
38500.8
36494.6
29538
41881.7
48664.2
28148.8
26943
39871.3
35170.5
48082.4
49719.4
26389.2
57896
58260.2
37924.2
52654.1
48445.3
59384.9
55136.6
66021.2
46820.1
36225.7
38922.4
50906.2
43994.2
38138.1
20071.9
52791.8
49877
54372.2
44065.4
42337.1
37691.8
54096.3
68729.4
35513.4
48464.6
53687.3
29903.3
28000.1
33699.8
48023.5
37738.1
31474.2
33548.3
40707
31588.9
52898.4
45751.2
48075.8
45910.2
54838.7
36270.4
43331.1
55074.6
41001.1
34813
77260.7
44424.5
47889.8
24193.4
41239.2
47750.6
40419
47382.4
37414.6
33245.9
32457.9
52148.8
46304
53613.8
36896.7
47220.6
32715.6
49520.2
53039.9
44988
50493.8
37377.4
41928.6
39909.2
39800.5
55547.8
27978.2
23631.8
33557.8
58684.3
26633.3
27113.2
42179.7
42834.1
46885.1
60252.3
33157.4
37193.7
61094.3
39322.6
19495.8
26817.1
29405.6
42667.2
39893
36254.6
32109.7
38783.9
36577.4
29434.5
39516.7
54585
35746.4
25589.1
33977.4
35908
57450.1
28411.6
64644.7
50975.6
40223.7
33027.9
39379.1
40402.6
42184.5
55124
29857.6
35222.7
42338.3
53151.8
43312.9
31622.4
53133.4
49801.3
47697.5
74291.7
30327.8
39959.3
39889.9
39599.5
69047.9
50350.2
37954.1
49125.6
32391.2
50404
44367.3
42490.2
55849
70728.7
28340
63736.3
36884.6
62225
35702.2
54509
50040.2
39614.8
43893.6
44996
63429.2
42736.2
34998.2
45326.1
37517.5
37532.1
46036.2
38562.2
33720.5
41843.9
41443.1
37932.5
57027.8
44159.1
32723.8
27971.2
57601.1
40042.8
41796.6
64521.8
26764.5
44415.4
29694.8
73967
44344.6
45197.2
56339.8
33787.4
38051
42860.4
50753.7
45649
42423.2
57661.1
55604.1
40533.3
56375.3
43015.3
35047.5
66502.8
27735.4
47811
44887
71901
47984.5
39532.1
32028
35625.8
32768.3
33073.3
46740.2
27759.6
41093.2
40591
30700.1
43983.5
73389
29073
55555.4
61555.1
69245
36904.8
29743.1
57199.7
48410
47822.7
66897
47503.1
55235.9
37433.3
53846.6
37493
28581.8
40765.7
36351.1
33119.2
41108.2
61410.6
49047.6
51764.9
46464.4
28348.6
45392.4
37438.3
65696
70396.8
61340.8
58931
65989.4
45127.5
39950.7
66764.2
76189.6
53827.8
37474.2
52573.4
46167.3
40391
61137
45487.6
68796.8
61315.3
36930.2
38051.7
66768.2
51652.4
47616.2
48620.3
41871.2
48363.6
46834.2
70293
41015.8
64445.1
67144.2
59356.4
37116.3
48573.8
41583.8
44329.5
29638.4
36953
64499.8
45892.5
38279.1
33705.4
31185.8
54460.7
39323.6
61667.5
48742.6
48438.6
51911.4
49017.3
52736.5
44537.8
48113.4
70808.6
54655
71435.6
43655.3
57850.1
46104.6
61032.8
52052.4
57826.5
47823.4
53761.9
41412.1
61555.8
46876.2
59331.3
44575.8
42946.6
70725.6
36912.4
58899.1
48253.8
55318.6
22839.1
35595.6
53002.9
48173.3
57269
38627.2
51913.9
42803.6
41386.7
40272.6
25501.8
42843.7
43277.8
32752.4
71956.2
25137.6
79057.5
28441.8
61219.9
17689
33742.8
64690.5
77736.3
48997.6
36087.7
46403.1
69709
35823
56434.6
68144.6
34206.9
71030.1
38896.5
50029
81833.5
71220.5
26524.2
36129.3
44164.5
38307.9
40506.2
35412.2
43175.5
49784.7
32525.2
59341.1
49998.2
41129.4
67720.5
46830.7
44175.1
54321.6
56654.8
45897.6
33857.2
47635.8
49474.5
38116.4
62335.4
40847.5
53246.2
29045.8
49063.8
22266
38474.2
32354.3
32429.6
37479.2
59987.7
56606.2
27345
48876.6
49392.2
46568.3
58145.5
62174.2
56872.1
42426.5
59119.5
54244.1
26444.5
64730.7
54970.3
50990.9
53276.1
45025.5
56166.7
60932.9
63865.8
37512.7
62155.4
41021.9
37740.9
62023.3
80499.6
73318.8
64972.1
30452.2
27732.3
51198.9
61325.8
37719
54945.7
36744.4
34888.8
54277.9
38361.2
60541.4
68272.6
47197.7
31725.1
52455.9
48877.2
60835.7
60211.3
39395.3
58120.6
40676.6
40030.6
47753.4
61416
37884.4
28906.3
44010.7
20661.9
69736.1
44326
68628.6
39911.8
45777
33385.1
31959.5
55238.1
41308.2
51721.7
51296.8
32926.9
29885.8
35010.8
49621.7
57035.5
40954.9
39100.9
49619.4
43991.3
47040
36229.3
69075.3
35638.6
42308.3
65848
54880
42721.4
74738.7
48490.3
41265.5
54645.2
65383.8
52570.8
50932.7
32747
55853.7
47970.9
61928.8
42216.1
50569.4
43850.4
53432.3
58668.6
37495.4
70374.6
45624.7
67397.3
61720.1
69228.6
38909.9
48705
56209.9
43143.2
56486.8
33730.2
73996.2
45051.5
39379.1
68803.4
29702.3
37768.7
37990.7
69286.7
41662.8
58178.8
59987.8
34064
52121.1
86074.6
42385
80215.2
48899.8
64964.6
63134.6
38237.6
74508.7
56760.8
40542.2
56994.2
55846.7
39324.2
39220.7
39751.2
58109.8
45809.6
50238.3
59632.7
53055.6
58213.2
52048.3
36382.4
38847.1
43463.6
40824.8
51366
92433.3
63901.5
31727.8
32993.4
38123.1
52354
60634.6
53882.8
60357.7
73441.4
39092
25059.7
58676.1
49829.3
94613.8
54425.8
56852.5
45059
51738.2
65379.9
62461.5
40101.8
54518.9
65431.8
41824.5
32774.5
43408.2
57670.8
33721.9
58364.2
60795.3
53613.7
44002.3
57336.6
64845.8
35774.3
62285.3
39221.6
42467.4
29601.8
62177.5
49250.4
52629.7
65975.3
51967.4
55638
50140.6
63840.4
50761.3
48031.2
50361.6
47439
61940.5
38121
60126.6
56023.9
44919
69971.8
46419.8
35493.6
55940.4
36962.2
45785
33312.6
49954.2
67831.7
58124.6
62685.1
61628.6
34935.4
47604.6
60017.7
35983.5
69913
37702.1
42523.8
60764.3
57953.2
30339.3
56213.3
39802.3
38501.8
46350.1
48495.7
60255.4
24081
45221.3
49767.3
42748.6
39929.3
39926.1
29022.5
57113.1
48385.2
30800.1
54529
36479.7
51064.8
34023.3
69893.2
64812.1
47500.5
25964.9
41621.8
60280.9
50266.1
58530
42148
38896.5
43158.6
51660.5
78361.2
54051.4
40703.2
45205.3
37014.2
50627.4
53010.3
54909.8
54316
32403.4
58300.8
69169.5
61006.5
37652.1
45282.1
54790
55562.2
51634.8
48575.6
41766.5
52922.7
56615
38528.1
54006.5
56389.8
68171.8
37700.9
57303.4
30972.7
45815.4
48485.5
43812.2
49063.7
21207.3
58424.6
82383.8
57653.1
51454.8
39565.1
44831.3
40697.5
52339
43386.6
73812.2
41790.7
62979.5
42511.4
31227.1
43135.4
42852.2
64848.3
48332.1
70291.1
28838.7
60339.8
47117
36582.4
45487.5
44104.5
38617.4
39311.2
58693.4
52601.1
41984.9
47378.6
52716.9
43486.7
51060.3
38558.5
37404.5
48706.8
47828.9
45653
48636.3
43828.1
76927
65696.9
36992.9
56936
48497.5
36681.6
48735.9
38576.2
50941.6
58613.1
49756.8
46404.9
49747.7
62878.6
63327
54498.4
57360.5
39788.1
36417.5
52718.4
53647.8
58775.9
47830.3
77222.6
33524.2
53369.9
55726.2
39225
55027
44284.8
60895.1
44488.6
53319.5
72900.7
60474.2
71731
43897.6
34531.3
56678.2
56192.2
49239.7
54085.4
44835
60716
60713
59634.3
45246.8
51275.3
76142.8
28593.2
32986.3
57251.1
63526.8
79550.6
45832.8
69879
63049
68502.2
60384.2
73567.1
50376.3
58079
46370.2
55715.1
36391.4
58463.8
57667
56850
59421.6
39020.4
44373.4
53864.2
52552.9
30460.1
45506.5
32832.9
55482.6
48705.6
62360.9
55863
61017.8
35677.6
68708.6
50752.3
53934.6
45119.1
72137
24307.3
47807.8
53452.6
56902.4
39520.2
40959.8
47731
42471.8
71663.8
59207.7
84342.4
51048.1
40496.1
56885
42115
74580.1
39400.9
46940.1
40644.2
68247.8
47956
48195.8
45053.8
76188.4
54342.4
52019.5
37654.9
44717.4
59501.1
63250.4
34687
63047.6
59792.7
69353.1
37642.9
52096.7
57166
63095.5
82404.6
40307.3
58639.8
65011.1
39574.8
39214.8
47436.6
62045.8
74290.9
34292.2
35771.8
60353.9
32359.2
47460.6
30409.4
40656.2
65985.1
52717
45636.7
32173.1
67141
27178.5
49962.6
64616.4
52891.8
63344.7
35192.6
43795.9
66997.1
41089.2
46637.2
66694.7
39826.6
52012.1
47874
24987.2
32468.5
56491
34693
33924.1
54306.9
39844.4
47143
33001.7
56262.5
37470.4
55162.8
63963.8
73375.3
41323.8
63649
53283.6
47453.8
42920.3
37001.2
37947.1
68796.7
59397.4
34925
33549.6
35947.4
40698.6
28658
68214
56638.3
31036.5
42747.4
33472.6
45697.6
42253.6
47924.6
67792.7
48599.5
65218.7
40825.1
27779.2
66549.8
50945.2
47983.9
31891.3
32772.5
67758.2
41784.9
39571.4
45857.3
41253.3
30757.8
32317.7
35996.8
62362.9
61682.6
48232.9
43182.4
40531.9
53000.3
60298
50863.1
52651.3
43442.2
50403.7
57102.4
79548.2
48487.3
51706
56437.5
44750.6
55747.4
48589.2
42790
55387.1
73611.7
27898
38802.4
58075.3
31507.1
48452.3
47970.4
40019.6
58306.7
52699.5
35399.4
37355
36810
69620.5
59013.4
43092.6
38700.6
51366.6
47061.7
65782.5
45815.4
42181.7
43996.1
35837.9
28687
45139.4
50291.2
31512.6
32558.9
31594.5
33255.6
37273.3
53264.6
52639.3
32743
33488.3
33922.6
35069.3
50418.4
35770.3
21780.2
45703.8
50604.5
54279.2
29219
53329.3
49384.3
31260.6
48965
64106.8
33511
81067.8
44616.2
71694.9
64008.9
68001.3
32571
44663.7
78018.7
63797.6
47746.6
59915.9
62047.4
49445.7
39296.7
48456.2
60286.5
42655
72724.6
60908.2
53273.2
44197.8
56638.6
57611.7
49039.2
52070
45770.4
74748.2
48336.7
60693.3
62097.4
58782.8
34534.2
66638.4
58135
60801.6
43378
73232.2
26004.7
41176.8
49165.4
70323.8
39447
56640.6
67821
19576.9
50163.9
33330.3
47817.9
55500.5
21100.6
37964.2
46086.5
30805
44979.7
66409.4
36063
26814.5
45737.7
41681.3
72941.2
35764.5
42654.9
36398.1
65607.1
49553.4
42693.7
36413.3
50181.1
56874
26889.3
46341.3
41735
35829
52971.3
92329
37567
35881
28646.1
38955
58451.4
63102.6
43364.6
71639.6
50872.5
40318.3
33077.6
38935.5
58141.2
29312.1
45688.6
56832.5
54919.8
37226.5
35054.9
67846.3
41481.2
53310.7
34691.8
56589.3
57156.6
44066.2
35248.9
48851.1
28661.8
52994
58524.5
68089.4
43301.1
46098.6
65560.2
54892.6
49389.8
35424.6
43497.4
70794.6
42106.4
49287.4
61070.7
43475.4
39765.5
46425.4
56510.3
33786.9
39305.4
55123
26993.5
45861
40731.3
61596.3
31615.5
39694.6
75672.9
33783.2
33895.4
23282.5
67089.1
25140.4
47318.7
62176.2
61517
44781.9
63176.9
42422.8
59586.4
31359.8
34227.9
66502.5
52999.6
54239.7
76594.6
65870.6
48882.9
44129.1
35318.7
50498.1
43760
53791
65570.1
39794.8
54903.3
40785.1
45796.6
54901.7
42239.3
47741.8
39754
42768
30587.9
36699.8
60983
39045.2
45224.2
80772
47717.1
48787
53298.6
26291.3
58673.6
77871.5
52080.1
35505.5
41967.4
35343.1
36251.9
50359.8
57348.6
43207.9
47387.5
43589.8
42037.9
36549.4
40952.5
68029.5
26679
43280.8
50340.6
33418.2
41809.5
64803.4
49531.4
47220.6
31773.2
65919.9
60667.9
55431.7
43969.9
47843.3
48558.7
39181.8
32957.9
66897
63537.4
48809.7
50268.9
52947.2
43967
53453.9
48711.4
43247.6
67368.8
39131.3
57234.4
30773.5
50118.1
76262.8
44011
31027.6
28374.4
62979.8
43186.7
39197.6
37536.2
53490.6
53474.6
85723.7
68307.6
51985.4
33773.7
31330.7
51227.2
37147.3
47335.1
61683.7
49635.6
51473.8
30927.3
41212.6
63192.4
62417.7
49059.9
69327.4
43294.3
40695
34131
48234.2
54486.9
47201.6
41468
44504.6
41106.1
76751.8
47232
49962.6
59795.9
39523.3
64051.3
45459.8
31407.2
42499.2
52070.5
30728.1
59539.8
41889.4
34075.2
34875
65797.2
60534.5
41075
51179.8
52546
63057.8
53556.4
53823.5
38717.9
37502
49601
58953.8
42869.7
34216
27978.2
48501.2
44951.1
52356.8
50490.2
39250.6
33093.4
50451.8
42211.4
50956.2
67874
41863.3
29991.7
31163.2
47414
40120
83954
61539.9
67131
53928.3
32670.2
53775.7
28289
50919
30615.3
43777.4
28777.3
47061.2
54461
40043.3
58411.4
42166.3
33082.2
37376.6
38853.4
43063.2
42133.1
28654.2
46193.9
36692.7
52881.2
46045.6
57665.8
59023.4
39275.8
41302
53553.3
47611.1
30672.2
39627
52383.7
35549.1
51608.5
70466.4
33253.8
52110.2
53720.6
55198.7
60987.4
48449.4
34452.4
34912.1
47419.6
39414
49501.8
67000.6
62418.7
42432.2
36862.7
38679.6
58367.4
63887.8
47294.7
36033.4
61495
44823.2
56055
44868.5
45063.1
44962.7
43970.4
39553.1
41209.2
48937.5
55587.1
41705.8
52669.7
46619.1
43095.8
83825.2
52562.8
41503.9
31419.9
72415.9
40049.8
46086.7
32343.4
46278.9
38847.2
60607.4
38336.5
53384.2
70054.7
62967
53422.6
32955.2
39663.2
44429.3
50516.2
49075.8
57045.3
41177
58928.6
58509.1
50936
36161.1
67336.2
37234.2
62942
43164.6
37391.4
50512.2
64144
41871.8
74271.6
37075
39101.1
52882.6
73562.2
70783.4
35737.2
65024.8
48172.8
32476.2
53348.8
37280
45038
51231.5
39276.9
33523.4
48544.2
42189.2
53246.9
51251
49122.6
51513.5
46242.1
42460.4
50072.9
66109.5
34598.1
49785.7
44666.8
32506.9
53369.6
29317.1
57185.1
49996.6
68657.1
32430.6
64792.6
73346.6
43621.7
52291.4
26411.4
48667
42217
62639.8
68079.6
53492.7
44794.2
71428.9
36507.6
70445.3
42487.4
45702
60814.2
43158.6
51582.2
47806.3
51556.2
33428.6
38763.6
36324.6
58957.4
31070.5
58762
54393.8
34827.5
31763.5
49864.9
37625.4
25106.6
46450.2
43791.1
49164.6
54526.9
53511.4
41451.2
59220.2
64759.5
32254.3
37614.5
54055.8
57336.2
47234.8
41991.5
26482.5
45242.1
37999.2
45467.4
26638
54822.9
55677.1
37680.8
38833.2
48479.7
48323.4
28641.1
56719.1
25354.9
46234
28890.2
50246.6
55396.7
45985
43524.2
64579.1
50929.5
53259.3
38828.5
43250.6
80040.1
69845.4
52538.3
35694.2
46522.6
48740.5
29583.7
50053
43682.9
49514.2
34453.6
35942.4
32711.9
62944.7
48545.2
51269.8
62321.9
45522.6
53073.8
25415.5
38443.3
37886.8
64725.9
53456.7
33992.6
46147.5
34722.4
32583.5
78177
48020.2
27683.2
50092
35431.4
34359
45130.7
34893.4
35047.8
41894.9
55126.9
61014.5
54578.8
79051
62043.6
55478.8
34325.1
27221.8
62277.6
37381.7
55818.6
51851.4
32933.8
40490.6
50675
47064.7
50740.7
28750.2
33189.2
42805.8
44840.7
54909.1
57118.3
66355.6
46912.6
42843.4
39195.8
49792.2
36468.5
34647.7
50898.7
46679.6
26914.6
62944.2
36813.7
33056.9
35770.5
61039.1
54488.1
79849.2
49344.9
35162.8
38349.8
42652.1
35278.4
47615.6
67856.3
75480.2
33823.6
60878.2
26173.7
47299.4
54390.7
37856
32712.3
26422.7
50166.6
41887.4
62940.1
33375.3
41804.9
30643.7
37229.4
34054.6
47727.4
44399.9
65488.6
66041.7
36217.1
40670.2
72574.1
45649
74943.1
54627.6
73930.2
35152.8
32753.4
49546.2
36335.5
43727
53720.8
71642.8
33872.2
50168.2
38130.1
21829.9
38856.1
43489.1
39878.6
30674.7
49619.4
45366.2
36388.2
37113
38851.6
30662.2
45580.5
48317.3
49728.2
36527.1
23280.6
45353.2
40214.4
39526.9
47777.5
49895.5
49423
51585.8
74340.6
66230.4
58507.9
59389.1
28146.8
60712.4
40636.5
34399.4
23589.4
48900.2
51176
45126.6
26573.4
41464.6
45469.6
31719.2
70151.8
59191.5
53314.6
65898
39445.1
53886.2
59447
54336
49048.8
56013.3
52446.2
40535.6
53216.1
46181.4
64965.7
47737.3
50723.5
40370.6
28789.9
45226.8
33025
36952
50024
43404.3
43797.3
54659
65217.8
46099.4
80007
56907.2
33725.3
51996.2
42263
70502.1
37714.2
41823.8
45622.2
44475.9
34126.7
46602.1
48602.1
55484.1
35904.9
46101.6
40102.6
35395.4
29557.4
37314.6
41445.2
45597.2
50284.7
37661
74801.3
38269.9
56377.9
52259.8
37400.2
42081.7
54486.3
45516.1
60968.7
66814.8
36730.6
33172.7
33938.2
54206.6
37799.2
54347.8
55008.2
46256.3
55394.7
56860
29658.2
53437.9
54193.3
62806.9
63445.8
61927
50655.2
52622.7
42606.1
41020.8
47045.4
44959.2
41533.2
33536.3
47212
34362
40825.7
84210.2
51490
71355.4
39385.9
49859.1
66925.4
51566.2
29878.5
49341
39993.3
51150
59304.5
47173.9
46455.4
45754.7
65633.5
38662.5
34564.3
34056.4
47355.9
49070.5
47808.6
43971.3
36644.6
37560.7
28001.8
30948.9
59800.2
54061
30602.2
37853.2
77447.4
51706.2
39881.8
43446.8
37199
73824.8
61633.8
32917
68073
39615.8
85505.7
33435.3
46786.3
42014.3
33492.7
100186
28274.2
32561.1
49822.2
67096.8
49317.8
50005.4
39012.7
40563.2
34229.1
57470.3
51516.6
38443.1
54203.2
57294.8
46999.3
29552.6
34903.7
42640.2
38737.5
50111.8
35081.6
48473.1
51527.6
28261.3
58368.6
45203.6
32145.9
44433.6
43009.6
31329.2
53519.4
67703.2
48297.1
59186.4
54961
59383.3
76131.4
33613.2
54895.3
45495.1
52690.8
42674.1
52864.9
57092.2
76671.7
36176
41915.9
50713
58555.4
44866.3
63678.3
43747.5
58443.8
52699.4
45869.8
65652.7
42665
35151.6
49232.7
27898.2
38104.7
47082.2
42205.5
77767.8
73190.3
42930.2
62321.8
32511.3
42417.2
49289.6
57580.9
58399
50135.4
67367.1
48497.7
49882.6
55511.9
45164
33895.6
38274.9
53002.2
71845.6
58534.6
76575.8
54778.8
67309.6
52879.3
49769
54183.4
48455.4
76127
42144.2
36985.7
42758.9
61738.4
43466.6
70794.6
63535.2
45096.6
44074.7
43389.2
30801.8
56751.8
56873.6
55348.9
46320.6
48640.1
51948
62135.2
60921.1
72489.8
74246.4
18845.4
48762.1
77272.6
58547.3
50217.8
51734
44171.4
34379.6
44437.5
53407.1
46689.4
25506.2
48776.3
39711.8
44350.8
38695.2
64451
33716.5
61556.3
34568.6
42527
23848.6
33056.7
36642.5
55777.7
52029.4
36185
57791
51177.6
78658
64410.3
35858.7
59006.2
47933.4
40444.6
37300.3
60398.8
53615.4
40021.8
39884.2
65871
54405
52486.6
78865.2
56748.2
37070
37425.8
40986.2
35617.8
55904.2
49756
45539.7
55451.8
48009.5
39975.7
50548
41048.6
56641.4
26068.6
70838.8
51828.1
48745.7
41820.8
55791.3
44328.6
54004.2
44112.8
58393.7
38542.5
39786.4
38697.3
41826
56835.1
32280.6
32998.1
32252
36511.4
77258.9
36866.4
54667.4
42119.3
41329
77395.7
56151
62173.5
41719
64024.2
62416.4
38011.2
124983
57148.4
50707
29506.5
51302.7
68416.4
48377.4
65877.9
65861.5
58380.2
43150.2
66473.8
53815.9
58235.5
56615.7
76996.6
32997.8
53319.4
56555
39650.9
58059.5
27604.3
36592.7
79211.8
51271.4
63222.6
60932.9
40290.7
82831.9
31427.5
66475.7
63819.5
34989.5
54884.6
46377.5
30555.7
42165.4
45946.7
55401.2
90237.7
47889.5
61348.3
70161.8
51730.6
46980.4
56831.3
32395.5
64373.1
54500.5
52235.4
70422.7
43742.8
84461.9
53113.8
58295.4
55858.9
51261.5
74076.7
43776.5
58690.6
69914.7
50718.4
73374.7
75367
52340.6
54405
57372.7
48812.6
69266.2
74335
44065.9
36249.7
61342.2
42294.3
47387.9
57461.7
43398.2
72619
62282.4
58648.8
42421.6
54232.2
66215.5
89845.5
39809
83051.7
63861
72281.4
43329.7
56633.8
54339.1
82189.1
55748.5
60617.4
37440.2
68549.8
46437.5
79392.6
53150.5
62465.4
89044.6
46905.8
60464
72116.1
38831.8
71692.2
64700.9
51665.4
39936.9
49689.3
57328.1
74205.4
46875.5
69790.9
53956
44614.1
41601.6
65127.4
42243.3
36312.7
75193
87428.6
47951.8
50091.5
41561.5
26812
52324.1
33489.8
64168.9
43951.7
41710
32195.4
44558.3
56351.3
52805
45214.5
52971
41538.2
59444.6
65183.5
37834.1
51378.5
55915.6
56852.1
87763
48786
45312.7
39816.9
46718.5
53926
47492.7
58206.2
59653.2
53826.2
74828.3
60657
56660.3
58598.1
74303.8
49918.2
40782.6
57586.6
70877.2
43410.2
29709.7
36968.5
42845.7
53498.6
61479.4
64053.7
53580.6
65145.3
65509
76688.1
75877.1
51287.2
60741.4
49712.2
83028.9
55121.1
56448
73573.4
57824.2
50613.5
60636.3
48238.6
54342.3
78454
51148.6
41292
55005.4
64430.1
60039.6
51650.5
53132.7
68824.2
50908.3
46733.6
68743.8
43135.1
38418.2
62719.5
41024.2
61518.6
47061.4
48674.7
88728.5
48103.4
61205.4
43623.9
37833.4
52218.6
59951.1
36230.6
32254.6
43124.5
61946.6
47027.3
48101.6
42662.3
60349.4
41218.2
48021.4
62667.9
62154.6
39820.5
48396.9
50063
50636.2
43292.6
23414.7
44366.6
71977.6
32242.6
44417.1
79866
51207.1
48105.9
30709.7
71412.2
76696.6
39549.3
65481.2
35748.7
43259.5
60148.2
52066.2
47649.3
57310.4
60770.6
33164
65171.2
40624.6
63999
44978
60637
55802.8
43711.4
58220.1
43824.9
90793.3
50043
54414.8
45827
55463.7
41484.3
36973.4
62584.2
59587
80752.6
48401.8
50683.7
45956.2
45920.1
73956.9
46041
68936.2
55050.6
29428.8
65998.7
55585.1
64947.4
68183.2
67900.4
31603.9
60861.2
54063.4
65100.8
49994.7
48972.5
42965
48114.2
43918.8
43979.1
69056.6
87241.9
49917.4
35264.4
43510.7
41987.5
61363.5
76933
59080
44143
45709.2
46665
67271.1
59408.2
73915
50295.5
46195.9
38841.8
40737.3
43172.4
44704.1
61067.9
39523.7
38409.8
53856.1
59006.2
89090.2
71281.6
66333.9
55120.4
54286.1
53159
78932
62589
80686.4
75104.7
49792.3
75995.6
64752
54242.2
56128
56441.1
50999.4
42081.5
74124.9
55391.6
68727.8
34092.8
48796.1
72694.6
48792.2
38832.2
76240.5
54759.6
45195.6
37598.9
67592.1
50141.8
63214.5
51281
24073.2
53743.1
45013.9
44595.6
52874
32179.8
57752
58600
32390.2
51121.8
56700.9
55844.3
39131.4
57546.8
73333.9
60856.1
62173.7
47772.3
48821.7
67750.4
61178.2
45169.2
36787.6
52128.3
64841.8
48156.8
40628
57818.1
75703
48165.1
55039.5
56713.3
52218.1
35936.9
67089.4
48832.3
67885.5
63892.2
81440.5
44283.2
63995.8
52261
61113.8
26251
87852.3
69395.3
65232.4
55842.7
61046.8
52079.5
52166.6
53501.4
42818.5
47313.1
90267.9
69383.8
85121.8
50361.1
50782.9
48363.6
54833.1
52208.2
76067
79516.2
43137.9
78194.2
78164.7
58317.7
28127.4
66033.4
53319
68878.4
33398.1
64074.9
55829.4
52076.5
48717.4
53626.6
62207.7
46057.5
43317.4
44016.8
55489.8
46575
45710.2
42293.3
34222.2
48496.2
48562.4
35285.9
37113.1
52551.9
30560.3
55750.9
47561.5
39914
37827.1
31078.1
52514.8
59421.1
60317.8
54842.3
41813.8
71180.7
57926.2
71332
87564.8
72785
53714.9
70749.3
74231.1
53424.4
27555
45512.4
35097.4
45233.8
44254.9
67347.4
76287.7
49036.1
32215.7
66760.8
35373
72201.6
63919.9
48491.2
31788.8
41205.7
83497.9
21987.7
63758.9
27740.3
52205.4
44716.4
49528
25384.8
48918.4
55799.7
42484.1
48048.8
48502.2
53642.1
57124.2
31813.6
32893.8
32665.7
41446.5
50358.9
69199.4
43409.3
47065.9
46146.3
44827.4
37334.6
43061.8
43327.6
93619.4
70165.9
28413.2
61791.6
54090.2
31294.5
59087.1
58340.2
45049.5
84155
43896.6
58102.2
47710.2
48116.2
44577.4
71503.3
51576.7
38135.4
51616.7
40863.2
65921.6
34240.2
31541.4
53607.9
85950.4
50291
45017
47162.2
52632
73180.6
59802.8
40394.5
41971.6
32109.6
59420.2
56270.2
58096.1
71732.6
39341.8
25607.6
76386.1
39680.9
47842.2
50606.3
63318.8
48167.5
46772.7
39926.9
39104.9
62511.8
66876.6
24669.5
52778.9
76365
51435.9
44414.9
32011.1
56675.4
58621.8
46162.2
54051.1
48004.2
41365
36619.7
44991.9
40656.6
31137.4
43279
53314
48923.9
21879.9
30539
98020.4
29471.5
62258.4
41781.1
48790.6
52130.6
42626.2
46939.5
58556.4
68530.7
48489.1
38740.3
65379.9
40253.9
44899
45042.5
67028.5
92949.8
50234.7
40292.8
57901
46595.7
60194.8
47744.3
70364
54985.8
53170.7
52570.6
65097.2
44855.3
25652.7
53217.4
47504.1
44336.4
61416.2
49762.1
68488.6
70926.9
56149
51362.7
38418.9
75293
56389.7
36940.1
73312.7
58815.3
38639.2
46984.7
58397.2
41018.3
66155.8
38618.2
85528.5
55509.8
33261.4
57162.6
44122.2
70831.6
63120.6
26317.4
51291
59515
40129
55260.2
68705.4
73122.5
58696.3
65312
33354.6
42479.3
40094.2
60795.4
34654.5
38510.8
54366.4
68405.8
44432.3
56722.2
67123.5
60511.9
62884
51152.3
51439.2
57708.8
33088.8
48676.2
39172.3
33118.5
39982.3
57631.2
32926.2
42724.4
50324
53776.2
29200.6
63546
78414.1
60796.7
58502.9
46498.6
64948.2
56576.5
34109
42382.2
28865.7
53841.1
67438.7
55393.3
36696.6
49224.3
40554.4
51684.3
71410.4
38066.9
61704.2
47507
29681
63421.1
33418.7
74547.8
50167.8
85167.2
59405.7
58434.3
67818
38798.4
45739
40573.8
48516.4
43172.5
65011.4
58713.7
38770.2
48077.5
55437.9
50007.7
66252.6
39167.8
36403.7
46324.8
57978.4
35508.2
68264.6
36902.4
51107.1
47799.8
41474.6
57874.7
58909.7
51175.8
65938.4
59377.8
60272.5
41161
41212.4
65432.3
43835.8
54160.5
62034.7
45253.9
41573.4
35948.2
36484.1
37406.7
69470.4
45471
36031.9
69127.4
32448.8
60856.1
50950.9
55739.5
72740.6
56310
41184.7
49022.3
44599.8
38238
60817.9
40805.1
49718.2
52901
35015.7
62097
37706.7
62397.1
50729.4
47711.3
28447.1
47293.2
53527.6
54841.9
70899.9
71148.8
37774.2
39165.8
63526.3
64930.2
61190.4
54524.6
66324.2
58254.5
54278.1
52274.6
68420.5
58628.6
56621.5
68815.8
43565.1
38995
59547.4
30321.5
45962.1
43982.1
63520.7
52011.2
29522.6
16635.6
35420.6
31723.3
23323.6
44548
62013.3
73810.8
37015.5
42145.9
38616.2
46883
37155.4
41045.4
76803.8
60207.4
47969.4
42855.8
49299.5
39005.1
25815.7
45793.5
44335.5
47129.6
57321.4
42795.2
57140.4
51995.2
42133.4
47358.8
82035.9
38101.7
51376.1
29524.2
64583.1
40179.4
41049.5
42771.2
69939.2
53975.9
45788.7
54072.5
40947.2
37739.3
46781.1
43912.8
46768.8
38986.3
30545.1
39877.8
56924.9
72643.6
34850.2
28371.1
16632
28099.2
58139.8
50621
61974.4
38030.1
40172.2
60777.8
58895.1
45058.2
61282
27423.1
48035.6
51598.3
38198.6
31060.4
52617
51330.6
29923.4
28358.3
49600.2
30590.9
54910.9
28697.9
21782.2
37537.4
53813
42580.6
52569.4
44659.1
47633.4
24317.2
30071.3
57810.4
67860
32228.5
55668.6
49503
42396.2
58845.7
55100
38218.9
67744
42255.7
37082.8
40075.4
57360.1
41112.8
38551.4
67335
41538.8
50532.3
62332.9
42993.7
36018.9
41554.6
29736.2
39893.9
38097.8
42644.3
61168.3
63811.9
64360.7
35313.4
37014.7
39375.8
52404.2
38755.1
38611.1
47453.1
43092.2
50250.7
41535.2
67589.9
44302.6
35348.4
29270.9
31130.2
50103.2
58762.6
42239
50880.1
34132.1
52482.9
45938.5
42892.3
51686.2
44567
52939
28541.9
46374.2
51138.5
40723
45191.5
21528.6
44824
35471
63145.6
55155
47036.2
45952.2
47249.7
31955.8
56437.4
37278.9
56138.3
35574.6
45627
53012.1
44885.8
35393.1
50678.5
58797.3
33836.3
23299.1
36399.5
52557.6
47594.6
54650.2
31159.8
44367.2
56582.6
46952.5
36705.1
72164.5
59451.9
42497.8
44445.8
51123
37663
44843.1
67005.3
24965.3
61848
49494
70419.8
48530.6
49011.2
24317.8
28891.1
34919
50203.2
46500.1
65843.6
41479.6
44845.8
22478.6
23878.6
39418.6
78784.6
40466.3
53001.2
70465.5
65736.7
42605.1
44531.5
35126.6
56608.8
38136.9
45497.9
81978.6
50431.2
73745.8
54368.6
45785.1
65698.7
58987.9
44287.8
50379.5
54538.4
61150.9
40980.7
50105.8
34581.3
53246.9
30909.3
42400.1
43151.8
45898.6
43648.4
59036.6
52135.7
35275.6
60392.7
55207.8
37776.8
34558.3
54213.3
43496.6
43762.8
46671.6
51559.5
71992.9
44578.2
42430.8
41134
73671.8
51356.9
73870.4
37878.7
73486.5
47159.6
50975.6
57925.4
111528
75925.6
42722.2
65971.5
37877
33146
52263.4
41096.6
31033.6
65515.9
83510.3
63080.6
31259.6
53553.8
46762.2
57598.3
73346.6
47522.5
45524.2
55455.6
41768.2
65074.7
35905.3
57241.3
51070.6
36423.9
43736.6
53440.6
37059
27037.2
26686.1
58511.6
49457.2
27762
33261.9
33308.8
57346.7
52913.5
30963.6
25855.9
52768
66495.2
63084.2
54756.7
48430.4
43422.9
27409.1
28933.3
44245.5
59908.9
44425.8
39504.7
49574.5
40627
60908.2
53477.4
37138.5
43549.9
28816.8
81650.9
55441
35001.6
26984.2
68655
60083
59160.8
17495.7
33995.6
43093.8
55405.9
29157.9
47386.6
41286.2
43963.8
39204.2
55707.4
52773.5
30919.4
56747.4
37054.8
26567.8
54105.1
52737
35985.4
41655.3
45451.1
44612
37810.2
50552.6
34078.1
52968.2
35601.8
55012.2
34097
58566.9
45096.5
64280.5
28358.5
31526
53705.1
51791.1
30265.5
44233
46182.3
42784.1
47881.8
38487.9
28708.6
23249.5
43070.7
49480.6
37427.8
25755
39617
35056.6
58411.2
38861.1
27395
27301.9
29904
58520.2
58276.3
46129.7
48086.6
39451.7
45312
65055
57428.1
54996.6
61619.1
28465.7
40675.8
34031.2
60607.4
33669.7
51665.7
39286.2
49163.4
48829.7
47290.5
66553.6
51193.8
49625.9
48463.9
78669.7
70292.9
33029
44420.2
32681.8
41069.8
49734
40125.4
32528.3
65985.6
42942.3
39210.7
54878.9
38565.4
48555.9
43946.6
73428.6
34624.7
59427.4
63589.6
86141.8
56156.5
51179.8
42157.8
58033.8
80277.8
61469
64736.6
63413.9
50070.9
52243.6
52030.5
75828.8
66183.5
84314.8
50741.9
60203.4
56068.3
64948.9
50931.8
63843.5
48558.1
47765.6
37078.1
75211.7
58779.1
62055.6
59359.4
70085.6
64172.2
48905.8
69315.4
50836.5
43783.4
55573
40408.2
67428
35911.4
33778.6
67315.4
54865.5
42149.4
53887.4
52914.4
40317.8
57084.2
35848.4
67979.2
70089
57534.2
48916.1
49745.4
51671.3
55440
44558.5
40430.6
39126.1
39375.1
39630.4
56630.9
47783.6
44094.5
45137.4
56074.3
51056.8
34063.7
45793
62200.3
49397.2
50167.8
48278.5
42234.4
20644.2
65681.8
44149.6
47507.2
52422
37259.6
51739.2
33960
50888.1
59899.1
43355.3
42499.2
37151
52803.9
44847.9
45385.4
58599.6
52143.8
39964.2
44103
26503.3
59049.2
44390.4
49855.8
78400
30560.2
21710.4
51124.6
54658.6
68474.4
39125.3
68756.2
75777.4
35014.5
33170.7
62456.5
24660.3
72356.2
27942.8
47064.3
51375.9
55763.4
51533.8
39275.8
43495.4
60802.2
40414.8
34768.2
45917.9
43840.5
47356.3
52177.4
69305
45616.3
44864.7
66843
41977.4
36762
51281.8
59817
72120.6
69494.2
32545.1
49048.6
51236.3
52079.8
38442.6
51685.2
71994.4
67694.4
39246.9
56535
48652
106456
58137.5
75460.7
45023.7
39319.5
53457.8
48523.2
42042.5
37707.2
44861.8
46015.3
60684.1
34340
66679.4
42252.6
80826.8
37547.4
44110.7
43493.1
55216.6
55846.1
46605.6
60531.4
76994.6
25675.6
41325.1
48924
33960.3
60637
34145.1
36478.8
62568.3
29767.7
56605.4
47910.6
63380.5
43284.5
51352.1
36650.2
51567.5
35652.2
65679.9
54786.6
57743.8
53930.4
67421.2
31579.7
53623.8
45197.8
42518.4
37846.7
50385.8
40298.2
44440
47866.6
35799
35791
37036.6
67970.5
44064.6
36463.5
33465.6
56062.9
40778
39315.4
49102
23862.4
32645.4
34252.3
68942.7
61516.5
62687
41891
22204.4
38708.2
47061.3
47243.8
35155
63230.6
50107.2
39593.4
25661
96745.2
46982.6
54739.2
34612.7
46051
34324.9
42517
64740.7
80529.1
53314.9
49794.9
29961.1
29642.9
51187.5
33379.8
54773.2
63870.6
55607.3
51879.8
40741.1
43049.9
28436.7
73305
43316.3
33908.8
35879.7
30040.7
55518.1
56500.8
23667.9
69860.4
52880.6
55756.6
98642.9
29299.5
36970.2
48468.2
42621.1
57753
59125.9
48593
75263.9
58633.1
41029
43691.6
50106
51836.3
42972.6
46074.3
61330.5
33112.6
42433.8
39952.6
30707
57596.6
42579
26322.3
39884.5
59067.2
43739.4
32849.2
43587.5
56063.1
35770.2
67303.7
86709.3
49607.8
50604.6
46485.7
57295.1
58313
49693.3
43315
33467.8
64376.7
34313.5
52419.1
51509.2
64329.3
42174.7
38524.9
24393.5
47309.7
49584.7
41420.8
53465
49286.8
48622.6
33961.4
53668.6
48759.8
33355.1
35870.7
51078.3
59991.8
48603.3
58408.4
52782.9
27453.8
43491.8
48958.4
62422.8
41917.8
48724.4
62360.4
38414.5
70673.8
69571.8
60771
58021.6
59643.8
35350.2
54955
59712
41452.7
53150.8
63831.8
55845
46502.2
33973.8
52071.4
82820.2
65315.9
45851.5
67606.5
54474.1
39617.2
74016.3
50885.1
50883.4
48302.6
38168.5
50011.5
25927.5
50919.8
51645.8
58684.6
29243.7
66375.8
45993.3
59366.2
53960.6
52892.7
19571.4
38320.2
43123.3
68833.7
57040.2
58473.1
34636.9
31200.8
55751
52789
62713.8
58284.9
71104.2
32348.4
35024.4
53101.3
56847
42546.7
39482.5
70729.5
38945.7
61896.7
42843.4
78978.2
49528.8
56244.8
57996.3
83232.9
44412.5
61848.6
68890.2
43031.4
30265.7
48528.8
61433.9
62337.8
33786.9
61403.7
38694.4
37758.2
56514.5
49112.2
33141.4
39878.4
58899.4
55935
39671.4
41964.9
47005.6
38407.1
47138.7
32796.4
49230.6
37073
52546
33828.5
45944.6
32175.4
55721.4
59602.4
48709.8
53440
48721.1
61281.6
38513.4
41539.3
44763.8
58486
40484.9
38507.1
57246
45667.8
35817
64167.8
50488.9
57846.5
75081.1
26846
65195.8
48660.6
30689.8
35083.8
77276.9
44240.6
53696
61900
51960.2
48217.4
32459.8
85268.9
34287.4
60325.8
34679.8
75035.7
34435.8
69736.8
46605.7
56953.2
54362.5
48326.3
49328
76063
40082
43598.1
47636.5
47867.4
49354.9
53409.6
66055
70547.2
48079.7
67400.8
50082.6
63191.5
54254.2
50199.4
44035.8
50552.8
84848.3
57858.6
60643
54874.9
43841.8
49161.8
49917.8
40014.3
51775
39897.8
63385.3
39727.7
58457.8
54303.4
55873.6
58897.9
58784.6
44239.2
68929.4
72995.8
34907
59049.6
43362.2
52531.3
31502.5
41518.4
56177.8
70951.8
46049.5
53909.4
51920.2
24799.9
36327.8
66242.5
53789
63786.2
29798.5
54683.9
42028.4
47250.5
54186.2
30349.5
37795.9
24311.1
39135.8
53994.3
64880.1
49505.8
47877.3
42718.3
45906.6
40070.6
44527.1
50479.2
42980.6
57207
59153.2
47184.6
101030
60628.4
57331.3
57755
60291
36124.6
67226.4
69993
29129
40501.5
41013.4
28989.8
41980.9
51808.8
43368.3
39009.4
43122.3
55062.2
51612.4
31648
47115.4
51073
47504.2
35356.2
48799
33574.7
61165.8
59152.2
40708
71204.4
30604.2
42364.8
59423.8
46192.5
36363.7
42956.4
37393
53175.5
31483.1
53142.2
35747.4
37035.7
43082.6
54718.8
31231.9
34390.6
46725.1
42009.4
22628.5
36831.9
49136.2
36360.3
39227.2
33681.6
47808.1
52699.8
63896.6
44774.2
42459.8
78469.5
36413.3
54522.2
44726
40901.7
61110
53753.3
56652
45929.6
43649.6
78204.3
30404.3
34730.1
52992.6
70356.2
36885.4
41598.7
72369.8
34498.4
77592.5
45985.2
54518.7
50253.6
34225.3
46854.2
84850.2
46816.6
24644.5
69638.8
37779.4
77886.9
67936.9
48729.3
36543
51822.3
52336
41067.2
30511
68836
40688.7
37894.2
42001.8
26819
57292.6
66858.3
57927.2
29062.8
43154.7
33906.2
64594.4
40007.4
27598.6
43233.7
40353.8
39910.7
59520.1
40153.4
24253.9
59344.1
40809
35035.4
77729.4
59783
44104.4
52155.9
33632.5
52116.5
56691.8
52922.7
33540.5
61166.2
40180.6
87901
45331.9
72138.6
59809.8
77652.6
45624.7
85426.6
72400.6
33474.9
23550.6
55517
73992.2
23752.5
50299.5
44307.1
45788.6
43754.8
55073.1
55610.3
64362.9
59286.6
31877.8
41333.4
72063.1
41586.9
68260.1
49277.7
31359
86265.4
66706.8
34997.8
64182.5
54409
55007.8
49125
44218.2
43782.3
81548.2
61820.1
45774
59353.3
47048.2
51137.6
32416.7
63326.3
55310
41220.2
59847.7
47598.7
68643.3
49563.8
47288.6
43441.9
41470.6
52687.6
39699.6
47785
52708.5
69458.4
41588.1
28562.6
54376.9
71886.5
57828
49495
49795.9
48855
54157.2
40316.5
72116.4
58323.8
52895
57292.7
51894.9
39450.8
39126.7
45354.2
29554.6
48977
46330.6
43289.2
51325
59789.2
63940.2
45944.6
68645.2
49699.2
43680
42168.6
64195.2
64504.8
50448
56793
48293.8
51280.9
71251.7
53632.2
41099.1
43239.4
52180.7
45409.6
35310.2
50109.9
66875.1
54249.1
52105.8
58434.4
49177.9
51169.8
44797.4
51508.2
63631.3
57899.6
39876
38461.7
79916.5
59942.2
51898.3
51485.6
35318.4
37811.4
48700.1
52300.8
53679
68068.4
41280.4
56049.2
49849.1
30079.8
58927
37498.6
25817.4
79214.4
31832
61765.3
53938.8
38198.1
54229.8
58319.1
60478.2
29778.2
59109.8
74052.8
36735
36686.9
57835
57689.2
52197.3
39723.2
43302.6
41953
48318.7
52141.9
35236.8
40541.1
61828.2
38695.8
29054.5
86165.4
58275.8
42246.1
53041.2
58382.6
72559.8
64175.3
37753.3
56342.9
47401.8
48855.8
49088.9
35575.4
63739.7
35235.8
52848.6
39951.2
44791.9
48738.1
31487
81437.7
56660.3
83376.2
40266.9
49671.1
46521.5
44850.6
85525.9
77388.3
52472.3
70057.8
86396.9
30301
48136.3
55673.6
60225.6
42037.3
56521.5
62461.7
48789.9
51833.4
54339
40764.4
55987.5
55438.2
41869.4
75878.4
46668.3
44211.8
67196
57768.8
40760.6
46943.4
33104.8
65351.8
47821.8
43852
39348
43791.5
38851.6
75914.5
39850.3
65187
50494.3
50223
40405.4
42738.2
45874.3
57745.2
64062.3
31193.4
48887.6
43327.1
70364.1
43857.8
38581.5
57111.3
35880.8
40405.8
69489.5
53955.6
67602.6
54827.8
33346.3
49316.1
30716.5
60438.9
59321.3
63286.8
36741.7
34049.5
51315.6
57225.8
36258.1
40277.6
47740.3
43580.6
68611
66757
40853.7
60005.9
37553
58861.7
25869.8
37374.6
43613.5
53857.3
29452.6
52015.7
34438.3
81056.4
53475.8
59823.3
57208.9
23217.8
61746.1
51080.6
43405.1
39239.5
75794.1
39966.4
38865.4
40046.4
37397.8
46771
54523.6
54709
45957.1
38183.5
61115.8
42443.6
34065.4
36506.2
34343
62518.8
26645.2
61068.1
70127.5
48663.1
45050.2
57912.7
78003.9
57939.4
32933.1
50054.3
38354.2
44561.4
59843
31090.7
43849.6
25285
72418.9
41754.6
41566
51092.8
45365.1
30439.2
35576.1
38280.2
35385
72283.7
63957.1
33379.9
22376.6
74486.6
70879
47984.2
69550.4
56667.4
48537.2
62972.6
58583.1
42116.3
34568.8
42712.2
41041.2
43674.8
60986.2
44917.9
24195.5
35838.2
61168.4
49560
59318.2
33569.8
46995.5
47388.3
50422
49132.6
55211.8
69022.8
68839.8
65626.6
39579.1
85359.1
45494.1
46995.5
37763.9
56048.9
33504.6
54059.4
70030.6
48275.3
74780.3
44439.8
36240.2
82175.7
57494.3
39796.9
41481
49777.3
63789.7
64927.1
60416.4
54072.6
87959.9
32763
33632.7
55451.4
31183.4
54578.1
49281.3
27902.5
39416.1
60615.1
44722.6
60650.6
31177.2
65250.5
44324.6
53609.4
33775.4
51745.7
40054.6
39844.2
40502.8
58627.2
23440.1
57912.3
52333.1
28708.5
63886.2
44182.1
44683.2
57470.6
32930.2
55304.4
48916.7
29172.2
41867.8
42085
43963.7
38641.8
31664.8
52813.1
41407.9
44775.9
44127.4
53688.6
61297.6
43132.6
53744.4
45538.6
43036.6
70377.4
38599.4
80218.7
62556.2
37811
60191
53203.4
45208.2
61775.9
36627.6
57411.6
47245
66289.6
52406.2
62081.6
68712.9
38053.9
53612
35457.6
49337.9
50929.8
39044.6
67922.2
36112.9
65486.8
56504.6
54621.9
48706.7
44377.5
55927.1
65984.6
42704.1
46721.8
70034.1
73461.2
48201.8
28443.3
57296.4
47007.8
54968.4
43677.1
67175.7
24399.9
50212.2
39679.3
64679.7
36325.2
60608.6
21515.4
30693.1
42985.8
28903.8
46182.2
31124.2
19531.5
75511.5
44441.5
80643.8
52889.8
36272.4
37505.5
43304.9
38896.7
45803.6
35589.6
40858.9
42518.7
34663.2
78666.9
34000.2
42394.3
58044.2
33435.4
57829
70600.3
44667
67997.4
70135.4
43478.7
45601.4
36763.8
40943
50728.2
40834
55391
38410.8
82141.8
55706.6
38132.3
38079.4
34262.6
45737.8
64500
68773.9
54193.4
31515.6
28061.8
31021
41205.2
36666.3
47152.7
63557.6
69511.6
32705.1
43973.8
84880.6
63812.7
57926.5
58327.8
69881.1
59138
47093.4
81289.7
39558.2
39992.3
38657
37789.8
33108.5
40673.6
79236.2
52831.6
56672.2
50562.4
75349.1
46089.6
73085.2
35467.1
43177.7
52845.1
62424.5
70002.1
45868.2
56430.4
74188.8
63729.2
39714.6
36091.5
44798.4
54926.2
54213.4
69003.6
70272.2
60578.5
44154.2
47753.1
50019.7
55387.2
42223.6
80634.8
95910.6
60982
64676.7
39982.2
40385.1
40333.4
77012.3
49243.2
56541.4
44601.4
41791.2
40680.7
63920.9
36821.4
78273.4
54088.5
51623.7
78466.6
53105.2
74142.8
69888.8
34371.3
48088.6
53523
37906.4
86506.6
49895.8
76192.5
56770.5
47326.3
48359.4
62588.9
42247.1
81667.3
87368.6
37925.1
36168.6
42142.2
