0
0
0
0
0
0
0
1585.92
70307
163614
164172
470261
461588
183201
60730.1
44653.8
5511.36
3202.96
1888.64
15056.5
7581.44
2054.64
13899.7
10981.6
10927.8
16914.6
17197.5
20269.5
19735
28899.4
12794.4
51771.7
43370.6
42074.2
35791.1
44295.9
31797.7
61089.6
34652.6
29370
44580.1
43702.2
46673
78653.8
38833.5
29643
59729.8
61256
65896.8
37576.2
49469.8
44466.6
58085.1
56843
44157.1
37386
54085.2
41855.4
41924.6
49418.3
40490.2
30433.2
30926
19266.4
51355
31824.3
58152.2
31474.6
33153.8
49751
69877.9
26610.6
32225.5
30854.6
50979.7
40144.6
37974.3
33360.6
54529.6
38221.8
75896.9
33034.5
54448.1
35484
48812.9
19230.4
46705.1
35077.8
44121.6
58942.3
21021
16351.7
68813.6
42213.3
27025
32436.6
14961.7
35397.8
56434.5
34187.8
49703
26191
45926.7
44193
61830.5
34127.9
40387.3
32099.5
61990.5
24393.7
57394.1
56124.8
35905.4
42959.2
44908.6
26785.7
36285.6
26121.8
19754.5
33989.4
30619.4
26418.6
34549.8
28472.9
27420
27926.1
39956.6
23813.5
28474.3
35653.8
40421
22232.3
33671.8
38727.2
54917.9
23281.4
27539.8
33580.1
12390.3
45153.3
40602.6
35348
29639.2
21273.4
22720.4
18603.5
17948.9
48173.8
41699
40196.2
27903.4
21640.3
33724.4
39275.2
40994.6
41214.6
29716.7
41243
22063.6
25272.5
31732.3
40952.1
26274.8
35724.6
15526
38062.2
30131.9
19846.8
15985
33152.2
13626.2
20960.9
17184
32459
39392.6
31732.4
20271.8
36161
21474.2
19289.8
23017.9
56414.5
25288.2
26940.6
25437.7
28973.2
24211
15913.9
37064.9
26634.2
23266.4
35787.1
16267.4
42058.6
23886.8
19563.5
30746.4
31534.2
34117.3
16762.3
24100.9
24956
22893.9
38394
17375.8
36253.1
11793.1
28012.4
25986.9
28811.4
15800.2
14983.4
20592.9
27854.6
24729.5
33911.3
14061.2
23625.4
13303.4
20142.2
22542.6
43096.5
42507.5
21723.8
33084.4
29873.4
30650.5
31960.4
49355.4
26529.6
45720.4
33856.1
31689
23415.4
16616.1
41761.9
59953
27403.7
38730.3
54533.9
21400.1
39262.2
28942.2
43199.1
33078.2
20325.5
22272.4
29812.9
27564.2
66426.9
17760.2
25392.2
32400.4
15036.1
16716.6
45963.4
41587.2
19807.2
18363.7
23763
29623.7
38626.9
12023.7
13699.2
35318.6
18399.6
37257
24172.7
27048.4
25281.8
36950.5
36106.2
37331.8
23488.6
59318.7
10365.4
42491.8
48286.9
30018.2
27929.2
17865.8
17794.6
23574.9
19765.4
3890.48
9287.52
30910.2
17021.4
15930.5
36515.8
31401.1
21697.3
11829.8
20697.8
23071.4
27325.4
16521.2
13343.1
15685.5
33227.7
22981.1
26922
31189.8
11956.2
15188.9
24611.1
15942.7
10564.6
21428.2
23067.6
27524.9
18135.9
30936.1
21108.9
18226.1
38315.3
23766.4
11574
11186.4
20678.9
29415.8
67489.7
44476.6
25485.2
15584.6
24444.9
9938.88
17011
21705
24256.2
21754.3
25754.5
31315.3
27986.4
30183
14771.8
28549.4
10976.2
21674.4
30408.2
25932.6
13294.8
9532.24
10758.5
19292
26120.2
13156.8
52731.1
15007.7
23546.7
14841.7
19637.6
24957.3
28196.6
20621.8
16872.2
20677.7
20110.7
38747.8
29157.6
20311.4
8240.16
9167.28
16036.6
20980.4
22744.3
14564.9
23727.3
18021.6
41639.8
9190.96
9771.36
21405.3
13421.2
21810.7
16991
15345.3
11565.2
21455.8
17409.4
22585.8
32156
17562.6
34023.1
15489.4
19818.3
31855.8
35466.3
23667.9
27664.7
18667.7
19193.8
14381.9
16661.2
17671.4
22412.1
29964.3
19919.3
9342.64
9937.04
6983.52
21648.7
24240.8
13425.4
27563.8
28140.5
20625.8
25054.9
22023.7
35419.4
31944.7
18979
10557
17497.7
27547.1
37392.6
29122.5
10649.7
9672.4
11011.1
32321.4
33111.7
20623.8
29687.9
12686.8
28623
29612.2
25747.9
27734.2
35047.2
30387.3
12933
15598.8
18909.6
39319
18414.5
19643.1
22299.8
32853.1
9949.68
21624.6
16086.5
44484.7
48473.9
9986.48
27454.8
8776.24
28871.1
24060.4
10990.5
19450.9
17676.7
5336.96
17778.1
15174.5
28333.8
20913.9
20429.1
21771.6
14294.6
10536.8
24847
25182.4
25127.6
25721.6
15119.7
18497.9
11359.7
22209.4
22061.4
27988.2
33164.2
17617.9
11369.3
19344.1
9946.16
26401.7
30946
24879.8
19317.3
24480.4
22134.2
21299.8
13712.2
20888.6
5834.24
11618
8215.52
31963.8
22111.8
24426.7
27740.8
22761.7
9836.64
21891.4
21452.6
21782.8
26960.2
22126.3
11603.9
22647
19465.5
20220.3
22933.4
15022.7
21607.6
19225.3
8728
7632.16
7698.56
15928.5
12493.5
20974.1
10169.5
25711.4
19904.6
30646
15308.9
19378.9
26082.8
27669
14760.6
21426.7
13443.2
9583.84
6379.92
15236.2
11416
21510
5758.16
24678.2
43077.2
13105.7
11899.4
7163.52
25315.3
19485.4
25702.7
19327.4
38785.7
26466.9
5317.84
28236.8
34192.1
10036.4
34069.8
25192.3
31809.9
13606.2
19145.8
17884
9274.16
23760.2
18840.2
18152.8
21446.8
8070.32
22219.5
28930.8
23336.4
8824.24
46449.4
16976.4
31937.5
16423.4
36040.5
7185.84
22426.3
18138.2
30423.9
54173.3
24852.9
28282.2
13939
13550.7
15807.2
19196.9
23871.8
37824.7
22201
11846.2
13862.2
19219.5
26792.6
39331
16462
35353.2
33595.3
30941.2
23945.4
29817.5
19955.4
16994.2
18899.7
32260.5
24538.6
32846.3
21590.6
15341.5
30949.8
15304.2
40475.4
11195.4
29760.9
25740.8
23865.9
25315.8
31733.4
14608
21500.2
14945.5
44241
11163.6
31697.3
22920.5
11551
26506.5
15745.7
25061.2
28578.1
25895.3
34873.5
33026.8
31749.1
26419.6
23142
17701.8
27406.5
30469
35309.4
27207.9
36017.3
22421.5
33796.4
31968.5
16200.2
26707.8
20045.3
8929.76
13795.4
16165.7
21532.6
37609.1
36681.7
31496
17132.2
19793.8
26466.7
14886.6
10679.3
21017.4
24621.4
17028.9
33917.3
23807.8
30970.4
28549
15066.2
23735.9
26478.4
36504.7
13185.4
24709.8
36699.4
20539.9
22412.9
22644
49781.5
18981.4
32384.9
39402.5
11395.2
23353.2
27166.2
22573
32063
17594.6
36126.2
17346.6
56053.3
21195.4
23784.2
21958.2
9962.88
27634.2
23582.1
22704.5
7491.44
6404.96
7528.56
30370.2
27723.4
22595.7
11856.4
7709.92
14235.4
19385.1
17313.2
7712.72
21283.9
37316.6
9104.4
11925.6
37587.9
35649.8
7792.64
17877
26090.1
13235.4
12829.2
30153
29869
31145.6
22954.5
53090.5
30113.3
12390.2
13935.8
28125.8
26529
12528.5
35269.2
37428.9
9218.08
11532.4
17864.2
16337.4
19254.5
19328.9
21835.9
17651
31038.1
19315
18243.4
25597
30909.7
9028.16
25912.6
23250.1
20828.2
17573.1
15378.5
17427.6
18893.8
20076.7
36425.5
14959.7
13411.6
17197.9
27042.9
12032.2
12394.6
18061.2
29318.7
10519.4
14533.1
18097.3
19792.9
27019.8
18669.2
16437.7
17920.4
25825.4
21077
23184.3
19043.1
26188.5
22366
30295.7
7293.76
9863.12
12398.6
20572.6
12558.9
7162.32
11608.2
14629.8
8312.56
34217
17757
21714.2
28431.7
28181
30015.4
24965.1
30586.3
21063.2
11532.6
22392.2
12065.8
35370.8
41054.5
24523.4
23278.4
35599.9
13647.7
20953.8
22436.8
43894.6
33216.2
14971.1
28914.3
13835
37793.1
17164.9
40894.7
14817
16461.4
25205.4
23725.6
20240.6
31419.4
31142.5
19771.4
12913.8
48070.4
20761.3
28853
26712.6
19777.4
22404.8
25274.2
25874.6
13066.2
22763.8
22756
32153.9
34728.2
27140.6
28726.8
13636.4
15822.3
20511.7
70179.7
16990.5
26897
13074.3
11472.5
19361.4
31371.4
28091.6
26162.7
28960.2
25746.6
13528.4
26446.1
16810.6
18369.7
33626.5
14929.2
9736.4
34645.4
35080.5
21160.2
15310.8
15167.1
31851.2
17730.2
16269.8
25731.1
24031.6
21333.2
21462.6
33558.2
40914.4
29900.3
20021.2
24131.9
31687.4
30586.9
20957.6
48269.8
17516.6
15722.1
12408.9
20045.3
22798.7
17070.7
27858.9
22993.7
37024.3
19131.5
27621.7
13488
15546.6
22233
13960.9
21433.8
17932
24828.3
28630.5
17791.5
34074
43959.7
12404.6
12649.9
24059.6
9612.8
23977
34006.5
19758.3
36593.6
25399.7
22150.1
15807.6
28268.8
20999.6
31038.6
24746.2
19134.9
18559.4
21117.6
58576.7
9843.68
10033.5
35708.4
13308.1
41666.1
19349.5
24601.9
19256.9
17543.9
39948.9
20582.9
22996.5
40841.5
15212.2
10976.6
19718.2
37025.8
15247.7
21195.3
29469.2
40641.8
12547.7
21684.4
35948.6
19180.7
18708.3
17948.3
28258.9
27826.8
19438.2
24145.6
10716.8
11141.8
26657.9
15559
32027.8
40775.4
45302
13533
16968.5
43042.7
22281.7
35684.3
23727.9
20742.7
25281.3
17798.4
30682.8
19512.5
29398.2
19751.7
7498.56
14357.7
19262.6
26457.9
38051.4
24917
29760.6
15234
25260.7
38297.4
31046.6
9031.76
20238.4
34287.1
20384.2
43349.6
9502.72
43413.8
26243.9
14061.1
21074.7
28998.9
33005.7
18433.8
34660.1
38143.2
22661.4
21081.9
38165
34004.8
18119.3
38131.4
13801.8
17564.2
33826.6
18698.8
24732.8
16550.6
17356.6
17977.8
20480.3
6064.32
47408.6
12530.5
31822.4
9769.76
25367.5
17152.2
24489.4
18167.1
5563.52
17381.4
16869.8
11391.8
26212.5
13843
8423.04
23453.4
16570.3
9018.72
23693.5
22721.4
23282.1
11821.4
16865.1
10121
18691.5
11814.3
8559.6
14748.2
12144.9
26640.3
16702.2
10523.3
19847.8
19404.6
13440.1
21984.1
10369
11609.1
25567.5
27221
31426.1
28843.8
14060.2
13037.8
35832.6
14632.2
26771.1
9892.16
6695.52
41807
25745.9
33277.9
39192.8
7220.72
24997.4
30364
26281.4
19770.3
18429.4
31384.3
17974.3
17806
15220.6
13762
13040.2
13492.2
15295.5
38417.8
21816
32931.8
10549
20485.8
22153
20379
38217.7
19831.3
32936.6
16213.5
5405.84
8156.96
35026.2
21867.4
37057.9
15526.2
16498.6
26866.3
13207
50934.7
25749
21758.3
22928.9
21804.2
23254.8
18176.6
19933
15880.3
9627.12
22867.9
16793.4
10356.7
13445.9
10430.8
19460.8
23402.9
6368.64
28108.7
18959
14150.5
23344.5
34853.2
12349.8
23303.6
30362.5
26586.9
18074.4
16802.6
22396.3
15851.9
10215.4
17769.2
13868.8
22233.3
20699.1
15404.1
35238.6
15425.8
17665.2
18369.5
26392.3
34261.4
11288.9
17766.2
12841.8
14546.2
17506.9
21608.2
15253.3
28905.4
14916.7
22416.1
26452.8
15321.9
20196.5
13999.8
16746
12913.4
8658.56
19535
15159.9
21925.2
12184.6
14454.5
10141
14861
6786.32
20448.4
20185.6
11984.7
12200.6
9010.48
17810.2
10408.9
19486.4
20807.4
33068.2
18372.4
10420.8
8319.68
19230
11617.7
16803.1
33512.2
12510.9
20685
7482.48
12686.6
7551.36
31198.9
48455.1
15066.8
24911.1
8898.8
31315.4
14810.2
31451.1
19528.6
25022.1
12994
25368.2
35893.4
14188.2
35166.4
42217.8
24042.4
18059.7
16483.8
37977.1
8719.92
20446.7
11495.2
6257.76
34241
14861.2
15295.6
18414.3
14545
20747.4
8075.76
34821.4
29815
22810.9
19710.8
10108.1
6046.88
14735.6
33643.2
30166.1
25384.9
12106.2
11937.8
18094.6
25891.8
16491.4
5891.44
9549.84
9399.92
17135.2
14313.8
33940
9701.2
10844.2
16187.6
14247.8
7150.8
43771.5
9868.32
20348.5
18331.8
12762.2
16794.1
17727
37009.8
6937.76
16598
15663.3
21447.6
42014.1
8033.76
23361.7
19275.4
9933.28
20537
12068.7
21942.9
14059.1
20530.6
4799.6
30279.4
36476.6
24839.4
25706.6
30081.7
18202.1
16569.9
15125.1
20713.4
12953.3
24201.9
14140.5
26266.3
19037.1
15200.7
18011.4
7158.64
13679
19572.6
17520.5
11378.5
13549.2
16319.3
17483.8
8823.6
28491
40943.5
26801.5
28762.8
24951.3
16077.4
6308.16
25764.3
5727.84
17315.8
30732.4
22196.2
43385
26000
18742.5
37169.4
19248.4
22336.1
22589.8
22703.7
22782.1
22667.6
11067.4
22482.2
34936.3
33386.6
28148.6
18151.4
23594.6
38591.2
12129.8
23695.4
22475.7
20671.8
23569
25751.4
12725.2
18194.2
8366.96
25734.5
13640.2
27494.2
18212.6
28159.8
21685.3
12195.6
40699.9
25349.7
34088.6
20771.2
29898.5
20952.6
31867.4
16540.7
22667.4
29880.2
14927.1
25699.2
24393.8
13969.7
15483
9341.12
15463.4
33988.2
13813.4
24387.2
24258.5
30736.2
12708.2
14966.9
29905.8
24549.3
19434.5
20507.8
45942.6
26236.8
13456.3
32683
24217.8
30586
21153.6
14782.2
33930
11379.1
18982.8
24347.8
20919.2
30643.6
30301
37023.4
21801.5
24673.1
21251.8
16270.2
7223.92
32260.2
9697.28
9987.2
33775
12301.2
29292.1
17818.9
15395.4
14252.6
31702.6
22806.4
17992.2
30769.4
18607.3
32733.4
24202.8
22127.6
18313
4897.04
23876.9
15807.2
19774.7
19488.7
28283.7
27996.6
21080.4
17877.7
4919.84
9356.56
33367.1
28951.6
6461.52
26255.3
13833
15781.1
29192.8
13051.5
14981.4
26996.9
46372.1
27621.3
20502.1
25590.5
34180.7
19692
16212.6
13098.3
25073.6
12038.4
14992.2
15701.2
17111
7641.36
22149.3
11074.6
13976.8
32261.4
13921.7
19887.6
7756.8
25255.3
17628.1
25501.7
11611.8
24233.5
21027.9
22701.7
21362.6
20633
17886.2
13390.4
25901.5
14095
27086.2
30201.4
22224.9
20916.5
22438.3
16916.3
31163.9
13296.8
20075.9
37213.7
25269.8
22298
14381.4
20377.4
26471.8
31050.4
6140.88
10682.6
14598.3
24488.8
22291.1
11694.6
24980
29252.8
11395
16014.2
21132.5
6404.72
29616.1
16799
20561.3
15129.2
14995.5
30045.5
16433.9
27231.9
23364.3
20691.8
14080.1
16997.6
31390.9
31328.2
16799.7
17483.4
20389.8
27727.4
31311
32080
36969.8
19417.4
19381
26201
30229
17837.8
12517.3
18637.8
8753.44
13143.2
30461
20613.2
15853.4
29535.5
16117.1
13393.7
13266.5
20729.8
19454.2
13021.6
17724.6
22433
11102.5
30023.5
16989.1
41792.6
12377.8
27055.6
18771
16629.4
26866.9
24115.3
13318.9
22020.9
20098.6
15392
17237.2
17862.6
19026.1
17611.8
28779
21535.2
13378.4
15184.5
24915.4
35345.4
20841.4
18422.4
31342.8
47855
22418.5
27446.4
33747.2
20454.5
30370.3
31137.4
19077.9
10950
22313.5
14828.9
6674.96
6241.92
24341
14165.3
46737.2
12281.1
12042.3
26567.4
12736.7
21719
14684.4
19503.8
12292.2
6510.48
19842.8
27750.9
19305
27443.7
20058
28531
24457.1
14295.1
21680.5
27759.4
31213.5
17043.4
4408.8
20324.3
15557.8
31380.1
38847
42819.7
18262
18863.9
22375.4
15030.3
28675
19598.3
22778.7
12481.5
32211.2
21413.2
43733.4
13071.2
22997
29745
44059.1
22254.5
11928.5
24854.7
36253.7
36188.1
18242.8
32732.5
15732.2
18485.7
29023.4
26346.1
25713.6
19535.6
23983.8
8480.08
17474.6
13612.9
23085.8
22706.5
16345.4
7315.12
16534.7
33205.9
21668.8
27639.3
46579.3
26795
13952.2
14428.5
12334.7
26728
29621
15839
23004.9
8396.16
9185.28
20007.6
27986.6
37715.8
12988
31130.2
19880.3
17779.8
43377.6
12077.9
27652.2
27516.2
25693.1
32200.5
15198.1
18272.1
15501.5
31015.1
25393.4
31865.6
20322.6
6977.6
22342
13355.4
29965.7
32448.2
20970.6
19473.7
23656.2
23359.4
20085.1
18342.2
37306.2
21368.6
7319.84
33630.3
19561.4
29879.9
29221.4
18933.1
19312
18561.1
23285.9
10466.9
13243.2
25765.8
15434.2
14163.7
16322
27551.4
25057.5
31766.1
11618.6
33507.8
27066.8
24444.4
26182.1
9067.84
16097.7
16618.9
25244.4
14267.4
57317
24979.5
23308.6
4943.36
19633.8
34327.8
8201.52
24976.8
39072.5
17239.8
29701.7
19191.4
33604
31949.9
17367.6
13870.4
30237.9
23111.4
44125.2
32644.3
26256
52825
26644.6
20463
21049
21369.8
9326.72
27754.9
19384
10247.4
28969
21392.4
10863.3
10845.2
15979.4
29711.7
19684.7
11688.8
28174.9
13390.8
21180
22932.9
9892.56
13509.9
16393.8
12038.6
18467.5
37336.2
21680.1
15559.1
13650.8
22697.9
12351.7
30660.3
30656.7
24737.2
13285.8
6771.68
26151.1
7610.4
23766.2
18865.8
18882.6
18255.8
12616.6
13692.7
27445.1
19901.4
45199.9
33378.6
16280.6
16549.4
20212.3
11091.8
14646.6
19208.2
20841
16436
23712.5
21406.6
16410.1
22593.4
20570.5
14472.9
13526.5
15825.8
19690.2
14474.8
23358.2
14752.2
23866
15698.2
21763.4
27674.9
24951.8
16823.4
21685
10694.6
26298.1
35345.3
22839.8
35862.2
20362.1
27853.6
8314.48
13534.4
29461
33620.2
12809.6
25809.2
26506.2
9505.28
23959
26819.2
27950.6
21154.8
22930.9
22480.9
17829.8
38746
12457
15857
23054.3
16651.2
20165.3
10550.8
13028.1
23916.9
25838.4
39092.2
24406.2
29510.9
28812.2
31261.1
23197.8
14650.5
20339.2
11922.1
27630.6
17082.3
25851.7
27897
32444.2
14057.5
30766.9
44922
18366.4
47559.1
27642.7
9815.84
16568.9
18221
12781
36588.9
20386.6
23170.6
27827.1
15043.6
26587.5
19006.3
22666.4
16846.2
20499.9
27119.5
9267.52
25018.6
8098
24453.8
15069.8
25791.9
34121.8
21367.4
22715.9
19436.3
50390.6
17585.8
26168.4
44764.2
8096.96
10089.3
23477.7
28805.1
37963.6
12852.2
26495.4
32254.8
29874.8
31512.4
18035
16924.2
30583.3
27958.9
13569.7
22241.7
27795.4
17262
29541.8
6181.12
20376.8
29940.9
17107.6
15498.3
10395.9
27883.2
36061.1
11690.8
15132.1
14446.5
26913.1
37342.6
24846.7
23223
16424.8
43958.2
24251.5
23875.1
21715.4
18649.8
15831.1
16437.4
37778.4
21315.6
42083.7
17816.4
30190.3
28068.8
28312.2
24909
24620.5
20016.9
20992.9
29825.4
17747.8
17365.9
6672.32
23448.4
51840.4
19324.8
32794
42915.8
7886.08
20049.4
17687.1
17810.4
31705.1
35998.6
25422.5
40948.6
7097.76
35709.6
24732.4
12928.2
29734.9
21761.4
17465.7
20041.3
15322.4
20255.1
17345
19575.4
28455.3
17315.1
21161
23560.2
21731.3
35811.8
25375
15919
15369.6
18516.3
25892.5
24773.9
17287
14789.9
18189
10991
33077.1
18728.5
18960.5
32790.9
27900.6
9624.64
18708
31393.6
29417.9
25931.4
31437.6
21023.8
10472.6
30036.3
15475
14083.4
19758.7
22845.5
13663.1
26503.4
19381.8
28915
58853.8
15251.4
13964.1
25702.9
15206.3
21962.5
22710.5
25624.3
35122.8
17454.6
34075.5
15165.2
20185.1
11493.6
27042.4
7510.64
47564.3
14853.4
9171.12
24975.3
33657
24585.7
12642.2
19239
10497.2
31015.5
23660
33418.1
12608
24915.9
20769.2
11598.4
8330.72
19293.4
4069.44
27543.1
13206.6
26045.6
19355.6
17792.2
10363.7
16819.8
16513.4
23053.3
11241
19506.1
39860.6
22954.2
11008.7
14631.8
23699.9
8368.32
31013.5
16287.4
28931.1
21092.6
29808.8
12753.6
29883
19385
24693.4
32353.3
13050.3
30561
11854.5
13659.8
22107
13230.6
24396.3
12413.8
30249.9
17810.8
41835.8
15288.4
22611.8
23695.4
25069.1
8087.36
27793
17852.2
24173.6
41038
15739.9
15894.4
27746.3
19239
31954.2
16787.4
36798.8
12465.2
7526.88
35169.4
31621.1
18501.4
20934.7
18732.9
18873
25051.3
18466.4
30764.4
35766.2
28562.2
19332.7
8168.8
15076.3
25406.8
23296.2
12114.6
16623.6
22060.2
23855.9
25121.8
31690.1
15820.4
15825.8
14480.9
8362.32
20895.2
16260
19545.8
29662
12158.5
28308.6
8105.36
22753.4
10032
13870.4
16756.6
30310.9
13726.5
10698.2
15129
10080.7
26211.6
20430.6
35440.6
28478.2
28381.4
12262.4
18459.7
8476.56
33704.6
28350.3
16498.1
23486.9
38373
29217.7
14157.7
28039.3
15714.9
32483
24425.4
34940
17410.6
5213.76
29900.6
28158.4
9574.32
19931.7
12394.6
23402.9
14337.1
32790.8
15480.1
18891.4
15157
12501.8
11778.2
10664.5
23408.4
22512.2
30840
28684.7
21021.8
19972.3
20684.5
35549
36586.1
34867.4
22420.7
17519.9
24048.3
24725.4
13215.9
40648.3
13394.7
14132.2
37820.2
27942.8
33646.6
32463.8
13994.9
25477.8
47991.3
16537.7
41266.3
21850.9
30452.3
17456.5
40440.6
42120.5
30133
32521.9
23837.5
35065.7
27379.4
31560.7
38086.3
29321.1
27921.2
25958.6
25850.6
24273.7
16736.3
27425.3
25589.3
22711.8
35031.8
17261.6
13905.1
33135.3
10932.7
13071.4
21093.3
37907
13556.5
10106.4
6744.8
6798.64
18236.1
32117.5
19990.7
17786.4
24573.8
28116.4
27206.6
6626.32
23610
40602.7
5666.72
10109.7
16608.6
19307.9
19082.3
10401.4
13349.4
28213
12596.3
28266.5
11952.6
17461.8
23996.9
27117
9661.12
17675.8
17309.6
14986.7
21197.1
11363
34953.8
40616.2
21577.1
11692.9
17183.8
29572.6
24528.6
19357.2
30031.3
26719.4
21360.6
33381.8
30896.8
13683.7
14557.4
35519.4
11710.9
11704.6
26213.6
15989
8239.52
20030.2
37738.7
15517.7
18205.3
39799.9
12024.1
17267.2
34727.8
23119.8
43583.4
21459.1
14664.4
29539
21363.7
13714.1
34417.4
12661.4
18428.6
19532.6
25018
7295.92
13836.3
14975.8
31241.8
9070.88
28452.1
11772.9
22438.6
32697.2
13833.4
27030.6
15825.9
16626.6
23680.9
21048.9
8933.68
12881
16684.1
12695.9
11603.9
9056.64
8496.72
11144.8
17414.5
6255.04
15359.7
14888.6
30412.7
21037.9
13106.6
17088.4
20563.8
21425.3
13184.6
19756.6
16601.3
33356.7
23207.7
16550.2
11147.8
12499.7
14080.5
30384.4
18827.5
19316.6
53695.7
29933.4
20665.7
13269
21683
10541.4
28558.8
21634.4
17669.2
24186.8
23904.6
13838.3
11301.6
23976
16609.3
21791.1
26098.4
25863.6
21620
18733.7
13075.9
26899.5
14926.2
20398.7
20715.5
17571.4
13704.9
15659.6
39720.9
14792.5
8863.28
11149.1
21347.7
17420.6
23903.8
18260.6
33776.9
16272.2
12386.1
13369.8
9816.96
21385.8
14734
36035.4
21270.6
18532.8
11511.9
12244.8
32220.5
7657.92
22736.4
24818.9
36644.9
41769.2
11512.8
14162.1
19382.2
13881.2
22364.1
14492.6
11165.8
15776.6
20157.4
25347.8
30503.7
28688.6
16038.1
19161.4
36796.8
29023.4
13111.2
27179.9
24758.6
29613
21961.4
39078.4
20877
26650.9
34157.5
16240.3
37300.9
50439.9
25935.4
29779.8
8308.88
30627.6
19393.5
10812.4
25383
9600.08
21577
24452.6
20203
8691.68
40482.6
27741.8
31353.8
30156.8
18089.7
13933.4
37381.6
19669.6
34299.1
42611.4
28653.2
29095.2
10950.7
21793
17893
20961.6
36357.3
27837.4
39072.9
27659.1
7288.48
19812.6
24340.9
36534
15243
32940.8
21600.5
18407.1
20203.8
32659.5
15961.6
32153.5
28643.3
19646.6
32940
26730.1
19922
9314.4
25391
10075
31797
16221.5
19118.9
22469.1
19061.1
24556.3
21713.8
11794.8
56218.1
13812.2
14643.8
48623
19097
27333.7
23058.4
22589.4
12518.8
13078.7
23625.2
25607.9
21022.2
17222.7
13360.4
16673.3
17079
39853.6
43277.3
36686
24571.3
15810.4
9494.48
33368.8
26002.6
16040.6
15884
6405.52
32205.9
23385
14861.7
28325.3
31591.5
33093
19596.6
12148.6
22630.2
28462.1
26639.4
30952.7
38206.8
22246.2
19966.6
18823.2
12960.8
16496.8
16435.1
9798.48
20180.2
19274.9
11424.6
20492.6
20748
17099.3
26840.1
18093.8
7683.36
54035.8
16428.3
27602.7
19519.3
35149.5
23056.3
12645.2
6997.68
16716.2
13899.9
9826
45337
12646.4
11005.9
24796.7
12493.4
17121.2
18306.2
30884.4
19273.3
18468.6
31797
17240.9
36176.2
21088.7
11907.3
25603.6
25707.7
20638.8
10259.8
21120.8
24777.4
12223.4
10995.4
14425.4
15871.6
31629.1
22427.9
15709.6
27888.1
18583.2
22371.4
20613.8
6715.36
35215.9
30859.4
15328
12934.3
25688.2
50904
15251.4
7816.88
16795.1
15293.1
11299
11781.5
37718.8
13140.7
14075.4
8431.92
23788.4
23479.8
27438.2
8993.12
11632.4
40664.3
10616.8
21219.4
25767.3
19716.5
21969.8
40366.6
22119
19130
8677.84
13196.8
21755.8
26796
11354.7
26951.4
10008.6
16337.8
14084.5
13358.3
39072
21205.1
12931.8
29069.9
20995.1
27750.5
21298.2
11022.4
11409.8
11769.8
8187.28
25835.1
21789.6
8815.84
33450.5
10390.6
9693.28
20400.4
31459.5
30423.1
28161.3
30655.5
10392.6
20670.6
20626.1
23454.1
11214.7
26242.6
23822.6
29009.8
20229.2
21568.2
14111.4
12212.7
20764.6
21054.6
14905.4
21497.5
15193.9
28336.6
38940.6
25708.7
30040.6
15132.2
24621.6
27428.5
18560.1
32271.3
20020
18411.4
29034.6
30297.2
29068.5
18504.1
23225.8
32358
13677.5
18805.3
40297.8
13341
19087.8
35315.1
19301.4
25720.2
7899.52
25672.8
25548.1
24089.6
8750.8
19346.2
6238.4
13272.9
25058.8
54484.1
12137.9
21277.4
17330.2
25466.2
20978.1
33099.4
17647.3
25615.8
19621.7
23874.8
13054.3
15358.7
32298.8
14739.2
10862.6
15750.6
16623.4
23167.1
26440.3
10416.5
25441.6
11508.4
25371.6
8411.76
5924.64
20151.3
10488.7
25377.6
20994.9
21740.6
41056.9
15828.2
9032.24
20661.8
27699.4
15570.5
24792.9
23668.1
19531.8
14377.4
13200
21249.8
14391.8
23239.8
26258.6
27391.3
18486.8
25597.9
26798.6
16429.7
29331
22808.2
17666
6082.72
20990.2
31150.4
16620.9
30282.8
18928.2
14728.5
19970.5
20897.3
29129.4
24713.8
16462.4
31735.8
8239.2
28931.2
23494.6
13467.4
36794.1
30842.3
32980.3
25132.8
20689.6
9313.04
19208.3
16184.4
20401.5
17714.5
16820.9
17844.6
20837.3
22855.6
30660.9
23968.7
15236.7
11181.4
24537.1
30858.6
16818
9594.16
17647
8843.84
17137.2
23392.2
14064.1
7798.88
9475.2
32146
17980.5
12363.6
42340.4
9702.08
27552.6
13796.6
8260.64
12077
16243.7
28578.8
42132.7
16798.6
19671.4
17251
5075.36
24627.8
49154.6
17271.3
18210.9
11013.3
37199
27589.1
17607.8
29478.5
18579.1
7750.24
28191
16093.7
26457.5
29595
29604
26295.4
13405
28170
9289.36
27264.2
21951.3
6559.76
21278.1
11619.4
29367.5
14872.8
25819.4
10297.1
19428
16442.7
22909.9
9135.12
20554.5
9765.28
12764.7
5684.88
14239.2
16720.7
13301
23339
34096.2
27899.2
5342
19347.5
53973.5
30090.9
16637.1
10297.8
24541.7
26645.6
18637.4
48963.1
21486.1
41348.5
18848.9
9573.04
27863.1
40173
19021.2
11145.4
8051.28
23200.4
20157.7
15546.6
33671.3
13060.5
12225.4
12191.1
17271.2
40866.2
10875.9
28091.6
26247.3
16472.2
26062.5
30019.7
12783.9
28731.3
8621.36
29732.8
38511.5
40358
31702
9604.56
15423.2
29559.4
26374.9
19739.3
24174.2
13650.2
23895.6
24023.7
13225.8
21717.3
25102.6
71432.9
22106.6
19848
22205.5
35717.1
36879.2
19767.8
21180.6
17559
10317.3
31848.3
13828.6
26062.6
23168.2
24165.6
10281.1
9409.6
15200.5
20836.8
16483
17049.1
25325.8
19354.6
27634.2
21974.6
21393.4
28226.6
24689.6
26881
37528.5
6526.08
17708.3
24833.8
20107.8
42873.6
23936.2
17593.6
34735.8
12308.3
35450.6
40647.2
16601.5
12570.3
31529.8
16046.3
33744
21547.4
22203
24507.8
12162.4
16506.1
15214.3
39885.7
8869.92
9294.96
18126.8
30480.8
24578
27168.1
6947.36
39075.9
13197.5
22195.8
34639.7
11044.5
21423.4
5847.28
20792.3
10284.2
35704.4
24719.4
19261.3
17268.5
8968.48
25225
21928.3
13577.5
26319.7
11351
37445.8
13853.7
35797.4
12672
20323.2
18160.6
28504.6
31863.6
27041.2
16751.2
27427.1
7811.04
12941.7
13722.7
13328.6
33406.2
41570.1
9111.44
22295.1
18571.4
36188.7
13757.8
43548.2
23176.2
12337.7
22186.7
32533.6
31024.7
12884.4
21164.5
22232.2
13365.3
11624.5
17671.6
14903.4
13215.1
24023.3
15538.8
33924.5
42147.7
15958.2
34551.8
51584.1
21908.7
6436.8
9058.72
16708
22506.6
13196.2
15619.5
28146.6
20167
37337.4
32048.4
13359
12978.2
30916.4
26734.7
13005.4
11299.6
22296.7
15789.4
16073.4
12905.4
16460.5
26375.4
13825.7
25369.4
15412.1
16342
17259
10148.6
25789.9
31025.8
27577.8
19216.7
18453
24383.9
17372
13868.7
24146.3
17158.2
15928.2
15389.3
20340.3
10986.1
15469
16669.8
16388.5
16002.6
19020.1
7571.84
11663.8
7636.08
12256.1
21213.7
24013.8
26424.4
34155.4
15454.1
20566.9
40505.9
43552.3
21467.6
10039.4
27663.4
23193.2
19631
27845.3
34167.7
38359
26222.2
18102.9
36393
20286.3
17594.6
5679.44
14131.4
17823.7
24476.6
30859
23394.2
7461.52
13451.6
10183.2
18477.8
40027.7
14966.6
12381.5
16977.2
6281.68
18401.8
18004.2
25263.1
29317.8
35360.2
8705.28
35891.7
12402.2
11574.6
10345
17441.3
22325.4
11815.4
10581
27204.7
16996.1
31231.6
22686.2
17930.6
17760.7
8675.76
23068.5
25394.2
25447.2
32445.3
24413.1
26934.4
12299.2
16996.6
18788.2
37273.8
14383.9
18302
20295.6
13729.4
16954.8
21707.8
19486.1
19226.6
10955.3
11042.4
8077.68
4944.32
23903.2
16601
11201.2
12926.5
31076.4
23239.1
20513
17636.3
14417.5
40564.7
18950.2
10167
6720.72
13378.3
23965.4
20984.9
15987.2
20568.5
6521.2
23590.6
21596.7
29580
17161.6
32631.4
15382
14705.4
23096.3
18031
15024.6
18653.9
17052.2
18228.7
21085.5
23361.8
29196.2
19122.1
13374.1
26901
32822.2
14170.4
19130.3
35270.2
31687.6
25204.1
8592.72
33753.2
22995.2
27590.6
30983.4
23002.5
29470.7
16893.2
31840.6
20067.7
13111.8
12785.9
10988.3
20640.3
36497.9
14602.2
15536.1
12725.4
18638.1
19752.9
17394.6
29820.2
21374.6
23156.9
33952.7
29441.5
19025.8
18112.1
32931.3
21517.4
14965.3
24493.4
13959.7
45676.7
14648.9
11347.5
19543.6
26339.1
30442.6
27536.1
27100.6
13084
10921.9
42131.8
8512.88
19866.8
14165
7959.84
20967.2
22078.2
7727.6
11467
29439
25755.9
14082.4
22355.3
12493.4
15550.2
10421
18448.7
8394.32
20361.5
22981.5
31663.8
14205.4
8974.8
14498.2
16678.6
25125.9
13305.5
22865.5
26855
7114.24
25628.9
9448.8
18355
23801.5
10883.2
21037.9
9921.04
42645.5
12447.6
35555.5
21942.2
31204.2
14950.6
14213.5
9233.04
17864.6
20601.1
21372.6
17103.3
23572
15112.2
25498.1
8259.12
8063.92
23660.3
16479.7
12064.5
10298.1
10971.7
12718
8591.2
43216.4
18511.6
14063.5
16149.8
28616
41376.9
10303.3
14008.1
12481
38462.9
22855.5
9804.72
20951.1
27395.6
30110.5
18309.7
19080.1
14731.4
23172.5
28595.4
19764.4
11129.3
13643.5
26867
13677.2
13014.6
29138.6
35150.1
21209.8
14599.2
17626.1
6104.16
13661.3
20715.9
32127.8
18767.4
23829.7
9733.84
9647.2
21113.8
24472.3
15542.6
33525
6773.92
12349.5
6461.2
37696.6
26444.5
27317.8
11493
32829.6
9174.32
28883.6
14239.8
10703
18327.3
28798.6
34108.6
20951.2
13709.6
18074.6
28155
28082.6
19724.6
12935.1
43441.7
31113
20480.2
24500.9
32747.6
21741.5
21940.7
45167.8
23590.3
26696.2
39099.9
25920.6
23516.1
22498.2
20374.4
27287.6
26643.4
20943
18519.1
17384.1
17219.6
16297.2
21266.2
48139.9
16328.6
47820.2
15881.4
24854.9
10880.8
23572.4
20034.3
28990.1
26745.9
34468.8
20360.7
11648.8
34050.3
18505
17104.4
11933.9
21607.6
9271.6
39302.3
23874.1
45866.6
21073.1
18415.6
13607.1
27443.2
36850.9
33236.3
19240.6
29520.4
19038.4
22244.3
33659.5
35215.6
25523.8
25935.4
29957.3
22770.8
13320.6
27983.4
28407.9
12158.8
11819.7
26471
33608
14956.4
9692.48
28487
16236.5
8208.24
33407.7
22101.7
11680.7
14545.8
23993
13011.2
20864
27240.2
13237.1
12275.9
12872.1
11777
25840.5
29018.2
14569.3
22062.5
14807
13350.8
13519.7
17685.8
15871.7
14635.2
47967.2
8282.4
9827.28
18012
19105.2
5211.92
20198.6
19085.8
12507.3
26280.6
15551.3
10761.9
26064.2
6046
16746.6
14967.4
7240.64
8389.92
9778.8
11770.6
20913.5
13057.5
28092.3
16521.4
7968.64
11606.7
23517
27977
12095.1
6492.32
8963.76
11542.1
20015.4
9906.64
14732.6
14593.5
18176.4
7952.08
16099.3
21654.4
24181.5
38349.9
17093.5
21993.8
30488.8
4018.8
25420.8
27981.5
47103.3
37295.5
8113.52
29255.6
22396.6
19063.9
17211.8
24922.4
6701.6
9215.76
21799.6
16278.5
17740
11700.2
21049.4
6886.16
5482.08
16594.1
19526.6
14478.3
6204.64
17015.6
9625.76
13751
14323.5
16185.1
14961.8
28962.6
15401.8
15155.2
39861.8
12625.5
13940.1
40729.4
19172.1
25527.1
14521.3
18685.8
21374.6
16249.1
16334.6
24941.7
32952.8
21507.8
19589.5
6094.24
24066.6
10773.4
28889.9
24168.7
28190.1
31071.2
11936.9
25857.8
20965.8
14983.7
17653
20875.4
13362.2
19198.6
17858.8
15666.8
22575
17750.2
10198.9
5447.2
14117.9
13647.8
35433.5
18519.4
20828.6
29260.2
7458.8
11503.4
16419.4
24713
11172.8
48574.8
17613.4
14521
19914.5
10659.4
23059.2
22282.4
25965.4
19496.9
15208.7
22581.4
15321.4
23926.6
9049.84
6176
22907.2
23175.1
7061.28
5156
17905.2
12591.5
8339.68
24144.6
18504.7
25015.4
15567.2
28087.3
12490.6
18663.8
9062.24
8596.16
10976.3
10369.3
25960.9
13840.5
24556.5
21470.6
15960.9
14905.2
20112.2
31543.8
7666.72
7393.52
25768.9
23939.4
15498.4
14882
10746.8
14075.8
22242.3
24242.8
12928.4
29822.4
15880.7
26592.2
14799.5
14103.2
7852.72
12293.3
30209.2
11664.2
23915.2
9731.84
9663.44
9559.84
5491.36
18544.7
26217.3
17508.2
7184.96
33545.7
17159.6
18373.1
20031
9828.16
11316.2
17522.9
16140.8
11126.2
5252.64
16262
20200.7
36395.4
13409.1
13563.9
16921.3
8473.2
12948.6
19039.7
36626
22269.4
7873.12
6872.72
23089.8
27757.4
17262.6
30162
15442.9
37908.3
10123.6
12643.8
16195.7
26212.4
18564.4
17597
18119.4
14321.4
15438.8
26554.6
19585.4
14923.7
26031
22456.2
27383.9
12779.6
30203
20663.4
34290.3
33659.4
22869.8
15644.9
46496.6
34540.6
16471.8
27931
28322.9
19662.8
36719.4
32109.1
39199.4
28128.6
20343.4
44745.5
37947.3
11974.2
50875.2
21178.2
16002.1
31402.4
9190.48
25330
16513.3
24688.2
42662.4
18419.6
16392.9
19193.2
24287.1
37717.1
38268.2
13544.2
21568.8
13118.6
6732.56
14014.1
20360.7
18855.5
6967.6
21227.4
13301.3
17155.2
20543.5
7581.76
18839.4
6236.08
12475.7
21049.7
8833.28
26627.4
29588.6
41083.5
27586.8
15515.4
22785.8
10848.9
20188
26324.6
14456.2
16686.3
17315.8
22710.6
16721.7
8790.24
31726.8
23194.8
8406.08
38025.3
38133.7
14044.3
10770
24403.5
26911
9381.6
53248.4
12290.2
12561.6
13617.4
12425.4
19994.7
26832
21349
16107.9
16704.3
14652.4
9817.84
38568.2
10331.1
24485
10229.8
13754.8
12561
29730.3
12655.3
20342.1
36117
16274
25011.1
22082.2
11906
27376.8
17051
26059.8
7885.44
9992.72
19535.6
26026.2
18470.2
20446.2
23989.6
16324.7
9713.6
25080.2
12631.9
12828.8
18546.3
25592.2
11797.4
9202
21423.9
26640.6
11393.4
7139.6
21174.2
7526.08
18029.1
11684.1
21067.2
30783.2
12469.8
16666
11405.1
4743.44
36355.4
6982.64
26314.2
16645.8
15936.8
14566.9
17559.8
28251.8
30720.6
13053.3
23837.7
28415
7576.32
11053.7
31717.6
10520
10752.6
28215.8
12623.3
14537.5
30142.6
10002.8
11137
11348.5
15203
15542.8
24867.6
18861.1
24563.8
8950.64
15349
15476.9
20492.2
29720.1
12363
38008
12008.2
9097.44
22301.8
31647.9
26519.9
7623.04
18263.3
7885.2
31184.6
22382.4
23602.4
31597.2
20548.2
6446.72
14548.6
36822.1
17334.3
12787.5
30312.9
13005
4384
19330.9
13639.4
16817
36258.7
10268.5
31351.4
21801.5
15463.8
17128.5
25031.1
10417.1
7114
10219.3
39215.9
21370.9
19865.5
21750
31791.4
22645.9
14300.6
16128.2
24345.4
28196.6
9214.56
35662.7
23516.4
30312.6
27577.4
14047.8
16281
16429.4
16881.4
31195.6
10716.8
14652.3
21220.5
3193.12
21328.2
13178.2
28876
24659.7
25249.8
30360.6
30676.4
36607.6
25873.2
18798.1
19839.8
27505
19998.1
22913.4
22201.1
21917.7
19023.6
23446
40201.9
32620
27511.9
25495.4
10467
43413.8
12558.6
11487.4
15146
16520.8
16386.2
27517.8
19006.2
46902.7
15031.8
28165.8
21525.8
13210
20435.4
21711.4
18986.8
10640.6
27492.2
28178.6
17039.3
17253.7
35585
5537.92
22022.7
16466
25979.4
13733.5
26662.6
12292.6
19265.1
37833.8
21098.9
13295
34544.6
9639.04
53437.6
25146
19357.8
18174.6
10352.2
21946.8
28016.4
43380.7
23829.8
22442.9
21430.1
26141.8
19350.1
17127.1
21870.6
19315
32553.4
29422.5
14737.4
11790.1
15127.7
18677.9
22251.5
24588.4
16338.4
24580.2
14095
40584.5
16475.6
19625.3
30732
12319.2
21700.2
14001.6
32453.7
13485.7
24953.2
15399.6
21889.3
24183
16568.7
10995.8
31284.8
18365.1
34024.5
27191.8
8496.88
28945
37420.4
17089.4
30952.6
8784.32
19314.5
27070.3
43898.7
29418.3
28512.8
9960.64
43848.4
37739.7
37499.1
24459.8
22682.2
14186.5
15645.3
21338.8
33430.7
50331.5
14791.9
33513.8
36456.9
34715.3
25542.2
42453.8
22114.2
18133.5
17802.7
8387.04
18933.9
16858.2
31941.6
22429.4
23342.7
15183.7
27985.6
20233.8
10569.5
16006.3
28425
16856.1
31845.8
30915.7
15168.8
15565.8
32248.2
30866
24604.6
12383.1
16110.2
25941.7
28039.5
6955.2
24846.5
28964.2
37757.1
28376.6
18563.9
25892.9
20640.6
24475.1
8555.68
27686.7
14028.7
14973.4
14451.9
15624.7
25766.1
23487.4
14882.1
15344.9
9294.96
16610.7
10814.6
15728.8
10315.8
7943.36
4708.88
10849
23768.6
8338.96
24174.8
14447.6
15732.2
20168.1
8434.16
25101.3
13854.1
17692.1
8441.04
17643.7
6564.88
4690.88
20901.4
35650.7
21526.2
32844.3
20333.3
7068.64
9063.2
22530.5
15367.2
9617.12
6629.36
35222
41180.5
14384.9
13133.3
7914.56
20896.6
28413.5
8593.28
15630.4
12948.9
26541
14184.2
6612.4
24816.9
13070
12272.5
18635
16505.6
36005.7
31483.6
21429.7
25950.2
26378.6
17713
17811.8
24202.4
19608.8
42811.2
35845.3
11379
15696.3
18823.4
25435
30276
24198.7
27724.7
19847.3
14333.4
18783.2
26023.3
11626.1
38336
26140
10932.1
11058
14653.1
23829.8
26967.2
12107
25866.6
32694.4
8512.72
17159.1
24556
19454.5
10223.5
9930.72
33796.6
20226.6
21661.3
21585.6
9164.72
33850.8
11921.2
34681.8
22974.2
11674.6
11347.9
42090.2
23227.5
33402.5
29632.2
12540.6
15002.8
23794.2
23876.6
12463.4
34044.7
18471.8
15851.8
17870.7
17085
52681.2
9601.84
20540.4
10440.8
14579
24178.2
14283.1
35390.2
18100.2
25565.4
31304.9
32714.6
18323.9
32922.1
19899.9
24315.8
13515.5
15296.6
18372
17134.6
27759
17554.2
29713.8
21668.9
22747
26592.8
20707.3
11770.1
26370.4
27229.6
51234.8
21659.1
15913.6
18000.8
14846.8
32848.6
39939.1
16191.4
29704.6
19312.4
14346.2
18377.5
28271.3
31118.2
9691.52
40049.4
22040.5
19025.8
30113.8
32764.6
20442.9
20468.2
16431
17264
23986.3
10197.1
32715
14956.2
20390.1
25945.4
28941.6
32540.2
19948.2
41289.5
33006.7
16871.1
9282.32
9398
17358.9
11821.1
18372.5
28182.6
39877.7
9930.4
8280
10593.2
48475.9
22955.5
11282.4
35455.8
31797.3
9690.56
10657.4
20664.7
8636
21666.2
24615.5
35284.8
14366.8
16478.4
67996.5
20916.6
12517.4
15501.4
29483.5
10684.9
18473.4
15510.4
15985.4
22269
15823.8
42145
32705.6
8533.68
21775.6
33062.5
9165.36
22354.9
22184.8
18505.8
25819
15421.6
40703.6
29341.3
29262.6
16320
33157.4
36931.8
32032
30635.9
23347.8
20595.4
24744.3
32130.7
18098
30377
23662.6
47080.7
19161
16547.8
16018.4
15013.2
17983.5
25203.8
30264.3
14363.1
38554.2
9506.4
23639.3
35631
24404.6
19520.1
18507
14716.4
25427.7
10946.5
40963.8
27528.6
20377.7
15274.2
8360.4
25189.4
8485.6
9457.36
32069.7
13398.2
22855
20520.2
20109.6
18580.8
20528
11464.2
27057
17297.3
11148.2
28238.6
13071.7
16785.8
26202.9
26286.4
38787.1
25819.7
12519
10128.5
46072.1
46177.5
34434.7
33109.8
15242.2
19353.6
14939.6
20608.5
28843.4
29122.2
23408.6
14015.7
14644.6
10541.5
24751.5
46963.7
20965.2
26084.6
21105.6
32487.7
22807.8
20512.7
20273.3
29916.9
20281.8
28962
21912.3
26818.8
26106.2
35370.9
22653.2
11221.9
32062.6
37939.3
22536.9
24248.4
24574.9
10770.1
37206.9
16641.4
19535.6
22387
15871.6
16712.3
34629
12486.9
6224.88
9497.52
12387.1
24928.6
31185.8
34365.4
29768
11099.5
31572.6
24646.3
8972.32
16624.5
36000.4
16774.4
33533.4
24569.2
24167.7
21922.1
15576.5
14415.3
28855
13111
12465.8
16648.1
11278.6
37476.4
20104.7
21727.7
16893.2
23989
19659.6
11339.2
29600.2
18681.1
31859.4
16864.6
9961.28
16971
46959.4
13181.8
10880.2
28774.1
33722.2
9368.88
9059.28
15971.1
6840.96
14826.6
17051.4
18960.2
38957
38567
18195.9
17499.8
6618.88
10498.7
12692.2
24969.1
25743.8
30392.5
29219.8
11391
16571.1
16875.9
19202.1
16714
20068.2
17376.4
9174.08
15079.1
14823
17247
5906.56
10070.4
11330.4
25043.8
16653.8
12712.6
12952.6
10400.5
23388.8
16977.5
9258.48
21536.8
11496
14763.2
17514.7
18604.2
9218
17152.1
12691
20495.3
19126.2
14753.7
16577.4
15230.9
24641.3
10713.1
20033.8
6574.8
14676.4
8133.44
23848.6
20434.2
26733.7
23620.5
19353.8
10439.4
12013
15447.5
23360.7
34266.8
31363.5
46081.6
4763.52
19948.7
18016.4
5225.52
14706.7
51255.8
17391.2
24849
15047.7
27585.4
17698.2
20629
10694.5
31818
15739.4
16446.1
14804.6
17703.4
30843.1
8406.48
35270.3
21351.4
32268.4
19890.2
9692.16
19437.9
24790.7
23554
21856.3
23922.3
29501.6
32715.1
14157.7
19005.8
19142.3
26673.3
21283.1
16432.2
23735.4
25274.2
29434.6
13176.3
14468.8
31773
20328.7
27328.4
25541.3
16474.1
20419.5
28837.8
18978.1
9779.04
23837.5
13032.7
16503.6
10949.4
32824.9
27741.6
12735.3
26401.4
18783.5
18227.8
29550.6
7557.76
20353.4
29591.8
8981.76
28502.6
13796.7
12366.7
22008.4
18543
64125.5
21570
7800.48
44008
7606.56
32652.6
30542.3
14250.2
18936.6
31163.6
14095.8
23344.7
25948.1
10551.7
28301
18979.6
12996.1
19809
47949
35960
35651.8
35457.3
9083.76
18993.1
31645.4
19551.3
12253.2
18721.9
16727.6
12387.5
18519.8
22596.3
13342.2
34777.4
16611.4
22636.9
24500.2
12529.4
16652.7
38908.8
27587.8
21948.9
16413.7
24714.8
24471.8
18626
25961.5
34923.2
15086.6
37227.4
19537.1
14273.9
21185.3
30433.2
19573.9
14472.2
13402.6
19502.2
12549.2
10674
25142.2
26302.6
36781.8
24700.3
14290.2
30264.2
18443.3
22085.2
41877.4
13474.9
14646.4
23455.1
22645.3
38204.4
18217.2
19201.8
20898.6
42036.2
41965.9
28548.7
23191.5
39643.2
19012.4
21647.4
30858.2
18348.4
27388.6
23791.3
19718.9
20120.8
56367.4
22583.8
18541.1
12479
21493.9
19072
26129.2
16903.4
22679.8
34548.2
18973.3
36716.6
26061.4
14455.3
25579.1
26464.2
16166.5
30767.2
18741.7
30201.8
13505.1
22036.6
17247.4
15458.5
32502.9
28320.2
26848.3
20405.7
30219.1
11316.6
20281.6
17968.8
36469.6
17359.7
24845.4
10150.3
25694.1
36179.9
9714.24
13400.2
44429
23271.8
16226.2
19404.2
19761.4
8464.56
22667.7
22722.5
31847.4
8659.6
23254.3
14823.4
16232.2
35170.1
18285.8
27194.6
41217.9
9384.24
36248.7
19777
44775.9
46851.1
29199
22316.2
35474.3
22747.6
24053.5
26281.5
39092.9
22229.6
30078.6
18634.9
24027.9
14789.6
40610.6
19011.4
20361.7
15309.4
27063
40553.3
35805.9
16910.5
17110.3
12875.4
23116.7
29651.7
30078.2
33506
22878.2
14925
17669.6
7533.92
32997.3
14256.3
25817.4
7905.04
4115.44
18605.5
30093.7
21204.6
7919.76
18931.8
51211.1
21119.2
10470.5
24802.6
4396.64
16177.1
17792.5
15322.4
14668
8324.08
15890.6
36780.2
17606
23533.9
23685.1
25081.2
11293
12224.9
16533
14084.7
33643.4
19667
7252.16
11030.6
10702.6
22489.8
26797.9
26020.9
20729.6
22148.4
12456.7
34751.8
20667.2
16057.2
8755.04
16328.4
12977
20686.8
10935.8
21256.2
26823.6
8636.16
17767.5
16740.2
34895.4
34998.1
30446.2
31627.8
7367.12
15523.8
45290.6
18282.8
15229.7
62325.1
12627.3
26626
21926.6
27784.9
21906.9
20856.5
37028.2
39922.8
15036.1
12824.6
28107.9
22277.9
48067.5
34158.4
22243.9
23033
21687.5
13677
13278.2
34414
14643.6
7562.96
14069.7
15633.1
21554.8
13402.6
17411.6
26743.1
12293.8
14987.8
13678.2
32093.1
13346.5
22458.6
22324.6
8313.2
19457
25759.4
19450
28707
32335.1
8252
13310.2
17952.8
21698.6
8356.32
30681.7
27732.1
32346.9
30939.8
26257.7
16591.4
29911.8
30204
40851.9
20437.3
13249.6
6902.56
18351
37990.3
22198.8
9241.28
29560
16105.8
17466
22852
20705
12265.4
15486.7
46727.8
21490.3
19645.4
17347.3
31066.2
20433.4
39211.8
28806.7
23489
44119.4
17044.6
27298.6
34348.1
19053.7
46023.6
35992
19395.4
28461.3
27384
24376.4
6894.8
22713.8
25123.9
15027
28878.4
26514.7
13299.4
30010.8
32937.4
20757.6
9247.68
8294
16375.8
33771.4
14648.9
33109.4
19512.2
9457.68
28626.4
17575.5
43810.5
13500.1
7523.76
9876.8
19697.6
18628.8
21486.4
27872.8
13059.1
13439.3
8563.04
11294.2
19358.1
17727.5
16815.5
13738.2
15918.3
24434.6
11909.8
6077.28
19634.8
14966.8
40735.2
13153.3
17127.6
28574.1
28411.2
18867.1
12630.3
12268.4
25312.4
18043.6
27041.4
31841
22748.7
18888.9
45381.8
27499.9
15821.3
30009.8
32431.3
22217.5
13996.2
27280.6
63397
9395.04
17042.6
26540.8
11171
8747.6
44674.4
20394.5
32866.4
18977.8
19234.2
39398.8
13530.1
8684.24
28674.4
48512.2
27078.8
29931.8
17354.9
16183.6
19223
31942.6
44671.8
23326.2
13675.6
16733.8
23890.6
28193.4
21284.1
21110.2
30985.7
19736.4
25192.2
31786.5
31239.8
38074.6
22842.3
21649
23346.2
18969.7
31905
35003.7
36177.3
25597
8757.44
15347.6
34914.2
19769.2
29676.2
46803.8
18266.4
24258.6
11223
24935.2
28850.2
8793.2
29726.5
17959.6
19529.3
36252.9
16723.4
31315.8
30470.4
19608.7
26122.7
18104.3
18802.6
5698.16
21004.9
10247.2
15888.9
25893.4
15711.2
10408.6
52127.2
30832.2
17974.4
9394.8
31865
25381
10904.1
28185.9
12815.2
40125.8
6377.52
7989.92
16389.2
19498.7
31862.3
22186.1
33934.8
14334.3
19514.7
36947.4
23185.2
12515.9
9663.28
11297.3
8639.36
34913.3
28444.2
14097.2
19832
31233
18355.2
18329.1
20644.1
20731.9
24229.5
13013.4
5890.72
14575.8
26350.3
16816.2
9470.24
33771.4
29767.5
19198.8
15225.2
16797.2
11187.9
9023.92
11517.9
12266.3
8674.24
28115.5
21579
36681.3
17170
15449.3
20516.6
18195.8
10610.2
19183.6
24322
27796.6
19004.6
17613.8
5892.16
16789.8
22410.7
18190.5
20714.2
26609
14124.1
17647.4
17247.8
28646.2
23120
26140.6
22055
23506.4
6762.64
18107.7
10345.8
19545.8
23440
17977.4
22857.3
11721
28478.6
22285
24843.5
19497.9
27017.1
17922.7
17230.6
18074.1
6280.72
24346.9
15291.8
19315.6
10270.7
8627.44
35137
16656.4
20162.4
33935.6
26910.6
26789.7
22645.7
28166.2
28620.3
19742
29069.2
9148.08
10876.5
10167.8
30786.4
13487.8
18894.1
21869.1
18580.6
24164.2
7097.44
22315.6
14740.4
12649
21229.3
15349
13979.8
20221.4
17466.4
18395.6
20730.2
11533.7
19879.2
28955.4
25126.4
15143.1
11067
15687.2
33912.1
13016.6
21995.2
18244.9
22871
29496.8
12670.7
22869.2
37702.2
24861.8
22287.1
20380.6
21074.8
25872.9
15636.6
17200
16885.2
27795
15692.6
22660.6
6412.56
24253.6
12535.8
9729.84
22002.3
18346.2
25190.3
12694
11262.4
32069.8
25048.6
23534
20313.9
17977.2
26224.8
27797.9
23908.6
18762.6
18986.6
12424.1
24779.8
6503.68
27259.7
55121
17849.4
13214.9
11434.6
19301.6
33980.7
18377.2
22114.6
47005
33778.6
15152.2
17101.7
36323.3
19445.8
26052.6
13243.8
12075.2
19160.5
22200.1
29959.1
25063.4
19134.7
31785.4
23519
35652.3
34832.4
15405.6
12084.5
19792.1
13912.5
18694.6
29023.1
16609.7
24406.1
33552.6
24162.5
18600
6720.16
21911.4
27960.2
7308.24
15778.1
26053.4
33169.3
23585.4
20929.3
19328.5
10067
26024.6
9344.24
15761.8
15749.9
19860.5
24771.9
21484.3
32489.1
8069.04
15790.2
22482.2
16509.7
28218.9
24379.9
9969.84
13711.9
23375.8
31269.6
8003.68
28783.8
26389
7628.88
22229.2
18960
15233.4
36059.4
16219.4
19235.8
9728.32
28898.1
21497.4
16368.6
14040.2
16795.1
45112.5
20027
9218.16
10589.5
16429.6
19621
16790.7
33698.4
22238.2
12924.6
11913.6
16921.6
29231.9
30198.8
18437.5
9994.16
20580
20156.7
26782.8
21278
21278.6
15736.2
10536.3
24071
12395.6
16099
24580.4
10090.1
14069
23569.5
43039
7237.2
25578.9
14479.9
16457.5
25655.6
51407.1
30388.6
14473.8
15427.2
15327.4
14439.2
17851.8
40809.8
20615.8
18069
35041.8
7494.72
29953.7
12522.6
26979.8
19785.4
17729.2
4739.12
15871.6
18640.3
17248.6
39953.4
11297
13434.6
40214.6
18525.7
22631.2
37270.6
34778.7
16936.4
22617.2
20368.8
16449.9
33306.4
25366.6
19773
27311
20257.5
34821.7
23109.3
39047.8
23447.1
20580.2
19037.3
45619.7
22652
13228.3
17228.8
28974.2
28072.4
15829.1
19001.5
18281.8
12215.8
15290.7
25706.5
34844.2
12867.2
23446.4
30971
24874.1
36008.8
19447.8
24062.2
20341.5
12739.5
9880.16
18805.4
27310.6
14209.2
15556.3
40409.4
17406.3
24217.1
20389.2
24114.5
17110.2
16676.2
7755.6
16992.2
14853.4
7499.52
16005.2
10801.9
20709.9
12851.5
36280.7
20736.3
19250
6302
8852.72
27309.4
21550.3
14368.7
15889.8
20877.6
23234.9
26350.2
21270.5
25472.2
9111.84
23365.3
13444.7
33822.7
25727.8
10198.7
51339.5
18347.2
29496.1
17961
25590.1
16851
31173.4
25205
21155.4
18110
36148.6
20664.3
12122
28340.3
7153.52
11927
16520.2
10970.6
24866.7
26392.9
16252.7
15262
5443.44
16920.9
29601.8
16616
24029.8
27059.4
16657.5
24688.2
34953
47625
24457.6
19051.8
18568.2
10758.4
26222.8
22989
24156.7
16244.8
7957.68
8084.16
13315.8
14369.7
30304.4
18186.6
18703.1
8582.16
33143.8
28670.5
33107.7
12402.2
6137.44
22227.1
21109.4
24375.3
24713.4
37555.7
26028
34812.2
26125.2
12725.1
28865
27394.6
29051
48464.5
26837.8
36595.5
29632.2
14932.7
17611.1
35662.8
21244.6
15447.2
31017.6
23553.2
26613
12169
18938.8
35891
30231
7254.88
20106.6
26845.8
15653.8
31259.4
20110.6
26707.4
24206.7
20884.2
8205.76
26948.2
26302.4
42657.4
35153.8
14412.1
14527.4
21139.2
17663.5
37798.1
30817.8
13461.9
16565.2
19693.3
11080.7
35036.3
50326.2
23626.9
16582.6
18484.5
12275
20232.8
18117.3
10919.4
11694
12046
22798.7
17384.8
32913.9
7237.04
19616.5
8174.48
28449.6
18283.6
6688.4
13675.4
34658.6
29943.8
8645.12
11114.5
38173.3
20346.2
12234.3
25981.6
31645.2
28626.9
23995
11714.3
6607.76
7206.32
30890.9
24071.4
34004.6
24705.5
9150.24
7087.68
16486.8
22980.6
16448.2
27337.3
18527.5
8517.84
16817.8
10201
10236.8
23595.5
22557.1
18969.2
9431.76
29520.3
26217
30931
35901.7
11340.2
30008.7
10844.2
8004.08
13678.6
13017.8
15191.1
15292.7
32385.1
36472.6
31951
14379.1
23890
19954.4
11346.2
11428.6
25143.6
35991.2
26863.9
29329.4
26609.4
27260.5
15872.5
6956.08
38896.4
11025.7
22758.7
23025.8
17087.1
30713.4
29888.2
24414.2
19755.2
28063.5
32794.2
18970.6
16414.3
27816.9
12976.1
19916.7
16858.2
22485.4
22833.8
15425
14882.9
18287.1
25578.7
12096.5
20052.2
13938.9
25230
14163.4
7723.12
11063.4
21169.5
36793.8
26852.3
32896.3
24888.8
17932.4
31171.1
20180.6
18288.3
24834.9
23565.3
20307.4
17343.2
22146.6
23267
17734.3
20905
12982.8
39603.4
15426.2
23235.1
50350.8
8443.52
9576.08
14610.2
18676.5
47330.4
22330.3
40447.6
15650
17502.8
10759.9
31976.6
24948.2
43688.3
9794
21657.3
16448.3
18961.1
11704.2
28324.3
39816.2
26456.6
27113.7
11246.3
8361.6
36448.2
14756.4
26196.4
14035.9
31003.1
6667.44
25759
27807.3
13859.4
14732.6
8602.8
17190.2
14392.4
12859.3
27997.4
18414.1
21666.6
16656.4
18534.5
11502.8
7886.88
9558.16
20723.1
15114.6
32810.9
4757.84
28529.1
18435
28474.6
13912.2
14724.7
15619.5
17409
22751.8
23505
16187.9
12083.3
13518.2
15887
20219.8
19108.1
10173.4
21559.8
11491.3
9523.44
11842.1
42277.2
18041.8
7215.92
14501.8
23284.2
10667.6
25503.7
8342.88
18095.3
13543.7
31543.3
27070.7
20307
19582.9
13854.3
17747.1
18648.7
21668.9
36569
27049
24411.1
20234.6
26777.8
24137.1
22195.7
20267.3
31341.6
22186.6
22493
16619
40408.7
30978.3
22128.6
15426.9
16321.2
9529.68
17260.2
47225.8
27352
26847.9
14953.4
33928.3
18808.6
24508
18098.1
38267.5
37202
34887.2
8806
23142.3
31115.8
14128.5
35467.7
25104.3
14328.6
12140.8
12973.7
11962
15263.6
39131.6
19146.6
15879
19875.8
16955.7
21870
34419.3
7898.56
26574.6
22348.4
22864.9
7485.44
11029.1
20023.9
31495.2
27145.8
11121.9
30157
12531
12675.8
29212.3
9533.68
13587.3
26792
31327.9
18287.5
15299.4
12567.8
17976.4
11114.6
12825
8143.76
26329.4
13962.6
9701.76
27709
8010.48
11543.8
14433.3
23872.2
33902.4
21191
9240.16
19975.3
14771.1
43182.4
13325.8
22978.3
17686.9
12542.9
21506.3
12754.2
12087
41547.5
11112.4
37894.8
20293.4
14857.2
23639
24671.6
20492.5
39242.5
13254
24264.8
14793.7
29649.8
19996.6
27186.5
9795.52
11626.8
53613.8
23170.6
11602.4
29252.2
29117.6
30599.6
23149.8
32093.5
28287.2
14278.3
24058.1
25723.8
33375.4
63379.3
35648.8
10612.6
14216.6
16720.5
21002.6
24393.7
12613.4
12426
31601.2
11536.6
18970.1
24123
13316.1
20852.3
29744.2
19800.2
20981.2
35285.4
13949.5
20061.8
15242.3
18812.6
20676.2
11689.8
12965
21681
11149.5
10061.3
28305.7
28214.4
17492.2
6742.4
18549.5
30960.8
12413.3
13951.5
44898.8
6810.88
28244.6
10439.4
14410
41364.9
16674.5
29692.8
26818.3
18705
20052.8
41664.1
17373.8
10711.4
34429.8
13533.4
10916.4
9445.44
32496.2
13400.6
19077.8
35066.3
29970.5
8713.68
7786.96
24527.4
26299.2
18842.5
24327.8
10177.3
9018.08
24301
34778.7
26872.3
16944.2
13832.3
9325.04
13149.8
13593.7
11555.2
26203.1
14772.4
14739.6
17534.9
16166.2
28607.4
14448.4
15695.3
8551.68
34889.9
12900.4
22675.1
28784.5
9198.56
26595.5
7454.72
21174.6
26103
5721.92
27549.9
9686.48
9864.64
22113.5
11921.9
20213.6
17210.2
11874.4
11041.5
10398.1
17689.3
20554.6
9204.08
16735.9
11067.4
17791.5
10191.8
21233.7
22115.1
20104.6
7890.64
15387
14519.5
14747
23940.2
12750.6
9096.16
11542.6
13179.7
21650
27230.6
30295.7
15167.3
29612.6
10024.2
15635.6
21492.8
13796.8
22551.8
25027.9
21326
15776.3
22267.4
27630.2
14516.8
18636
10504.4
11895.7
23497
20017.4
19112
28649
26686.7
16139.6
18282.6
15519.6
33396.2
36105.3
25940
32458.5
41809.4
15801.7
16307.4
20101.5
13879.7
19277.8
20977.4
42668.2
30828.7
23944.6
16124.7
12167.4
22703.7
27524.4
29609.3
10349
15067.4
29226.1
16500.5
15414.6
17637.7
37197.3
29230.6
19892.7
21857.5
11990.2
36979.8
27340.3
28120.2
16157.8
21075
22986.5
28985.4
25020.7
26248.5
21794.3
18683.4
20138
36779.8
11699.2
12246.4
17758.3
22245.8
8301.36
13312.3
21973.6
45742.5
23076.5
25438.6
16006.6
21427.8
21412.1
30606.8
19696.4
21479
16288
12824.2
8735.04
19712
29903.2
20689.2
16061
10312.9
12738.4
15688.8
24583
16405.9
30121.9
22557.3
14294.3
11455.9
35289.7
19611.6
34875.4
16476.3
19614.3
29421
13344.5
17933
23868.1
11613.3
27559.4
16746.5
34046.2
17495.4
7972.88
13033.6
9880.56
11162.2
20352.7
17103.7
18313.5
11649.1
21484.1
38644.3
18607
18585
51970.7
6988.08
30329.9
12226.6
32674.2
23155.8
37208.6
14452
6892.96
26799.5
26990.8
14536.8
42132.7
21381.4
17536.4
15688.9
25934.4
25973.4
32901.1
15617.4
33680.4
21585.9
16382.6
13059.3
33589.8
29737
28269.9
6501.92
13143.7
34919
14528.9
27900.6
18706.8
25795.2
18518
15498.7
22146.7
27368.5
21267.1
26163
14942.6
30923.9
28589
24486.2
28962.8
18842.6
11387
22097.3
20094.6
18275.3
16570.2
28858.9
20281
20402.5
17569.8
24983.1
11146.2
19939.8
25065.7
31062.3
13492.4
5392.64
24807.7
9069.2
27372.8
18892
12619.6
23535.4
16050.8
16415.7
26278.5
19538
27001.7
10865.2
14313.1
20864.8
23650.4
10780.3
47156.7
26724
19430.7
14289.6
14772.8
19810.3
27471
30607.8
23891.7
17188.6
56318.3
10001.5
11521.3
27511.3
12901.8
15188.5
24131.7
15610.3
28578
27344.4
15864.8
10717.7
24494.2
28231.9
15540.1
34344.7
37382.6
34707
35320.8
33449.4
28558.5
10385
13153
20744.2
17990.1
25266.6
32742.6
7907.76
20704.8
6703.52
6188.24
32680.1
15277.8
22372
45393.4
5069.2
23226.5
14155.6
22481.5
21924.8
21023.7
24144
27148.4
9358.08
40597.9
8831.28
12430.9
19659.8
18895.5
24931.6
13532.5
16436.1
11404.5
9085.04
17670.6
16295.5
16563.4
17381.8
8397.44
27044.7
13631.5
18707.3
23473.3
16165.5
11103.7
8869.28
25117.4
8894.48
13198.5
15146.6
15315.8
17799.2
15651.5
13268.7
22030.4
11993
7496.72
13168.8
19215
20945.6
19920.4
12660.9
16046.9
12061.6
17700.8
7618.8
7647.84
26919.8
16545.9
11980.5
31041.2
16546.2
32462.2
31634.2
25886.7
5019.84
26793.5
11800.5
11641.4
17319.7
21113.8
31180.9
31803.4
13323.1
24360.8
18523
18447.6
35465.6
31398
11577.8
27804
6283.04
17681.4
23201
23835.8
30944.6
21511
35951.3
22694
29854
8305.52
12348.2
14416.2
15676.5
30715.5
21705
19972.4
20326.1
30092.1
15350.2
19519.4
16099.4
17563.7
38017.6
21825.9
21964.9
24272.7
16276.3
10495.3
15933.5
17986.6
19054.8
26774.2
16781.8
13614.9
34775.7
17006.3
22146.1
17595.2
8913.12
25502.6
35027.9
9717.6
7507.92
8894.4
13079.4
23235.5
19264.8
11586.6
18939
16895.8
17182.2
24044.8
19127
8659.84
16467.4
48355.9
14258.6
10448.6
18159.2
37811
9274.56
23323.4
23923.6
32562.9
42223.8
12957.2
24042.2
10035.4
13390.6
11084.6
9467.6
27752.9
18472.8
5826.56
7502.08
25631
7652.64
23994.9
30150.5
24919.9
15211.2
22028.1
14786.3
33766.5
17388.2
15390.1
13191.9
20820.4
10211.4
24150
10141.1
40229
13915.3
25028.8
11731.9
30745.1
28972.3
10370.8
8872.8
37801.5
19901
46872
18047.5
18488.3
20303.3
20969.6
13404.8
20343.5
17220.6
25504.3
33756.5
14445.8
18140.2
13498.6
30035.4
17030.8
35096.3
17676.6
16670.6
11419.5
21166.2
18246.4
14467
28085.6
17799.7
9297.92
12848.8
17714.1
16503.8
27121.8
26788.6
16556.7
26502.4
47997.4
19178.5
30000
11885.8
21779.2
29237.8
35399
24483.7
23556.6
16088.6
29248.2
26614.7
22538.2
39969.6
15832.6
14795
37269.1
29086.6
25338.7
22275
19140.3
19286.2
33833
16833.1
18220.6
9522.72
32139.8
21550.2
33909.6
26092.2
18103
22513.8
13493
56014.4
55624.1
27782.6
22073.5
24240.3
23768.9
12701
15051.4
30046.2
21580.2
21933.5
10950.1
20357.6
17944.5
17386
12721.6
19133.1
16815
13686.2
10623.8
24140.4
22558.5
22019.9
6812.56
27047.5
24434.1
5735.92
27117.9
8265.6
34674.4
26418
29058.1
42753.1
24260.4
36691.8
23699
12351.3
21959
22163.2
14880.6
26640.1
64961.4
14602.3
10780.6
11346.5
21432.2
16550.6
16008.6
23776.8
20795.4
20673.6
25199.6
23587.2
28827.4
8470.88
21048.5
22360.5
14717
10157.4
48327.8
21020.9
19676.2
27274.1
23399.8
17617.1
15022.6
11115.7
16446.7
8362.56
11651.8
31441.4
20939.8
39478.1
33737.8
13710.9
14886.1
38226.1
23563
23365.4
21914.5
19263.1
16473.6
16622.6
23866.9
27104.2
48965.1
17067.6
17822.7
24222.3
25895.9
34502.1
20688.6
12227.3
19583
22791.7
17365
13461.4
20382
8003.36
29914.8
10775.5
19425.4
11790.6
17702.7
30080.5
21416.5
7487.52
22999.9
22976.1
33230.8
15754.8
5912.08
37209.7
29936.3
27864.7
13574.2
22919.8
15672.9
27178
28367.9
40574.2
28957.1
28729.6
17661.7
18540.9
36862.9
16916.1
12239.4
18433.8
17657.5
13634.6
10892.2
21695.1
25653.5
18799.4
21174.2
12020.2
33031.4
19862.4
29500
22823.3
13762.5
30527.4
19514.7
28108.5
29837.1
23055.8
18608.5
12257.9
4103.84
15376
11000.2
22043.2
20214.4
16318.6
25092
18898.5
12192.6
29447.8
19859
9738.48
32179.1
16221.4
28317.4
15985.2
9808.96
22149
36403.7
25996.2
22689.1
15292.6
15067.4
23274.3
18457.4
22472
11761.3
15738.4
6443.68
16322.4
8562.16
30900.3
23405
18090.2
18389.6
13591.2
9248.08
19906.2
17396.6
15349.2
34521.6
52134.7
27282.7
19904.3
16754.4
40900
39855.8
24521.8
17121.5
28948.6
16636.7
21381
27355
30320.4
14427.2
41932
17175.6
34844.3
30366.6
18602.6
24854.8
19713.4
34876.8
25709.3
19295.1
27185.1
10935
13657.4
29375.9
31231.8
17741.2
28672.5
28705.8
12954.1
16480.2
27937.7
23918.4
36490.3
25113.8
28538.7
21907.1
10765.5
34583.2
12172.7
30931.8
32523.2
16309.9
23756.5
33720.6
18420.6
13314.8
27511.8
14952.5
18936.2
14650.1
30442.3
27482.6
29032.7
19990.1
13286.8
6526.88
12404.1
32956.2
17748.6
19504.6
26388.1
29039.4
22093.5
27059
7791.12
25742.1
22738.7
16403.8
24325.1
15953.4
9666.64
27679.8
15622.7
11793.8
23816.7
12973.1
14007.1
16718
11884.9
13005
28633.8
13443
15731
37933.6
34806.6
14342.4
12176.1
26039.1
20387.9
34742.8
43295.8
10858.6
18424.6
11684.3
34919.1
14843.1
27705.8
14469.2
36103
35395
22889.7
13372.7
17295.2
11217.6
25850.6
27446.6
10912.8
21638.6
8345.36
13352.2
16730.5
34296.7
39117
21948.5
16068.8
19961.2
28823.2
34375.1
18034.9
19999.3
16736.3
24316.5
27842.2
44133.2
25113.8
11204
15766.1
35707.5
31644.6
29247
16781.8
9703.6
19469
14615.2
20177.9
20512.6
11127.1
8227.52
16296.9
4093.68
32451.8
13441.9
19529.7
10109.8
7861.52
20852.4
21210.9
25603.8
23237.4
9808.96
20086.2
13310.4
16237.4
20817.6
19003.1
29116.4
24710.6
24383.4
8941.76
18635.3
47552.6
29399.7
24255.5
19444.3
31054.5
15844.3
31932.9
18895.9
13909.7
24287.2
30164.9
16987.7
18230.8
16001.2
21856.8
21609.7
22095.8
25918.6
7979.2
30005.4
28489.2
14826.2
28423.3
17403.8
21730.2
32289
14402.8
54204.3
17653.4
26458.6
12478.3
11239.2
15961.4
25007
25918.9
21157
18612.7
22737.5
23793.2
12774.2
22368.1
32987.8
36020.3
9318.8
18101.1
11023.8
30470.8
16781.7
33082.1
31708.6
19865.8
21793
19905.4
22017
32384.1
29137.4
18212.5
39523
24753.6
33067
17828.8
16296.4
25677.4
26779.3
30171.4
13091.3
21374.2
18193
12753
25804.6
42036
24960.1
22276
25835.8
24653.1
29859.8
31600.4
36970.2
36300.3
16389.3
29422.7
16788.7
18004.7
28756.9
36534.9
17456.7
14170.8
25233.8
21673.9
14617.2
13687.3
25162.2
27113.3
22072.8
10215.9
23813.2
29850.5
18865.4
29992.6
16762.1
9673.52
23087.7
25119.4
9392.48
11445
16502.1
11841
13842.4
25158
10891.2
15303.4
34422.8
20283.8
10015.2
20991.7
24661.1
17563.8
15804.1
26555.7
14787.4
12702
26805
13571.4
19149.5
14603.8
14382.2
33346
14850.6
36849.8
17468
33359.2
11410.9
19818.2
15222.7
20977.4
20690.2
22751.2
26823
18342.9
20490.7
42195
19357.4
26703.4
23086.4
21589
22122.4
17605
16975.9
9292.48
27519.7
38554.6
41567
29190.8
16674.1
5063.68
18064.6
8511.84
10532.8
12327.7
8957.92
23545.8
20287.9
7210.88
9721.36
16747.4
18128.9
26829.2
13956.1
7184.56
9319.6
36784.6
25689.7
14553.3
17398
20255.2
37796
16641.2
36589.8
13596.9
9059.84
12658.2
22128.3
22437.1
38389.8
31091.8
11311.2
12922.3
28443.3
32728.8
32900.9
12904.3
42575.9
24961.3
21256.3
22168.2
17829.1
44637.9
34165.2
13291.4
28916.8
26083.3
42525.1
19677.9
13806.8
21822.2
23060.2
12828.7
6586
14025.4
17415.2
13054.6
23978.9
10859.4
14533.4
12098.4
34140.9
33342.3
14254
15094.4
14763.9
18414.1
24438.4
23312.5
10468.2
9981.92
12104.5
31426.4
23745
14105
17458.9
18581.6
12780.6
6171.36
18811.1
19842.3
15859.8
6852.48
20625.3
13900.6
19701
9880.4
21104.2
8854.8
6177.68
11676.5
16481.8
25869.4
9551.68
17739.9
23986
8550.16
12086.3
17295.2
26050.2
18143
34069.8
33840.6
6306.96
27250.2
10464.2
29401.2
27500.5
15765.7
26944.4
22638.6
15663.6
18532.3
30587
32171.8
16351.9
7991.52
16539.4
12546.6
31274.8
5415.04
13120.4
16581.6
19849.9
34844.1
21048.6
6714
16944.4
19975
16683.4
9158.64
7126.48
26827.4
21431.1
29864.9
26271.1
15568.6
21724.7
34386.6
15427.4
18307.6
26365.8
24037.2
25258.3
5949.2
18225
18504.8
19233.3
18084.9
29619.2
10072.8
37351.8
20602.1
11448.4
18461.3
23843.6
16316.8
23805.9
15799.3
19933.5
10128.1
17226.4
9083.04
17902.8
14186.5
13221.1
15402.8
12195.9
20815.4
16199.5
15156.8
11726.2
27708.2
10135.7
5242.72
13042.7
18719.6
17073.8
11709
20387.7
15200.1
23336.3
22134.8
16542.5
20173.5
26834.7
11361.8
12208
8868.8
17905.4
17410.2
33243.9
26718.8
22994.4
13429.6
5913.68
31579.4
18251.2
10219.8
10127.8
12823.8
13079
18026.6
10623.4
30646.4
13815.7
30893.2
15332.8
19392.5
28052.3
16903.8
9957.44
7898.48
18397.4
14187.6
39256.4
54314.4
32761.8
28917.8
14852.5
13029.1
15441.1
18607.8
16747.7
22855.3
27651.4
33001
31691
31164.2
8847.28
29115.3
21270.3
17275.2
26639.7
35001.8
27272.6
17840.9
31418.8
21910.1
32403.5
31958.7
33945.5
10183
31905.7
20227.9
29203.7
35541.1
23961.5
26673.9
46581
17856.6
25974.2
24143.6
11682.3
28852.1
30222.7
27891
32989.6
21503.1
14036.9
18966.6
19182.4
30177.9
25069.4
15949.5
31115
10049.8
34963.4
14690.4
33729.4
43504.4
29494.6
16077.8
17214.1
26073.9
38408.1
18702.4
37585.9
27083
16866
25900.3
20956.6
29906.6
31750.9
31779.1
29009.6
33033.8
30029.7
37923
27809.8
26105
39770.8
39361.7
22361.2
13560.2
12099.6
14452.7
38247.8
38643.4
25614.6
27366.1
16095.9
21371.3
40574
18477.6
19606.2
27567
28032.1
5999.28
39657.6
15631.1
33947
21009.4
18947.3
6767.84
24136.4
18653.1
22482.1
17512.2
14664.6
21724
24751.3
25241.6
18953.5
21582.1
31709.8
10675.7
19253.7
19254.2
53219.7
11117.8
26886.9
19085
42633.5
8158.64
16083.6
30487.3
21242.1
29551
28101.3
48445.8
20760.4
25884.5
38074
13986.2
44379.9
24306.9
28885.4
26509.9
17080.2
19255.7
17405.3
14695.7
12881.8
40520.5
9118.56
4378
32222.3
18247.4
21328.9
13560.2
27862.6
31415.6
11012.4
11184.1
22461.8
9538.4
22346.5
18305.8
18553.8
17169
18049.1
12910.3
12202.6
13559.1
19490.5
16943.7
25249
16478.9
11289.5
10877
9351.28
22723.7
17536.8
20039.4
19888.2
34709.8
27322.6
21011.4
17717.6
7843.44
11103.9
8455.52
19100.9
42953.6
20618.8
24309.8
8758.64
10832.4
22998.6
9351.92
15085
12981.4
12490.8
13937.8
14662.3
10196.9
16586.7
14120.8
22268.5
13589.8
24975
16874.9
17855
23200.6
15275.3
6411.44
27743.9
20241.6
22323.3
18107
26812.5
18428
10831.4
23491.9
8969.52
22623.8
18157.1
11885.8
27116.7
23816.2
30260.2
29018.2
24813.3
35996.8
9804.24
13865.6
34010.8
29602.7
20094.7
26234.6
17752.6
10712.5
11344.9
26400.8
17994.7
21729.3
11530.2
13241.2
24819.9
16817.8
16565.3
6423.52
13545.7
11632.3
19198.7
17816
12139.5
23039
10791.2
23648.2
16826.9
13241.8
32745.4
28002.6
20393
7021.84
23674.1
4823.12
29889.1
10609.6
13339
15544.1
7229.2
5362.24
27922.4
37422
15526.9
24263.9
8214.32
8461.84
14142.2
17481.8
15513
25366.4
14440.3
9115.84
9333.68
9924.24
19471.1
17577.7
25966.4
16037.4
8151.84
24805.8
23699.9
19508.1
13009.7
7800.48
15792.6
41787.4
32664.1
17055.9
20039.8
16725.8
11652.5
16116.4
29725
12448.2
28905.1
25441
14096.2
11708.9
18587.8
65764.9
9661.84
13124.1
23365.7
37351.1
9641.2
23613.8
12503.5
23776.8
17459.8
43490.6
26583.2
11710.8
29342.4
31101.2
23566.9
47116.2
46682.2
21947.9
19191.9
35103.6
26966.4
11995
29775.5
22656.3
17110
12546.6
26553.3
23391.4
21952.1
42667.4
22723.9
34242
20921.7
8347.68
18721.8
17902.6
22424.2
15565.8
22159.4
23435.8
11966.5
13308.2
12279
17796.1
20186.6
29959.4
20422.9
14896.1
28328.1
8507.36
13248.1
33952.9
11750.8
43055.3
12955.7
36316.6
13801.4
11487.1
12268.2
31285.2
30133
33653.5
8108.64
20742.2
49992.3
12615.8
24041.8
18084
17130.1
20703.9
27711
32782.7
29270.5
15324.2
31474.3
23464
23223.8
22231.6
15383.4
21588.7
10447.3
13109.4
19949.4
12727
12654.3
45663.8
11133.5
42537
21827.8
15566.5
19545.3
24753.6
13744.8
35565.6
33224.8
7380.56
13237.4
27225.8
23469.4
9743.92
18535
27234.8
13499.4
11300.6
13258.6
16479.3
32683.5
31022.7
32715.8
25815.4
6307.2
9378.48
17360.3
62029.5
11610.1
45270.6
24062
24398.6
9733.6
21847.7
26829.5
19340.2
9781.92
9321.52
12548.3
24369.8
20156.5
21201.7
32522
24489.7
34628.6
11102.7
11392.8
30122.6
32691.8
9747.52
23135.9
23771.3
21813.1
27642.3
16031.5
31803.8
27606.2
11841.6
29209
23726.1
11533.2
34821
8534.96
43243.2
33438
9430.8
41161.6
16719.5
35659
7694.96
22180.1
8780.16
24067.4
22592.6
29990.6
28249.8
21536.6
30959.2
73830.6
27954.4
16572.8
15515.9
14380.2
24542.3
26679.3
45406.1
18105.3
10746.9
23351.3
18230.7
18779.8
40402.7
33241.3
26380.7
14971.9
30228.6
15098.2
34576.2
63483
26666.5
26135.4
28835.4
19791.6
18251.6
26523.5
37911.5
26578.2
49804.5
23454.9
14563.1
30269
45814.2
27438.4
47492.3
47715.7
30709.1
29699.4
26623.8
14291.5
34816.3
29681.1
22596.7
31354.8
43735.4
50241.1
21409.5
22368.9
27518.4
36332.2
28855.4
22938.1
16372.3
27520.3
42442.5
18867
27154.7
23147.8
25616.6
30760
19967.7
13635.3
15717.1
27116.1
45998
17558.4
15083.9
39355.7
10118
31821.5
16034.6
17583.1
17192.6
13696.1
24298.3
40225.8
28022
16478.8
25898.2
16722.1
11862.9
11351.3
30191.6
19331
20278.7
38619.9
33307.9
16737.9
14093.9
24963.3
10841.4
41505.2
58090.6
24924.1
23746.2
19491
10858.4
26328.2
15091.4
15737.6
27926.1
12050.7
26862.8
29641.5
20769.5
37067.4
9535.2
20993.7
21759
31288.6
27913.4
7803.92
15665.6
14014.2
14900.5
42452.7
23234
16233
17788.7
16055.8
19418.6
12035.7
17920
27314.1
27256.1
16171.9
12825.7
22456.2
17640.9
11069
17624.3
21237.3
18034.8
19703.7
15897
18760.5
23187.5
15573.6
7159.68
21758.2
12688.3
13613.2
28299.2
18098.6
22435.4
22106.5
19455.8
21472.5
12898.2
23788.2
45967.6
23120.2
18347.4
15155.8
10198.6
23954.6
22559.5
24525.5
21741.6
23013.3
22373.8
19997.4
27818
24543.7
18282.1
13891.7
21265.7
16452.8
11054.3
19133
35045.4
27848.7
14942.6
25962.1
24040.9
32629.9
15961.4
16748.7
16701.4
18697.3
37397.5
21276.7
9053.04
65409.7
11193.1
8007.52
32668.4
15303.5
26039.6
17370.5
20438
17748.9
16903.8
32678.9
23591
8787.12
31720.1
20933.2
31396.3
15131.5
22004.8
19649.4
18393.7
31972.3
12401
21314.2
27761.8
14874.4
8790.96
21309.2
27480.5
11721.1
30743.9
25503.1
32367.3
10528.4
35193.6
26712.4
26918.5
17855.7
27889.5
15773.2
10589.1
15729.8
29360.4
17840.6
31218
15996.8
10635.3
31688.2
19115
30214.2
28647.7
26423
36893.8
33363.5
15493
12738.9
15914.7
22334.2
23805.9
19305.7
21375.4
13213.3
30177.9
9536.72
20912.6
18503.7
19464.8
11421.8
28437.3
19172.4
18373
25775.7
14149.4
23609.8
42749.4
23594.2
10723.7
21828
23163.8
23881.4
28347.3
25241.4
14243.7
31095.1
33586.4
28007.3
16304
23721.4
15398.9
40890.4
6913.12
16921.4
29968.8
23555.1
25578.4
7716.88
9416.64
47883
15532
17067.8
20114.9
5106.32
11524.9
17606.9
15763.6
35502.6
25645
18890.2
12531.5
21225.2
22085
17311.5
22425.5
23986.9
22417.1
11989.5
11830.2
27471.8
24332.9
24848.1
18113.4
14693.4
11825.6
19950.3
11697.5
21019.2
12253.2
10674.8
20317.4
23330.6
23614.5
24277.4
11638.8
19952.8
9518.24
11594.6
12623
26362.1
15495.2
10953.7
20607.8
22880.2
15540.3
36515.7
42175.9
8662.32
12459.8
25840.9
42577.8
26933.6
18025.7
20794.5
13298.5
15536
9266.16
38027.4
24404.6
8668.88
23072.1
14906.5
28782.3
9763.84
32185.8
27801
17896.1
14745.4
34924.2
22842.3
26908.5
22090.5
13887.9
34573
14803.3
25683.6
24538.2
25081.8
11530
21054.6
29444.2
4891.04
18213.5
18405.9
14744.6
19360.4
22396.2
14353.8
26380.8
21350.7
30818.1
33316.7
36580.8
14530.9
20496.5
26230.9
53427.7
21646.8
28730.2
23710.5
29968
20346.6
15136
42892.7
26789
19092.4
21354.4
28919.2
27202.6
17905.4
18743.1
29651.5
27202.6
17228.2
31677
15407.4
17942
29415.7
12465.3
16400.1
22920.6
13064.3
25595.5
13883.5
7024.4
5779.6
23768.6
18454.3
11828.5
31091.1
35112.1
25298
8986.08
39637.4
20318.3
31398.2
16591.1
23272.9
8946.64
35149.9
37202.3
40958.4
25207.2
11283.4
39252.9
18841.8
12576.6
19866.6
26581.3
17047.8
20313.4
12369.4
19346.2
22218.7
36268
14036.9
13794.5
25980
28322.2
28149.5
61834.9
18841.5
25027.4
23471.1
33469.5
20465.8
19561.7
22100.7
28299
35239.8
23474.7
22582.8
18333.4
17184.7
13018.7
25951.7
51224.5
10202.9
12835.4
24179.3
16259.1
49745.8
11517.3
17382.8
35083
24227.2
13555.1
16263.1
7614.8
28452.6
19242.1
15708.9
15529.5
11752
9999.2
34102.6
50656.5
37569.1
29377.5
42384.5
24182.5
22033
29223
15475
35505.6
15800
43903.6
31133.7
13307.8
10646.1
34080.2
27975.6
25989.8
25782
21468.9
19780.1
19545.8
32624.9
21280.9
22588.1
7322.8
33860
14067
15973.5
41789.6
26939.2
34532
8193.76
4055.04
15110.7
13267.7
16676.1
45364.5
9751.28
15524.3
25017.4
14792.5
26312
38140.7
15571.5
22413.3
16315.7
29613.5
15546.4
22001.3
22153.4
8392.24
12441.2
20322.7
27276.8
40920.2
15503.2
20199.1
12307.4
18996.4
35007.6
31361
10173.4
14793
16526.2
19923.4
27210.4
20689.8
19127.9
31246.8
18969.4
14192.4
28483
8030.64
19827.6
17641
16892.3
16814.2
15013
24383.4
15908
10134
33432.2
16513.4
14888.2
18733.4
28108.6
10579.8
32335.4
16966.2
12947.7
11395.8
27640.3
10330.9
25467.6
33203.3
10308.9
33884.2
32218.1
30446.1
19410
22765.5
4552
24173
10382.8
24540
19223.9
31640.3
18529.9
16049.5
21023.4
39267
21576.3
12089.4
14217.2
21748.6
11142.4
9885.36
45135.8
23681.2
23467.2
30286.3
18940.2
14296.3
17063.3
23308.4
14190.1
7011.6
26252.7
5370.56
17784.9
17377.2
16524.4
37564.9
13053.8
31240.9
16457
19031.7
32311.8
29821.4
10726
27062.7
16315.6
8977.52
13357.6
42647.8
29123
9097.6
20987
19037
8474.56
14516.7
25008.8
29369.9
17834.2
25692.5
13564.7
15531.7
11811.8
16398.6
17961.2
44695
27961.3
1368.88
26038.5
13666.3
45163.2
22213.6
8509.6
14534.2
12207.8
13462.2
16763.7
18958.2
33001
14044.6
20361.1
8893.28
18435.8
20673.2
16535.3
35302.2
26567.8
16096.1
19407
6597.84
7646.24
13909
24573.4
25568.9
14667
8437.12
7826.32
12374.6
17165.2
10468.2
12349.2
22384.6
15183.4
15510
20814.3
20230.8
19844.1
28179.5
37928.5
8436.64
6875.2
10784.2
11493
10160.2
15404
19346.6
17922.1
21706.7
11837.3
12395.8
38969.4
24015.5
8581.36
21824.7
30981.8
7667.44
21666.3
12098.2
8691.6
21099.8
20026.4
25285.1
20820.6
30965.2
6839.92
19911.7
15981.9
14798.7
23677.9
30629.9
6683.92
12476.1
25727
29097.4
4908.16
16806.6
22203.4
5620.96
16750.5
15354.8
28736.2
27545.8
19168.6
19922.6
11998.9
6069.36
17112.4
17247.4
18675.3
40893.9
15323
16449.7
16678.9
28358.7
13477.8
23715.9
17681.9
38551.7
26719.3
18150.6
12459.1
25035.1
31347.4
20193.2
22680.1
8717.2
19744
19400.3
25275
23701.1
12570.1
28703.6
26768.2
19294.9
23072.6
14102.9
26109.8
27907.2
22348.6
21115.2
27353.8
38679.9
15018.3
20049.6
7445.52
19458.1
15023.8
15542.9
26793.5
23986.1
16706.7
25830
8460.8
10315
15816.1
17970.4
21973
23109.6
18730.5
17488.6
22554.6
21544.7
12526.2
11980.6
17575.7
25413.2
21896.3
16858.3
9843.84
16250.1
14783.4
31575
23988.2
23066.2
24202.4
10871.5
15488.2
11411.8
27448.7
49372.3
9420.64
26950.1
13233.8
12028.6
24208
27022.6
13635.4
23494.2
15329.9
16997.8
43400.6
15574.7
17941.8
19440.5
7501.52
12946.9
34491
24259.1
31471.4
27686.3
19826.2
15719.5
13941.7
9268.8
13388.4
19116.2
17920.2
13549.1
11802.1
40644.2
16327.5
19405
14960.3
16078.5
24644
20229.3
19725.2
16422.8
21988.3
13509.7
30148.3
14140.1
25287.9
13021.8
21741.8
20684.6
14655
29275.2
24114.8
11015.1
28013.8
20598.3
12550.4
19691
9372.32
16268.8
12371.4
35692.2
22827.9
8671.36
16615.2
20762.2
11117.8
27133.8
20305.4
11467.5
12232.2
28485.7
22209.8
7690.96
13106
10122.4
11223.8
3781.92
18286.2
20912.4
8264.32
23053
19866.1
44913.8
12131.3
9770.96
15109.8
20166.1
24326.5
26226.2
25430.5
16851.4
32911.8
9089.52
33045.3
19759.3
15116.5
12427
27414.5
18995.8
32529.8
23678.6
12501
9258.08
12899
19752.4
13295
19305.3
10411.9
15753.3
8993.2
21349.7
31121.3
12376
36090
19121.8
10649.8
13701.1
5470.96
10411.4
34019
22216.8
22910
21184.6
7899.12
10472.2
14988.7
10630.1
33640.6
14244.6
19703.2
19455
9426.56
38765
20939.4
18038.2
25279.1
25023.1
12805.7
13511.2
8419.6
35350.7
14309.8
44311
9000.64
35109.4
14070.5
17715
11956.2
18445
43198.2
27953
38055.3
8215.6
7841.36
19344.3
41248.6
18076.7
22321.5
16515.7
31137.8
14182.2
19328.6
11613
14474.9
16274.7
13658.7
22555.4
14047.9
16893.2
26511.4
13080.5
11427.3
43531.9
12808.6
5202.72
14072.2
33331.1
36617
16031
11293.8
16234.6
28649.7
24767.8
16347.7
12072.6
36277
32714
26551.8
41246.5
13828.6
19583
10233.2
9676.32
27265.1
20974.9
21496.3
18037.6
27363.6
23852.3
23697.8
40603
21586.6
26453.5
34133.7
15039.1
14048
42900.9
16753.6
36689.9
6475.2
23505.7
18057.8
35509.8
34396.3
23083
19999.9
22107.8
17009.7
25435.7
29644
19751.3
19048.7
15839.7
11773.8
18316.5
10407.3
20362.2
16131.4
23016
17543.8
8202.96
26854.2
16582.2
22707
12306.6
12978.1
11526.6
15042
9301.44
12308.9
12772.6
27574.4
13617.5
24407.3
25845.8
4742.08
11942.6
12569.8
15952.4
22825
16978.2
11553.5
11386.4
15654.9
35024.4
29903.4
18835.5
20964.7
17205.7
19164.6
23496.2
24429.2
40019.9
17724.1
11522.3
16257.8
15247.2
9430.08
18686.9
24555.6
20665.3
41566
15503.5
18666.8
18264.2
14622.9
15118.1
18689.3
20093.6
10909.3
8550
19624.8
19561.8
26891.1
15641
19727.5
16905
10565.8
13162.8
15733.4
7327.92
26485.7
34921.8
22279.3
18836.5
16214.3
34272.6
8663.44
10348.3
18730.9
26002.1
24845.8
26483.1
27397.6
14219.2
53459.8
27567.9
26664.8
16653.8
9160.32
15950
44183.3
44166.5
33388.8
11872.5
9163.12
17784
8953.2
22398.6
19220.3
35763.8
13577.4
22265.5
9571.28
12718.5
16282.4
10054.9
21065.1
26539.4
6536.56
20349.7
22506.6
10385
8388.64
29262.7
13341.2
6572.32
25208.7
23379.8
22508.8
22595
7938.56
21202.5
12452.4
14511.6
11592.1
8149.84
6525.44
13731
13328.6
23230.5
11403.9
7245.2
20892.8
17570.6
23444.2
15820.6
7439.28
15629.2
25127
9574.08
17011.3
28996.2
27099.6
21788.2
11497.8
11234
34191.9
20557.3
9820.64
25526.4
16462.9
11996.8
23046.8
28443.4
42343.8
19878.3
20746.6
19142.3
8396
18434.8
30213.8
24875.2
14507.3
16910.7
18401.8
17199.4
15864.8
28550.6
16652.8
20957
12082.7
31988.7
22042.6
11410.7
22226.1
22064.2
22603
23504.2
17519.8
17464.7
11864.4
19244.2
8835.84
14799.7
13341.8
21070.3
8375.12
18906.1
12446.2
13451.4
14186.7
4850.4
4770.4
27080.3
14653.8
38804.1
29881.7
3247.2
27454.2
12552.3
29764.6
26440.7
14510.5
13671.6
13534.8
17509.1
14725.8
32175
13460.6
7688.56
10312.1
8844.16
42550
17081.8
19154.5
35021.4
7009.12
27209.2
35338.2
8628.4
18379.7
25119.2
23932.4
15144
9722.16
15542.2
22162.2
8758.8
14741.8
25593.2
9570.56
29562.1
30158.6
32989.8
18407.5
17330.3
10075.4
22474.6
4036.48
23140.1
11513.8
7690.96
21281.7
15466.7
12853.8
19591.1
15800.8
22585.4
8895.76
16134.4
32242.1
14630.5
20816.4
10868.2
22368.9
21886.4
19007
18071
4154.96
19639.5
14859.6
7271.84
40564.6
28204
13694.6
34559.5
9517.12
8369.84
27295.9
9518.24
14600.7
24249.1
31007.2
32608.8
16944.6
25676.6
17753
26067.2
16063.8
12940.1
42332.3
12571.6
25589.7
9035.76
21870.4
15241.4
10019
16599
10362.9
34497
21755.8
21099.8
24856.9
6263.04
18316.2
15869
11489.7
8945.04
23892.5
10390
11150.3
15073.7
17698.1
12408.2
7773.04
13393.5
16729.7
23312.7
4775.04
14078.8
10146.9
14374.6
26530.6
26639
16501.8
22216.5
11818.5
26906.5
9459.6
48560.9
21585.8
7774.48
22526.8
17566.8
12522.2
8341.28
7077.6
16847
15950.2
11877.7
10979.8
23550.4
10123
33927.3
17126.2
5292.16
11769.4
18592.8
36713.7
22654.2
38839.1
32077.8
11128.1
17542.9
22313
11846.3
7372.48
16421.5
23675.8
13602.2
25365.6
17156.4
6590.4
17074.2
17649.4
10224.3
17575.4
12852.1
9277.68
26595.2
21358.8
8648.88
20686.4
13074.6
15633.3
29764.6
33805.4
11081.1
11194.2
5244.16
16581.9
16671.1
11034.9
14309.6
10238
22075.1
25642.9
5568.96
27562.2
15051.6
26448.7
28343
14171.9
9784.64
10881.7
11309.3
31207.2
21160
16543.3
37036.2
16093.8
14373.6
15280.8
14673.5
10455.1
30572.6
28616.7
30668.1
30336.3
21423.6
29475.9
35370.8
16018.6
20827.7
19448.2
13931
15652.8
20276.2
25494.3
20192.5
33708.8
38151.2
19297.4
19327.5
22487.6
17210.7
44263.6
17609.1
20858.7
11179.4
8346.72
35012.2
34991.8
12335
12625.6
24855.4
8165.68
16458.5
23270.2
27691.3
41417.4
20329
17534.6
21485.8
37953.3
34628.6
19426.6
22234.6
12223
18866.6
20552.8
34018.2
53315.4
7562.72
22242.2
16324.1
12611.4
15998.6
49085
24549
15979.4
7328.64
20378.5
16249.1
24734.6
12825.4
21040.2
10591.6
11645.8
10353.8
49254.6
34335.9
24154.5
8647.2
22436.6
24424.2
22334.1
17065.4
24480.2
31235.9
18715.4
8243.92
10684.5
23129.9
30968.4
23423.6
38778.6
28456.4
19263
7092.64
19193.8
26312
21077.9
18063.4
35804.9
14372.5
15627.1
14153.5
35129.6
23873.5
8154.88
19066.2
19270.6
16004.4
16208.4
22683.9
18919.6
21326.2
16116.2
11555
11374.4
26051.9
14555.5
21176.2
7515.6
16275
17409.4
28721.5
24926.8
27346.1
11410.4
8302.16
37334.9
18828.8
33571.8
64024.1
19748.9
19333.5
11812.5
24897.3
49346.4
38395.2
20193.4
16018.1
24578
24693.8
24911.7
11151.2
14614.9
42303.7
21073.9
30657.4
29995.7
12486.6
8650.16
12643.6
8887.84
27334.5
24072.2
29742.1
25132.2
12061.4
19032.6
13414.4
30041.5
10435.4
35193.4
18433.3
31125.4
22344.8
16375
22674.2
28670.8
13679.4
25301.8
25027.7
17897.9
17230.9
22551.7
16000.4
24658.2
13258.5
15406.9
14865.7
21850.7
15358.1
29553.5
20669.5
27280.7
16886.2
10177.8
21823.3
11114.7
21290.2
11891.5
22254.9
11135.2
19480.9
16965
12909.5
15680.4
9438.48
23193.8
27865
26039.4
9699.12
11633.2
17187.5
13705
14614.4
20740
32811.8
15736.8
13618.6
27944.6
9255.6
18631.4
30850.5
9886
15766.2
18535.5
22201
24209
15820.2
3604.08
15488.6
7625.84
19122.2
19542.7
12586.8
16576.8
23866.2
12524.3
11954.1
13363.9
11490.6
19138.2
34875.4
23447.6
20172.8
23414.9
11723.8
11478.3
22820.7
51742.8
23379.8
24019.4
18577.2
32232.2
14747.1
29677.1
28488.2
18882.2
25179.1
23324.5
31239.7
10068.1
18270.6
33218.8
34699.4
16773.3
49956.2
43177.8
19434.8
40647.8
21969.9
13959.3
26721.6
34790.2
27282.2
32238.6
6851.92
9844.64
18643.8
27922.5
65059.4
30237.8
32906.7
28805.4
14069.6
30920.1
26704.8
38413.7
29869.8
29604.5
29659.6
18523.9
13018.7
26247.3
19328.6
7182.72
15947.8
11346.6
28342.5
31170.8
24722.7
24739.8
22740.2
28671.5
14632
42078.6
24415.4
13622.6
17501.5
19199.3
29285.7
16801.7
17076.6
25930.1
37345.3
22164.1
12631.6
13761.2
36631.7
25878.1
15677.6
21831.5
23346.9
22908.2
34252
22070.2
11830.2
37097.1
13542.2
17852.8
22167.4
18666.2
28782.2
26677.1
9874.64
11225.4
9146.4
39096.4
10707.3
12902.9
29854.2
5805.6
9035.04
63057.8
16638.3
37521.4
24102.2
13443.8
25714.2
15987.4
13594.4
34069.7
27232.2
28493.6
33230.2
23559.1
10182.6
56786.1
9701.6
11093.8
12806.6
49933.9
15201.2
15065.5
8808.56
17774.5
11856
22033.4
38295.4
19958.8
17923.7
6158.72
14035.4
9541.04
23405.6
42616.6
8934.16
19663.3
37439
26733.3
26273.4
26167
10188.6
26198.1
35868.6
21923.4
42738
25084.5
15013.1
9475.2
19941.5
7115.12
26564.2
25280
16230.6
20738.2
17970.4
30570.3
31611.5
23830.8
13990.4
21400.4
37912.8
38313.5
38953.8
18492.8
28465
18078
22267.9
29054.3
37096.2
25938.9
16852.2
11125.6
12954.6
36189.2
30342.6
7372
6474.48
26737.8
23956.1
14985
21344.6
22902.9
10422.7
19173.9
31566
14620.2
15003
10310.9
11470
40006.2
14580.5
8298.72
29297.3
5960.56
9627.52
13362.3
14112.6
16499.8
11650.6
20830.7
22138.6
11189.2
9775.44
33197.8
35256.5
17740.9
8510.4
20473
28198
13683.6
18038.6
25560.4
24763.5
18185
9706.8
9086.72
13893.6
16615.7
3730.96
9788.4
13229.8
21556.4
35966
22156.8
19854.8
27019.8
29985.5
14733.4
19761.4
25654.9
29789.7
19047.1
18371.7
5524.88
17967.5
22022.4
28505.9
17491.7
32055.8
16274.6
12038.9
11912.1
23194.3
6043.36
44702.3
9704.48
41103.8
23363.5
20103.6
17904.1
17733.4
14776.9
23949
33776.9
9121.44
13480.6
14960.5
14385.3
22750.6
25269
12700.4
19513.5
13159.3
21419.4
28352
11853.6
26153.8
22764.4
19299.9
19175.8
4319.84
16769.8
10711.6
14567
6061.84
14969.4
17254.6
23296.3
25489.5
29966.7
21287.7
7862.64
27971.8
23223
14136.7
13202.4
32160.1
17977.3
10509.6
24982.2
12087.8
33712.6
10918.2
22232.2
10200.9
12024.7
35448.1
27838.6
11873
18420
20651.8
21105.8
17933.8
20035.9
18065
16214.9
9651.6
27111.6
21820.8
21252
12983.4
14980.2
19313.2
34525.7
28162
34233.4
16181.8
18840.8
9736.8
30885.9
15471
32945.5
26043.3
11815.9
23085.6
10567.2
39814.6
16830.3
20376.8
21269.1
13169.8
9495.2
19763.6
39695.4
18310.9
47931.4
12540.2
13991
19222.5
18193.3
14922.2
20396.5
26296.2
13741.7
16162.8
18139
17824
19150.9
14808.8
18309
8149.76
15078.3
17233.2
17935.8
5394.08
25253.8
9901.76
9307.2
11581.4
24141.9
14613.4
37498.2
12188.2
15452.7
27352.6
7260
21505.8
11332
9603.92
47481.8
16608
18044.4
17470
8083.44
24258.7
27696.6
21952.7
8683.52
25292
19296.5
44710.3
27185.3
43057.9
40165.3
12142
16238.4
16460.6
22806
12620.9
27947.8
20644.2
16611.7
19983
10477.3
34248.6
28889
9858.8
12164.1
20877.7
25698.9
21544.5
15762.2
14050.2
18139.8
5564.4
15844.6
6472
7304.24
16742.5
29121
16097.8
22307.8
21413.8
20443.4
23252.2
49000.5
21685.5
6295.2
7548.32
12035.3
21709.4
27449.8
29040.6
17760.7
24373.1
23681.4
24682.2
35317
17074.8
12814.6
13807
6715.68
56749.9
16851.5
15747
48738
13221.8
12155.8
41032.2
22644.7
25960.9
19960.6
8849.36
25711.1
30892.4
14751.4
12728.9
22387.8
20557.6
24860.7
13974.3
32787.5
16145.3
14194.3
24065.8
25557.7
31489.7
17484.3
14532.6
12060
24853.4
15137.5
34424.5
5543.52
20262.9
18729.8
29883.8
23304.6
25057
28311.6
27556.5
21319.1
14047.1
34046.3
20781.1
20134.9
27247
22168.2
28154.8
42130.1
34635.6
19528.4
31249.9
16110.8
14795
14872.6
36817.4
36483.6
40177.8
23912
23601
15602.7
10349.4
27728
10835
34768.1
28653.4
11058.5
25181.1
29994.7
22875.1
17636.2
31589.5
37146.6
17289.1
15709.1
15592.9
13531.4
22632.7
17500.9
16893.8
32811.4
11541.8
16223.1
43388.5
15571.3
37438.3
26452.5
11421.8
11681
24301.1
24967.4
30074.9
38516.7
12195.4
14991.7
13718.5
32721.6
21919.7
38340.8
44918.5
10455.2
8509.36
26842.4
13963
8877.92
23377.9
12431.9
12485.1
25554.9
8608.24
29888.4
18808.2
15353.6
16561.8
18520.1
20241.8
22047.5
16070.6
20544
17984.8
20870.9
12068
18966.8
25015.4
10593.7
18921
16643.4
18401.4
10023.1
34779.8
8175.36
7054.56
10836.2
11530.4
53318.6
15452.9
58074.6
21585.7
15087.8
16291.8
18552.4
22189
29176.6
35325.3
35369.5
12187.7
12027.4
15606.5
27593.2
15967.4
26782.5
24092.9
10233.9
16716.6
10327
16198.8
20785.4
18273.8
18881.4
14150.5
31603.3
13760.4
21611.6
7890.72
9062.16
15561.4
12298.2
11116.1
22580
14517
15341.7
10270
15714.5
16811.2
27903.8
22753.4
34749.2
13156.7
28460.7
15537.3
24501
11860
25717.5
17019.9
18039
11048.9
19265.1
16445
21816.8
16670.2
11602
5298.48
14419.3
28697.1
25902.6
14903.5
15754.6
20632.9
21498.1
22765
23606.7
33302.3
52762.7
35847.3
19026.9
27877.4
10892.4
25490.6
14359.2
19129.1
19648.6
13319
13328.8
18881.8
12087.7
14164.9
36219.5
9053.92
33970.8
15740.6
15822.2
18373.5
15899.7
24632.7
16599.8
9851.84
20154.2
6301.12
20163.8
11146.2
25380
39412.4
8339.52
35133.5
10238.2
17932
24870
21408.2
28238.6
39993.6
16475.2
14869.6
45349.6
21643.2
23104.3
15380.2
19128.2
22673.8
10645.2
34391.1
17632.9
18223
16684.6
16653.9
21485.1
23107.3
17336.9
29610.8
7653.84
18070.2
24337
24722.1
19216.9
15177
24014.4
24783.5
21137.6
12091
22496.5
23732.6
16037.6
20600
22415.3
18773.9
35424.7
9949.2
14350.5
16104.1
26993.9
14438.9
17516.9
28064.5
9306.16
30922.6
25133.7
12532.6
23143.1
9847.44
18631.1
24776.2
11920.2
19451.8
13593.8
25016.6
16952.7
17038.2
11536.3
23201.7
19408.6
11679.4
21000.8
27322.5
19975.4
22975.8
23675.2
14692.3
10087.5
11527.2
17408.6
31168.7
24476.4
27095
20397.8
19987.9
29378.8
16113.7
24703.8
42094.3
49725.5
22178.6
16343.9
9912.72
17797.8
28836.6
11826.2
17614.5
29853.8
23069.8
24826.1
14246.5
14742
11458.8
18995.6
23930.6
21615.5
18900.1
13843.8
15473
19743.9
15971.2
18127.8
41051.3
11401.1
22647.2
16936.8
14832.3
18026.2
13662.3
20312.8
32627.3
29712.6
15168.9
25323.8
15653.4
33479
36436.3
40189.8
18819.6
29197
25006.3
42315.2
20674.6
34973.1
30517
26476.4
10143.6
41477.7
13819.4
26053.8
17243.1
18784.7
24488
25260
19111.8
30991.3
17673.3
21252.2
46629.3
17724.1
25014.4
13233.4
34930
10948.7
20779.8
20182.2
42568.5
28077.8
44842.1
14783.4
25977
47998.1
27865.4
35375.8
19771.3
15472.1
17863.2
26392.6
18945
20938
23152
20011
13258.7
18128
23680
21359.8
34949.3
10182.9
37254.1
16815.4
37871
21848
18927.1
16405.1
23138
21018.1
40515.7
17932
29701
20084
21873.8
21151.6
50557.4
26504.9
33596.6
17540.4
14354.2
30517.4
20885.8
35652.2
21675.4
30724.8
13560.3
25849.2
9279.6
41501
24987.4
28144
11155.5
8854.32
26139.6
33023.5
30336.6
24045.4
23885.4
14005.1
30365.2
15108.6
12345.8
12466.5
26501.5
29376.5
17348.9
21184
18845.2
14114.5
15359.3
18874.2
26006.4
21746.7
9079.28
27938.2
16675.9
23416.2
18507.8
15378.2
9354.32
21327.4
12599.7
10832.6
26309.9
24559
21251.5
20798.7
26942.2
37581.4
18005
20443.8
21807.7
16406.8
28971.3
12903.1
29206.6
28963.7
25427.3
12848.2
19929
7911.04
25172.6
16472.2
29934
21411
14997.7
18067.5
18138.7
28450.4
14002.6
16624.4
8231.76
18450.6
21123
37527.3
38236.2
31170.3
49749.1
22433.9
17993.4
14375.9
24474.9
32764.2
41531
42195.6
37212.7
30828.4
21068
37453.8
26480.8
35128.4
25460
18379.3
33413.8
15461.3
20061.9
14980
21346.5
13968
48790.8
17376.1
38837
18191.8
20749.4
10593.1
19012.8
27960.7
19690
17036.3
25445.2
25919.9
16522.2
14751.4
25842.3
28195.7
14680.6
12886
17795.9
17041.4
30165.4
17062.2
22454.9
13783.7
17549.4
19187.8
12224.9
12790.2
40839.3
20227.1
25563.3
20264.6
26365.8
15305
27460.4
33491.8
32947.9
16343.3
19977.4
19805.5
25201
18177.6
15602.6
18276.2
13528.5
33835.8
24672.2
13355.9
19140.9
26894.2
19680.1
32147.4
15916.2
29371
21728.8
11991.5
12702.1
22244.5
9394
31400.6
26399.1
33487
29395
11140.5
17044.5
33000.4
11538.5
16777.5
18012.4
7567.2
17945.4
12900.8
21307.1
19833.9
16153.9
20774.2
30411.4
24804.2
24904
7869.52
19621.8
12255.9
23617.2
22203.5
15851.1
18249.8
22391
32771.1
23880.6
33299.4
11675.8
9442.88
29009
10773.5
23645.5
39497.4
10436.8
3998.88
21965
27005.4
36989.2
31238.8
6814.32
3818.08
17478.5
27880.4
20777.5
25535
22609
13349.4
11122.2
31668.4
16371
22879.2
22059.8
47693.4
10421.8
10031.7
37640.7
14728.4
19900.4
11738.9
12150.4
19271.1
16458.7
18459
31231.4
23225.8
20820.1
21557.5
19677.5
15156
32529.3
13959.8
23637
9021.36
20797.4
35640.6
15256.2
6514.64
11912.3
15751
15927.2
29981.6
33603.4
28844.9
38701
14678.7
20938
25402.5
17178.6
12602.6
30360
14155.3
36323.9
13171.8
13393.8
20049.5
20868.7
25050.4
23329.2
13750.7
13830.1
14068.7
11640.6
15781.9
15987.3
11762.6
19913
26071.8
14976.9
15648.2
13534.5
8463.36
39686.5
13167
26422.6
28596.2
14655.6
31191.5
15365.8
13381.1
44211.1
22269.5
8182.24
24437.7
19356.7
34548.2
53116.6
41876.1
24027.8
17705.9
17962.6
16255
25539.2
28096.5
29882.1
33734.2
23099.4
30305.8
32768.6
33655.9
22202
14504.6
24651.5
16283.2
25384.7
15511.8
31043.2
23559.8
27437
28524.7
32419.8
16907.4
16210.3
27221
15053
30444.6
30512.5
27173.2
41069
21961.8
22625.8
30531.2
15990.6
33727.4
31589.5
12357
28305.4
30640.6
20384.5
23730.6
14001.9
31489.7
25256.3
42758.4
23020.6
7538.16
23227.7
23804.6
37663.6
19491.5
21639
22498.5
29853.2
16857.3
41573.8
27562.8
8817.92
12945
20435.8
36696.9
19416.8
21596.5
12072.4
16456.8
25138.5
12997.4
23697.5
23342.9
14561.3
15122.2
8983.44
6779.04
13323.4
9449.44
13739.5
28095.8
24631.3
14474.3
12702.9
48366.9
8689.28
25000.8
20643.4
16727.4
19587.4
23257.4
27199.1
28099.4
12794
17396.4
39243.9
15758.3
19529.8
52774.6
31753.8
31315.4
29440.3
32397.1
15934.5
23021.4
9543.84
23701.6
21075
22085.4
11410.8
27583.9
18998.6
10458.2
25555.3
16247.1
19436.4
22625.7
17024.5
30799
19039.1
18192.5
14329.8
18563
18027.4
13446.7
25190.4
8233.04
7306.88
29007.3
20188.8
22240.7
19939.5
10386.6
8210.64
34283.8
12316.1
27200.8
27074
22938.6
34736.5
22616.6
17330.5
8207.28
18807.2
8718.72
10711.2
12487.1
10573.6
27672.1
12959.3
24287.6
22047.8
16979.8
20354.8
46016.5
34410
22832.1
23199.9
10408.3
26185
12969.2
19287.4
15944.2
27099.6
29022.1
18173.5
22902.3
12163.8
18882.7
12835.7
12831.7
9542.16
11944.7
13457.4
19977.1
27662.5
12174.2
24180.2
28068
19809.4
28727.9
6814.08
18044.3
14209.7
23962.6
34456.3
13460.5
8091.28
16351.6
29431.5
26935.5
24527.6
31368.2
32387.7
27188.6
7028
14189.5
19716.2
30822.9
20873.7
36265.6
42092.8
25324.2
10500.6
41509.2
12987.8
31566
16455
37083.2
25370.7
22749.7
36901.2
9314.24
30850.5
14307.4
26172.4
11749.5
6794.4
17589
18608
8146.4
15892.9
26463.7
12655.7
23816.4
14026.2
10238.2
18355.1
26876
56664.3
20663.9
13009.8
25242
33545.2
24439.6
39349.2
17986
20500.8
16474.1
36792.2
20806.2
36073
26765.4
26567.4
37348
33295.4
31139.4
26427.4
22161.3
24130.9
22741.1
11918.3
15299.4
20509.8
32509.8
19795.4
34362.1
23181.8
21861.8
15895
27548.3
32076.3
23616.2
25001.6
38135
6563.04
31655.9
13809
19248.5
39395.2
27588.3
33285.8
34328.1
17195.1
27104.8
13700.2
21970.4
15545.5
9455.28
22421
30101.2
18716.2
9713.36
17425.4
11281.2
27856.6
5978
24646.8
12033.4
12146.9
11380.3
17466.2
11355.7
18840.8
22042.2
18784.2
24548.3
29084.2
27454.1
17290.5
10479
34306.3
31115.6
9424.24
14271.9
7958.56
12455.8
14407.3
17847.8
21073.8
8398.88
28567.8
15801.7
7370.48
24875.4
14366.6
34378.8
12358.8
7625.2
19260.8
21271
10308.3
27556.2
18042.8
21101.2
12478.5
22162.7
30013.8
26135.5
42126.6
8077.76
29261.9
15843.3
9576.8
15076.7
14645.8
18535.1
19031.7
41359.4
15357.9
21117.4
15442.2
15091.2
4395.6
23269.8
20155.1
15790.9
12069.4
14801.4
10150.5
34174.7
14634.3
41336.2
24206.4
19622.8
24872.7
30649.6
13194.2
19696
37470.1
24494.6
19286
10555.9
26694.1
14212.1
23776.2
15525.1
25064.6
22523.8
15075.6
10378.2
26513.8
20961
25957.5
29125.4
10328.9
25914.6
24118.6
12048.2
13021.8
9732.64
24938.7
24698.1
6921.68
12486.5
16853.2
45534
18304.1
10507.4
7318.88
14757.2
9635.76
16284.2
20107.3
27449.4
24845.8
7047.92
5893.2
23161.5
30680.4
8800.08
21557
12627.9
15191.3
19895.6
20174.1
27896.8
15647.1
20653.2
24072
15780.8
11937.1
5910.16
10982.3
10946.5
38550.7
35373.9
22009
30523.3
14651
8873.76
14732.3
28726.2
35216.3
22678.5
19976.7
11542.1
11633.1
10789.1
13538.5
7485.76
20951.6
14914.8
14973.8
15962
21962.6
6638.56
16081.2
6357.92
52615
11202.2
7571.28
24009.8
24542.4
15233.9
20854.8
18732
16449.5
12974
12111.9
10997
18694.9
25324.6
16453.5
26101.8
16027.1
15715.8
10351.7
24339.1
17718.7
12643.8
26308.2
17610.1
16866.2
3016.64
9909.84
12073.8
31551.6
17696.2
21122.2
24142.9
8672.56
13410.6
20748
25413.9
16983
25883.6
39683.8
24289
19385.2
35431.3
10140.6
24884.8
26169.8
16845.2
11940.7
20848.6
33113.6
15568.6
18126.6
23930.9
15022
16228.2
9355.6
30941.2
16212.6
17812.5
23023.3
15793.1
9902.48
10581.4
21707.5
20757.2
23746.5
9650.88
14741.3
26711.4
13450.3
30651.9
36010.2
19174.8
16782.2
20309.8
7802.16
37050
21631.6
14197
9639.84
19704.7
6424.48
24282.4
19511.1
16930
12665.8
22113.9
19377.3
36144.1
18346.3
19834.7
15087.5
6781.2
11286.4
13481.2
7759.6
12907
16834.1
19436.4
14478
15718.4
32074.7
17870
8742.88
20219.1
12769.3
14221.4
12965.5
6482.24
10183.8
24442.6
11591.5
26470.8
5657.12
24079.2
11974.7
15259.7
7643.2
10696.1
11173
17483.4
12034.8
13976.6
14178.1
16064.2
48244.6
21899
14828.1
35375.4
17821
9796.4
26324.2
27737.4
27281
10690.3
5241.2
10593
19651.2
17081.6
10724.4
16122.8
9902
22540.3
23333.4
34995.7
15478.9
15136.9
21933.2
7754.8
19376.2
25093.9
16003.7
41608.7
7620.4
16993.8
33725.8
14595.4
10826.6
11225.4
23921.3
15013.7
25458.3
11898.2
27937.4
31788.2
16594.9
13589.8
14985.5
17205
33955.8
11719.8
27405.6
12107.2
26103.1
13354.3
12018.4
15840.4
7906.48
29878.2
19773.3
17371.4
9541.84
16917.7
33698.6
14029.1
7368.16
22382.6
11932.2
16160.2
8368.32
28143.8
28525
15437.4
14024.8
15691.1
7056.24
37161
9829.84
27954.7
30546.2
30215.9
20665
28409.8
24482.6
38894.8
20043.7
30153
12687.3
27362.8
21533.5
17475
24012.5
19172.6
25693.4
11934.4
13269.2
8227.2
7694.4
34279.5
5327.28
15545.1
13970.8
14899.2
21909.3
8236.24
11519.8
13892.2
16181.1
6347.28
9963.28
25282
27946.6
34725.6
15511
15072.4
9324.8
7712.8
10457.5
16455.8
21321.9
8926
24431.5
21308.7
43000.9
28513.7
12600.3
26530
12409
13797.1
22911.4
18023.2
6630.8
21099.8
10445.8
27199.5
13175.4
39831.4
20369.6
23931.1
7559.76
16323.8
15738.5
20846.8
28721.8
19830.9
31541
26687.5
8577.52
19180.2
27951.4
16634.3
21667
12520.4
20439.6
21355.8
9232.72
21029.4
18909.8
15911.6
14635
9551.44
13908.6
23153.1
16795.8
26279.9
12808.3
39145.2
9009.2
14653.8
35314
19509.2
18472.9
9470.32
13735
24761.8
9432.16
25969.7
49716.2
25521.8
25015.1
21144.7
8910.4
10624.9
15800.7
19225
27438.2
10919.9
15922.6
11919.7
27931.4
30532.5
22222.8
26316
28472.2
16242.7
9665.92
26493.4
20037.9
23149.4
12439.5
25763.1
27355.3
39288.2
33581.7
14602.2
29635.6
9999.36
11555.4
7923.28
32846.1
19448.9
36657.9
22462.6
39394.8
26154.9
24405.3
28011
24397.7
18731.6
24759.3
31300.6
25956.2
20681.9
12101
29087.7
22418.1
22204.2
15614.1
21661.6
15652.7
24882.4
18132.6
55792.5
11866.8
28680.6
30360.6
28518.3
20938.2
36157.5
16197.8
13185.8
26667.6
17998.6
27423.4
31446.2
37830.2
14511.2
37844.8
19309
15537.8
32171.9
19279.1
20143.1
18935.8
16814.6
36528.1
29002.7
37189.5
30287.4
20456.3
15232.6
31359
9358.56
49790.2
22570.6
12030.6
19777
22636.8
11285.3
38155.4
25743.7
32217.8
29566.6
8904.48
30200.3
22855.8
19822
13890.1
31571.6
26377.8
29830.4
18266.2
17733.3
16011.4
41795.2
18704.7
25404
16946.6
17775.4
20338.2
9854.4
10585.6
11657.4
14444.3
12834.4
12222.4
38182.3
21502.2
26592.8
19905.3
8402.4
21814.6
26339.6
20771.7
9544.4
20038.8
23160.5
27684.6
9328
25069.4
32255
13385.4
18327
29306.1
13518.8
24288.3
18678.8
28641.5
26387.7
26112.2
10027.9
26875.2
15346.6
16753
23735.8
20749.2
29208.2
18403
25569.8
25064.4
16502.2
26131.4
24075.7
20117
22412.6
14785.8
15896.7
30630.7
17074.1
22992.4
22650.7
10877.9
25913.8
33031.3
31823.6
27206.6
34262.2
15199.2
20906.3
44090.7
20171.7
20065.8
26125
11759.8
22299.4
27111.3
20046.6
14486.4
21567.4
39267.8
19809.5
20253.1
41150.3
26345.8
10541.4
22000.3
13799.8
15247.6
26392.5
24536.8
26823.2
19836
10617.4
21218.8
15657.4
22155.8
6503.44
12410.6
18726.7
11919.1
22628.6
37838
30314.8
24869.8
33079
12700.2
16369.8
19657.4
40970.6
25667.4
17352.1
42250.6
17388.7
23513.6
47492.8
14065.2
18051.4
11425.7
23764.3
28098.6
23930
33654.7
29242.9
9861.36
26237.8
12002.4
33244.5
21391.6
18050.7
30284.2
7930.96
32531.8
21708.4
20317.3
13756.6
18852.7
19095.4
25154.6
11556.3
16126.7
20176.7
37253.6
23544.2
31881.8
22044.1
13927.8
23604.6
24475.8
30078.7
11263
7621.6
24295.4
12499.4
27431
29062.2
9939.52
25539.8
46461.2
31678.5
7180.8
29961.4
38897
10005.7
15817.8
23251
19109.2
7768.48
30312.1
16405.3
20268.6
18326.4
18539.2
29562
11915.1
14408.6
33656.6
15377.1
30262.7
13312.1
28279.1
11568.8
32728.6
19432.2
31481.6
25745.3
27903
38841
39783.9
33813
49985.8
22447.7
18477
29684.6
10673.3
23882.2
41228
44568.7
13553
26440.2
19864.4
20874.5
37659.4
25775.4
15679.9
29965.8
20189.7
21431.9
24343.8
18776.9
16145.5
19032.6
10747.8
23732.9
17757.1
26245.1
19058.8
22063.4
6188.32
27389.7
24597.8
17105
26212.1
13662.2
17594.8
20251.3
18074.2
14968.9
14058.8
19047.2
58461.5
14922.5
30383.4
20351.4
29134.4
35918
17447.9
21965
24156.6
16567
9827.76
12057.7
8186.96
13101.1
27068.6
20207.8
13370.2
7632.72
20694.5
25637.4
38701.7
25427.1
20548.8
8140.8
7660.96
15535.5
31325
7755.36
19166.5
11862
8013.84
15209.4
12318.1
15041.8
19932.9
22279.4
25896.7
25488.1
17357.4
19200.5
28472.9
9929.52
5776.72
11160
8520.16
21849.2
12126.8
14083.5
6355.2
25076.6
12692.7
13897.2
36350.4
16682.2
26825.4
12612.5
20133.9
21071.9
5546.88
16495.2
12645.1
27410.2
21348.3
18348.5
6424.8
11916.6
15810.6
23759.4
8061.6
11125.8
14740.2
14248.2
8683.2
17313.6
15565.4
17576.6
21911.8
9238.16
27736.9
24233.7
4741.36
18933.8
9390.8
23078.8
20320.9
15167
26324.4
15993.8
6355.28
28610.6
10599.8
9612.16
20313
15080.6
25565.9
39146.2
14706
7735.84
7699.92
34697.7
12412.2
13059.2
20179.9
18149.2
21111.7
15582.5
22468.2
12696.1
21915
29076.2
7171.44
25873.8
16658.2
17631.4
23657.5
8532.32
21124.6
18383.8
23343
16757.4
9548.16
26647.8
22766.3
21053.2
18886.9
21456.1
31968
36104.4
33718.7
21426.6
35769.6
37977.5
13524.1
28149
21482.5
14231
35067.3
18917
13652.8
31952.4
33644.6
23819.9
12159
16747.4
17753.4
7478.56
19720.6
28631.9
17961.8
8406.64
23045.5
13230.2
27926.5
33703.7
28060.2
16161.6
31070.7
16057.4
29715.6
34851.8
10521
17549.5
12607.4
24160.4
29854.8
26005.7
32209.2
35918.9
10693
20920.1
32131.8
17406.4
18208.9
17488.2
35245.2
8263.28
26899
12272.5
13367.4
19996.1
27093.8
10949
12336
20321.2
11732.6
15239.4
25297.2
30465.1
21954.1
21272.4
12454
14827
8430.08
18489.4
29505.3
26022.2
13183.8
13970.6
20872.8
15321.8
12649.8
31325.4
31856.2
16194.7
30717
25514
21496.2
6032.64
16391.5
37442.3
21142.2
27001.2
29398.1
16377.3
21005.4
19448.5
19468.8
20577.4
16709.3
5588.64
11400.7
38621.1
44886.2
9909.84
17849.8
27894.5
14034.6
21996.3
29431.8
31321.9
21461.6
26681
24128.7
21320.5
31952.9
22768.5
18138.4
24088.9
20907.7
34985
43401.2
7054.96
23439
21979.4
27205.3
28425
26139.6
24833.4
25745.6
28999
14964.2
33322.6
34581.7
31906
14024.7
28890.2
16507.6
31332.8
9510.48
22636.1
39721.6
22512.7
26427.2
14042.2
21785.4
18020.4
20355.4
21118.6
23483.7
20160.7
51365.8
11602.6
14603.6
22797.7
31147.7
21961.9
41124.7
22273.1
24255.4
24776.2
29817.3
23058
4405.28
16242.2
25114.6
27991.5
11768.3
38378.1
31776.5
36934.5
32279.4
37526
18290.6
14489.3
18784.6
33160.5
24356.6
17230.1
19930.7
35182.2
24177.9
13629
16954.5
20415.8
21152.5
29766.1
20970.5
37939.1
19989
20726.4
13187.2
14128.2
19413.8
15080.8
24301
24544.7
31546
12835.3
29261
26230.5
17341.4
31960.8
10671.8
25159.4
26777.8
19195.3
37435.5
30844.2
33028.2
30041.1
22187.1
25456.9
17432.8
17425.6
23456.3
21195
33841.4
38591.8
19110.6
8437.92
20572.6
19854.9
14004.3
9541.44
21385.1
7045.6
15997.8
24773.8
22756
9412.08
21347.1
29158.6
28534.8
21567.8
16545.1
32100.6
34278.9
26876.6
12567.4
13192.3
30700.2
17109
35767.1
14843
24916.4
23421.2
15318.3
36157.8
9476.96
16721.7
20962.3
15609
27380.3
26922.1
14346.6
17686.5
13920
20102.8
13258.4
17410.8
14282.2
20359.4
17843.8
23435.9
7127.68
18552.2
34969.3
24571.8
11594.4
14500.6
50479.5
10067.6
19020.9
11050.7
12067.3
32445.8
33848.7
19579
27198.8
10221.8
25365.1
33742.4
21499
20401.9
13212.8
13779.8
43886.2
26325.6
12028.6
28772.1
33808.2
17803.4
14886.6
34065.3
26817.9
13823.9
22217.7
22128.2
21967.5
30423.1
37083.9
13697.3
24828.2
27380.3
24517.6
8969.76
9370.08
27754.9
18965.8
20539.4
26320.4
10880
16961.3
23090.6
24991.6
12731.7
11984.8
12834.6
17309.7
52542.8
16540.3
36205.5
27140.4
21297
23361.4
25103.9
27770.5
12010.8
45218.4
24877
26000.6
35629.6
17236.7
14987.6
17550.4
10899.8
31320.2
21495.8
13436.8
36989
30729.3
17943.7
7926.32
29888.3
12676.2
16914.8
21259.8
14171
10176.9
20400.2
17469.3
8597.6
17138.7
16183.4
13610.8
13999.8
18107.1
9763.44
26696.8
15084.2
10975.1
34106.5
26902.7
22003.9
14059.7
22619
25983.5
33057.1
14413
11399
24358.2
13881.6
26658.1
24541.2
32905.9
31834
20406.7
25254.2
14920
13672.1
26536.2
27663.9
54190.4
27589.3
34130.5
32373.8
23275.8
16206.1
32628.7
19824.7
20525.8
16741
19063.9
21390.8
29483.8
17687.4
25518.3
32243.4
18403.9
24704.8
27769.8
19383
21814
30296.6
29192.7
32392.2
21931.4
25778.5
10702.8
33332.7
49239.4
17696.8
30399.7
22044
28143.5
32283.4
33010.6
27080.2
22592.2
24681.4
25904
24518.1
27474.4
46976.3
29870.8
20017.9
20118.2
20891
30573
14831.4
21698
18310.2
14534.7
45294.6
19753.5
19800.3
26594.3
32596.2
9347.44
21503.2
30213.4
34547.8
20406.6
26046.5
20520.5
25403.6
23005.6
16902.9
19132.7
17034.3
24362.6
12291.4
22884.2
28472.5
13885.5
46633.5
12819.9
14719.1
18668
26105.4
20740.4
21927.8
54454.2
19579.9
15397
13258.7
18062.5
38880.3
17489
21801.4
20273.9
26951.4
22152.1
28173.1
23528.5
21192.6
31914.5
23318.6
42154.2
16297
26329.2
56359.4
19104.2
21340.8
21078.4
13675.6
21144.7
25424.3
11855.3
31901.5
14972.7
10051
20253.1
25240.2
15853.8
26661.8
6912.08
19510
16158.8
15500.2
19508.6
18294.8
16427.4
16324.9
25903.7
15556.6
10095.2
16761.4
21821.7
22807.9
16545
15679.8
23893
28644.8
17147.5
28457.5
28084.1
8019.28
15484.6
14551.1
11107.6
18400.6
25407.4
20915.7
14085.9
18251.2
7322.48
20018.3
41481
13049
11703.6
14354.2
12872.7
38818.3
41925.4
13805.9
30259.9
9921.6
53421
21260.8
23818.9
29096.6
43848.6
14488.8
11975.4
17343.4
36190.4
34058.3
44205.8
30719.7
27510.2
23535.4
14930.9
33067.4
35534.8
42301.8
25216.3
20374.5
18879.8
23745
39396.6
12933
13701.6
25825.4
19441.8
36306.6
23595.3
11827.5
36919.8
23562.8
35081.7
42033.2
38822
35918.3
25638.2
19762.5
18940.9
28596.3
47998.2
11923.8
30026
19982.8
7488.56
24843.7
36258.9
35131
9551.68
15529.2
20781.6
28120
32545.5
28087
35694.9
15702.1
15087.2
7154.96
11162.6
9939.28
14859.7
27150.2
8756.48
14700.1
18947.1
19781.1
35597.9
35269.4
19920.1
17786.7
6362.4
20306.5
21997.5
19469.4
33166.2
17484.6
26219.9
10265.3
17281.6
19666.5
22600.6
33546.6
25587.4
12858.5
30358.4
9047.76
10669.9
29973.8
29035.3
22455.9
16843.8
8762.4
12234.9
37156.6
24118.3
13899.8
29158
20177.8
28340.9
7947.68
18638.6
18203.4
12353.5
17734
27543.4
12581
20310.1
10554.6
19682.6
36215.8
24733.1
32371
26909.9
14530.5
28104
14569
51229.7
14804.2
22793.3
17768.6
11237.4
17679
29511.7
13784.2
28667.4
16730.3
20201.8
13840.6
18551.6
22854.8
20684.3
52479.8
27492
18799.1
22992.3
16325
29735
12625
23282.6
16995.8
23037.8
28851.8
22687
18530.1
28528.1
17103.4
12620.2
21354.4
54719.8
16450.6
18572.2
47219.6
21684
13344.9
17330.7
23423.6
21295.6
11770.2
16570.4
23443.4
5044
30786
18044.5
18735.5
25044.4
21747.4
22714.3
26939.1
23461.2
24858.7
19355.6
16024.6
24755
26622.7
8983.12
25835.7
25245.3
15921.8
10777.2
26424.1
34001.8
27671.1
22267.6
26355.2
18547.6
24183.8
38392.9
42184.6
31222.5
24010.6
20781.4
29187.4
21949.8
19572.3
34492.9
29017.7
30953.5
29340.6
37913.2
11980.6
17501.4
50427.8
23441
25047.6
19001.3
31273.4
38060.5
62674
38715.3
13189.1
16607.4
40825
27798
32036.8
15753.3
35868.6
29680
40499
14352.2
27504.6
35051.8
20546.6
33619.4
60972.8
22195.7
11568.1
31148.2
24945.2
29993.3
26695
24434
13949.4
26471.5
17014
18917
24170
28423.7
23862.7
33736.4
21199
45359
18072.2
25024.2
31263
32128.2
24121.8
35967.9
15929.8
13265.2
20987.8
26107.4
17508
27595.9
16505.3
15751.7
12216.2
19726.7
16599
23707.1
27321
25995.7
21290.3
13823.4
20485.6
40901.8
17511.5
10940.6
32636.9
14123.1
12338.5
22834.2
18772.4
22809.3
11346.2
14323
8268.56
14444.2
9433.76
31366.6
12583
21974.8
11687.9
5769.44
17215.5
12144.5
10042.1
32395.9
11296.3
21430.9
33268.2
15633
14495.7
29937.4
31483.8
28850.6
17783.2
9418
12272.2
21089
30123.4
30477.8
27986.4
41020.8
13707.5
17383.8
15871.3
16673.3
38288.6
14668.1
18354.3
39972.6
10559.3
15697
11001.5
31685
26424.6
15727.1
8841.6
29187.5
14892.9
18733.3
17295.7
13334.1
20425.5
13903
32361.6
20157.7
12329.8
11267.5
20557.4
13188.2
30920.2
23687.1
20130.6
14697.1
29247.9
26459.8
28355
34337.3
11769.5
37331.8
24383.2
36456.9
28493.5
19922.7
25182.4
12019.2
16014.5
13588.1
11532.2
50280.1
10317.7
11437.5
15170
19581.8
15378
18748.2
13497.8
10160.5
12087.5
19291.4
16950.1
9715.28
22416.2
14067.4
10963.1
15242.7
19046.3
30217.9
25648.6
20834.2
19963.8
10326.2
10435.3
5712.88
15163.9
33879.2
19742.8
19655.3
20916.9
13749.1
26901.5
17968.1
33249.1
18721
13271
16531.9
22477.2
21454.6
25340.2
25522.6
17713.3
20615.7
25030.1
8835.04
12276.1
22353.5
13597.7
18206.9
16123.8
20447.3
11396
33113.2
33761.3
27017.8
20700
19923.4
21614.2
8459.68
14544.3
15364.2
31350.8
15876.8
24133
15886.6
14494
8910.8
37866.1
17612.6
30501.6
22094.2
25989.4
31641.8
22501.5
21634.5
28303.8
11594.1
11560.6
7918.56
11869
5122
22779.8
19232.7
36362.4
5637.28
9716
25947
18509.7
24754.9
7991.6
12525.8
17103.4
32166.3
20517.8
11470.2
20029.7
18766.8
15218.7
9063.84
21144.5
26003
17676.4
25649
24895.5
20794.4
21376
15307.9
25407
25198.3
18019
30355.3
7384.8
10399.7
16855.7
15974.3
19872.8
8648.4
15709
30185.4
17977.1
8128.16
18906.6
23528.6
11069.7
22790.2
13840.6
16392.8
19872.1
18676.1
15789.9
18230.3
15130.4
19579.8
15127.4
11428.7
28388.5
20663.9
29142.5
42143.4
29054.8
17929.1
29691.8
20241.4
4300.48
25600.3
17281.9
21951.8
12135.8
18601.8
18969
20320.9
7880.32
34555.8
20878.8
11908.9
40289.9
10894.7
11614.8
13099.4
34784.2
9902.96
16724.9
20584.7
23461.6
7290.32
9220.16
24432.2
23596.1
11679.7
33902
16283.4
13424
18986.7
23283.6
28339.6
19231.4
17490.7
9526.24
25549.4
22020.2
21643.3
12326.7
26598
20738.7
9029.52
12770.1
25187.3
60523.8
15435.6
15486.2
6451.04
17882.6
41523.4
14330.1
23948.7
25809.8
34204.6
31696.5
37775
24779.4
22014.5
21620.1
23680.3
14670.7
20787.7
25627.1
15514.6
23532.6
19996.2
28108.2
35516
13850.7
19897.8
24789.4
25163.1
41576.4
21393.2
29659.2
21571.9
25618.2
18633.2
36287.4
13077.1
21554.1
10943.8
19060.3
17789.4
14985.8
14744.4
9985.68
15596.1
25033.8
13137.3
32995.5
15964.1
16123.5
9473.92
13755.2
12993.3
21817.5
32663.5
25974.8
23374
12012.6
25179
11293.4
18411.6
21424.4
33576.9
20044
19307.6
24366.1
12396
22878.6
10774.6
26896.4
15814.6
18016.2
22544.2
33071.4
7190.72
9241.2
7090.32
13353.9
17049.1
16045.8
15278.6
25791.7
21607.2
9771.92
9745.12
24336.2
8335.6
8625.76
14462.6
9449.6
26516.6
24890.2
6118.16
18312
3313.84
13157.6
12410.7
26207.1
17489.9
29247
15672.3
20718.8
8609.76
32329
21909.8
23530
8575.12
13811.8
17528.9
11518.1
32783.8
22789.4
9550
9437.36
29644.1
16858.2
13020.2
32366.4
7826.8
8638.08
15624.4
28612.2
15539.6
25862.3
17779
15112
8680.16
24173.3
15393.1
28214.6
12166.6
21508
9646.32
12399.4
19756.2
31080.8
19126.6
6180.56
7854.88
18003.6
23430.9
36544
16588.8
11837.7
20922
14027.1
20300
26205.4
12538
45417
16199.4
22054.5
12886.5
24257.6
27516.6
11991
18048.1
23610.3
27413.8
51736.9
19855.8
12636.3
11597.8
14323.6
32624.3
19151
7598.96
16801.4
18499.6
11997.9
12723.3
21357.4
16034.2
33477.4
15121.4
35483.8
16065
29206.4
15051.8
24099
19854.1
10015
29784.2
9052.64
11728.2
10237.2
9426.8
29466.9
16120.3
20921.4
14640.1
20820.7
10764.7
13234.2
30517.6
52553.1
12149
18799.6
26953.3
23911
33454.8
17324
26851.6
13232.4
18696.6
52636.8
9828.88
28288.3
14944.1
19802.7
15821.2
43966.2
14068.9
30534.3
5804.16
9902.56
11393.3
21661.7
26119.8
24557.3
32340.9
18101
8762.08
24746.3
7764.08
8445.6
19339.7
20344.8
32153.8
19761.9
17683.6
9084.8
20941
18276.8
32146.2
19113.5
26050.3
14757.6
18407.8
11985
17728.2
11542.2
8270.88
25176.2
21145.4
17069.7
23098.6
12706.4
25666.1
21119.9
14118.7
24745.8
32546.3
25218.4
10951.4
14683
20151.6
42858.2
15420.1
20131.8
19262.8
23649.5
24940.5
33127
19647
24864.8
18827.7
12542.5
11932.1
23787
25585.4
37933.6
41902.3
11090.6
18492.6
15473.8
9492.32
29768.9
12354.3
20874.4
24738.1
26688.6
9522.48
39341.8
26538
15519
13800.3
19033
26676.6
33897.8
12945.4
9901.28
26884.6
18448.4
21626.2
32587.3
10509.9
35013.6
25920.9
15455.6
31067.1
9577.36
20537.8
23638.5
10146.1
20514.2
33872.2
18448
13591
21624.6
16841.7
21247.8
16593.8
10137.1
28439.2
32086.5
40643.7
17521.2
27825.2
15009
26103
32298.6
35656.9
19444.6
9179.52
27521.8
9976.32
21962.9
22575.2
18579.5
13386.5
22887.7
13537
9935.84
48925
23563.7
32570.5
19186.4
10498.9
9760.8
35741.5
12607.5
17374.5
21530.9
12531.4
15246.2
19745.1
28480.6
11615.6
26939.5
24741
24445.8
20316.9
9577.36
19823.8
6701.2
10970.5
13892.1
23440.4
29715
15854.5
14063.2
25955.5
32436.2
10533.5
22997
9456.96
16814.2
19847.2
11199.4
16526.3
38030.2
8074.48
27406.6
15072.2
9985.44
13282
8819.68
20775
17665.5
19318.9
22087.4
22904.9
40464.9
19367.5
33323
20724
7539.84
12242.2
23530.5
14124.4
17402.7
10314.5
31635.3
12060.7
30432.2
10379.8
22156.2
31556.5
15641.5
34141.3
23618.6
38818.6
37340.2
25883.9
19473.9
18910.2
30312.8
12503.8
24470.3
37129.3
51313.4
34015.4
21478.2
15327.5
41676.2
19029.9
34949.9
15708.4
24084.1
18361.4
33568.9
42048.5
24059.3
16081.2
33893.7
24558.4
17011.2
54163.4
40327.1
34774.2
37284.3
16322.3
18854.9
21677.5
24925.1
26226.9
21496.5
24644.4
25252.6
12838.1
15836.6
23633.4
14065.4
48554.8
21209.1
10974
42693.7
17933
10420.1
29628.5
11797.2
16240.6
14116.8
29834.5
27067.7
23135.9
20679.9
33100.8
9246.8
12846.5
21504.8
15288.3
20313.3
20635.7
7299.28
14087.1
33200.9
15350
23641.9
18724.7
15144.6
16626.4
23211.2
16591.7
24181.4
28190.8
10470.1
14000.2
18041.5
8634.88
22176
26717.4
8182.24
18556.6
13588.9
7624.24
28873.1
18400.5
22287.4
18331
24897.9
28435.8
16679.2
19925.5
15525
22657.9
14743.4
17217.2
18806
17841.8
11891
18064.2
18937.7
25328
35814
45352.5
10175.4
15735.4
13738.1
23263.2
10206
23249.6
11975.4
13977.8
35414.2
17010.1
27724.6
21916.6
29475.2
21108.2
9941.76
27622.6
19503.5
21166.9
17240.2
38537.5
19163.4
14096.8
14071.9
11706.2
24146.1
7807.28
7121.04
18301
27416.4
16165.9
17301.4
12766.7
17675.9
17780
14986.2
20063.9
21624.6
6456.88
16655.1
26695.3
24324.2
25595.4
17727
10665
27816.4
29849.1
20814.3
18534.6
19998.2
22098.3
34020
25859.4
19395.9
12662.1
23348.7
13874.9
27412.9
22748.4
18722.2
7012.4
46113.9
10982.8
48400.2
17502.7
19955
23759.9
26795.3
29769.8
9133.2
14071.3
26259.3
19630.2
20878
12030.2
17998.2
22074.6
20746.8
25486.3
20619.5
19665
30464.2
30040.6
27413
25856.5
12567.2
20306.7
12333.4
17773.2
29042.9
27666
33730
18881
14859.5
23725.6
15527
35713
42452.5
13011.5
15088.9
20603.4
16199.6
17070.4
30521.6
12602
11472.1
24880.1
16960.5
28488.6
11183.1
17677.2
18702.7
19555.4
24871
12072.7
9845.12
25163.8
12616.3
12470.2
23772.5
30519.3
15788.5
8991.6
5060.08
22795
14010.8
31265.7
18712.9
31276.3
20637.4
9194.08
11329.5
11173.9
23113.3
46063.6
20323.8
40662.5
19343
25561.8
38138.7
16088.9
41253.9
28234.2
28273.5
14760.2
42259.4
24842.2
18953.8
21644.5
25220.4
23342.1
33060.7
17652.7
38238.8
25355.8
26830.9
21209.9
23043.2
8345.68
37105.7
28043.4
25302.5
19333.8
18624.8
16012.3
19603
38605.4
31522.8
23088.8
17009.5
29995.4
20940.2
14086
15499.9
12615.8
17489
15891
12313.2
16009.9
32370.5
11349.5
21188
19187.8
11325.9
27269.8
12522.3
18110.6
13769.4
15887.2
17860.8
46493.1
10475.1
32922.2
36179.5
10071.6
27881.7
29100.8
38491
28617.1
11150.1
10919.8
36806.1
20402.4
20090
46336.7
24583.4
24154.1
34104.3
15642.1
19455
34577.7
21563.9
29281.4
19968.7
15962.6
10643.5
18629.2
33570.4
19366.8
18389.1
22702.6
14888.8
25270.2
40826.2
23125.6
19636.6
14782.6
23973.3
9882.48
20701.7
20653
16447.9
27640.3
21455
12211
28186.6
35564.4
6055.68
19017.8
23200.6
18201.6
11136.4
31447.6
16357.7
30080.9
10958.5
24587.7
14926.9
18724.2
34239.3
19001.6
23442.6
21461
13517.1
17929.4
35270.2
31463.8
7767.6
22714.5
12179.8
15935.1
12986.6
30564.3
34638.4
16089.3
28910.8
30539.2
26843.5
39362.5
9907.28
20568.7
22783.4
10542.6
14577.1
28706.2
23073.2
19321
52197.4
35387.9
12786.2
23288.9
9419.84
8096.64
19654.6
14304.9
15485.3
22523.4
22062.3
12608
13662.6
27842.6
25323.4
25737.9
23105.2
16985.5
19702.7
20116.6
19885.5
25570.1
19502.9
14117
8643.28
18561.8
25623.4
15074.8
26281.4
8783.2
7416.24
22842.2
9706.16
23028.8
32657.3
14440
34024.2
16764.2
12598.1
36858.5
10540.2
15214.8
14950.7
25763.3
11865.9
17456.2
22490.5
17945.6
21324.8
20041
23210.1
16927.4
28893.4
35522
21213
17127.8
8490.24
17374.5
24141
23732.1
31546.4
14828.9
19927.8
9592.24
34243.2
20297.8
13255.2
26074.7
11414.1
16810.1
18204.6
32960.4
9646.4
13183.1
40159.4
21195
23502.6
16755.6
20396.9
15770.1
13310.6
17949.8
10474.3
27904.3
23409
18281.8
9779.04
23806.2
12109
27012.8
32074.8
20412.2
28107.7
13559.8
39542.2
23409
16550.9
20275.3
30231.7
21273.4
27572.7
33682.2
21542.3
25945.2
13592.8
33698.4
14877.4
28145
30574
23212.4
13432.6
15581.1
10560.4
28397.3
15104.9
13818.8
28683.7
5559.52
8233.92
23308.6
31858.2
30015
13069.9
15732.5
7888.16
26534.1
20125.6
20716.7
23825.6
8591.04
20031
15910.4
32124.1
20490.1
15173.3
11154.1
9336
56228.9
9329.28
15013.4
9704.72
21986.5
54428.5
27790.4
24322.8
27274.6
31104.8
48333.3
20612.6
23604.5
24315.9
9788.56
37043.1
20414.6
20043.9
19519.2
18406.1
21916.1
16815.3
16314.8
22513.5
28940.2
38720.6
16883.4
24759.5
33858
39406.6
20813.8
13683
35702.1
16779
17129
43147.2
47024.7
43912.1
27832.7
25616.6
14798.4
19131.9
17499.2
47705.9
24847
18213.2
27343.4
21314.2
21860.6
29062.4
25716
36971.6
33533.8
28244.4
34721.7
16754.7
43740.6
30659
25301.1
15795.7
31505.4
17252.7
33392.2
41166.7
15970.7
40606.3
37917.8
35523
23746.2
23822.9
33290.5
24357.4
29559.4
12625
26968.8
21206.3
22261
19732.1
14975.4
29710
21815.8
26792.3
13739.5
9659.36
31333
16766.2
10277.8
38933.6
12426.6
28213.1
16546.2
30542.3
19844.6
11932.3
27603.8
13461
22408.6
29233.6
27434.9
14993
38081.3
21515.7
23408.5
19819.4
14120.2
24789
12552.3
22245.4
20793.3
18208.7
11834.6
32678.3
9402.48
11945.9
18289.9
41239.4
21391.6
13741.4
14713.7
29784
17132
44393
15757
41624.2
10635.2
15155.8
9609.2
42732.6
25804.2
24355.8
31496.7
25466.4
19738.2
41454.8
17730.6
15043.4
5874.48
37056
14724.6
14440.5
14060.9
13979.7
12986.3
10903.6
20570
19025.5
10604.7
6396.88
12199.2
34225.7
23627.7
28940.6
24433
10199.6
19185.5
14418.2
14862.9
8004.8
13779.7
9502
21351
9403.76
17730.4
11751.3
24779
16565.2
9220.48
35058.3
28244.7
12118.6
5789.2
19026.6
14590.1
9053.84
26079.5
24519.8
23573.8
12347.8
20031.1
20957.6
13768.1
23892.8
35523.9
26263.9
25558.2
21150.6
13861.7
41654.1
30719.1
7670.48
18262.8
17749.2
26383.5
20007.9
19397.8
22575.9
12347.8
11064.1
11538.4
36972.8
28637.8
7640
26105
16450.2
53396.3
28404.2
22690.8
19747.2
21128.4
6656.48
27480.1
19148.9
19870.1
47237.4
51973.2
14311.2
41917
27275.5
15288.5
20091
21659.1
14706.6
53242.8
29843.8
40812.2
15870.8
31241.6
6738.56
26325.1
19961.5
17459.6
18649.4
33606.8
11191.2
10430.4
25669.8
26671.6
58067.5
13261.1
13864.2
26912.2
25309.4
18144.4
13101
33820.6
34488
29224.4
13487.2
17860.3
12126.9
21338.6
17338.4
12998.2
30542.7
16364.5
26916.3
16138.2
46718.9
41640.3
15156.6
26298.5
16352.6
14876.2
28854.3
29100.1
19243.9
20349.4
21148.2
17130.9
54056.7
19277.5
19048.2
17116.7
25827
11754.7
19136.3
36531.2
15982.8
26906.2
17728.9
21603.4
36367
23721
11781
26231.4
19863.4
35928.4
24432.2
12192.5
48165.7
39187.3
8677.28
28529.4
28856.6
26248.1
15980.6
18498.3
14482.9
21232.6
16438.6
32230.8
21903.2
24279.7
12538.6
29710.6
32741.3
17668.4
9904.24
11878.4
13751
27890.6
22173.2
13522
23342.5
10745.4
27514.7
45920.1
29189
17198.2
18837.4
10944.2
15101
25253.9
27883.4
27054.6
24697.4
19041.5
28001.3
24574.3
22290.9
27590.2
35219
17401.6
24377.5
20731
25428.7
25214.6
7659.2
13664.7
17836.8
13338
17235
10243.1
11866.7
13351.9
19817.1
33178.6
21252.6
30160.3
20926.5
41568.2
30037.6
36533.8
26727.7
17172.4
25771.2
12246.1
27816.7
13831.4
28323.9
11131.9
19220.1
20134.5
17581.2
18544.8
28412.6
35464.6
35471.8
41147.2
13891.7
20774.1
24096.5
27691.8
41004.2
28761
21692.7
11688
45023.3
31006.2
11737.6
14347.6
14850.8
29411.8
33185
26545
27783.7
14064.2
18760.2
24328.1
14157.5
15076.2
15999
21297
10254.1
12711.4
23673.4
19356.2
21311.4
16499.6
13417.8
26444.4
12571.4
19656.8
33515.9
24012.2
21734.2
48755.4
14034.2
31209.1
20136.2
28507.1
44502
24780
34914.8
15009.3
20786.8
20365.6
44192.6
22437.4
13878.9
21619.3
17377.7
34041.4
22249.4
30498.2
17678.6
26870.6
30086.9
30560.4
35308.1
15611.4
25357
24302.2
8238.48
30015.5
25233.7
14203.6
26300.5
19123.4
13738.9
18040.1
20580.2
26758.2
27031.4
21820.5
15335
23169
46193
17312.1
23331.8
15660.2
29207.9
12469.9
23618.4
16623.8
30107
12916.8
34227.4
24164.5
25786.2
23576
23358.4
17747
28393.8
9516.64
19878.5
28376.4
39746.7
22515.2
17533.4
9611.68
30007.1
17008.6
31435.8
9131.28
28025.1
11077.1
15308.2
15434.7
22893.2
21196.6
30945.6
20402.2
13788.8
27126.6
22433.9
18748
25244.8
11624.5
6487.6
7768.64
37356.6
7245.2
21459.8
13241.1
17846.2
25134.2
15674.4
37887
12963.1
24334.5
40772.3
15825.1
17792.5
20134.2
11953.1
38126.5
18861.5
25961.5
7411.2
11016.6
19511.7
12350.6
38931.5
27249.2
14740.4
14973
21706.2
27887.1
30170.3
9838.96
4334.8
14266.5
34921.5
18547.3
37540.3
12204.3
18434.2
19271
12109.4
10345.5
29085.4
17670.3
13259.2
21159.4
20433.9
21318.5
34032
35472.5
18313
10488.1
28097.4
21087.9
27051.7
21663
11485.4
30687.8
19425.4
35504.2
12638.9
21848.1
11027.6
25475.3
54890.3
12096.5
17242
8466.08
21423.4
28220.6
36817.4
29962.5
17192.5
8453.12
9002.64
39645.8
26525.5
27055.4
19722.6
17152
27003.2
30005.4
33919.4
19763.1
21431.3
11383.8
25369.8
29770.2
26126.1
12297.4
18510.8
10415.7
32498.4
15328.2
14876.9
29191
18590
17535.7
18389.9
7687.04
20447.8
11310.6
31291.8
14402.7
15488.2
13759.1
34181.3
18585.4
14061.3
16220
16326.6
24678.9
20896.2
13379.7
12456.6
17295.4
10011.9
28281.3
17495.8
32738.3
18214.6
34224.3
18537.8
16706.9
56507.3
16593
23371.8
21482.9
33382.9
26783.1
28605.7
27804.4
20034.6
13279.5
19541
13678.1
19858.8
31617.7
18522.6
25637.6
24305
8322.48
35452.7
25274.7
51959.4
29085.5
25751.8
27157
23251.2
24974.4
17947.8
26831.9
13397
18087.2
32561
23950.7
46238.6
22503.5
15343.8
15546.2
13612.3
20388.2
48507
24988.5
17757.4
26912.6
29272
34895.8
13644.4
18055.5
19299.2
12487
31277
31577.3
38485.9
53979.4
23464.6
17965.8
19187
23497.7
33053.8
27280.4
39585.5
21600.2
40772.4
20040.2
27608
18952.3
30434.3
13733.8
18287.7
13894.4
36228.4
12576.6
28901.3
22307.8
26103.4
18200.5
32449.7
28334.2
23289.1
47440.2
16090.2
14514.1
22870.7
40411.7
7261.28
39236.2
14555.1
31346.5
24359.4
56160
20054.4
22236.1
23732.6
28037.9
19206
27825.1
18648.2
16814.2
19039.9
17257.9
13210.2
16019
21648.4
18236.8
27451.7
17561.9
29075.4
12895
23180.7
38166.6
29954.3
27461.1
25686.5
14422.5
31159
27479.1
28656.1
15139.8
23208.6
29055.3
13450.5
29945.6
12480.2
17216.4
12315.7
20083.8
21311.4
12188.2
22190.8
24973.7
16567.7
23411.1
18877
31289.7
16045.4
18759.2
50235.5
15078.1
12042.2
14036.6
28449.3
17007.2
56106.5
30337.7
15701.4
28347.5
31077
34929.8
27160.2
26743.2
14458.2
23216.3
27532.9
33356.1
20833.8
34579.9
17726.6
16042.3
23247.4
46691.4
26133.9
48460.3
33262.8
33713.5
24804.1
17636.6
21273
21293.8
19760.2
45850
33624.8
33818.2
32708.2
33991.3
23013.4
27014.3
43331
31787.3
23478.9
30894.8
9063.04
32440.2
18619.3
15016.8
15573.5
17772.2
35014.6
15981.7
22496.6
22544.3
23709.2
28329.2
24793.8
30788.6
10177.4
21351.2
23215.4
18946.4
19100.9
39243.9
24514.1
25165.2
33170.2
11621.3
49144.4
20181.7
37225.6
34724.1
29696.8
30683
13006
18447.8
32224.8
13081.1
20191
14816.2
8016.72
14844.4
12007.9
15180.5
14130.1
8510.24
23816.2
34428.2
16971.7
13590.4
31493.7
16829.2
18245.4
13785.8
15451.7
20517
9702.88
29930.5
31450.8
21028.4
14752.9
27993.4
29749.6
40071.5
25569
30478.3
12122.2
14970.9
31246.9
14090.4
37550.8
19654.3
30428.6
21895.2
23150.4
20094
32381.7
29423.5
29359.4
18715.7
12245.6
28302.5
29655.8
18015.5
17724.6
24426.3
19157.4
18177.5
15408.8
22779
14747.8
37748.4
17639.1
28173.2
29649.5
8978.88
32247.9
13270.2
19284.2
19314.2
13505
21400.7
25603.3
10464.7
21435
18374.9
36418.4
17748.8
26437.4
23419.3
25272.5
14025.5
37884.3
29291.5
14833
11585.2
36097.7
19395.8
41286.5
15971.1
34818.5
10922.3
10749.7
9838
32036.3
29985.4
42093.8
19989
21011.7
4962.16
40531
16435.3
32449.7
55240.1
13529.5
22122.5
27971.8
35667
15867.3
21116.3
49050.1
18622
18156.7
7327.04
24581
21694.7
41210.8
18907.8
8634.64
21443.7
19924.7
24288.4
27281.6
15637.3
17368.2
17798.4
33755.5
11452.7
18032
17101.1
14383.2
21695.1
7953.68
13471.4
9344.4
13519.5
22239.1
31899.8
33165.4
20642.9
20017.3
20915.3
20093.5
9258.16
18999.3
16050.6
21849.5
20410.8
18055.8
19277.2
8980.48
20080.9
17844.5
15265.9
5800.56
20497
22183.9
19545.7
8078.4
13280.5
16273.7
16293.4
6354.4
17988.6
18317.8
27439.8
12284.8
19463.2
18973.1
9019.04
15985.6
14190.8
11496.2
13165.4
30416.4
11517.4
24744.2
17026
13536.5
18565.9
16547.4
15121.8
20893.4
37865.8
11060.4
10121
12298.6
13921.4
36712.2
16299.1
26010.9
13326.1
22104.4
24792.8
22684.1
17709.4
33514.2
11828.4
13842.9
23226
13963.3
24005.9
21601.9
24668.3
7189.92
29057.8
12157.8
9738.64
10239.6
7842
20904.7
13149.3
9033.04
22954.2
35833.5
12264.4
13224.7
49356.6
29615.9
14152
8500.64
20455.6
33444.2
31170.3
29579
20683.3
10114.5
20728.2
14987.9
28497.6
26279.9
36780.2
30712.8
19537.2
25235.4
25929.4
11634.9
21272.1
12241.3
10921.9
11114.3
17060.1
19438.4
20864.4
16582.4
15568.7
11749.4
10129.2
22560
15813
17391.9
15638.9
22250
14930.8
19495.4
10929.1
25424.2
12045
11692.6
9945.12
22249.2
11974.9
11886.1
45678.3
10597.1
16395
13125
18119.5
10694.1
9212.96
9568.72
15375.3
12596.1
7999.6
9662.24
9006.4
23196.7
20018.4
14610.7
26762.9
6154.88
21400.2
8813.36
6716.08
14737.6
14342.7
20921.6
32305.9
21808.4
25486.5
16618
26874.5
24861.9
12045.8
14494.5
44799.5
35090.5
12434
22247.2
19209.6
28582.2
27744
24349.8
15097.4
11015
8059.84
32974.1
20229.8
17189.2
12685.6
17372.2
16953.9
16900.7
26966.6
29675
30009.8
18133.9
13242.9
18182.6
19636.3
35742.4
11673.3
5407.36
19478.5
32196.3
21005.3
20921.6
55714.2
18870.2
30778.8
15999.5
7689.36
34822.6
23328.8
44186.6
11351.4
14365.2
26685.5
20183
27816.2
18350.7
14430.9
20822.8
14858.9
15758.3
26820.2
10779.7
21877.2
16976.6
17597.9
13105.5
15970.1
18195.8
22985.4
31302.5
17425.6
19115
29216.2
22910.2
19621.6
15589.8
29443.4
30466.9
12213.4
16380
34796.4
24629.1
22819.9
15546.3
20439
21589.5
36437
13763.1
11228.6
11835.7
11686.2
13227.8
24498.8
37097.4
17468.6
20227.9
15814.3
31806.6
17357.8
34818
10166.6
18379.4
7422.8
13154
34265.7
6589.92
20636.6
22943.8
16415.1
29721
15683.5
12193
11772.8
19152.4
18488
12957.6
21481.9
23667.2
25327.8
19105
12425.8
46693
8838.64
24714.5
13023.8
14105.8
17214.2
13498.9
31473.4
19629.2
15663.8
25170.9
13116.8
15820.9
20718.6
14782.1
9880.56
20213
20375.7
21172.7
36075.2
9053.04
12944.5
24447.8
13016.6
22850
21023
18924.8
34417.8
43123.6
8164
35156.6
21553.6
14802.4
23904.5
21226.9
20793
25444.2
21265.7
23076.8
13477.2
28996.1
20917
11098.5
18293
40833.1
9121.04
18593.8
23648.9
14589.8
16319.1
36555
30129.4
14188.4
24244.5
13065.9
10653.8
22272.2
14325.3
15395.1
17954.3
18614
7883.12
22378.4
25999.1
19706.3
15334.6
23883
14175.3
16502.1
16648.5
13888.3
14026.5
9073.84
15036.4
22092.6
25867.4
7701.84
10194.4
15386.9
41354.5
8935.12
23895.2
20682.8
11432.9
16423.3
8889.2
32226.6
18798.2
27478
26105.4
21487.3
10998.4
25866.2
24016
25070.1
14884.2
7921.76
27075.8
16174.3
20116.6
36732.5
16145.3
25635.8
4040.96
12988
20073.6
18031
21389.4
13888.2
19721.8
44887.5
7965.12
24875.3
10960.1
6238.72
20471.8
24782.8
14015.5
24574.4
6222.16
9323.28
15194.5
18207
21343.9
19635.6
19214.5
6539.12
11333.8
22944.8
22781.8
25803.6
11819.8
22065.5
31551.4
35818.9
24602.6
27714.5
17861.5
8315.52
16455.5
20030.9
32844.3
9567.28
28267.5
19022.1
11760.2
10964.6
15096.9
9110.64
21807.5
23507.8
21490.9
29854.6
33613.4
23353.4
14951.4
16820.2
9905.12
13589.4
16788.1
17268.2
30890.1
19873.5
25813.3
9823.68
17836.6
27514.1
24860.5
15112.5
14346.1
17243.2
37268.8
37998.2
13097.4
33724.6
18980.3
32016.4
14423.8
15383.5
17170.9
10259
31568.4
21929.9
15215.1
26519.8
15189.8
15114.8
34544.2
19080.6
21316.7
27596.6
33015.9
34461.9
18902.6
25919.4
40721.5
27047.4
10973.1
11068.1
28436.8
49825.4
30689
13527.9
14274.6
12313.1
5939.12
20063.3
7890.72
24406.9
11911.8
35651
15287
16675.6
19509
19050.6
12011.8
20892.9
14947.3
23187.6
37135.6
11600.9
12217.4
11863.6
12323.7
28830.6
14901.3
5214.32
19116.3
27755.5
6582
18498.9
27159.2
29601.1
8820.8
8389.76
13098.7
28501.8
28129.8
34383
7405.76
13387.9
18178.6
14798.3
23866.1
15443
20335.4
10981.8
21480.9
8246.32
39847.1
26138.6
35865.4
26167
11200.3
10072.1
18995
23371.7
11659.4
12550.6
11086.2
17942
17944.6
25550.5
12939
18353
23889.8
48154.3
30855.7
15571
19789.9
12573.1
13787.8
22071.8
14303.6
15646.5
13253.1
8643.92
34749
17120.8
9777.12
29671.3
21744.4
12102.9
7887.36
17521.6
12802.5
31040.7
19425.8
14927
24572.6
22702.9
23095.4
14251.6
38520.7
18487.8
27108.9
16903.1
32946
31621
9847.2
32561.4
12419
17553.5
21891
18709.4
18570.5
39119.4
25245.5
23118.8
29205.7
19881.8
10927.7
28791.4
20966.2
33542.2
10709.4
9765.36
14851.5
13551.9
25701.3
16992.2
13235.9
13763.4
26946.1
9825.92
20917.3
32339
14915.4
10736
41926.5
13665.7
19855
23841.8
34935.7
19279.6
14374
19671.7
14985.8
25532.1
33970.8
38718.7
9278.96
18165.5
21893.8
21410.6
27951.4
15569.9
22018
26158.2
13376.8
24731
9661.36
26852.9
12325
22068.6
12497.7
20617.4
24744.7
26183.5
9688.32
35697.5
24253
21568.4
15563.8
32484.2
26178.3
15871.4
38420.2
29681.7
5375.36
12329.9
19228.1
15053.6
16646.4
29336.3
13157.2
18351.7
17373.3
22001.4
29245.4
20745
20273.9
21111.8
24791.9
21462.3
24980
33389.3
27647.4
27688.2
14155
24596.7
38122.3
31554.3
33083.2
26724.3
21940.6
22332.5
25586.6
20539.7
37648.2
30508.2
24096.2
24147.4
35397.7
18172.6
16698.1
23877.9
35827
12575
35331.5
28935
9548.72
6028.48
21814.9
24580.5
16854.4
24214.7
10596.3
10464.6
11246
29540.7
17874.3
9457.36
25023.1
6372.48
5400.32
27290
15491.9
25479.8
9596
11251.8
30872.1
19012.6
22928.6
13269.4
16586.5
20266.4
17857.2
11467
19700.2
48080
37132.2
21250.6
20446.3
13316.1
27580.6
13372.2
21924.8
24874.3
24131
8296.88
13950.1
21643
27780.8
18947.4
21422.8
15710.6
11476.3
18773.5
21178
16074.7
18627.8
18994.4
14636.6
20272.2
24597.5
12510.5
22408.6
13771.4
20080.1
14717
17896.5
7698.72
16756.5
19494.2
12201.1
6512.96
11213.5
7262.24
7906.32
28739.4
9104.96
28296.6
24509.4
13023.8
19523.1
8348.88
10579.8
10261
24357.1
21626.2
21967
4830.96
16917.7
5482.32
23661
31115
9961.12
22984.6
22996.4
26883.8
26649.8
26156.6
10725.3
9587.52
19188.8
11279.2
8753.04
26468.2
22608.7
20189.3
34454.9
32840.8
14356.9
10647
17748.7
8677.04
19671.8
12123
23379.7
21587.1
18410.4
8917.36
7950.08
19116.2
25654.9
26285.4
10789.7
9430.96
4754.48
34391.8
10354.8
27352.1
19595.8
15268.1
10586.2
25175.5
28924.4
11527
24870.5
9940.88
40195.9
6526.08
34463.8
18685.2
28499.4
23017.1
40867
18389.9
27153.3
18292.3
19390.4
19012.7
27711.6
12894.2
33647.8
33589.6
26070.6
25962
11746.5
13637.8
25801.7
30892.6
52347.8
13003.5
23505.6
22881
19479.6
18574.8
13728.2
21684.7
27126.9
16723.3
32516.4
25222.3
29903.7
11894.3
29014.4
27632.2
14373.5
19039.7
18903.6
30890.5
12533.2
12199.9
34675.2
14113.8
12530
20800.2
19035.2
32128.1
21222.1
13646.3
32849.4
48521.8
7564.16
20221.7
17136.9
15359.6
35301.9
28528.6
16839.3
25272.6
14315.8
24707
27551.7
16619.2
10063.6
17394.7
15314.4
21223.8
15514.8
7883.68
12343.1
14123.5
14993.6
40191.4
16705.8
16277.8
17697.4
12185.9
26328.3
8335.04
17436.5
18508.6
7262.56
7408.08
23758.8
12244.1
35238.6
16124.8
28947.4
15588.4
15270.3
26142.5
12287.1
19466.2
20119.6
13240
10531.6
23804.6
29628.8
15477.3
13368.6
10629.7
26996.6
13834.2
18509.4
17107.4
17808.7
37610.1
12419.7
16431.7
14908.8
18004.8
17024.9
13178.5
12635.5
34368.4
16979.3
34040.5
24455.8
17698.1
4703.04
27313.2
12997
21405.8
16967.4
15950.6
13400.9
14740.1
8845.84
25247.6
32087.4
16373
14490.8
40002.6
14039.7
22099.9
14877
26118.2
39222.5
13136.6
25563.8
29764.4
21769.9
34966.2
19472.6
21506.2
23098.9
14975.5
33287.8
25722.8
8128.32
30572.6
26463.8
31304.7
31516.5
31138.2
19715.2
14858.6
16965.4
16159.8
26751.1
32019
41383.6
15784.2
13978.9
26044.7
19625
19004.6
20469.7
24679.2
10763.4
37921.7
23838.7
10192.2
15471
21080.6
13331
12213.7
12686.1
10234.5
14707
17634.1
23221
25537.4
30232.2
11172.9
19667.9
33083.7
10081.4
24519.9
7913.36
33593.5
9483.76
5351.92
24144.3
9459.04
17875.7
22825
25863.3
12349.9
10802.4
22997.8
37188.1
24504.8
14332.5
15705.6
13042.8
9718
26569.3
25540.8
11292.6
16194.8
16263.8
15345.8
7734.16
37194.5
10468.9
13279.2
8648.56
5842.56
24950.6
25894
9612.16
4617.68
24824.6
12697.4
9433.28
16670
38631.4
13864.2
15916.6
9522.56
32035.8
16848.7
8105.28
20365.9
16716.6
17105.6
15002.6
10275.5
16967.3
15460.6
22453.8
9648.56
16464.6
11980.2
35112.5
25469.5
25922.5
19787.4
12982.6
19620.8
18624.6
10842.2
32890.6
19310.2
16508.9
17943.7
14934.9
15143.6
14792.7
10510.6
29060.1
13775.1
23734.8
27882.7
23301.6
25528.3
29530.2
27036.2
2968
17632.2
14119.6
9190.32
22136.4
9711.36
11639.7
7954.24
13295.1
10231.6
9492.4
16245.1
19298.6
13983.4
17180.1
6295.92
14652.6
21253.8
25084.9
12410.7
16218.7
5762.64
14941.9
18241.6
22937
14771.8
9945.44
45457
8676.32
32587.2
8378.72
20884.2
14074.5
18420.2
14679.3
7913.84
19328.2
13213.4
16427.9
10397.4
11261.2
9152.56
10042.1
6919.12
17141
9109.84
26094.3
5884
21045.4
15442.6
10949
30189.9
18229.9
28254
8318.48
14529.4
12170.1
19931.2
30910.6
9354.64
31258.3
5334.88
7924.08
13332.2
10034.6
32684.7
18041.5
13458.2
16700
15588.3
13312.2
41899.4
18080.4
23453.2
22757.4
9087.12
25569.3
7125.6
22325.3
11244.6
22375.8
15829.8
46079.6
4793.52
15986.6
11533.8
9162.96
9969.36
22436.7
16300
6841.52
22939.5
21185.8
30759
18930.8
20754
14653.9
17386.2
21999.6
12642.6
23735.9
20300.5
13244.6
16958.2
29099.7
17375.6
9331.68
10102
5224.72
36366.8
24016
18043.1
29353.9
13767.4
14538.5
21720.9
15133.3
21459.8
35264.5
22600.7
8841.84
19573
14983.7
13775.5
25765.1
32267.8
35362.7
30159.2
16271.3
47557.4
20932
11872.7
19167.2
34520.1
40098.6
20924.5
29055.3
17157.8
18135.5
37695.4
35585.3
31057.2
22604.6
24497.1
25827
13174.6
21129.4
23736.4
30279.6
25810.4
19977.7
17299.7
22010.3
14599
24065.7
18506.6
32863.4
20593.8
10551.4
24873.9
38150.9
16102.8
31096.6
21422.2
23888.6
14266.2
43260.1
16373.2
20551.6
14456.8
11667.8
19396.6
45847.7
28511.8
15609.4
12043
19238.7
21980.2
21197.1
25827.2
15594.9
20341.1
25666.2
38385.4
10726.2
11803.9
15818.2
12751
18975.4
26483.8
12051
15015.3
16108.6
35857.2
13635.4
25632.2
9733.44
18125.8
17466.8
31134.7
15105.3
22387.5
24416
8179.44
13799.4
7736.64
20003.5
11173.8
32244
22390.6
10097.1
30456.2
11526.4
16813
26887.3
25472.4
16547.7
13344.1
12844.7
20688.9
28172.4
15434.9
13200.6
15038.8
13233.8
20566.7
12866.6
11542.6
20561.2
13067.8
7081.92
12457.1
22893
37442.9
11903
11388.7
27582
17434.4
25485.2
29399.8
23604.3
22998.6
28899
14320.8
27351.5
28114.3
22782.1
8754.08
31242.7
11549.4
29800
20779.1
35489.2
16268.1
44682.4
22325.8
21497.2
15990.1
18939.3
30005.7
17562
10370.3
44528.9
31843.1
37539
19522.6
14358.8
24867.6
26439.4
16138.2
27654.4
21273.8
14648.1
15399.8
5608.4
12942.5
26383.9
20911.8
17396.5
13255.4
25173.4
18741.5
18508.2
27878.1
14410.2
25931
17674.2
13262.6
10150
23770.5
42866.3
17651.7
23309.4
11868.1
32281.2
23544.2
35229.4
24625.2
31173.5
17757.5
10116.7
10785.4
20071.2
26286.2
28770.2
28184.2
29227.3
18250.6
13938.6
10480.5
25034
24841
12316.9
32284
11468.1
13541.6
10614.8
19066.6
8941.12
20226.6
28435.2
19270.4
12853.4
31456.4
16606
27828.2
11509.1
16814.3
31361
8368.08
24892.1
8081.36
13726.6
23092.9
19420.1
25269.7
40790.2
29940.2
14273.8
22941.3
12017
14771.1
22934.2
23433.4
14240.6
31357.6
9569.28
9920.8
22503.5
17251.7
20217.8
37641.4
8705.6
16666.2
24972.2
31115.6
15045.7
28795.8
7075.76
25943.6
24924.9
15719.5
54068.3
10628.6
8849.6
15153.4
17719.1
14784.6
10552.2
14223.1
50095.4
15095.6
35365.6
22216.8
42225.7
9227.6
19001.4
5132.96
18175.3
35143.8
19705.7
28721.5
11638.6
22892.4
11322.4
24596.3
32711.8
28731.6
18558.7
7484.72
27508.5
8270.16
14737.8
21219.5
7608.08
23621.8
27907.2
13637.4
16898.2
6102.96
15216.2
12960.7
21698.3
23832.6
15970.8
22093.6
18249.8
6776.8
21825.9
21828.5
26030.3
10253.5
49261.2
4891.28
11785
20587.1
11620.9
9343.2
24192.6
19406.9
13544.4
19409.4
15436
15017.4
23577.8
26408
49358.9
3469.6
12004.2
33615.6
17609
29651.6
17975.6
54371.7
21486.5
12938.6
12361.7
27303.6
34822.2
17445.4
17961.2
42060.4
32594.6
15598.5
48311.9
14734.9
17988
12735.7
46129
17840.5
21858.7
28658.2
10262.9
21718.3
33171
19958.2
27609.8
14493.2
24815.7
10967.3
23481.3
24922.2
16020.6
32215
16874.1
17731.8
9716.56
14790.4
8381.28
8984.48
25566.4
8721.92
21958.1
24310.6
4236.8
20090
18203
4842.96
19657.5
11063.4
34959
29687.9
15752.2
15491.8
14461
18770.6
27528.3
16570.1
23998.1
18122.1
28608.8
13203.8
15981.4
24639.9
18004.9
24362.5
24218.9
6504.88
18848.2
13102.5
13962.7
13698.4
16769.2
18854.4
16667.8
12339.7
22108.5
21300.5
19416.6
38821
43312.1
7966.8
17470.6
14959.8
9929.68
14974.8
18442.8
26093.4
15184.5
8310.24
15489.4
18047.2
23960.5
35861
20174.5
15006
18999.3
29842.8
11313.6
25642.6
26986.2
11134.9
26942.2
11758.2
22469.1
15828.3
26678.4
15361.3
9578.32
22578.6
25361.4
24299.6
14236.5
10280.1
12927.4
10338.5
43305.8
21364.1
12049.7
27869
15310.1
40534.1
14064
11351.3
20352.2
23466.7
6918.56
27372
14012.8
22217.9
12992.7
18718.1
21940.6
21659.1
18153.8
6394.24
22011.8
26048.4
21265.2
27017.4
28073.1
19134.5
11955.5
33670.1
10656.7
28769.1
31000.9
15829.9
25448.6
13444.9
22347.4
20598
7321.6
32416.6
17673.9
43851.4
17246.5
24557.4
12341.5
23309.8
19975.3
9552.64
9918.64
23024.6
18007.1
11263.4
22611.5
22021.5
22127.5
14893.4
19041.4
22005.9
30487.2
23961.6
17689.4
42077.5
25411
17641
29999.2
7463.36
28101.8
13077.8
9532.32
34914.3
12872.3
8601.12
39179.9
17101.5
15876.7
15429.4
34118.6
20121.3
20339.8
31896.5
11104.5
16863.5
20478.7
21759.1
17108.5
9012.88
17009.8
36685.4
38522
24306.6
22059.4
33339.5
11257
25749
16725.2
24861.8
15516.2
35361.9
43941.6
27943.4
23279.6
18711
16349.3
40512.1
27405.2
25282.5
17025
14602.2
15554.2
15292.1
9733.12
32701.4
28575.7
21337.4
15391.6
32163.7
12794.9
32738
15119.7
28624.1
17913.4
20966.8
25705.4
23771.4
9143.52
13914.3
28075.3
39139.8
27705
29409
32301.7
46873.6
19820.1
20703.6
11465
18267
21308
30554.6
29175.4
7397.84
21571.5
20649.3
54373.8
56910.7
19246.9
17057.4
16678.3
23310.6
23882.2
9883.12
13687
15473.3
14648.5
18428.1
50221.4
11809.4
20304.5
11945.7
38913.9
24871.7
20735
32242.9
14257.4
19164.6
21113.1
7928.88
21503.2
36148.4
15787
14848.8
16581.7
21861.5
14116.3
29496.3
16175.4
6005.28
10406.8
11706.8
21047.7
12744.8
15096.9
20611.3
25380.4
24480.6
39444.2
40184.6
19924.5
36096.8
10199
12494.9
12797
23622.3
40678.8
30103.3
25697.8
22368.6
41554.1
17411
31238.1
27889
21792.7
37341
39561.1
13400.2
30324.3
29603
25816.3
38312.8
19763.3
29571.1
17326.4
30820.6
14071.9
16214.3
13518.6
4758.88
23367.9
20941.2
26097.1
7911.2
14047.1
29495
25099.4
13145.1
10969
15651.7
11553.1
13642.6
24092
30065.2
10288.1
17509.4
20632.6
13065.5
32114.3
9927.44
18941.1
35517.8
26559.3
30963
24269
37224.2
28332.9
21601.5
23448.5
42452.5
11707.6
16721.8
19421.4
26378.9
21912
29464.1
22043.7
21042.4
6956.08
28403.6
22303.4
23384.2
22133.8
14745.4
25776.2
7482.72
16345.9
19948.7
14219.6
30299.7
35443.4
22687.4
10526
20104.9
17292.4
18509.8
16426.4
16107.2
19861.2
10989
17812.7
28954.4
26516.3
18947.4
43238.2
20514.8
24629
13803.4
12505.4
26748
21610
12827.7
18713
45918.8
34217
30197.3
16414.5
21752
11509
20998.1
9724.88
16509
10164.6
11899
35651.6
36773.1
15948.2
13256.8
20374.9
23541
25037.2
35796.5
11832
9236.32
10999.9
29314.9
10511.7
25971.6
17853.8
13366.3
23181
21199.3
12253.2
30173.7
34755.4
26449.6
13783.3
32425
21391.1
33808.9
11278.3
40154.6
7455.84
6839.68
16630.3
29138.2
30787.8
33838.7
31689
21381
21055.4
22782.8
34856.3
16077.4
11041
34732.4
13939.2
17705.2
13788.1
17527.8
15256.6
6689.12
27057.8
20077.9
9917.04
14051.4
27599.1
14149.9
10372.8
31758.3
17888.1
27204.8
27126.6
38541.3
15884.9
17203
11344.4
33764.2
31103.7
8754.32
29792.3
21698.5
30960.5
18145.5
18033.4
8460.72
26344.7
26840.5
10265.8
5163.84
23788.3
31591.7
23037.5
12989.3
7753.84
11757.7
20085.9
6480.72
21399
13648.1
24231.4
6787.44
8998.48
8910.16
12736.8
19843.8
17255.8
16067.5
13641.1
13628.4
6648.56
8546.64
10289.8
13856.1
5838.16
11199
45026.4
6815.2
13162.4
20931.4
19036.5
9118.72
26157.8
24382.9
5963.36
31578.7
19560.4
24753
17139.4
8116
45659
16360.7
9385.84
12658.2
12056.1
11256.8
8152.48
7977.92
26711.8
36486.2
19975.2
4994.08
8391.92
15079.7
30962.3
16964.2
13040.5
11834.2
8530.08
34126.4
28191.2
10140.2
4768.8
15753.8
10095.4
30541.5
11469
12802.2
11967.4
16322.6
19456.2
7734.72
23680.4
10861.5
19623.4
29655.8
15417.3
13809.7
15342.6
30430.5
23881.5
29985
13774.4
13630.3
14204.3
30864.6
18899.4
37310.7
12275.9
22768.9
36000.9
14069.4
25696.6
9821.92
17276.3
23427.4
20244.6
18157
8936.16
18397.8
17809
14951.5
12231.1
17349.3
18761.6
33719.9
19150.6
17481.2
29924
10466.4
12334.6
18684.1
26844.2
13601.7
18326.6
8368.72
24513.5
21684.2
37760.3
19537.1
8191.44
11777.8
30696.6
12988.2
12170.4
26819.8
18888.4
30456.6
16684.4
28907.9
34126
12868
22491.2
27339.1
10387
14745
25524.4
12759.1
18711.1
39131.4
12771.5
28782.2
28007.5
28850.9
5969.04
13317.8
17110
29946.1
25678
25041.4
29493.7
14047
17988.2
9183.36
29828.9
14021.3
51260.9
22913.4
8283.12
23879.8
15531.4
16923.6
11671.8
22439.4
20470.5
29962.3
26149.4
31141.1
13589.3
22661.5
13683.8
32215.8
25684
23151.4
17880.2
17141.4
22712.4
15888.7
16872.9
9405.76
16837
17025.4
22856.6
19822.2
23016.6
23227
24087.2
38295
17941.8
35749.1
19473.4
22100.9
20972.6
14760.2
24233
12059.7
32722.2
18917.6
17941.7
28550
27281.7
29803.5
20387.6
26399.9
32871.6
21731.4
30309.8
14152
10977.4
28300.3
23424.6
20428.7
31454.2
23505.9
15350.6
24735.1
25321.8
16461
18194.9
42850.4
30085
14435.7
25497
18608.2
19908
17303
12876.8
26030.5
33033.9
34256.5
22799.4
23312.9
10865.4
15955.2
18433.4
10211.8
22251.2
16492.3
25966.6
14011.6
33850.8
6349.6
48233.1
17343.2
26857.4
10218.2
42476.7
14498.3
8429.76
31462.5
21368
10362
40593.5
24073.8
26081.8
22593.9
18009.2
29353
20224
31246.1
31140.6
36259
13184.8
22292.7
17030.6
14432.7
26095
27688.8
23174.2
32863.8
29150.4
28930.1
28917.7
29715.9
18787.7
34674.9
15161.9
18813
15988.2
12975.4
10328.9
20552
18046.9
23716.1
31944.3
21870
15240.6
11169.2
17430.3
27871.4
23414.6
12774.2
15042
15428.2
34903.8
22012.6
31028.9
18652.5
31589.7
18298.4
50898.8
26098.5
27415.4
23867.6
46497
9574.48
14763.4
14656.6
19081.4
21094.7
26117.8
19004.6
15648.1
18159.1
29062.2
27400.1
26430.6
16071.2
27651.4
17183
5203.6
12535.3
13358.3
28985.7
23819.5
26513.9
10200.7
20456.2
46147
17510.6
29401.2
16503
13603.4
8245.04
7498.48
34673.2
31197
44286.2
20509.9
6819.52
7491.2
17501.8
32268.8
20939.9
25033.3
16964.8
20334.2
23748.7
6996.72
27669.9
20556
24497.4
20086.2
30279.4
18945.1
34561.9
12695.3
20257.4
7282.64
23453.8
15153.8
31484.1
23063.3
38369.8
19538.2
24565.1
12233.5
37548.6
16175.7
23779.4
12917.4
22205.5
20681.5
34191.8
20808.6
7982.4
22153.8
21303.3
27915.8
34685
20511.8
49599.7
20279
9094.56
39719.7
24456
12536.8
24519.2
28580.2
17058.2
14743
11753.3
13164.3
35183.4
21479.3
35234.6
34486.3
25875.6
26199.7
16033.2
13099.4
15861.6
12598
31425.8
18761.3
14295.4
22314.7
27832.6
15271
33237.4
30939.3
25068.2
18118.6
10252.2
5391.52
14907
33199.1
41870.3
23508.5
14561.4
11864.2
20896.6
15351.5
31557.6
4164.16
26051.4
15638.9
19829.4
19471.8
32501.7
25223.8
20601.6
25490.3
15146.6
11993.1
29155.2
11899.2
12813.4
10869.4
13917.6
21744
11009.5
25199.7
28118.5
19094.1
12062.6
21263.7
13297.3
26126.2
31031.9
24121.2
28523.7
14659.3
28121.3
10539.4
15522.2
11501.1
18049.8
46336.7
13545.1
6633.2
15583.8
8638.72
26433.1
17187.4
24779.8
3712
28237.5
15650.1
11285.4
14606.7
15562.6
45371.9
28980.2
28201.8
21713.9
8446.16
14148.7
11053
21843
15467.4
16875
11045.3
25264.6
5112.48
20128
11955.1
21515.2
27228.1
24935.4
22120.8
11803.8
17438.7
20019.9
35858.2
28724.4
18583.8
15391.4
8548.24
30426.5
10133
44971
17272.9
23542.6
23586.1
23222.6
20988.7
16019.1
16966.1
36375.4
15316.7
39646.9
17290.5
15114.2
17618.6
12917.7
25197.4
8876.72
17026.6
11872.9
22417.6
18755
29165
18791
8532.24
15909.4
20777.1
13119.4
21269.6
27079.7
11783.1
24892.8
10270.9
14261.9
39954.8
15932
12725.4
13569.4
28946
11767.4
24964.8
18926.6
28658.9
30226
36933.4
9081.36
21171.4
12226.4
24622.1
6828.72
18279.6
23217.5
21531.1
15667.8
21241.8
21019.4
11778.4
15790.1
28534.2
9794.16
12753.9
8205.76
30140.1
4933.76
32662.3
22984
16378.6
11391.7
11059.8
20420.7
12553.2
8089.6
27785.6
19195.3
25488
34082.6
8379.6
22039.1
26640.6
14571.3
25034.6
17328.3
22461.5
21410.2
11299.8
18459.5
19962.6
23860.8
20071.4
25536.6
20766.6
8881.12
24754
6788.64
25596.3
10957
6660.56
6327.68
17013.7
10417.3
19823.4
44090.3
17493.6
23731.6
16883.7
12565.2
33859.4
24180.9
13944.9
17478.3
8841.44
21470.6
9697.44
16931.2
8797.68
11075
27491.3
17278.2
20441.7
14214
5974.72
15495.8
7627.2
15241.7
20875
14420.5
13831
29985
13775.8
16045.1
36433.3
7858.88
14085.8
4283.6
34211.1
25114.2
17354.6
19735.5
21824.2
21769.9
6515.84
31110.8
19969.2
10737.1
33536.5
11261.5
21655.4
15763.7
24795.3
31072.2
20311.4
50373.4
13374.3
19032.6
9331.12
35575.7
15684.2
14690.6
27431.6
29687.3
23045
19616
16861.9
18395.2
21346.6
25315.5
9751.76
6249.68
13056.2
5495.76
11519.3
30548.2
13826.4
26787.1
21622.3
18741.2
20097.9
17231.6
28162.2
19375.8
27154.7
14996.9
10228
16309.9
34796.1
28719.8
13748
12591.7
8541.52
14408.5
12849.6
9410
15229.8
22832.6
13145.2
27307.7
16293.6
10457.4
18029.9
19740.6
6009.6
23467
29082.3
27307.6
25130.2
21301.8
25287.1
16731.7
22268.2
22553.4
30537
13056.2
15579.1
15308.1
25232.6
35757.6
25294.6
10877.8
37655
9141.68
25464.7
42677.4
33662.9
14262.6
17105.8
21345
29580.9
15569.2
19628.1
9318.32
13345.9
9927.52
23872.6
18668.8
15884.5
39580.3
19027.4
18243.8
23865.4
20939
6694
12982.5
13106.8
18605
17345
19988.3
13934.6
15601.7
8391.36
19639.2
26065.8
13323
18108.8
17137.4
7238
29023.7
10407
15026
24222.1
8166.32
37588.7
8555.2
19346.2
24986.4
27794.2
13415.3
9573.44
26296.7
22946.4
16538.1
15244.6
23962.6
12436.5
16314.3
11076.6
16841.4
5358.8
41302
18525.4
8864.08
20195.7
21073.6
9511.68
14728.1
15053.4
6156.32
12035
21200.5
9753.04
31060.6
25373.6
40782.8
12670.2
18372.8
20320.2
19215.2
35774
16790.1
19567
18368.7
22481.5
10809.6
19111.8
16642.3
27969.2
35104.8
40984.5
26832.6
23661.4
13675.2
10979.7
15931.9
42444.1
18528.6
22119
10296.5
19571.1
10598
7152.64
7071.04
16583.6
19039.3
28675
14304.3
6031.44
16005.8
21557.8
7768.48
24823.6
12896.5
6758.48
18330.1
16869.5
19232.6
20480.9
14164.3
9421.36
40914.6
6407.76
23382.6
20321
17216.6
8356.96
20313.9
17342.2
12161.3
5390.24
12308.9
22155.2
18126.3
15272.6
21021.1
24463.4
19413.1
14259
43949.7
23184.5
22292.3
21399.2
11408.2
17019.2
24951.6
13843.9
24302.4
9559.36
30038.2
10693
24316.4
19989.4
29088.9
21402
21481.4
26801.8
36989.4
41861
9593.04
15380.7
25070.6
25918.6
33274.3
28635.8
13140.5
21411.8
12687.5
25153.5
15163.4
25393.7
28441.9
32777.1
5633.2
23612.4
23833.5
17778.7
27710.6
33399.4
37413.4
24625.5
21001.2
27850.6
23298.5
18646.2
14814.7
42425.6
22881.4
22077.1
27151.1
31734.7
30852.5
16927.4
26657.8
14941
23753.6
27608.8
29319.9
32647.5
20079.5
34923.6
27554.3
14586
18882.3
9573.68
12933
11372.1
39398.8
36414.6
12405.5
22970.2
16626
27765.6
24729
16265
17511.9
30954.6
27257.9
39712.6
27360.6
16493.9
25407.3
15947.7
11784.5
24372.3
26227.6
15464.8
18600.3
11463.9
27403.4
13310.4
15804.3
19425.3
19897.4
12757.5
16102.4
24475.4
16663.3
22526.9
20435.5
19765.8
11575.2
31446
19720.7
17519.8
10944.8
25355.9
26021.2
16157.7
19693.9
7130.08
31917.2
18463.4
21384.4
18744.9
8583.28
16050.6
13939.8
16201.2
13138
12413.9
19659.4
10201.8
21059.2
31944.6
22876.2
17997
33521.8
16403.8
6581.12
19094.6
27701.4
17150.2
19102.7
27118.1
6529.2
19501.9
41206.5
23350.6
16423.6
20327.8
6867.36
28448.6
30095.5
15153.4
11303.6
21669
26855.3
29178.2
33220.6
53396.6
17900.5
16015.4
15089.4
14166.3
17234.6
22405.7
18181.9
35251
16458
10332.2
11067.7
19283.9
15787.3
36531.4
9717.28
25201.4
26034.9
18153.2
23149.1
21851.8
13932
13519.3
11273
11751.8
28341.4
30825.8
21085.6
31562.6
21483.9
15679.4
29077.7
36987.9
26392.6
23921.1
19885.7
12410.2
11619
14591.7
25936.3
13961.8
13066.2
18985.6
16652.5
32493.6
35257.2
28129
20609.8
14159.9
9905.2
22583.9
43069.1
10684.6
15405.7
18295.6
28491
10615.4
19823.8
35855.8
23756.7
21780.9
23077.6
27296.2
28989.4
12204.2
23199.3
16891
23882.5
12534.3
36547.8
38389
29343.7
22135.3
31795.9
27342.3
17303.8
21095.6
26635.8
20522.7
10631.5
24440.3
10756
16212.9
15140.8
16210.2
11192.6
16734.6
18299.4
19388.1
28651.1
24488.8
31025.4
17508
14739.4
26649.7
12752.4
33870.4
8106.32
17979.3
23022.2
12292.9
14033.3
9626.8
19370.2
26739.8
40791.9
12635
22157.9
25461
24454.1
27314.8
12839.9
10249.5
20945.9
18961.6
7789.76
21853.4
18337.1
19602.7
21353.3
15260.2
12296.6
15445.4
30249.8
40862.8
18158.3
10094.5
21221.2
26965.7
10789.9
15725.9
11269
14288.7
8669.6
11098.6
34145.3
17703.1
37989
26078.2
27889.9
21035.2
22697.7
32784.4
22909
26782.8
21723.7
19105.7
37901.8
36948.4
20249.3
16679
21773.8
37845.2
20342.6
43178.2
23619.8
24522.6
19498.7
20050.6
11933.2
27175.4
15902.7
24443.7
10328.1
11957.4
14296.6
16325.8
22674
23742.5
20580.2
37094.3
37792
18481.2
12646.2
18985.3
20341.1
14215.4
21690
24736.2
18894.9
13559.4
20194.4
36519.8
22458.1
23982.8
27819.9
12092.7
10218.5
17767.7
22777
23035.8
11986.6
24788.7
11667.4
33871.7
16423.3
17797.9
34446.4
12123.5
6771.76
17249.4
26510.2
12927
8656.4
12801.5
16093
15726.8
20312.9
18945.8
21659.5
28757.4
16646.7
17355.8
19248.2
33606.9
37832.6
22048.2
39602.8
23382.6
25176.1
8122.48
35651.8
23666
16281.4
37114.6
7935.12
21309.5
23612.2
18194.5
43423.4
18493.3
21776
25928.1
34370.2
11410.7
29836.1
30351.6
28739.7
26489.5
13498.6
25673.9
21953.1
36643.7
15182.9
24676.6
13244
15249.7
29223.3
33435.9
7475.6
9397.84
34280.6
22174.6
9273.44
11014.2
18310.7
13815.7
24259.6
22561.8
25897.2
27493.4
21919.6
31988.7
23457.4
41675.3
20787.8
16020.7
13385.6
31096.8
15108.6
15442.4
34452.7
31682.9
34229.4
29485
31999.2
47402.3
17413.4
27946.2
26455.1
17212.7
33785.9
20175.1
13462.7
26367.3
19668.6
18938.6
30167.3
14368.2
30983
21897.5
26230.6
12831.5
20381.3
10230.2
11096.2
17485.4
10344.7
29383
19197.8
10770.1
21567.1
27194.2
27968.4
11909.9
16865.1
20584.6
21452.2
19274.2
21111.3
14756.9
16021.7
9210.64
14528.7
17265
16722.3
36960.5
18207.1
15243.1
21058.2
17943.4
16719.6
18171.1
4821.92
13081.4
10683.6
25009.5
21754.6
29542.2
17866.5
9718.24
9958.32
21468.9
24537.4
23851.6
14133.8
14265
22387.8
15154.4
25198.5
22095.8
14807.4
13068.9
23265.2
11671.9
30175.4
16934.9
7979.28
23560.2
20406.4
28170.3
26511.4
6181.92
26334.6
23325.3
17455.9
35554.9
31972.5
26853.2
11755.3
17250.2
28663.6
12349.6
17901.6
21061
7171.44
10234.4
29175.7
19685.5
20415.3
18973.2
7351.04
19019.3
11406.2
18569.9
11085
16457.4
9019.28
9983.76
31025
12071.3
13630.5
21495.5
7755.92
13771.4
7574.96
20148
22322.8
5509.28
19772.9
14513.9
14630.5
14319.5
22393.7
4801.92
12548.3
31736.6
9692.48
13090.6
9800.96
6563.36
15633.5
21503.1
22134.3
37788.9
18322.5
31860.2
17651.3
13032.1
11634.6
24350.6
15200.4
5225.92
13597.4
8281.12
12584.7
51009.2
17477.5
8978.16
19175.3
14376.9
12389.1
15279.7
27493.3
13716.1
20600.2
13943.8
18475.8
17205.7
33811.1
23732.6
13709.9
24352.7
20256.2
19405.1
12694.9
36470.5
15308.2
7920.88
24761.8
18599.6
23447.2
22619
12497.4
14690.8
13621.3
15564.7
21248.7
23553.3
29490.6
32171.9
18979.9
15772.5
20486.5
33620.8
49165.3
15969.4
24699.1
25468.6
20545.8
27688
37678.2
24956.2
12471.8
10047.8
35137.6
24159.4
38067.4
45167
19047.1
7430.24
40209.3
19283.4
22469
18698
21312
9130.08
13121.6
28187
34621
20923
38666.8
23176.3
40027.6
17389.7
14295.8
38937.4
12355.1
17310.2
20323
27134.8
29921.2
21029.6
33271.4
12222.2
20761
20969
25707
36135.4
29089.9
20457.4
40865.4
9656.8
11761
16346.9
27089.5
31281.4
33144.6
23026.4
46141.6
27190.6
32631
8286.08
33354.7
27300.1
29017
23417.7
21454.4
12154.6
12088.3
18417.7
21240.9
20662.6
14753.9
30901.8
16057.4
19058.9
13451
16608.1
16407.7
32614.8
22595.9
13247.4
13577.2
20956.9
27509.2
16567.6
33754.6
46711.1
26912.4
20443.6
18864.9
28208.6
27569.1
39761
11220.9
19099.3
19895.5
29048.8
43885.2
28550.5
14652.5
6942.4
19881.9
22008.6
26352.3
19371.6
13077.1
20695.8
17315.9
18856.5
19700.4
31714.4
8044.88
15165.7
13370.2
41141.8
21094.7
24355.9
41948.8
23816.6
21365.9
43033.2
22156.3
23701.5
20844
14888.8
19521.4
13656.2
29527.9
25213.8
12544.4
12287.7
17683.4
19291.5
34819.7
19791
23252.8
23792.1
13611.8
12581.4
33104.6
36601
18171.1
19656.2
31753.8
15999
12612.6
14790.6
20678.7
17177.2
29436.6
25694.9
16598.2
13946
16375.1
15781.1
15738
27454.5
42287.9
22995.2
28803.2
19272.7
21891.4
24958.6
16248.5
13798.8
11008.5
8666.72
6698.88
22313.9
44517.4
28606.6
21466.5
8079.28
13295.5
39468.7
22321.5
20727
17553.8
7024.16
9867.2
24610.2
12426
19158.6
30673.8
31926.5
20353.2
21520.6
12446
14183.8
29915
10880
37016.5
22351.5
35097.9
22421.4
34263.8
18447.8
13373
19795
17311.8
16661.8
17252
9427.6
24081.2
28789.1
34987.9
11711.6
22441
11454
8191.28
33750.6
20381.8
26704.9
16313.8
24020.7
14752.4
15193.4
15009.7
15495.4
15974.7
11582.1
35610.8
25627.8
34139.8
23573.9
14675.6
11159.6
17625
20140.4
24890.2
42117.1
14809
29044.6
22015.8
18302.5
29761.4
40131
15953.5
14724.3
22770.2
25674.2
17454.9
36376.4
30239.3
38715.9
26284.6
26947.5
23844.3
20824
24719.4
10179.9
32132
19355
12256.3
17306.3
5580.32
36557
17300.2
8168.56
16151.9
28688.4
9600.4
14521.7
17197.4
20204.5
9337.28
17853.8
28032.6
12939.9
35058
13972
10588.3
30093.3
9884.08
22517.2
12949.4
21323.4
32827.2
17441.5
12337.5
28773
7297.76
8503.68
12031.3
13406.3
24615.4
25999
11071.1
22953.8
39453.7
46439.9
15709.4
40455.7
25006.3
7919.92
28110.5
20361.1
12522.2
37928.3
16875.1
22731.5
19688
24823.1
20202.7
13132.7
12706
31727.3
33898.6
18928.5
37164.6
15195
4756.4
24391.5
14815.8
15499.8
33747.4
27736.1
20772.8
18031.2
10893.1
15803.2
19820.6
21840.9
20625.8
34101.2
13017.7
22993.9
31021.4
15635.9
34856.8
16827.4
15678.2
17508.2
54816.9
22458
24677.1
19485.6
42118.6
25440.9
10901.7
22743.6
16753.6
21736.3
12769.8
15851.5
19997.3
15149
16065.7
48543.5
40703.4
11630
6929.52
15543.2
11962
13389
20189.8
31304.9
27017
19363.7
38499.1
11164.2
22138.2
13155.9
20608.6
16164.3
23155.4
12899.9
39331.9
16115.1
8880.56
25192.9
30311.1
10899.4
11422.3
22886.2
17813.3
20747
18965.2
25083.4
20766.4
26508.5
22454.9
27000
12965.9
24171.2
22837.9
15797.5
37364.6
25723.9
26028
24326.2
24395
11568.2
28314.6
18654.7
19570.8
14931.9
18766.2
30679.2
19641.6
19256.5
41315.8
11678.9
10735.8
19271.8
19695.9
32399.4
21013.7
28034.8
34431.8
10875.7
18677.2
17311.1
13710
28600.2
29057
8443.84
20584.1
23918.6
14340.6
28172.9
18557.4
12647.7
22683
19896
27973
11994.9
5430.72
30291.6
17845.9
13287.6
20262.4
11277.5
14963.4
33632.8
12474.1
33093.6
18250.5
20370.2
15827.3
10189.5
16111.8
12104.2
17276.2
39970.6
22397.5
18621.2
9913.12
12608.6
22370.1
20260.7
36276.5
15156.6
13288
15755
20076.1
16951.4
47499.1
15395.8
10994.5
44471
10469.8
17068.2
13266
56157.5
34220.4
20023.9
16565.4
23043.8
34332.7
19343.7
29565.7
12151.8
29953.1
14880.1
8772.32
48472.6
18266.4
27374.6
14059.6
6079.76
33122.9
16807.3
28135.8
40649.8
19109.6
22075.8
18196.8
10297.1
24084.2
43387.6
15091
21044.2
22958.9
10297.4
21608.8
17608.8
20138.5
19044.5
18100.6
19815.9
24941.9
21912.4
20585.7
20547.8
23293.8
20213.8
11234
16466.2
21576.6
14326.8
19014.8
32835.1
11088.6
37241.1
16930.4
19262.5
20971
7472.8
15221
30606.9
7425.52
31266.8
25416
18689
26608.2
10994.6
14044.6
56631.8
23460.9
30476
48382.9
21422.2
20333
32584.4
27796.5
28812.2
12902.8
18524.4
18922.8
18352.8
25685.7
19039.7
32193.7
16107.2
23144.5
17745.1
13839.9
31671.9
13120.7
19858.3
28349.2
27872.8
23552.5
12684.5
31251.4
15891.5
17602.3
9220.48
27523.1
22446.8
16599.7
27002.6
33178.6
10408.8
21785.4
26988
24068
22108.2
16438.3
18823
9739.92
20405.2
23569.8
29981.2
15178.6
19321.1
30771
17378.7
18345.5
32672.6
13402.1
34479.3
11852.6
12669
25892.5
15224.1
11050.6
12654
11856.5
39223.8
30669.6
16683.8
19348.8
15418.5
12620.7
23533.4
23919.9
20130.4
9729.84
6886.08
26822.9
24154.1
13343
22358.1
10178
23737.1
14715.2
18201.8
17570.3
17977.7
16704.5
18747.5
10340.3
13815.4
30883.6
11656.6
14476.3
7019.68
30537
11885.9
18235.8
15527
17716.5
17429.4
26851.4
10530.4
30533.6
26623.8
21235.9
22958.2
14695.8
24238.2
18403.4
24998.7
58296.1
24912.2
22732.5
9979.6
27657.3
8915.04
14629.8
40829.7
15783
23274.7
18568
31227.8
13521.1
16741.3
36834.3
20683.9
26713.4
6440.24
12655.1
22400.7
30065.9
26481.1
39146.1
29167.4
26344.8
18755.8
13657.6
14863.3
28240.9
13985.4
24194.9
24838.6
42725.4
23211.3
22208.6
11443.8
23805.4
19088.2
12071.2
21902.2
16377.8
25103.8
15415.2
12312.4
12372.3
15245.4
26652.5
7506.56
16531.6
13849.6
12109.3
15544.2
17827.8
14942.5
15955.3
31385.4
11087.9
18733.4
19154.5
28868.2
26385.6
18746.4
12389.8
19298.2
18263.9
12838.2
26568.3
8441.2
45765.4
18098.8
23974.2
25885.5
14932.6
14220.2
26301.4
12381.7
14890.5
16073.3
10757.4
26329.6
22711.4
14108
11076.6
13708
14464.6
10298.6
35528.8
8903.12
21158.7
25280
19117.9
11422.7
51376.7
22154
29874.5
24636.1
36485.2
41955.6
19938.6
15393.6
17546.1
17141
15017.9
30195.4
22410.4
13564.7
26407.4
17117.8
35244.8
28373.9
25208.6
30279.7
24518.2
20087.9
20353.8
21574.3
42834.3
22863.2
23268.2
26493
25469.4
23617
28529.5
55188.5
25182.6
18295.6
14539.7
15661.5
16642.7
22688.6
31582.4
18706.1
26837.7
13130.2
18959
12560.2
18406.2
27652.9
22297.4
30113.4
12393.8
24335.4
30915
18976.5
21543.4
18706.4
18140.3
29879.6
29434.7
11195.5
33588.6
16765.1
25294.8
27329.2
15458.6
19654.3
8019.44
31799
46958.9
10096.5
36452.4
20672.7
46485.7
34260.4
18590.2
25555.9
16427.6
23105.4
22908.3
34271.8
21110.5
16611
22677.6
25347.3
14643.4
14882.2
15487.3
6887.28
30785.8
20399
27710.6
19569.5
16275
35515.9
23233.8
33695.2
30922
26965
17825.7
21312.4
30093.7
38640.5
28355.5
15377.5
16180.7
30296.1
14669.2
31879.5
23345.2
17770
39263.9
12393.3
27689.4
14979.7
13756
10400.3
18877.2
22123.1
27146.5
13546.7
22296.2
16349.3
27992.5
13486.1
7537.36
9063.6
22924.3
16169.4
24500.6
34745
24963.8
16656.1
20996.2
25438.7
17054.2
44310.6
16505.5
18492.2
8299.92
11420.7
10814.5
16401.6
15620.5
36208.2
9082.88
12216
11673.9
22855.1
30907.6
47829.4
29204
13378
19098.4
28184
15728.4
29577.6
29308.6
12901.7
12541.1
9389.36
18972.4
20954.9
20075.8
9392.8
39539.9
16783.5
22104.3
33038.3
12073
19453
19313.7
10088.2
17241.4
18401.6
24337.8
9406.16
12193.7
20915.4
14211.4
16358.4
8797.36
26072.2
22180.4
11627.9
20971.9
16823.7
29474.5
14294.9
17417.3
23845.9
26396.2
29630.1
16980.4
15513.9
21013.9
32493.7
26758.7
23184.2
35462.2
10368.5
18176.4
16231.9
15838
20569.6
39696.5
20042.1
28590.2
14490.7
34647
30034.8
42819
13227.8
19629.3
9534.8
16681.3
26505.3
20972.6
16105.1
29869.4
15684.2
16432.3
19926.1
21955.9
16460.6
29747.1
16082.6
26442.1
31619
12565.4
24662.2
25410.8
28070.9
9112.24
65950.6
15823.5
40657.3
12275.8
22879.7
32571
50388.3
25619.8
29705.4
27747.9
27571.4
28088.4
34242.6
25681.7
27580.7
27971.7
9149.84
18418.2
16615
24270.6
22713.9
25038.9
20008
14515.2
25563.3
19482.8
14621
11703.7
26283.2
18731.4
13166.9
20264.6
24885.8
18123.8
31626.9
21321
20773.6
24638.3
32050.6
33224.8
21806.7
15579.5
31401.2
8956.88
37423.4
20924.4
30534.2
20654.2
20125
29473.1
14649.3
24284.2
24378.6
15790.6
19122.8
24026.3
15956.5
19620.4
22619
27422.7
17194
36658.9
8989.68
7568.48
23835.8
27954.1
27472.6
11484.6
22789.6
19742.6
15766
20720.2
22749
27458
11478.3
19575.9
26378.8
27377
25809.8
6317.44
24912
9985.76
24178.1
31641.3
14017.4
25973.5
33064.6
10454.6
12652
13752.6
24749.9
21538.8
17274.6
30215.9
9050.48
30562.6
45271.6
11527.3
11407.2
15995.7
16125.2
6402.56
26980.1
29825.1
33986.6
24193.4
37206.4
17659.9
20625
21879.3
29955.8
16854.6
18776.5
36619.1
38324.3
29595
13179.1
17989.8
11687.4
20554.7
22354.6
9255.28
36581.2
3166.4
38238.1
11862.8
28075.5
22220.3
16562.7
12383.1
14428.2
18353.5
28875.7
6185.28
12812.3
32563.8
29559.7
8962.8
38228.5
23388.8
21112.4
21932.4
21593.1
22864.7
18983.5
28295.7
19957.1
13456.2
13748.2
15924.3
13462.2
18711.9
12404.8
14177.3
8497.84
22407.4
36395.8
29760.7
22016.6
7109.28
22717.5
17980.2
21822.3
17513.2
16613.8
18867.5
28397.8
22607.2
12759.8
5967.28
16625.8
21115.5
11232.9
9440.96
8088.48
12039.1
10107.4
28487.7
7802.48
14123.9
38401.8
32367
17900.8
12485
29804.8
17310.4
15294.2
18052.6
15602.3
19889.6
20119.6
31038.3
37157.6
14373.4
15304.1
19034.6
11539.3
16163.6
18050.6
41466.6
31898.4
11492.2
29078.3
22759.9
33304.4
22023.3
22367.2
19601.9
29464.1
10900.9
24480.2
21854.7
20605.8
23821.9
33151.6
24848.7
20353.4
6749.2
25954.6
21336.1
30485.4
36402.2
15765.4
8395.36
15288.4
19161.4
11440.6
14448.5
14236.5
29961
23092.7
40124.2
27106.4
13567.8
16053.3
28122.5
19841
21696.1
29860.5
26777.4
21551.3
16007.9
22831.8
28102.7
11478.5
23589.5
32986.7
11998.9
24126.7
27776.5
21161.2
23124.2
15779
23237.3
10116.4
24790.6
23738.2
12760.3
15590
28747.4
17779.9
23414.9
19531.6
18517.7
8738.32
6915.84
31189.9
24809.4
63250.3
12759.4
9898
17646.4
24423.8
30885.4
31039.8
18273.7
14225.8
25732.6
16124.9
24741.1
28877
21126.1
7703.04
31677.3
23112.3
19429.2
56005.2
14238.6
32600.6
11027
23425.4
19041.6
28895
25332
15925.8
22286.3
21905.7
37525.4
36170.4
18482.7
23937.4
24158.1
16215
21019
21201.8
23030.6
19700.1
20744.3
33193.1
29036.6
13354.2
10145.9
25319.5
42023.6
10891.7
8775.28
20692.8
27550.7
10776
35661.2
40023.7
23665.8
13934.4
22235
16780.4
24694.2
14213.2
28005.7
7479.52
14497.4
13531.3
26329.5
13271.4
16489.4
13919.8
21315.7
12024.2
34011.6
32117.5
21394.2
35545.4
21647.4
38738.5
16574.9
31200.6
18881.5
10329.5
24289
17061.8
23128.7
63380.2
17951.9
29469.4
17164.9
30792.6
25043
29121.3
30407.6
26833.8
10792.6
15643.4
39199.4
10848.1
29837.1
23519.5
14458.6
10361.2
18402
29333.7
26675.5
28008.5
13204.4
24457.2
20367.7
42597
32928.1
38117.7
32101
14553
23463.9
27711.4
12740.5
14361.3
31031.2
8849.28
14557.8
32006
14091.1
27616.6
39098.6
21663.3
21127.2
15264.9
11182.6
12525.6
24942.1
26517
10652.9
33856.3
18601.7
18844.2
23150.7
17167.1
25106.4
19473.8
21209.5
18816.1
16350.8
27993.5
18425.9
13087.2
24067.8
23528.5
20575
9812.64
20407.8
24653.4
17467.6
24811
27926.6
12065.9
9208
26321.1
17279.4
25553.4
37007.8
21522
12713
22718.9
15916.7
11631.8
13960.1
22326.2
10790.2
32844.9
11295.4
35939.7
26877.4
20546.2
17280.3
29782.6
34254.4
37068
18925
38999
20728
21738.5
12451.8
23611
32329.1
26619.4
9599.92
19345.1
37845.3
57651.2
14124.6
17299.8
20450.1
44111.6
34369.4
31830.2
23340.2
14438.4
41914.5
24154
32116.6
19732
19209.2
21350
41520.8
9689.12
20951.4
24533.8
19235.2
17278
25352.7
24126.6
47123
10273.5
10073.2
15607.6
25511.4
25984.3
53534.3
32205.1
18923.9
41864.6
32277.9
33943.8
30652.1
11186.4
36231
14615.6
17866.1
70419.4
25591.1
21666.2
16386.1
14654.3
22793.6
38491
35954.6
47093.3
19012.1
33299.5
28432.1
24691.7
27184.2
35292.6
22192.6
33202.6
19028.2
26066.6
16898.2
20891.7
24575
32641.5
18783.9
15005.2
11056.1
20900.5
8383.04
16836.2
19498.1
19410
21188.5
10896.6
20943.1
38560
31042.5
27322.6
20338.2
11383
10611.3
26738.1
29007.2
25416.2
22650.6
12736.2
25789.8
26915.4
19322.2
25638.2
19950.3
15139.2
15385
24028.4
29523.6
33264.6
16086.8
14569.4
23385.5
31597.4
9230.32
14659.2
46570.4
14084
16210.5
23327.3
35807.4
37835.3
19812.1
31167.1
14746.6
11916.4
16458.7
31475
18478.7
26896
17185.5
15386.7
17658.6
20900.6
32232
37362.1
24947.8
35472.6
19284.2
19802
17820
28992.8
27879.5
22347.4
12276.1
23688
20003.1
30847.4
19755.1
30882.3
21632.4
10230.2
16632
21450.4
29595
21952.2
29942.3
21524.7
15677.9
36699.7
36250.2
26967.4
35020.5
10461.9
13599.1
14868.5
10241.6
16655.9
21212.1
16973
12244.4
11072.2
13271.5
23658.4
34438
34666.2
12076.3
26428.5
12114.8
29133.8
26623.7
25694.5
30197.8
28290.2
11758.9
25977.8
32751.4
18965.7
28558.4
13263.6
22538.7
22196.8
25355.9
24137.7
23187.2
28704
22771.8
24528.2
21954.8
8895.92
34434.6
14970.1
19604.1
12673.5
30538.2
16405.6
10222
9825.12
22391.8
16996.7
13753.7
22527.8
25276.9
10839.3
15966.9
30082.6
17710.5
28475.3
11235.7
21042
18355.5
16337.2
21998.6
26846.3
37478.4
13972.2
9629.52
22425
12292.3
21987.1
18549
17787.9
16118.5
27791.7
24414.2
31095.9
13488.6
32658.9
27553.3
21312.1
17587.4
12519.3
29849
31247.2
16564.2
31257.8
11477.6
21010.1
32089.4
25932.1
18743.9
29981.1
19784.5
11505.7
16133.3
16268.8
12114.4
10811.7
20756.8
21442.6
17698.2
22665.3
29530.6
7373.36
29776.6
27723.8
28219.9
30626.6
21108.1
30418.3
18517.6
16885.7
13868.4
14578.5
26282.3
28409.5
9293.84
21838.1
37273.2
19813.8
32593
26584.1
21327.4
13300.6
16075.6
22474.5
23282.5
15000.3
38967.1
14690.1
15365.8
31315.3
20236.4
23514.8
34120.6
11528.1
30523.3
26335.4
31352.2
34225.9
26914.2
16918.7
25505.2
36597.3
20698.8
15327
12453.9
23623.9
13996
34223.1
24926.2
17852.6
28908.1
13687
33523.8
17984.2
11687.2
6949.76
8837.84
21636.2
28028.5
20587.4
18103.7
12775.9
11705.4
14201
19755.4
6066.64
11994.8
9367.04
14593.3
30175.3
23232.6
13367.6
12744.2
6806.08
17649.1
40961.8
15337.9
16447
8778.56
14642.2
42080.4
28415.1
20928.4
24634.3
31546.6
25093.8
12606.3
23608.2
35015.4
23146.9
30920.7
36429.8
15887.8
39489.7
14371.3
31734.7
18728.5
20586.2
18214.6
23539
25169.2
22995
27142.3
25983.9
31877.2
24336.5
18958.9
23686.9
33525
19799.4
17360.7
23940
14606.5
16481.7
15105
16209
14895.9
31187.5
18829.8
15007.8
20238.9
18681.7
25730.1
15687.8
22029.3
21132
11255.8
27393.4
29426.4
32032.1
25720
10565
24591
18460.7
19585.5
30162.3
14131.4
17074.6
15686
16018.5
17612.2
11539.4
22460.6
26145.3
13862.1
34688.6
19040.4
20321.8
35121
31295.6
12135.8
37000.6
13222.6
21824.8
12933.7
8485.28
18174.6
46738.9
20310.4
14190.4
35843
24015.4
19482
28985.4
25210.6
31507.8
18783.8
16021.2
19304.6
26379.2
35146.1
21272.1
30236.4
20399.8
27235
20639.8
24347
28009.8
18857.3
41417.6
21097.7
23966
11198.6
19269.9
22751.5
26037.4
11530.2
18247
13095
29572.6
21917.6
34699.1
15657
25892.6
10908.8
8881.12
43623.6
42614.4
31541.9
16521.9
32453.9
20170.2
11933
23509.8
19373.7
44486.2
22517.2
12556.6
13589.7
26281.9
27089.2
14849.9
12693.1
15994.3
33266.7
21772.8
16837.8
23413.3
18624.4
35630.5
26691
13458.2
29001.2
18745.8
17460.7
25137.9
22233.5
15648.7
21884.7
33378.9
33180.9
18416.2
21276.1
27096
36862.6
12544.3
9843.76
18087
24503
17213.4
18352.2
24645.3
36629.9
14989.2
28651.9
33927.8
20102.2
26080.1
9975.12
12917.4
31573
25862.4
12218.1
21473.2
10513.8
27589.4
25152.2
23509.4
20301.3
15043.1
8874.16
17827.7
19277.3
18325.7
13717
30038.9
23559.1
24606.2
23679.6
22804.8
27695.9
22937.5
12872.1
15309.8
27037.6
28113.5
21159.4
38254
28456.6
25957.6
10176
33233.4
5816.96
9720.88
13213.5
6605.12
30601.3
28275.5
23648.3
24477
24939.1
22658.5
41631.4
25356.9
14611
19876.6
20885.3
29561.8
14934.3
35792.2
28021.6
38746.2
21713.1
24123.6
13956.7
21675.1
13144.4
24442.6
19359.8
19771.9
35966.1
18424.1
28031.5
32749
22687.8
13533.2
12235
23974.3
17684
26070.2
9750.88
15601.4
28124.3
37163.1
33837.1
21501.1
16137.9
20019.6
11561.5
25766.2
11415.3
13752
18572.5
13559.3
17745.1
21804.4
29651.1
34791.8
16684.2
15469.7
15421.8
22126.9
12944.9
29798.7
32723.4
25827.4
26525
17550.4
11485
28767.6
15141.2
25445
26933.3
18556.2
17261.3
14292.7
12373.4
17914.2
13084.6
22483.6
21619.4
21158.9
28353.8
30286.3
31028.1
24139.4
28428.6
16802.5
14069.6
20293.4
22316.4
21064
18847.3
25506.3
36327.6
56402
25536.6
9467.44
10129.4
18485.3
17521
13032.6
22164.9
21040.2
8839.2
26351.8
18557.2
28171
12490.1
21623.8
6540.56
15885.5
21105.9
51224.6
12042.7
21083.2
12317.8
14813.8
16542.5
8524.48
11069.4
23423.6
10388.1
41161.7
21299.1
22059.3
7470.4
21622.8
26558.4
34679.5
33649.7
19282.7
15996.4
17874.3
23055.4
19189.8
24858
21467
19756.6
26870.3
38063.4
13111.2
18847.4
38681.1
15732.9
11480.3
33098.6
17200.6
34929.4
29493.4
47668.8
13538.5
37852.2
15532.6
26607.3
21971.8
30439.3
27342.9
28458.5
19128.6
15017.9
9205.28
50902.6
12294.6
49791.8
17159.9
18409.1
16330.2
14996.9
24403.8
16213.5
22777.6
21781.9
9647.92
19413.6
30718.2
20015.5
30454.7
18167.3
16531.6
14999
30579.4
17476.1
26030.2
11462.8
19540.8
30109.8
20449.9
9202.08
18627.4
17382.9
29770.9
26949.8
12878.5
22805.8
31421.3
21676.6
17101.4
24543.3
18695.8
23182.8
15457.7
34471.4
36191.5
27821.4
19500.1
19659.4
21844.2
25119.1
20289.2
11185.7
17389.1
21791
18346.8
17490.9
15989.8
20251.6
26595
15797.3
37375
21592
17261.7
20888.2
20967.8
11047.9
14848.1
27840.2
12023.9
25550.8
13610.2
19888.9
17883.8
17609.1
10288.7
16325.9
21779.3
9887.92
22613.8
16415
8325.12
17690.8
23671.7
19334.2
11264.6
13808
14042.9
16400.4
9041.28
15002.6
11542.2
28891.8
11461.8
15542.6
10658.6
26489.3
34777.3
20537.9
10472.1
14572.5
22979.4
10942
20556.6
12484.4
11502.5
22754.8
11735
11303.8
33193.4
20908.7
12554.2
15295.2
24640.6
7396.8
20452.6
13621.8
8033.44
14468.6
17881.4
7466.64
13279.5
28505.4
24301.2
13259
8340
15374.2
11618.9
25907.8
14309.3
13792.8
8280.64
19594.1
10081.4
11107.4
16392.8
18749.4
12701.4
32539.8
8650.64
21604.6
8482.48
19905.1
15149.8
21965.4
25230.2
14090.7
13347.6
21460.2
15496.9
29753.5
17633.4
28385.6
19665.8
9441.84
21652
12906.9
19290.4
15761.2
14600.6
13443.8
13967.7
18447.3
17276.1
32766.1
13015.5
25670
18817.1
15888.7
10253.6
19624.2
22184.5
32082.6
21496.4
10207
16926.6
41474.8
10885
14739.8
15227.2
12136.1
9727.6
8978.72
19364.4
18045.5
23661.6
13460
23459.7
12679.6
21347.7
17625.8
15558.1
28272.1
26895
34842.3
12619.4
18502.9
22395
22713.6
18762.1
15843.8
19225.3
26667.4
21766.5
24163.7
10821.8
24819.4
33950.8
28498.2
29015.2
7399.6
16356.7
29210.5
16555.5
26117.3
17667.9
19768.2
22853.4
32497.1
34041.9
23124.5
11839.8
44767.4
10286.5
11083.9
31365.2
15252.8
16919.5
23983.9
18063.6
13336.8
10098.4
15788.6
26693.4
14285.1
25155.3
29771.7
33950.8
19046.9
21852.7
12287.7
24991.9
11747.2
25442.9
39923.5
16207.5
21991.8
10840.4
14487.4
18396.3
16259.1
7857.04
22405
10103.3
12625.3
16773.2
5558.48
11827.1
9334.08
26140.2
18623.3
32029.8
36181.4
10728.4
27409.4
29851.4
9885.68
12190.3
10919.3
19643.9
25992.7
22303
32467.9
11925.4
25176.6
13273
24810.2
11156.3
11184.6
35627.8
21763.4
17009.9
11007.8
23638.2
9771.28
12762.7
7354.8
13277.4
10067.9
32330.7
11989.8
16355.8
21551
16769.5
14002.4
22301.7
17863.7
30492.5
35223
24865.6
12201.7
12928.3
16422.2
28668.5
22532.4
39837.3
11155.8
9892.56
16249.1
19047.6
14182.1
18102.3
30452.2
33575.2
19123.9
11048.9
33166.9
13393.7
29475.5
11252.9
36642.2
9844.72
23506.6
17575.4
22422.6
23835.8
21430.7
34578.4
23859.2
18871.5
15333.6
16509.4
8834.48
21542.7
20880.7
18688.5
23181.7
8461.2
12472.9
11962.3
25868.7
10352.4
12231
17133.9
15846.3
26291
27944.6
15416.4
17661.2
14083.3
19600.1
12862.2
27808.2
15593.2
19490.9
11989.5
9067.84
10027.6
4993.52
33306.3
12149
25966.1
31309.2
7987.04
28693.5
13973.8
15341
30615.9
13975.1
12056.6
26305.8
19217.4
17328.5
13419.9
20825.7
15898.2
33623.8
17821.3
10722.7
36583.1
11450.6
16141.9
17547.2
19452.6
11851.1
8191.68
31775.9
16142.6
23598.7
38980.9
12965.7
10862.3
26990.5
33451.8
23551.3
11508.8
10595
19817.4
10633.6
20883.1
9872.72
32266.2
42623.2
18516.6
8941.76
10459.6
20921.3
20933.8
30050.2
11801.5
12155
8195.2
24666.6
9645.2
23503.3
12684.6
21915.8
16759.4
25113.5
17170.6
22764.9
29607.4
22116.2
9559.36
21918.3
32085.8
18524.9
18367.8
21984.2
21641
14334.2
24024.4
15542.8
38420.6
35044.4
27434.5
22981.8
24108.2
20647.3
19097
17956.8
28209.2
22621.8
30202.1
13343.1
34425.9
23719.3
39344.6
43332.4
16106.1
20109.1
21935.6
7025.2
34990.5
13152.7
21198.5
10124
17187.8
10113.4
18135.9
26761.4
14542.7
28390.2
30217.7
5747.04
10537.4
33147
36354.9
21458.6
13163.5
33306.6
16617.9
19069.8
32988.7
9566
8436.56
12949.6
17676.1
18113.7
17959.5
22830.2
9501.44
26621.5
15309.6
8522.72
14506.1
17472.4
13854.1
16749.4
38616.5
15972.2
16772.2
9867.28
17511.8
38315.7
33098.3
34184.6
26599.3
32123.5
18831.7
31555
31131.9
16959.2
26991.8
27239.9
16057.8
16494.3
15503.8
18851.3
21771.8
37889.8
15257.4
8842.08
15316.6
8977.28
23788.8
16692.3
22235.3
26808.8
6391.6
10269.4
29253.5
16274.4
47048.2
25844.7
20880.7
46063.1
39267.8
14787
20891.3
24752.5
6745.36
19867.5
40226.7
15071.5
14231.8
16886.2
8519.92
33020.5
24049.7
18125.4
13336.5
13396.2
27590.6
15468.6
13027.3
22378.4
6745.2
31725
14561.4
11303
17438
11365
11368.2
9350
16476.7
22592.8
38208.1
28844.2
26336.3
10030.4
20238.8
21291
18682.6
21299.4
16000.6
17311.1
17031
8580.4
16119.4
33335.1
11010.4
12123.6
14144.2
14480.4
22033.9
10680.8
32417
9630.24
25884.6
21367.3
29993
31434.1
17075
47259.5
15947.4
7808.8
15654.5
10773.7
26417.4
19848.2
16698.9
13235.1
7101.84
23061
26329.6
20734
14697
11324.5
9860.64
20034
27266.6
29192.9
29801.4
34959.5
13388.9
11486.5
35202.6
19829.5
32122.2
30259.8
18974.2
9866.56
14643.2
21901.4
23585.8
8624.08
15923.9
10935.8
23930.5
14351
17961.2
28980.9
27193
30183.4
8760.72
12553.3
16667.4
10153.4
16718.7
31486.9
9950.48
21165.6
7299.12
10977.5
22189.3
30110.6
30988.2
43297.8
20778.2
19257.6
8924.88
31764.9
22759.8
19386.5
30818
27353
21173.1
37248.4
33369.8
26564.4
25412.2
11704.1
31615
10027.8
31470.3
23668.5
15118
21621.1
35764.8
38456.9
19230.2
23514.6
14650.1
20785.8
25159.8
19357
32961.9
19020.3
20524.5
17042.2
22896
36826.4
28417.4
24567.1
12112.5
18099.6
24976.4
16089
18076.4
20298.4
26699.4
14253.8
21476.2
18285.9
5606
23275.8
23185.7
18829.1
31344.2
18213.2
24712.2
36642
12358.2
19831
22057.7
23163.3
18579.8
18684.9
25358.6
27225
32231
19111.2
34763.2
16331.7
8040.32
25395
15771.9
13766.6
34615
15596
46512.1
30596.1
28371.4
16773.3
27265
19215.9
40383.4
20137.1
21813.5
9820.88
16078.1
19426.6
8655.2
24966.6
10595.6
18211.6
23521.8
9523.92
26550.3
27651.5
35762
12817.3
14013.5
25557
13690.4
35904.9
20176.9
20939.7
11779.7
17629.2
32704.2
35485
20393.9
22952.2
9151.44
18328.6
23539.1
24514.2
12767.2
20065.8
16809.4
22764.2
11700
20647.3
24428.6
18297.6
16933.9
19319
21099.3
23124.2
21963.6
34393
23196.9
9407.92
10547
36404.5
18237.4
32970.1
16638.8
11564.9
14654.4
13928.9
11838.3
9527.52
19693.4
18025
14635
15501.1
25332.3
18116.6
16771.1
18025.9
31966.8
15103.8
35473.4
31237.8
9206.48
16238.6
11882.7
12330
20804.2
27134.8
26198.4
28074.4
8192.64
19317.5
39975
17567.4
31948.3
10289.8
17331.8
20883.8
15420.3
18446.7
23394.9
22169.4
24984.6
12530.2
38457.9
10200
22092.6
24357.1
11700.2
7433.36
14913.6
24122
20911
26626.4
22697.2
11320.5
10457.6
28426.4
41186.9
19668
26247.7
8635.84
11924.4
14924.3
20475.2
19836
14186.6
35264.3
12057
10091
10604
21121.9
27691.6
9941.52
30533.8
13553.4
26900
29347.9
10425.3
18738.4
16867.1
27057.6
24402.1
18353.4
12907.9
22660.2
13069.1
29371.6
32736.8
30339.5
14200.1
18211.8
13007.3
15111.8
24944.5
20862.9
10439.4
26499.9
23157.4
20992.2
38532.5
12462.6
32269.4
22717.6
27532.4
12844.7
36124.2
27577.9
17916.5
7643.68
35522.2
24752.8
11638.4
17459.1
19620.5
27194.3
9387.36
37628.4
21789.9
19470.2
13820.5
17567.6
10853.7
11525.8
18098.7
17405.7
26169.3
30405.3
21709.2
10068.6
15081.3
31189.4
12568.2
21962.4
21290.4
14566.3
39831.1
16045.6
40842.8
18017.4
18344.2
16145.2
19530.9
8886.88
23506.6
18474.7
17334.8
36166.1
16372.1
22315.8
14214.3
18841.9
18845.5
21438.9
19385.8
10940.2
9410.64
31057.6
27723.1
21089.4
13937.6
17411.9
22694.2
18983.8
21473.7
50517.7
27582.6
5932.72
17623
23992.6
36637.4
11800.1
41667
26740.6
10323.5
13341.7
19706.3
20545.8
31504.2
31107.5
24806.6
12684.9
19642.8
20513.3
23253.3
12884.2
19581.4
19730.2
20048.5
8419.6
14083.7
22280.2
19657
32835.8
14650.2
14940.1
34971.4
14480.9
8742.24
26838.2
21997.3
13582.4
22899.3
18784.1
18947.3
7029.12
13550.2
7808
13456
22206.1
8442.24
39693.7
15071
29776.8
23458.1
19131.5
14883.4
26377.2
8450.48
25555.2
24358.4
23573.9
30431
18116.3
24257.1
35956.2
12034.5
22088.2
14379.8
11507.3
17724.2
21575.5
29376.5
23086.2
29013
14300.5
35133
19131
16101.4
18405.4
26659.4
14685
17415.4
11883.4
19261.2
35466.2
18679.8
5581.28
16644.8
35205
12288.4
12175.5
18453.1
11823.1
28877.9
33068
39006.1
27019.2
34268
19051.5
20710
13534.6
23952
25526.4
9162.48
32595.8
12324.3
19350.3
19405.2
11122.2
17622.3
34269
25941.9
22737.3
22265.4
12279.9
23628.5
17339.5
38132.1
27159.8
13128
21622.1
21409
10836.8
24007.8
22151.1
19354.3
23784.2
8006.16
17815.3
15130.5
28789.3
9925.92
10200.4
35267.5
14854.8
15918
23710.1
28557.8
10304.9
15238.6
41804
29930.9
14569.4
10551.8
25228.6
15091.3
12737.2
16080.9
45665.2
16671.3
12929
15469.4
7302.8
21024.1
46381.1
41922.3
12160.6
28022.6
11987.8
20464.8
16749.4
30296.5
20963.4
27230.6
17851
9186.96
16395.8
22200.6
22061.2
12733
35935.4
14416.6
15661.2
16179.4
19922.3
14252.9
20300.6
46329.9
22381
22544.6
28864.5
13168.6
13675.9
18776.5
31546.2
29750.5
16872.7
17062.9
40193.9
10978
19258.7
22681.3
33081.4
34874
28813.3
13723.4
41161.4
27842
22497
14906.2
22074.1
17152.1
25152
25075
25267.4
17012.2
20766.4
23157.7
18746.2
28461.7
38745
21789
21734.9
23261.8
24777.3
12264.4
18743.2
13129.6
24809.4
26479.7
10175
25655.7
33959.5
32651.1
7195.76
26501.6
16166.1
25971.8
16408.2
31998.6
9646.32
25214.7
31984.6
59616.2
31199.3
34296.8
25054.7
15429.9
20756
18866.4
25511.7
19201.7
13546.8
14345.6
25800.8
12401
12655.8
21254.6
6895.68
10586
35113.5
12447
27674.8
15075
15722
15217.5
39790
18695
12642.2
33108.9
11075
23939.6
17063.8
39262.1
22622.4
20126.6
13835.8
11626.4
11258.4
22501.8
24010.6
40454.1
20102.2
13868
22875.5
42935.9
24017.4
17132
16347.9
18594.6
39638.1
32205.1
18691.6
25447.8
19312.7
18681.3
16272.6
37838.3
16309.2
13568.7
12582.2
39034.4
24885.6
26548.7
24412
12774.3
21972.8
21620.2
9787.04
19090
14652.3
18053.2
28842.8
23278.4
4559.6
24408.1
13210.1
20954.8
18694.6
11166.6
49736.6
9939.36
18431.1
20363.7
30066.4
14317.6
34216.2
22592.6
18461.1
23977.7
17626.9
14081.6
21824.5
10979.4
18303.6
26287
18591.2
5268.56
15441.8
15865.8
35822.2
16921.8
7551.28
23117.7
17390.9
20429.9
12530.3
16640.7
8336.32
23745.7
36079.7
19294.6
8338.88
28778.6
14545.9
38249.4
34781.1
38444.6
22115.7
18579.8
40020.7
17640.1
17588.4
36135.9
19332.6
33748.2
38612.2
12549.4
21452.7
22515.4
31518.3
15793
26799
14605.8
17381.5
14423.8
29230.7
31060.2
18317.9
17779.9
13127.2
33731.2
11981.7
18102
29632.9
16348.9
15683.3
6678.16
17062.3
13050.1
20418.2
26666.4
28468.7
27356.2
21462.2
22063.8
33438.9
13555.7
13597.8
20401
10287
22276.7
15330.8
22852.1
12107.2
16119.2
38244.7
9748.64
9607.04
15125.4
18075.4
23723.8
22020
15727.5
21669.4
27562.8
10747.4
20054.6
13403.4
23720.1
11357.9
20998.6
25984.6
31095.5
32470.4
19866
8000.8
29459.4
8889.36
14275.1
15730.8
21669
30218.6
9315.6
39450.1
22701.7
18519.8
24796
21191.4
11688.4
12493.4
45535.2
18819.6
30965.8
28521.3
8917.84
17963.6
41547.3
16589.4
18550.3
19099
37733
17619.5
17183.2
41967.7
24031.3
17371.4
11847.8
16548.5
35217
27290.6
14816.4
29045.9
22292.5
19871
23032.7
16604.1
22093.2
31676.3
16877.2
16279.4
13883.7
25877.2
28301.7
10802.1
17897.4
38803
14765.5
20167.5
13177.8
15237.8
31451.4
24099.2
19692.2
22278.2
42064.2
7631.76
30602.7
36641.2
10030.6
15539.3
44413.4
10695.8
28760.6
41909.6
20040.8
20753.8
16862.4
19211
24838.1
38298.6
29859.8
23266.1
23737
17876.1
5048.8
15503.6
25150.5
23940.2
11810.5
18925
10677.9
15579.3
19520.5
32036.2
11552.6
6362.88
17541.3
12964.5
13062.3
17209.8
9747.84
18322.2
21064
13640.2
18602.9
14433.5
14990.2
22479.4
26571.8
20669.5
4543.28
13924.9
9287.36
25484.2
18731.6
16578.2
10133.8
10928.9
44740.7
20232.8
12668.3
21379.7
19403.7
19390.1
19340.6
12590.6
25659.5
23685.6
14919.4
9881.84
24708.6
19761.5
11184.1
36908.1
21247.5
16188.3
8774.16
18828
7114.96
12220.8
14979.3
7763.12
11557
19645.1
8636.48
9205.92
17921.3
24831.3
15416
18485.8
13092.2
22280
10579.4
34807.8
33017.7
32217
15081.1
9572.24
13785.7
34175.4
13781.9
20071.9
34501.4
22141.8
19334.7
36623.8
11115.4
20014.6
11661.1
21202.6
45733.7
26877.9
22744.2
14245.7
26503.6
38585.7
12562.4
27634.5
31954.3
19430.8
47291.5
35541.8
20459.8
19104.9
28385.8
21020.6
42134.1
19858.2
15837
11813
11460.9
13142.7
37353.1
18980.8
18391.6
30270
8650.96
23973.8
15519.8
16137
21143.8
24801.8
17533.2
18559.3
27485.3
7658.88
34981.3
36759.7
19691.8
22696.5
14296.9
18967.1
27979.8
16480.2
25249.4
29323.3
16575.4
19486.7
16089.9
34623
22309.4
22609.2
22009
34476.2
28271.1
16858.6
41197
28205.6
34420.5
10372.8
16634.6
13227.4
16799.6
25723.8
18716.5
14304.7
21089.7
11685.4
39813.5
28056.9
10889
10873.9
9968.32
11479.4
19099.8
36368.3
32480.6
12157.6
19370.2
23866.7
32966.6
27389
28408.4
20097.3
10878.6
17128.8
12315.9
25499.4
29222.2
23507.8
17291.7
28160.1
19194
23153.3
29198.6
38929
21999.4
19371.8
22904.4
17771.2
13431.7
24617.8
33545.3
25034
14487.8
17983.8
29579.3
24945.5
30178.9
19829.1
29895.8
23454.2
37379.8
19245.4
23264.2
8814.96
32156
17663.8
25233.2
57927.6
25455.5
16800.1
25436.3
9270.16
16232.2
34308.8
46894.6
32175.9
24825.5
25820.9
15923.2
31132.5
14509.9
28463.4
9525.92
14033.6
13999.4
13158
23055
18536.2
29989.4
21994.2
22527.4
21558.5
23874.7
6510.4
23825.3
13876.5
18822.6
19923.2
14331.7
33452.6
16388
22537.8
14343.8
13750.2
11817.6
32128.7
35503.6
10384.9
25275.7
23367.5
28854.6
18429.4
12776.2
28900.2
13667.9
16665.2
14579.3
21898
13067.1
28154.2
19315.4
12972.5
19935.9
13759
21617
33639
10101
17512.9
13857.3
11961.2
24208.1
26341.1
28407.9
26408.1
14892.7
20973.5
27787.4
10857.1
20654.8
19007.6
23631
17904.6
24701.1
12100.1
16752.4
21775.5
42492.1
9664.32
11855.3
17194.3
37348.3
11147.1
43732.8
15144.3
9674.64
19392.2
25447
14410.1
14249.4
17520.8
10489
18963.4
21399.5
20216.2
15532.2
12400.6
8717.36
11755.1
28815.7
24921.4
25665.6
19367.3
23141.4
21825.7
6011.52
27376.2
20827.1
14018.7
12337.9
20228.9
9622.08
14104.6
22125.2
24713.2
8710.16
13464.4
10369.5
16751.9
9638.24
8681.76
12716.3
12667.1
21599.2
5045.92
19394.8
14908.3
13551.7
22496.2
16217.8
10771.5
20283.6
21482.1
12870.6
21425
35304.7
26361.8
10093.7
19280.7
22186.4
29288.7
28498.8
17745.1
8160.64
10298.2
18778.7
12713.8
34764.1
30271.5
32304.1
28313.8
31984.2
9092.64
23673.4
25703.6
29021.9
30192.9
19270.3
15461.6
17648.5
19914.1
32517.2
29503.2
10491
35720.2
17191.2
20493.5
30387.4
12993.8
43566.6
26789.7
25110.7
20545.5
14768.2
19619
13061.8
24117.8
12198.1
10461.3
34716.6
25151
18805.4
9139.84
17534.6
18762.6
30445.8
14729.9
10504.9
20952.3
9991.12
34773.5
18424.7
16499.4
28975
6141.28
28421
21001.6
17890
18830.9
16104.1
10182.8
8520.24
14702.7
21854.2
13269.7
30307.9
19035.7
23632.1
25257.8
18471.7
23458.6
19457.3
25683.4
12546.6
23436.1
30118.2
28888.2
11648.2
20358.2
29222
29916.6
12549.4
37033.3
17901.9
12466.5
35852.9
37169.4
25833.4
16632.6
8022.56
33200.3
27907.8
21182.3
25640.7
22588.6
27823.3
22650.5
10995.4
35717.5
16014.2
15141
47229.5
15756.4
10074.6
30008.2
14999.7
41004
26964.6
28870.7
10147.2
4133.84
16320.6
15626.6
19265
26825
19560
14767.3
16770.1
22939
17654.3
8969.84
19092
27941.1
23264.9
16013.8
13647.4
25700.3
14082.5
11035.1
16366.3
29488
45054.4
8231.68
25967
11178.6
18846.9
11400.6
18479.1
22459.4
24304.8
29290.9
20905
16885.4
27859.8
26178.6
9830.32
14188
19015.7
19909.8
15534.4
9307.2
32491.9
10529.8
16784
27472.8
17075.7
29661.7
18320.4
13415.5
25280.4
26871.5
12251
19224.2
28680.5
12042.2
18694
30371.8
17404.6
28325.7
11501.8
14578.1
17861.3
10392.7
37866.6
10632.2
35454.8
13381
6538
15073
20132
8446.64
7080.96
27308.9
13463.6
9711.12
5834.48
27031.2
22668.8
15683
20892.6
12018.3
21576.1
12711.2
6666.72
29761.3
13950.2
16657
9474.32
12538.3
8331.68
20360
27879.7
18630
41054.8
11401
18808.5
14541.7
21231.4
12569.5
35475.4
37984.2
41954.8
31795.5
12633.2
12502.6
31364.7
32327.9
38912.1
28636.8
19578.6
17071.6
16345.6
26587.4
36034
13548.6
16174.9
7529.76
13717.4
21318.2
17535.7
36555
13735.2
13137.6
10219.4
10379.9
35221.4
14173.4
23400.6
17855.6
16625.7
13240.2
17607.6
25457.3
27433.7
26795.2
22748.4
18272.7
8462.48
18058.1
19486.6
29548.1
40250.4
39228.2
39393.5
17144
20177.4
33757.4
21685.2
20245.3
26865.3
15586.9
24532.6
16168.8
31761.2
10611.6
24945.2
23856.7
24885.3
10859.5
26445.5
20811
23614.5
17802.6
32491.2
26248
19981.8
9978.32
27061.5
27631.8
11827.6
13318.6
26421.8
28813.8
20935.8
25523
44449.3
26822.2
12343.2
11618.3
11954
34428.3
36788.9
44444.6
22843
14329.4
15533.6
17620.9
28794.2
10818.3
15161.5
18574.2
15341.7
23133
25762.3
46945.4
8595.28
7655.76
19358.1
18644.8
32433.7
27230.2
15051.9
22317.3
14253
30801.9
20331.6
32542.7
18119.2
19207.8
33029.1
15417
18129
24633.6
30911
27246.8
16799
26241
20947.3
9783.44
11566.2
24249.7
29380.5
29607
59093.3
12327.3
20358.7
18030.4
15137.8
33830.8
17324.4
34419.1
13729
7025.68
12957.9
20174.3
13494.2
21324.4
14619.1
34756.2
32724.8
5697.68
18251.4
19270.5
9392.08
30015.8
11238.4
11128.6
9845.52
11633
15224.7
8559.68
11930.7
15569.4
24310.1
7313.92
12759.5
16208.7
30121.2
18585.8
23025
13643
22762.9
35430
17714.9
9054.08
20122.7
13096.7
9401.44
15190.1
23276.5
25154.6
18745.4
17288.2
16231.3
17205.3
14381.8
10139.6
15903
17865.4
35918
11631.5
25333.3
23882.3
15112.5
11318.6
5553.68
12923.8
13036
14999.4
17071.4
16173.4
9616.48
9684
12913.2
26903.4
7680.16
40129.2
23752.3
24116.8
12204.3
11426.6
14736.7
10790.2
12397.9
22263.7
9602.08
10521.2
14775
16930.5
15523.4
17447.8
15111.9
6197.84
10277.8
33352.5
49014.7
10913.3
13625.9
37011.8
15904.1
11353
19102.2
11012.1
42749.8
17817.9
14325.6
36497.8
13671.4
6994.32
20810.6
13804.9
24006.5
12664.1
11797.8
29086.3
19353.8
19571.4
24336.6
18894.6
17587.6
21514
31450.2
8862.8
12162.7
22217
8177.36
39073.4
7346.32
17119
25333.1
21219.8
19984.2
6473.52
19854.6
34300
6402.24
25362.2
15188.1
16695.6
12178.6
20677.5
17086.3
48025.6
49581.4
22902.2
19203.4
20922.6
12594.3
23303.3
16306.7
22349.5
19859
26210.3
32925.3
10964.7
18969.6
22736.6
51540.2
21182.1
16127.8
19211
30332.6
10724
39455.2
29576.1
8598.48
26034.2
15269.8
28365.2
22740.5
36966.5
17063.9
26503.6
16043.8
17445.1
26996.4
23370.6
26564.5
20532.6
15726.7
31647.5
12540.2
32586.9
15410.9
9194.24
24426.5
22197.7
21518.1
27623.7
16219.7
26075.2
19870.3
20129.1
29212.2
21931.8
21871.9
24187.6
17509.8
12744.3
16387.9
16066.1
9383.2
21697.8
28706.2
21730.8
17430.7
10783.4
27594
25113.8
23073.7
22538.6
25371.4
30107.8
12622.3
30312.6
15114.5
26528.7
25981.4
21795.8
13955.1
12412.6
21564.6
20762
20737.5
27086
20031.1
39778.8
21464.1
17897
27191
21526.4
7773.6
23692.8
23821.5
14948
18801
11973.7
33287.5
11901
36197.8
4751.28
23531
8224.64
13385.9
11083.4
7747.6
18625
16094.1
29424.2
21012.9
29573.8
14379.7
10113.5
8087.92
9745.04
22410.3
27807.4
9519.52
12415.5
14661.8
38432.2
20372.4
21329.5
34941.8
6579.12
15306.1
16721.9
9937.6
24970.6
11095
27875.5
9373.52
10030.6
17407.2
13285.7
14723.9
12914
12797
18860.2
20612.9
16559
9648.32
15096.6
24207.7
30520.4
8675.04
19803
10437.4
20427.5
8781.12
10876.9
7190.08
20036.9
16358.8
8256.32
12658.5
22298.7
11721
22548.4
17213.8
12468.5
19423.2
32652.2
12446.1
21843.7
32717.7
25807.8
11052.5
27464.7
23616.7
28740.2
27914.3
10614.6
27902.6
8720.32
38909.4
31262.2
24727.8
21858.8
21896.8
10901.8
13249.3
18883.2
29291.8
23384.9
12171.4
25331.5
15051.5
11499.1
43814.8
18782.6
15702.5
30597.8
11579
33676.3
22317.8
19236.1
32010.4
24876.8
27387.2
18368.8
18230.3
24317
33621.4
34554.7
18454.6
28645.3
15886.1
23862.1
16407.5
28756.7
37602.6
13305.4
35091.6
44033.2
32344.4
17172.5
16372.5
16678
20472.6
20068.6
21673.4
21189.5
41141.1
14399.7
22315.6
15565
18580.6
32716
23849.4
15480.5
23608.2
31896.9
17602.9
27391
17635.4
9279.12
10658.2
28720.5
26222.2
20362.3
27847
16714
19290
18813
10567.5
27514.5
29381.4
13319.1
24117.7
20906.2
27721
25720.1
20166.6
32131.9
14266.4
30577.2
33905.5
47606.9
22047
18687.5
16410.4
26579.8
29811.5
14847.1
15221.1
16141.4
14719.9
25108.4
11405.4
36927.4
23238
7057.44
31255.9
14422.1
12383.5
29954.8
17132.5
19554.8
20235.4
10077.8
32694.1
12580.5
21297.2
8502.56
19996.1
14282.6
20267.8
31869.4
20405.4
21623.2
17249.1
32793.4
32014.7
18897.8
36244.7
18367.2
5054.64
29530.3
9171.68
20865.3
26284.8
24580.6
26864.5
35815
9367.52
18826.1
30291.4
27037.6
6701.76
21004.6
17332.8
25289.8
32448.2
19911.4
19087.6
8509.28
5014.72
14098.4
16681.9
17854.7
21443.8
17099.2
31385
30353.5
14489.6
33100.2
13376.6
16068.1
25533.9
12677
11585
26153.9
22596.9
21110
10156.6
14507.8
17403.4
29940.4
18268.2
16385.8
22504.4
17013.8
10198.3
19427.4
31712
44860.6
10494
10503.6
21761.4
6618.88
14792.2
33252
13414.7
27214.1
16346.2
15530.2
19498.6
13243
23495.8
31392.6
23872.8
19749.6
19265.8
20223.7
21351.9
26807.4
23490.4
33052.5
16938.9
12764.2
9558.24
17381.2
22065.8
23967.5
37563.3
15931
21552.4
42051.9
14470.5
17999.7
22193.2
16278.7
16972.9
9633.2
10097.1
21646.8
30385.3
18287.5
20004.9
17364.5
21926.3
10358.7
33176.9
24909.7
11032.3
33588.4
18789.8
20418
23913.8
22262.3
17196.5
19780.2
17988
27509.8
15714.7
13429.6
21660.4
21645.2
11841.2
21607.7
22954.1
14572
29012.2
21483.2
27888
13984.8
19906.8
19947.7
12327.1
19520
23817.1
28911
16347.8
18213.7
9284.96
18494.4
17955.4
29537.7
18908.7
19953.5
20894.3
19368.3
27597.7
31631.9
17656.5
25134.5
16665.7
27392
20838.1
21669
23445
21634.6
13131.8
27984.8
11141.9
32501.2
18188
30608.4
12874
26228.6
11775.7
15288.9
13770.2
20643
33279.5
39134.9
19909
13179.5
15881.9
17180.7
17399.7
36652.8
23991
26422.3
36253.8
15488.5
10664.4
12829.4
13146.5
28967.9
14466.9
33498.2
19866
5544.56
31107.8
18235.8
12353.4
11087.2
17939
20386.1
15047.5
31773.4
10774.7
13674.6
17501.5
16172.4
27112
19854.5
15311
7417.28
39784.9
18357.6
7931.68
25446.1
15416.1
30688.8
21400.7
13401
16029.5
14921.9
27352.1
8770.72
12058.3
13551.2
17659.6
13165.3
5978.24
16301.5
10847.1
17541
12199
19323.1
11983.9
28751.9
30463
18601
7621.44
24316.2
14254.9
15596.9
8288.56
19074.6
12336.2
11353.8
6909.76
21070
24151.8
15036.2
7817.36
35440
14311.3
30763
14955.9
16520
17358.7
10689.4
19022.2
21865.1
11164.4
1666.24
21222.6
16327.6
13263.8
17712.6
5665.28
13718.4
6577.2
14407.4
19605
20781.6
11718.6
11582
15021.9
16859.2
12008.6
21090.2
21232.1
16829.7
11424.5
31959.7
25482.2
22756.7
15350
30493
8833.04
16067.4
11537.3
17664.1
21892.6
5710.48
19459.6
22025.2
11386.6
39343.8
21120
14996.5
8627.28
14769
21555.8
21693.1
26457
28698.6
14543.5
15705
19388.2
12211.7
12467.4
18391.2
27351.8
8999.76
13098.8
10201.2
24904.4
13512.7
39657.8
15474.1
47553.6
12622.2
20873.7
22166.4
10341.7
20057.5
23441.9
13023.5
36700.8
17710.3
28817.3
12594.2
20264.2
21936.5
9093.6
14748.1
12475.7
23025.5
13157.7
20888
10592.1
17163.9
15583.4
12859.6
7259.2
18489.7
20364.7
37276.4
18818.4
15381.8
16283.8
10093.6
5712.8
19131
22650.5
17113.1
10822.2
8042.96
9993.6
8909.12
22375.5
9559.28
17653.3
6702.8
6592.64
22536
7821.76
23614.2
24583.8
35838.6
8722.56
21608
21704.3
44793.4
26868.3
16474.6
21171.9
9939.92
9130
17169.4
12248.7
22649.4
7510.96
8926.8
16531.9
17882
13166.2
11484.9
6568.16
12628.8
34793.9
5606.4
22693.7
13172.2
10485.7
15014.9
11854.7
24399.4
24278.9
30302.4
20398.8
40860.8
9980.24
17421.8
25929.4
7932.88
7993.44
16810.2
25063.9
12532.2
39155.8
20082.2
9281.36
19111.3
22737.7
25814.6
15680.3
11463.9
22110.6
31520.3
18694.6
7469.6
19876.2
10346.1
17512.3
21617.4
38879.9
9296.4
32157.8
19677.8
31354.4
9124.72
12513.3
13946.5
9176.56
15677.5
22422.8
9598.8
26717.6
22795.4
16441.4
20081.4
14564.1
7433.2
25686
15525.6
14029.2
16515.3
12663.2
9704.4
26947.7
6533.44
13601.4
42323.3
15284
60051.8
17182.5
22255.4
17249.6
14186.2
32688.9
40683.5
18604.9
18554.4
23443.4
10142.1
21230.5
21800.4
12331
14888.9
13760.6
11473.4
11054.8
32751.2
11474.7
21776.6
9339.2
31469.3
14040.4
12081.3
14601.5
14534.1
7592.16
9970.56
22179.4
21904.6
27860.2
30362.2
22856.7
11484.6
34617
14200.2
32673.8
37373.6
22683.4
24836.4
28166.2
12777.6
15367.4
28781.3
17115.7
20957.4
19568.5
22116.6
18844.2
25947.8
5886.32
18895.8
12807.7
21601
19031.1
16739.2
29054.4
12992.3
21346.4
30973.1
44797.7
23046.2
9041.2
19809
12521.9
32288.9
20957.6
16872.6
9758.4
7109.04
27173.4
23967.8
24208.1
24735
33154.7
19489.7
23294.5
16085.9
22001.2
5368.24
19742.9
14219.8
24158.8
18149.3
9368.4
11916.5
17562.4
17284.9
41658.7
17818.8
24810.1
23823.2
17155
21501.4
27647
24501.4
15223.9
34994.3
29072.4
35383.4
13059.9
19510.2
23325.8
35566.7
17133.8
24557.6
14128.6
9643.52
9832.4
17147.7
22447.4
17954.8
38993.7
16521.2
7089.92
20486.6
11747.9
29343.2
40599
18290.7
23397.2
32254.1
19616.3
33475.5
46624.6
19961.6
24458.2
17349.7
25006.8
10257.2
35697.1
36806.2
32941.5
34500.5
20848.2
24784.6
46558.6
17709.1
20283.5
24008.2
31735.6
20903.8
15278.3
38963.4
23426.6
21940.1
14234.6
31864.2
17374.9
11898.7
19040.6
55084.2
30761.1
21226.6
31255.5
25231
32834.6
28237
16216.4
34996.7
27382.6
15982.9
35869.2
30074.5
34442.7
23717.4
25398.4
24526.8
19480.6
18387.8
28235.4
29639.4
37048.4
26103.9
12631.8
22930.7
15084.2
28858.2
14254.6
16257.4
18840.9
32053
11084.6
14499
18465.6
32242.6
15859.9
34758.4
21174
24811.4
8221.12
23080.5
16635.4
25615.6
9364.88
22043.2
9655.04
21387.5
15197.7
26629.4
21156.8
31329.4
19940.4
23433.4
40235
39025.8
7957.04
20510.1
34579
14083.4
21358.6
27089.4
37893.5
10799.3
19713.5
17189.8
38771.2
21809.2
18645.3
33755
26839.4
12234.1
24434.2
39130.6
21741
28070.2
13535.9
9103.36
36447.7
20918
21910.6
9797.92
18989.9
39651
22325.6
17721.6
16016.1
13335.4
39229.5
20765.8
27483.9
22896.6
16209.8
28865
20012.4
13373.4
34830.7
21231.3
17588.7
28097.8
20678.9
19724.2
16961.2
26553
16788.7
8848.72
27569
16037.2
12831
10860.8
25455.4
45592.6
8105.28
26863.3
17493.3
26890.5
10260.4
19678.7
28792.3
11686.1
9457.2
7424.72
23261.7
14374.9
30662.5
36459.2
22761
23395.8
13031.3
11153.4
35408.1
51602.3
22492.2
16434.2
33022.2
11415.7
20978.9
23932.3
24882.4
16147.8
15740.9
9467.76
14782.8
18996.2
9273.6
23182.2
8155.36
21548.4
27563.5
31151.4
26864.6
18156.4
13853.4
27405.8
21282.5
39642.2
20233.8
37009.1
31060.2
11334
11967.8
34532.2
24657.4
36390.2
16358.8
18583.4
24276
13629.8
18329.4
18701.4
22549.3
12449.7
26819.7
23858.5
32743.8
28508.6
25256.6
25262.1
10785.1
19166.2
30841.8
22043.9
29211
18262.9
8477.6
19952.2
10052.6
17049
15863.6
13866.8
23168.5
16588.3
11416.6
10661.4
16905.6
29652.7
20533.7
13655.4
9437.2
17673.4
33266.1
25824
14900.4
29726.4
27566.2
24518.6
12822.1
20624.4
24415.2
8453.2
21554.6
27907.3
31113.4
20560.6
12117
40111.6
6181.28
26921.4
19951.4
20453.2
11105.4
13859
12111.4
8692.56
20736.8
9779.76
9386.48
31019
24109.3
14800.9
24502.7
9383.68
9087.6
26811.8
31373.3
13835.2
13079
26897.7
25974.8
15327.7
37815.7
32377.1
32192.2
15825.6
12025.8
11125.9
15767.3
21560.4
40950.9
30043.7
18484.3
12337.9
28473.8
36375.2
12349
30995.7
23607.8
9136.96
30821.9
30961.7
17653
15835.7
19582.4
33092.9
20182.6
23592.2
15291.8
14061.8
23959.9
35726.7
26615.5
18174.6
30986.7
12313.5
25634.6
17836.6
33712.4
18180.4
14970.4
19834.2
7451.28
20108.1
17969.8
17971.5
18564
7394.4
22287.5
24961.4
32501.1
10639
7580.88
9063.52
10795.5
15248.3
16439.8
22944.2
9628.32
23525.9
19378.7
27341
20669.8
33897.2
13742
12980.6
36977.4
20399
8619.76
18673.6
21219.6
25747.4
23380.6
13083.7
42757.2
16166.5
18046.7
34223.7
18232.2
19675.7
18790.5
18599.1
27336.2
17441.4
14386
18836.6
48263.3
14076
13825.9
4499.2
43009
18588.2
8198.4
18636.9
21828.2
10029.6
23436.3
17523.4
12626.6
19793.1
11439.4
32373.8
13068.8
14333.8
20337.8
12833
22906.3
28249.4
19499.4
15530.1
12583.1
8898.56
11279.8
17242.6
12631.5
15179.1
23835.7
9893.2
17769.5
24541
23661.1
40707.3
20146.6
11595.6
20622.1
40776
31917.5
8726.48
21395.6
4044
8570.88
21184.6
18798
22404.5
30016.6
20637.5
13612.2
25075
13805.6
13380.2
26270.9
22201.8
14598.9
13646.9
6703.28
11874.2
25796.3
28921
7201.28
11544.9
9698.16
21021.4
4019.76
16950.2
24939.2
8018.88
24228
12342.7
2237.2
12846.3
19260.7
20046.3
9734.8
24272.8
7158.24
9719.6
30418
26689
12630.6
26931.1
8865.28
9039.2
9249.12
16711.8
25559
18803.6
23738.9
15796.5
20361.6
26861.1
32548
17538.9
10589.6
33401.9
47896.3
34875
21294.4
31312.1
30497.5
11107.8
35440.6
12830.4
31159.1
34013.2
21620.2
24707.4
36466.7
20346.5
19753.4
15714.2
29470.1
6786.64
29248.2
22264.2
35052.9
18461.5
15897.6
30557.2
12309.7
28054.2
11930.9
32349.6
20057.5
26000
18519
15801.1
26005.9
19979.3
10969.4
10574.7
26627
38290.2
10408.2
25033.1
10788.8
34009.7
20377.6
15051.6
14858.8
18262.6
26836
18816.1
13803.8
19943.8
29984.6
14627.8
35238.2
23787
41063.2
20029
17391.5
41864.1
14851.9
14934.9
28245
37982.2
22797.4
30491.4
19139.9
23961.9
21259.4
25824.8
20511.7
13632.6
20024.2
26603.4
16751.3
7856.16
43179.4
21059.2
11946.5
31212.4
21239.4
30147.4
16478.2
13773.4
18867.3
17955.1
22803.1
13671
34239.4
17220
36430.6
31572.5
11935.3
9110.64
29040.3
25843
33244.5
24066.3
18958.5
20713
28930.3
24003.2
29783.6
11777
25307.4
40688.6
16864.2
15648.2
21787.3
15728.3
20547.9
23765.4
18549
21747.6
37308.2
18702.3
17883.6
38326.2
18544.4
22163.8
8760.56
33484.6
23038.7
19299.8
34654.1
29126.4
38651
20149.3
20692.4
23538.4
25601.4
33625.4
40075.8
24439
39417.9
30645
12876
27761.7
23566.2
34106.9
26144.6
16563.4
13890.7
23278.6
11034.2
32655.4
25917.6
26683.4
21807
10241.4
20171.4
42073
14844.9
21724
20574.1
5087.28
16870.8
10124.2
32293.3
31493.7
6521.2
19085.5
18370.8
17294.1
21303.3
25901.8
17783.7
20459.2
33689.8
28844.7
12975.1
31050.9
21768.7
12494.6
12691.3
30310.6
29077
15785.1
29980.9
19988.8
13985.6
29754.6
9418.96
18858.7
14154.8
8377.76
14722.9
11887.2
17903.4
18281.7
26191.1
15871.6
18899
16061.4
27813.3
24808.7
16093.4
27523.1
24815.9
17747.9
19645.2
20647
20344
18788.8
28586.5
21987.8
13008.6
30905.8
11373.8
21897.8
14175.4
11845
44476.3
15634.9
18293.8
9044
9833.04
13453.5
19076.6
7871.36
20594.2
12640.4
39120.3
16949.7
21557.3
5489.12
16215.7
14937.8
6764.08
14647.5
10522.6
17662.7
52620.2
22482.3
12249.4
15407.3
13765.1
19251.4
33677.6
16503.2
32827.4
27651
18831.4
20679.2
54056.6
11358.2
7757.12
27058.1
12439.8
26379.3
18474.3
18850
10209.8
15333.4
32381.6
32881.5
20588.6
27017
22834.3
38423
14138.9
36994.5
27794.5
24333.1
8631.36
24083.1
34499.8
13912.5
15902.3
58821.7
26628
24047
18855.8
14580.1
29197
18879.5
32073.1
22888.9
19634.7
5806.16
23485.3
34417
24086.3
6958.8
16928.2
23484.5
21717.4
22543.1
25708.8
9750.08
32629.2
13486
13662.2
13913.7
24633.5
37678.4
19994
31526.7
17694.6
21773.6
8713.6
21443.8
38012.4
14205.8
10788.9
10713.2
12974.7
22157.3
32153
13517
23169.1
20811.4
10717.1
26432.2
17666.9
35633.4
28646.3
10044.1
16490.3
57498.4
10482
19699.8
12526.8
50385.4
34726.2
23297.9
9569.2
20201.8
25246.2
18809.9
9135.28
30332.8
16055.4
10046.9
17163.7
15396
20621.9
18451.4
12815.2
15138.8
29553.1
28312.9
16610.6
18933.4
21465.4
16763.4
32766.1
21487
17916.2
11902.2
15880.7
18859.3
6484.72
19115.8
10824.6
33990.8
19841.4
25418.7
31997.8
23417.6
9622
22839.8
16331
22868.6
17824.3
11210.2
17116.7
21079.8
17376.2
12192.6
11234.8
14175.8
18967.1
16546.2
10359.8
32295.5
7289.04
30189.4
27606.9
23633
23468.6
14646
20536
18151.2
25800.2
20356.1
8192.8
32254.2
18127.8
28298.3
36015.8
24567.7
11773.6
10788.8
11059.2
21957.7
15110.6
17044.2
34364.2
9222.4
15832.2
25428.9
11921.3
23830.1
13443.9
25962.7
15681
14703
28890.7
16150
36327.3
20992.8
16873.4
22877.8
13754.7
10794.6
27875.4
29042.2
11698.2
17307.9
17067.8
19129.3
19348.4
15050.8
9792.88
15039.8
35625.8
11742.9
19055.9
24481.6
27072.9
23658.4
25588.3
28326.9
10752.8
32659.4
31243.7
25706.9
20241.3
24966.5
25569.5
25459.6
23980.6
8462.64
16420.2
17270.1
21861.1
27976.2
33072.6
16707.7
12791
7550.16
10057
27113.6
11411.1
21856.2
19359.8
24446.4
8214.72
19718.2
27064.1
18011.7
36630.6
8599.36
10943.1
9735.76
19127.2
12523.3
13474.4
27403.5
14631.1
12216.4
41878.2
15627.1
23316.7
19700.4
8885.44
20950.9
17673
21332.6
17341
6315.84
53745.6
31333.8
19072
4657.2
33251.1
22993.8
12509.8
21251.9
25251.7
18303.2
35947.5
18729.7
13243
11947.2
13160.6
13704.9
11406
22572.6
12972.2
11467.2
31125.1
29135.7
21404.5
22711.3
31827.7
17988.1
18982.3
15635.5
12860.6
13674
24830
10287.7
11662.4
13715.8
12132.2
19584.2
26080.9
20707.3
14447
25526.7
5806.32
17283.4
20006.4
28911.4
22927.8
11934.9
24354.3
14925.8
16035.2
12745
21271.2
17483.9
20987.5
23472.9
12510.1
17389.7
28532.1
15310.2
16924.7
12224.2
17234.1
20270.1
13423.7
28627.8
3322.08
18374.2
25268
17902.2
15864.6
29684.3
12906.8
9426.72
19269.5
12933.1
8364
28080.3
19363.5
11905.1
20267.4
24435.5
17291.5
10325.2
12455.2
13569.3
27644.5
26559.4
13650.2
15697.2
14613.5
26460
10056.2
10370.5
15016.3
21099.2
13886.6
25290.9
30300.3
7417.36
16852.5
26772.6
17159.6
22222.2
30126.8
31428.4
29122.2
13541.4
6793.44
16428.4
15748.7
38720.1
13949
27225
17458.1
11660.2
24271.8
18476.6
15637.4
14055
18035.3
11176.4
15468.8
15189.5
26161
23898.6
11754.9
20854.5
15210
19399.8
12963.4
30773.8
24767.6
15123.1
21193.9
15836.5
8271.68
18204.1
17140.9
24443.2
10224.6
18143.4
46862.7
18880.6
19493.6
22457.2
22227.8
12171.9
13966.6
8556.08
15156
16234.1
34521
17500.6
9400
30330.2
25309.1
11995.8
12903.4
7429.28
12236.1
6277.52
16125.7
8660.88
21961.4
43071.5
30250.5
14301.9
13839.4
7785.36
16616.2
11611.8
9786.4
7209.2
7183.92
15017.8
30797
6891.6
22273.9
15967.7
12385.9
8095.92
19461.4
18612.2
20205
20240
32145.3
8602.4
13370.3
21627.7
12114.2
9652.72
11369.3
23219.9
9119.04
16695.2
24880.5
12193.2
30185.4
18928.2
20500.9
13854.6
22333
16098.2
17759.6
9734
19623.3
29190.8
32225.9
18797.9
15957.6
11757.4
21509.8
17467.3
9375.2
8122.08
9156.48
14061.6
22809
25504.3
27783.7
10100.8
20577
23820.4
6759.76
9481.04
9850.32
19510.9
8199.68
14669.9
15366.8
14086
12625.1
15290.8
15890.1
36245.4
9657.76
47341.8
17469.4
31111.7
23880.3
33758.6
26313.3
14816
30379.6
45342.6
20516.8
39573.9
34153.4
25174.8
25728.1
24746.7
30534.6
29205.3
18944.3
24418.6
44277.7
30622.1
29787.1
28927.2
10586.6
41276.5
19610.4
13794.6
11991
32107.3
17674.4
25689.4
29131
27048.3
20387.1
20929.5
20728.6
24928.2
12632.1
20517.6
23244.5
17554.3
19685.3
18301.9
23600.9
33480.8
13884
52990.2
19212
43227
8255.52
13682.6
10004.7
28127.4
19268.7
29473.4
32177.8
5782.96
19163.8
12674.5
12257.2
16173.1
11106.6
22156.2
9810.32
23509.4
6770.48
12943.4
17513.8
19617
6071.2
34896.2
18136.9
7413.2
34825.4
8527.6
14117.7
24389.6
22111
19020.9
36811.5
12910.1
12390.6
35606.3
17239.4
13646.2
18961.6
11278.9
17498.4
15609.4
9753.68
26864.7
19578.3
9753.04
36992.9
29752.1
19795.4
10164.3
14599.4
29560.2
24602.5
11151.9
14851.1
15841.8
18093.8
29446.3
20148.6
28284.6
19090.6
8334.48
10103.4
25579.6
25077.5
18819.3
13830.8
37213.4
25466.2
28001
15852.2
47752.8
20795
19289.9
30069.3
14269.8
24243.9
21109.7
15423.1
15317.3
19542.5
32119.9
18077.6
19943
19524.8
17387.6
10395.6
20511.2
38321.8
17857
8386.88
15238.2
44360.8
14001.7
15914.7
21125.8
21623
12389.6
15662.4
20945.7
27707.4
12350.7
14671.6
26745
11716.5
22207.7
46079.5
12943.6
17575
24164.2
19732.4
29231.5
23064
12944
31966.7
20983.6
12602.8
18379.4
19520.6
13926.7
18605.7
26226.2
15064.1
23095.3
29031.5
21840.6
26883.9
25062.1
24163.2
19726.8
33510.4
20594.2
28245.5
13639.7
12305.2
34384.1
18988.4
11543
14866.6
25768.6
31293
18225.5
8443.2
13313
21241
14084.6
15818
20825.2
29879.7
32416.8
15483.6
39595.8
19719.5
18886.7
32926.2
12566.2
14373.6
23228
12721
16123.7
21162.7
26211
21867.8
30258.7
13982.7
20071.4
22448.7
24885.4
19102
19017
13905.8
32478.4
17967.8
13773.4
22184
22817.3
12301
7199.28
19471.8
26898.2
8154.4
7249.76
14587.2
32933.9
14280.3
10472.5
22167.5
28212.2
23995.6
23295.2
14165.4
14867.9
18264.4
29698.8
16170.6
20256.2
42125.5
13723.6
15604.6
18513
24772.6
17571
30125.8
14092.3
23604
14699.6
22004.3
18017.3
20711.4
12758.4
22574.9
23497.8
33511.3
25481.8
25976.7
26832.5
12411.8
17713.6
14753.3
34034.2
10748.7
13008.2
20187.1
26015
22454.2
26362.4
23062.4
24462.6
50169.8
15804.2
28875.8
21313.9
8262.64
41383
27266.2
14270
10444.3
11648.6
6755.68
23353.8
8581.36
16515.1
12201.8
46742.7
20174.1
21842.6
34987.9
30717.6
21132.6
26752.2
24987.5
7132.08
10497.1
10054.3
18504.2
13865.5
28324.8
17079.1
13927
18800
31260.8
24065.4
59160.7
17243.4
15584.2
19766.9
19768.1
13072.8
27552.2
8393.92
30406.3
11573
7139.36
24624.8
29968.6
19006.2
19649.6
8773.04
18896
30451.8
6821.44
27099.8
13719.4
18734
22395.4
18116.6
22440.4
19039.4
7594.16
20670.9
21296.8
16100.5
24603.8
17527.8
37622.2
32638.9
18150.5
14931.1
29743
9470.16
13906.4
17271.5
10241.2
25691
11198.3
9510.56
25501
13364.4
14280.5
11239.1
4645.12
28764.9
8304.4
16587.3
8537.44
23582.2
9555.76
10106.2
31635.9
12519.1
21739.4
13316.2
31314.9
26255.3
30530.8
34671.8
14952.6
12914.2
8475.28
26947.6
21428.4
33503.2
27107
14475.3
35107.4
27368.6
24346.7
25294.5
16071.4
9262.24
36532.4
39111.6
27949.6
11553.9
48469.2
19039.4
43984.4
30045.9
6634.16
34333.8
18344.7
15277
26446.7
24249.5
21033.2
17473.8
30193
42570.3
18686.1
18797
30747.1
30935.9
17471.9
27923.1
14948.4
27888.8
11195.8
33687.3
16920.5
11077
21661.7
26152.5
20429.4
18954
25646.5
46217.9
27954.6
19341.8
33108.5
18191.6
18151.1
10925.1
40344.9
22645
32905.5
12162.3
17640.7
14852.4
11856.4
37674.8
25916.5
9950.56
21276.9
18486.3
15000.6
30231.9
27705
15333
25069
8373.76
17016.3
27842
19572.6
22692.2
34187.8
12500.2
47397.6
27394.8
25862.3
25219.8
13354.3
22628.5
10074.1
10114.1
44887
23015.7
13379.7
19462.6
20121
7414.4
32201.5
20588.7
20504.9
52969.2
7876.32
13507
11489
24241.7
12040.3
8129.84
30164
19516.3
35792.8
24483.3
21220.1
29676.2
13517.9
18548.5
23202.8
14312.8
23784.6
11900.7
13804.7
33784.2
19081.4
24822.2
36710.2
18999.8
14751.4
21884.8
12998.6
14343.6
19194.6
38128.8
13425.8
28779.3
25823.9
22466.1
9803.84
45891.4
25593.3
27203.4
34181.6
21289.5
14978.3
17189.4
30331.4
32390.7
21805.5
36058.6
33253.3
19513.6
21586.1
14909.8
24007.4
17493.1
13547.3
13448.9
15993.4
17296.9
22502.2
10907
17712.3
27120.8
10777.8
15032.6
24864.3
17895.6
13592.1
23895
39485.9
12594.3
11013.8
12526.6
22233.4
10259
35878.4
16772.6
7867.68
11964.9
29408.4
18098.2
31434.6
23786.1
28686.4
15449
8152.48
18995
10281.3
16298.6
19491.2
10966
8593.6
38974.4
13922.3
14423.7
15350.7
10237.4
13625.9
17432.3
28775.1
12419.4
14615.9
21319
42522.1
8235.76
10657.8
15332
26053
12279.3
19225.9
24285.9
17878.8
19249.7
21634.2
13295.8
6864.24
48334.1
14784.6
19401
17326.3
11212.9
23243.7
13253.4
14300.4
21042.6
15531.1
26674.3
18331.9
12945
14773.1
16760.7
25177.8
15241
15240.7
32125.8
23109.4
12281.2
7238.64
19283.4
21816.7
25337.6
8298.48
26511
17473.4
24562.6
14598.9
15537.8
16127.4
21016.6
10919.8
13007.2
11645.4
27974.6
25405.8
28729.8
6133.2
31368.5
16181
13124.4
4940.8
22503.8
30284.2
14013.2
19920.8
28063.9
27592.6
12592.6
54908.6
17739.9
6545.76
13223.4
12994.1
11909.4
16574.2
36635.2
13683.2
17902
16777.2
20784.1
7733.2
15697.9
11175.4
19183.2
18733
17753.5
18536
31912.9
12387.8
22278.3
20025.8
12275.1
9356.16
23785.8
10070.6
27232.6
16677.6
25021.5
9352.72
33183.8
23314.1
6966.48
18937.7
18527.4
16362.8
33712.3
10429.4
13741.1
25239.1
22106
27537.7
31825
17918.2
14066.9
14279.6
16523.2
22932.2
37825
21275
25074.2
10904.3
18813.5
15958.3
19433
26668.6
16906.4
21155.8
23000.8
26256.6
11867.8
22460.5
23866.9
9283.76
40921.9
14208
55853.2
25033.3
14793.4
22897.1
15736.6
13601.8
23083.1
17148.2
27582.4
23222.2
29154.6
8853.2
50640.5
11686.2
28048
21445
13801.6
56440
17815.8
23338.1
23107
9774.8
7236.72
26439.5
17910.6
22299.8
23714.2
23430.2
24605.9
12450.2
27994.5
26162.1
25796.9
9596.56
15526.5
45819.5
24727.6
7850.72
23698
17295.8
22430
33481
26362.7
35283.6
39022.2
18038.2
13942
15089.9
12727.6
16892.4
25132.7
29249.2
26629.4
13112.6
28418
23707.6
33839.5
22642.7
34392.5
30831.2
15538
21895.6
18686.9
20702.8
15713.6
14326.4
9560.64
16646.2
13798.3
16445.8
14604.7
22712.6
22835.1
22266.2
20520.3
18126.7
12003.4
12505
40816.2
30828.2
25458.5
35174.5
17200.5
21542.5
28084.3
20230.8
13142.4
23851.1
29059.4
8927.2
27242.5
22276.2
15110.3
15770.4
18737.8
17497.8
19116.1
14791.6
10391.7
42435.1
10255
19749.8
18108.9
18469.4
13424.9
14425.1
31651
25922.2
49496.4
12683.5
18221.5
15095.8
16308
15711.1
5764.48
13438
22430.1
9011.76
18670.2
31748.6
6601.6
10942.8
19136.2
21167.6
18518
8914.8
9441.44
35911.3
27865.8
13735.5
13288.4
26090.6
16583.7
16771.4
33079.8
31805.9
14830.4
22146
10497.6
16141
28205.4
15711
35189.2
14817.4
11353.6
13866.1
13463.1
11052.5
10961
15063.5
6177.36
9148.64
17426.2
20286.6
13051.4
23643.7
25033
11439.5
8270.48
26167.5
23728.6
27913.9
15970.3
13712.6
27994
12464.9
12611.3
13679
18563
12305.4
10665.1
23352
25758.5
13167.3
12015.7
22432.5
6754.64
7891.68
21296.2
10082.6
25154.4
10273
33656.6
8640.4
13758
8519.52
13630.6
11253.3
15115.3
29009.8
11961.5
17412
15411.7
20230.6
31931.8
15367.3
22319.3
16405.4
35917.9
6304.64
24966.5
20179.8
7797.44
30419.4
14518.2
9304.96
10937.4
18849.3
22862.6
28558.3
19785.5
7646.8
17599
20712.4
19327.7
24014.6
18907
28968.4
13774.3
7024.72
14390.1
17668.9
9272.48
18421.4
22995.8
32657.5
22199.2
15505.1
16726
32504.9
11040.9
23617.7
22213
23616.4
13941.7
22010.3
18217.5
23949.4
19996.9
27798.9
24894.6
19833.4
13095
27025.4
17936.5
16630.3
29193.8
20820.2
36821.1
19268.8
32313.5
23123
11307.4
4972
21839.6
14451.8
16665.4
14029.7
17542.8
8595.36
19203.4
16271.2
20564.2
10862.6
42536.5
19739.4
25087.2
12332.5
41406.1
25470.2
13354.7
9903.2
10232.8
11120.5
17139
17138.5
14242.8
15297
21078.2
8303.68
7803.76
24447.8
22665.1
11720.4
15419.1
7120.4
15672.7
19205.2
15507.3
10592.2
23903.3
29711
26505.9
17771.4
18946.3
23689.7
21664.2
17009
12586.2
24044.6
20353.4
43423.3
12211
39931.2
15680.8
20757.4
20078.9
53278.8
21383.5
10155.4
9299.2
25272.7
13189.6
24479.4
18631.9
10364.2
19727.8
13301.6
19802.8
34076.8
12719.9
11182.1
10147
19202.2
19664.2
14485.7
12557.8
26400.7
24973.6
40730.4
6804.32
16595.8
20117.8
10931.5
33701
39169.9
15961.1
20518.1
9475.36
31525.9
15983.4
23788.9
18985.3
33463.7
5713.68
13307.8
13510.2
25760.5
19684.6
20514
18782.7
12555.1
22375.3
22201.1
40734.8
25277.8
10834.8
55125.2
23914.3
21716.6
18313.2
32826.7
11821
27829.4
25382.3
21267.3
28698.6
23520.6
29402.8
13059.9
18462.1
24043.3
27979.7
14361.7
16630.8
17841.5
43444.3
19063.7
20986.9
21122.9
19382.9
22374.2
23245.5
15624.6
27455.5
12478.8
16236
23960.2
20787.7
15877.7
30302.6
27094.5
10857.4
30036
13948.2
22401.9
20666.4
9364.4
17036.3
36497.4
11772.6
25633.4
9277.44
12589.4
26993.9
31232.4
8411.84
13623.8
19421.1
7103.36
19664
8305.68
18770
23540.3
14173.4
40991.2
18175.2
33977.5
24251.4
19145.4
26168.4
10877.4
7789.76
14279.8
11880.6
8117.76
24006.2
19591.3
13766.2
14635.4
15481
10717.8
28331.8
17965.4
21611.9
25346.8
20805.9
16195.7
12484.2
9058.16
23357
25712
11612.5
20543.2
14601.4
13467.1
13861.6
19306
25285
30215
37064.8
23741.2
28559.5
25078.6
15482.7
7997.92
30206.8
18628.9
10329.6
36342.2
10145
17405.4
15646.4
24398.5
23242.6
28933.9
35141.8
7860.32
33570.2
27512.3
17669.4
46585.1
19908.2
30637.4
9702.8
23562.8
17951.4
30052.6
27205.8
30815.6
15653
10338.2
14897.3
15086.9
16237.7
21447.9
27698
25964.2
24026.6
24267.8
23708.7
35179.8
32216.5
15979.8
15460.7
5814.72
14378
25859.3
6639.36
22302.6
18923
15570.8
27899.1
23273
28914.2
28996.7
14258.3
11093.4
20100
29862.7
13666.3
13912.6
17752.8
26054.8
39196.6
21039.8
16557.6
9191.04
12473.8
10422.9
19919.4
26303.2
22731.3
11752.9
13330.9
19455.2
19151.5
12838.1
10528.3
19946
20114.1
16667.3
7617.04
22665.9
14868.4
13533.4
15968.5
24424.7
15474.9
29340
6716.16
9902.4
22651.8
26930.8
24184.6
21893.9
12667.6
11733
11912.3
16648.7
18573.3
26583
30061.2
23659.4
14683.3
14258.6
35240
11073.8
17478.2
11953.8
23755
39954.4
23036.6
32454.6
7487.2
11537.8
18940.7
31245.8
31577
34828.3
20897
25480.6
14828.5
22242.6
3743.68
18251.4
36136.5
27657.5
15923.3
12804.9
29209.8
33407.4
16893.5
28121.8
20742.3
12564.5
20126.2
18493.4
14456
14846.6
22053.4
18692.1
27112
15270.6
13405.4
26951.7
19016.8
35692.5
34712
24725.8
18498.8
33159.3
32597.5
37127.4
16373.4
12665.6
13021
21720.7
15153.1
19649.9
23734.5
26521.5
16698.4
19895
10507.5
13148.8
24592.6
28080.1
26298.1
16746.4
9083.04
23174.7
15849.6
30341.8
24292.2
12630.6
32754.1
18966.9
49041
19424.3
25213.5
15972.2
16703.3
18007.3
21706.7
13549
21344.6
16227
11027.5
9272.16
30228.9
14317.8
13352.6
13525
13073.4
9352.4
12697.1
21663.2
20688.6
4768.96
18261
12449.4
19061.9
11548.5
8481.52
4003.76
21660.2
21803.4
10619
17418.4
26094.3
25084.3
10938.9
12555.8
19989.6
24686.1
22955
13966.9
30531.2
14324
11036.9
13166.9
24064.4
11282.4
36627.1
47641.3
14600.2
29322.9
33938.8
13473
19338.6
12306.4
53141.8
28135.1
41816.5
11601.8
24690.2
21140.3
10642.6
39751.4
28014.6
41331.4
24841
21381.6
25608.2
38483
32865.1
45267.8
11859.7
6702.4
16175.5
34131.3
30624.2
22028.6
13976.8
29228.4
10009.2
19569.4
34303
26747.7
7505.28
27506
6194.32
15123.7
27950.4
27375.2
19045
20787.8
6704.08
24897.3
10694.4
15451.1
14640.9
27902.4
19716.6
30705.9
24038.6
25149.8
30683.4
25624
14693.4
8279.84
15214.9
24432.7
15573.8
13781
25744
14791.6
8270
14048.9
11440.4
19689.4
18166.1
20585.4
11200.2
17136.6
9434.24
21083.6
15532.2
20149.8
17729.8
27536
21323
7955.28
25338.1
32861.8
7832.08
36208.7
17460.4
9180.88
48960.2
8824.88
18415.6
24669.1
26203.8
16192.6
28664.5
23187
34585.4
15709.7
7062.32
24986
21206.7
11143.4
16618.1
10504.5
12386
21956.5
18258
18465.4
29755.8
33879.5
23698.5
35711.6
29576.6
23670.7
12974.8
18042.2
20167.3
19335.7
39719.1
31734.8
17971.2
12834.1
14238.8
8658.64
14130.8
11841.8
17336.6
45165
24009
10315
28142.3
15651.9
25064.5
13971
20930.6
9391.6
12721.8
14069
14309.9
11199.4
14941.5
10980.1
19020.5
9408.48
20685.1
7180.72
25417.7
15457.1
12425.8
34889
13739.3
14067.8
24309.9
9594
12938.4
33617
19626.4
36418.1
28710.2
11049.9
20168.1
12842.2
23650.8
44127
15152.8
26037.8
7617.04
39075.8
14874.6
17535.2
10944
22697
25317.5
13448.2
15223
26796.9
26101.8
5807.84
15013.4
10658.9
19585.8
18129.2
29716.9
22754.9
14644.8
23946.4
26201.8
6119.2
12303.1
15136.2
16201
14082.2
12907.1
24471.4
22393.1
23940.9
19953.1
8912.48
10905.8
15459.4
36043.5
35201.8
18267.2
15998.6
10211.9
8196.64
18554.6
12118.1
26981.5
20123.9
8802.08
17227.1
20537.1
18159.4
8784.64
13735.4
24635.7
13456.2
19435
26264
9377.04
20170.4
25714.8
40515.4
33938.8
10373.7
7721.92
22143
16585.4
32882.8
10203
16595
26053.6
14668.2
32259.5
17100.6
14512.3
12511.1
24301.3
14972.1
26919.8
28313.9
22548.7
13087.1
23344.1
10344.9
9897.04
25769.2
14008.5
14767.5
24615.9
8771.84
24274.8
10820.2
9922.4
21736.3
12463.6
19715.2
22888.6
10299.3
27398.2
18351.4
11218.5
21185
21254.2
16188.1
12623.6
15874.8
21793.4
27803.6
20957
26075.4
27754.7
12660.3
13078.8
12905.8
5816.4
9562.16
22129.7
17954.3
29733.1
8833.68
32369.8
17998.6
9416.16
18070.9
13771.9
14769.5
14611.5
9203.76
9526.72
31523.6
18342.6
32928.3
14723.5
31784.5
10710.2
25203.4
10027.4
36219.4
21236.6
12789.7
20114.2
9015.44
32553.6
24563
22497.5
18120.2
7186.88
7307.28
22870.2
22377
14377.1
10447
6453.2
23607
26585.6
18846.6
22145.7
5723.44
15784.2
25020.8
17458.2
24490.2
15710.4
28572.6
5646.32
13906.2
17854.6
5715.92
11852.2
23604.2
15224.1
18049.7
20310.3
7801.2
16730.1
14945.1
17466.8
30440.1
11002.5
26748.2
31949.2
21306.5
8659.68
14881.4
13714.5
21684.2
11024.7
13372.8
22899.6
36999
13601.8
9574.88
11384.9
11404.6
26706.6
19122.7
30582.6
7462.08
11933.2
37118.5
19747.8
12516.3
34431
17293.2
9141.84
16821.4
34833.3
10248.2
21290.6
35051.7
15281.8
15479.4
16955.2
26721.8
22730.2
9210.56
22455.7
11980.6
19182.3
34330.7
9844
12286.2
18727
16294.5
7963.44
11410.2
22473.3
11398.9
10117.9
17575.4
33730.6
21484.7
11390.5
11214.8
5523.76
11646
25979.6
16148.2
24243
12054
13831.8
17726.6
10625.9
11071.6
23652.2
10632.8
14085.8
9478.64
19556.4
16100
25279.4
31516
19490.6
18867.7
52408.7
9610.64
16896.6
17107.8
23439.8
20652.1
17476.8
10191
22862.2
41094.2
19492.9
7121.6
7943.84
12208.8
17943.5
24882.2
19354.9
19916.7
10427.9
9487.04
21273.5
45714.4
12255.8
12839.5
4134.24
14821.9
26443.8
15023.8
16637.2
31195.6
15267.7
12076.7
20957.4
26701
35859.9
9449.44
19003.8
21440.4
12817.3
28458.1
7702.56
21528.7
18187.6
15915.1
27087
11940.6
26901.6
15536.7
16426.7
25735
29570.1
11902.1
13366.3
22878.3
5752.48
21576.8
12618.3
16304
14080.8
17518.3
13243.8
31224.5
27284.8
8167.04
26838.2
13385.5
7683.6
23863.4
13643
31168.4
18410.9
8439.04
23648.6
33389.9
38892.8
36120.7
9343.28
20730.4
11529.4
14658.3
19210.2
30972.9
17845.3
18386.3
26673.8
22356
19011.8
26379.5
14676.6
49204.5
13789.4
25183.6
26971.9
17729.8
12190.1
17829
22479.6
9650
23349.3
39209.9
12229
22741
18344.4
7644.72
17477.9
37592.6
23645.7
21249.3
21009.6
43677.4
14593.5
20766.6
11864.6
18035.7
29581.9
32202
22990.4
23253.6
26903.2
12673.4
19368.7
22285.1
20905.6
29936.1
37795.8
19872.1
23306.3
26054.6
17678.2
33163.8
12344.2
20672.1
19429.2
19387.4
19472.8
14070.5
7991.04
9152.32
16026.1
14399.2
16438.7
31593.4
22358.4
22322.8
6683.44
28370.4
38793.5
27226.2
27496.6
11213.3
20941.7
8712.4
17106.6
44575.8
9689.92
11006
21817.1
19395.2
12876.2
25971
21626
13178.4
7668.96
25658.9
4608.56
21973.3
27234.5
26175.7
10734.7
29348.6
7444.64
23681.1
13252.5
23816.6
18365.6
38555.5
17102.4
28321.8
20812.6
15308.6
9505.04
20419
29576.7
10537
12716.2
21493.6
18426.4
32730.2
12132.5
21667.5
20942.5
5971.36
32551.8
25753.4
24065.7
22816.4
9044.88
13326.1
15434.6
13323.5
27776.6
22709.4
13296.4
18354.6
17018.8
24660.7
26305
13623
19824.4
20495
22836.9
22957.2
23230.5
13937
12607.4
9787.36
28125.6
27744.1
6765.2
19222.2
17973.1
34815
17414.4
23068.1
16401.5
18529.1
13766.5
45543.4
18379.8
18089.6
8238.48
28382.7
30500.3
13306.6
9832.16
17811
8266.48
12563.8
19155.7
37231.6
30215.4
32330.2
19759
28304.2
15344.5
22054.4
27801.2
29394.2
22381.9
10539.7
14890.4
13785.8
28864.7
13053.8
44078.1
18874.6
20979
13289.4
23406.5
16690.1
18805.9
27429.6
19653.4
28792.4
23273.8
18967.8
5680.32
13034.4
16214.9
17967
22107.8
19822.7
7243.84
29476.9
33914.6
16005.8
19839.1
10962.2
5611.76
20593.4
14084.5
12587.8
10300.4
21671.4
10921.9
8768.72
10195.8
13543.6
10898.4
7710.08
11868.9
25204
14271.5
8766.4
24743.3
34258.3
20174.6
9863.36
20518.6
20775.9
14592.3
28166
8316
44668
10854.3
21819.7
23162.4
36084.6
13721.3
16041.7
22991.1
7423.76
17855.9
17613.5
12453.2
22150.1
10301.3
15712.3
11606.2
17910.9
14739.4
11922.6
9746.56
16313.8
18322.6
15264
22125.5
24067.9
19419.8
18393.2
15997
10684.8
10903
31593.3
17435
9983.52
19928.8
10193
40011.3
21627.3
8592.88
26401.7
16003.3
9398.32
49236.2
9511.12
20900.1
10850.5
17923.3
11600
23909.9
10147.4
20476.8
17005.5
23535.6
24666.9
10712.9
11480.2
11309.8
6555.28
32181.2
17446.6
30352.7
21973.8
23378.3
15271.3
16057.1
15325.3
24616.7
9777.04
40422.2
24604.3
22922.6
12547.7
12672.5
12017.7
31239
24195.2
20101
28241
24522.4
26074.5
19797.8
16028.4
19024.9
27196.7
26005.8
14631.4
9566.16
12601.4
12207.8
38705.3
21709
5398.72
15516.6
14706.7
11543.4
10568.6
33567
12772.8
35010.8
12391.8
32022
20465.8
26568
18525.2
13682.1
15326.3
15082.1
46888.7
25773.3
18834.5
10319
14967.6
15725.5
29259.3
27484
13967.8
6494.4
5000.16
34124
19599
47402.6
14705
6249.44
20581
12586.8
28238.3
18488.9
21803.3
33738.2
21063.1
16345
20357.9
20164.7
26243.1
59333.8
24453.3
22044.5
22206.1
12299
20537.2
14365.7
20333
22496.3
20334.8
34685.1
18032.1
16328.7
16053
28138.6
37942.6
26397.7
19078.2
18932.6
19823.3
28507.9
24173.8
16143.7
8356.08
21880.8
13023
12478.3
22057.1
11315.9
25369
13671.4
33977
13002.1
24510
9107.36
22965.9
47337.7
22549.9
11858.2
14542.2
35447.1
15379.7
16836.4
47426.8
19135
27592.4
10339.5
29313.9
42704.2
33704.8
10736.5
31005
29035.8
35651.9
15252.6
32051.8
25388.4
21321.5
24093.8
30676.6
19426.2
15448.7
31757.5
15249.7
15534.3
23354.8
19484.9
15604.2
22654.6
16290.2
13160.7
19849
29948.2
13577.3
12684.8
38921.4
13729
21954.8
13011
13896.4
29752.5
19302.9
10951.4
24196.2
11920.2
11433.8
10532
20247.2
16631.8
15305.8
17289.8
34424.1
14670.2
21306.4
8602.56
19262.3
20649.5
15134.2
19471
21927.8
26095
17505.4
32647.3
33655.7
16719.4
16167.7
38073.6
27390.7
15346.2
25813.2
31023.8
10718
17002.4
24402.4
26053.4
23481.6
21961.1
33032.9
24437.8
22462
16372.1
42568.9
16886.7
7108.48
12858.2
13331.8
43668.2
30665.4
23761.7
30245.1
16454.6
18357.5
14372.8
20569.7
23547
10997.6
18558.5
21291.4
20592.7
23059
36576.3
11447
18647.5
31762.7
23177.5
27443.6
24069.9
19098.4
25435.7
38380.2
12244.2
10819.7
21947.6
9744.88
23324.6
22753.4
30272.7
25393.8
18069.4
9645.84
20489.1
13398.3
14934.9
26678
21344.2
8850.24
22124.4
24354.7
16580.8
15159.1
32132.8
18469.1
12175.3
11925.8
34740.4
17548.2
24367.8
20579.6
10380.2
28163.3
16652.1
19545.4
20665.8
18463.3
5817.92
10550.6
14502.5
13843.9
25557.6
18891
17229.8
8897.36
11771.1
28209.8
15903.1
16296.2
21616.9
15988.8
20912.8
19783.4
28305
11316.4
8312.96
47354.7
30759.4
16146.4
18810.3
15620.9
11351.5
10859.1
32526.6
33855.4
10599.4
21794.6
15050
9990.08
27218
38673.6
43219.4
30959.4
11004.5
16387.8
16739.2
23038.5
41302.6
7736.4
15212.7
27212.6
7429.12
28374.2
25483.6
32832.8
31312.1
9568.32
18124
27132.2
11963.8
31233.1
24009.8
15388.2
6659.76
8386.64
12085.4
18772.8
23258.6
19923
12982.1
18490.2
10151.6
30728.6
23713
23205.7
12449.2
5835.12
24826.3
15485
21981.3
34026.6
13467.4
10008.2
15032.5
8931.36
38443.5
30950.4
10968.9
29616.4
22213.4
35973
28334.6
15039.9
22737.2
14773.7
8490.72
19894.4
31600
29247.9
9057.52
12869.9
14708.9
23457
24398.4
16980.3
7404.96
12426.8
9369.2
17396.7
33472.6
18773.6
22584.5
15913.3
21935.6
16187.4
22222.9
15245.6
13614.9
29707.2
29738.5
17668.6
41797.6
14169.8
19819
16892.7
16375
14564.8
15717.9
16263.8
27001.8
20720.7
15605.8
28487.7
19356.4
19937.7
22571.5
13866.5
9057.68
18652.2
12739.6
26591.3
36880.3
11047.6
20061
21605
29201.8
14706.2
23834.7
12647.8
18425.6
23078.9
22904.2
14201
44797.4
19266.9
24347.5
19489.1
33245
13487.2
25885.4
17540.2
21465.8
31232.4
19410.6
20179.7
33968.5
37301
30927.2
24689.4
14037.5
33453
18783
16074.1
20542
16720
26129
31285.6
10308.2
44286.6
12958.1
29818.1
16376.3
34030.4
24528.5
28446.9
10727.6
23204.1
17981.8
42261.4
30868.4
17662.2
34104.7
41750.8
16237.8
25121
20778.3
26438.8
17393.9
30668.2
24562.9
15948.9
19562.2
24666.6
25461.8
10984.9
13870.3
14012.9
20767.5
12653.5
27222.6
28877.5
28072.7
68236.4
17226.8
17544.7
25060.1
32465.4
14097.5
16303.6
21015.4
24571
14231.5
12817.9
12455.1
19774.1
25130.6
24543.9
12144.9
13264.2
21189.4
21885.4
34159.8
14536.5
19899
12516.7
14987
15680.6
21866.5
14647
15770.3
31165
18706.6
8773.04
22013.2
18896.6
9576.32
22165.5
26737.8
19380.9
43100.8
21850.6
8676.64
19939.9
9680.48
26030.6
35591
30382
18745.9
20259.4
31359.9
10655.8
13984.9
20017.6
23774.2
28511.4
33917.9
20575.6
10497
39514.4
39857.4
24855.1
40941.2
29041.8
31288.7
12310.6
17182.7
23270.6
18636
26532.5
14207.6
24785
26718.2
11721.7
32177.4
13984.7
22429.2
10743.1
32314.7
16628.7
22137
12067
12352.6
25174.7
34491.9
19344.9
7730.16
27605.8
10233
22110.8
28354.4
47221.8
35929.8
12731.3
40588.8
23575.9
19451.8
31266.3
19037
28819.4
20567
21733
12172.4
25086.6
42097
15078.1
16341
15619
8598.88
41987.4
59914.2
20374.3
15868.1
35275
20298.2
16280.3
33402
11686.3
26252.1
48538.4
18079.6
37306.9
18339.5
44900.2
35793.3
29503.8
10747
48118.2
31264.8
27624.6
29261.3
21131
25402.4
27897.1
21412.9
27682.4
30483.1
32748.6
43789.9
29751.1
20813.7
22540.6
23277.3
18130.2
23896.8
25954.4
20369.1
14647.6
28529.6
12696.5
41020.3
9669.2
32138.7
26358.1
19940.7
14731
24965.8
28989
21758
24944.1
38366
28941.8
12987.2
46952.2
26440.1
18433.4
34059.4
14140.8
14496.5
32918.7
12088.2
15728.5
33324.5
20405.3
30619.9
18588.9
25140.9
38687.4
54510.3
16460.5
10128.3
23282
17624.4
26499.2
17292.3
33713
25947
14528.8
37043
16424.6
9342.08
34329
23177.8
17717.8
11573.7
44389.5
10616.2
14267.2
24401
18743
24358.2
20620.7
15845.2
26741.1
21628.3
25093
13534.6
26977.2
15483.3
45088.7
25934.5
28520.9
8713.2
24520.4
13895.6
15320.5
28001.8
20592.4
27238.2
25580.6
39671.4
27031.3
30397
11078.6
12328.7
19998.5
21222.2
20197.1
18913.1
23278.3
8368.8
17748.5
35725.4
24339.1
32348.7
9386
31338.1
11674.6
35961.5
5707.36
15927.1
26304
19784.4
19701.2
18582.6
17299
29850.6
24333.7
19995.9
17173
26867.1
19820.2
13342.8
34039.8
33339.4
27238.6
33245.5
21631.1
19048.3
20756.8
44701.1
24089.7
24197.3
15986.2
15668.4
27953.5
8276.16
17407.6
18072.5
20539.4
11323.4
19125.2
15505.3
30505.4
10085.2
10237.8
11004.5
37120
8299.84
15728.9
29571.1
33969.5
28691.4
14282.2
14333
8348.48
27410.6
10820.9
29729.4
22878.6
14424.6
40083.3
11875.2
12106.7
8270.96
18295.3
13554.7
22741
34585.8
21579.7
14071.4
11110.2
10589.3
9350.08
16050.8
8764.24
15436.4
10225.2
22322.2
22668.8
21932.9
10071.8
24349
18074.1
12760.7
7413.52
27576.8
10347.1
17716.8
15757.8
16923.3
43647.1
13293
34957.2
21462.3
13712.1
25877.5
16947
47793
18164.6
25809.4
18969.4
17904.5
13709.3
9852.8
36829.4
17272
17504.2
16256.6
10886.2
35962.2
16582.6
12072.9
23015.4
17960.5
13002.5
15963.9
22711.7
13183
31376.9
21358.1
19851.6
41788.2
20180.4
44306.1
25415.3
24249.8
24428.6
8241.44
33036.2
27583
20174.6
13152.3
16331.9
17828.3
16130.2
21455.3
22271.2
18330
7920.08
12129
19445.6
10298
16084.7
15685.8
23859.3
22996.1
23365.4
26250.1
31335.1
24697.4
16751
16685.5
24819.8
5628.32
15424.6
8811.76
17190.8
13725
13363.4
35848.1
6019.6
17690.7
23019.3
22280.9
8799.92
25420.2
24224.6
37351.8
17850.6
29936.4
37068
11631.1
12691.4
47770.5
11608.8
19318.2
27064.6
23266.2
21509.3
10763.1
24290.9
25774.6
16218.9
16475.7
12930.2
12916.1
18615.8
30393.5
18380.7
24895.5
28219.5
12224.1
20137.7
16865
17465.7
11373.8
26390.2
10522
21864
18157.2
11911.7
23763
13195.7
16118.9
27460.6
7953.84
22721.4
21312.3
31101.5
25288.4
11252.3
11458.1
17344.4
7573.12
15512
12322.2
23633.3
11368.2
25921
11107.8
18152.7
53979.4
13759.4
48747.6
16264.2
9981.68
50149.4
25356.4
18515.8
10733
8962.32
19640.6
23478.6
29187.2
15929
30000.6
19761.8
9979.2
16419.5
20732.7
16870.7
31887.8
25586.1
19845.5
11528.7
20770.3
13485.9
8818.48
18804.6
22306.4
23397.4
14232.9
24884.1
22582
6868.8
22232.3
26692.4
17000.9
26249.3
32327.4
15432.7
24011.9
20666.4
24973
26766.3
8507.36
15816
20143
11817.8
27438.9
12278.9
29459.1
26742.5
11367
3416.88
16669.1
20346.6
31996.2
14045.4
18127.4
13650.1
46640.9
18481.3
26237.2
10072.4
10117.4
23038.6
41531.6
37065.7
15626.7
8545.68
8342.72
18444.6
32435.6
23709.4
17954
17358
23358.7
18519.2
35371.1
28049.5
8703.04
8428.32
26560.9
36407
10374.2
21851.9
23801.8
12312.2
25683.3
25260.6
11324.4
8995.92
20538.4
18582.3
11663
10835.5
27895.8
16542
13825.5
37492.6
13439.4
34397.1
9974.88
20340.6
18952.5
36965.9
17877.3
22480.2
12026.1
31296.6
24362.8
24536.8
15485.9
18865.8
23087.1
21033.9
12577.3
17820
16369.8
22050
16777.4
15703.7
17469
19263.8
28757.1
22287.5
13034.7
17448.6
7475.68
12497.1
13540.6
9631.52
15404.5
9426.88
14373.3
28983.6
23276.6
19557.4
34733.9
26079
23078.6
29763.1
12550.7
18837.1
22260.6
28646.3
16796.7
24722.2
15362.4
11918.9
26875.4
20544.6
28472.7
12630.3
14374.6
31045.3
23343.7
17512.1
23161.1
26041.9
25740.8
20830
21366.2
23910.9
14721.4
15687.8
20424
42032.2
14844.6
21589.6
14023
33686.9
19156
20297.9
16238.2
19896.5
21437.5
18004.8
20736.4
27887.5
39502.2
23001.5
13257.5
20487.5
25193.9
17189.5
17783.9
8484.8
18073.4
14639.1
10967.7
14363.8
14611
11819.4
10005.3
12949.8
21692.3
18016
17273.6
14632.1
19705.7
32676.3
12302.7
14175.9
9375.52
9351.44
25407.1
17267.6
15410.3
21360.3
19501.6
13797.4
13571.8
20095.1
29901.9
17204.9
37038.8
24871.7
19010.7
10785
22408.1
16046.7
22073.2
6638.8
20715
18425.1
11647.9
16122.3
24852.1
16462.6
20972.2
9373.92
25562.5
17839.4
24219
33377.4
7966.72
19032.6
15285.4
10924.2
24715.7
18012.9
23759.4
14327
5524.48
7452.48
21192.3
41868
29520.6
21783.7
13794
10036.6
21247
26841
28972.8
28636.3
12320.8
20078.1
21478.6
25627.8
9404.96
23031.4
8261.44
11025.2
28648.9
22270.7
23885
14116.9
11488
13174.1
17865.7
34148.6
19506.8
18764.4
11496.9
18047.8
24920.6
37588.4
33465.4
19765
21080.8
7988.96
30237.8
11504.5
15404.9
18067.9
8133.92
10412.2
15464.4
15479.8
17105.2
29571.4
15328.8
14696.7
21397.4
27163
13947.8
24561.5
15336.1
17624.6
18605.9
10212.4
18174.1
13347.5
21658.5
16475.9
25078.6
37207.5
13993.4
3631.68
23250.8
9255.2
23850.5
15052.6
22975.3
28667
10505
6445.44
17169.4
14339.6
17180.2
18472.6
22769
16878.6
28902.6
14284.1
6203.36
8773.6
14878.2
17770.2
19164.2
28726.5
10930.5
12916.2
14554.6
27256.8
22102.9
9550.08
21407
10208.6
13269.5
10589.8
14630.6
28375.4
16446.3
11878.5
29178.6
13111.1
15280.2
10778.6
22235.7
24321.6
19040.6
23335.9
21602.2
24645.6
17852.6
12602.9
10517.8
10645.8
18963.4
27658.3
11449.4
8526
10545.3
9243.92
14905.4
10660.5
20197.1
20179.5
27720.8
16235.2
12976.4
23611.2
7861.68
18902.6
25415.9
7797.68
13230.8
15858.6
8492.4
10521.1
14029
17984.7
23211.4
33885.2
28503.8
37100.6
8224.08
27898
13102.9
23457.8
34449.6
17430.2
33893.9
16336.5
34070.5
27323.5
13525.8
12892.4
45931.4
53120.8
23631.4
23779.2
24317.5
21521.9
15393.8
17912.9
21456.2
14176.1
21841.5
17722.6
34225.8
32022.6
24027.1
23954.2
16599.4
22394.3
12843.5
18437.4
22007.3
35529.7
18865.2
23066.6
24883
42973.3
10696.6
17910.6
23794.3
28494.2
24813.8
20907.2
21300.6
14122
24322.6
15860
14391.3
25391.2
12557.2
20227.8
28641.1
32035.7
24209.9
14036
31079.9
21962.6
18037.8
20860.1
52598.9
27549.3
26352.4
21212.1
33287.9
17988.5
13701.8
10216.6
26887.8
10441.4
26476.7
18274.6
18860.6
6424.4
10829.9
27472.2
25643.2
23884.2
13845
13121.5
21321.6
15899.1
24965.6
35865.3
9639.92
25722.8
16758.2
6393.68
28217.6
11376.4
24632.6
16114.6
9789.12
7376.8
12790.6
24442.2
18293.8
14126.8
18115.8
11860.1
8622.96
14545.5
26233.1
9432.48
13406.9
10577.8
17450.8
37127.4
35980
8978.72
20495.4
24774.4
19274
17276.3
22002.6
39142.3
16394.6
19175.8
18759.5
21311.4
16422.6
16116.3
16801.4
11337.3
17672
25685.3
21949
31635.1
17427.4
7393.84
22648.5
8558.72
16641.8
24469.9
16780.6
15837.2
35005.6
21698.4
11840.3
13012.3
6924.48
16479.8
15238.6
14201.3
6686
24953.3
27410.6
9722.96
19619.9
14623.8
26577.3
13223.8
13830.7
13831.1
26193.8
17021.5
14730.2
27876.2
22196.8
4810.48
16091.8
14296.3
26729.5
22939.4
13109.1
6100.08
14436.4
11206.7
11726.1
11097.3
11762.7
17626
13312.9
9885.68
13522.1
13572.9
28669.6
14565.4
11080.5
16928.5
13852.9
17560.5
9613.68
5374.72
19245.5
23561
20870.5
10430.7
15729.4
25016.7
7281.92
25221.2
14170.5
16519.8
16562.2
10589.4
12134.8
16204.7
15409.5
17551
7783.52
24259.7
8152.48
12853
17893.2
11580.8
18279.6
7698.08
17067.9
40098.6
14992.4
17378.2
22017.8
17164.6
32433.8
8603.2
11985
11379
12426.6
30102.8
20476.7
13000.2
26881.3
23880.4
10595.3
22131.8
38137.7
21732.1
6731.92
10355.8
19161.5
22856.2
16576.1
12221.8
11967.3
10765.2
49748.2
15584.3
16045
13258.2
7203.68
16414.5
22633.9
17169.1
31782.7
6964.8
31041.3
40968.6
21290.3
19759.7
26462.2
23800.9
9658.72
16317.1
17744.8
22569.8
29921.3
22188
10867.4
22142.9
8572.8
17911.3
8910.08
14679
33099.7
22411
9716.32
19352.9
9200.8
3305.2
39122.9
20665.3
20369.6
30444
21026.1
21621
12885.1
26683
16352.6
22891
11357
14117
20637.7
25096.2
34708.6
22996.2
14998.2
22646.7
32599.9
18595.4
12511.9
19696.2
11222.7
27860.4
22650.6
19842.8
17018.2
11605.4
12719
29187.3
9552.96
32724.3
27700.4
5651.92
10377.2
24879
23024.5
15681
16796.5
16076.5
17271.4
31095.4
27901.4
14326.2
12439.6
8731.36
10431.2
23619.3
18468.8
22305.6
6873.28
14111
14634.7
20751.1
17563.7
12620.4
19435.7
12746.6
19968.8
16351.1
17985.7
12438.6
13674.8
12504.6
16180.2
23879.8
16751.8
17980.6
37901.8
15659.8
31096.4
24266.1
30992.1
20676.2
13346
14445.1
27159.2
10418
7757.28
16902
17417.7
21956.2
10255.8
20699.7
18929.4
13053
27752.2
6894.96
26136.5
7755.2
18519.3
17431.8
8186.8
12211.9
27301
22441.2
19463.4
13311.8
7055.36
13085
32891.5
15983.8
13048
12850.6
19074.3
18584.3
15357.4
25901.5
27866.4
23923.3
20604.3
11402.6
33737.4
18241.4
34056.6
28923.2
20893.3
14182.8
37208.2
31280.4
12382.6
23666.4
14833.4
13128.7
20111.1
7769.12
36326.9
29796.6
22430.1
27092.2
40755.4
23477.4
13742.2
25485.2
25717.1
21902.2
28482.8
15314.5
14420.7
15893.6
34260
14544.2
15195.7
34520.9
37264
24912.9
26228
26531.4
34600.7
31668.6
20168.6
16215
16938.5
19980.9
29894.6
24884.4
11492.6
38798.3
21617.9
28927.2
26512.2
22690.6
21941.8
17309.6
23686.1
30854.6
27943.6
36728.3
21811.7
6509.44
18339.2
41887.4
73941.6
48399.4
13513.8
28255.1
17752.7
38886.6
38377.8
27989.5
35948.7
8879.36
57065.7
30185.7
32872.6
12773.1
15299
19967.9
17060.8
18541.4
35405.2
29814.4
29942.6
16703.6
28566.6
23625.8
19025.4
21739.7
17981.8
23420.7
12009.7
33583.4
28833.1
22110.7
13836.7
12840.2
15328.2
37718.6
23476.6
25801.6
11311
44834.6
13680.4
21262.4
20368.6
25188.4
13356.8
25680.1
23787.4
22065.8
15621
34450.2
36660.1
26643.7
27610.2
24384.3
26391.8
13932.3
15012.7
26495.4
20993.7
19107.5
16543.7
9324
23762.8
16718.6
16771
12994.1
26491.4
19325.6
24686.8
20715.3
13713
27332.2
10942.4
22282.5
22682.5
33066.2
8435.04
20474.5
24878.6
16015.2
33866.9
17991.6
19406.1
14638.2
42492.2
36227
19135.4
19471.1
16363.7
43244.2
14795.6
24259
16308.8
27023.1
14873.4
14944
22411.4
16729.8
20929
11718.7
19907.2
29697.5
17381.1
25531.5
23280.2
19111.9
21209.3
8726.96
11733.8
22526
17154.7
15194.3
15336.6
25696.5
14067.9
24040.2
10232.8
14465.7
25756.2
22047.6
12420.2
21110.9
16772.7
13124.7
38470.8
12000.6
16801.4
13182.2
26784.9
23095.2
33255.4
20848.3
12881.3
9182.96
17621.3
22100.9
12350.8
17760.2
22811.1
15273.5
11780
10741
14569.7
15539
23373
9750.08
10655.6
14614.7
46727.8
13349.1
22850.3
16569.7
19785.9
20786
31294.4
12064
15454.3
13896.1
35427.4
14426.6
21015
5731.92
24594.6
7257.28
7230
11729.2
16974.3
15090.4
8302.16
13002.6
11018.2
12003.8
32731.1
8955.44
12317.4
18706.5
10332.6
15983.8
17853.4
13246.4
20179.1
20208.5
27826.7
10160.5
16068.2
7099.84
18378.8
11670.3
13575.7
13192.9
19377.8
12300.2
37948.8
26529.9
10791.9
10456.1
19115.4
14916.4
23565.2
41495.4
16235.4
15553.3
40487.6
18451
10371
27702.6
21263.6
13785
26222.2
27650.2
13903.5
25353.7
17204.5
12310
9270.88
12209.6
15697.9
23531.9
45435.3
16353.2
16512.8
12619.6
5749.6
14319.6
25607.8
18627.8
11297
25474.6
17560.6
22952.1
30323.5
47059.6
21624.8
18476.6
9217.52
8940.72
28110.3
24562.1
12444.8
29130.6
18755.9
16338.6
12805
23049.4
39186.1
7371.44
7886.16
17956.6
9754.24
22160.1
17097.6
13969.7
22281.4
11749.3
26594.1
13956.2
23385.8
22190.5
15809.3
23887.7
35022.2
12752.9
25945.7
11803
30988
15381.6
16017.6
14881
24456.2
10703.1
17705.9
25364.5
37658.1
12712.9
15461.6
36288.5
12658.2
24809.6
18553.3
21452.8
14243.1
30900.1
33612.5
19335
21760.6
32382.2
11318.3
32775
29066.2
24362
13988.1
6503.12
28127.6
12171
8731.52
22939.4
11000
20445.5
28693
10300.9
15872.9
12570.8
17788.6
21420.8
8215.84
16887.2
27843.6
22826.8
15405.4
12593.8
36035.8
7780.32
19419
39910.7
36075.4
24564.2
20267.8
31068.1
23119.3
25102.4
11670.4
15670.2
15003.9
9885.04
23515.7
26003.6
23646.2
40759.4
32590.7
12677
15313.2
11183
36388.1
13688.3
30901.1
22467.9
41593.4
15513.6
13848.8
29886.5
24593.1
14973.7
27154.5
38997
32553.8
24420.8
11479.6
14784.2
31496.5
14985.6
34727.4
18989
19527.8
13149.8
13770.5
25252.1
11426.8
43729.9
12147.7
29290.6
14577.7
21173.3
16081.5
26050.8
41180.5
21655.2
29818.2
17686
20417
21231
30960.6
30472.1
19940.4
15887.9
19066.5
21004.6
16726.3
25414.8
17151.1
39553.7
34982.7
20253.7
34610.1
22512.9
9589.12
19462.2
25734.2
27562.8
29183.7
12196.9
9307.6
22258
22801.1
12143.2
20194.7
14053.2
20075
23941.3
7560.88
8110.96
31376.2
27160.3
28473.4
10492.2
16358.3
22953.6
17094.9
9469.44
18143.1
22577.1
16877.7
14368.6
13105.9
12140.9
27834.6
18472.1
34859.1
10308.4
34016.7
18391.1
18057.8
22795.8
20865.5
27049.3
12650.1
26504
12381.1
16521
27723.4
36612.1
14309
39023.4
34308.2
16812.2
23796.6
19446.2
15494.1
11871.1
15168.2
16988
21228.6
30989.8
39853.7
24616.6
20998.1
17667.8
14910.9
11821
28199.5
17613.4
16272.5
14028.4
9720.72
28855
24134.5
23058.9
18911.4
19543.2
30789.3
29607.9
28718.3
21972.6
22254.3
9477.6
17724.6
20774.9
17043.8
20678.2
22728.2
17378.2
34277.4
18355.2
25768.7
33449.4
22329.7
24240.8
17324.6
20281.4
54841.8
11465.9
6910.8
23224.2
10551.8
20136.3
18819.9
8179.84
21549.7
11634.7
16852.6
11819.8
30829
31174.1
28149
7930.08
30169.7
11067.8
30336.1
11035.1
25642.4
19470.2
20118.7
15007.2
33027.9
11244.2
22270
15074.2
8769.6
32334.2
7611.76
30280.3
18760.6
13296.1
13869.7
26171.8
13178.3
26141.8
39715.2
12609.1
23815.1
12830.9
13953.1
20962.9
40292.5
22873.3
28079.4
14232.2
9046.16
36343.3
25232.4
11562.7
10915.5
20285.3
15373
26785.8
13940.2
23037.4
10122.2
19311.2
44324.1
18509.9
13594.5
21309.2
19782
14997.4
29803.3
20212
64445.6
35755.9
14559.9
24662.6
8878.72
23673.4
26741.7
23335.5
28380.9
23936.2
12684
28850.4
16874.2
24378
27940.6
19718.6
10242.2
21235
26276.5
22038.2
21904
15086
21478.6
8662
43046.2
16757.8
27705
10043.3
33847.6
24193.4
30259
25801.9
15654.4
20018
32135.5
15622
25910.5
24432.9
22947.5
20878.3
16381.6
13174.8
15943.9
11691.5
18731.9
17327.8
7742.56
13358.6
11354.6
32048.2
8520.24
25802.4
25569.4
29560.8
23560.8
21694.9
12594.3
30347.7
12307.9
23913.6
19605.1
14347
37710.8
30921.2
9098
14805.4
9175.44
22720.7
28603.8
40359
31024.5
23425.1
21245.5
25251.7
18455.8
28239.9
18629.9
12498.2
16010.3
28445.9
45950.1
35494.7
16865.6
11638.1
35824.2
23879.6
20075.4
12270.6
24249.9
17931.7
22613.3
15029.4
30561.7
18967.1
11265
20712.7
47496.6
25159
9619.76
10494.1
22747.5
14248
19750.3
24570.8
19379.6
22929.8
14825.3
20853.3
18576.8
14807.6
13489.8
13738.1
33523.1
24076.2
12768.5
33098.5
13342.6
12360.7
9876.64
22822.2
15878.7
24899.4
19988.2
7410
7461.36
12762.9
31494.6
27767.7
12473.7
24497.6
24337.1
6470.32
38249.9
10253.6
10509.6
16529.5
13424.9
7167.04
23027
25083.9
13852.1
28342.3
8403.76
18012.4
24350.6
22254
22579.2
20117
20871.3
36461.6
16147
29681.4
23278.6
11992.6
24496.2
18637.1
16131.3
19966.1
13472.5
19269
23795.4
31466.9
20354.3
19557.3
19465
21093
12893.6
24469.6
25535.4
20289.7
12515.1
17374.7
13798.1
4675.76
26885
9768.88
14565.7
9831.84
10134.3
12273
30631.7
16636.2
18582
12484.8
37531.2
38408.9
19259.9
17665.9
8505.76
35350.8
16848.9
18604.6
10808.6
11317.8
8338.32
13090.8
30433.7
36776.9
24152.6
20227.4
22603
17290.6
17247.4
9379.2
19264.4
9128.8
11503.9
17991.6
17979.9
42702.1
32872.4
19411.3
11585.4
12058
23553.8
24216.7
21799
17310.9
13278.2
21997
9801.36
9875.2
4673.52
17151
15479.6
8557.36
10390.6
16194.2
17972.5
18943.8
43338.6
27150.3
23572.8
26499.6
6053.36
15154.3
19483.8
27077.8
34036.8
14830.4
12019.8
13040.6
13589
22666.6
27464.6
17940.2
17959.4
11993.3
8631.68
23592.1
30970.6
12102.5
8422.72
14217.6
11870.2
20579.7
26046.1
24425.9
14817.3
18389.2
18703.8
17102.2
21858.8
15457.9
11409.2
16080.6
10123.6
16404.7
14274.6
20977.3
26695.7
20946.3
7244.72
20261
36679.3
25312.2
13564.9
19952.6
22464.2
15778.5
16085.9
19118.8
10092.6
9895.36
17948.1
19826.5
23630.4
14955.6
22777.2
5465.52
41357.4
14817.4
35550.4
10831.4
23315
20064.1
19761.1
32026.4
15478.2
20761.9
16253
13090.8
37687.1
22935.6
19877.8
18650.6
14509.2
22628.6
31019
22692.8
23938.1
37489
7738.48
10623.5
21873.2
24424.9
26992
9357.28
8485.2
12597.5
20585.1
32376
28068.6
14859.4
16835.2
16366.4
24452.8
17049.4
19073.4
38219.5
14255.4
28111.9
23133.7
14457.7
26271.7
10395.6
12847.9
36252.4
38113.3
13898.8
23659.4
27167.4
21710.9
19448.4
17804
15490.3
14651.3
37023.8
15853.8
25971.9
18109.4
12082.4
14510.1
17525.5
26477.5
25850.2
12789.3
15783
20304.6
23692.3
30134.2
17500.2
10077.1
27371.8
20125.1
14821.5
10746.6
25335.9
23746.4
26151
19882.2
8193.36
24973
11316.5
29250.6
30615
13524.8
26607.6
14255.5
17289.4
34454.6
11327.7
35542.4
25962.9
18232.3
18800.1
25923
29144.5
22922.7
31758
15485.8
9707.84
40438.3
31509.1
19974
46590.9
14608.7
7650.8
12141.8
18777.6
36497
16048.2
22358.9
33265
15767.6
27712.4
18106.2
15188.6
23236.7
22294.1
14036.2
23655.4
10773.7
34937.5
20638
16751.7
12870.2
25643.6
32755.6
10527.8
24982.3
20658.6
30905.8
37141.4
32328.3
28154.6
8886.88
39021.6
13973
24125.4
13984.8
11049.7
19195.3
19530.4
20802.5
14594.6
22080.3
21954.2
17491
11066.6
6790.8
19757.4
9926.8
18646.2
28397.8
25113.8
14034.3
28110.2
11769.1
32179.6
11635.1
14817.4
11825.3
12348
15172
15472.2
14132.7
28250.2
10423.8
11434.3
17676.9
44708.4
14253.8
11880.8
21448.6
14001.4
14665
13035.4
14470.7
23384.7
18780.6
15044.5
25058.1
12020.1
13706.3
18542
42484
11946.7
20431
15227.4
14788
19757.8
13857.1
25958.6
16754.2
9884.16
7536.64
22658.6
19385.7
20015.2
13163.8
20054.7
25724.3
10862.2
16441.3
32669.6
12577.2
22032.8
22347.7
13044.4
17236.1
24366.2
27434.3
21263.9
11355.3
28756.2
33022.5
13194.1
40091.8
25817.6
24363.4
25113
15024.2
12373.9
10407.4
22481.2
10144.9
21412.9
7932.8
14990.1
23598.6
14737
26275.8
17346.4
15820.7
16864.2
42296.6
32997.6
13878
15968.2
27678.6
30431.6
13268.4
18826.6
12383
24534.5
18049.9
12737.1
22639
17586.9
29951.8
35009.9
22833.2
17684.9
12002
18575.6
16347
25322.9
15355.8
29728.6
24291.5
7144.72
17706.8
12180.7
10699.1
14424.6
20326.8
29544.6
29554.7
20359.4
19769.3
17058
26026.2
10958.2
18202.2
14064.9
9339.52
11094.3
17424.8
20299
29213.3
5966.08
23349.9
9279.36
23454.3
17413.6
29273.5
11808.2
17198.4
15757.4
21510.6
24030.5
25196.9
17856.4
24328.6
31441.8
12977.4
19923.7
24863.9
13830.8
7488.48
9734
35882.4
20439.6
8836.08
21312.8
21690.1
19907.8
21934.2
30346.8
27714
15390.2
16973.1
17740.3
18557.5
17087.4
19299.7
14009.2
16547.4
16431
11578.5
16196.2
23769.4
16727.1
10443.6
18536.2
15044
29531.4
20861
17573.2
27847.6
21141.4
23713.8
30063
21216.9
17052.2
13229.5
27194.8
22012.5
20485.4
22482.2
24552.9
25794.8
31157.4
15731.8
22009
46182.1
22341.4
19841.2
22100.3
10252
21388.6
18580.1
10322.2
22686.2
12885.2
17340.7
10322.4
15972.5
30911.8
11248.2
12608.1
30559.4
18361.4
15232.6
23711.4
25484.1
21100.2
27594.2
14571.8
17503.2
19296.7
3951.52
15950.5
22524.6
10975.6
12271.1
12467.6
29399.4
10387.7
10714.2
20195
26369.8
10562.5
11789.1
10226.9
18376.7
19712.2
25744.4
30519.4
16465.6
48303.4
9087.44
27702.7
23584.1
27064.1
13877.4
11483.3
21510.9
21091.8
18285.4
16575.4
15182.4
15019.6
20612.3
27295.6
23495.5
25348.4
17013.4
14333
16672.7
21342.1
11661.8
31187.2
35834.5
11202.4
21178.2
35994.5
29144.5
13053.1
8459.28
18590.2
30727.5
32404.8
39435.2
35105.6
20624
32522.8
21280.8
21667.2
32619.6
15367.6
7408.72
11789.5
16631.5
9133.92
34954.5
34772.4
25943.2
18662.2
10356.8
21946.2
17677.4
16523.1
24725
19336.6
18122.7
30599.4
16738.1
40207.3
27154.6
32965.4
14488.5
9835.76
9498.32
23601.8
30755.1
26134.6
15236.6
19606.5
22995.8
25558.7
32312.5
16446
15084.1
4830.08
28565.9
9201.28
26725.5
13190.2
11076.8
22200.2
30884
11027.4
23142.6
14615.1
11065.9
18796.9
20079.9
24037
32409
43160
14271.4
22714.2
11261.4
9468.08
18854.2
24750.3
11537.3
16514.3
22181.3
24797.9
16783.6
20030.4
15295.1
22422.8
7749.6
10629.8
16205.5
9380.16
16357.8
33906.5
24063.7
14658.5
8020.72
25117.8
9657.52
22963.4
23769.1
7346.24
18146.2
32647.3
6860.64
23988.6
15624.2
10032.6
20955
21328.3
22179.1
25607.8
10951.3
16566.2
37958.9
22210.9
17648.5
22987.3
18737.7
27832.2
23762.5
10941.2
10446
22299.8
8329.6
9128.8
34493.6
18181.8
20208.6
18067.1
19101.4
16435.4
26420.8
28364.5
14562.9
7986.64
6139.84
17565.9
18686.1
24998
20156.7
20838.3
22763.8
23469.8
22551.8
16025.2
15556
32454.1
13068.5
9473.44
22629.9
37611.4
22615.8
23217.4
17367.4
14831.4
15879.6
16058.7
13820.9
15316
10804.2
13316.2
18736.1
7744.8
16946.3
12143
24278
21444.7
13812.3
20687.3
27279.6
15773.9
14936.7
35371.1
8149.2
20445.1
13144.2
27116.1
18955.9
28157.9
17009.4
32478.1
11890.2
16973.7
11880.1
16642.6
17136.3
31974.4
21274.3
10869.8
22646.9
14093.4
11911.5
30682.7
9737.28
24909.6
38612.1
16956.9
7856.8
12846.2
34209.8
26336.4
26615
9873.44
37383.4
26999
19242.6
7582.72
18642
28906.8
11533
31392.2
12068.2
20417.3
23379.6
22746.2
27012.6
15094
21457
9738.4
20279.1
17460.5
31977.1
25286.5
19206.6
9417.52
29721.5
13216.6
42099.4
16602.6
15886
8698
30646.1
19805.4
10623.3
12087.1
25468.9
19108.2
21042.8
40561.6
20352.6
9242.88
12770.9
18037.5
19027
20495.6
27209.3
38049.7
18544.6
25928
23600.1
26425.2
30734.5
19831.7
8265.92
12906.6
24206.2
31150.2
6452.88
29832.2
22685
34751
14088.2
19745.7
8532.64
14922.2
14926.2
11396.3
20347.1
20522.3
27441.6
20548.2
11101.6
9214.72
21778.3
15308.3
21412.2
9122.32
10846.3
12999.4
10773
31073.9
11455.4
13041.1
20066.2
16916.8
16285.7
14589.5
17402.1
14612.7
10266.6
13205.1
26971.4
16639.6
27152.6
10501.6
29296.2
10376.6
9900.72
20837.2
27901.8
28324
23954.2
12936.7
28682.4
24449.9
36882.3
10551.9
21563.9
34443.4
24505.2
25731.8
12850.3
21970.3
17063.4
22963.4
18458.6
17365.7
21050.5
26419.2
12861.7
26002.6
20295.9
19493.5
33928.5
19878.5
34843.4
13131.9
30463.7
10695
19679.2
10073.2
21558.2
9548.32
16132.3
8347.12
13996.7
9769.52
25069.7
15210.2
30857
9866.32
24104.6
16845.5
15904.3
23801.1
13234.4
26561.1
42715.9
18860.7
34702.1
18376
16473.4
14177.7
20473
13669.8
20366.3
18946.5
24103.9
32431.8
24157.1
20866.7
19951.7
8436.08
17464.7
21380.4
24853.3
23332.6
15059.6
30117.3
17851.8
19927.4
30517.8
19171.4
16857
20810.6
14479.9
24707.3
7339.04
20441
23314.2
10961.8
20883.4
26452.9
21724.1
13721.1
13245.3
15111.2
15700.6
13474.9
35364.3
10149.7
15561.4
26654.1
9486.64
11608.8
15182.2
22931.5
26863.9
12811.9
32946.6
14805.5
17546.3
9013.68
14458.1
23441.2
7773.52
12597.5
20933.5
12597.1
16135.4
9623.36
6191.52
17261.2
37689.8
12965.8
26456.9
21713.5
18106.6
15407
17212.6
17368
10119.4
13967.3
18453
13034.5
33255.6
18865.8
16452.2
19430.1
17494
22180
13630.8
14681.8
15145.4
20044.6
20077.9
8195.68
19006.7
5934.24
19497.9
12376.1
29831.3
9619.6
16204.6
19053
14646.9
21191.3
24458.8
29903.9
18467
20879.8
21245.2
22130.2
26405.4
12401
16789.4
14926.5
37886.1
15913
8136.32
16676.7
18502.7
34428.7
14812
17850.7
27237.8
7528.48
28490.8
25255.4
10509
12515.1
13551.2
10561.3
35835.9
18856
17342.2
33620.5
19307.1
22035.2
17083
12857.4
19111
27782.8
24688.5
36923
10385.2
20771.5
21305
19856.5
14169.5
24359
17054.7
4711.04
27027.4
20516.7
29725
16434.2
17046.4
17740.6
24586.8
15654.1
27924.8
28092.5
31242.7
15788.1
21657
19983.6
30661
22717.1
24466.6
15523.4
27766.2
19253.2
16325.5
17321.9
14941.4
12118.7
33802.2
9754.88
43989.7
13019.3
22366.4
38035.9
6685.28
25805
23291.7
33494
30139.3
28541.8
16877.4
32428.7
23327.2
20321.2
17977.4
27666
21261.8
12169.2
17515.3
42787.2
12605.1
41838
25957.4
18674.4
14716.4
19579.3
12252.5
18677.8
25019.8
15132.6
23092.9
24987.4
15233
15422.4
17091.7
11368.9
28804.9
9822.4
44460.6
19973
16840.2
16519
15364.1
12180.8
12319
23758.1
20902.9
24590.2
16818
20767.5
18828.3
10737.6
7807.92
19904.7
32398.9
17263.5
14658.6
26773.1
24792.7
12859.7
7868.32
14719
17611
17223.8
12599
10648.9
31894.2
13713.2
24077
34910.6
28527.8
9501.84
17580.6
26547.1
19086.1
11394.9
10464
26939.9
25281.9
20155.2
34761.2
9806.32
17679.8
24384.2
13191.8
27258.6
40442.9
17667.7
15605.4
33838
18508.2
13874.6
32317.1
17754.6
39036.6
28884.1
11399.2
11817.8
39151.4
28643
12223.3
11546.1
21791.8
24591.1
22876.3
15349.6
14817.8
15462.9
13652.8
11916.2
12886.9
12561
19465.1
14496
30466.2
33669.6
10374
22804.5
16638.3
32086.5
20674
30270
12166.6
12661.8
27102.8
22778.4
17106.1
15919
12409.4
17919
25635
10869.5
13782.3
25937.4
34009.3
35007.4
15461.5
18056.6
18783.6
4992.24
15226.2
8961.68
25121.8
27998.6
7735.04
9747.6
17979.3
13200.8
23190.2
12121.6
32393
19896
17542.5
4639.6
21617.7
16050.2
17226.2
23494.6
14128.2
40665.9
10359.3
22899.8
23797.8
21214.2
29747
18915.6
9120.72
27405.8
15593.1
15099
20720.9
17483.1
21209.2
26277.4
48169.7
15450.2
15398.7
19277.1
34993.5
24346.5
20136.6
15576.6
31690.3
13435.4
26719.7
22407.3
12219.5
19437.9
18071.3
20675.4
21091.3
13523.4
17816.6
38827.4
20078.1
26564.8
22606.6
35745.9
21493.4
20679.9
24230.6
22389.2
26183.2
20859.4
17357.4
13371.2
17225.9
19123.6
32835.4
27105.8
22076.6
10441.8
22701.2
16109.1
27029
38324.5
26639
8338
17035.4
10853
24558.7
14518.5
12781.4
16957.8
11738.9
9991.92
10839.4
19051.4
12666.6
27739.6
19816.3
14467.8
19611.8
21698
15340.2
19828.1
24056.9
19937
27236.2
20404.8
19345.5
19986.3
13500.4
21464.2
27921.4
31658.3
12271.9
17332.9
20563.2
7404.8
22814.2
27513.3
20538.8
47933.9
23385.8
13890.4
21755.6
21394.2
38164.8
49502.6
13797.7
19344.6
16180.6
19611.9
16888.6
25641.7
19978.3
21922
15781.1
16303
20062.6
26618.9
19758.2
21770.7
26292.5
9397.6
29115.9
36486.6
26627.8
24544.2
22120.9
10403.5
28967.4
16165
18554.6
41568.7
15078.5
24414.8
26430.2
20183.3
14388.6
23365.2
22985.2
15737.4
21580.6
8191.84
12716.6
24408.6
14400.9
23339.8
42922
14858.2
20972.3
11323.7
18005.6
36858.8
27444.3
26832.8
23714.8
21258.9
32956.1
14022.3
20741.4
40973.8
31641.7
32326.3
22558.3
24282.8
23416
15590.2
17229.3
16755.8
25109.8
19327
12099.4
31177.5
31468.1
12123.4
22483
12509.6
17929.4
13706.4
13741.7
24000.6
32109.3
12070.5
8828.48
36802.9
32653
21553.9
8959.44
24866.8
26449.8
17335.8
23974.2
15547.9
19292.4
27193.4
24880.2
9282.96
16058.2
13741.3
26788.5
23961.7
17789.4
8760.32
13423.2
8025.28
16603.1
24052.3
23869.4
13305.2
10263.2
10040.3
10597.8
8252.96
26024.6
12131.8
11095
12459.6
22395.4
14181.3
10266.8
22241
18427.8
13079.2
12965.2
12854.3
21405.9
15693.9
6397.68
20824.5
13434.1
6069.92
22158.2
22069.9
13301.7
25241
8754.4
31154.5
25924.7
10834.4
18988.6
26523.7
17317
19288.3
19295.8
10479.9
12244
9983.36
12327.4
26899.6
15684.9
14697.4
25254.3
17263.8
28796.5
9464.16
24750.6
21941.8
10171
33018.2
22964.2
9764.96
11481.9
12955.5
9135.52
20099.5
12578.9
9261.84
24451.4
5453.84
17840.2
32203
24124.6
23580.5
22610.4
17984.9
17837.1
22467
10875.2
28927.4
16859.4
30733
11963.1
18566.9
14296.1
23267.6
19831.5
17603
18715.8
9364.24
10037.3
12533.8
12666
19914.7
10248.2
5252.88
14290.7
13097.6
29185.4
15849.8
27728.8
16641
14310.5
20834.6
12661.8
14178.6
16780.8
5552.16
15422.3
20446.8
17706.7
17794.6
19819.9
20154.8
19090.6
10795.4
7616.48
11021.9
21718.8
12950.6
10106.4
17668.9
12399.6
14183.2
15222.3
27852.2
14545
12037.1
8925.2
26079
10117.2
28656.8
14850
24011.4
9708.32
18088.9
13682.7
19707.7
20798.2
21410.2
14735.8
11947.7
28333.9
18873.7
7978.16
19853
20268.8
20099.4
20911.8
18965.4
33328.5
9628.64
35695.1
22237.1
13707.7
23868.3
17160.7
10556.6
31355.3
12184.5
18809.4
18394.9
12209.3
26381.2
30385.7
23854.1
17807.5
23147.9
28060.2
16085.7
10364.8
16697
20541.8
7873.6
20794
12614.7
10253.4
7701.12
24744.6
15621.2
7940.16
23369.2
19373.1
13488.9
10467.2
11801.6
17684.9
18235
33757.4
6896.8
14176.9
31235.2
11344
23354
34838.2
11416
21315.7
25730.6
21822.6
8296.64
15792.8
11369
13505.3
16955.6
22476.7
15229
7974.64
19646.5
53434.2
23574.5
19458.7
13261.1
20876.4
26141
24084.3
26080.4
45301
25563.9
12339.5
22145.5
25302.7
40075.9
19512.7
12953.8
21951
7562.4
21909.2
27605
26518.5
21907.6
10250.7
22708.2
14086.5
17935.2
23182.4
26789.9
19673.4
26401.3
32906.6
23620.3
22015.5
13174.8
10094.1
10085.4
34294
23974.7
14506.9
23389.7
14433.4
25579.9
19646.7
28722.8
37136.6
28341.4
25503.6
32786
30817.4
26305.7
14352.6
12915.6
34836.3
17257
16171.4
17539.1
26028.8
25724.2
24796.6
23430.4
7956
22615.5
19815.9
9212.72
14738.9
12868.7
29236.2
29872.6
29150.4
24154.5
25137
25407.7
10312.6
18508.4
25708.9
21284.9
16824.8
24471.4
19425.5
29139.4
17271.4
14007.3
22118.2
28729
15555.8
18698.4
12470.2
5698.4
15443.2
40181
14417.1
46284.6
26974.7
9950.96
29848.1
24157.2
21955.5
28323.8
12352.7
7342.32
25130.3
15106.2
24262.3
13944
12296.3
18564.2
23063.7
18917
16871.2
19776.8
21312.1
24392.9
9009.6
11202.6
26408.9
10036.7
6712.56
24825.3
12773.2
24093.8
34415.8
37819.8
8969.52
28533.9
22440.3
18047.7
13766.4
40812.3
9023.52
14140.2
12872.2
22801.1
39321.4
18528.9
17016.6
14547.5
16366.8
26887.1
13519.5
15514.9
17814.8
33212.5
19754.2
28159
23200.6
14404.6
26429.4
16231
18209.1
17131.4
6981.52
31623.4
30286.5
37533.4
22059.4
18292.2
18068.9
10360.9
17194.9
26661.1
19828.2
4981.68
41152.2
23247.3
18167.9
5933.12
9957.36
11154.5
16894.2
28396
30413
14010.5
4240.56
17076.2
17709.7
21833.4
18788.2
31591.5
17134.6
15530.5
7691.52
20946.7
34689
26211
31983.7
9248.8
15232.4
10642.7
20612.9
9925.84
34542.3
24639.3
24132.1
12942
24515.8
8695.04
12210.9
13345.7
6926.64
11425.2
33240.4
31638.1
19570.3
12308.6
16409
13647.4
19700.7
19958.3
29000.3
14921.9
10952.2
13701
15969.5
22719.8
13490.3
18761
20937.4
21593.5
14698.8
17648.1
16371.3
12429.1
18000.3
10585.8
21860
23591.3
28866.9
21350.9
8481.28
23448.6
11686.3
11230
33191.6
11742
16455.2
13147.5
10157.2
25359.3
13701
23385.5
17429.9
26539.4
13507.8
14146.2
20301.8
27693
15684.9
13403.3
14251.4
15389.6
9130.8
11168.8
45661.3
22537.7
19217.9
13349
28661.8
14623.2
35254.3
14306.6
43136.1
26724.1
20652.3
21748.2
17635.4
27524.4
18785.9
16217.5
17456.7
34049.3
17659.6
37894.4
31805.8
33400.6
28438.7
28100.6
9789.12
44387.4
25730.3
22254.8
49340.2
22908.9
27498.6
28252.5
21669.2
31421.5
19818.2
34694.9
15224.3
15337.2
27216.9
26525.8
14502.3
11687.7
26683.8
26733.9
27321.7
14483
29230.6
19940.2
16190.6
27121.8
14639.7
11700.2
6849.76
27825.4
20817.9
28339.6
24399.3
13506.3
13005.8
13673
23143
17511.8
21287.6
17824.7
21123.2
27090
22848.2
18901
13029.1
23046.6
8556.16
28749.3
24642.7
20854.4
8499.2
30863.3
15269.4
11614.7
14908.3
8206.88
25444.3
33391.2
17391.3
15312
10221.8
32661.9
15842.6
24318.5
38246.7
30076.3
8628.48
19305.4
17676
16650.2
12123.8
10540.6
31087.3
22517.9
30778.9
17385.5
18606.8
16039.4
6255.12
14335.5
11059.7
13386.6
8540.08
13891.9
37106.8
12046.7
21659
16549.8
19358.2
16164.1
11192.7
18261.7
18940.2
9134.64
11314.6
21373
26940.2
44489
12668.3
24248.2
14823.4
33098.8
13366.3
18436.5
12343.4
18032.6
31493.8
29087.1
19330.8
12669.4
17720.3
12145.4
11342.4
14079.8
16868.3
17833.4
10665.8
24845.5
19467.4
14007.2
15211.4
10394.6
35372.7
31829
26130.6
16771.8
22584.6
8638.48
11641.2
20644.8
25306.3
24933.5
10243.6
29064.8
14595.7
20366
25348.6
13956.1
11338.3
15274.4
20951.9
13341.2
26971.4
23800.4
19780.2
12559.7
20065.8
12876.2
18056.4
33769.6
21010.7
11504
12621.4
18635.2
24759.5
23673.8
10687
16803.4
12963
18744.4
21141.5
12037.9
7481.04
18246.6
19613.8
32075.3
11284.1
17526.2
30080.9
8470.64
11476.6
22363.8
25702.3
20954.3
27296.3
24288.4
17732.4
9508.32
32991.6
17216
38982.6
19112.7
12583.4
21300.5
21230.1
7940.08
7996.32
15674.3
34056.4
29201.5
7881.04
18884.8
33017.8
33600.5
20501.1
12653.4
9250.08
15699.1
14910.5
9523.44
41390.2
12208
23283.1
33037.8
10607.4
10342.3
17928.7
21554.2
13745
34407
8569.6
26869
10238.9
11582.4
34072.6
7135.36
20351.9
29454.8
17560.2
22470.5
20582.7
10972.6
12088.2
34383.8
13664.6
34951.4
30676.3
24830.9
36350.5
30359.7
25578.6
11697.5
9705.44
11697.2
32507.5
20526.6
42603.1
22522.3
38728.3
35659.8
25618.5
40421.2
40385
12832.5
29976.3
28945.8
15247.9
41153
12665.6
19791.1
28784.1
15586.5
22323.9
21018.7
40908.5
12664.8
10580.8
6607.6
21673.7
14178.6
15924.2
24059.4
30835.6
26535.3
13573.3
11335
25091.6
12219.1
9702.72
15245.7
9788.8
11323.6
28466
12072.2
9417.2
13566.6
16250.1
13840.2
19027.1
29752.3
34661
14407.4
16270.2
12869.8
24840.2
10139.3
6736.8
28232.8
12039.8
16734.6
17182.2
21486
6340.88
26095.6
18758.8
24224.2
13240.9
12569.4
16274.4
14455.9
13071.2
10207.9
12953.8
10672.2
24566.3
8397.92
16343
15238.6
39048.5
11000.3
25176.1
18259.1
19162.9
16079
15935.6
28466.9
17756.8
21042.6
27287.2
28390.2
39898.3
23663.8
11615.6
19429.7
18491.4
15607.8
30414.4
24507.2
45848.4
14475.8
23356.3
35358.4
23275.5
16871.4
18834.1
10656.4
22030.2
22619.4
17733.3
8716.8
15166
22092.4
31103.9
16415
26807.7
18049.8
19082.2
20843.7
14088.4
15380.5
23310.1
31922.2
25297
31825
17100.1
21691.8
9061.52
27770.2
15278.3
28663.8
21497.2
10040.2
23090.6
21672.9
32099.4
13402.6
20240
10024.3
18148.5
12598.6
35240.9
16046.8
25561.2
9081.68
18450.9
29649.4
12175.1
24681.8
56405.4
11443.7
19908.4
14206.4
10392.7
17828.7
26400.2
36059.5
27336.4
9330.32
26514.8
13463.7
13604.2
20647.8
45710.8
23969.5
25723.1
39800
23149.5
20924.6
17505
8856.96
10660.1
28131
18220.8
21646.5
14708.7
22864.3
21666.1
37744.7
29288.6
19893
30889.6
18033.4
35178.1
27097.5
38650.2
17701.8
18430.2
12386.3
18018.6
18920.2
30250.8
26270.8
26671
36098.6
28047.2
34527.3
27907
23760.8
24011.1
25842.4
35203
27217.1
21938.3
24528.5
26123.4
12638.3
25984
35979.4
16280.5
11704
25619
26294.7
16037.1
34106.8
20223.4
25134.2
12054.7
18847.3
23645
19756.6
14385.8
7651.36
16733.4
12658.9
39017.1
10626.1
26212.8
11444.2
23586.7
18084.2
11817
14299
25338.8
28833.2
22629.4
22046.5
11487.4
12501.4
21569.9
30386.7
24489
34010.3
18373.6
30761.4
26144.7
25042.2
15364
12367.9
19165
19856
32155.7
23942.7
26326.2
19418.8
34732.6
21567.2
17666.6
14421.6
32314.7
13893.7
20488.6
39584.9
24095
15689.5
21728.9
27139.8
23417.8
21096.3
9805.2
19538.2
8223.28
28566.5
34388.2
17574.6
13904.9
21425.4
18218.3
37222.8
35309.4
28918.8
22476.2
18898.8
27486.6
23472.6
9560.48
36260.4
16677.9
28630.9
18988.1
13355
16988.6
12731.9
17696.6
18370.2
18460.6
13294
15639.7
23597.1
11209.1
14248
21685.4
29151.7
42372.2
16847.4
21818.3
27079.4
15151.8
25270.7
44012.1
18827.9
16176
18975.4
7395.44
14533.4
14469.5
14940.6
16249
23135.8
20518.6
15767.8
14666.4
21401.9
11469
9109.92
14298.6
14719.8
28061.7
21320.2
12685.8
31914.8
20841.4
9684.08
7969.12
10651.4
18042.9
36179
10533.3
20578.5
26880.1
30554.1
10829.8
23600.4
18553
18505.3
11044.6
10480
12527
26634.8
6623.6
22204.4
14911.9
23133.8
25598.4
29849.2
19877.4
7727.52
18451.8
25081.3
21085.6
15515.8
22704.2
11519.4
17639.8
15449.2
7328.24
17559.7
18433.9
13961.6
24801.7
18583.3
27430.6
9736
18917.2
9160.64
13202.4
12159.4
25597.5
22865.4
21605
11463.4
12191.7
16608.9
10536.9
22898.9
15171.6
25061.7
12870.1
16401.8
36770.8
16434.7
7418.16
22635.7
14646.9
14533.6
33476.5
17270.2
17775.8
31807.5
15647
36412
10129
18659.6
15148.5
16528.7
16311.8
35952.6
25639
13353.1
24401.8
15187.8
10610.7
19501.9
26229.7
17435.7
10664
22115.8
16534.7
37320.1
22336
38017
11520.2
10729.1
9665.12
14168
22864.2
13539
12494.6
13737.2
10574.8
14697.8
18993.3
8033.6
26114.8
13541.7
40432.8
25764.2
15665.7
22102.8
25336.9
17352.6
28608.2
17111.7
15066.2
36263.4
24913.3
25682.1
29392.7
25662.6
37106.1
23806.3
20593.5
24528.3
21805.8
21889
44676.8
29391.8
26308.7
22160.4
18273.8
23560.2
11299
27858.6
24962.7
29520.1
17355.5
22158
17418.6
18148.2
18328
36825.5
28789.4
11728.5
7225.28
10473.5
10278.5
16902.6
28688.6
22308.6
12890.4
14098.6
26747.8
35652.2
47066.2
17099.3
27474.7
20581.6
17641.8
22912.9
33494
21852.1
22733.6
16640.6
26181.3
17471.8
30660
43820.8
14234.8
10329.9
18543.7
11449.5
33553.1
31335.9
24481.4
30601.1
24716
21468.2
25619.4
35533.4
30991.8
14996
10576.4
16723.1
16982.6
19703.1
17077.4
13555
15393
24273.9
5484.16
13755.8
14910.2
21486.6
22711.7
13574.2
17115
21904
11803.5
27874.6
17224.2
7093.2
15887.4
21325.6
19367.5
22632.5
30090.8
30653.4
22855.9
33532.2
24867.9
32212.2
19750.9
13091
22817.2
21438.8
15836.5
26890.9
13599.4
18611
15726
28245.8
14104.5
10769.9
14393.1
19323.1
16483.1
25636.8
16471.4
30187.8
16060.1
23509.7
21661.8
12177.8
19373
32493.6
20111.3
24936.9
12381
26007.1
5902.48
24228.4
15018.6
34425.8
52613.4
31726.3
20365.5
35137
19650.4
26120.9
27062.9
22789.5
24218.5
42984.3
23446
25301.8
19911
32203.9
33171.8
9965.28
23018.6
30051.6
26936.6
21009.8
38836.9
27977.9
19021.1
30221.2
31333
29313.9
13966.5
11872.2
20227.9
33613.1
27028.5
46732.2
20702.7
19904.6
15239.8
19862.5
46798.4
25698.9
35578.5
12721.7
35815.6
29807.4
25092.7
23659.4
20573.2
28655.5
30775.8
25671
28749.8
23245.4
25299.2
25769
34311.2
18605.8
29747
10102.5
23296.3
23901.2
19926.5
30315.2
36065.6
24223.2
36863.4
11084.4
23720.6
30011.8
50976.7
23118.3
34556.7
26657.4
8374.48
20851.4
14037
18769.4
11533.1
17014.2
33869.5
24199.4
12998.2
22740.1
29046.9
12674.7
34714
18821.6
15462.2
25251.2
16608.8
43592.9
19699.9
26494.7
26592.8
39736.2
42073.3
17797.8
18787.4
11458.9
21429.9
19543.8
26905.6
23919
12777.5
23510.7
12418.3
15233.6
23702.8
32408.3
22788.4
19273
10606.6
10970.5
20805.8
13180.4
28531.3
18236.6
9873.04
27842.5
16069.4
20486.5
16714.4
27907.3
34513.5
11400.9
20258.1
16978.5
22615.1
13932.7
13580.6
11854.3
14693.1
43109.8
27856.7
31511.7
15530.9
20182.1
21076.2
29050.5
6609.76
41040.7
14923.4
26129.8
28163.4
14397.5
41915.4
10985.8
14356.1
16550.6
21157.1
22584.9
32395.4
13920.6
22680
21503.5
21543.1
8185.36
13858.7
26263
12770
23122.2
19801.8
19698
19099.4
17921
21648.1
7531.36
17462.7
9527.44
13533.6
22279.5
24061.3
17419.4
14859.3
12904.4
14980.2
14015.5
13115.2
15420.7
3806.48
15015.5
12444.2
18386.3
14906.4
4778.8
14056.8
21455.8
16139.5
19849.2
30590.6
18597.4
11973.6
22434.6
20178.7
20425.6
18523.2
6525.6
10407.2
18134.6
19434.1
25274.3
15197.4
13771.7
20367
23059
10535.6
18196
15195.8
12707.4
13972.1
19700.2
28133.8
22323
9244.8
17129.4
8578.32
8842.8
13553.8
14060.1
10581
23012.6
16405.2
18903.9
22755.3
25905.9
15559.1
24027
24128.6
33076.2
7558.32
16826.6
24171.8
20960.7
6894.24
31073.9
19442.2
23413
22679.3
11673
22100
19237.9
12173.8
8514.08
14487.7
20824.2
7734.72
18790.3
18052.5
10013.1
10331.4
7094.4
21523.4
11407.8
13181.8
34401.2
14987.8
27483.8
36481.7
22981.8
20769.3
13574.8
10604.6
5100
29179.1
8223.84
17388.3
25855.6
14602.5
8558.32
13552.9
14794.1
28000.7
22861.8
14343.1
27885
22093
15464.4
15186.6
15879.3
16279.6
28847.3
19126.6
17043.2
11992.8
7245.36
13811.4
16607.5
37228.2
21448.7
8249.92
16375.3
13663.3
15964.1
14293.3
21991.4
21230.6
32267.7
15859
11229.4
19906.1
19785.4
22401.6
16088
22890.9
10549.1
15506.3
22213
17639.8
11349
8392.32
16479.7
11226.9
9025.44
24130.1
17421.8
18545
19294
7807.12
10773.3
13628.2
8941.6
13421.8
9849.84
15649
21001
22679.1
12654.6
21733.9
17825.5
27027
5519.12
12851.7
32198.4
26114.6
18184.4
28764.7
21594.2
9829.92
6404.64
20489
19032
20132.1
8132.16
26217.5
16260.3
24138.2
18110.1
21906.2
14543.6
11007.1
15922.8
21727
13289.3
22383.8
16496.2
10608.9
11542.6
15142
35351.9
10831.4
11630.7
6606.24
41418.3
16354
25472.3
21522.5
29667.9
11578.1
24522.6
15027.3
12696.7
28602.6
5637.76
14429.5
16616.2
22264.9
10141.3
25492.5
6634.96
11185.2
28991.5
27331.3
20544.1
13837.8
11647.7
10948.9
31404.9
27771
13708.5
16771
5243.6
16565.5
30156.5
12014.2
24849
21786.6
20969.4
13697.5
34331.1
9925.36
25726.6
20846.3
22570.5
30581.5
29377.5
14191.8
38969.3
9994.88
33794.7
30078.8
16010
20139.4
14249.2
16285.2
27045.2
23105.4
33642.1
11086.2
18448.6
52200.6
15968.4
12455.4
19191.3
23646.2
11029.8
25979.7
7372.8
19221.8
16943.6
15820.9
35572
8347.68
34092.1
11323
29871.5
14737
25224.2
13179.6
17681.2
23034.2
20738.9
18585.5
15409
9504.88
11008.7
35148.1
15144.7
23423.8
12441.8
23160.1
6865.84
11203.7
25930
33961.4
21433.4
16081.3
14610.9
21988.6
23154.6
15200.4
15510.9
6519.6
18633.4
9342.64
14111.6
26584.2
12983.2
13689.4
22593
17930.7
7895.36
18235.4
16586.8
10595.2
23728.2
18437.6
11685.3
21190.8
29697
22325
8756.08
9584.8
13033.9
12930
15800.4
20165.2
32989.2
23321.4
16581.2
10707.9
26520
27516.4
20725.2
18020.9
23653.8
39049.2
26301.1
16872.8
27301.2
27699.3
15552.2
8384.08
13107.8
13560.1
12543.4
35017.9
9419.68
9053.68
25346
23000.4
19039.9
21200.6
30177.7
13426.8
12256.6
10797.8
19683
18128.6
18725.9
14146.3
20082.7
24759.2
24240.8
17675.9
37271.9
25895.1
31576.1
8013.44
15525.4
32060.7
25591.1
9251.28
15215.8
19800.5
22080.3
16374.5
13005.8
17993.8
12609.2
16097
13564.1
37162
28399
32044.8
17146.8
9970.08
13311.5
34294.4
30824.7
11605.2
27514.5
23224.9
32398.2
13016.6
16597.7
9492.4
36069.3
10899.8
20552.5
20059.5
11859.2
18689.8
28736.1
29859.5
24645.6
25697.6
37231.1
22938
14237.5
13192.2
16096
27439.3
12579.4
13674.6
19033
18373.8
22034.7
12001
11945.7
29677.5
8039.6
8634.48
12405.9
23535
39704.6
12159
12533.4
14878.6
27849.5
23189.3
16109.9
11695.4
19104.3
13548.5
33075.4
13141.9
17935.8
7470.96
25849
22932.8
19942.6
19715.8
18799.9
29813.7
25903.4
21811.2
16122.2
16698.9
9941.04
11226.6
15532.7
35205.2
25931.5
30498.6
26409.2
32707.1
11978.2
32698.6
27410.7
15635.8
34593.3
10787.4
15157.8
28629.8
39211.8
23136.3
19235.7
21616.3
24452.1
13934.8
47200.6
39168.1
20025.8
22376.5
13831.7
59269
15737.2
19955.8
28627.6
22354.6
19893.8
32775
17649.8
37269.2
20616.3
25141.1
9224.56
33420.9
18674.7
24046.6
39429.8
19663.2
27625.6
29084.4
11858
19088.7
14280
33819.4
30623.1
16986.2
37749.4
16138.4
27964.2
9893.04
18301.2
25434.7
37989.1
39751.4
33694.4
14597
10970.1
30283.3
22264.6
19999.6
19327.5
29641.5
20413.7
22502.2
24409.1
24490.3
23642.4
33836.9
24569.5
24215.4
23732.1
25429
22088.6
36455.3
32375.7
22983.1
18100.8
38646.2
9656
21414.7
32686.5
32018.2
21020.4
16774.2
11890
24756.9
24428.6
22280.9
19647.9
10327.6
17513
32537.9
32447.4
43780.6
11079
21719.3
10098.4
29055.4
47397.4
30488.2
27742.6
29339.1
30896.8
22552.7
26577
16437.8
37830.7
19697.3
20082.3
17442.7
14910.8
30796
20711
32390.2
9411.28
14592.3
21751.3
21539
34485.7
18819.4
16094.6
10347.1
16221.4
23619.8
16331
17657.1
31860.3
26325
16215.9
24923.8
14656.2
20115.6
21194.2
19595.8
21189.5
14515.5
24057.6
18382.6
20437.8
25988.6
20724.8
22167.8
13805.8
14257.9
13466.8
13758.1
19734.6
18802.6
40311
26976.5
14832.9
7299.52
14390.8
14038
25981.4
22428.5
39018.2
19247.2
20204.7
14620.6
36796.4
32176.6
15175.2
31320.2
21425.2
7197.76
21887.2
20435
22362.8
28044.9
14328.5
11557.5
20330.6
16928.7
17675.8
27738.8
20149
28757
8054.08
15702.2
35400.6
14810
25281.9
17348.3
37296.3
8008.64
18883.6
40916.3
17528.8
35554.9
26363.5
12160.5
16503
23949.9
24923.4
42477.7
29825.9
20566.9
23315
39621
42764.6
19127.5
11101.5
28021.2
12631.3
10784.4
17073.4
34262.3
15580.2
15906.3
12878.4
37742.3
33582
40538.9
17360
25864.6
21285.8
23276.6
24318.1
38235.9
12254.2
20209.6
10123.7
15449.2
25493.4
31074.2
23077.5
17041.8
28134.9
16625.5
17236
30844.6
22598
23507.7
26519.9
26187.6
15198.6
31929.2
17154.7
18850.5
35653.4
25082.2
31158.8
15578.2
23407.4
16072.7
23929.4
12078
32052.4
11953.4
13531.9
28055.1
44355.4
20888.2
28843.8
26236.6
22025.9
21145.3
25233.2
22434.7
19299
30563.8
26061.8
20137.7
38343.3
25911
12604.1
23589
26804
25345.5
14384.6
18643.7
18287
16711.1
19221.4
17881.4
22716.4
35664.3
36019.9
25603
31526.5
20099.1
34742.1
20227.6
16763.8
31324.8
30353.8
19921.6
19332.6
14874.7
10694.6
37145.1
18913.6
17636.7
10508.3
26477.2
13523.4
19437.4
32606.7
21773.4
9949.28
20536.6
23542.9
11474.8
16766.2
19536.3
14557.5
30831.6
32468.6
17223.3
36577.3
16679.8
6592.72
20004.2
10968.9
24020.6
19661.4
13100.2
16901.9
16039
16573.9
25608.1
9837.76
33496.7
25893.3
20945.8
17955.4
36029
11554.7
15646.6
16427.7
18351.9
32143.4
28832.7
16138.6
28507.4
31340.9
27545.1
14326.3
27229.8
6742.88
25730.6
33810.6
30447
12455.4
14314.3
28094.1
26931.8
24792.5
15906.4
10347.8
25361.4
23221.9
20696.2
29306.6
19851.3
14014.8
28865.6
8931.28
18535.1
17642.6
26770.4
22579.4
23936.7
19934.8
16375.7
10907.8
21737.1
21897.4
30820.8
22832.5
20843.4
9481.04
14190
16586.1
13938.2
10018.7
9828.56
7459.44
31142.2
14161.2
16507.4
15650.6
11407.1
29295.5
8866.16
21874.2
19898.2
9280.16
19461.5
16640.5
18037.3
39860.4
24995.2
20260
17262.2
22938.4
23483.8
28702.9
36339.3
22273.7
34032.9
11539.8
14235
27201.7
25436.5
32731.3
16147.4
36006.6
32085.8
15954.7
14584.5
25808.6
22555.8
26574.8
21130.2
27281.6
25469
13783
24137.2
17166.2
18267.2
23575
32344.6
18531.4
10995
22911
14688.6
17554.6
33789.9
19012
15747
22912
15449.8
16928.1
19203
27065.3
22679.8
30904
8502.56
24939.7
30294.9
19538.2
17517.2
37334.4
16727.5
13335.4
27609.6
12938
28199.8
31622.5
19211.4
48399.3
25508.3
15455.2
31772.2
32387.9
22574.7
16952.6
19727.4
10343
16797
26983.6
29926.6
18377.4
16256.7
13227.3
28159
9121.76
22975.5
13769.9
20983.4
36797.1
19945
8329.76
42676.7
15543.6
18251.3
21313.4
22997
18598
14380.2
33058.2
12738.2
14337.9
45279.7
27123
13222.2
16772.2
9156.24
22116.5
40374.2
15018.1
23488
13935.4
10783.1
9346.64
29286.8
24193.5
7361.52
33371.7
22898.2
21804.1
22576.7
34198.2
40891.4
12970.4
41522
23378.1
23211.4
17323.6
26525.8
7090.72
10044.7
34846.7
15381.9
13118.5
16264.6
33642
17224.1
30486.6
24988.6
27075.1
14662.4
26410.7
17595.2
7541.68
18887.3
17480.6
16489
10227.2
32278.9
7318
9863.44
21104
30230.8
11365.4
19173.7
7572.24
32910.7
23299.4
9079.92
17109.9
18295.1
9642.56
6629.44
27079.5
19530.3
22805.8
37268.7
24821.4
9249.12
21899.3
26752.7
22613.5
20740.8
31372.3
22043.7
7826.48
11084.7
19899.6
25690.7
31114.3
23742.2
15999.9
10941.1
24685.6
26263
21996.6
31681.4
15908
10055.8
18759.1
8353.92
27951
26664.5
12767
13078.2
21719.7
9146.56
15754.2
40097.6
19089.9
21280.2
6366.16
22405.7
18492.9
18017.9
17156
23755.8
24507.8
7943.92
16342.2
22685.9
28893.5
22660.1
18046.2
21478.2
8130.32
13432.9
33442.2
36333.1
17843.7
41489.7
24315.4
17359.4
12743.4
9245.52
31481
28550
32998.8
9677.76
11806.7
19003.1
32563.7
13937.9
27685.8
16747.4
14636.6
13559.6
22122.8
36735.3
23618.4
12421.6
53782.9
13157.1
37851.7
18366.5
37628.1
27272.1
12086.4
24593.6
16914.2
11378.3
32465.8
26089.8
22977.1
10566.2
17147
21883.1
20122.6
30835.4
47402.6
19086.6
16874.2
15057
17648.6
34209.8
33822.7
14176
16891.7
12123.2
17222.6
11481.2
30453.6
26272.9
42820.9
5840.48
16355.8
14021.9
13955.2
16618.8
22371.3
19216.1
14962
16383.1
18204.4
13705.9
32015.4
31319.5
25845.2
13973.7
20442.3
14486.6
34465.8
30962.1
14786.9
14466.9
34585.3
19111.1
20284
14959.2
18927.1
17330.2
21804.6
9494.24
23154.9
17622.9
18551.5
8625.2
14477.5
11966.1
24122.2
8989.52
19683.8
23818.6
12719.2
7472.88
20719
13175.9
11325.6
25799.5
11997.8
25970.6
21957.8
14546.5
18247.4
6862
14355.9
20719.7
18067.4
28361
39875.8
12233.7
14955.7
18145.7
15006.9
11067.5
13139.4
16583
19106.7
15031.5
20318.2
21197.9
19689
19576.7
22465
35383.3
16755.9
46263.1
8249.28
12247.2
23422.2
13622.2
12985.2
9959.36
44443.8
9921.84
11327
21980.2
18600.5
15556.2
16798.7
18113.6
29168.7
10957.9
13364.5
10205.8
28381
18163.9
19506.4
8783.92
13413.8
15286.8
23635.7
16095
10503.6
11313.9
17505.8
12650.7
19318.6
33082.6
15927.7
15051.7
25721
12036.3
15192.2
29799.8
11648.5
16324.2
20990.9
12946.6
25770.8
20337.7
21241.9
11184.6
15394.6
16373.8
21052.3
22215.8
19576.6
31784.5
16301
19603.1
18594.8
14956.6
31341.6
22820.4
18802.5
18391.5
29879.6
17998.7
16313.3
29419.4
28179.4
31429.7
16084.7
18004.6
15815.4
14412.2
15401
9260
32988.6
7320.08
8639.2
15078.6
27621.3
21675.4
12059.6
22155.4
11771.5
22299
12080.2
11321
19542.5
19639
27061.4
22749.8
4731.44
12095.7
7109.92
24749.1
19322
21923
16987.8
10956.9
20330.2
3525.76
15163.4
17638.9
15809.3
23235.7
10002
13520.6
24719.6
8472.96
24615.8
16240.2
6629.12
11473.5
9274.32
9890.72
8450.48
19994.6
18126.9
15128.8
16147.7
9792.32
13929.4
16020.9
13557.5
15601.8
25354.7
52833.2
10220.6
13515.4
22294.1
19570.4
18117.9
16493.7
28980
12065.9
10779
20717.1
11046.2
14418.3
7305.84
19687
17332.8
12786.3
11960.8
12738.4
35227.4
8476.56
23158.7
16344.4
12421.6
22256.5
24849.3
5220
21608.4
8565.36
28018.8
16516.1
37657.5
23622.2
16665.3
19964
18361.7
10990
34557.7
17695.6
19954.2
10578.2
33004.9
32681.4
18815.4
9566
40849.8
25726.4
38591.2
14093.7
14759.4
21587.4
9442.8
17937.5
16414
13935.1
16479
28380.9
5251.2
14764.9
21620.8
27588.7
11169.8
8267.12
20710.7
26090.2
11541.1
17286.6
9951.52
14922.2
36191.7
29813.6
28455
44486.2
13491.2
23311.8
6834.56
15634.4
22915.8
26334.3
21700.4
38785.3
26254
15477.5
23043
20396.7
38385.7
27587
11635.1
19162.7
25959.4
25329.9
16568.5
26197.4
11728.6
33020.4
18789.5
18888.8
20151.3
10810.9
25708.7
50392.6
11083.8
14504.7
14465.1
33427.4
11243.6
18018.7
12891.4
25649.7
30923.5
14916.2
28235.2
20424.5
15192.2
9980.96
31047.4
14594.2
15572.5
15333.2
31676.2
17908
23191.9
20936.9
24016.2
11601.2
28530
20181.4
22980.1
37294.2
28089.8
31138.7
25271.7
34286.6
27823
16509.4
22026.2
9248.56
18322.3
21673.1
13598.4
12821.3
21804.9
19458.1
18308.8
33111.7
15299.3
10912.5
22835.7
10095
21665.2
11896.3
18780.8
17980
21809.3
16871.4
20363.9
12228.9
17198
28619.4
17326.6
18702.9
7048.64
21471.8
16999
32251.2
35038.6
7244.24
11473
23998.7
21777.8
14615
30676.7
20634.5
15635
13235.3
17291.1
24189.3
10217.8
30660.5
34523
12293
30719
16144.6
23706.5
19087.5
14746.2
26231.4
18697.7
15778.6
14618.6
16840.3
22689.7
11865
20720
10349.2
17481.8
36456.8
16985.2
21622.2
27957.7
16916.9
19452.8
31517
13245
19934.6
20314.7
17355.8
22621.6
8679.92
32560.2
18464
20673.7
9548.88
21222.3
19988.5
6231.76
9592.72
15387.8
27739.2
35337.4
12923.7
18198.6
18857.8
19091.1
11223.5
15423
8896.72
10440.6
10859.4
12569
20486.7
18708.8
14630.3
14927.6
20637
17312.7
17969.6
9860.96
28864.5
9828.8
19472.8
15884.2
27841.4
24696.8
13960.1
39679.5
17210.5
29280.9
18781
14039
26044.2
22936.3
11256.5
33162.6
28383.8
17452.6
15780.9
13891.9
30477.4
17595.3
28035.9
44547.1
33793.6
10180.9
24965.8
13019.8
26512.5
28097.7
19838.8
10945.1
25352.6
21585.7
24268.7
12374.3
17975.3
10250.4
11707.6
26597.7
26458.2
19975.4
19796.6
26427.2
10586.1
7243.44
12483.8
20999.9
25263.8
18418.1
37009.2
15341.4
15799.8
18958.8
32783.4
12144.3
12337.8
17693.2
21553
16521.1
22646.5
22811.5
23493
13152.9
20288.6
13529.8
26508.3
45420.3
20645.4
24542.5
33598.3
19203.2
44702.3
18911.1
12865.2
18566.2
26317.2
18193.8
24690.6
20718.1
13060.7
33348.6
13249.5
22795.5
24383.8
28989.9
9739.6
11204.2
11877.4
17458.9
16828.2
15267
24848.2
11951.3
26357
18476.7
22703.4
42385.2
31134.4
19116.2
16689.3
18869
20906.1
28966.2
23971.8
10968.6
28465.7
21833.7
15863.5
36615.3
14154.3
10222.2
36694.5
11523
29524.2
12545.4
27435.4
26649.8
22264.2
31881.8
29265.9
22518.2
10339.1
27832.8
18190.2
19074.4
31791.4
15818.8
11375.5
31160.2
12821.4
21607.4
17500.3
19008
31310.6
21196.1
22497.3
11916.5
19935.9
24955.6
11329.1
8338.56
17647.1
18595.7
15834.7
22358.3
13078.5
24358.8
22406.6
13682.7
10684
23268.4
27569.1
13823.6
9755.28
10728
6802.08
12042.1
38476.6
25297.4
9640.88
12750.8
12689.1
11130
21954.2
24797.2
29486.5
28639.4
29454.4
6052.64
16275.9
28033.8
38497
26127.3
28888.8
37333.4
6541.52
29075.8
18155.7
11643.3
5263.92
34416.6
23453.3
23092
19973
5785.68
8790.48
9359.6
22525.8
13744.5
36883.1
24663.5
10326
13816.6
22858
28799.3
14161.9
61632.9
20180
26991.8
11948.5
13360.2
14962.2
31027.2
15062.1
14668
17848.2
12374.9
18509.5
7824.88
21446.7
10037.4
18903.8
14551
13129.1
24010.6
12334.2
30065.9
9377.04
11287.4
18443.8
3973.04
18861.8
12082.9
30160.1
12533.2
13224.2
7650.4
21782.6
20292.3
18602.7
25652.1
19525.1
9177.76
15430.2
25226.1
22482.2
14585.8
10848.8
10158.8
12809.8
12245.2
18072.9
5228.48
13572.3
33249.5
29626.2
10400.2
17013
11278.2
22219
6886.64
19216.6
15667.7
14686.4
17445.5
17881.8
17603.8
17772.6
12450.2
18957.4
13322.2
15508.6
14107
27824
38068.2
42807.8
5584.08
12108.6
13686.1
23261.3
18388.6
12741.6
16855.8
4111.68
10165
20041.4
20128.4
21722.1
14825.1
29983.3
11969.4
23814.4
24245.4
13265.6
16867.1
13903.7
15703.3
19810.1
11966.6
17471.4
11754.8
7735.2
9603.92
33961.8
9633.36
23512.6
15574.7
12295.4
23029.8
25924.4
29129
12815.9
16281.5
19215.9
20847.8
14680.4
30082
25759
31316.6
36091.3
10280.2
14101
18960.4
20874.1
15988.4
11703.6
17689.2
9846.32
37768.6
17587.8
25121.3
14441.5
6394.24
6395.12
29883.2
26610.1
14135.7
20362
9958
7360.16
17326.8
42002.5
17840.2
22785.8
19751.7
11224.9
33475.8
16586.4
9436.56
5762.4
5021.36
11445.4
24145.4
42400.7
14826.6
13183.8
13908.9
27762.2
57740
11263.4
33016.6
21233.1
36132.9
23282.5
17213.2
14906.2
27919.4
11343.4
33575.5
38269.4
14374.8
27802.6
13217.3
23440.9
26480.1
32031.4
8538.16
27463.4
26887
23278
29981.4
40526.2
15751
15574.2
20521
11551.3
20114.6
24581.3
27372.1
10880.3
15353.8
17164.9
16652.2
14394.6
17077.8
13397.7
13930.9
12145
13628.2
8045.76
14534.6
11746.3
16974.2
15025.1
13985.6
13608.1
10749.2
10027.3
11383.8
15846.9
12809.1
22719.8
36151.7
6222.88
8817.44
28035.7
15621.1
11218.6
16301.9
21715.7
17554.8
21460.9
9714.32
11291.7
7224.32
3057.2
4525.84
39690.1
11260.9
10636.6
20805.1
28457.8
9916.08
22041.2
28523.6
25731.6
25120.5
9019.52
15836.7
25338.2
27106
12218.2
20438.8
26168.2
25703.8
22223.8
35608.5
17564.6
11530.8
22024.6
35134.6
28786.6
12061
18578.9
24602.3
16765
33348.9
25518.7
34699.7
11827
15772
19422.5
40180.4
13479.1
13018.3
22068.9
21100.8
29897.1
32551.7
16412.8
20999.9
14668.6
7415.6
39111.7
41769.6
29796.8
20328.2
15679.5
23495.5
22848.2
23136.2
28974.5
9816.72
31750.4
23751.9
20415
47839.7
27915
35616.4
17579.8
20846.8
32345.9
22747.4
18478.8
20500.9
11956.6
15619.6
30819.1
12820.7
35786
27861
16228.1
24707.8
38370
32541.8
27357.1
17945
20843.4
23714.9
12750.8
61582.5
40174.2
22811.1
17272.6
28672.4
19862.1
15289.5
35983.5
28682.5
11660.8
21986.6
30549.2
30970.6
13691.4
14054.6
19863
18262.2
6340.32
14961.4
35247.8
20265.2
26541.2
13020
13646.1
14612.1
30754.5
17306.6
16533.5
20452
14492.3
16966.5
30054.7
11082.2
36974.2
22333
15186.7
13882.4
6922.56
16374.6
14222.9
23091.8
17117
13288.2
19608
24393.4
16364
11173.1
28824
6244.32
17426.6
31993.3
7906.8
33404.1
22865.9
21158.8
11684.8
16702.7
10550.8
17397.9
20693.8
9086.88
22282
29848.5
15865.4
29550.4
16785.3
23503.6
30614.6
13322
23259.1
21075.3
17751.8
31334.7
16840.5
11694.6
9427.52
17722
11510.2
23265
18312.6
20811.5
21765.9
11580
17331.2
42742.6
24482.7
20687.1
23744.2
25105.8
12599
29319.9
31837.7
16936.8
10838.9
13919.2
26632.8
26535.8
19852
19442
37154.2
12223.8
10004.2
21699.4
21088.9
23241
11627
28412.6
10191.4
23425.5
37848.9
21783
37071.1
20552.7
9729.04
24153.8
13828.7
12785
20403.1
14906
25442.7
28897.5
24836
6992.16
11331.4
26938.4
22336.2
35563
35339.4
12017.6
8179.84
16153.1
22444.4
18377.9
16996
13363.2
11995
19759.7
22284
31317.1
21883.2
14422.2
21535
18729.4
10696
19823.1
28058.8
12165.4
31832.4
11142.8
17586.4
21536.9
21408.9
20268.7
27157.6
29377
19352.6
39279.8
27977.7
15287.4
27165.4
14780
9203.44
20550.1
19929.7
40143.8
17696.2
17779.4
24414
30516.4
15280.4
19627.2
29991.7
47825.9
17477
13578.6
18803.9
25899.5
18079.3
7172.56
16269.4
28835
57491.3
27938.4
16784.4
22151.7
14302.5
23394.5
27563.4
28056.1
12937.5
13892.1
21107.7
19515.8
28031.8
16437.1
18274.8
17984
15798.3
24705.4
30356.9
12808.6
27638.4
33579.2
18018.6
9585.28
23911.2
57538.6
22673.4
17644.3
22831.8
16595.8
11669.9
14104.7
24325.3
13512.8
8816.32
15163.1
17696.7
14089.7
18996.3
30022.7
14272
16020.3
10288.3
28146.9
12975.7
18681.2
11580.3
14796.2
25260.6
17543
11547.1
7325.2
18179.7
15644.2
17304.9
31354.7
8586.64
19895.8
11625.8
14759.3
22825
42905.2
29472.6
29546.6
3679.04
23850.3
15072.3
23282.2
27726.8
18524.4
27041.1
19359.3
14019.3
17735.8
33531.1
10070.6
33600.1
14964.9
24062.9
20355.2
36342.1
21477.3
31605.3
14835.7
14677.8
12647.4
34393
25909
19235.2
24413.8
18368.4
5763.44
20303.4
17288.6
21559.1
13131
16277.8
6113.68
21675.5
29749.6
16894.5
33116
7041.52
7114.56
20568.2
27840.3
21841.4
27406.2
16103.1
20230.3
10394.5
23344.3
19757.2
23438.9
37634.9
33350.2
42817.4
32681.5
17389.8
18711.7
23119.9
28957.4
8401.84
28265.4
27051.2
43327.7
18852.6
28691.5
24255.9
23148.9
35248.9
22293
51816.7
16135.8
26809.8
23214
25024.6
28933.8
39298.8
25616.7
29747.3
37950.7
14668.8
19359.1
27469
23570
24675.5
31460.7
38575.7
21363.8
14045.8
19776.1
13714.1
40269.6
13396.6
19886.6
34701.4
15812.2
21782.8
8690.32
7448.48
47987
33101.8
16881.3
14691.9
30072.1
11364.2
41423.5
25335.8
18834.2
24790.7
34946.1
24594
24419.5
27752.9
26084.8
22123.8
25007.1
14584.1
15665.8
25200.5
28259.8
16980.7
13353.3
25872.2
40830.7
27089.8
23757.6
15497.3
12995.5
12415.6
19437.2
25624.3
33344.7
14609.5
7335.44
15744.4
14879.8
20641.6
13362.1
19551.4
26940.5
15499
19110.1
20516.9
20409.9
7872.48
17690.6
16441
21582.2
5903.52
30304.8
12377.8
13257.8
13708.4
34627.6
21939.7
21738
12415
25867.5
19443.5
18162.1
23328.9
10419.8
32778
17967.5
21563.3
24607.8
25501.4
28055.8
7770.48
22027.1
8293.68
21011.4
20164.2
14028.9
21528.6
15057.9
11343.6
12139.9
25935.5
35727
23135.3
14894.3
10743.4
22182.3
19639.3
16431
15908
32149.8
22307.8
13600.4
14662.1
31037.5
31974.9
24032.8
18202.2
24805.6
13797.4
22620.3
16068
21523.9
15179.1
24598.4
27883.7
11292.4
15916.9
21510.4
32876.8
7681.68
20629.9
18356.8
25920.4
17725
14982.2
13922.1
12089.9
21954.7
18578.8
18566.8
20468.6
19573
19960.6
11957.6
18598.2
25689.3
26953.4
25923.1
21859.3
46617.4
16528.7
21552.9
30080.3
24346.5
15320.2
27311.4
24143.5
41696.8
16315.9
14698.2
25138.6
24368.5
17911.4
13024.6
28116.6
34528.6
27670
37091.4
26507.3
14656.6
37745.3
16485.1
11018.8
27642.1
25289.3
8772.96
31870.9
22747.1
24760
32532.6
20152.4
28696.9
26602.7
30036.8
11713.7
29079.9
13014.4
10302.9
14577.8
12842.4
17725.8
24544.6
27991.4
14681.3
39307.9
23349.3
27037.2
14579.3
13701
27884
13057.1
25512.5
39692.3
27462.8
7998.16
14572.7
23003.9
32550.1
33135.9
19343.7
15928.4
15469.3
16987.6
15826.5
23197.4
16871.4
38868.2
12735.8
17249.2
32656.4
27925.8
21273.8
10579.8
16965.8
7710.4
12371.8
31944.1
24226.8
22075.4
7764.16
28543.8
10952.1
14725.4
11785.7
9468.4
13409.8
16951.3
26988.7
36381.2
35897.4
26005.8
27444.8
12470.8
9251.6
13613.5
21236.6
20439.4
22291.8
20634.9
15928.3
11182.6
13941.4
12084.2
24529.8
15000.1
23149.4
8697.36
6826
23395.8
24280.2
16088.8
8688.4
38306.2
13540.1
20492.2
37279.2
7265.12
21049.1
15211.8
11812.7
17573
12566.3
26097.3
25119.3
26995.8
18349.9
24697.8
7668.48
8981.68
26500.3
19928.7
27310.7
9690.72
9013.52
19813
19497.6
20349.8
17044.5
27568.3
27666
15417
22807.5
19339.9
10295.8
16482.1
13318.6
37364.6
32610.1
17020.3
12978.6
29074.5
18608.2
18912.2
14355.9
38698
17503.3
13175.8
14667.6
10932.2
22172.6
20715.6
11413.8
15835
22797.1
10750.5
19486.9
12661.3
12974.6
20387.7
17702.9
16819
10775.8
10804.6
17453.7
19334
17098.8
37753.4
12331
11795.2
10966.9
22461
34022.9
18564.2
22955
19342.5
54040.6
23611.7
21616.2
37245.3
21343
13955.8
12637.4
22575
7307.92
14076
11242.5
21275.8
17553
13195
29547.1
14931.8
21114
13092
41612
17595.1
17854.9
19454.9
19268.4
31651.8
27247.3
25785.4
25910.7
15421
27867.5
16128.2
24742.1
28209.1
22845
32915.5
25019.9
34164.7
26711.3
21040.3
29112.6
23043.5
15789
21672.5
25385.3
30755.7
13224.6
27914.5
26446.2
21841
24969.3
26107
14514.5
13501.7
23156.2
20475
27583.5
18649.5
15749.4
16341.5
27746.4
21067.8
16481.9
29099.1
10933.4
18680.7
30849.4
29761.2
24733.8
24490.8
20223
14143.3
32328.6
20349
14307.5
25192.6
12227.6
15636.6
26842.8
15248.2
28892.6
34013.4
18689.4
12855.5
21596.3
20948.2
13620.6
32580.4
27295.8
6897.52
19684.2
35154.2
26110.2
16860
27840.6
14016.1
12636.5
21898.1
34511.2
11304.1
23353.2
24415
23530
20881.8
11816
36924.2
13147.3
18891.9
28842.2
47385
13832.5
21751.4
17320.2
41895.9
25441.6
25122.8
35117.9
16913.3
36973
9253.12
13471.8
10471.7
31151.2
27823
14336
13997.3
25651.7
34942.6
17936.7
18860.1
16861.2
19018.3
19659.6
33906.3
19401
28877.8
32886.6
18622.1
24315
36059.1
20018.7
26210.6
15540.8
24007.7
11911.5
17779.2
21978.2
14908.2
26314.6
20507.4
26465
23112
22958.7
22094.7
11606.6
18096.6
38669.8
13907
30360.9
23285.9
9535.36
18520.1
26189.1
20883.3
19996
37141.8
19609.8
13251.3
21917.9
16517.8
17775.9
55912.1
19017.6
5299.84
25632
22315.1
34369
14964.2
17065.1
13716.9
11649.1
21054.2
29020.8
27810
14733
39113.8
12232.9
8598.88
21663.6
17677.6
17357
14746.5
14373.7
17471.7
18110.5
14080.9
21489.7
39693.8
19432.6
9738
27173.4
12682.9
26032.8
13448
17060.2
26366.2
26954.6
20977.9
9132.16
28156.2
30178.9
25449.7
9862.24
21027.4
18659.4
43540.5
26592.4
25049.5
20761.3
15359.1
8766.32
14731.4
18792.8
14527.4
22102.2
9034.48
13362.9
47758.8
23588.3
20197.4
14168.7
22486.6
18659.3
16753
21743.2
25771.9
30185.4
10946.3
25288
20770.1
20960.2
32798.6
16186.6
27793.2
18836
17782.3
24142.4
30665.5
15850.5
21706.1
13504.6
30633.2
20591
20076.9
19004
10790.8
30798.9
40373.6
20459.4
30849
13641.4
27303.5
26457.6
28057.8
37483
28806.6
21811.9
22661.3
25048.2
11972.4
11907
19498.8
13612.7
11790.6
18112.7
15641.8
18411.8
24052.6
22505
12725.6
28352
21143.4
19983.4
13069.2
28698.4
14852.3
18903.7
24340.5
18844.8
8222.4
12796.3
6877.12
14248
31923.6
13133.4
37462.5
27545.8
16810.4
22873.5
18461.6
31092
9491.6
5400.16
18721.8
36121.7
17196.7
30651.4
18848.2
16641.9
19405
8974.56
27644.2
30531
14981.1
21219.4
37502.5
14347.4
12104.4
30248.2
14170.5
5565.36
7847.12
30941.3
14152.6
26265.5
14240.2
45168.1
17897.3
16144.1
13825.3
14563.8
14203.6
9043.6
26857.8
10833.7
38584.2
14932.7
13208
25434.9
16612.1
9385.28
22208.2
21920.3
22661.8
15729
12427.2
46711.8
20613.8
20059.8
9394.16
40826.6
12947
24312.8
15296.2
24550.3
31416.1
15283.9
20581.7
29581.4
11969.9
17604.4
11820.2
16754
13972.7
16542.8
21295.8
25353.4
5511.04
10494.6
33563.9
15577
27399.3
3162.88
12430.1
24778.6
28301
33701.5
21087.2
16832.6
17735.4
26408
23781
12506.1
20503.5
22248.6
10509.5
12146.6
21063.4
27772.1
8177.68
9204.08
20034.4
12452.1
26517.6
19667.7
23164.4
11170
19350.1
6660.88
26232.6
22671.7
25762.7
30624.8
12168.1
25760.1
7568
19545.4
24109.8
39774.2
14433.4
14300.6
12542.9
24269.5
20639.2
43686.6
24054
14096.8
27522.6
9571.92
17245
27933.8
32322.9
21486.2
14636.3
32363.1
19013.5
17407.4
11007.8
25108.6
17034.9
33891.4
18944.4
6208.48
15438.6
23932.9
20805.9
12923.7
13360.4
20673.1
26821.9
29462.5
21897.1
13578.7
18269.4
18084.6
18481.4
16753.2
16119.1
16788.7
22321
11323
19143.3
29793.2
11428.5
26932.6
26710.5
20228.9
17790.6
25180.2
33366.8
33337.1
22625
28731.2
12448.5
17995.2
26982.6
17012.1
11285.1
16488.7
35226
12577.8
14205.6
30184.4
13814.2
28903.4
34225.4
13493.4
42668.6
15821.7
33151.3
19665.9
13407.4
37726.3
33868.6
25361.3
14532.5
22518.1
18538.7
11474
26421.7
21872.9
24449.4
22602.1
10898.6
17371
18373
10701.8
16320.9
16370.8
28005.4
8084.8
12613.6
21550.9
14642.2
13233.8
25574.6
15684.9
14894.2
18391.7
16284.2
20395.5
19885.3
8405.92
18807.6
19770.1
25826
18047.5
31199.7
37802.6
15450.5
20901
14303.3
13910.4
24860.3
15409.6
23384.8
18527.5
25177
42131.4
9786.8
13985.4
23579.4
11465.4
22332.6
23534.4
17883.4
13918.2
12315.5
33562.4
12934.9
33064.6
15561
25694.1
26645.4
12632.2
15640.1
32450
11359.8
11319.3
24641.2
18774.7
18756.3
27325.4
19623.1
37513.5
32460.1
24295.1
15700.8
31361.9
27781.6
22062.7
33335.7
33491
29546.4
20246.9
37231.4
21740.1
12476.6
13124.9
13608.3
9068.08
20662.2
24274.7
22915.8
19221.4
12924.7
45849.9
22725.5
28359.4
12906.9
8773.28
8234.24
14151.8
28109.8
23062.4
31765.4
15680
14283.5
16788.4
12403.2
32335.5
13722.8
13657.7
11879.8
19633.1
19114.8
17748.5
6512.16
13597.7
19026.7
18383.4
18621.6
15056.2
11509.4
48755.3
29305.9
27040.8
21036.2
5816.88
8608.56
26476.4
23987.4
27188.7
10199.6
9850.96
12050.1
10301
18423.7
28362.3
46473.8
7367.28
16993.9
9356.72
5913.36
20889.3
21322.6
20568.7
26892.7
11824.7
30701.7
8090.08
18924.8
20125.1
20006.1
13702.6
11199.7
7325.12
43981.1
15024
20229.4
44052.2
28106.6
10415.8
32559.3
18418
20748.8
13425.1
30360.1
19864.3
33829.7
15505
20871.4
26123.7
16105
35781
26175.8
12538.8
14243.8
26132.7
35405.8
22360.8
18466.5
20188.9
34053.8
27338.5
21146.7
35161.5
25717.9
22384.5
24414.2
19340.2
23516
21421
9782.64
37624.2
12798.6
22969.4
21984.6
33429.5
9329.44
21706.2
21825.5
15294
27787.7
12230.2
25164.3
14139.9
20996.5
25352.7
24479.8
24782.7
21080.7
19529.8
16157.2
26111.2
34723.4
26403.4
12198.2
15238.3
32184.4
10648
21100.3
12411.4
38759
19862.1
22619.4
12529.8
10185.1
20470.6
21929.4
22836
36977.5
10329.7
7147.6
24099.3
22949.5
26698.6
20736.6
8097.28
42731
14355.6
8118.96
24955.4
22591.1
12382.7
9666.32
31385.1
27398.3
10135
25931.5
33712.6
26753
13348.3
33587
9934.32
17357.4
13617.8
18182.1
11597.6
24037
16570.7
15719.2
25959.6
21944.5
40778.6
11477.2
12627.7
18221
11195.2
16378.8
17415.9
7510.24
26229.4
29832.2
17225.1
20578.2
6562.4
9423.44
15083.4
16248.9
13339
16817.5
20381.9
5847.6
17489.1
9009.84
12267.8
48284.1
29167
20784.6
8958
12612.6
14011.4
12060.6
13376
17326.2
10767
7122.8
24835
22850.6
12827
25842.1
16149
27197.3
8566.48
26490.1
7488.96
19202.3
13458.8
25966.8
11767.9
11056.2
25007.7
16581.2
13741.1
21485.2
18031.8
8703.52
18600.8
10260.5
11791.7
34192.3
8609.52
22682.8
23390.2
32217.2
21581.7
21540.2
13696.2
9189.44
14692.7
11980.6
15806.2
10835.6
17231.3
14441.9
25142.6
14114.9
10826.6
13495.6
13260.2
9323.76
18499
18808.6
20779
19274.2
8561.12
25931.1
31056.8
22740.8
20707.8
9038.24
19714.8
28899.5
35215.6
26380.5
9147.84
12226.5
10598.7
26151.3
9677.44
10204.1
20059.1
9390.16
24196.3
13471.1
20927.2
19330
25698.5
5729.12
12074.6
13281.6
26429.5
27487.2
14027
10968.5
9914.56
14705.2
8893.36
50044.5
20106.6
5759.84
12129.1
12189.8
27125.3
32067
10651.2
23864.2
34687.8
12739.8
8898.96
18664.5
11456.8
27401.5
33983.7
22598.4
23862
21265
22845.6
24189.6
24911.2
37146.9
11317.9
24832.6
35770.3
7011.76
12492.6
10124
12776.1
21505.4
39679.9
34659.8
30056.6
24978.5
18385.8
12341.7
17029.2
36371.8
20454
11387.8
10163.8
25884.6
23132
43724.9
12525.5
22535.9
29926.8
20429.8
18056.8
18523
24480.4
20891.2
26372.4
15793
26996.2
26170.2
35892.8
43581.4
18079
14078.1
10977.9
19545.7
15005.8
17212
26429.8
9175.28
21988.7
14102.9
35777.4
19210
16305.6
12936.2
24283.8
16056.6
27668.1
24223
28115.2
9514.8
13365.2
20598.6
39771
28690.7
21563.8
30659.8
33246.3
18064.9
22897.4
26172.5
24815.7
27244.9
22617.1
25299.6
30720.7
15745.6
19508.7
19766.5
14123.8
14555.4
20750.7
12647.4
18912.6
12145.4
24851.2
25262.2
11407
8004.24
19182.3
14397.3
30148.6
35201
32762.7
5423.36
17215.7
14619.7
19722.1
16932.3
8591.28
9682.08
13865.9
25445.6
26897.1
11121
13117.4
9654.4
14009.9
10866.9
24611.4
17639.6
11005.4
3896.24
18134.8
26819.4
21191.1
31200.7
24447
13346
9332.72
21358.5
20206.2
26077.7
12072
16039
13933
16184.9
16090
18967
27818.1
20986.2
16384.1
12027.3
24589.8
17414.3
18396.7
15315.2
8025.52
25025
37499
29636.2
16536.7
16818.7
15490.2
19753.6
19082.2
10613.1
17914.2
21976.6
35514.3
20259.3
11063.1
13052.3
25902.7
27971.2
12872.3
30626.5
19087.2
15216.1
19267.8
21739.8
20172.5
21513.8
23872.4
11478.8
13410.3
15962.9
15205.2
12880.1
32389
17645.5
16194
29053
16699.4
18445.8
12376.5
9369.84
29341.8
15420.8
7500.16
27916.9
10964.4
20567.8
30831.2
31425.2
21508.5
50429.1
18929
16871.1
23031.7
12285
20667.7
11125.5
32706.1
10383.6
21702.1
10606.3
9932.72
19105.5
27708.7
20071
11232
13643.7
14811.6
16467.8
20427.9
27576.2
31311
10283.8
30293.8
21386.2
24299.4
14442.7
19125.6
20149.7
10793.5
14568.2
5630.96
16268.2
26460.1
19744.6
35796.2
7677.44
10276.8
11254.8
13639
31967.7
24796.6
10537.5
19725.2
21923
16644.3
20713.7
20970.8
22503.2
17299.5
28166.1
11444.9
27802.3
34109.8
13294.3
28221.8
26684.6
11408.3
8777.04
18393.9
14177.6
22911.4
24621.3
12208.5
23854.5
9858.8
15641.9
18532.5
19887.2
55708.2
10550.9
18928.2
4090.48
21673.9
23885.2
23941.4
20700.9
17063.9
23819.8
21562.9
26824
22225.4
19534.2
40148.5
6946.8
46685.9
34533.4
24550.8
15498.9
17526.7
18828.1
21463.9
31166.3
25271.8
16323.8
18423.4
22744.1
28751.3
23317.5
23833.8
9835.92
13869.4
19504.6
17060.2
33860.9
29103.4
15672.3
27929.6
17898.5
32921.8
11258.6
14509.4
29197.8
22955.1
18736.6
13200.6
20761.4
20059.7
19996.1
8747.12
19769.8
21960.2
25642.6
10418.2
17254.4
17142.7
15756.6
25375.8
15475.9
9039.44
23565.3
27457.7
15229
20902.8
12256.7
11719.5
18132.2
46155
24009.4
33212
11613
37793.9
15067.5
12525
20434.1
27897
10547.4
16745.4
19636
20410.4
23616.2
30125.6
31366.4
15568.6
17026.2
27234.7
14578.3
12924.4
13885.3
24567
18247.5
38268.1
33996.3
27659.8
13626.3
11401
34830
10069.1
32529
19844.1
8233.12
17684.9
16511.3
27366.4
32220.3
41929.5
11662.6
26308.7
19953.2
19435.8
5254.8
17692.9
9550.48
27881.5
25040.9
18484.8
12516
25366.2
24943.8
11885.3
16774.6
9299.36
18910
23853.9
15442.5
19603.9
19156.1
19268
21777
17787
20311.7
16157.4
29562.9
22530.6
18957.8
21362.5
24916.2
14052.2
11128.2
27291.5
13212
17666.6
14797.2
19569
19824.6
21561
9792
21430.2
16948.8
15984.7
14839.6
14008.5
19547
22029.9
17998.5
13031.6
31997.8
7993.04
16351.7
21147.6
25125.5
12838.8
29202.4
8463.76
22091.7
20970.2
13319.1
10252.5
10230.8
19661.7
8441.12
11418
13446.5
27219.4
16309.1
36470.8
26137.7
15025
12991.7
22140.6
24343.8
24985.8
6182.24
15811.9
21208.6
25057.1
9597.6
39371.6
21354
13569.8
27785
20715.4
21318.7
21591
32316.5
11090.6
35876.1
12009.4
24721.2
16357.5
10949.8
28742.9
39812.8
19641.1
9844.24
11649.5
23729.9
13887.9
24626.9
17061.2
22472.2
15816.6
38786.3
33161.4
30130.2
21145.7
14422.9
10479.7
15928
25578.8
29966.6
7576.08
8949.92
42846.6
23396.2
24040.6
26015.7
14023.2
13954.2
7330.88
8427.6
26359
30163.9
26129.9
20930.2
10879.6
34798.9
27001.8
15313.2
38912.4
10973.8
22733.4
14647.1
15182.3
21724.7
17955.1
14828.6
17367.4
40725.9
31290.4
7293.28
17507.5
14907.1
12394.3
22213
16684.3
19365.4
20547.3
17467.5
22245.3
13722.9
11571.8
25074.3
18832.5
28919.1
19188.2
40437
11739.3
17292.6
29367
14678
18175.5
6243.84
16805.5
23128.6
16172.8
19457.1
9707.76
11804.3
12530.3
10497.8
27092.8
8479.04
24918.3
13837.8
28035.6
31577.9
34008.3
9611.12
15811.6
33432.6
17072.1
15057.2
14039.7
10677.5
27703.2
26335.4
15734
27326.7
11866.3
12541.4
23721.8
21727.4
39192.4
16098.2
12806
8378.96
6250.48
17563.7
28617.2
13803.5
14198.6
12517
39005.6
20455.6
27729.4
17580.5
16593.6
7876.8
28410.9
21498.6
37683.3
12388
12761.9
32708.9
17369.8
13229.6
24841.5
33227.2
52681.8
15497.4
25445.4
8111.28
19692.7
21398
19668.3
12340.6
10887.6
15761
7923.04
14556.1
14732.3
25916.5
30028
17461.3
15388.1
26736.3
8789.6
34912.6
17641.4
20915.9
15753.1
24357.3
14087.6
29237.8
13602.7
16785.9
16617.3
13360.6
18209.4
17130.2
9689.44
8883.12
11221.8
19346.6
17751.3
31798.7
11696.9
24593.7
10595.5
11808.2
16397.5
18953.5
17483.1
14716.3
7375.84
15948.1
21047.6
15560.1
23179.4
31970.7
17313.9
18394.3
12952.2
24257.5
12220.5
33441.6
13304.8
37454.6
9882
20610.2
30045.4
16386.6
22667.4
8591.28
17028.2
25474.6
25570.6
25681.2
9208.16
13675.5
21324.7
15545.1
23905.8
13014.8
21754.9
30552.7
17875.8
25074.4
10542.7
7328.56
35718.1
14292
42129
24705
31201.1
23852.1
42618.4
33084.4
7321.92
22852.4
13358.9
17249.4
12485
13677.4
20715.8
12459.8
43198.9
16950.1
8400.24
18676.4
12936.2
12730.6
23488.3
8410.16
8650.88
21778.3
17721.8
22001
5823.92
15588.8
20761.3
22421.2
5465.44
35333.3
28774.7
13612.5
12016.7
18582.6
16093.8
21793.8
7600.24
16150.8
19129
5081.44
14620.5
21400.8
34620.9
21417.5
29073
23376.2
21130.3
22880.9
30373.3
9724.8
25358.2
15957
10019
14451.9
14547.8
21208.8
18739.3
14221.3
16145.5
20773.6
30015.1
18324.2
24357
10203
26581
19368.3
12114.6
16551.8
18777.1
20767.2
16121.8
17645.8
20708.5
15083.9
12422.4
15989.4
12714
20052.1
11293.8
17077.1
14737.8
8815.44
47420.4
7303.76
23494.2
19314.6
25642.2
23528.9
9673.52
31872.6
11210.2
8270.96
31934.1
15735.8
12208.3
9252.64
24849
18099.9
18749.4
11893.6
25511.5
14606.2
6871.92
8109.36
24867.1
16215.3
24612.2
19155.2
7659.6
4458.4
11124.8
13514.2
17083.1
19717
20751
14617.5
18912.6
16906.5
20252
18227.8
17127.4
42051.9
12024.9
13161.7
35309.8
9632.32
36549.5
9460
21266.2
13842.6
20357.4
24793.7
16636
14615.3
23137
10961.8
22746.5
16474.7
19658.7
11694.5
16868.9
24384.9
20043.8
19487.8
22125.5
25717.1
12630.2
10554.8
11767.3
11499.7
28517.7
25522.3
9665.36
27111.8
17550.8
11021.2
28541.7
14926.3
8459.76
12767.6
28818.9
10828.6
20485.8
14511.4
12983.1
18149.4
16915.6
20812.4
20402
26509.4
27120.8
16707.5
25255
21021.8
15991
29990.8
12621.8
18754.6
22820.5
17827.6
13772.4
33326.6
7922.16
15067.8
30771
26137.3
26060.6
31854.6
11612.5
21094.5
10403.7
17233.9
22993.2
23861.9
27191.5
16680.6
28765.8
11632.4
9828.4
19277.7
23039.1
15265.8
8186.32
24852.9
17145.9
25698.2
18985.7
27773.5
18213.4
25515.5
34224.2
15391.1
13651.9
16752.2
13176.9
13309.8
28234.6
44631.5
35734
32682.6
20178.6
10101.4
26054.4
16336.6
44157.5
7671.52
13541.5
11037.4
11403.8
24687.5
31324.4
17529
13481.5
21418
15593.8
11235
14856.6
11333.4
22787.5
9068
9766.64
17771.6
25070
12848.2
23531.5
24276.6
10314.8
22868
28306.7
34019.4
24871
26784.4
23415.6
12978.6
23818.8
17262.6
17350.6
10267.1
23605
15863.8
19066.4
27829
21105.9
8504.72
20769.6
19617
6901.12
40379.5
16392.2
7865.28
23488.8
16904.3
15164.4
22300.7
18942.7
27350.3
18153.9
17499.6
9048.64
23511.8
16311.8
20462.7
42122.6
15670.2
21226.2
7544.56
16145.8
31945.2
19657.9
20051.8
32475.4
17218.6
29103
25354.2
25572.1
12505.7
12686.6
20600.6
13248.3
7802.64
34838.4
15689.6
8001.36
7852.72
9417.36
14842.3
23764.7
19602.7
14340.2
15567.7
6758.48
11684.5
17584.5
23348.8
13333.9
38012.2
6863.28
21760.6
16005.8
15803.3
20030.1
8364.16
10333.9
20957.3
12982.4
16779.4
9621.2
20703.2
21925.1
15929.4
17619.4
20533.5
8703.92
9803.44
16252.6
38705
29308.6
17255.2
10604
11362.2
8035.6
29066.3
14237
16308.7
18059.3
8585.28
41587.4
18201.9
28640.8
38417.7
13548
7392.88
17073.4
14432.2
14652.8
34529.7
7267.44
20193.8
17213.9
15368.1
13579.4
25998.3
11556.6
23470.2
8194.24
22550.8
11948.6
16618.9
25280.9
24285
7510.56
11527.8
23931.9
20008.5
32585.4
19875.9
22161.8
20800.5
17169
26903.9
22922.6
15568.1
10301.6
21939.8
15195.4
19872.6
20332.7
16739.8
10743.2
16713.5
17555.8
24841.4
19243.9
20919.4
35943.4
11462.2
22260.3
20617.8
17053.2
16073
21286.4
38899.5
31787.1
16510.1
21818.2
15250.3
11817.8
14884.1
15529
14047
14214
36653.4
16760.2
32024
14022.6
19213.6
29154.6
20282.2
11814.3
13739.1
33250.1
17226.4
11101.3
12516.6
30475.8
12942.3
22061
39488.7
22755
47316.4
11925.9
21895.7
18042.5
27794.2
18113.4
53537.2
13797.1
17454.3
9504.16
6340.24
21422.6
24652.6
12347.1
17281.2
30982.4
10763.1
16210
26568.8
32336.5
15057.4
9465.92
13192.6
15333.2
19356
10875.8
12954.6
14656.2
15730.6
27624.1
11800.8
13868.4
18104.2
11640.7
35722.6
19496.4
16813.5
15797.7
18733.8
8605.44
15689.8
35915.6
14960.6
35522.8
11683.2
12515.2
20772.5
34038.2
14900.7
17941.6
23668.4
7538.72
15651.8
18189
16042.9
7174.16
31426.6
18918.1
15994.2
28249
19180.2
9005.36
15385.8
34822.2
28112.6
24346.7
21526.5
9506.88
21745
20848.8
33147.3
29616.3
14077
10240.9
25969.3
14609.1
32327.8
17314.6
11000.4
22059.5
15332.2
9822.96
32364.2
11608.3
21445.9
17800.5
19589.4
33428
11554.3
24610.9
61208.6
12729.8
18489.5
6623.12
30410.8
13638.8
31519.7
8963.92
27223.2
14870.2
21332.3
24664.2
14979.5
21278.6
24745.8
9523.84
7516.96
15159.9
7396.8
10293
10538
10987.4
26470.5
15369.4
26805.9
12714.8
6186.24
16052.9
11644.9
27996.4
33598.2
14412.5
12613.7
15983
12711
20896.8
23306.2
12733.2
17451.1
1706.08
19677.4
26321
22885.7
10988.2
11992.6
16516.7
11076.5
9884.96
11377
18287.8
13126.6
25354.2
10687.2
14318.1
14325.4
9049.12
15513.8
6105.04
11553.8
16173.8
13446.6
23923
13833.6
39629.8
12945.6
14618.4
26143.2
14880.6
13560.6
22345.9
24222.8
13024.6
12908.2
9382.72
10747.8
9974.88
24869
18070.6
12632.5
23630.9
23192.3
12214.7
11765.8
10627.1
15487.8
9583.04
20803.1
14267.4
33554.9
26614.1
13476.1
15451.8
14756
21536.9
18313
20799.8
6856.08
12797.1
13717.1
15573.1
22606.6
10762.2
14668.4
13013
32302.8
15020.1
9419.28
4818.88
9588.4
7845.84
11021.5
20218.4
19392.7
7358.56
12745.2
10994.4
26735
40052.5
16478.6
11260.9
13489.1
17131.6
29160.2
9897.6
22349.3
8146.88
6778.08
7403.92
6261.76
22291.4
14504.6
11392.9
23012.5
7874.48
18885.5
27432.6
10037.8
17879.6
16586.3
22345.6
10116.2
18521.5
18087.1
38339.8
10470
24054.5
7241.36
25056.5
25881.4
24034.5
20956.9
16661.7
16151.6
12064.8
30575.4
29712.1
29267.6
20728.5
15182.6
9724.4
24718
18252.7
30581.8
20645.2
21009
14969.3
37752.2
17796.9
35268.2
25190.4
39433.8
13955.7
14569
24755.3
25170.8
21258.2
17985.8
30079.4
18997
24839.3
25816.6
21806.6
18141.6
16802.6
24098.6
23982.2
11163.8
8490.08
15587.8
14024.7
28719.5
7100.24
17413.8
10317.9
18528
21784.2
34237.7
40513.2
17555.5
29693.5
26727
21779.4
21144.6
15304.9
15724.1
23903.7
15261
15319.6
20090.7
12126.1
16682.6
26649.5
14257.2
17109.3
16648.2
19733.3
18685.4
35221
14829.1
24126.8
31821.7
15818.1
39351.2
24957.1
16584.5
18787.8
24828.6
18705.3
19035
18719.9
7144.4
11655.1
31275.6
13356.2
34674.4
16357.5
23006.2
21556.2
14778.1
15332.5
12805.8
10527
16990.6
15575
30236.1
5435.44
13288.5
34742.2
10493.2
19983.1
20638.8
20702.7
30860.9
22116.2
7283.68
16109.6
25720.2
16481.5
13178.3
7713.44
8900.72
20877.6
20581.4
28560.6
19460.3
12420.7
16315
10429.2
12264.3
14196.5
13648.7
23449.5
31279.8
18700.7
29311
21181.7
21780.1
14945
24171.4
13025.8
12792.5
7750
44311.4
15366.4
16774.6
18886.6
23593.8
13747
18079
10233.4
22081
22502.4
28430.4
22283.8
9644.72
11433.1
20187.7
27467.2
24583.5
21880.7
23259.8
23762.8
12155.7
17192.6
7029.92
26361.7
17873.3
13477.2
8317.68
19652.9
19409.8
13748.4
19371.2
16949.4
26735
16352.8
23055
26651.2
12322.6
16764.2
26616.6
10085.9
24343.6
22091.8
18004.6
18448.6
19911.4
10975
37384.4
9481.52
10088.2
19317.5
26436.9
35754.1
38456.3
7654
16716.1
6873.6
23829
22194.6
22668
12097.4
27906.3
12762.4
47438.1
17662.5
27255.9
29748.6
28172
25027.9
18301.4
14782.6
7507.04
18987.3
24245.7
16722.6
15689.3
30248.3
22185.6
9847.84
32747.1
20463.9
16206.6
20271
17793
11862.9
18172.3
26343
36798.2
20905.4
14196.8
10723.4
11365
28280
15916
15718.2
17289.6
12974.6
34273.8
15311.5
20154.6
6742.8
14994.5
37683.8
13660.7
19882.7
15758.1
26964.6
27135.7
26473.9
38270.5
14456.7
6978.32
15892.9
27521.4
16667.2
22183.8
13439.7
19349
30661.3
13285.9
21611.4
10281.2
28927.3
27487.6
26254.6
20560.9
12850.4
23730.9
34621.5
27434.6
51640.6
16373.8
28991.9
24531.5
8418.32
6644.8
17063.6
24802.9
16036.6
16946.7
24576.6
34799.4
15522.2
14096.4
23438.4
11173
23504.7
10494.3
28925.8
22155.1
51096
39533.6
29946.2
24858
5764.16
24043.4
29895.1
51134.7
29051.4
20350.3
19085.5
11241
42370.6
24775
23416.2
16845.7
45579.4
26326.2
14016.7
15556
19951.7
46783.3
9558.64
24051.1
18483
16256.7
7838.88
23195.7
13092.1
23413.8
12714.6
33323.2
13423
19298.2
21308.7
24448.2
29663.4
14136
20688.9
9924.56
15931.2
22899
18083.9
32645.9
20226.6
12490.7
21820.3
12520.3
13412.5
12935.4
19282.4
15301
14566.6
25641.2
23675
21347.3
13725.8
10226.6
26744
17609.8
7399.2
12230.5
17724.3
13710.7
26869.2
7530.64
34712.8
11631
6294.32
28067.6
21398
28695.5
9799.68
20542.8
17956.1
18407.1
36062.1
12634.6
11639.8
18232.2
11586.6
11131
28450.8
25992.1
12925.4
23358.6
38467
32418.8
14992.8
12083.4
10692.8
13863.6
6117.28
13475.2
22495.7
11924
25789.4
17216.4
12005.9
30355.2
19853.3
42119.2
15167.4
27226.5
14209.4
13901.7
23917.4
9673.6
29089.4
23749.5
18926.6
16535.5
24365.1
47042.9
40938.2
49593.8
16429.4
19025.7
23364.2
22617.7
23069.3
22812.2
27731.4
32273.4
7953.36
32945.8
17357.4
21967.1
11521.8
14835.8
30459.5
28264.5
11722.1
56282.3
14019.4
24519.8
24170.8
23425.9
23696.6
19146.4
44951.5
17111.4
31887.8
15483.2
18805.9
28932.6
7959.84
31754.4
16650.8
26997
17181.9
30877.8
26928.6
18483
30023.4
22762.9
20219.5
13425.1
29611.7
30283.5
29504.7
21005.7
20870.7
12480.4
17379.3
32404.5
12246.3
27450.3
28161.7
20009.7
12192.4
16894.6
22593.9
20776.5
25546.8
16505.2
38632.4
16431.9
16414.6
36967.2
15606.1
19914.8
17321.4
28022.7
12676.8
17725.9
6661.92
10384.2
10667.8
27263.3
31852.5
22072.1
32877.2
8565.12
18790
18313.3
33691.8
18989.1
13710.6
11521.3
19736.5
12289.8
38821.9
24128.4
27496.6
20625.1
16690.6
24894.9
25937
28330.8
18122
9790.4
17802
24842.5
18015.4
38387.8
16633.6
32237.5
14705.6
15975.5
18753.2
22818.9
49914.4
19359.1
13669.6
29542.2
15053.3
12047.9
9032.8
12805.4
20148.8
33336.6
15289.8
8583.04
49647.6
11925.3
7204.72
26999.2
28689.4
15288.4
34569.8
10671.1
32715.9
14816.5
9024.64
19469.5
12575.8
7515.52
18737.9
23711.7
24181.6
10472.3
9781.92
8137.68
12354.9
20521.8
25467.6
14794
8690.4
19189
24837.5
14633.6
29536.7
13193.6
24096
20182.8
8413.52
30614.9
19812.9
9003.92
10380.2
13151.8
10050.2
28597.2
18299.3
9280.88
11596.6
19624.2
31196.2
19137.5
14338.2
13826.3
8907.04
8207.76
25174.3
18489.3
15324.4
14948
11603.8
18299.5
21372.9
19834.9
29487.8
25956.1
20603.4
23972.7
22354.5
42890.4
13077
21477.7
14215.9
21214.2
8438.56
15602.4
24776.2
9649.52
27123
23984.3
11698.8
16507.1
20805.4
38469.4
13601.1
28836.7
8501.12
21226.3
19339.2
17955.1
19319.4
25434.2
18230.4
19999.2
11955.4
13862.5
6381.92
25141
28633.7
26449.4
22209.4
11058.3
11524.9
15786.5
8607.76
8186
11436
30054.6
9748.16
15661.8
10634.4
12500.5
20285.3
12982.9
24824.5
7226.96
23947.4
12532.2
14051.8
10935.5
21766.8
10285
13559.1
18607.7
13895.1
14862.3
37241.8
18168.2
14734.2
19208.3
29849.6
16936.1
19133.6
12986.9
16987
16412.4
13550.4
6225.84
21190.2
11228.2
15574.8
37792.3
31086.6
10708.2
24431.5
10085.8
15191.2
17022.4
6779.36
19686.4
29121.8
40695.7
21302.2
8077.84
27786.8
12729.2
22895.2
24272.7
22796.8
12944.7
19275
16647.7
15307.8
14067.2
11627.5
20567.4
11666.9
21038.1
23714
10643
17697.4
11571.3
12222.7
31924.6
31184.2
8412.24
14051.2
27497.6
17357.6
13614.4
32012.7
14647.4
13528.2
8956.88
27770.2
13558.6
12608.2
25197.5
19282.4
26125.1
30847.8
13346.6
15960.1
42590.3
30648.4
6205.76
29742.3
9316.4
17469.2
23002.8
42722.3
7569.76
14795.1
21355.1
20046.2
52620.6
12937.4
38553.3
19215.9
12754
30337.4
19036.5
25765
15379.4
18269.7
15396
20182.4
18276.2
24112.6
27118.7
37652.5
13173.6
25425.3
21291
10996.7
25190.5
21990.2
28912.8
13767.6
22509.4
11704.7
25345.8
11307.8
20455.8
19411
15472.4
11178.6
11057
13022.2
28689.8
17918.6
27210
26629.5
12249.5
10748
24771.6
12882.8
19511.1
11279.1
21757
24956.9
15822.6
25708.7
19101.2
15331.4
21577.8
19456.3
21831.3
13712.6
22414.7
10221.1
12408.1
9480.8
25067.1
10494
15885.4
33323.6
13508.9
30575.2
14575
28393.2
34886.6
11856.9
6993.2
11248.3
20556.5
16005.9
17465.6
20898.1
15555.8
7824.8
25739.7
21337.5
12075.3
34002.6
23122.9
11742.8
14427.2
21605.8
16281.7
19836.8
26532.8
7591.12
18924.2
10505.9
15414
17155.8
17994
33713.4
24981.8
7295.76
21999.9
16811.8
24942.2
7124.8
42638.6
24283
23589
11151
19376.9
29888.6
12627.2
18213.9
12267
16889.6
15449.4
35960.8
13122.6
17586.6
26983.3
14020.6
13034.2
43292.4
33697.9
20124.2
15132.7
17541.1
8880.72
36328.4
18954
15284.5
24151.1
20648.2
31425
26165.3
12870
26686.5
31081
33899
31847.2
34195.8
18600.3
13022
14956.1
28137.3
54665.4
38371.9
40715.3
22106.7
23859.4
32115
40081
29333.4
15874.5
28739.4
26838.4
21487.7
24795.4
16878.8
29315.6
56357.7
16060.4
33440.5
32984.3
21000.6
23728.2
19057.6
11471.7
35770.6
30461.4
17433.2
14667.8
19572.7
10969
22096.5
21489.5
15153.7
30164.1
32773.8
32766.6
18052.8
18106.2
21801.6
15999.8
20573
19757.7
31192.1
26698.9
16364.9
39611.1
21722.6
18128.6
17569.9
34143.1
23172.1
17661.3
18737.6
18499.8
16173.8
40413.4
11744.4
21125.4
29460.5
27161.6
26802.2
23868.2
10529.4
15424.9
30988.4
21009.8
14185.4
21127.8
16251.4
10421.4
11007
16092.1
35174.3
13859.9
19191.9
10854.4
32720
28607.8
13671
18068.6
19112.8
12211.5
40500.2
14952.6
22203.9
25989.8
13567.7
12071.7
14123.3
23095.8
13205
22325.3
24332.4
18298.2
25642
20495.4
31253.4
13299.6
26061.8
10661
22733.8
41921.1
24785.1
13349.1
17887.3
13395.3
31529.6
23849.4
8059.28
22249.4
23325.2
30051.2
22529.4
19925.5
19444.8
24869.4
36370.6
15842.2
16018.2
19341.1
13794.6
8789.6
32793.4
36248
19753.6
11873.8
28401.8
28065.2
21329.8
21742.3
20733.5
13079.1
16592.9
11408.2
14160.9
15175.8
8920.32
7109.52
22969.5
16496.6
24339.4
23689.1
14858.6
12006.6
24377.4
22818.6
6619.92
23410
25053.1
14237.7
11346.6
49127.1
7742.4
6783.6
19263.8
34519.6
21744.3
13860.9
31971
17024.7
14568.3
26259.3
26950.2
12999.5
26183.9
18587.1
23969.9
23702.3
19830.9
18819.4
28765
34756
9602.4
18335.8
11227.7
31276.5
21985.4
20735.8
23200.1
19269.4
13269.5
12296.6
18045
33741.8
19877.3
12149.4
19509.5
39912.4
13921
29736.6
27594.6
25468.6
11378.2
21602.6
11329
12913.9
25785.3
16383
9186
6674.48
21399.3
10634.6
22436.2
29765.4
21491.9
23390.5
25291.1
17861.8
21216.1
19871.3
37499.6
14904.6
15842.1
9235.68
12667
17354.5
24945.5
23362.3
17623
20188
27126.9
18860.6
7358.48
17653.3
15805.8
18752.2
63955.8
23700.2
8162.48
10656.9
18635
10918.6
16327.4
20337.1
10404.2
23685.8
16316.1
9752.72
40366.1
24961.5
14661.8
31483.7
25374.6
31059.7
37029.8
22047.9
26709
13023.6
28298.6
7131.2
33445.8
15136.5
23732.3
27472.4
20420.8
11947.4
13469.9
34375.8
21606
21002.2
27044.4
7730.8
35530.6
33572.5
19642.4
20597.8
9321.6
10150.6
24797.7
13070.1
23623.1
16879.8
24096.6
16613.2
23435.6
22991.4
28544.3
22957.8
17190.7
8256.24
21909.7
28210.7
25034.3
13643
27264.9
13215.2
22813.2
18147.3
33241.8
25217.6
14959.6
24545.7
19331.5
29726
31965.2
26517.5
18125.7
15359.8
10227.1
24609.5
39601.5
19964
17461.8
32050.3
34499
26778.7
22520.6
27994.4
27955.7
9972.96
27636.6
14469
16571.7
12178.6
17447.4
14169.8
17008.1
8979.12
11027.9
17208.6
12991.2
9753.12
21349.8
23493.6
11684.8
16429.8
31557.3
23902.9
9100.24
34139.5
38042.7
17425.4
34119.4
17984.7
25122.7
12382.8
42425.7
21983.4
26066
6989.52
9653.12
48530.5
18832.6
13094.6
10813.8
19624.5
36959.2
14082.4
13797.7
31129.5
18909.3
27226.9
19934.3
21430.5
19655.8
18777.4
14379.7
20226
20545.4
46347.6
8169.28
11148.4
44261.5
12855.8
22624.6
27584.6
24592.2
23547.6
32007.7
20108.7
30576.9
18622.6
13801.8
37939.8
22863.4
19692.2
22747.5
12874.6
19124.6
35812.7
10775.9
20956.6
15833.1
26323.8
35447.8
24948
20111
15818.6
23794.6
12144.4
8216.24
38071.9
24829.2
18417.5
18234.5
17552.4
10246.3
34999.3
27228.5
10812
14002.1
17082.9
13461.9
19952.6
15923
25509.4
10850.2
19277.7
45337.8
13182
20715.5
18856.7
20354.8
25781.4
17156.4
8089.6
18617
7888.16
20681
7154.08
17039.4
11185.8
13961.6
41696.8
15560.8
13751.8
11040.6
17205
13557.7
13026.3
18537.5
10086.6
30492.6
8498.08
34370.4
12734.2
25294.2
14690.3
10607
22894.1
23131.8
12888.3
16007
7512.24
14934.1
13735.8
20852
20636.4
16402.1
17438.6
21806.1
18955
15726.1
19384.4
8541.52
29102.6
30699.8
20090.1
10349.8
7826.56
5306.08
13788.2
21636.5
35225
10098.7
14883.1
16122.9
20890.9
36426.7
17720.3
23047.4
22742.7
15476.6
9065.12
17413.5
15241
41160.9
16538
11923.1
9558
16411.4
13176.7
31604.4
18002
26700.5
16414.7
8561.6
14195
47763.4
9153.2
22323.8
16539.8
20215.5
41589.4
9748.64
24209.5
10243.8
14016.4
13272.6
19811
23599.2
14303.7
25787.5
10271.9
16410.3
25271.5
17808.1
26207.1
26445.1
10613
12882.4
25221.8
36944.6
23830.4
12810.1
11957.8
20184.6
9385.44
17254.2
41859.8
42314.9
17152.5
7237.52
19468.6
32721.8
38599.6
17095.6
42380.8
17747.7
8246.24
29327.8
15778
27720.2
16956.9
19288.4
15980.4
38681.8
30231.7
19557.9
23202.5
20614.9
15592.2
17649.9
21113.8
21369.7
12882.7
11710.7
21269.8
21063
36567.1
16184.9
5512.88
21422.6
19470.2
17677.2
30915.7
29952.7
24469
15904
21958.6
12823.6
28582.3
21961.7
6950.64
14716.2
11334
24279.8
39227
12067.8
25109.2
24303.3
15820.6
30219.4
18905.5
11065.2
20944.2
16414.9
20937.5
21881.3
27375
13586.2
17123
18348
23567
14951.7
34268.9
21488.9
10624
5798.64
29343.7
13681
16812.2
18122.2
20684.6
8662.16
12806.1
16253.1
21819.1
24225.8
39106.9
11525.3
40740.3
19119.7
44744.2
11077.8
27550.2
20816.6
11042.2
18484.7
36965.2
29665.7
33622.6
10360.5
25701.7
23850.6
37634.1
15816.6
18045
25976.5
28142.2
29290.3
8324.72
13612.5
10873.4
18717.8
24894.7
37077.4
11984.6
26418.7
16805.4
12893.9
10033.1
31427.8
18011.9
24825.1
20749.4
6955.84
19057.8
17869.4
10910.8
14812.6
23700.3
15309
29000.1
21181.5
14582.1
14367
64134.4
10273.4
20733.6
8947.76
13591.4
17558.4
11510.4
32941.4
8117.36
33060.2
16357.1
27401.1
34041.4
15553.8
16494.4
29448.8
10337.2
17356.7
15387
23837.7
11101.2
24698.4
12170.7
37109.7
29898
13288.6
9805.84
23982.2
6569.84
19890
26374.6
16537
18085.3
13971.5
22070.2
23763.8
8367.6
9514.56
17461.3
6850
26607.3
15270.9
13195.4
10999.9
10905.8
25890.6
15413
15801.8
16359.5
11956.6
10136.3
23365.1
29116.2
11265
30035
23940.6
16053
31724.5
23297.7
10439.6
16105
12111.4
9995.04
20526.5
18839.9
11554.2
12815.6
37513.8
20684.8
28576.1
24675.5
13122.6
18160.3
14865.5
32005.3
37975.6
8140.88
15418.6
20446.4
10442.9
16916.6
16705.2
21825.9
23527.2
21498.2
29784.6
23602.4
22881.2
42136.6
20853
26814.4
19881.3
20409.7
17203.4
25763.4
35585.9
21003.3
11901.8
12431
26121.8
21116.6
24316.9
17511.7
12109.3
12990.2
27725.8
17376.2
30087.8
15502.5
30343.8
19727.1
43468.8
26668.2
9953.12
21401.6
27095.7
20013.7
17129.4
22133.4
13469.4
12617.4
22417.4
12328.7
43519.4
6700
30778.2
12057.6
24546.6
17013.4
7939.84
23821.7
13431.7
13782
27037.1
18292.6
19456.9
28727.8
31519.8
19052
31897.9
12729.7
33491.4
22975.9
12159.5
33093.3
23603.2
12464.5
32137.5
24240.6
22818.5
10529
15182.2
26986.9
26238.1
15916
10485.3
28486.2
37098.6
9774.16
21374.5
19490.8
24160.6
16116.6
17430.7
15335.7
7954.08
9625.12
10475.5
28263.8
22840.2
19254.2
28903.4
30074.6
10194.5
15434.9
9940.4
9170.96
6736.32
6197.44
30854.2
13867.4
21178.8
17379
10106.6
8728
19277.7
10238.7
41401.4
14584.5
7925.36
10794.3
10356.8
15900.5
18070.5
17115.1
19907.2
41230.6
11904.2
17906.7
20237.7
11358.6
22564.2
14170
13436.1
19816.6
15129.9
7622.24
22907.9
14501.1
11326.6
21366.2
10517
20998.2
14109.7
21923.8
18798.2
26792.7
8706.16
19493.9
30291.5
24882.6
37888.7
9343.52
16083.8
30514.7
11012
22419.8
22393.9
10193.5
4356.56
10731.5
20405.5
17703.4
8508.32
16205.1
5520.08
14233.6
25438.6
19221.5
12935
18891.2
24011.8
13836.8
5409.36
27831.2
18675.3
7684.56
20506.2
12252.2
23295.8
16302.4
21903.9
12398.1
20250.4
26118.8
38729.7
11248.6
6255.36
14174.8
11493.9
25063.9
20011.3
20387.3
40798.6
8856
18025.1
31578.4
32355.4
33702
29765
36719.1
8965.04
13955.3
20287.4
28256.8
26829.9
15796.6
45713.2
24953.7
22542.6
26587.4
21788.3
17070.8
17605.8
11983.3
31627.4
29543.9
26590.4
19597.6
22398.5
24106.2
45587.5
13102.9
44315.7
15886.6
24616.2
8188.8
12476
31683.4
11962.2
15121.8
17957.1
22363.5
33858.4
26787.4
15923
17552.3
23673.4
21161.7
21063.2
36259.3
5331.52
15459.1
17486.6
9409.76
13279.4
10715
27729.1
20077.9
18043.8
24970
35354.8
12401.5
24081.8
12428.1
15942.4
7492.8
16105.9
26531.6
13052.8
23353.1
13227.4
14264.3
22900.9
19721.8
21465
30111.8
21751.4
24648
21823
15184.2
23874.1
19072
35085.1
4165.2
21320.7
21500.3
16734.1
14187
26925.5
21846.7
21733.2
25027.5
28035
21342.7
18321.5
15914.6
10970.8
35696.6
13455.5
20182.5
11852.8
13771.6
6300.4
11989.6
20897.8
19457.8
7602.32
7138.48
23198
13771.8
9506.64
11488.4
25225
11493
10138.3
12175.4
34051.5
7664.08
26324.3
8055.68
19617.2
8444.16
30968.8
19032.2
8755.44
18603.8
8940.48
17202.9
15212.3
15960.9
22339
31062.6
31406.5
7025.28
24400.3
29009.2
7248.24
19547.1
10324.6
6708.64
6274
28452.1
22561
22490.2
21985.6
11244.3
27151
6253.12
14459.7
11471.5
10082.5
23808.2
26712.2
7706.4
12572.9
13275.7
11600.3
11306.3
9115.52
8626.64
11949.9
26020.8
25173.4
9398.72
14815.6
18356
10585.4
12403.3
30582.6
17329.4
15525.4
19264.8
26998.9
19701.1
10234
15368.2
21104.2
14946.1
16446.2
5508
7842.4
23321
20107
19549.4
16482.7
18886.6
12979
37834.6
12361
18296.5
7279.44
21306.7
19558.8
19863.4
19716.9
20938
17179.4
21917.1
23132
16906.2
25635.9
17174.6
25018.2
16502.2
19890.6
35894.6
21998.5
5063.92
20545.4
11378.2
14060.5
26566.6
36637.4
28412.1
25272.1
22475.4
18291.4
29501.2
22548.6
15498.7
22875.7
11396.4
9335.68
23674.6
17163.8
23336.3
23328.2
11253.6
10580.4
14183
12843.3
30542.8
27439.4
36200.1
18967.9
26073.2
16387.4
13885.6
13310.8
16111.6
22654.7
36869.2
31975
11735.1
21283.8
47345.4
33680.4
20676.6
9198.08
23576.6
5050.96
7163.68
26255.8
12096.2
45588.5
24803.6
9573.2
18091.2
8049.12
34449.4
16879.9
15656.4
17182.5
10277.3
19102.1
18840.2
44346.7
11989.9
23949.4
10102.4
26359.8
15362
33880.9
16588.6
10660.1
19611.8
14246.6
30181.8
19448.9
13729.8
11147.4
11289.9
45080.2
28024
43263.5
21520.2
18177.3
12131.5
26919.2
26500.5
19236.6
32849.4
9563.84
13625.9
21241.1
26030
24185.6
24724.2
12529.2
38551
13688.4
26932.8
27720.6
16489.7
13381.9
6797.92
9329.84
16403.5
23172.2
10418.4
18100.7
12674.2
21728.1
10881.4
44820.6
11803.5
24536.2
4936.24
25361.3
11543.4
19937.3
26302.1
12833.2
6006.96
21443.8
16458.2
22774.1
17861.4
15239.6
9990.64
10388.1
30602.2
13267.4
18515
30417.9
18142.2
40213.2
10486.4
14873
23444.3
18276.1
20151.2
10035.1
14386.8
31507.6
12489.5
39009.3
23723
21161.2
14268.1
14305.7
31492
17234.6
22947
10887.4
15467.6
11161.4
11064.7
7484.56
12104.7
14201.4
22755.9
32767.8
30592.9
14306.8
9974.4
29229.7
19075.4
10890.6
15523.6
22420.6
15588.6
9946.8
10438.7
14581.8
21409
13859.1
15296.2
27518.4
28489.1
22422.4
21339.5
20463.8
24739.5
20660
30988.9
9842
21806.9
5296.48
10671.7
41710.1
9819.92
16827.4
24220.7
30713.6
18896.1
12279.4
10003.5
14568.3
1918.88
14573.8
19934.9
20850.6
17399
8337.36
18750.4
4624.24
12557.2
18497.2
31307.4
15777.2
14350.5
36268.3
26508.1
14375.1
11063.2
17853.3
8034.48
10392.8
20546.7
11049.1
28153.4
13935
25052.5
20053.7
21234.7
8480.16
32778.2
8478.88
18147.7
14235.3
22764.8
15311.1
18597.4
19983
12476.9
23005.4
14215.9
25623.1
21332.9
24342.1
19119.4
15929.3
12677.4
10958.9
18915.6
11555.2
28143
33155.1
14782.5
10978.1
27144.6
18231.5
9443.92
23601.7
28205.6
21669.1
37808.1
8369.68
11068
14678.2
8529.2
9240.48
13260.7
9118.88
25381.2
41491.3
5566.8
16198.7
19604
14791.8
20468.7
24641.2
14450.6
9173.04
31124.2
11236.5
36881.4
29079.8
41727
18204.2
18950.2
16533.5
32908.1
15733
28343.9
18802.6
8543.36
11031.6
26772.9
9527.28
9073.04
13673.3
9370.88
14975.9
29939.8
12504.4
24676
22598.8
31778.8
15255.4
10401.2
36405.4
14290.7
25087.6
19262
16563
18898.6
28244.5
8259.6
23018.9
27089.4
17817
17092.2
27770
19026.6
17231.6
12154.6
21028.7
16721.6
11358.5
33539.7
14591.8
13389.9
16817.5
6635.76
16979.5
28737.8
18479.1
12578.4
20406
16424.8
13716.9
9685.44
10687.3
27889.4
25282.6
26118.4
14394.6
18297
13745
30871.8
15155
20571.9
12967.7
13908.6
25713
26897.6
35335.4
29889.6
14883
11742.4
27342.8
17164.2
32726.8
8297.36
15590.2
20255.7
14888.1
30118.4
29028.7
24083.4
22717.2
14545.9
19619.8
12195.8
29194.5
6320.48
20528.6
15560.6
41619.6
15633.4
35396.2
11452.5
18132.9
28559.1
23346.8
17937.1
15428.5
12443.4
38153.9
8152.64
8865.68
39275.8
18523
31062.5
26851.8
18650.9
12786.2
21599.4
28216.8
9667.36
20907
19091.4
17533.8
20325.9
43059.8
18028.2
3199.12
16587
29367.7
30814
11532.3
12855.1
6487.12
8484.32
30340.5
26130.2
13646
12791
7663.92
22619.6
19353.8
24450
13162.1
14831.4
13501.8
13513.4
20779.8
31074.6
12262.9
19092.6
20559.1
23297
15119.8
19299.8
40160.2
30600.2
9369.12
15000.4
23244.2
12213.4
15874.9
20186.8
11899.8
25979
12650
23941.5
25470.6
8975.52
24964.7
19197.8
15621.8
25024
38535.1
18926.4
14352.8
12035.7
16755.3
33327.6
11598.2
12986.2
22469.7
43096.7
12563.9
11525.9
23280
31998.7
20043.8
9380.32
43032.7
21274.3
16028.6
10453.1
19543
29660.2
20121.4
29430.8
18171.8
16109.8
30014.4
18155.4
18380.7
16499.4
17504.6
13857.8
19439
13330.1
16578.6
12617.4
22535.7
11435.8
11246.9
15908.2
10555.8
26590.8
36921.9
19390.6
9215.2
11047.8
19918.4
18100.7
22070.9
31310.5
12249.3
16373.8
18008.2
21333
13056.2
12440.4
19153.1
41817.4
11759.2
17879.4
9930.4
39830.5
13313.3
25872.8
24850.4
25919
31919
15800.6
15243
14807
19558.7
28560.8
10138.4
16927.8
14420.2
23543.6
27121.3
19487.4
30171.8
31593.6
11864.5
22149
16652.6
13386.9
34110.5
40037.2
55139.2
26611.7
5614.72
30419
21921.6
20543
14369.6
34504.4
26331.6
14053.4
17456.8
10372.4
20639.1
12738.1
16025.8
10908.5
31293.1
23259.4
14157.8
31885.5
15368.3
36990.6
14833.9
12370.2
25085.4
20262.7
11791.7
24315.6
37217.3
20912
24561.1
12879.4
31325.4
13654.7
24763.2
15080.9
29546.6
24157.8
21092.8
16759.5
23507.4
19265.4
26812.4
18145.5
17690.3
26365.4
21389.4
18070.2
14571.4
36428.7
10784
12614.5
31366.6
33997.1
31924.2
20667.1
6741.76
17147.9
23725.4
14672.1
27636.6
9749.28
6947.52
19091.4
43175
28255.7
35957
12866.6
13116.2
9104.16
24933.5
12412.5
33182.7
13522.6
34097.3
10351
30288.8
19683.6
45621.8
29171.6
18445.2
7589.2
7103.92
25761.6
28008.1
29438.2
22358.2
26534.3
17883.9
18371
24862.9
16448.6
20897.4
31846.2
21316.3
17638.3
15724
16793
27055.6
22813.3
18304
15968.2
19785.4
21341
31284.6
23380.7
27327
11113.5
22507.6
26429.4
20800.6
10578.8
25819.6
21135.3
11947
14429.4
13524.5
14260.9
14089.8
15410.2
12248.6
14472
8956.16
28788.6
25955.8
15790.8
26929.9
17214.9
9087.2
13761.4
17536.5
11222
15100
26728.4
16526.6
26263.5
13647.4
10717.6
16227.7
14751.8
19045.8
23083.1
15863.6
13330.6
18179.9
22250
14158.2
11419.7
8455.36
23143.2
13862.9
29717
10326.5
10706.3
6360.4
17860.1
34207.3
18756.2
15904.4
22580.9
23424
8784.64
16893.7
17110.2
22181.8
21139.8
9350.72
19652.8
16979.2
32080.7
19939.1
9776.08
15202.7
30261.4
11082.6
17651.4
15990.7
20871.2
29822.6
24277
21489.4
16217.2
13077.2
30419.8
35451.4
14787.5
23879
10305.5
23766.6
21012.3
17550.2
37689
23140.6
20561.5
19939
15053.6
7963.6
7741.44
17686.2
18182.9
14770.6
14342.5
7566.16
21797.8
19115.1
13217.8
7496
15236.6
20598.5
10384.6
11878.2
48848.9
19145.6
31085.9
32687
8309.2
18215.3
18255.8
9128.24
38675.8
18913.7
9559.76
9359.36
13276.9
22655
24309.6
8721.12
16861.5
24138.1
20934.1
27318.7
21790.9
13025.8
9280.64
20888
33573.2
45010.2
13230.9
25360
25410
32682.6
23490.6
25128
28944.2
18408.7
14097.4
11446.7
23586
18846.3
10719.9
20825.1
23037
18645.5
13562.2
25217.5
21912.2
16732.2
11927
14855.9
26249.4
12480.3
14971.8
15445.8
35061.3
19582.2
15328.4
22494.7
37122.4
14894.2
26537.3
21177.1
15343.3
7422.8
16844
36218.8
27644.1
16698.4
47663.8
6746.24
21119.4
29086.6
27221.7
20295.2
28966.4
25608.3
21489
11776.4
22023.8
27555.8
31484.3
16747.7
24254.2
12312
9273.76
13604.1
37791.4
23432.6
22810.3
24213
22641.6
46815.8
35858.4
30789
28846.3
20973
31740.4
50306.9
28654.7
29587.7
23014.6
42150.9
21557.6
16832.6
30645.7
15654
23712.5
37941.5
27549.1
32534.2
37467.8
18326.2
21892.3
15954
18342.9
30037.4
27119.6
20121.9
37031.1
17631.8
19183.4
20679.5
21050
22480.2
24733.8
27193.4
16185.1
33400.8
18639.8
36646.5
19450.2
48441.7
13171.1
17116.2
14920.6
19068.6
22259.8
36872
32159.9
31842.9
23492.8
25985.8
24480.6
13146.9
25851
16824.2
10746.4
12154.3
12458.2
19964.3
37275.4
13336.1
8961.52
13284.3
19696.6
14192.7
42099.4
11412.9
14265.8
7627.84
14603
22169.5
27264.6
18207
35431.6
13366.9
17390.5
17339.6
20095.9
28017.3
12906.2
11764.9
6276.48
15956
26745.8
17982.1
26480.1
19268.2
23839.4
13389.7
15200.9
18106.8
9038.32
12945.8
40541.8
22493.8
26655.2
8418.96
10265.9
20895.2
10940.6
6571.12
23766.9
19792.6
5742.72
21905
14579
55631
4701.76
7315.84
22544.8
14922.1
52111
18290.6
17849.7
21945.1
24484.9
12688.6
37829.5
17224.1
21798.8
33469
24199
18869.3
13295.1
21760.9
19174.6
21113.6
26040.3
26426.6
24465.5
22162.3
12203.1
9280.24
15885.8
13482.1
27627.1
27719.5
16342.4
15971.4
19624.3
31467.3
20925
19066.9
22345
13770.6
15957.2
22499.8
15196.8
20914.9
21885.8
22523.2
42646.5
14327.5
5255.28
12924.6
27966.1
10987.6
17412.6
16540.8
25754.2
34282.2
15051.3
23031.6
24132.3
15868.2
37500.1
9387.76
28276.6
28691.4
15633.5
7286.32
14404.5
12418.5
19474.2
12316.3
10384.6
12682.2
42134.6
23000.7
8874.72
15621.9
23371.3
19850.7
42310.8
35056.5
8204.72
12259.8
28704.5
16699
42178.2
18035
12977.1
36526.9
12372.5
17969.4
27242.6
22944.9
25411.8
22042.5
17760.2
35914.5
19970.8
22773
7205.84
25173.8
19981.4
17485.6
8489.44
24919.6
13304.8
41048.3
34181.8
30048.3
28357.5
16110.5
30440.2
27390.1
22506.2
14595.3
10020.1
19105.5
23869.1
23439.8
21048.4
16817.2
11877.2
13278
13309.8
22317.7
17376.6
15075.4
28330.1
32681.8
16562.6
14544.2
13921.5
24144
21976.1
17995.1
8990.32
43799.4
33801.4
11872.5
26172.2
32266.7
26415.1
11121.8
14433.8
18250.3
36691.1
9524.8
15940.9
19645.5
22760.3
20289.5
12093.4
47676
18301
15188.9
25862
23625
12917.5
14175.8
14251.2
6964.16
11751.8
7376.08
11657.8
17814.6
15957.1
26240.1
21157
9531.68
17539.5
16036.2
23969.5
12776.1
8792.8
24087.8
11249.2
14094.6
23607.8
18299.1
28026.2
22935.4
27937.8
8152.24
17058.3
5638.8
15117.6
21862.3
12237.6
20441.3
40017
41438.4
20353
21986
10715.3
16505.3
13528.7
16636.3
14495.6
48296.1
25590.2
12127.5
13403.8
8076.16
20779.4
17595.4
13436.8
23790.6
22190.2
30182.5
15976.6
33010.5
22937.7
22630.7
27095.5
20243.8
7705.84
43209.8
22860
7259.92
16261
14460.4
9440.88
26048.7
13307.8
19825.4
8031.76
15456.9
21503
22571.1
42990.5
21941.3
18955.3
16585
11247
20090.7
39231.4
16808.8
17383
20435
36685.3
19983.4
18410.6
26235.9
12065
12962.3
23689.5
21169.9
11375.6
41888.6
8046.88
10049.1
16951.9
13405.4
24741.5
13508.6
15032.6
29938.6
35315
23677.4
15115.8
24725.1
11052.5
12887.2
28657.2
29399.4
17365.4
15410
23646.9
31369.9
25101.9
17818.2
23369.6
21471.3
29380.2
12163
17155.1
11602.3
34215.2
22171.4
24723.1
24404.1
29886.3
11789.5
11832.3
21920
22496.7
21287.3
19553
9287.2
21966.6
6205.2
15828.5
13945.6
18468.5
36085.8
26015.4
23985.4
24690.6
14693
5418.16
16735.7
12836.6
19363.4
17593.5
12186.6
24407.6
10941.9
33734.2
16516.5
27222
7787.68
30560.6
9510.72
13192.7
35412.4
29645
13579.8
7822.4
17900.8
29444.1
35444.8
24185.3
19337.4
5945.28
5514.56
25070.2
17811.4
19309
14777
6543.92
19021.7
9798.72
14653
26157
12073.7
16716.2
8294.24
15253.1
15205
34066.1
22700.7
13936.9
13265.8
13903
15238.3
12984.9
7083.68
20659.6
13308.2
21767.7
28586.6
23831.5
32035.5
6807.68
19329.8
31725.5
10540
21480.9
15825.6
12130.6
14323
46538.2
15961.4
9737.2
13219.1
29144
15219
18681.8
14556.8
11881
13453.4
26527
17489.4
22946.2
18875.1
29819.5
9506.88
9844
22887.1
13332.7
24500.6
15521.5
11497.4
21889.9
23419.2
11893.7
10342.1
17620
13225
10492.9
26030.9
23061.5
22501.4
15653.9
19735.2
8311.2
39544.1
34920.2
23115.4
8941.36
12228.1
15578.5
19525.3
11021.4
29472.2
9892.8
20479
19279.6
15895.7
22358.8
7813.04
19363.3
25306.9
10466.6
14468.4
12545
11976.2
21229.5
17657.8
13751.4
27452.1
13176.8
17492.6
16916.3
13893
6914.24
10683
19142.9
19412.6
13673.2
9355.68
25305.8
19975
10979.8
19878.8
29748.1
10907.9
22872.4
24576.2
13996.6
11042.4
16569.7
18985.8
14135.2
14162.1
18470.1
21993
9523.04
13430.7
15088.6
11369.4
13234.5
17409.9
29512
16912.5
21785.8
12577.5
16596.6
17289.4
11851.7
11657.5
14146.7
21789.9
15072.8
8957.68
24322.9
15254.2
25947.8
28620.7
16470.9
14480.9
19552.8
22805.9
23966.7
17748.6
22410.5
14339.3
16764.9
19647.8
13180
11910.7
11255.2
21034.2
23908.9
25855.8
10818.6
9527.6
15695
20594.8
15350.2
20006
12823.2
23363.7
14417.5
19794.1
16352.7
22001.8
32142.2
31599.2
10620.5
19397.1
24235.4
35664.2
22713.1
13425.2
14046.5
26348.9
14749
24792.3
18045.3
22713.4
19851.7
8484.88
14588.9
8251.36
22473.3
20145.9
15346.2
36180.9
20740.6
17265.5
10360.7
24466.5
16669.1
38734.7
24397.6
13227.2
11441.3
14191.5
9295.04
17409.7
23615.2
10659.8
27819.2
25363.4
23784.2
23219.9
26665.7
7648.08
32745.8
5903.2
13823
11741.6
18616.4
26661.8
16983.5
14946.6
21702.7
20799.8
13332.2
27943
15465.6
11705.7
29256
11449.8
19218.7
12015.6
15700.5
25925.4
14088.7
11755.6
16924.9
38614
12740.6
18363
10217.4
31183
11107.3
32547.8
42799.1
13916.8
24433.6
10683.6
18069.5
26124.1
21737.5
26195.6
23178
13381.8
19622.2
15887
20445
21938.9
17855.3
18759.6
45861
14471.9
16811.8
27341.2
15992.2
39123.4
23514.3
20427.3
17055.9
10623
16083
22163
41390.4
11048.3
28054.7
11688.9
36795.5
14782.8
17853.7
15311.5
12848.2
11131.5
18874
34114.4
38339
18837.1
22795.8
31526.8
25222.2
18687.4
15690.7
34204.6
20768.8
12142.9
15906.8
22471.9
39542.6
17668.2
17178.3
29881
17363
16849.4
24137
36310.6
27159.4
22105.5
11268.3
33634.4
28014.3
9336.96
25887.9
12932.6
12257.4
9676.48
12829.4
7788.88
18490.6
33299
10322.2
23681
15244.8
23632.6
22456.1
8795.84
15960
21068.3
30872.2
40804.6
16640.5
12703.5
33308.1
15269.8
14034.3
5208.96
22233.1
28392
17086.2
17622.6
16467.8
37098.2
25831.4
34126.6
14102.2
22552.6
23272
13314.6
15059.8
15088.4
40026.3
29695.3
21868.2
8750.8
17641.8
23599.1
13385.7
16508.7
27705.6
12287.4
10412.4
15474
19661.8
13251
19162.7
9195.68
10817.7
10861.2
22609
21777.2
6902.88
7109.52
39118.7
35444.8
27161.3
16310.4
27061.5
11849.1
7306.24
10795.8
29368.2
16935.7
18203.2
20141.1
19280.4
24557
21833.8
19640.6
35299.3
15877.1
27727.6
25808.6
11193.5
17312.5
17243.8
13326.2
12740.5
28459.6
21867.6
24423.2
10271.4
26912.8
21140
28060.6
10439.3
10503.4
22489.8
36976.4
34539.7
14818.8
11015.6
41141.2
29428.1
21840.4
23746
20095.3
28438.3
15989.8
15590.8
30083.3
20482
43386.4
37565.8
15457.2
19206.9
17072
18553.5
23294.9
19472.1
12753.7
16408.6
30881
19624
11500
28913.8
30408.6
32580.6
33798.8
19626.6
11223.1
25587.8
31960.8
23609
10471.4
10663.3
14139.8
27243.6
9678.64
37106.3
35055.4
9895.28
22271.8
29755.2
18799.1
16268.6
26412.2
10552.4
14796.4
27086.6
22404.4
46772.3
21407.2
11253.1
17115
7054.48
19966.7
25103.1
22807.2
13495.8
11040.1
18459.2
10434.6
19763
26392.9
30660.5
26972.6
28549.6
29073.2
18515.7
12755
28002.5
25846.2
24341.8
17240.9
24571.2
22637.4
34522.2
13206.4
11759.8
10585.4
19389.8
14055.8
16881.8
14371
11260.3
37806.7
36001.4
17745.2
13292.6
20538.6
26772
13127.6
27018.7
28879.7
23806.2
21238.8
22164.6
25926.4
20639.8
22548.4
26299.4
15293.9
15166.3
20855.8
32893.9
12950.9
26043
21226.1
11369.4
26611.8
19838.9
6597.36
28256.5
10768
23309.8
13082.4
11933.2
6230.16
18173
17828.6
19493.1
19002.3
32636.3
11343.5
19177.6
22307.1
23293
11938.8
8370.24
9077.76
33887.6
18026
29045.2
12331.8
16347.8
12698.6
34676.1
24312.4
14565.5
34587.6
15195.8
7229.12
17099.1
23849.6
29768
25983
25517.1
17577.8
28491.8
19583.7
13719.4
26528
13321.9
17835.3
19705.1
11555.4
16743.4
38290.6
20798.7
8158.56
20386.9
9819.44
25400
33038.7
13131
22966.2
11514.8
14446.4
17415.6
19435.4
24821
13195.1
16258.2
21648.4
21625.9
34750.3
12235.7
21897.9
13328.5
21952.9
44971.9
14605
17603.5
23761.9
22102.3
17081.3
13297.7
31106.2
13173.3
28684.1
10014
25523.7
27985.9
24260
15973.2
15379
11336
14756.8
27465.8
16233.8
32531.9
24890.8
17887.3
17001.9
31422.6
40486.4
13381
13428.3
35242.6
14467.7
18011.3
28129.1
11146.7
20566
14675.4
12247.3
31237.6
22343.5
27864.9
25541.8
25676.3
25772
15054.9
20870.2
26716.6
15152.7
17161.6
23276.8
33106.2
12754.7
19645.6
23562.6
14708.2
19161.4
21553.5
25749
44330.7
28933.6
22482
41469.8
32578.8
20903.3
10349.8
19350.4
21939.8
30162.8
22513.1
13606.1
10984.6
6970.64
29604.2
22553.8
20004.2
16885.4
20197.2
26760.3
20476.2
17273.6
16215.8
23512.5
20206.5
12495.4
18733.8
12477.8
22448.6
20987.8
17978.8
12602.2
21479.1
10461.4
11303.7
19674
23139
14842.6
14055.5
22716.6
19086.1
34419
14101.8
24947.8
32806.1
10595
16744.7
9408.8
14327.4
21987.5
20541.4
10523.2
36671
12001.4
29887.6
30580.4
13888.4
13454.9
25253.9
18040.6
9638.08
29142.9
25803.9
20450.5
7742
21784.8
25905.7
40823.7
9541.84
27706.1
9833.28
19642.9
26436
16233.5
10925.2
23422.4
27181.8
13230
22841
13079.4
16104.1
31046.6
28978.4
13408.3
14525.4
14720.5
21657.6
14177.3
14176.6
24098.2
9582.4
22963.5
21530.6
18088.2
12073.4
18821.8
13400.6
27358.8
21527.7
11711
12059.4
20655.4
16701
11174.3
17342.7
18794.2
24038.7
31079.4
22428.1
10223.5
10021.3
25027
10436.8
7719.52
12690.5
30551.8
47944.5
28790.5
23127.5
19147.8
11806.7
17923.5
19216.9
41987.9
25308.6
8353.04
14996
23537.7
19975.8
21798.7
36251.1
27145.2
8422.32
12797.8
26253.6
21605.4
8225.92
45806.4
24969.9
13706.8
15103.5
16790.6
16441
13791.4
26586.6
14692.2
8401.36
23437
40320.2
37804.7
24780.6
20079
30714.6
11797.8
26115
12579.4
6769.6
29970.8
32866.8
16177.8
29913.3
24208.2
20026.6
9980.72
11884.6
18245.3
11322
22570.5
22141.8
21332.6
10015.9
18305.1
20180
8484.56
19255.1
13261.1
24313.7
26879
33917.2
11928.8
22567.7
10269.8
15295.8
35959.3
22889.5
29458.1
15642.4
14977.2
15173.3
34589.6
15497.2
21345.4
9254.24
20900.9
27995.5
35782.2
29044.5
30908.4
17452.8
28419.9
13986.7
13468.5
20155.2
25533.4
16876.6
14918.6
18915
13403.9
20654.5
26923.8
33431.9
20729.9
8473.92
10249.2
23779.2
26023
15622.5
17149.4
16114
14140.9
11598
26969.1
11120.9
38106.4
18048.1
27996.1
15478.3
14843.2
9804.72
27415.3
18535
9239.6
17896.2
15816.2
17549.4
49935.6
8908.96
13515.5
7353.52
18115.8
16052.9
21426.4
18198.5
31126.7
20598.2
7718.08
16909.8
21830.4
22214.2
21716.9
13976.4
17241.4
24591.1
9307.84
27710.1
7402.72
25629.5
24610.7
24967.4
14695.2
18096.7
25402.9
12519.1
16619.5
8830.72
26385.5
8160.8
23207.4
5835.92
19968.1
10371.5
17544.7
12013.8
18733.3
18186.9
11217.4
11985.6
14711.9
40835.8
24218
19529.3
12784.3
22205
8794
15458.2
14350.6
21373.5
14426
15399.5
39353.3
23200.3
10176
15241.1
17694.7
14627.7
8988.24
21113.9
30844.8
10144.8
14699
17475.8
30524.6
37539.1
14626.3
32624.4
19534.4
19269.2
13966.1
30643.2
15222.5
13859.2
30099.4
17936.4
16404.7
23310
14009.6
31030.6
20137.1
22880.7
10559.6
23531.2
13627.3
10479.4
17642
28188.3
21439.6
13571.5
19111
34248.2
16254
21939.4
28693
33021.3
33504.1
13037
14727.6
31214.3
22431.1
23802.9
16367.9
20030.1
29636.7
11862.6
19417.4
16501
12683.8
14045
28691.1
35312.4
13410.3
9989.12
43893.7
19573.2
17032.4
28859.2
16898.4
14340.6
23968.5
21468.7
19573.8
17517.4
18688.9
35949.8
24915.6
48038.3
8032.08
25436.4
13624.5
14310.4
15982.8
12959.2
22732.5
20144.1
34084.7
41471.1
6803.76
9053.2
12878.6
19972
12427.8
24560.4
17420.6
16570.3
29556.6
27861.8
19321.1
8413.68
29946.9
6842.64
15431.7
24595.4
17041.3
13675.6
17984.3
18272.7
26557.6
30392.6
26993.1
24439.4
20002.1
11500.6
23662
26253.3
11304.2
11397
13899.7
7341.76
20904.9
15898.2
11871.4
21618.2
21739.2
16331.9
18153.4
20703.9
25229.4
41952.6
11747.6
23200.1
28450.8
25213.8
16292.3
11759.3
22228.7
25277.4
12662.6
11749.2
14951.9
13735.2
24414.9
20108.1
11118.1
35283
26748.6
32898.8
12675.1
17545.2
30867.6
22845.5
24886.7
9698.4
15593.5
26708.3
9445.28
21745.6
11721.9
14383.4
11374.5
24376.6
16703.8
12766.5
31880.6
14227.2
15835
18851.8
17487
12601.8
20185.4
16388.6
15819
20882.2
24445
10815
31707.4
25627.4
33164.2
29240.8
13082.7
15765.8
35069.4
34079
17111.1
10693.2
12022.5
54201.9
12528.2
23047.2
27175.2
13159.5
27182.9
19040.1
14015.9
14711.6
21690.2
25161.1
17892.6
6826.32
13573.6
12991.3
31510.6
25667
18067.8
10277.4
25432.1
25632.5
21109.5
25323.7
7793.12
32287.4
17918.8
10432.3
18109.8
30810
39396.1
19329.4
24161.5
25463.9
22242.4
28982.5
11451
13714.9
21255.1
16518.4
22819.4
12843.1
16784
10984.6
11875.9
22439.4
16394.2
23591.8
15327.7
12868.2
7307.92
10079
12775.3
52125.5
17542.2
20062.9
14931.1
14416
20318.6
9104.16
27349.4
13669.4
22396.4
22716.3
11890.3
15237.1
20474.8
14841.4
61537.5
23748.3
15732
24109.5
17599.5
13746.2
18060.6
9052.24
27982.6
6964.48
44605.2
17233
26343.4
16794
9095.52
26045.6
29021.7
24319
24380.7
19621.6
24074.8
27599
7566.88
28405.2
19127.8
20689.6
15024
17469.6
23455.3
12441.4
24379.5
9010.72
15369.8
32626.4
27125.7
23095
23839
9949.68
7471.2
34463
18940.5
17323
37501.9
16529.9
23128.8
22428
22627.9
17311.3
18464.7
19141.9
26101.6
8016.88
11045.3
20787.4
24995.4
22986.9
21138.8
17085.2
15489
32423.4
9664.88
28519.8
12012.2
23150
22979.1
13824.8
12911.8
11384.3
11011
18706.2
17329
28043.2
14668.8
20376.4
9154.08
11783.1
22609.3
9415.76
24003.6
18591.6
21632
32748.4
22910
20097.8
47257
26413.4
14999.1
17519.1
26020
17984.7
35321.1
15123.1
12438.9
9320.08
12506.8
32334.5
22249.8
17276.6
22529.8
34212.2
16075
21169.8
26622.7
12944.7
8270.4
9014.88
23756.2
35366.6
18903
10440.2
10219.7
7527.68
11016.6
27850.1
19828.6
20884.1
15092.8
12058
25215.7
9245.68
40583
17925.6
17746.3
22872.6
21775.6
33676.7
11824.4
16893
18595.3
22223.8
11159.6
45191.8
14735.7
19839.9
10662.1
22611
25004.6
16132.5
12936.1
10097
6988.8
22851.1
11926.6
27017.3
45223.9
15887.1
7417.44
18630.3
32294
30593.4
17055
25358
13532.1
14653.9
38110
19374.6
44233.2
19313.5
10347.2
18351
30414.7
19079.7
25238.2
11111.8
28911
34675
13316.6
28871
30230.1
23465.7
7961.44
13824.7
25340.6
18560.2
12720.1
17146.2
16918.1
34916.9
24312.6
20646
32832.2
25980
21149
20090.3
30819.5
33507.4
16525
24105.5
14826.8
24923.4
19936.1
12029.2
24791.9
39074.6
22293.1
13743.5
32936.8
16123.4
31554.7
11647
25411.8
28355
6755.44
24219.7
18747
26042.7
37594.8
23253.8
17813.1
10992.8
25139.9
18029
43835.2
14802
23885.4
31181
18954.2
14752.2
17209.7
16304.7
17253.2
10523.8
13855.2
19529.7
15250.4
12231.8
19518.3
16226.8
12492.2
18543.6
11748.5
11914.2
24459.3
17389
14845.6
9092
29977.4
22828.6
18751.3
36999.3
14751
28693.6
21159
25744.6
36979
20325.9
8463.04
7578.64
9078.16
18125.8
17265
25129.5
40112.3
25285
34186.9
8593.28
17887.2
19552.6
26098.6
15112.5
34064.1
8347.04
27714.8
19497.7
23714.3
22823.7
5557.44
24882.6
21572.7
36770.6
24111.5
31115.8
24632.1
11533.5
14255.7
35950.4
23393.8
27964.1
15881.3
16943
15515.9
15002.2
15171.4
43091.4
9972.8
15005.6
14975.4
28703.6
12386.1
36618.6
27787.4
19126.5
10391
18740.7
16525
14177.4
18006.4
12214.7
19641.1
27986.3
5260.48
12223.1
16523.8
30195.9
13651.8
23214.2
32573.4
18089.7
17757.6
28213.4
18887.8
22139.6
31562.1
18380.5
26034.5
11082.2
20757.4
39774.6
11732.6
17378.3
22010.4
19750.1
21480.6
15839.6
12438.8
15686.9
11319.8
18169.4
18055.5
11477
24709.2
16036.8
9341.44
16517.2
19715.2
25058.3
13920.9
8673.28
10017.2
31773.6
21967
45143.8
37724
17968.6
7294.24
13533.1
17908.1
27507
25742.6
28796.6
15727
8956.24
22939.8
15734.6
27205.8
35433.4
11447.3
8272.8
23184.1
10962.5
15825.3
26176.2
11847.2
21409.5
25928.1
18567.6
20645.5
12877.1
15313.6
16259.6
9971.28
42132.7
21142.5
13111.9
11458
13592.9
21594.9
29183
15455
17279.8
11527.7
11463.8
20214.8
19745
19790.6
13077.1
17881.1
18409.2
10162.8
25347.4
15693.5
5110.32
8420.32
19003.3
27576.2
20876.6
21779.5
25762.6
27583.2
14271.4
11758.8
30689.8
11576.5
14215.5
21323.6
8730.48
11114.4
14391
14859.7
26985.8
19433
32407.9
12618.7
17890.1
23813.8
16636.6
31417.9
12987.4
22933
30215.4
15181.8
17694.3
22515.2
9438.08
18242.3
13662.6
17549
32947.6
22235.4
9575.6
28851.4
23488.4
14087
17028.2
35978.2
24300.3
10123.8
26905.6
20838.8
20968.5
7689.28
3904.08
17586.2
15040
10834.3
29655.7
17824.6
7630.72
18690.1
10173.4
13766.6
21087.8
14248.6
27292.6
11729.1
26821.5
34723
10989.1
13704.2
16604.3
19436.8
18314.7
28056.6
22568.5
22140.9
20607.8
13112.7
17599.7
25171.6
7403.44
15969.4
16920.9
18818
20729.8
19745
16290.6
24786.6
26126.6
25295.4
22260.9
25281.4
18960.4
14316.2
15735.2
23551.1
28646.2
12454.1
19855.5
20435.3
18202.5
23744
15534.7
27899.9
32540.3
36868.2
19153
22693.2
32315.2
17207
22685.5
26167.2
15077.4
11007.6
20051.4
17651.2
25324.9
17820.4
10474.1
16096.5
11900
9681.44
24518.7
16763.9
22825.4
21365.4
19160.5
21177.6
23657.9
22359.7
10311.3
31947.8
6043.92
24856.6
20664.2
38995.2
24442.7
30564.6
22291
33402.6
11531.5
11707
27952.7
24791.5
9480.96
21963.4
13580.2
19388.6
10609.1
23631.5
19315.6
36782.4
26773.4
20529
14723.9
15211
18022.7
20720
13202.7
21794.1
31678.2
35335
37024.9
18404.1
22294.7
16322.5
11861.8
14133.8
29108.6
41779.9
8693.68
21500.6
18924.8
12694.6
16576.9
39865
24537.6
13441.6
6661.28
17844.6
24450.7
17582.5
8409.68
37381.4
17775.7
17344.9
23504.5
33037.8
30004.5
11221.8
19599.3
36039
18544.2
20162.5
23712.1
7746.56
10497.9
12372.2
20155.2
48597.6
13278.7
14616.6
40910.3
27729.3
16041.7
27108.1
11053.4
21979.3
15903.7
12166.6
20282
29390.7
16785.8
13846.8
21433.3
13285.6
12164.2
22010.5
32729.4
10025.4
16851.2
23525.8
35629.4
21753.1
13518.2
14365.8
27688.2
14238.4
20109.4
22175.8
30482
38397.9
23824.3
24975.2
30308.5
18609.3
23769
17312.6
18498.9
18283.9
10420.3
23318.1
22500.2
35342.5
17337.4
14557
12399.9
10652.5
21375.1
12927.7
14935
23900.8
13285.5
10389.6
22526.6
28524.9
22499.5
13203
26835.3
26557.8
16340.7
20511.3
32843.7
26539.9
29845.2
19255.3
25181.8
14823.5
35467
21211.8
29346.2
8016.72
17251
11752.3
28229.3
20692.6
24142.8
10200.3
12665.3
10677.8
14578
18363.1
20926.6
24400.3
25478.2
9714.4
14462.6
21131.3
12175.7
13663.6
14911.4
13616.2
13411.2
15930.2
33941.4
26343.4
8263.28
19889
10128.6
32254.4
43685.4
18363
14256
14437.8
23604.2
16038.6
20004.4
22838.7
13637.8
20750.4
16761
9271.2
20751
8770
30785
15385.6
20336.8
19028.8
13797
18744.2
14119.8
9801.36
9700.88
34396.8
22522.2
24471.5
17996.2
21995.6
29878.9
12306.5
13214.6
40046.5
14648.8
13807.7
9787.92
10324.7
34778.2
17056.4
21426.8
8962.24
31696.3
18873.5
20337.6
21162
14398.4
19775.4
12351.8
35860.9
19255.1
37106.4
23168.7
49190.4
28394
23264.6
22682.4
15749
13025.6
22329.6
21507.8
14396.5
19120.8
11880.2
34844.9
40181.4
21834.5
11037.9
11620.4
7926.4
15379.7
18252.6
25144.2
24943.9
20917
24977.9
13190.8
21935.8
11819
22280.5
11396.2
8658.16
15179.5
20734.4
10123.3
19021
10769
17873.6
17274.8
11773.7
16314.9
17960.1
28453.1
25360.9
11962.8
21037.1
8559.92
20659
36054
21646.6
13103.4
28471.6
11286.7
21153.2
24659.2
18513.2
7957.04
22885.1
26156.9
24825.3
11653.7
15015.9
15849.4
25747.2
22554.7
14243.9
23994.6
31655.4
26573.7
24880.2
25125.7
24639.4
14515.3
17341.7
15050
25194
22162
13866.7
22353
11502.4
24848.6
19106.4
23284.5
28564.9
34974.1
24510.6
31014.6
18098.4
14376.6
18592.1
27978.2
8232.96
11728.9
38084.1
22754
27035.9
13510
11907.8
15491.4
33104.7
17678.8
14726.5
13972.2
14621.9
9333.52
15948
20258.5
12664.5
13650.8
23837.3
14972.3
23796.4
34541.2
9904.56
39017.2
23593.4
22175.8
26847.3
13364.9
18243.8
19593.3
28886.5
15648.7
36706.2
31321.2
23263.5
9441.36
18227.4
14485.8
31105.5
21114.8
31311
34202.8
24699.8
23972
16479.1
12155
28010
15919.9
29160.9
11911.8
36689.4
17381.4
22626.2
22321.9
35371.8
6704.08
19640.1
7174.16
29344.3
11412.8
31628.4
22762.9
17965.4
17323.8
26485
21047.7
16324.2
9978.88
9100.96
39850.6
11156.2
21154.9
11893.6
27231.6
14303.6
26647.7
25682.5
27249.2
23286.2
16524.6
12604.1
16654.8
7060.8
11014.6
24531
8327.2
14006.8
10987.3
14092.3
11020.5
32471.9
15498.8
24284.5
18522.2
15515.4
22825.6
18657.3
24889.4
23524.9
23369.4
20729.8
18179.2
16946.8
11574.9
13506
26639
16216.6
25157.4
13843.2
14077.7
20893.9
9858.16
8629.44
29882.8
12643.3
13002
27331.5
9421.04
29829
26969
14889.9
36087.7
8582.96
10673.2
15599.8
18792.2
9832.8
8667.44
21702.6
25386.1
22374.7
25671.3
13610
14081.5
15406.9
14183
13807.3
13052.5
35585.3
27849.9
7581.84
14525.8
18289.7
20831
11681.1
13489.8
13452.7
7503.44
13382.9
14957.6
21187
12859.5
10137.9
8750.8
23283.8
9057.68
24548.6
19808.2
6393.28
24105.4
18475.4
10154.4
19922.3
34590.5
13238.2
19462.8
30462.6
13771.2
12939.4
24461.5
26360.9
27658.9
7095.92
9575.44
16340.8
26658.2
17364.4
10888.9
12078
14811.8
21321.4
19020.1
13104.6
20267.4
9727.76
12758.1
7403.2
13285.8
11914.8
9958.4
17668.7
19602.6
19561.1
8695.52
10669.1
17345.4
11716.5
24669.8
11655
17172.5
21725.8
21555.8
14111.4
14886.2
33657.3
7637.6
24055.4
13240.9
23355.9
22330.2
16185.8
12503
8228.96
16021.8
9914.56
27164.6
15858.6
9840.4
23717.5
29271.4
19257.4
11603
25331.7
47401.7
20895.4
15770.6
13812.1
27571.1
8418.48
17948.4
14925.4
20176.2
9370.32
12511.9
15722
17980.4
28775.4
16082.6
13216.5
15808.2
28322.6
18686.6
8563.84
30801.3
17637.3
11242.9
13453.1
12911.8
25589.9
9280.96
12614.7
17879.1
14832.6
18626.2
8305.28
10141.6
21774.6
15767.8
10692
12667.8
24317.3
13750.5
14658.2
18439.3
14438.4
8277.92
10706.5
11189.1
14883.9
18763.8
14083.2
13168.8
18337
20357.5
27448.4
24356.2
26816.9
25706.4
13573.7
18746.6
23341.4
29374.1
13798.3
10298.5
26529.8
36183.6
54100.2
15595.6
27728.3
13295.8
36111.4
25912.2
26681.9
26300.3
33216.1
16106.5
15772.2
21729.7
19160.9
19922.3
28049.8
24969.4
18103.1
10772.5
28437.5
13854
13013
9259.92
7592.96
23137.6
16750.8
14990.2
21206
13033.8
29465
14194.7
15992.4
19025.5
28964.1
7640.56
8221.2
34846.8
22158.9
9651.12
14342.2
20118.5
11933
26096.1
15203.8
26316
27020
19636.2
7128.24
17127.9
27072.6
27301.9
17530.1
16024.3
16963.7
28603.1
28179
18664.2
15452
32816.1
29028.3
23039.6
12756.1
19091.1
18664
11382.6
30611.2
52204.6
6352.8
10574.2
16393
20953.8
21375
52553
14613.8
14760.4
32666.8
20158.2
11514.1
32525.9
23015.9
44435.4
35227.1
26051
27081.2
28232.2
24206.3
20805.1
17475.3
20394.2
26617.9
33369.9
30191
13177.3
17978.8
8101.6
13398.2
28125.5
33356.9
31053.1
9214.48
21886.5
10567.4
14702.8
15589
25732.9
28212.6
31729.3
40729.9
11218.6
27713.6
21402.6
19553.4
6973.84
59075.7
22573
24725.1
11868.7
17981.8
21005.4
13255.4
20206.7
25559.6
37166.5
16674.7
9727.12
22534.6
15724.6
17950.7
19694.8
11256.4
21713.4
23974.3
36058.2
24617.4
24008.8
27285.8
29057.1
28793.4
31623.4
12366.1
26430.2
13549
14430.6
16834.9
16153
23809
22052.5
18356.7
33835.8
25167.1
14666.7
21638.9
29844.4
21759.6
18139.4
36457.4
29636.4
28614.2
11298.6
24259.3
13551.1
27270.4
18288.1
24178.3
20167.3
15194.4
42965.7
45589.3
8628.48
19541.7
17738.2
16237.4
11870.2
24713.5
17433.8
20692.2
37164.6
14087
30250.8
25559.7
38017.4
12832
15127.5
13752.7
11521.6
33087.4
28481.3
10431
22996.2
25079.8
13186.7
14610.6
20231.4
27140.8
16463
12791.8
8939.04
19292.6
14353.5
7766.24
14270.2
14016.2
21572.2
8335.68
16336.9
33423
10588.4
5430.88
29975.8
19798.1
23213.3
19185.4
16575
28582.4
19265.8
12262.2
25695.5
5681.36
9517.76
11238
32108.9
27673.4
11233.1
15415.8
33258.8
10870.2
38087.4
37445.6
15157
20768.1
19433
23840.8
16221.3
15206
25302.1
10873.5
22901.7
23970.8
23204.6
10788.7
10267.5
29770.6
14656.4
32642.8
11691.9
8673.52
13544.8
25084.4
12011.3
22677.9
15736.3
21550.7
16570.7
45482.2
20125.2
33726.6
10700.8
8587.6
14266.6
24226.9
35124.5
16378.4
23066.8
23837.4
25917.9
22972.9
36819.6
25833.4
23407.6
14629.8
20977.4
25249.9
24735.4
21940.7
17953.7
21114.9
28265.8
32264.4
19700.6
18069.6
8426.72
28722.9
17767.8
19163.1
12365
20421.3
24999.2
10706.9
23381.7
18304.2
40128.2
21816.7
9365.68
26971.5
29966.4
17781
20386.1
12334.2
18149.1
12572.1
18528.3
10831.1
18846.2
11803.8
30405
22274.9
16098.5
18089.5
20281.8
27618.2
33324
19620.8
19715
19167.6
10372.3
17530.1
27422.3
19104.3
19249.1
17145.3
14285.2
19623.4
19857.7
30030.6
16698.7
9017.76
20691.5
22213.3
14398.2
10293.8
30343.3
36442.5
22684.6
15530.8
9119.04
13339.6
25379.6
13377
24949.4
28517.4
15236.8
16894.2
16084.6
22500.2
9346.96
10934.8
22907.4
13398.8
25522.8
11993.4
11673.3
8953.36
16995.5
30267.5
32655.8
9633.36
11029
28881.9
22472
18663.4
15407.1
6688.32
20258.3
22608.9
21871.1
12350.1
13908.9
13008
12193.6
9451.2
27263.7
21994.4
9920.72
15973.5
14668.8
22209
11842.2
24642.1
18534.6
24632.2
12419.8
19648.6
9032.4
13488.3
17820.5
12019.5
14496.9
22009.5
7322.48
22527.2
20467.4
13671.6
19029.3
37616.5
9824.72
31054.2
22098.8
12947.8
10376.3
26386.4
16638.6
13380.3
10123.8
40412.9
21426.1
8362.88
26287.7
24431
11659.1
15231.8
23223.8
14142.8
13097.6
9868.88
11628.3
16204.2
31156.4
6385.12
10991.5
29380.1
15082.9
28189.6
17762.4
24107.4
4960.96
13903.1
12135.7
49551.4
15876.8
21615.8
17148.1
42176.3
17784.5
19530.4
15139.6
21583.8
8043.6
7268.64
53829.2
21022.4
6120.8
7160.72
9816.56
28633
23004.4
9966.64
24231.2
7885.12
22158.5
11224.5
12253.7
18220.7
24633.1
4282.72
18269.9
26607.7
36764.6
16690.1
14225.7
8265.84
22348.6
15455.6
34101.1
27993.4
20050.8
15982.4
22100
20504.6
33895.2
12612.2
9834.16
16446.6
20283.9
22250
24201.4
17316
9481.84
24104.2
13899
13417.5
34304.2
8768.16
7766.32
21690.5
18461.1
21809.5
9839.36
8823.84
13114.4
12190.7
28479.3
11794
26342.7
23346.5
15564.9
7766.4
25617.3
14500.8
24334.2
12079.2
41113.3
26863.2
11556.6
11462.1
26116.8
17242.5
23069
28548.3
17348.7
20464.1
16339.4
11461
24947.8
16615.6
11190.6
12877.8
36677.3
25026.2
29365.7
11717
11112.1
30984.1
24089.8
28283.4
25190.3
11963
44208.2
12119
17027
40714.6
17937.5
46382.9
21324.8
22540.7
20241
30495
20722
21831.2
30249.7
30936.3
22096.4
35932.3
30030.4
25475
20368.2
30683.3
35899
37860.4
23836.2
35254.1
23023.8
11549.4
37313.3
29900.3
27754.1
23167.5
20125.3
20761.3
34333.8
18010
26997.5
11636.8
14194.1
18569.1
17708.7
25174.6
20403.4
20297.4
20740.9
18463.8
14130.7
42962.4
33762.1
19010.3
36295.5
26452.9
12895.1
23003.1
25173.6
18937.9
30099.4
26168.2
30363.8
14492.6
46220.3
20499.8
29003.8
21155.9
31143.4
14987.3
23984.6
43593.4
20137.3
21737.4
29222.6
19400.1
12348.9
26505.4
27966.2
20372.6
24597.1
18332.8
19109.8
19692.8
29502.5
26064.9
19860
18048.7
13434.4
20111.4
11247.4
29032.6
18686.6
18124.3
29093.5
17696.6
13613.9
28579.3
15297
34900.1
26622.7
11995.2
16891.9
36071.2
35923.3
18147.5
9564.88
27227.8
12524.2
32160.3
32584.4
19637.1
21422.3
22299.2
24306.5
23114
22295.2
24362.7
20107.4
17207.6
32306.6
22606.5
14271.5
23927.3
23506.6
32327.6
14267.4
27111.8
34888.3
15583.6
24172.4
13167.2
29798.2
15588.9
17862.3
15839.6
25857.4
26924.1
17837.6
22301.4
40881.3
23123
36357
15290.1
28845.9
21989.4
39137
7133.28
40225.8
11104.8
11701.8
20181.2
17404.7
10536.7
30957.2
28016.2
19478.6
32935
13248.5
15481.4
31635.2
20132.8
27567.1
38731.8
4001.04
15302.4
36438.7
23436
15966.4
8384.64
32461.7
17458.5
13550
28088
13380.2
22928.1
12868.9
13350.2
16958
27997.4
18149.8
12897.4
22519.8
11983.4
15387.4
21353.3
11026.3
24678.6
18312.8
19276.1
9724.88
23843.2
14987.9
20951.8
12757.1
19033.9
29017.2
24612.5
17934.7
27690.8
19256
6826.16
21786.4
24720.6
50995.4
26720.5
42901
28278.6
18099.7
13487.2
7188.88
19835
8612.72
37806.1
13496
27515.2
13444.7
26594.9
20685.8
31096.2
18634.3
17469.4
24173.2
26415.4
38564.3
16949.9
27727.8
23174.9
19418.7
10941.6
23394.6
7705.44
23435.1
10158.2
34035.3
9865.44
19266.9
28383.7
22783.8
8555.04
12634.1
33158.4
24719.4
27682.8
24254.9
24123.2
32725.1
37314
39598
20962.8
10438.1
26636.1
17878.1
23800
31597.8
17161.5
35348.6
23225
21709.7
10326.3
27049.6
48677.6
14824.2
28772.6
22246.6
24778.1
36978.1
18040.6
22330.9
29182.2
18977.1
40513.1
28216.8
13208.6
11175.6
44013.8
11517.5
15906.5
26499.9
13659.2
15099
18862.6
26098.1
28363.4
19250
36475
18124.6
17583.4
51035.8
17816.4
21266
32440.2
28005.3
11823
19219.1
25648.5
28630
24295.4
34439.4
25956.1
27737
21351.5
19026.7
14463.4
18677.9
43126.2
10901
17619.4
33186.4
21762.6
22030.6
22180.6
15993.6
26231.8
15092.3
39266.5
29283.3
9096.8
16552.5
9143.04
14263.9
33265.3
16706.9
13169.8
27673.1
14443.6
17770.6
12941.4
27838.9
15488.2
23126.6
17172.8
15182.9
27938
24094.5
20609.2
15346.2
28951.7
11101.1
37950.1
11801.5
21670.5
9029.36
27713
8886.48
10557.8
41242.6
21563
26485.8
20590.1
7002.16
12969.8
10623.7
22682.2
17840.4
25580.9
12657.4
27977.4
17330.5
5825.04
12323
17646.1
20631.4
18033.6
24511.1
24131.4
34401.3
31962.7
22864.4
24989.4
16922.8
22552.9
23482.2
10345.6
14608.5
32143.6
43043.8
15647.4
19340.9
16114.4
14704
19762.7
14539.4
24706.7
10171.8
12198.6
24816.7
28557.6
26947.3
23594.4
18687.5
22342.2
13538.2
21842.6
33430.9
16312.2
8454.24
16622
23644.3
26994.4
12556.6
13949.6
9397.2
18511.5
19892.9
12101
12446.2
19424.6
16924.8
11713.2
6107.12
17116.6
9069.68
20825.1
13258
12921
18883.8
18752.8
21461.3
19937.9
13289.4
21400.6
22087
7741.76
26868.9
19877
11347
11880.5
22540.6
11926.6
22078.8
17071.8
9901.04
33804.6
35872.9
5982
15760.9
28863.2
18800.8
14708.9
32261.1
18816.7
14423.4
10452.5
5269.68
9395.92
27864.5
33947.5
23733.8
14021.6
20066.7
16058.2
15663.5
35726.7
25169.8
23814.6
9644.4
19308.9
17946.1
21997
9632.88
33220.3
23683.4
39332.6
6853.92
13314.8
15591.3
18585.4
20598.6
10649.9
38908.4
31425.8
23868.6
12355.3
16042.2
15160.3
27570.9
14675.9
28949.8
12639.7
11143.8
36499.7
19531.3
28028.6
11360.6
26544.9
13616.2
36752.1
8019.36
27949.7
12768.7
29600.7
25235.4
10635.3
18745.8
16516.6
20872.4
22780.6
28370.2
15897
21258
33443.4
20415.3
26119.9
18422.2
17515.8
13109.3
9113.76
8161.52
14719.4
13119.2
32950.2
18418.6
20345.7
20605
10039.1
12474.6
12455.6
26719.2
46481.3
15675.1
21637.7
17078.5
32487.2
13309.7
11148.2
13485.5
21513.3
7235.28
11110.5
13991.6
14174.2
18993.4
7716.48
19692.2
19139
22438.1
20068.9
21562.2
12344.9
5759.2
23725.6
18513
11982.3
20398.4
19092.8
13667.8
18413.7
8696.64
15770.3
16162.7
17701.5
18657
21478.2
17636.3
13741.7
28301.2
26838.3
24083.8
8691.6
12316.2
9156.08
13098.5
10666.2
21899
11414.4
18378
11043.8
26717.4
20400
19599.5
9234.56
14038.1
16666.5
14884.7
31132.2
28267.6
7192.32
15543.7
13871.5
19303.9
14571.6
21210.3
37528.7
29791.8
5737.6
18412.9
17966.5
10551
29730
16705.5
35239.8
12227.9
22026.2
21764.4
10794.6
32140.5
20516.3
20250.2
24613.8
14005.1
15501.7
24326.2
19610.3
11688.3
36035.9
14713
28565
17681.2
14672.2
11981.8
30097.2
31490
14281.6
9976.8
9766.48
22459.8
9592
26758.2
43439.7
18335.1
14147
21447.8
38446.2
22734.7
13370.2
10709.8
9317.36
14237.1
12277.5
9638.08
15078.5
46390.5
20215
11112.3
20063
24479.4
30784.3
12798.4
25957.3
19510.7
12431.8
19215.4
26758.6
30473.3
27828.6
22005.4
11290.5
8739.6
16736.8
19383.4
30163.4
9777.04
13746.8
15827
14792
12067.3
10661.7
14433.2
34776.8
13337.8
19696.2
21659.5
11607
8311.44
16433.8
19697.4
21033
25600.1
11933
27179.2
10841.8
9774.56
22223.3
10523.6
18627.6
8897.52
15285.3
23466.5
20271.9
13510.6
19806.3
16585
21839
18075.1
19158.9
21759.1
21657.9
14474.8
19531.2
15159.2
25676.6
22215.1
33461.9
21692.3
34783.8
12590.7
10129.2
30664.1
21957.4
19783.8
18615.4
22833.3
10079.3
33662.3
15409.4
28428.7
15666.1
11127
11694.1
17062.6
15338.9
29746.6
11598.6
8911.36
12919.3
11678.7
30507.7
18163.7
21841.8
13232.3
19988.4
22416.5
16447
7301.76
32748.2
20807.6
23325
25898.7
13139.7
9294.8
18215.8
8612.24
25503.8
28637.3
16994.7
40475.5
33251.4
21367.1
9129.84
23056.6
20835.5
40011.2
20497.9
11001.6
7784.48
17424.2
25797.4
26940.9
15031.1
11094.7
17027.5
14663.4
8621.36
31987.5
31903.9
26647.4
10638.6
13734.3
24907.2
15285.8
19658
24723.4
16950.4
17026
36539.1
17317.7
13066.4
15089.1
8501.36
15920.9
23461
17651.1
24644.6
30609.7
29886.2
13968.3
28831
15584.6
17445.3
14035.5
14928.7
14553
17740.6
8644.08
37578
18129.8
34460.7
12971
26997
12788.5
23233.7
12894.8
17771.5
14066.7
17960.7
23233.2
14348.8
19703.6
9519.84
29073.3
13120.3
20417.1
12577
17695.1
11257.7
12397.7
27237.9
12942.9
13589.1
23225.8
13924.1
6251.6
11660
18620.9
18325
19219.3
27060.2
9797.44
14022.2
12993.4
20396.1
9098
13404.4
17897
23296.7
14561.8
24220.1
20059.6
22369.3
16284
17446.6
21895.7
9184.88
12247.4
13971
17915.9
23266.2
23234.8
8231.68
32675
11877.2
10437.8
18950.6
14247
18891.5
14103.6
56991.5
15294.2
27847.8
5404.24
14085.1
14891.5
14972.5
18933.7
8962.8
20459.6
23289.5
10685.7
15852.6
9181.2
7170.08
17809.9
21618.1
22499.4
14547
31871.7
8833.76
25659.8
12898.6
29895
10364.7
14856.1
12541.9
13661.6
18606.4
37896.3
12409.3
35564.6
23344.7
7559.76
19593.3
8240.96
23189
21279
18269.2
24883.2
23141.5
38820.7
29103.7
12264.2
16179.7
14964.2
9266.96
26676.3
11531.7
21971.1
8404.96
21399.9
21739
6717.04
15299
22343.8
28275.7
16399.6
8708.32
14876.5
17991.2
11177.8
11651.2
14636.7
17737.5
24438.7
26647.5
12194.3
8249.6
12062.1
10026.2
10324.1
18272.6
32988.3
12769.8
17319.2
6522.56
19826.6
8729.76
27398.2
13612.5
19241.2
8455.52
5958
15867
25828.5
20669
14942
21979.8
9092.48
14306
31193.8
27252.6
11753.8
13754.2
8177.68
27455.4
12755.4
39148.4
10833.7
17819.4
11943.4
27570.5
21733.8
11576.6
12970.8
20644.2
28524.7
19624.7
15716.8
12454.6
33150.6
16833.8
13505.8
10095.8
11338.8
16639.4
36394.2
13056.8
6784
12192.6
13532.7
25521.1
20376.5
17625.4
27722.6
22828.6
17818.5
15301.5
20012.8
21307.3
24340.6
20636.2
12470.7
28572.3
25499
8686.88
26002
19382.9
18543.1
15408.8
27387.6
11109
21064.3
25216.4
16653.4
13778.8
14294.6
22355
7276.8
27390.6
14113.4
18230.3
11738.7
18388.8
15826.6
10372.1
17765.9
17531.8
25823.7
29052
12793.5
19638
14648.2
22701
25281
22573.8
15354.6
16871.9
32479
25689.3
20976.4
8496.96
9230.4
38889.8
25530.7
22987.6
31041.9
19854.8
21859.1
49875.1
14305.4
19563.2
22892.6
13090.8
12560.8
25874.5
15553.2
14114.2
14235.2
20321
23882.7
29845
21035
11908
20577.3
14994.8
18905.1
21537.2
18410.8
13041.9
33903
28640.6
20410
15241.9
19058
15446.4
21929.4
9393.92
8668.4
22285.1
12101.3
12116.6
25794.2
13781.7
13731.8
13236.3
5613.28
13496.2
14050.2
8008.72
24035
15591.1
19440.5
22653.3
30058.2
17359.8
5770.56
10372.2
26752.6
25012.5
24522.6
18565.7
8759.12
16715.4
6762.32
5552
23767.1
20187.8
11242.8
13700.6
15562.4
24255.7
6874.96
7222
9209.84
6064.64
17620.2
11626.2
33240.5
8884.08
19523.7
7075.04
7423.92
5195.52
9985.52
19255
38372.3
17834.9
12830
38067.2
28750
35834.3
17133
15162.2
14126.7
20517.6
12781
8830.08
18038.5
28921
11926.5
34703
12533.2
22708
31246.2
16243.7
12254.1
18835
22209.8
48355.5
22157.5
8519.68
8262.08
10478.7
14301.8
8427.12
14123.4
27125.2
13805.3
21759.9
21568
16577.5
16744.6
10188.6
15813.8
17246.6
18249.9
18798.1
15558.4
8149.44
22073.7
10595.3
21972.9
33297.5
21095.3
10127.5
22147.8
18558.9
20928
32599.4
8384.48
22997.1
24409.4
18053.2
19973
8583.6
14611.2
11004.3
13326
13263.1
33519.7
10427.3
7332.48
20185.6
14782.6
8194.96
15852.2
9819.28
14691.2
6732.88
27943.7
22933.9
7835.76
13181.8
25165.3
7411.52
16881.1
11386.4
8843.52
20981.6
12809.1
26530.9
13455.9
8821.92
15620
28987
11780.2
22825.3
18559.6
21458.8
21894.8
9734.56
18933.4
16435.9
9983.6
8488.08
15797.4
22980.9
26806.8
11165.2
6922.08
9082.64
31842.7
11847.7
27229.4
8104.32
16897.1
12381.4
21025
11987
21540.4
22193
22434.9
21905
15011.2
13350
13063.9
8602.56
9093.6
24735.4
33230.1
8920
11381.1
12816.1
7776.88
14369.8
12119.2
16228.4
13079
14929.2
11795
12395.1
13112.2
32361.8
11446.9
15240.2
15740.9
21131.8
8299.92
26341.3
9129.52
11708.1
7607.6
12624.6
7920.24
37218.4
12491
13747.2
13545
23956.5
8560.4
9485.68
12652.1
13956.2
10583.4
14831.2
11471.8
9084.32
22906.1
19750.1
11096.6
33089.9
18846.8
30857.7
11454.7
8488.16
9026.64
16201.7
18785.7
13797.6
20554.8
22325
18138.3
16449.7
37952.9
42383.3
13185.8
29795.8
34633.4
23059.5
20624.9
26355.4
25296.6
28105.4
15984.3
13032.7
41830.6
11382.3
28545.7
8773.44
11841.8
25450.6
7141.04
18302.2
18681.9
9537.6
6584.16
12774.2
14248.7
18813.8
15028.6
12153.4
21657.8
11026.2
21879.8
17067.6
12541
19385.6
17379.4
7679.6
17372.2
32413.2
10443.4
19478.4
4345.2
14855.1
26710.6
13852.2
12695.8
11074.2
24593
13408.2
11236.3
16335.4
15804
20910.2
48942.4
25716.9
14237.2
12699.2
12198
27575.6
22830.8
27011.2
27955.8
16665.2
28597.8
16865.6
31982.6
11117
30351
15760.2
8732.56
19853.4
18553.4
12308.2
34959.1
22839.9
10465.3
22195.4
34486.2
25603.6
15532
19216.7
26121.2
9788.08
23403.7
24065.8
24970.2
47204.3
35918.5
17122.6
21142.4
25480.9
19248.3
22313.8
13379.3
14745.4
11141.7
17087
28176.6
27759
26812.1
11742
15275
9616.32
19685
13378.1
20949.8
13825.1
21082.6
10636.2
11924.6
20515
14041.8
16490.9
13600.5
20719.2
6790.4
29357.4
21111.8
22628.6
10544.3
18744.5
12223.2
19809
21778.5
16690.3
15098.3
24843.7
9062.96
15028.4
27797
27360.3
24171.8
18431.3
9766.64
12364.4
33994.6
7890.96
20726.6
12294.2
16377.1
28207.9
44573.2
13163.9
11320.7
33790.9
25238.3
11617.1
15882.7
33266.2
10036.5
21272.2
14625.8
15851.7
17116.5
26501.3
30928.6
14404.6
19170.6
12698.4
25948.7
17845.7
19482.6
18235.7
51492.6
11584.4
13873.8
15810.8
16313.4
20484.7
26277.8
26279.4
26797.4
15533.4
25114.1
23643.5
18766.2
32962.8
16370.3
25381
18789.4
18187.6
6931.52
17458.2
28984.6
23068.5
15067.6
9083.36
13334.3
19740.4
12795
24375
24769.5
17287.4
15134.5
37296.9
7577.36
21784.4
13279.5
20158.9
23513.7
12846.6
28883.1
17268.6
9026.32
18791.4
10193.6
22977.6
23169.5
51767
23937
8428.16
21070.9
8551.84
23962.7
18014.2
8956.56
33490.5
20008.9
22462.6
13020.1
28098
20517.9
8924.88
15617.3
19170.7
7832.24
28639.4
28251.6
25970.5
14947
23914.7
10631.8
14885.3
23847.9
24429.7
11953.7
25011.8
23332.2
12861.1
22359.7
21254.1
18898.6
46971.9
9111.76
17571.8
24416.9
38712.2
25742.9
15928.4
23020.6
25002.5
13371.2
15960.1
23104.1
12410.2
34123.9
16329.6
17069.5
29373.4
20631.8
25617.1
22966.1
30181.4
20389.8
26549.7
20420.9
32009.4
19895.8
17208.5
17940.2
39892.9
17975.3
18273.2
15530.7
31116.2
11612.6
28560.8
37036.9
18309.3
28607.4
28415.1
26489.8
32706.7
19970.1
20587.4
37819.5
10795.4
25475.9
29691
13657.3
22828.8
13586.6
7699.68
21328.4
14082.2
22498.6
23908.6
20966.1
30143.1
25517.7
14720.2
22020.8
19305.8
9574.24
22916.6
27300.6
22058.6
28254.5
20786.3
16303.2
33925.5
30993.3
25517.2
17471.4
17675.4
20439.4
15347.8
14129.1
30745.8
13345.9
24132.6
28682.6
38367.2
39746.5
53821.7
10841.5
22345.5
35522.8
21489.4
22112.2
13174.6
36119.3
16410.9
14493.1
11179.8
16720
21197.9
15863.4
31409.6
20064.1
12551.6
13487.2
17444.1
28708.2
17957.8
39452.8
20446
17516.1
18071.1
6278.24
16362.7
28804.2
28563.4
23821.6
20577.4
30249.8
19832.7
13514.4
16427
16446.6
32731.4
23041.8
22136.5
31163.1
30275
25608.2
25522.2
21143.1
34830
22220.9
39462.6
15671.4
18197.5
26499.8
28751.1
25938.8
16967.4
22782.5
15790.3
30388.6
42874.2
36444.5
20643.8
35838.8
41997.4
14631
16236.2
22612.1
16061.8
22496.1
25825.9
21176.2
23813.9
33396.8
35195.5
18499
14974.3
20378.5
36325.2
33176.8
12393
26548.8
9210.8
41963.2
22191.7
24659
12739.8
20006.9
29411.9
20077.3
22628.9
24275.7
9931.28
13359.9
30474.6
47288
12668.5
28626.9
20186.6
16390.2
10878.3
11545.2
15545.3
29999.2
23058.8
11371.4
10930.7
17099.8
26465.7
34164.6
18532.4
10771.3
34249.4
15223.6
33418.6
26154.4
13211.6
27743.1
32937
33418.2
35595.2
23771.5
12273.4
15992.8
15038.7
28876.5
23251.1
14058.3
25739
12539.7
25891.1
23217.9
19487.6
42510.8
20750.3
12871.2
21299.8
31130.4
27942.2
46263.2
24535.4
27748.7
22317.4
20727.6
26680.5
22602.1
19488.6
8618.72
37534.6
35862.6
14102
21708.3
22981.3
20643
28043.1
19547
35772.3
37605.8
30457.6
28157.3
12630.7
32850.1
10692.7
19545.8
32970.3
22028.4
19647
31968.4
18149.7
32720.4
9832.8
29759
35078.6
15533.4
25206.4
25127
17776.9
30587.4
12744.5
33775.4
25892.7
20835.4
27687.4
27644.4
16765.8
18389.2
18985.4
19348
24539.1
19386.6
15704.2
21143.2
25757.1
37303.3
17562.5
27347
33281.8
11832.6
19594.4
13860.9
17622.9
39582.6
21044.9
49268.2
12111
10324.2
34521.8
18785.6
31158.6
14559.5
24782
33462.7
37378.2
22803.8
15918.5
22372.2
24754.1
25835.4
10498.2
17387
36313.1
24058.3
32487
9622.4
10265.2
21033.4
22533.4
19080.1
20215.4
35119.8
21856.7
23362
31852.8
29269.1
21797.7
49606.1
14372.7
53506.7
14776.4
19082.2
27669.8
28650.2
27884.4
26647.9
20034.6
35762.6
18675.1
19085.3
31886
28724.5
25050.3
10725.8
17214
11408.6
22492.1
36377.8
13717
15780.2
22273.5
14092.5
20655.9
24414.5
49460.1
19515.1
26397.7
16758
43857
19240.7
30458.9
16879.7
19469.2
22504.6
11567.9
14762.8
31482.6
38058.6
42482.8
19251
28313.5
25340.2
45524.8
26382.2
25035.2
13706
21806.8
22039.4
28012.9
12619.8
19792.8
15466.3
15314.4
13274.9
12757.8
38873.3
12216.6
12613.3
31356.5
16773.6
20921.8
26729.5
6846
13861.7
25637.8
29216.9
16095.4
11120.6
11689.8
22756.4
41609.6
24850
26558.5
23935.5
28153.8
14378.9
33737.4
15014.9
22134.1
13692.6
38560.6
30557.6
26757.9
14108.9
18186.8
15860.6
19389.9
31666.2
24868.8
23084.7
11885.8
8726.8
15442.2
12549.7
12988.3
43392
9073.6
18917.9
26902.6
19843.4
11596.6
17610.8
20030.6
22401.1
17611.4
12765.6
37139
13029.4
21269
16263.6
26106.9
21374.1
13743.4
21562
17656.6
14729.4
36019.9
20812.8
11923.6
20994.4
22888.3
7169.84
18230.3
38822.7
10466.7
14206.6
20526.6
14362.8
12853.1
18101
19734.6
17301.4
9046.88
13815.4
13494.6
17942.3
9758.72
28524.6
18661
10501
12631.2
5587.92
8326.96
9031.04
34440.1
14004.3
20010.1
20423
13177.6
21359.9
14682.3
18654.2
26866.5
38784.4
19954.6
23758.2
17853
14475.3
34819.5
9677.76
49937.1
20971
45368.4
9411.12
26570.3
20687.5
46981.4
25564.8
31215.7
34082.5
22242.1
17633.8
20950.6
28591.4
57422.5
16029.6
15519.5
21956
38078.5
29069.5
33214.7
16946.6
28727
32399.6
28112.7
33029.4
17775
15950.1
28546.9
13182.6
15449.3
25025.4
23888.5
28385.6
28734.3
23134.8
16017.4
40727.7
15199.6
29084
17145.3
28618.7
18585
17796.7
16733.5
28429.9
27119
26471.9
13790.3
15569.6
9282.16
20174.5
38992
15132.7
23586.4
7522.24
11179.5
25459.6
11302.8
4938.56
21644.2
33787.2
22998.4
21585.4
16750.3
8421.04
26535.1
36501.3
19439.1
19876.4
9631.36
13526.7
18078.1
24184.4
20870.5
6263.04
14303.9
20460
24093.7
14127.8
25881.5
12824.7
18244.9
21203
19138
32855.1
21869.2
11587.5
8171.12
23387.3
30625.2
8641.44
10630.2
17520
10384.5
14618.7
26729.4
6947.52
9802.16
11848.2
18369.8
28749.2
14634.2
27595.4
13329
28116.6
16841
28907.8
15391.8
26931.4
13686.8
13152.5
49463.6
14327.5
12521.5
14195.4
17666.3
24687.7
13473.5
16682.1
17288.7
6578
10729.5
17093.9
29494.2
11214.6
15001.7
21140.5
6293.28
12211.7
28666.6
5591.44
13171
41433.4
6553.76
8092.56
30429.9
16657.2
28054.8
22805.1
9203.04
17295.5
9582.16
12418.3
19961.4
6979.52
15614.6
17059.4
8446.96
7637.6
19592
15100
15653.4
14916.8
16982
13240.5
23079.5
27356.9
10991.1
9810.8
10017
6576.4
23592
12571.9
15250.8
24150.9
21804.9
18097.7
13138.2
19662.5
25279.4
14528.9
21244
8938.56
25269.7
28058.2
26570.5
10921
10083.9
23848.4
23003.9
36358.2
40861
20771.5
24692
13416.3
20244.4
17163.7
9616
17268.6
16609.4
13124.1
14619.5
30277
22540.1
17244.2
14074.1
9479.2
15839
14655.4
26919
17863
11393.8
16434.6
40563.8
6250.56
18237.8
16251.2
10853.9
24127.4
9600.8
45652.5
28905.9
21081.2
20675
15928.5
6610.96
31527.8
9462.72
28751.1
29732.4
31698.2
16698
24807.3
8419.76
17143.2
22286.1
12290.6
14266.5
29982.6
19108.3
37830
10851.8
5358.64
9438.72
8864.8
21506.9
21330.1
20172.5
13294.8
17100.9
22598
17677.4
27759.7
17750.6
15215.2
24859.5
21817.1
28513.5
16011.9
30952.3
25798.5
43303.4
6881.84
16923.1
22290.8
14762.5
18879.5
11598.2
10499.3
16925.4
7490.16
41449.4
11215
7180.56
19921.3
25254.4
10136.7
4533.52
17012.2
25552.5
20114.2
22437.4
13305.5
8531.44
23221.6
10385.5
27147.8
13807.6
13124.6
13197.6
6315.76
25581.1
23593.1
11189.5
14343.9
9135.76
13173.5
13384.7
19452.2
32024.2
11645.2
12476.7
20227.8
29380
7885.84
28764.5
29147.3
11499.2
11969.6
22639.4
18211.1
16076.1
39650.8
18229
12643.8
25170.2
19864.2
8384.4
18294.6
25859.2
26446.3
9800
9612.64
9912
17949.2
26727.1
12943.4
26362.2
18208.2
24392
20144.4
9889.12
23980.5
24662.6
26773.7
9686.08
26194.5
13911
22621.5
8987.52
14035.8
8605.6
10963.6
26446.9
23586.3
8269.44
11896.6
45883.8
17361.3
16821.6
34603.6
13694.1
10085.9
17731.8
17603.8
10500.7
9400.56
16954.1
10063.6
19021.6
12577
24636.6
18475.2
9337.76
22393.8
13659.5
6943.04
19342.7
29943.4
9530
18080.6
11931.8
13582.7
10939.8
15967.3
18470.9
19484.7
14512.6
12338.6
6907.44
11369.8
18415.7
15225.3
7555.2
27850.8
29845.4
10666.8
11326.5
33402.2
15574.6
9812.24
11052.7
19826.1
15279.5
11279.5
14790.2
11267.3
16283
14533.4
12478.6
19471.1
21352.2
11243
11807.5
7658.88
13562.1
10668.5
45097.9
22957.6
6495.52
19222.2
34793
32179.7
31581.2
15975.8
21311
18860.1
12006.5
28057
16801.6
29685.5
23161.2
20465.5
17363.8
17143.8
12416.6
24835.5
13034.5
27621.1
26708.7
16868.7
12917.9
15099.9
37743.8
23503.8
9718.64
32827
27688.5
16215.8
21443.6
18931.1
17457.9
32611.8
11167.7
23769.4
20123.8
20476.2
14132.2
15291.5
25755.1
19016.6
16505.8
23704.1
25529.1
25607.9
17703.4
12465.8
23507.2
16776.6
21425
26858.3
31983.1
15385.4
24441.7
15386.6
14265.6
26328.6
39431.7
25562.2
19641
27283.7
15689.8
13959.7
35535.4
13598.2
10004.6
11116.2
14814.4
34513.8
21503.8
10481.9
10313.7
21861
25581.6
20802.7
30846
28097.5
31775.7
16576.3
16330.5
22901.4
33518.8
19955.5
11902.7
11280.7
24883.3
31461.8
11974
14810.5
15631.5
17636.5
18800.5
24795.9
21025.8
19375.7
12893.2
19683.4
19917.8
29404.6
24004.8
6268.24
18280.5
27004
54029.4
27880.4
18088.9
23321.5
18669
19210
21052.1
7732.08
20785
11763.3
16087.1
29052.2
18433.1
25110.8
24629.3
20406.2
12134.4
22055.8
15739.9
24447.4
38574.6
32461.8
16531.2
14349.4
33552.5
28306.3
40015.2
15309.4
19542.7
10990.8
14685
30816.2
32793.2
13521.4
16562.7
10199
30515.4
13580.2
19773.2
25750.5
32542.3
17228.8
10020.6
19910.6
17367
16277
21687
16344.3
15213.7
19005
15540.1
23001.7
8143.28
11397.8
26870.6
32108.7
8768.48
24648.8
12755
10401.3
12133.4
34311
9631.04
28579.4
6700.88
19397.3
16360
27988.3
25533.4
28737.8
28439.5
9564
24878.8
18443.4
33151.4
11399
12691.2
53440.2
20306.3
24909.4
21605.6
39143.8
16956.2
17947.1
6460.8
8341.44
10383.6
25161.9
19748.9
11930.4
16639
17678.2
17822.6
12395.7
21238
21098.2
9991.44
33232.2
16027.9
22179.4
8511.12
8672.08
47096.4
15609.8
9923.44
26268.3
14555.4
17386.3
39903.3
22616.7
11786.8
21259.6
43465.4
14395.8
14473.3
19014
26227.8
26216.8
15338.9
30175
19372.5
9312
29659.1
29206.5
18600.6
22376.6
26904.3
23402.3
41791.5
22053.5
22095.2
36908.9
22152.2
8636.08
14281
20844.6
16225.4
8624.88
26128.1
19085.3
17873.8
31127.9
22056.8
29471
30831.8
27707.8
18762.5
8756.32
39038.8
22981.3
25654.1
30715.6
7897.28
10937
44716.2
37136.6
40653.2
31685.3
24231.6
30339.4
16670.1
35844
35128.7
43790.8
15512.1
22876.9
25769.4
19275.4
13884
17963.4
28246.3
29708.9
16444.8
9398.72
23983.4
26392.5
21387.5
10566.2
28883.1
16634.7
13152.5
10458.4
20233.5
14096.2
13099
7547.44
25635.7
11769.9
12037.9
31415.9
17027
8761.04
14423
24668.9
19547.8
15529.2
12244.2
14430.6
28702.2
48847
13623.4
28077.8
30553.6
10408.5
16634.6
26662.4
11105
17641
29685.7
20722.2
21549
18059.4
21719
22824.3
15240.9
22873.9
27604.8
25889.2
5101.28
15739.1
13731.1
23232
22322.6
15206.9
14925.1
15154.6
6575.04
8325.76
10324.4
12151.6
12522.2
20050.2
10869.5
15470.4
24857
13477
22526.4
28674.1
18614.3
14398.6
12211.8
16568.2
14890.2
8286.88
11524.5
30457.8
15745.4
20668
8048.16
22205.2
33166.2
22305
13299.8
36154.4
15218.1
36511.1
29752.2
13905.8
27409.3
21361.3
35204.8
24296.2
28581.5
21225
18227.1
20866.9
19365.8
19897.2
24262.3
25679.5
12082.2
10740.4
23180.2
25103.8
10723
16213.5
32866.7
15200.3
18977.2
12696.8
24938.6
23405
40915
27356.8
8147.28
40767.5
28165.9
23310.4
11777.8
25655
14853.5
24571.2
15998.8
21092.1
29192.2
31574.9
18318.3
22178.3
23122.1
10911.3
32208.3
33557.8
32501.8
11378.4
36711
19056.6
20281.7
17225
29930.2
22762.8
20643.4
33811.4
28780.4
31951.4
31622.5
37904.1
25959.4
25581
19085.5
29656.3
30783.4
26106
29845.8
30902.6
21966.5
24619.5
24046.1
15108.2
23590.4
22065
14796.9
27505.5
26459.2
20460
30268.5
26788.6
27111.1
13161.8
17478.8
8823.6
34094.2
25537.9
29553.8
37669.9
34081.1
17632.4
16209.5
36624.5
36849.4
26796.7
35461.5
29170.5
32697.4
33386.6
20704.6
24528.2
32113.3
17848.1
34403
24918.4
34211
21449.2
31670.7
11326.3
21309.8
20246.8
15581.8
40298
20836.1
10413.9
14853.9
12665.3
12943.3
25576.9
31077.4
20072
24282.5
24659.8
24110.3
24518.5
25501.4
14753
10743.4
16371.8
26841.2
20662.6
15691.9
25024.6
22445.9
7622.24
16056.7
10247.3
21797.4
20672.7
23020.6
8922
16324.6
28829
18338.1
20736.2
6574.48
22843.4
24709
31952.3
33575.9
9264
8139.84
7246.4
14450.4
12549
11320.6
10153.2
11758.6
30984.2
14354.2
35089
15308
16136.5
21802
21296.4
9721.68
26150.7
26160.6
24125.2
24652.4
24217.8
15044.5
23661.8
9458.32
38834.5
15028.1
19792.6
23124.3
21468.6
27242.6
11273.8
31567.4
41445.8
20221.7
19506.5
23217.8
24415.3
43728.5
22812.6
28906.2
12987.9
13628.4
24980.7
40209.4
16433.4
32605
12049
30345.9
19779
36939
26432.6
23669.3
23714.3
22942.2
18601.9
42582.7
16866.2
34226
11399.8
15545.5
19813.7
31208.9
27843.5
34166.1
11385
14092.4
18644.5
35837.8
24253.9
17073.3
15907.7
15283.3
15021.7
18780.8
42131.8
39909.9
27292.2
29757.7
26120.1
37912.2
13578.8
17485.8
26170.4
19466.3
27224
30706.2
31270.6
12179.8
17167.6
19344.5
16478.5
12147.8
19823.7
9766.88
12118.2
24864.3
19792.7
34983.4
22944.1
34556.1
18400.6
26651.3
24451.9
24467.1
7048.8
29464
25503.2
6881.44
29014.2
16464.6
26430.7
21343.4
15129.4
23184.2
25639.9
22641
10416.2
9650.32
24764.2
15095.7
17667.2
14881.3
29482.8
16930.2
19682.2
16804.2
32270.6
9705.12
12760.4
30935.2
16505.2
25639.6
12146
12969.5
5802.88
28951.6
8979.2
27377.4
24413.4
16167.5
17871.1
17252.6
21815.9
17012.1
30238.4
19363.6
13772.8
28792.2
26544.3
16431
20938.9
11358.4
14915.8
34197.8
18510.8
52372.8
47053
16685.3
29072
26529.2
23062.2
22834.6
18066.6
25347.2
17393
9514.72
16286.7
27695.5
23844.5
13382.4
29332.9
20871.5
13228.7
30555.6
35400.2
29121.8
26405.8
33273.8
14480.5
17115.8
19799.3
20603.2
18794.6
21095.5
7947.84
34260.8
30383.5
25966
25611.4
8497.12
19768.4
10094.8
11153.6
33621.1
23205.6
40519.2
23973.8
13423.6
22609.9
13410.2
25629.1
21570.6
25312.5
31072.3
29014.5
20184
19854.2
16080.1
16848.8
21073.6
12195.8
14719.8
25430.6
14617.4
17527.4
17147
14275.6
14825.5
10067.7
25654.4
17409.4
12428.1
16121.4
41161
31035.3
19724.8
11231.1
14840.5
9539.92
28651.5
11361.7
14939.8
25264.3
15145.1
18781.4
12337
37693
34439.8
28294.8
15785.6
13397.4
8586.16
20241.3
14797.9
8836.08
25209.1
11232.6
13724.7
15917.8
15639.8
28989.5
16082.5
18522.1
17292.7
14908.4
15205
17019.9
26692
16612.2
29041.3
11720.7
21382.6
18861.5
20312.4
29909.5
17210.6
11261.9
13990.2
6309.04
8943.84
26121.7
14673.2
10415
47250.5
21770.6
10246
32588.3
33529.9
19252
17251.7
22188.8
21109.6
17465.8
29484.3
22829.3
27578
21598.2
18102.3
20219
15325.5
23719
33704
22791.2
17141.9
15675.1
31712.9
10150.3
16178.2
28816.1
16178.4
31135
23539.9
15954.7
29774.8
18467.4
22270.9
31316.1
20109.4
20108.5
8890.16
10505.6
10939.1
10302.6
17166.6
10490.2
11753.4
11054.2
14650.3
19481.3
13487.5
6616.32
9747.28
13864.1
25190.9
20257.4
15112.5
15228.2
32084
12280.8
12374.1
31197.7
11201.3
8260.08
6378
27504
14646.7
10558.2
16868.6
16832.2
16616.5
32539.2
18265
20418.3
11002.9
13077
30646.8
19569.3
11356.1
11326.3
12078.1
12832.2
28589.6
13731
33591.1
7837.68
14719.1
7168.4
19095.4
6050.96
36171.9
31345.4
16778.1
17015.7
8021.84
22281.2
13495.8
22437.8
18293.5
9399.6
27955
25644.6
20907.5
41573
21014.2
22126.4
12925.2
20428.9
22849.6
19732.2
11467.8
19182.2
25393.4
26502.3
29210.2
18114.1
13759.5
30613.1
24641.7
26635.4
19255.5
18424.6
13041.4
30493.7
27581.2
18204.6
20048.8
29141
18128.1
24050.2
11126.6
30845.7
15460.1
24237.8
23979
14826.6
43281.8
15562.2
14648.6
12056.9
19676.6
10353.2
14211.8
11444.1
17550.2
15430.2
9868.8
23570.5
22289.1
13245.6
28309.6
17916.8
10241.7
23523.8
16163.4
22113.9
27897.7
10845.4
25402.7
28421.4
7240.48
9445.04
21584.3
13913.5
27674.1
16157.4
10689
19984.6
15012
13596.7
11990.7
7463.6
22570.2
24164.3
16531.8
25803.9
6710.56
23568.2
26202.6
25463.6
10071.7
8468.32
25100.9
11033.8
24776.1
13571.8
12271.4
15508.9
11882.3
19669.5
16851.1
14130.6
37192.6
12245.5
15711.8
17243.5
12584.7
17877.4
32507.8
14502.3
19899.4
20468.6
26204.8
19553.8
20659.5
7791.36
12673.6
23748.7
18268.3
17487.4
21175.1
12106.8
11701.6
11920.3
10898.1
6376.16
24026.3
15877.3
18143.8
16933.7
18872.7
13801
17927.7
20369.4
7112.8
37087
7447.12
21651.5
12558.2
13391.5
28291.3
10252.6
23269
29970.5
10654.4
17318.3
13221.8
28372.3
24359.9
8986.32
23738.3
17382.2
15879.8
26677.1
11831.8
12518.8
16556.8
26812.5
15139.4
13169.4
10866.3
10708.9
16974.6
13212.9
15170.6
9884.24
23689.4
12048.1
14188
20028.6
7790.4
17223
14997.8
30075.8
7000.88
14887
14148.2
13467.4
15886.5
22214.4
21908
13910.8
13329.7
20344.5
33506.5
24466.2
10174.9
12941.4
36299.5
21015.4
9220.16
18731
8086.72
12349
18620.3
17402.1
31232.2
17456.2
18695.6
18469.2
12624.1
32225.5
22399.4
16796.2
22111.5
18022.7
15016.5
15989.4
11664.6
10748.2
16094.7
23373.5
20925.2
19239.3
17362
25317.5
19110.8
10385.9
7431.68
23201.7
12017
13138.7
12322.1
40298.9
24599.5
10274
13475.8
11203.4
14210.1
26363.4
29647
18597.5
19287.4
5763.52
25533.4
22467.7
35230.1
9478.16
8256.56
31790.1
19127.3
20267.9
35420.2
13717.7
20149.4
28305.4
20907.5
9856.56
17428.2
19847
22252.5
13924.3
16924.9
15619
34980.2
14724.3
12414.7
21294.2
29727.6
10415.6
20044.6
31009.6
15253
15843.8
14279
27368.8
13620.2
24145.4
14847
22210.5
43457.3
23515.1
29635.6
13066.3
23546.6
19918.8
12843.8
17429.6
28298.7
14061.9
21666.2
9461.92
17194.6
18824.5
15988.8
18307.7
12981.4
28260.6
7092.72
17714.7
18549.4
25885.8
30264.3
23207.1
13639.4
27869.5
17777.8
16016.5
19447.3
27392.3
37932
28768
22389
41422
27974.1
45532.6
32365.4
31580.2
11220.5
26500.8
27944
21716.6
28806.1
25583.8
21108.2
10682.6
32747.7
8931.12
17697.3
42894.3
29661.2
22051
23986.3
16861
28125.9
22198.6
22135
19595.2
16334.3
21201.7
13333.8
18667.4
26429.8
22432.2
13847.7
37254
40096.6
18506.1
18566.2
25700.5
38673.5
17135.2
23909.8
9734.24
18191
33093.7
46581.4
25409.8
17571.4
38407.2
7787.52
21565.3
25802.2
20330.6
35565.1
21903.6
18989
27970.8
32081
24394.6
24698.5
10903.9
17887
20775.8
27407.9
28629.4
22814.7
10906.7
17130.7
33806.3
24046.3
38820.6
24886.2
19519.4
17602.2
16710.8
22163.8
26321.9
30720.8
19302.6
12316.8
16154.8
27218.8
21254.9
24023
15922.4
11503.8
18954.2
15538.7
21829.8
9548.72
8197.36
14059.4
22943.8
23652.8
31767.3
21815.5
31398.7
25473.1
17317.8
39057.3
21402.7
19767.4
36615.8
28681.9
20240.2
20343.4
19505.7
11439
11342
9564.24
10460.9
12618.2
16166.7
17076.6
38069.1
12600.2
21714.8
46185.8
23602
14772.3
17057.2
9091.92
20756.1
18337.2
27918.5
20671.4
6696.64
14585.8
33179.2
8786.56
15969.8
15771.5
16407.4
21639.4
41459.1
8099.04
18958.8
21820.6
12081.6
13935.1
14622.2
16255.9
23990.4
12558.4
20710
21169.6
25117.4
11621.4
8716.32
25067.2
29745
19703.9
14851.3
12956.6
18759.2
14933
29941.1
21098.3
18111.6
7453.12
15980.1
17651.1
26570.2
35109.9
19946.2
21430.6
21195.2
31329.9
29694.5
20004.3
9669.2
26927.3
10781
17874.8
30671.5
16361.8
20900.6
14145.2
14886.8
30185.1
11541
14753.2
26567.1
12400.3
27019.3
33144.2
12477.4
18230
12334.6
11626.6
19069.8
8747.28
40562.2
30418.6
13171.3
15342.8
15221.8
24437.9
19973.2
13681.3
23059.4
27014.6
16925.1
17160.5
22868
22537.8
37388
12436.2
24309.4
21483
18786.3
30222.6
19475.4
13318.9
20689.1
7507.36
18206.2
10221.7
28158.6
9571.12
13446.4
13697.7
9713.6
9128.24
22939
23744.5
22353.7
4517.84
26059.2
23105.5
13166.9
23549.8
8581.52
9678
31161
11070.4
17161.6
20845.8
19790.6
28140.2
24358.5
17837
23586.7
12182.1
32883.8
26169.9
25520.4
23076.5
23366
11321.1
12312.2
23048.4
8103.28
21920.9
21693.8
25128.2
39585
8730.24
12468.3
18697.7
11541.3
16124.8
18812.6
16294.6
30975.1
48044.6
25611.6
22171.7
16909.8
36923.1
14825
34394.5
24275.6
7096.64
25021.6
19617.1
20846.4
18247.8
28622.6
22414.5
27293.8
18792.3
28416.6
26203.2
19018.8
20225.7
17963
37417
21465.8
15262.1
7662.4
22043.9
17195.7
23536.3
21615
11758.2
42107.1
20375
35085.4
16315.4
33549
18967.5
20148.2
15097
15895.9
12683.4
12720.3
14442
13973.4
15273.4
16896.3
19925.2
11952
33878.9
39188.6
38899.5
17456.2
20674.7
8339.68
47411.5
11835.2
8927.52
19502.8
23681.7
16062.6
29056
36178.1
25511.8
33157.7
5764.64
24813.8
26695.2
20054
20639.1
20031.7
9074.96
8785.04
29065.2
20272.9
22091.4
39726.6
14698.2
16330.1
14756.6
17666.4
28361.8
10962.8
6683.28
13092.1
7024.56
13718.6
38432.4
13233.6
10717
13059.4
8097.84
13868.6
19048.5
23195.1
7319.68
3703.6
21315.1
7352.88
15654.7
37496.1
32670.2
30638.6
11988.8
15034.4
6583.92
26782
15047
27695.1
15451.2
18539
14168.8
14044.7
28816.6
19504.2
17046.3
17287.1
10111.3
11910.7
31937.3
26534.3
30279.4
11057.6
6827.44
11319.3
17969.5
11050.2
9878.32
19352.5
13250.7
17263.4
22026.9
11259.9
17178.1
34357.6
8466.8
17244.2
14451.4
20729.5
10673.1
12629.4
29188.1
9999.44
14868.7
19698.2
26309.4
24611.2
16888.1
11346.9
15164.6
10114.4
12797
15438.6
34436.7
25240
20830.2
16943.9
11495.5
25054.5
7038.16
13073
30221.2
24920.1
19608.4
7782.08
16086.2
12154.6
47732.8
33313.3
14465.1
18948.3
10553.5
17593.3
40243.4
9127.6
36437.7
24434.6
13216.4
7594.56
24031.4
16515
13945.5
11151
24868.1
14507
29695.1
15378.2
19199.8
17605.9
12286.8
21802.3
7903.12
17962.8
11391.7
39187.5
15956.9
16107.4
12531.2
16220.6
5661.68
28767.3
15911.6
14331.9
32652.6
21154.6
28246
21874.2
13825.8
41945.1
6626.56
17147.1
21038
14226.4
28988.7
16311.1
18892.5
17807.8
12640.9
11526.8
13860.9
18783.8
11994.6
22818.6
9208.24
26158.3
22404.8
11364.3
27345.8
24913.1
28159.9
8945.12
12633.4
24074.1
11211
14627.8
8557.12
10256.2
11393.9
9794.08
19632.4
25767.4
24361.8
29855.3
16276.6
26357.3
26266.1
19728.2
16392.9
10426.2
18827.7
24027.1
14588.8
11816.7
6912.48
20848.2
16191.2
14931
25925
18718.5
24254.2
15514.6
19908.2
14274.7
15405.1
12903
10787.8
5918.8
8108.32
14211.8
7790.48
14192.9
10351.8
25010.1
6205.2
33206.7
15286.6
28150.6
4597.36
31452.1
20652.4
15395.2
21700.3
20290.6
19501.5
16721.6
10513
19270
25107.8
16383.1
35080.9
31888.6
15928.3
12936.5
18046.1
16112.3
23323.4
36859.8
14349.6
22466.4
13178.8
13515
8560.96
20935.3
25212.3
13854.7
29466.6
25154.5
50263.3
8882.96
6119.12
17487
22624.2
19053
16185.2
11194
26487
9412.24
19227
15601.5
23249.9
35927.3
16227.8
18409
21183.3
11311.1
11835.5
9944.8
7114.08
15339.7
14408.2
14863.8
21223.7
14972.4
11006.1
10147
9798.64
38993.6
24528.9
13346.8
8955.76
7588.96
9813.68
15352.2
10080.1
21946.6
18083
20879.8
14299.4
22986.4
18154.7
17381.8
11057.8
30883
10002.2
14873.8
18107.4
19719.8
16595.9
13117.7
16928.3
34144.2
12000.5
12721.3
26156.8
16476.8
23355.7
22200.5
10381.2
33271.4
27914.8
12927.6
19379.1
18369.4
12601.2
12319.3
14381.4
11676.4
12280.6
6610.88
19115.1
16456.6
20795.6
48472
11082.2
18489.8
21162.3
23947.2
11477.4
21235.5
31549.1
9650.88
22682.4
6710.24
35099.2
8795.28
10926.4
20906.3
26386.2
24230.6
12506.6
13887.1
17174.7
9750.32
14685.9
10043.4
9065.28
9781.84
30379.3
17375.1
13637.2
11305
32015.9
34045.5
10768.6
11259.7
23471
9597.2
33724
23769.1
16483.6
15594.4
17899.9
11323
32490.2
6543.84
18685.5
24036.8
22161
20105.4
26538
23413.2
16859.2
22971.2
18308.2
20159.9
12660.6
25838
15037.8
12067.3
29499
29051.8
21195
38201
13756
49204.9
22805.9
17114.3
17877.4
12896.8
21586.5
20670
15327.2
14871.5
18609.1
12328.2
22981
28323
17560.4
14286.6
24282.4
27658.3
22530.2
18994.2
11879.6
32844.2
10705.6
15045.5
13690.6
23828.8
8883.92
11969.1
9980.4
29471
15478.2
11712.4
19941.8
15976.9
15447.8
13556.5
10915.3
13716.2
21259.9
17204.4
33466.6
12440.6
33677.2
36529.8
30783.1
34667
17969.6
24297
13532
11853.4
26951
7020.64
13879.9
19598.7
16525.9
31480.8
11595.7
15083.6
13776
16430.9
25857.1
29126.5
7053.04
16496.5
18800.2
22120.7
27106.2
23348.2
22767.8
27352.5
24450.5
20015.7
25164
20799.7
14698.6
30565
14431
9023.76
14865.4
23547.4
26509.2
32516.5
21744.5
13923.8
14494.7
19765.4
18300.6
18559.2
26174.5
18629.4
24304.3
6626.4
20118.6
20726.5
24564.3
16948.4
45069
13442.9
42133.4
12879.2
13803.6
14189.5
12781.8
22093.5
37734.6
8250
24859.9
34761.3
19067.6
21011.5
27204.7
26739.8
12330.4
29888
34221.9
15192.7
11547.7
25727.8
29101.4
25700
29535.8
19901.4
7788.48
11183.9
15744
25646.2
34272.4
18729.8
30715.7
24934.6
21759.2
16904.9
28527.4
33759.9
15577.1
13722.6
25011.3
26417.3
19595
13472.9
41540.4
29007.3
23123.4
32673.1
19810.4
15612.2
9737.76
25135.9
26265
11538.4
30721.7
16471.9
27100
26773.4
13629
16671.8
15083.6
28557.4
18237.4
15995.5
11407.4
19341.5
22476.5
19534.5
20036.2
15361
20044.2
17099.4
11646.7
19132.9
29509.7
16615
9624.24
17000.6
24721.7
24493.1
18255
28442
24080.5
35125
27619.4
22842.1
20639.4
38263.3
38316.9
22905
18843.4
14665.5
29010.6
42126.7
16404.2
24809.9
18993.3
24765.6
29735.9
11788.4
13541.2
19232.6
10344.5
20167.6
10403.8
34120.1
28023.8
11458.1
21432.5
26704.2
13928.7
11219.8
29784.4
27681.4
19827.5
16396.6
12396.4
14667.7
31464.8
13887.8
21017.5
27996.3
20183.6
32577.9
15605
31691.9
28898.4
24814.7
21898.1
11711.1
17426
20746
24759.5
15997.2
19575
29751.8
16747.5
14078.7
12077.2
20371.8
10233.7
17329.6
24676.9
20875.4
29198.1
19645.7
18159.4
12775.4
17339.1
8343.12
20440.7
21231.4
26742.2
19075.4
28379.8
19664.5
9789.76
20350.2
18090.3
16966.3
22342.3
34781.9
9614.32
26185
19140
6956.24
17521.9
31215.7
23725
12187
8014.16
9830.24
12645.3
30159.8
42360.1
19024
10415.5
8615.04
13849.5
35899.5
15766.2
20721.4
14874.1
19333.3
14945.9
9948.08
27157.9
16166.4
6235.76
7167.68
21770.7
18761.2
17981.9
28406.4
18231.2
17026.7
49616.9
22878.4
9761.84
23850.4
15896
20025.9
13043.2
18560.1
24652.1
22594.3
24081.2
16916.9
33937.2
13444.9
24070.2
7483.52
27892.2
33420.9
21192.9
19176.5
23791.8
13194.7
14001.9
40441.4
11359.8
15195.4
28456.7
13848
24980.6
5354.88
31533.7
34049.8
20111.3
22880.6
28536.8
8013.2
15793.3
37974.2
23928.6
24386.2
11275.3
26114.4
11462
27195.9
16912.5
12857.4
15078.2
23710.6
26430.8
16750.1
23405.5
16736.1
33794.3
31925.5
15701.4
16802.4
22022.2
14844.5
32716.2
14103
11439.2
12837.3
14283.8
30136.9
35472.4
21935.6
17301.8
14755
12321.7
11781.6
29682.8
33814.2
13478.3
16891.5
12056.2
6614
27285.2
14607.3
29969
16907.3
8166.16
9726.48
24480.2
19887.5
17305.7
14240.3
11967.3
15891.8
17598.2
26084.2
15511.6
12545.2
13628.6
10169.9
14470.9
10601.1
11683
19118.3
10294.1
16959.7
20686.1
9450.16
8569.68
12919.3
20029.2
10598.3
10432.9
22239.5
14380.6
11927.4
38821.2
16352.6
21032.8
12895.3
13147.7
13509.3
20293.4
18633.4
18519.7
17524
23747.9
20276.2
10672.8
15665.8
22142.6
18772.6
27224
12648.9
14773.8
15216.6
19220.7
5664.8
7846
6592
23737.4
26046.2
15088.9
22948
15928.1
24203.2
15778.2
11636.6
17923.4
17357.8
16212.2
14621.3
17231.4
21493.4
20729.4
17861.2
18170.4
20910.3
37061.6
11976.7
9503.2
29737.2
11186.1
11031.6
17346.7
9916.16
12266.2
14460.8
14315.4
34287.9
14845.8
14705.8
12553
11353.8
18929.1
9391.76
18516.7
7238.16
16416.1
30213.8
19689.8
12746.8
17750.2
9439.92
18614.3
9365.36
16871
18484.6
16288.9
25530.1
6185.68
10340.6
22179.6
23622.6
12261.9
8886.64
10334.9
5441.52
16766.5
19490
22856.3
20949.1
17985.3
20141.4
12987
17315.2
10369.8
9103.84
36515.5
9148.88
14816.5
27014.7
21948.3
25727.8
15309.1
22688.1
16019.9
27676.6
9136.4
27737.4
12557.7
25306.1
32164.1
41554.8
12552.9
14271
14109.4
19208.6
12602.6
11726.7
11086.2
37259.5
13744.7
20357.9
17903.5
15714.3
18804.3
26689.5
6638.56
23565
19747
24329.2
23591.1
7702.32
30070.4
17620.5
10873.7
12918.7
20811.1
14476.3
11761.6
21873
9415.68
29367.8
24736.4
11940.6
9471.28
15205.5
32941.8
17622.6
20322.2
18307
25848.7
17276.2
20707.4
24291.4
22670.9
23668.7
25796.6
20884.2
41692.7
17225.2
20495.4
19644
18863.1
36302.7
12403.2
12645.7
21989.5
17290.6
12227
23925.9
16862.2
15306.2
12807.5
15423.4
20654.5
22546.2
23888.7
33842
30020.1
29435.8
27443
18056.3
14382.7
18744
12969.1
28092.2
9060.24
15747.4
13886.4
37779.9
18311.3
16852.4
21926.9
26956
12877
35407.8
20228.9
27184.3
11553.7
29504.3
33501.8
28767.7
15948.4
15091
18614.6
15126.5
10218.5
21064
17941.1
24630.6
15000.6
33752.2
21168.9
41324.9
29210.6
20386.6
30660
20960.9
11527.8
36852.2
24538.2
11259.4
12263.6
20912.2
12525.8
16740.2
13904.1
23187.7
11659.7
17041.4
19658.9
32277.8
22092.9
6841.36
16729.5
27788.7
12594.4
16766.1
31005.1
9430.88
18881.5
19038.2
14505
20735.2
21950.3
22871.5
9046
24309.3
23428.9
10631.8
18535.9
23646.8
10298.8
34333.3
15254
27484.2
13779.8
12985.7
19163.2
24163.2
16744.2
20272.3
13147.4
24167.7
26249.9
29225.4
15928.3
11732.4
21412.4
17167.7
25965.3
25417.4
28349.1
21198.3
9241.68
16422.3
28351
18439.4
19342.4
14707.4
8737.6
30557.8
30599
25430.2
7682.8
17654.7
23439.4
9715.76
29785.4
26676.9
40801.2
16768.8
13277.4
23182.6
18710.5
10654.5
15499.3
15559.1
18521.4
23922.9
31096.6
20438.3
12285.4
16925.1
12810.4
23855.9
32450.3
35415.8
14059
10985.2
13340.2
22294.6
37821.6
16023.8
23892.9
9338.88
23645.9
26701.4
23789.5
18369
11270.4
19168.3
23281.4
28089.4
23320.2
37953.3
15938.3
22443.1
16180.2
31004
14629.6
16189.8
18187.6
21021.5
16012.3
9948.88
17315
28624.7
20183.2
27554.2
31841.6
11726.2
21547.6
25312.9
17277.6
6283.6
13781.8
20186.6
12757.5
17050.8
15846.2
20117.4
14079.9
7135.76
22226.3
10964.1
18990.1
14290.3
10434.7
27119.4
26524.8
23450.7
13251.1
12214.3
44360.4
12823.7
27339.3
22580.8
25544.1
24822.1
10913.8
24437.7
28566.2
18025.9
16612.4
11060.4
8236.16
17562.2
16265.5
14065.3
15929.2
14854.7
17094.9
15839.7
16377.9
13719
31482.9
12284.7
13650.6
33383.7
12308.2
16041.8
34668.3
21791.7
21223.4
19081.6
16498.6
8882.8
58093.3
29147.4
9532.72
17028.1
23090
15961.8
31754.8
24949.7
22877.4
21587.5
15527.4
34201.3
28571.5
38152.6
19069.6
28861.2
26487.7
6698.4
17637.5
24301
24483
17119.4
19897
20872
16794
27121.1
29261.3
13717.8
32489.9
13098.2
14693.4
32189.2
23704.5
15080.3
27193.8
12472.1
19048.2
42689.9
18845.9
43009
32162
36942
23408.4
27454.9
20512.7
21667
18080.7
23697.4
15603.7
12538.9
30170.2
22832.8
20995.6
10406.5
15604
33944.9
19018.8
9407.76
10363.2
15268
11440.6
24796.2
9088.08
31601.9
13331.3
27810.7
17252.8
24310.4
17012.7
25607
13192.6
19938.9
27942.7
46878.8
33525.1
10556.8
11929.7
9830.64
28523.4
23449.9
15192.8
9670.24
21348.6
17382.6
21681.8
46555.1
21603.7
18371.5
23138.5
26317.6
29427.2
13878.3
19177
9656.48
18485.3
30217.3
24626.1
22375.4
14959.5
12537
20604.6
6705.68
14383.3
21474.6
18766.8
22508.2
23768.2
11019.5
14844.4
28135.4
39427
25260.6
7923.28
26465.2
12242.2
30584.2
16596
20454.2
10311.5
25925
14073.3
27267.6
14159.5
24781.2
15117.7
30590.6
16351.4
20279.9
11915.8
22551.8
16140.2
21247.5
16694.6
16360.9
22817.7
9347.84
18803.7
19761.8
31856.2
29530.3
22505.3
40437.9
19379
19123.4
14104.9
11654.6
13935.4
21448.3
8424.16
14546.4
21962.3
35580.5
11448.9
10740.1
14334.2
23889.5
16516.7
19126.1
26141
12837.1
13740.6
11139.1
21404.1
13160.2
22169
12325.5
25245.4
14622
21554.8
8612.64
31528.5
10736.7
22875.8
8671.12
9906.64
19623.4
20297
13030
17057.7
14597.7
6505.04
38013.4
21398.2
21774.8
12816.4
14346.2
25440.7
13541.7
30293
17304.3
26571.9
12284.1
10066.7
7738.8
22750.8
14022.7
7827.04
18871.4
10080.8
21352.7
16280.6
14751.3
15068.9
31405.1
22002.6
26482.6
16499.8
19673.3
11335.8
26542.9
8395.92
13329.7
15750.2
14694.2
10120.1
20692.3
32040.5
17487
15234.5
13445.3
6822.4
19333
23674.6
20923.1
32531.8
5050.48
5948.16
31788.9
30939.2
16670.5
28328.1
12375.1
8738.4
39717.4
14139.5
29423.7
16971.5
22430.5
17397.6
35958.6
12115.2
30072.9
28111
15759
18673.3
13841
19738.9
17742.2
19578.9
25461.5
16853.9
23571
29659.8
49476
7400.88
23940.7
16678.9
16111.8
26423.8
9893.92
15844.9
27015.4
5140.48
22803.1
24637.8
20340.2
48206.1
25122.1
11680.6
16739.8
24691.3
19204.9
22750.2
26061.5
24327.4
32300.9
18438.7
23635.3
12872.6
23089.6
8211.92
16114.5
42118.6
25215.4
15954.4
10445.8
18103.4
22963
11513.1
6740.24
26794.9
25495
16400.6
21457.7
19502.2
15536.2
31144.6
44553.8
26278.1
16445.4
8916.96
14332.9
11770.6
15502.2
21607
11615.4
17646.5
10783.1
9668.64
26012.9
19538
22439.4
19356.4
16090.8
5096.64
19102
28322.9
10120.6
11469.2
15814.1
12306.1
15889
18346.2
15438.1
25256.6
23829.6
31487.8
21146.3
11435
10969.4
8116
19877
8165.04
27350.4
15206.6
27809.1
9041.84
14816.9
27112.3
13943.4
14704.2
4437.52
13847
16419
19285.8
25378.3
24856.1
21478.5
15565.5
23018.4
26257.3
20938.3
12834.2
16955.8
12648.2
10609.9
21707.6
23583.8
13000
26100.1
17833.2
13544.7
11493.9
16630.2
8879.68
13557.6
17002.4
21711.3
9774.32
18409.7
18555.9
14303.4
12217.5
15463.5
15535
33894.6
13006.5
24047
26753
33398.3
22567.8
8778.8
22787.8
27653
40140.5
11978.3
18759
12171.2
23814
14774.7
27561
13818.2
18243.2
14159.6
14946.6
27541.8
22926.4
19304.2
11926.2
31779.1
17781.5
17414.4
24016.6
16042.6
24146.2
14372.7
16465.6
20310.6
8953.52
28076.4
24645
20112.2
29866.6
17573.1
20192.7
15207.3
10308.6
37877.3
28932.2
27943.3
20262.2
8070.24
27909.4
25133.2
12356.6
24595.3
12345.8
11258.1
11325.9
25689.7
12924.1
14931.8
9683.2
18759.1
17708.5
16797.4
19724.2
15763.1
22158.6
23643
6004.48
8015.36
29506.2
25728.4
15829.4
14070.3
25284.2
17999.5
18307.5
11789.4
13664.9
16208.3
13452.1
13332.8
21484.3
27648.9
20596.5
27413.4
8069.92
18155.1
9199.68
18664.4
13193.8
16360.7
19150.1
14187.7
9012.8
14531.8
12745.4
19086.4
20715.1
30164.2
16580
16989.3
14311.2
33507.6
7109.36
16965.7
39697.8
23880.2
15617.7
7030.56
24676.8
14960
19986.6
10794.7
13030
7244.88
24301.8
17190.8
14683.6
10459.4
13681.8
9105.44
9266.96
10870.5
13986
15416.9
25503
6771.68
7429.12
12822.6
26184.6
26713.2
7965.76
27634.1
35407.8
20826.9
30902.3
25482.3
21818.7
19731.8
19837.6
16091.7
11099
12601
48090.2
21745.8
22311.1
12045.4
6591.52
21130.4
19180.6
18723.1
18539.4
19660.2
9262.16
22290.2
25363.4
25145.9
12579.3
29353.1
13591.9
29267
31152.1
13143.4
23103.3
28465
33927.7
12821.6
26231.6
13700.5
16275
18385.5
39107.6
29362.9
31438.7
16036.6
11227.7
29885
17542.5
31667
21113.8
26917.4
17645
15209.4
8336
28886.3
24447.2
9692.08
16136.2
10060.6
32832.9
45354.6
27293.8
6686.08
15330.7
14653
39527.4
20537.2
15093.8
11120.8
10135.7
16045.8
19766.2
33157.1
18084.2
10511.3
18589.4
18687.7
27952.8
26132.2
14976.4
20823.8
33479.6
23727.4
17566.3
16920.1
18934.4
15769.4
9094.16
20471.5
14636.7
24424.4
16036.2
17222
18246.4
14775
54080.5
14368.5
26693
36375.8
11710.6
22786.8
18958.1
25833
25876.3
34735.2
32584.1
25615.7
15976.5
27276.1
35688.9
51108.1
20961.7
24675.1
22256.2
25755.7
19032.4
25284
16913
35827.4
17783.9
36333.6
22887.2
19441.5
41141.2
26628.4
15576.7
15749.1
18805
26249.8
22757.1
16507.3
14573.3
19342.9
14780.6
13856.2
17851.1
12730.9
16758.2
20984.6
17217.8
19496.2
17983.3
22618.3
22819.8
18699.7
23396.3
25683.9
12195.4
22457.7
23564.2
14466.8
39280.5
27074.6
13433.2
10077.4
31725.8
27861.4
9676.72
23033.3
21953.1
24330.2
16532.1
28016.6
23019.4
16806.3
12401.1
27589.3
15206.7
32297
16313.7
21819.7
19592.6
20431.5
20007
18317.4
23449
19517.1
15165.2
16998.7
19115.4
13673.4
29305.4
14224
17659.9
20245.4
9439.6
15179.4
19509.5
24889.8
24226.9
23657.4
30061.4
25339
25504
24116.7
24156.9
18792.5
19839.9
15750.9
26022.9
13246.2
21523
22187
14458.5
7515.2
10203.6
19468.5
24794.9
31952.6
11396
30497.3
43696.2
9529.36
9947.84
18694.8
18571.3
14533.1
21601.4
11403.5
10109.2
29226
9093.04
21006.3
31460
25583.7
48442.8
15878
21295.4
25279.2
37751.2
13744.8
21846.6
24405.4
16230
16757
28588.8
17853.4
11309.3
27683.4
11308.6
25671.4
19328.4
13773.9
8584
23729.5
21562.5
17609.6
38752.9
18512.9
22254.9
10125.9
26735.8
24356.5
19836.6
18786.7
35029.8
11788.7
18796.8
12057.6
30474.6
9916.88
13149.2
16493.4
15777.8
22893.7
21272.2
18971.4
14875
18445.9
12683.8
30907.8
17828.6
10091.4
6808
24527.4
11334.5
17865.8
13293.4
12203.4
17903.8
33272.6
33341
10018.1
10155.7
22363.2
8667.04
14585.5
20282.2
22027.8
37418.9
20506.6
21104.1
17937.1
12911.3
26073.2
43215.8
24114.9
19461.8
31595.1
8407.68
32298
12210.2
28425.6
16165.8
32277
36690.4
15783
16022.7
32737.8
11440.1
35723
22064.2
20585.4
31093
5700.16
34273.6
19562.3
37401.1
27200.8
16758.6
13465.6
34352.9
16998
20091.7
17683.4
27534.5
23385.4
20959.3
15043.9
25324.2
22571.9
23849.2
14981
26516.2
19516.5
27489.1
16786.5
26850.9
20453.3
36352.5
20447.1
14837.5
20383
20239.2
28956.9
15883.3
18195.4
26040.8
26168.6
16996.6
19545.4
19352
20547.8
17537.1
10786.9
32106.6
26627.7
22635.4
21328
20315.4
14113.7
26326.1
15106.2
14205
13214.4
30087.8
6819.44
39811.8
15671.1
11099
18577.7
15219.2
12831
18924.4
30311
28749.7
9282.32
23933.9
15486.2
12042.6
15101
11864.4
21635
18543.5
31150
26912.6
22631.6
17765
14063.3
25140.7
16843.5
29497.6
18866.6
17353.3
23871.4
16382.1
31039.6
25667.1
20170.3
28474.3
32581
10058.6
12367.8
15912.8
12217.2
12685.6
11942.6
14684.9
26461.2
9146.24
25605
12153
32167.8
13828.1
23528.7
15705.4
27956.8
22831.2
18445.4
16033.2
19011.1
17665.3
20709.6
25825.2
19294.1
17605.4
16908.5
36411.5
19208.4
17709.9
16220.5
16217.3
26648
15713.4
18782.8
40432.7
28042.3
16144.4
11878.6
17085.7
19746.6
38010.9
59461.5
17481
22003.3
37807.3
23644.6
49326.3
16817.8
12531.1
26054.1
21742.1
30180.8
21960.3
40162.2
29980.6
25215
26525
33802.8
15804.5
16473.4
20891.1
18296.2
19590
30620.7
22918.4
15708.1
23288.4
12638.5
51494.6
32566
24038.1
26807.7
21675
20740.8
39560.3
29038.5
22837.8
6890.8
14224.6
14713.9
29831.9
14909.4
36580.4
16622.3
19711.3
9047.52
26339.9
10219.4
16667.8
11375.4
27201.9
27259.4
23059.8
12977.4
33989.4
11308.7
37818.4
29613.4
33990.2
37997.5
28379.1
40166
22352.8
16245.3
23542.9
19991
22660.1
36239.3
14303.8
8352.56
28726.7
28185.6
21060.2
35385
32934.6
14811.7
18161
6952.4
24925.1
27230
33140.6
17334
11558
12190.2
33071.1
22589.3
10674.2
10575.8
19007.7
23336.5
14651.7
47116.9
11160.2
13834.6
21026.3
23821.1
30410.2
17975.3
16768.6
20784.3
20487.3
20329.8
26705.5
20265.4
16391.4
28549.8
21934.6
15951
53392.8
20074.6
15349
8368.48
18333.6
40964.2
11814.5
13453.3
27780.1
22791.9
10097.5
22251.6
40346
17086.1
16245.1
16255.1
10365.4
30016.9
21379.9
27865.4
22696.5
15798.6
20359.1
24652.4
18703.3
18119.8
24733.8
11862.2
16407.4
22073.4
21696.2
23703.1
16632.7
5379.52
25494.3
13196.6
21461.8
18841.3
15178.5
13526
23282.2
15189.9
11706.6
11533.8
11596.6
38266
25925.8
25016.6
9563.92
8886.48
13115.9
10746.5
23969.2
17666.9
10660.1
9608.32
12209.3
12966.6
31922.7
18014.5
30438.2
21729.8
32091.5
18532.2
16322.6
29108.4
25757.2
20150.1
9822.64
19242.2
18160.3
19764.2
26526.6
20345.6
14709.4
12813.4
11014.8
20711.1
18078.6
13175.3
26668.6
25516.3
13914.3
10656.7
24229.9
24010.9
11418.9
26961
20509.5
25785.8
13799.4
17810.6
14163.4
18776.6
18476.6
15290
17549.4
16629.2
6893.76
11134.2
22546.8
12882.4
17135.6
13483.8
22213.5
16476.5
6233.44
30824.7
19861
45413.4
19250.4
18055
19209.8
12956.7
17187.7
29081.8
8811.36
58327.7
28983.6
15546.9
31593
22143.8
24731.9
21893.9
33579.8
27753.7
18916.8
14844.2
16821.5
9828.8
22569.8
29350.6
12855.9
13967.7
20868.6
19191.9
32477.8
30115.2
20247.3
21325.2
17148.2
23199.4
19251.8
36574.4
14188.5
33415.3
21766.6
22400.5
20357.2
17807.4
36461.1
28348.7
13106.6
11678.5
25523.4
27210.2
37882.1
17644
19980.8
29891.5
18129.4
31190.5
27231.2
18484.8
41483.6
14853.7
25582
12242.6
32943.6
28489.3
25326.3
24798.2
28567.3
19812.5
29487.4
22898.8
22395.1
40477.2
18912.7
19323.8
14820.2
20433.1
15446.3
31208.6
27628.6
23558
28880.7
18274.2
14116.5
25558.2
23161.4
36690
21335.8
12974.6
17125.3
38584.5
15534.1
22172.3
35404.7
23709.6
12708.3
18317.2
15595.7
28743.9
23704.6
23877.7
28056.7
28891
11506.3
31791.8
26552.2
40138.6
21753.8
21265.6
26260.6
14467.6
11050
25993.6
12149
29001.2
16348.8
28225.6
25284
13407.5
7597.36
23216.6
7082.56
11295.3
13767
22620.5
17811.3
25928.3
23583.2
19638.6
10390.2
18934.1
23552.9
9178.24
12267.8
7743.36
7198.96
27177.9
24820.5
13341.1
8958.48
17517.4
6343.44
6603.76
30782.6
16959.3
11188.3
7609.2
31432.9
12410.8
12705.6
41925.9
17488.6
18678.9
16083.5
31626.4
31436.9
14554.6
19193.4
13640.4
12775.9
21541
37400.2
15537.4
12643.3
14648.2
13254.4
29797.6
15918.7
20471.1
26950.3
18997.9
23107.8
11200.5
19941.6
13583.5
28155.9
26083.9
24900.5
17492.5
10783.2
10943.7
10432.9
16077
13716.1
12207
33188.2
22439.8
22395.8
13151.1
13738.4
23044.5
6423.84
17342.3
28157
32022.5
32335.5
12782
20012.9
12625.4
36229.8
13542.1
20762.4
11158.2
36826
22812.2
10994.2
12330.6
40623.5
32456.4
16514.9
28432.8
10948.2
28658.6
19873.5
37045.9
16364.4
25184.8
27165.9
19540.3
28382.8
12747.4
25640.2
27171.8
11195.2
21675
20576.7
19502.8
12390.2
17512.9
14859.6
28162.9
11777.7
13517.4
13331.9
19483.8
18730.2
11957.4
27113.4
26364.6
14037.8
9598.4
32844.9
21776.5
13318.4
15258.7
9917.6
12408.4
10026.5
10771
20521.2
20005.6
28209
6547.28
6361.6
9532.16
29180.5
17958
20779.9
29295.6
12542.2
9830.72
29653.8
12869.8
14098.5
46555.4
19021
8012.4
15984.1
28717.5
21982.6
28009
23468.2
21651.6
12432.6
18664.4
22769.4
35329.4
8899.2
18051.8
17663.3
13562.2
11414.9
9708.4
11706.9
14969
25610.2
26949.7
18967
54498.2
23142.4
16172.2
23179.8
12576.6
19873.1
9415.52
12315
42343.6
15388.7
24567.8
33026.6
20203.2
8539.2
32788.6
42900.2
36512.9
14673.8
13845.8
40387.4
11676
20062.4
15323.8
25248.1
9554.08
11257.1
17814.6
17771.2
21923.8
14166.9
18133.9
31805.8
30605
9346.96
38330.1
14102.6
20506.9
20056.3
10678.3
20667.3
28670.9
17968.5
21949
22683.9
5695.52
26942
17401.6
28665.9
26553.6
15387.8
14768.5
29835.8
36946.8
24579
24588.4
9422
9010.8
18112.9
26860.6
15178.7
17330.7
26863.6
21899.6
33503.2
16813.5
17450.1
34167.4
12358.7
37099
4966.64
36378.9
22488
15061.8
18361.9
34049.5
8355.84
14173
25555.9
27003.5
10997.3
13676.4
13279.8
10514.9
15290.4
12196.6
18003.4
23884.7
14340.1
10315.6
24972.9
13958.5
20621.8
21030.4
17934.6
20635.7
24459.2
12284.5
13530.8
9576.16
30308.4
10246.9
35431.4
20140.4
42279.1
24836
15157.9
7602.16
17923.1
26735.1
26084.7
25050.8
12157.9
12189.8
17319.9
12882.7
28421.3
14489.1
26766.1
25464.8
23384.7
13380.6
9150.32
38060.5
14706.7
39796.3
17378.4
19163.3
11809.1
19853.8
24789.8
13991.6
52912.1
12116.2
26416.6
25339.4
23464.2
12456.9
10181.2
17535
18633.6
18337.4
6439.92
12596.5
21957
13654.2
22747.8
29748.2
17303
18929.1
19566.6
21003.5
12347.2
14382.1
19562.3
14784.9
21446.1
25898.4
16002.6
10412.7
10211
8705.76
24267.1
20835.8
33687.6
36104.1
16155.2
11661
16802.2
19424.3
20665.9
14732.6
29899.4
11857.4
7068.64
38596.2
28499.6
24114.5
25810.6
45108.2
9191.44
11345
22300.3
20187
25246.2
10119.4
18647.1
25943.7
14398.9
18980.5
14166.9
24529.4
16734.8
26153.3
21863.4
41394.3
24579.3
19262.1
37195.2
27408.2
28468.5
22715.8
8940.56
9660.56
21906.2
21011.1
10470.7
22885.8
6979.52
14387.8
9738.32
16161.4
15504.7
11266
22932.6
37331.2
32938.7
27400.4
14312.2
24992.6
25521.7
21347.6
19500.6
21986.2
10640.1
22311.4
25753.1
14797.1
14238.2
24079.7
9427.76
5168.32
22839.8
10049.5
21344.9
11706
18824.3
23822.9
23278.2
23936.9
17957.8
17364.7
7104.08
19602.6
16640.5
31063.4
30129.4
33598.4
10374.8
21627.6
15195.2
15357.5
18609.1
15236.8
32734.6
9212.8
33060.7
29422.9
7656.48
28067
15328.6
14218.7
16406.9
37298.2
13429.5
17879.5
17558.4
17947.7
23646.2
24842.2
22807.1
20654.9
17909.8
13342.9
21743.5
36434.1
21616.9
18517
20816.6
28067.6
24194.3
27521.8
11232
20944.2
19309.2
10709
15212.6
25176.6
19696.9
21094
26863.2
12360.9
17786.4
23514.9
23763.1
20262.1
26923.8
15194.7
16208.2
28339.7
11978.9
37457.1
14763.3
21990.7
10839
27026
28278.2
22053.1
13118.7
15951.1
15796.6
14541.1
23296.3
34015.4
22867.4
24389.5
20313.8
15428.5
19032.7
11938.9
29877.7
14874.5
12746.1
20488.4
30157.9
32157.9
28297.3
7384.16
13520.2
23549.8
19673
15021.4
24055.7
30039.8
8579.6
14063.5
28006.2
24729
20282.3
10955
32025
14941
48173
19236.7
21774.2
19067.4
16387.2
12864
13530.2
29919.4
19302.6
19994.6
33811.8
29540.6
24455.7
18587.7
38997
36144.7
7578.4
18873.7
17560.4
24412
27433.8
23482.2
18958.6
11183
5832.96
27386.3
46634.4
19342.6
13026.1
21764.2
20096.1
16178.6
17136.1
19986.2
18904.7
23504.1
12024.6
21929.1
19799.2
23097.4
30846.8
14972
20302.2
9695.36
23521.7
17609
26838.3
20673.2
29783.9
4997.36
24514.6
21088.8
16070.7
22747.3
19733.5
15227.6
31330
10833.2
28833.1
17388
7371.84
15192.5
17895.8
11781.4
12189.9
10004
22867
20600.1
10739.8
22397
16421.8
17969.3
11281.5
17675.8
19308
23249.5
11907.5
17935
11090.6
15159
8500.32
22871.6
13831.7
11993
9096.96
23529.8
7553.76
7997.84
19782.6
21642.9
21022.5
25821.5
19808.5
16812.9
29002.5
24051.8
11056.4
16590.5
18011.8
26908.5
14251.4
16829.4
14306.6
9376.8
14721.5
20799.9
8902.08
10810.4
12033.5
22359.7
7640.4
17555
13753.9
22986.5
16508.6
21699.2
25802.3
5184.88
18864.2
15875.2
15377.1
21417.5
14026.4
41428.5
13772.6
16040.1
27124.2
14194.5
18155.3
17711.3
22115.9
24353.3
26363
22165.7
20877.8
21362.2
11516.2
15672.4
11632.6
17369.6
7227.92
16598.7
23917.4
7201.6
19915.1
19872.6
26069.9
17682.4
11977.8
20106.9
21235
18580.6
23765.5
43752.1
27676.1
15107.3
16446.2
12852.2
16619.6
38176.6
20531.5
21622.2
29549.4
19407
18542.3
7680.72
10613.8
20180.9
23192.6
13452.6
23526.3
23137.6
18293.6
24675.6
18938.5
21279.8
20771.2
7295.36
42413.3
9491.84
37694.1
31447.7
13661.9
20211.7
23590.6
10331.8
18310.7
12002
20875
29652.9
22349.6
18658.6
9738.32
17818.1
19234.5
31775.1
18820.6
12975.5
19107.4
13102.7
28145.6
14341.8
17408.4
13463.6
12644
8238.96
21045.3
10156.2
21691.7
24954.2
21543.8
19380.2
7232.8
15176.6
27577.7
13897.1
14642.3
9696.08
29826.2
13523.4
22330
24015.5
28043.6
10941.5
9014.56
20182.9
28054.7
5661.84
35694.6
28551
32380.6
19395.5
14205
23001.6
13446.2
15583.3
34015.8
19073.4
11055.8
13765.4
9848.08
23085.4
45475.5
13262.8
10327.5
14733.1
21596.6
15947.2
21892.4
18255.6
25671.4
18439.7
21234.6
17604.6
25813.9
32742.1
18868.7
20913
13431.8
18460.4
37391.6
26300
27737.9
20562.9
15535.2
41053.9
35033.9
14890.7
16280.7
18427.8
17299.4
15584.2
17157
35387.5
24531.9
14625.9
13732.5
7688.08
25215.5
12952.9
25886.8
31501.4
14843.9
14621.2
11360.4
17558.3
19133
27227.4
10528.4
10167.8
13048.3
14195.4
13850.7
31083
39534.4
10445.4
11156.3
20957.8
17244.4
25467
17205.4
21428.5
21913.9
11625.1
24430.6
11635
22213.5
19585.7
43682.2
25309
18022.6
25584.2
14293.4
12181.8
46556.8
18423.7
34474.6
37762.1
6495.04
26581.2
13046.6
13674.6
13634.8
21077.4
19004
17842.9
30965.2
36592.9
22595.1
7720.16
22340.6
23237.7
21449.8
48708.6
15343
17513.8
21826.7
7804.08
21346.7
23060.3
48483.5
23309.1
22695.4
13324.2
37555.4
19163
50062
17122.4
22268.2
15343.4
24803
17619
21506.2
15891.2
23200.7
43300.6
19004.7
20395.8
14894.1
37561.5
36652
26313.6
8162.48
28428.2
27516.8
23533.7
37745.2
24212.2
18395.8
9741.52
19613.7
32648.1
11993.8
18807.9
26602.2
19064.6
10802.7
11241.6
18304
21903.7
16844.2
9138.16
13701
9574.8
18107.4
16260.3
24999.8
17677
6691.28
20143.8
8553.76
26111.6
9215.6
7589.92
9634.56
7604.08
10815.5
11846.8
7791.04
19520.4
12769.9
15764.7
8998.8
17822.2
27047.9
13534.8
14063
10777.4
10086.2
22407
22615.2
11998.3
43280.6
16284.3
5723.12
8806.48
14161.2
29977.1
12581
44678.5
7889.28
10806.9
8730
12225
34629.6
16032.9
17033.2
7287.6
26836.8
12400.6
29063.7
9765.84
23246.3
8660.32
12040.2
22610.3
36621.9
24497.4
19578.6
12919.5
26381.8
20067.7
24339.6
15125.3
19076.5
14744
16137.3
25962.2
11268
50825.7
22142.6
13683
12770.1
10111.5
40782.6
33730.5
12357.2
12044.3
30396.6
28170.2
21438.8
41203.3
18758.2
14265.7
10066.6
45943.9
27497.4
46930.3
16794.7
15473
33605.9
31222.2
26097.4
19636.3
22769.8
13560.9
17821.4
12270.4
17959
19896.7
15325.8
17086.5
32059.5
44938.9
27976.2
10857.7
30860.2
13061.2
35187.8
13988.9
46510.3
30643.8
23577.2
29918.2
35868.8
28418.2
10471.7
31383.1
21977
12417.9
18879.8
16292.8
16636.4
12896
29271.2
15563.8
37110.7
12924.6
25258.1
16658
33736.2
24990.3
21042.9
34363.4
9130.56
18789
23829.9
20479
23395.8
10032.2
30961.8
21381.9
25878.9
7915.92
25334.1
27680.2
35139.7
25030
14307
22060.6
9429.12
14390
8696.32
32383.7
19783.9
12389.9
12518.9
15254.6
19133.7
12897.9
6519.68
16437.8
19348.9
33199.8
7523.44
10590.8
26275
17307.1
24123.3
13047.4
37439.4
10161.6
16254.9
17647.7
16389.8
29326.5
11879.7
11251.6
11017.8
8834.72
10626
7827.44
22840.6
6859.12
16724.2
25546.1
8671.04
14270.6
13064.7
38338.2
6531.68
12916.9
16466.5
9276.88
13006.5
15311.6
23349.8
17183.7
25693.1
27127.1
14629.4
22220
15076.7
10090.6
16521.8
14929.5
33075.8
4652.32
4543.68
17885.6
9286.88
7519.84
13390.8
20233.8
9376.08
17157.2
20071.2
18488.4
13740.9
8360.48
9837.76
18217.9
14214.5
17518.8
23268.5
14612.2
25894.2
34267
9526.96
18436.4
21867.6
4851.52
22957.1
37317.4
13957.1
6396.56
39544.4
20450.8
24575.1
5174.4
23116.6
6758.72
22195.8
21096.8
14660.8
36754.7
18679
24260.6
37218.1
13689.8
21021.1
17997.7
17513.3
24580.4
10293.8
23606.2
18953.8
15414.2
17603.7
19480.8
19496.4
10619.8
8191.6
13536.4
16994.1
12531.2
19233.6
16969.3
7966.08
24872.5
13605
11468
8691.68
32214.5
30314.2
17062.5
7879.44
30666.3
6498.72
12568.6
19523.7
7862.72
14157.1
13961.3
8868
29820.6
16383.5
16381.4
20637.2
6578.08
12418.3
21934.5
14666.5
31398.6
16759.9
11123.4
14536.2
26101.1
34519.5
12284.2
9222
13395.9
24802.6
18147.8
36370.9
17114.3
15303.9
16739.7
6398.72
34724.6
23065.8
7957.84
13385.6
27301.4
11262
21350.2
41493.3
19632.2
12648.9
14521.8
21433
17071.7
16845.3
26031.6
23934.5
9844.96
8786.72
52732.1
23589
15942.3
24791.5
17179.4
14583.5
20238.1
8002.64
25327.8
13348.1
22068.2
18177.4
16315.4
18195.4
18987.9
29758.4
17873
11618
41248.1
27866.3
30184.7
15270.2
16509.7
8246.32
15244.9
4781.84
10526.6
7578.72
40817.6
12190.9
12612.7
22873.7
15128.2
18015
34527.2
15843.1
17136.6
35065.8
17887
17472.9
27228.6
18880.6
18009.1
22584.2
13492.3
16617.7
11034.6
8258.72
12466
32041.4
26337.6
6801.68
15720.2
17294.8
12448.5
42386.6
17097.1
33938
18837.6
18125.9
20794.2
10701.2
25589.4
11322.2
21695.3
27895.8
24392.8
31290.5
20834.6
8636.48
18245.4
26433.3
17720.4
15429.4
26177.5
23590.3
14830.6
26233.1
21409.8
13219.2
36518.6
9991.68
15610.1
10636.6
14506.7
9904.08
31450.2
20107
27400.8
10808.6
24559.9
26724.2
19983.3
21155.4
40499.8
16531.8
36568.7
17199
23549.8
7764.48
42286.7
27915.8
8800.8
11715.2
28495.6
16677
14169.4
10714.7
15434.6
13807.5
10968.2
17058.1
19721
12898.9
13239
20432.5
14212.2
24588.6
9062.16
18270.6
24767.7
22421.9
11893.9
13359
34697.1
13342.7
19066.9
19570.2
14233.7
35794.3
12083.3
16590.2
24955.3
23818.3
13008.9
11526
10478.2
34435.4
18294.4
22956.1
33461.5
23385.5
23140.3
6496.8
11421.2
20655.1
29760.2
19437
22366.6
19473.5
12179.4
17931.9
21273.4
20411.8
10380.4
22731
10106
11330.8
18098.5
13988.5
7786.4
29710.2
18764.7
17691
10448.1
27825
25199.8
11930.4
13991
23635.4
10844.2
9783.84
37068.1
26861.6
32163.6
36130.2
9938.56
13348.2
11975.7
24961.5
32603.8
24280.1
13144.6
27226.2
19274.2
18590.8
19100.8
29805.4
27485.6
12220.2
15730.1
10245.1
22821
36747
21008.8
28193
9819.44
10059.4
10893.6
13555.7
19780.2
24059.3
16930.4
20195.4
27990.2
15687.6
19714
28708.5
15945.5
19025
15766.6
23795
14163
10776.8
5602.4
13331.4
23308.4
20329.3
30014.4
15297
20858.4
12458.8
13213.8
12159.2
31386.7
11941.9
21875.8
15550.9
9858.32
18576
29902.8
18563.9
36267.5
26342.1
34750.4
10019.8
23011.2
17225.4
13763.9
21743.5
21744.2
24459.1
17245.4
16233.5
8390.56
12610.6
33820.6
16013.1
13344.9
19606.9
9827.6
12095
29307.2
20358.2
16120.4
21513.5
20878.6
18255.3
15159.4
26347.6
20725.4
20269.4
10317.7
16704.7
14754
6468.48
24020.1
6271.76
18997.3
18619.3
20872.6
28911.3
25645.3
18012
27923.9
28411.2
19041.4
18598.2
27777.4
35559.4
18139.8
19724.6
12497.1
10953
30089.3
20984.2
24266.1
9505.36
9118.56
21910.6
19872.2
41623.8
6767.44
32668.2
11732.2
37629.1
17151.8
36171
20006.2
24553.4
12493.4
34624.3
15212.6
19758.8
14158.9
23754.9
19944.3
13658.3
22927.4
26171.1
18997.2
15030.1
29700.1
16157.5
17246.8
14713.3
12835.4
24832.4
32190.7
32404.4
21894.6
10335.2
17137
25278.4
18264.4
32420.7
31852.9
17658.6
10819.8
23805.3
9669.76
28447.8
17581.1
13978.2
18221.6
11382.5
9318.88
19541.4
19420.5
19743.1
16223.7
13909.8
9955.04
20674.1
14146.2
21026.9
25102.9
12462.7
7135.92
24222.9
9019.84
23830.9
21974.8
11918.5
29252.1
20258.2
17550.9
7497.52
39203.5
16848.9
36773.9
18949.8
22597.3
25167.5
26027.4
15333
10455.4
11085.4
25540.9
21150.7
25199.7
13828.3
34715
18290.2
12480.2
21267.8
15332.2
30420.5
22308.1
9540.88
32595
12121
19495.4
10081.3
23519.4
25621.8
25679.3
8374.32
21980.2
43757.2
16380.7
14020.6
16212.3
27806.6
25050.6
22834.7
19327
22560.9
8443.2
20209.4
10882.4
10600.8
28932.2
29733.8
14458.3
18277.5
19244.9
26558.2
18119.8
24305.1
27942
11877.8
19464.1
16731
12278.2
24966.8
27735.8
37797.8
7476.64
13803.9
16309.3
11065.1
34380.6
11454.2
8988.4
19288.3
15067.4
21102
7774.24
25903.7
29766.2
24268.4
56649.8
27090
15923.5
20683.2
33503.7
18102.8
37568.4
28903.2
15375
20352.2
23898
22144.9
37497.4
21337.6
7085.68
14699.4
25512.7
19301.4
19683.9
10997.8
25998.5
18034.6
11991.8
15308.6
22108.6
13118.6
20712.5
11417.7
12988.2
16499.1
11437.1
10539.8
12911.1
26851.4
22556.2
13462.1
23578.7
17057.8
11829
7665.92
17189
15152.7
25446
22972.9
8501.84
32474.9
18387.2
30157.7
9315.28
26542.6
24545.9
20519.4
24157.6
11857.1
16892.6
24797.4
24128.8
17467.4
15844.5
16634.2
12564.1
21233.3
33312.4
40550.2
19776.2
17578
20441.4
30665.5
22439.3
17177.5
24082.3
9023.2
25866.6
21506
33484.2
20242.7
11133.8
21909.8
27350.2
13449.7
17125.7
13730.6
29119.8
15262.1
22811.7
23214
11140.4
34966.1
28101.6
16793.7
11726.5
7378.72
21965.4
28473.6
27755.7
8281.44
44800.2
28083.1
49679.4
17751
11281.7
13290.9
19502.8
18819.8
11519.8
15478.5
22839
13584.6
25208.5
18239.9
10994.6
20084.9
20026.9
11420
19860.6
30475.1
17219.4
8899.28
12263.4
26684.4
16406.6
14927.7
21457.4
19507.5
30289.8
18263.4
12865.9
10723.9
8633.44
28677.7
21198.2
24896
12045.8
8126
16977.2
14531
24876.6
10253.6
27069.7
13412.7
13728.2
26209.9
13994.6
13987.4
14159
30582.2
16922.2
11063.3
25482.5
12607.3
13400.5
8379.76
13719.8
19041.3
15628.2
21596.3
16153.2
8382.96
7152.88
24023.1
21195.5
42195.1
11484.5
24346.4
17627.4
23569.2
18136.2
13159.6
17162.2
16105.6
21003.2
11304.6
7573.28
30233.7
16321.5
5195.04
14696.2
8930.88
13942
19007.4
17226.2
32332.6
17624.4
22570.8
16191.4
14050.8
18259.1
27972.6
15597.5
15407.8
28572.6
21285.4
15531.1
7142.4
23876
14057.4
16025.6
9168.72
16485.1
8437.84
7726.72
14237.9
13929.8
6670.4
19503.7
6633.6
7929.84
11880.1
19624
16920.9
13985.5
16064.3
22974.8
16981.7
10372.2
20469
8550.96
18753
11097.7
15481.4
16841.9
23598.6
13496.2
24272.3
11296.5
16053.4
9557.28
16319.2
22327
11276.6
10413.5
9295.12
16421.7
19758.1
17291
11513
9481.44
9155.12
11898.3
23644.7
14041
12492.6
26757.7
19366.2
19655.2
18980.6
8147.2
12865.8
18768.1
9322.88
9833.6
12241.4
23189.4
14257.4
20755.9
7420.56
12843.1
14573
4845.6
11496.3
9682.24
29149.5
15978.2
28089.4
3941.6
22360.3
7872.08
19921.8
31262.9
7084
15410.6
11727.5
12362.6
27164.2
12012.8
10993.5
21512.1
18341.5
23898.8
12500.7
18152.9
15063.8
14236.2
8260.64
9318.16
9524.32
18303
7856.08
20323.6
13031.8
15127.5
5218.32
29758.5
11335.2
6987.44
13699.2
21866
14793.9
13052.4
9046.4
11332.6
22371.6
13020.3
15272.2
13943.7
8833.6
11124.6
17833.9
7024.72
19410.7
16698
15933.8
7114.72
8641.92
12874.1
8905.52
15060.6
22795.1
11678.2
11059.6
9556.16
9032.8
13003
21352.4
15936.9
17506.2
13339.5
14715
8675.68
11782.2
14369.1
18450.2
7648.16
12939.8
6336.4
2944.4
7354.4
10358.2
13233
29864.3
13990.8
20217
10385.7
7765.92
22614
5663.36
17874.2
3944.08
37313.9
27289.8
14809.6
7683.84
16987.6
18822.5
11773.8
21439.2
16508
19899.5
22783
28776.6
25064.6
13045
33746.2
18846.3
32661.3
11132.9
19560.4
23377.8
16553.6
21786.3
37146.2
8820.72
19615.2
31255.8
17481
14117.4
26297
20639.7
33931.8
16555
10959.5
15980.3
15220.7
19925.4
23012.2
37202
21694.8
21212.6
29278.1
22237.6
18959
15605
14091.7
19079.5
32443
22684.2
17070.2
28866.5
12522.1
28024.7
20533.8
10307.1
17969.4
12057.1
21342.6
12260.6
7490.32
13143.5
20660.2
5983.68
16851.8
15591.1
11302.4
24280.9
14276.1
33138.8
17874.3
9007.84
11851.9
16537.4
14344.5
53368.2
20596.6
20174.2
13042.9
15298.6
7906
17679.8
11945.9
34011.7
12184.5
21552.5
8339.36
9254.72
29976.7
15013
29126.2
18493
15380.6
14919
18951.5
11093.3
21029.8
18137.1
8234.72
9862.32
21782.8
20383.8
22139.9
8437.6
19200.1
19665.4
32963.6
15147.8
27353
9577.2
9849.12
21436.6
18479.1
18331.3
21066.6
10904.3
13641.9
23878.4
9988.4
29247.8
14104.2
54809.1
18106.1
8866
17750.8
23431.9
26167.1
26695.9
9029.28
33622.1
21841.3
23675
22173
18949.4
11941.4
22188.4
15032.5
29181.4
13371.2
21461.4
10729.8
13474
20277.8
26040.4
30989.7
34607.7
18032.6
30592.3
14368.4
10785.6
16269
21732.6
18149
33231.4
7922
12331.2
24045.3
26946.2
13775.7
20704.4
21061.7
15615.9
41582.2
20095.4
17734.9
10898.7
17610.2
27977
27645.1
27011.8
14932.4
23024.3
21732
18507.6
26843
20858
31605.8
24458.5
15340.6
15026.8
27918.2
10404.6
19211.6
9248.4
33453.8
41275.4
21496.3
22680.8
15979.6
5928.88
12496
11957
20060
26095.2
14191.7
12800.5
13443
37121.8
18229.3
47165.1
37776.2
18793.7
10829.8
18748.1
6577.52
26448.5
24892.6
33147.7
36190
36890
11047.1
8131.6
16318.6
21529.2
24832.3
39551.4
27211.8
22708.2
10129.6
26548.2
26144.9
31227.6
23083.3
35685.9
19048.4
23525.7
26229.2
22090.6
26493
30889.9
18290
22713.1
12624.4
23631.9
17469.1
21860
14511.2
13389
22006.7
24409
29178.6
14356.2
12405.2
18065.3
24022.6
27892.5
24158.7
25372.8
13873
20941.7
18129.2
14251.6
9614.48
17267.3
12613.8
37231
37112.8
16736.1
24161.3
4695.28
11231.1
9045.68
26006.1
19523.4
19445
9572
26935.7
24532.4
27865.2
19843
12575.4
10116.3
12232
10355.2
26703
19331.5
12116.9
26865.8
12377.2
25677
19888.9
28950.2
22345.1
22390.2
19770.2
14007
21001.1
27717
14036.1
21312.1
28436.2
26268
21074.6
30301
13909.4
25687.8
16275.9
19175.6
27935.8
23007.8
30910
9724
8404.4
22960.7
28802.7
16047.9
16389
20314.6
14141.1
23844.3
29743.9
20799.8
28745.8
19640.2
15543.5
25372.6
32182.6
18008.9
10353.1
22621.8
16323
33927.3
25985.8
13500.7
15000.8
43790.1
8467.84
21177
31599
22328.2
30248.8
15132.1
22360.7
29585.4
21919.7
16771
26230.4
21492.3
42257.4
23528.5
35406.6
18228.5
20800.9
17839.6
19138.9
15968.1
11746.8
14953.4
53607
18018.6
27558.1
10961.8
12003.4
22961.4
27927
37264.4
23005.6
23597.6
26890.5
19198
12666
20125.3
13331.6
17693.6
22513
30736.1
60630.2
22430.7
21931.9
11941
8851.04
35942.4
16957.8
13935.5
32539
24951.1
16259.6
12041
28575
24055.4
23287.3
14404.3
17625.5
16513.2
13945.1
14160.4
32308.5
14759
18215
16999.9
20618.1
21922.7
18482.3
16720.1
24673.8
6354.8
22344.2
20767.8
13699.5
33614.9
19552.2
25453.2
29194.3
33211.3
24981.8
18496.5
23104
26657.1
40525.8
19177.7
30065.4
13608.6
21235.7
18102.9
22943.9
23333.3
17148.2
14736.2
34072.3
28204.6
27214.4
45045.6
36436.3
35612.1
19510.5
33429.8
26401.6
25302.6
46417.5
35074.5
21122.9
11327.6
12896.2
24091.8
13552.2
22791.8
22409.7
31343.8
10377.4
20316.5
25076.8
25766.8
26635.4
15147.6
13385
15049.4
21066.1
23120.7
30832
18374.8
19936.4
25476.3
15718.6
37766.8
17462.8
25642.2
42433.7
24082.7
30646.5
28010.6
15307
28261.2
19553.8
15809.9
16603.6
20239.8
20749.7
17030.1
11924.9
24165.1
12072.6
36208.3
12406.9
14523.3
12398.1
14414.4
13053.6
12540.6
17209.3
15533
35436.2
21954.2
17518.8
14247.4
11723.3
45460.6
13744.2
10815.1
18775.3
29507
21465.4
10888.9
28695.8
20044.7
27653.7
18503
15186.4
8007.6
19176.3
21056.4
22535.1
34390.7
5533.6
12513.2
22330.6
7419.52
26568.4
16942.5
17831.8
23797.8
14793.7
5688.4
42116.6
25214.6
25721.4
15993
22639.5
15722
29824.1
9155.28
36512.7
29640.1
14451
40959.8
34183.8
27388.4
7126
10945.5
11738.8
31812.2
23139
12924.2
25727.4
19890.8
14545.6
42889.6
14070.1
35212.1
9465.92
16430.9
16126.7
39031
34926.7
16237.7
13910.3
23985.1
35413.4
13385.2
18525.7
13469.4
28044.2
13405.8
16167.5
38298.5
23410.6
20768
27324.6
16933.5
25776.4
17358.9
25242.3
34622.2
51147
13288
16040.2
19315.6
41793.9
19756.8
15291.3
35056.8
18667.4
28198.6
12629.3
11952.4
17809.8
27114.6
28282
29311.2
29664.9
27070.9
15012.6
27548.2
28380.7
27723
33170.6
18174.6
12191
36723
14394.2
19772.1
9774.32
17391.4
14978.9
23963
37853.9
23264.3
27455.5
20743.8
15355.7
34423.8
18264.2
23530.4
40095.9
8555.76
24946.9
31729.8
20493.3
23150.2
25855.4
18064
12829.9
13015.3
15057
34929.6
16483
37965.3
31918
30756.2
31771.8
27244.3
9740.24
24104.3
16728.2
33322.6
29589
20820.2
15438.2
29715.9
19375.4
29552.5
61717.1
21847.5
27164.6
26541.6
31433.4
32225.2
25992.8
23971.5
30315.8
16695
17445.9
26283.8
28868.3
29328.4
15008.9
16103.5
25862.6
21162.2
30294.6
10620.5
11865.1
23944.2
11374.3
14703.4
34510.7
26063.1
20416.4
12251.6
19865.8
11005.1
18142
19851
18215.4
18378
20694.9
17697.7
13471.8
14879
41324.5
11909.5
6799.36
19620.7
36328.2
13227.6
19524.6
26657.9
17669
21513.5
13022.6
28914.2
22958.7
18892.5
24441.9
17629.9
21188.8
31265.4
18354.1
13358.3
15291.8
28323.5
8122.4
17744
25458.6
17951.2
16562.6
19144.2
20363
23195.3
7621.2
25757.4
41185.6
23321.5
22050.8
19901
20398.6
13212.8
27059.9
12343
11090.5
13053.4
19391.7
12859.8
10390.7
17091.4
15609
7495.84
21463.3
17460.2
25841
15090.6
17543.1
10305.4
13313.2
28068.5
15078.1
23231.2
7752.8
12171.2
9310
8191.28
14894.2
22193.9
19864.4
21761.6
12590.6
34264.5
34936.4
19634.6
16560.2
14752.9
8667.2
14592.6
26090.9
21619.5
30508.6
20619
20077.4
20554.9
18521.8
11689.7
33900.9
14391.4
9156.88
21737
22816.1
42165
16802.2
32712.2
14043.2
22929.1
11557.1
21643.8
12682.7
14989.1
16171.6
10908
25484.3
25196
10731.4
20328.6
14725.3
21850.1
14170.3
19189
21542.8
16720
9442.56
8942.56
12510.4
18228.4
31009
22291.4
23047.3
12050.6
16025
18306.8
24190.5
13311.6
28829.8
15356.1
16670.2
17647.4
18891.5
21885.2
22032.6
11449.1
27628.3
21419.6
8433.76
14656.9
16157.4
19104.5
34035
28255
5420.56
21231.2
21166.4
32637.9
24963.4
11752.1
19519.7
40345.2
18327.3
18937.3
28097.7
23871.4
31790.2
13959.6
36888
20808.4
18061.9
22474.4
10704.6
46709
18421.2
9856.8
24630.1
21484
25257.3
14505.2
20562.9
27913.8
20717.1
17423.3
20610.3
21888.4
29484.6
18861.9
21217.8
9447.44
20011.7
34008.9
12447.6
10427.4
16379.8
11216.6
7851.76
21084.6
39409
10548.1
23107.9
37584.1
26947.3
16444.2
7570.96
16718.4
26149.7
35132.1
39790.9
31639
10045.8
14505.7
25089.4
25243.8
19213.8
10431.4
7321.6
20109.3
34798.9
31982.3
39658.5
15149.6
14514.9
29696.2
24189.4
11902.6
20894.5
15797.2
20941.5
16963.2
12758.1
39801.9
19877.8
18094.2
23171.8
16553.7
22803.9
23667.9
20511.6
15801.9
43018.6
22092.1
18353
36903
15034.2
5935.76
36403
20447.1
25417.9
39592.9
42911.6
20352.3
26524.3
27202.5
16483
29659.8
8927.92
20599.6
16459.6
17879.5
26111.5
21018.3
27093.3
32670.4
13952
31224.3
31853.8
20990.1
24155.6
19057.9
21746.5
15529.2
30749.7
26663.7
27853.1
19274.9
21245.8
36067.4
19217.8
25432.2
11713
30951.7
46430.7
9710.64
13295.7
17851
17138
53004.1
17868.3
8558.16
16036.2
27930.6
22299.8
34957.4
13930.3
27140.1
25110.2
18189.4
29123.8
12808.2
15703.3
11326.6
16653
20886.5
14404
21140.4
29658.9
24139.2
15752.3
12045.6
12921.1
15626.5
19614.6
19174.2
12031.4
19254.6
32652.3
37363.4
14656.6
6367.12
27225.5
19355.1
24253.3
9928.4
30283.2
15601.8
21179.6
10857.4
8153.12
7255.36
10950
25033.4
14384.8
33021.6
11933.8
7167.68
9856.96
14679.3
27810.1
22431.7
11567.9
16842.6
12433.6
27324.8
25264.8
20388.5
18499.2
25746.6
17802.1
11487.3
24764
7118.4
13500.5
10641.4
16371
21595.7
22594.9
31770
23467.8
19302.4
18687.2
17509.7
55033.6
11308.6
16548.4
37299.3
25139.3
14887.5
23660
15218.3
8623.6
14328
13812.8
51428.9
20370.2
16993.6
15695.8
18848.9
18413.6
11818.7
35876.4
29792.7
15518.6
6886.64
15521.3
13349.5
16263.9
14414.2
13010.2
28223.4
12420.6
17856
24034.2
19350.5
19263.7
11309.7
17158.4
10475.8
26718.4
11037
13492.6
10842.7
11337
36050
23282.2
8525.84
12873.4
16794.4
26368.5
21127.1
13682.2
26357
8233.12
22219.6
12370.4
28894.6
16721.2
17478.7
15384.2
10742
7623.36
21980
14965.2
17579.7
27258.8
51120.4
29085
25266.7
14153.6
11720.4
11627.8
14780.6
14685
22125.7
45501.5
20545.8
26268.4
28340.8
14476.6
23612.1
9269.52
15880.2
18980.6
22826.4
20100.6
22087
27235.6
16167
16268.1
15542.8
25905
41199.9
18456.6
31244.3
29318.5
10226.6
17915
33134.9
18569.3
21821.3
7747.2
38450.5
22644.3
27663.1
13707.8
44240.8
23271.1
8910.56
43314.6
25399.7
32065.2
31927.4
21450.9
16379.8
22436.2
17239.8
9978.96
22952.4
11164.5
20933.3
12503.5
20735.9
12714.2
10606.2
35289
11456.7
37453.5
8482.24
26139.3
27976.8
10751.7
26130.2
17929.4
18069.4
24071.6
10451.9
26959.5
17989.1
6907.76
14399.8
15112.7
8579.12
40451.8
8847.76
31754.8
15407
9358.48
6600.4
21740.9
15783.6
32101.7
18915
14297.9
21920.6
8778.4
15236.2
14136.1
18362.4
26441.1
11633.4
18266.7
33926.8
9790.56
10485.8
8103.28
14759
33332.6
27594.8
13018.6
31133.8
9752.16
18759.2
11463
29127.9
36423
44180.5
11251.1
22912.2
21211.6
6074
24626.8
21592.6
8805.84
37140.2
11294.6
9845.68
11731.3
12959.8
24735.3
19150.4
14016.6
17885
9584.96
15875.7
11107.7
9946.56
9172.08
25548
34654.9
17491.3
10924.9
6939.52
10403
12463.9
20651.4
8517.2
16776.6
6740.24
14281.3
33517.8
17617.9
8761.04
16096.5
8896.24
6378.56
26613.5
16637.7
12594.8
16149.2
10007.1
8779.76
6971.2
29281.9
15703
14958.2
18011.6
21408.5
7988.08
17405.7
19367.5
12316.5
18232.5
34453.6
37926.2
10466.4
12235.1
20479.4
17207.8
6830.8
24597.4
24295
18106.4
19562.9
10627
10935.7
28880.6
8720.88
10080.4
18634.8
24412.3
7786.4
15679.8
21381.1
11070.4
8110.48
2367.04
12959.4
9516.24
26390.2
9583.44
14182.7
15655
8128.32
21217
11620.5
12461.1
7216.64
21792.2
10147.4
13018.4
14014.4
28813.8
13386
31361.5
7511.44
10048.6
16156.5
31479.4
15973.1
24779
21560.9
11777.8
26129.3
24073.6
17749.8
11709.1
21112.6
20373.3
12999.7
14320.4
28367.7
8013.92
34011.7
21692.4
7873.6
17224.3
14390.6
24973.2
31479.2
24873
11765.4
9153.84
38619.8
8892.56
12279
18084.4
26392.2
16092.5
16765
18869.8
24355.9
18818.3
19243.6
15015.6
17471.4
14787.1
35706.6
22128.6
19706.4
4882.16
15516.6
14291
10511.9
21302.8
20398.7
12302.8
14119.6
24123.8
26554
14349.4
15723.9
27569.2
10825
20407.1
19303.8
20751.8
21964.8
9541.84
18896.6
10242.9
21788.8
15253
23450.1
20505.8
15750.6
27285.6
9110.24
13913
22830.5
20094.6
27635.4
10281.4
20342.5
14735.4
24879.4
13416.7
9306.32
22724.2
18523.4
14241.3
15172
9483.68
15854.8
35884.6
18200.5
32459.1
10917.5
7796
20685.7
23201
18949.7
21609
7246.64
20500.5
10397.5
11031.4
19644.1
26721.8
33920.7
12024.9
13130.5
34626.6
21884.6
26663.8
22361.8
8474.08
27709.9
25942.1
22814.5
14660.2
29691.8
18618.2
16210.5
13957.3
10615.8
28555.4
14808.6
25559.7
25776.9
17539
20345.8
16056.1
27560.8
18483.2
10544.2
28376.8
25304.4
12920.7
14353
14844.5
14539.5
14660.4
14816.9
32099.7
32365.6
20087
8835.2
20621.8
30776.6
8589.84
21282
14807.5
11040.8
10764.7
29572.6
12008.4
21691.8
30214.9
31606.6
17837.2
15343.4
14208
35703.9
15345.8
27337
18748.6
16231
27271.4
10623.8
35351.4
18847.4
11480.8
3916.24
26071.3
28755.4
11159.9
26054.2
24729.5
36459.7
17784.4
16379.7
23146.7
30293
24237.1
23244.5
9785.52
31067
20354.7
40871.3
25485.8
26644.7
18453.2
26627.8
25893.4
15994.3
38949.5
13898.8
10742.9
47426.2
12280.4
32975.5
24786.1
17369.6
31032.7
14402.9
23656.8
10991.9
19605.9
26931.7
23806.5
15256.3
22887.6
24726.1
17866.6
11349.1
35603
17264.1
28361.9
23338
18882.3
16922.1
14183.4
14454.4
18835.4
24321
7406.4
31185.4
30649.4
24945.6
24967
27455.7
20628.6
21841.9
33489.3
33195
35394.4
14382.6
19079.2
19474.9
10586.6
27594.7
6794.64
31399.5
9976.8
23177.9
11710.9
7635.2
24468.9
27429.4
15239.5
21689.5
3754.88
14037.7
26893.3
31611
28350.6
17868
12103.1
9614.4
17019.9
38675.8
19908.6
37831.1
23084.4
18584.1
16979.8
29028
11524.2
36137.3
27966.7
23323.7
15686.6
19417.1
21352.6
12908.2
22898.8
15520.6
6909.68
20008.1
21093.2
20861.4
22911.2
21996.2
11091.8
41788.4
15551.5
9076.24
25954.6
19469.6
33437.1
24136.6
18216.1
30595.2
21004.2
30861.2
23824.4
21560.9
22442.6
24980.3
24080.9
19381.8
27395.1
43450.6
16749.4
28584.3
27931.8
32883.8
14642.7
11263.2
21763.8
22478.1
7174.72
12071.4
14511.4
31555.8
10153.8
21389.8
24326.1
10954.5
24294.3
12320.8
23917.1
27403.3
14116
18445.4
6288.8
27803
27200.8
15625.8
27732.7
11913.9
11219.1
13871.8
7725.28
16109
17379.4
13751.8
8847.44
19945.9
30231.4
27921.9
10303
36494.1
21479.5
16235.4
19831.7
19525.2
6290.16
16363.7
15396.7
12759.5
17465.4
15453.6
11740.8
14730.4
15269.1
13923.9
15586.6
9950.32
15585.3
20422.5
11749.6
21160.4
33806.2
24493.9
23728.6
18264.2
28519.4
13972.2
21104.6
11814.8
23579.4
19292.2
28214.4
24232.4
26883.2
11989.4
7637.68
16234.8
27468
24184.7
42065.5
7485.52
20196.2
15971.3
17869
27383.5
20802.2
12500.1
17287
17389.8
17794
16120.3
19929
13920.6
19619.8
21762
34770.2
26116.7
28704.7
15537.3
16655.9
20145.8
18961.9
11413
15337.4
15761.6
38836.2
19351.1
10031
8769.12
22942.4
25679
14401.9
20219.2
16466.9
15489.2
27548.8
14863.7
38516.8
14504.6
15366.7
25862.4
6263.84
18956.4
16919.6
20361.2
16171.4
12322.6
10899.9
10882.4
21421.2
19291.4
9536.72
9975.6
11523.3
11375.7
7201.76
19063.6
6238.96
28845.1
5116.24
19623.6
27552.6
5719.92
16548.6
20061.3
12248.5
17855.5
24774.5
11605.4
42071.1
16872.4
27791.8
17502.7
13377.8
11885.9
16883.8
12296.1
24375.9
25247.5
15071.4
14638.7
12146.2
9936.48
12652.1
10308.8
20922.6
13730.7
13081
16389
17855.4
13985.9
15381.6
21881
20588.6
27532.5
13084.9
11938.1
8697.68
22810.2
26267.4
12657.7
18959
11422.3
10869.9
22947.4
53521
7769.12
21915.4
13194.7
19103.8
19124.7
27157
11209.4
17276.2
30781.7
11342.9
8079.12
27183
19156.6
10792
8763.04
18599.4
9929.68
8566.8
9870.96
21329.6
11347.4
26012.7
10732
11584.9
8213.04
15687.4
10633.9
17808.2
17425.4
30428.3
8024.56
12594.2
5752.96
19427.6
17677.4
26484.6
12857
17693
9735.76
16034.3
16466.6
19582.1
17265
17528.2
16046.2
20368
23808
17240.9
25871
26004
21453.4
10656
8448.96
10080.6
9639.92
22672.2
13067.5
8627.52
9191.76
15590.8
12397.7
22769.9
16819
34053.9
10968.9
16912.7
9886.64
19161.3
11215.4
26695
12777
10168.5
12075.1
5822.56
8345.92
5827.44
20571.9
18977.4
7368.96
13351.4
10429.9
11088
15023.3
17581.8
10404.2
21103.6
7882.56
12280.6
19644.9
18229.3
11197.4
17457.5
13994.7
21652.1
17064.2
11769.8
10286.6
26803.4
20834.2
8353.76
12469
11580.5
25913.8
14386.1
20815.8
9976.56
19856.2
28825.4
12364.5
22532.6
22409.5
15800.9
21905.4
24390.8
9929.6
25103
13028.6
32286.6
30892.2
17963.7
23100.6
18769.8
11251.3
16302.6
25569.8
35883.9
23622.6
29227.9
14980.7
8078.08
9428.96
11832
25391.5
33434.9
36037.8
12947
28849.5
11528.2
3802.24
36900.9
34399.6
21914.6
23427.5
9791.92
7251.44
10915.6
11040.9
17441.6
22244.9
13807.1
33905.8
28320.8
19869.2
26223
38381.8
6244.48
22023.8
22103.9
21229
19161.4
11139.6
16237
13785.8
12145
22383.9
46878.7
19791.4
19546
19081.7
17381.8
17008.6
32483.7
25026.5
16132.2
9882.64
19719
15341.2
16661.4
8929.36
26515
18210.3
7396
12783.7
20864.6
27004
26474.5
17336
21450.8
21065.8
20303.5
25019.8
15397.8
21428
24859.6
16983.5
30401.3
24143.5
19009.1
14565.4
15938.6
10265
22097
27745.7
22793.9
28860.5
31105
22037.9
24408.5
17876.4
27575.1
8789.04
17154.2
9384.16
16036.5
13964.5
18333.8
18599.4
21061.4
21472.8
22781.9
20158.2
15101.8
36882.6
7666.8
32898.5
9941.6
21168.2
12412.5
16842.4
25714.6
12104.6
18211.9
34042.3
11527.8
27441
41525.1
24734.5
21370.6
13603.8
22425.7
10912.7
29729.8
17234.6
14665.5
17280.2
14301.3
18883.8
10625.6
14724.6
23461.8
16149.2
8141.6
44684.1
19603
22286.4
30158.4
17646.1
15246.2
16666
17970.6
22299.8
15763.4
40810.3
16096.2
13354.2
21448.4
18237.2
16259.4
28519
19608.3
7893.92
20594.4
28347.5
16223.5
33981.6
13700.2
25361.8
32992.2
16701.1
18261.8
27979.4
20244.6
24039
15647.4
10673.8
22996.5
24276.2
25044.5
22764.2
11847.1
33474
19997
27341.8
29666.5
4902.64
9649.6
25305.4
6287.36
19127.9
20235.6
3142.64
18218.2
23092
9766.24
13909.5
27161.6
10955.1
10117.1
20207.4
29275.8
8635.12
15026.8
19235.9
15416.4
19276.3
15412.2
32264.4
9817.36
13216.6
17413.4
16950.4
17621.5
8677.6
12267.9
36440.3
23999.9
6639.2
17628.4
11771
16271.8
17399.8
19421.5
9948.72
8618.96
9998.64
10619.7
10390.5
31891.4
10796.9
10585.1
8672.24
11676.6
8503.36
4668.08
19154.5
9043.92
20964.6
19879
10913.8
11793.6
12333
14710.6
11025.8
23593.7
11729.8
6541.6
12944.4
22471.4
17554.4
18073.3
14909.1
7163.76
20031.3
17814.5
5008.4
9041.04
11361.9
12062.3
22538.6
25174.5
18095
15990.7
13970
8706.64
38967.6
8383.04
26624.4
21948.2
19982.3
8008.88
9028.08
8197.76
23997.5
24992.1
10083.8
11584.9
13624.4
24577.5
16134.5
25243.3
18419.4
17182.5
25139.5
14729.8
11134.4
12405.4
12682
7713.76
8162.32
13187.5
21345.7
11964.3
10697
18793.8
17911.7
12756.4
14988.4
11549.9
10628.1
31912
16879.2
18588.5
10609
24531
7888.08
26698.2
21427
12298.3
36434.2
12789.1
15102.7
32073.3
8970.64
16774.8
30153
15076.6
8786.32
18500.8
21264.6
25983.7
21754.2
15309.5
8746.56
28456.2
13888
13467.4
10189.9
17702.1
14278.6
5661.68
13701.4
11284.6
23812.2
21950.8
11061.6
15607.6
13039.8
17265.8
7949.12
23346.2
15090
8806.96
22769.4
26484.3
22724.6
6819.44
11026.1
10947.6
8173.12
26211
8251.6
10271
10775.7
12934.5
15800.5
5827.36
8344.56
11508.3
19555.4
2932.4
12489.3
13873.6
12682.2
19357.5
7110.8
34408.4
30150.6
20330
7221.36
10325.5
12330.6
10699
11939.4
13713
15027.7
28614.9
37841.8
11919.5
20174.2
23463.5
19306.6
14538.3
10456.2
29121
14482
10463.5
14617.8
8926.16
17283.2
17289.1
24630.3
12792.9
14005.8
22115.7
21324.2
12837.1
9896
16363.2
16437.9
34839.1
15456.9
30742.2
16827.4
15834.5
8127.76
15469.4
23574.9
19248.4
15041.5
18866.5
27552.8
24312.9
7176.32
8967.36
19375
15913.4
33790.4
11750.4
29289.4
21003.9
22395.8
13685.5
21287.8
8052.64
12757.4
32788.5
13281.5
17763.3
11421.8
17601.7
9941.92
16412.9
12468.6
26406.3
8767.2
12229.2
10538.3
7437.36
18251.4
12109.4
11002.4
9238.32
18942.6
22879.9
15369.7
12991.6
13544.6
34805
24577.2
9286.8
23984.9
12245.4
8614.96
23449.1
20388.2
11345.5
19817.3
9195.92
11462.5
22190.2
20061.7
9882.96
16573.5
11824.6
12936.3
14862.5
13404.8
5525.28
20297.4
11384.5
10032.5
9686.64
10054.7
23976.7
12953
27193
17687.7
21708.9
32066.9
16163.2
16301.7
32713.1
14741.6
8683.2
6918.48
32234.1
25906.5
27643.3
14160.2
18138.7
13236.4
23626.6
27606
25750.5
15400.2
18380.2
9234.48
10271.9
9574.4
25909.2
27253.7
25740.8
11826.8
28273.5
14661.4
11415.5
17852.9
13496.1
16411
13754.6
21170.1
20069
11776.1
10759.4
15128.1
16500.1
22948.6
11585
20439.3
29102.6
7167.84
14770.6
22935
38611.6
26376.1
16815.8
30549.9
14134.4
14931
14604.6
18264.5
9588.8
22953.8
21762.1
15644.5
17766.2
15914
12150.5
19828.6
8526.16
7533.12
9337.12
17604.9
16750.3
12191.6
5320.88
16178.4
22806.4
21999.2
11334.9
14305
9649.36
19468.3
18790.1
10474.7
34350.6
7309.68
13171.3
10250.9
12411.8
37007.4
36264.1
11605.6
9038.4
10304.6
35641.7
17148.8
24849
13169.3
14721.1
11241.8
30756
14356.2
25369.6
12009.1
13118.2
21531.1
9021.68
7375.36
17963.4
30903.3
20482.6
21609.7
31631.1
11770.4
17603.2
16775.7
14493.8
11271.1
35854.6
16880.6
27039.8
16362.2
12242.7
14890.2
11770.9
21866.7
27535.9
10636.2
25205.1
18101.4
18499.8
16223.9
14809
33646.3
18835.4
22101.4
17330.4
24502.7
37405.7
12284.8
32864.1
15893.1
12579.8
15218.6
19161.4
40717.8
45123
13367.3
19623
20810
18704.1
15077
23115.5
17592.6
31920.5
23932.2
13803.8
10230.2
17568.7
12743.7
35978.3
10315.3
13838
20147.4
10438.1
42153.8
26295.3
13703
29242.5
27828.2
20936.5
18257.8
26977.5
10470.6
24388.2
10623.7
13260.2
18744
12771
26622.6
27758.1
18019.3
19149.3
9279.6
40406
17927.7
27142.6
16541.2
8963.84
16747.2
19377.7
14063.8
16515.4
16002.9
30689
21945.5
4718.32
7429.28
12824.4
17430.4
26462
36183
23114.8
14923.1
17952.5
10130.4
29007.5
20774.7
30498.5
18433
23504.1
8119.68
10281.5
16103.6
22539.3
27112.4
13518.2
6818.08
27627.1
14764.5
19552.8
11759.8
9765.6
7457.6
15845
22113.6
14131
9430.96
13813.8
11810.2
8894.96
14861.8
11541.6
31466.6
26484
36183.7
12574.8
21867.4
22782.7
15743.2
19498.4
15813.8
15224.1
23495
25586.9
23202
22015.7
9615.44
34853.7
27010.1
5615.2
20600.3
24445.4
12623.9
10085.7
50485.1
19997
24160.6
18783.4
17933.2
21782.6
14409.7
12819.1
36751.2
10879
15367.4
23262
20964.6
14492.2
30357.2
26035
12549
7418.16
20306.2
16889.8
24634.5
25675.5
20157.7
8576.56
41794.6
33390.3
20244.4
14140.5
21673.3
24755.9
12799.8
21254.4
9876.96
43475.6
18994.7
54597.3
21299.8
14789
20995.1
14040.4
17087.4
23042.4
11397.8
25257.1
27278.8
33023.4
27951.8
33773.3
22911.7
27698.4
31970
29613.5
15922
21719
17377.1
20113
30724.6
28155.3
42347
28553.8
31768.4
18484.2
14595.7
18142.3
23342.6
30711.8
13814.6
14029.2
15290.5
14567.1
12430.2
14817.4
21075.4
11320.1
20326.5
30167
23595.4
13462.6
16103.8
16207.7
13556.6
25964.3
24867.5
19880.1
18703.4
8754.96
12221.3
21348.5
30867.2
21160.9
14988.8
20800.6
20852.2
23126.3
15998.6
19786.1
13361.2
14830
29472.9
27751.4
20697
14803.9
14980.2
23366.6
15740.7
25290.6
10230.7
30381.5
14583.4
20418.1
21678.3
25096.2
7482.96
25590.9
27468.6
15967.3
12114
24491.8
15639.4
17989.1
21333.6
13472.1
10546.8
6537.36
13167.2
12722
17125.7
24984.1
16888.5
15316.6
8072.56
14787.4
21689.3
13441.3
23562.6
10911
16463.4
10240.5
12229.4
11162.6
10782.6
26253.1
9779.36
21006.6
25433.8
20035.8
11237.2
16028.7
18990.3
25773.2
19161.6
27782.7
39853.4
25432.2
17981.7
21695.9
19910.6
13611.6
11761.8
54813.4
38372.3
29290
11897.8
7970.56
25645.8
37119.5
25255.8
21229.8
8748.88
17394.2
12838.5
43311.6
36696.7
19572.6
16105.8
20505.9
40802
44369.8
31777.2
30607.7
17428.6
15610.8
13315.3
8806.56
39507
29631.7
16190.1
21046.8
12920.5
12556.6
16214.3
24175.4
19759.3
13536.2
34233.1
27778
23842.1
29936.2
36054.2
23005.4
24772.6
13885.2
29865.2
14073.7
18893.4
23067
13522
33442.4
28873.2
27362.9
46761
15185.9
24431.6
21996.8
26950.4
27191
19517
20272.7
11451.3
20205.8
37076.4
11539.4
17620.3
37439.6
14442.8
6786.08
16191.3
29877.5
30048.9
27786.8
35061
15193.5
26145.2
35374.8
28701
13825.2
28511.1
23264.4
31367.3
39596.6
30637
24506.7
14160.8
28060.6
25865.2
23464.6
15055.3
29710.1
14498.6
13569.8
18164.6
10963.5
35841.2
32734.8
13439.2
28233.4
10892
11027.8
20302.7
12607.1
12268.8
14751.8
15416
30803.8
14673.6
20933.5
18000.7
28391.8
26598.2
26832.8
13333.6
36243.4
23304.6
31762.5
16540.7
40835.4
20655.9
23482
14724.4
15205.8
11392.4
21676.7
13325.6
23870.1
22947.5
17636.7
10697
35036.7
16627.4
13814.2
15786.6
11371.1
16279
13996.6
13928.1
21196.7
14539.8
37586.4
24437.4
12947.1
19564.9
8246.72
14311.4
23226.2
10782.1
18731.2
12065.8
19634.6
13199.1
11732.5
18215.8
37612.7
31581.4
14137.3
16659.1
24328.6
17917
14006.4
24820.3
13848.8
9479.2
14731.4
20740.4
42802
24322.9
23207.8
10021.8
24364.2
20665.7
9492.72
17477.9
18645.4
26968.8
38522.4
10706.9
20319.2
33052.2
17941.7
12207.4
19329.9
20099
29420.5
12773.2
17801.8
18130.8
20154.9
9778.48
15120.7
18037
27039.4
16581.4
11383.3
14299.3
23540.4
18570
10479.9
13429.6
27170.8
12111.2
10458.5
18386
21077.5
30337
17515.1
10215.4
40469.6
25654.2
34298.4
32537.6
34439.8
18354.8
10081.3
27827.6
15641.1
7880.16
27147.8
12218.5
16309.2
36312.6
21702.2
13402.5
13784.5
10999
7703.84
5096.96
16233.6
16693.8
33300.7
10264.5
16555.8
16606.2
25355.2
14272.1
8789.44
17570.4
26485.8
15233.8
10619
21677.6
51914.2
18419.3
5846.08
12375.1
18860.6
20759.7
23441.1
16741
18103.8
17530.5
17806.3
14334.3
33224.2
15137.7
8741.04
20734.4
7331.28
5201.52
14431.6
12889.7
10685.2
20811
6590.16
22706.4
19283.8
11471.4
31089.3
8531.04
20622.6
23612.6
19534.7
10555.8
19041.5
20404.6
12187.8
14083.1
33444.6
26216.8
12775.4
10576.8
21354.6
10938
6422.32
17913.8
14916.9
31085.9
22092.5
13568.1
17833.1
20724.8
12085.4
10917.1
26956.1
28940.2
27220.3
19338.6
10094.6
19113.4
21018
22997
38605.4
8959.44
28954.3
11674.3
22137
44767.7
13695.8
18646.4
26574.2
9511.2
24266.6
14623.9
10873.8
18457.5
42141.3
10232.7
21149.6
12366.8
13199.9
37797
15911.6
27324.1
14125.7
19632.6
15852.2
21944.3
19019.3
17006.7
13741
8566.56
14417.4
30356.6
10859
14250.7
24435.1
13303.4
22497
13997
42712.4
25470.6
5966.48
22659
21022.5
19115.8
44172.8
33551.6
23822.7
21120.8
15965
16687.7
36527.7
12945.2
26214.3
13475.4
25320.2
13153.7
13300.2
33761.7
23749.1
18184.1
20295.6
24816.8
20535.2
32054.5
13996.8
8030.16
17240.6
17764.5
31594.6
41039.5
30666.1
22018.2
11562.2
8119.36
10642.2
10779.4
42470.1
18213.8
16750.3
16267.1
10202.5
11787.8
23539.8
27438.2
23450.5
29127.2
11779.8
18868.6
11220.8
16489.9
18693.4
9649.36
23816.2
41333.8
26426.6
19176.2
18566.9
20587
14149.1
19341.7
30710
17740.2
9041.2
22272.9
25787.5
13276.6
12162
20758.5
28437.3
43126.1
24071.8
32767.5
39322.3
32790
24781.6
21497.4
11948.9
9766
25070.9
26173
37119.7
14225.4
8652.96
18337.4
11004.2
23881.4
11035.4
27011.3
26550.7
9627.44
20959.3
12395.8
10581.2
8833.84
28405.4
36841.5
13527.8
20571.8
17952.5
17555
21342.1
28588.6
23834.8
15391.1
14028
31601.9
17084.9
15160.9
24881.5
38980.6
9049.12
17475.8
24155.6
15325
37926.8
8483.28
15077.4
19469
30198.6
19091.2
9770.88
12242.6
12534
30392.5
11828
20267.7
23282.8
42679.5
12468.4
19995.7
16834.7
14802.6
9944.56
19910.6
15825.6
22891.4
10947.6
17259.4
32792.2
16133.2
17018.3
10005.9
16292.3
7690.08
33935.5
19062.6
11900.4
27294.8
18990.2
20891.4
25186.6
10283.4
31345
21749.7
15919.5
16870.4
30389.9
20734.6
14001.8
18312.7
57445.9
36008.2
44819.2
14360
14875.1
27639.9
12049.7
20602.3
15939.5
32116.7
19663.5
19642.5
15042.5
8311.36
33170.6
12692.9
25885.9
22105
10440.5
6514.48
40590.8
16485.3
14332.9
19859
15995.2
33326.6
9571.84
10701.8
18671.8
6734.16
25315
12020.6
27666.6
19487.3
26604.7
13523.4
17335
17938.2
27681.2
17733.8
35556.1
9922.32
36114.6
12321
36101.5
25650
13214.3
17206.6
17555
12381.2
25067
11109.8
14927.3
15172.2
17918.3
21440.2
14846.9
9270.8
23443.9
38338.6
7771.52
30573.7
20917.2
17712.9
18605.9
20095.3
10265.4
28197.8
7754.08
10214.5
24803.7
9862.16
7991.2
9519.04
12022.9
39050.6
20646.7
10947.5
12787.5
21931.8
30294
11634.6
22792.6
6552.16
29553.9
28698.6
25181.8
39137
14999.8
23023.9
29601.9
18488.6
30216
21851
24109.6
14756.9
18517.6
20453.9
12126.5
30351
20718.1
9872
22042.8
22476.4
44227.5
12380.6
18546
15073.7
28814.6
11647.5
9699.44
9321.52
15870.1
24275.6
29275.4
8843.76
27467
6776.64
6934.32
11665.6
28963.3
40301.4
18748.9
22304.4
21067.3
7728.72
17055.5
19749.4
14764.5
22352.9
19823.8
10988.7
38804.1
11207.3
16030.8
23457.1
27558.9
5580.56
22357.9
22657.7
13784.4
21548.8
16383
9257.6
18195.4
13352.9
31266.7
19990
13683.7
21494.7
32673.1
17935
14877
30322.3
14033.9
21673
23148.3
31537.8
22442.6
19709.6
20721.8
14284.1
22432.8
19957.4
19514.8
13360.6
27580.8
10187.9
23926.2
31412.2
23194.2
20671
30740.5
6181.2
34557.5
18023.9
17418.8
24511.3
11940.8
11410.3
22841.7
24747.9
12052.7
15270.6
38613.8
8929.12
10291.8
42599.4
11301
28200.9
20578.2
27020.5
37839.1
27422.2
27340.7
23636.6
18389.1
18783.7
29278.8
13297.6
22111.8
47727.7
11563.6
16137
17306.4
11588.7
17620.6
21091.6
10004.7
20102.9
11463.8
24836
11627
10998.7
14536.2
19761.9
14597.8
29327.3
22769
17228.2
24840.5
41179.4
9057.12
12785.2
19997.9
16601.7
18017.4
32065.8
29981.2
26590
10628
8846.48
22312.2
21299.3
13277.5
32010.2
18800.1
25527.5
10967.5
24173.1
15989.8
26057.5
11625.5
10877.9
8783.12
8160.08
20326.8
32947.3
28523
8852.4
19988.7
12372.6
26864.1
16388.7
23956.6
21916.8
22347
11339
12499.3
33183.9
12607.1
22816.6
20774.8
15043.8
33985.3
7536.88
15225.1
30172.1
27116.7
11516.1
12361.5
26079.4
11409.2
19793.9
22939
14558.6
13608.2
17387.3
23738.6
23541.3
34454.8
19969
10253.8
24110.2
11304.8
22840.3
15696.6
18552.1
20727.4
17056
19410.4
31101
24435
26415.5
15295.2
14038.8
30833.4
11291.2
31789.4
32999.2
33580.6
41753.1
26554.3
21184.4
33723.8
13810.2
39472.6
33375.4
40303.8
22512.6
19113.2
17442.6
12865.9
17711.1
19688.4
36797.4
15156.1
34247.4
16925.4
15477.6
15762.4
39925
15683.8
35155.4
28059.3
28692.9
14890.5
22773.4
13593
23539.4
16412.5
27510.2
18085.2
17552.1
23177.7
18751.4
32008.2
22570
26429.3
26673.5
22611
14792.1
15757.2
24798.8
20071.8
10111
16338.6
8911.44
16563.6
35697.2
25682.7
8151.6
22434.4
20969.4
19398.4
31892.6
21422.9
19180.7
27455.4
26522.1
16341.4
28407.1
14778.8
36155
22075
26190.6
20233.5
14061.8
11200
23132.4
14048.9
22775.7
12653.8
21433.3
28088.8
31003.8
33048.2
14298.2
19933.7
29761
13265.1
37467.2
26286.1
42002.8
18907.9
27006.9
32225
25458.6
15724.5
40557
13806.6
23043
27968.8
32999.5
32821.3
20892.1
9762.16
18959.6
31370.4
16425.4
20832
19353.4
30576.2
36473.5
12343.9
28645.6
28288.2
13597.4
31232.6
26981.1
10858.8
21419.4
15430.3
15001.2
13722
9489.2
26602.4
20179.8
14170.8
21196.3
15680.1
23373.9
21195.4
9807.68
23293.4
32237.8
22980.9
31035
16499.8
21656
22523.9
18314.2
17714.8
10371.8
12139
23126.6
22269.8
11309.6
14691.8
19304.2
16674.7
17238.3
25209.9
15164.6
10125.1
13134.4
21802.8
11223
31925.3
9031.28
18830.7
12537
15457.3
14670.4
23831.8
26021
21757.8
26108.7
8373.36
43923
8800
23987.7
20438.3
8294.72
12698.8
40857
49270.1
22161.3
16161.8
19881.5
25337.4
19553.7
23467.2
24236.5
14588.7
25264.1
15592.9
25907.4
23205
16423.4
31393.6
12467.4
18692.7
31805
27161
16331.4
19017.8
30122.5
11780.8
15583.6
27021.8
31302.6
9227.36
43808.9
14292.4
12779.6
15969.9
21249.9
15741.4
29749
35948.6
20967.8
14644.2
26854.5
13154.7
23606.6
9155.12
25747.3
31034.1
29888.2
29456.6
14838.4
14061
19413
19486.9
13540.7
29266
29354.2
20345.1
50666.3
14244.6
34331.4
17341.4
23839.9
26477.8
12502.5
18604.6
38939.3
15708.3
12443.4
15350.2
9748.32
30911.1
25897.8
19052.4
13893.1
28889.1
26475.4
9841.04
14717.6
13289.5
19049.3
11839.9
11399.2
25638.5
42221.4
7009.6
8137.44
15140.2
17859.1
15562.4
30904.4
17039.5
17942.6
26119.4
12384.1
7788.96
10728.6
5283.52
6116.4
23058.5
26904.1
16058.9
23633
15194.3
21626.6
29748.6
5093.76
21350.2
22286.4
17604.2
28697.9
26389.1
12937.5
23556.2
27612.8
29013.1
13266.1
23149.4
14445.9
13180.9
9335.36
15436.1
20633
18747.7
11063.5
11487.7
9028.72
13420.5
27846.7
14385
29519
24849.9
22128.5
9590.4
21903.6
24227
27657.5
20955
13837.9
19092.7
14412.6
15664
11311.8
9815.76
14749.8
29870.2
25330.2
18569.9
17618.7
6800.24
17067.5
12220
14561.4
8308
25289.2
10308
10472.4
19575.3
8321.36
10664.3
39543.4
9203.36
12543
9109.04
24139.1
22502.7
8160.08
26994.9
14642.5
31488.8
6897.44
12632.5
15158.3
16204.8
16286.6
16436.2
15293
10617.6
18742
8749.28
15964.2
10166.8
8355.68
20947
28435.9
6495.36
21102.4
16441.9
11054.1
13615
35352.6
7238.24
25157.2
13887
12567
22018.1
18500.2
9347.28
23301
25734.7
29269.7
7643.84
11553.1
23106.2
5020.64
16040.2
14487.8
14105.8
24108.1
18288.6
11611.4
36067.8
4798.64
10185.9
26022.4
18699.3
8878.16
15739.2
7287.68
12475.7
21200.2
21415
28848.8
9392.16
15510.3
21583.2
9405.6
12744.3
19138
9219.76
14167
18204.9
41810.3
34939.9
20961.2
4531.76
20230.1
38876
15727.8
17107.4
25916.8
21108.5
20268.1
35946.1
20939.9
20515.1
21091.3
18903.7
39909.2
15243.2
14978
9889.92
19533.3
16497.3
7021.2
26339.1
13288.6
30220.6
23702.8
11338
13216.2
18686.4
7907.84
17360.3
18951
15069.3
9849.76
8005.76
26570.2
19546.4
15625.6
10039.4
13054.1
16597.1
13535.8
10042
7686.72
10815.9
11756.2
22137.1
7246.56
6597.6
10549.4
17701.6
7115.44
9835.76
28540.6
13323.7
10848.4
18547.5
11839.1
17795.3
22487.9
7020.48
26204.8
21312.6
5158.08
9137.04
12168.9
38475.3
25556.1
11391
23600.6
17166.1
9362.88
9301.36
11313.1
20857.8
20910.6
26323
27952.8
21103.8
24865.8
3906.24
9531.28
10914
15382.6
17187.5
20739.7
9342.48
12368.2
27091.8
7474.8
8757.76
20208.8
7652.72
24646.1
13707.1
17944.1
21559.4
16424.5
15616.9
25967.4
12537.8
12271.7
15509.6
7986.56
17330.2
25459.8
16533.8
6346.4
12648.8
11416.6
23104.8
25141.4
14298.2
21060.8
15873.4
4636.24
10679.4
23223.8
9924.24
38345.9
26003.5
10353.8
11874.4
10143.9
17779.3
15356
12044.3
15573.9
17962.6
19952.2
20338.9
12596.3
9767.28
33306
23710.4
8219.28
13002.6
14537.7
10335.8
41534.9
19306.9
11662.9
16694.2
12335.4
10906.6
15827
16935.7
15187.9
30117.2
15367.9
15189.5
12235.4
11157.1
21711.5
9711.12
33294.2
26371
19978.9
26175.8
19780.7
16137.3
18793.3
14263.9
12894.9
17256.3
8942.32
26260
13124
28620.7
16404.4
32823.2
9142.56
9110
20223.1
17795.1
16382.4
10962.2
12403.2
19108.4
17403.6
11163.9
18353.7
14004.2
10009.3
25515.6
15374.2
5762.64
12942.6
26018.6
27051.4
20287.3
13167
18262.2
8311.44
18410.3
18692.1
25154.1
14188.5
12473
27543.3
9342.56
31888.1
20145.3
25335
14236.8
29052.6
15788.5
14041.5
7651.36
16251.5
13445.8
13483
34105.9
23536.4
21887
10502.7
15241.9
34880.4
30541.4
14421.4
12594.5
20627.4
13748
20060.1
15383.9
19791.4
29688.2
17104.2
32137.2
11741.8
10057
18419.6
12700.2
27349.5
13065.8
19338.4
32884.4
25411.6
16654.6
21007.6
25909.8
23415.8
17018.2
13016.8
11366.8
24156.9
14168.6
13487.4
7412.56
21034.7
24802.9
25780.9
22198.2
11392.8
13966.2
18570.6
16012.6
50914.2
18180.8
8743.12
24087.8
23832.9
23828.6
18299.1
12955.8
20003
13202.2
22957
20851.7
14944.5
24358.8
26680.7
9965.2
22285.6
21591.6
18235.2
17185.6
37904.3
20565.6
22558
19701.3
18662.9
21138.6
20573.7
16349.5
19204.6
32437
10174.8
16400.7
15305
25355.6
19742
22427.4
23468.9
22678.6
15725.4
26210.4
20628.7
12152.2
12309.4
25890.5
21953
26315.8
14981.6
19357.5
18525.7
19280.6
25118.6
27714.9
19507.5
8780.48
14859.7
27602.6
28197
47791.2
30650.7
12055.4
25696.6
18382.6
20154.2
14305.2
25413
18899
5770.16
10848.8
19536.5
9283.84
11708.6
17530.5
26335.5
26432.8
23539.4
13505.4
10387.6
51465.4
11790.4
11444.1
15162.7
18357.2
9367.28
26841.8
19662.8
35831.5
6267.36
12998
14505.9
16548.2
19346
12931.6
17432.6
17852.2
14221.8
12229
9669.44
9334.4
30100.8
32861.4
11931.5
8075.52
13377.2
28857.4
23023.5
22129.2
14684
15438.3
13771
12551.6
14616
11352.2
15603
37876.9
15949.5
17161.2
20436.1
18766.5
27242.4
28579
29973.1
10201.6
16998
15261.4
28922.8
32118.2
22715.5
21596.6
18521.7
22665.4
24733
25632.7
21047.8
26380.6
22826.8
28271
24809.8
30302.3
12392.2
23390.7
30254.6
17605
23829.2
28132.1
17024.8
19852.5
11419.1
23226.9
11068.1
12524.2
41590.4
7016.32
6939.12
15516.2
19594.2
13965.4
15400.2
25980.4
24776.6
12870.5
23400.4
17623.2
28727.2
31981.4
7978.32
12865.4
16625.4
29717.4
11212.1
8846.48
12999.5
14808.6
32391.8
15316.4
15026.7
15316.3
22455.5
18949.6
25415.1
18814.7
14392.5
14476.6
17914.2
28246.8
33832.6
39080.8
13188.6
8107.44
10760
6951.2
16932
28898.9
13705.1
13495.5
22129
14210.2
19870.2
16014.2
14522.9
9664.16
17038.3
11244.4
21054.3
31948.8
10761.1
13212.8
8947.76
32297.2
18206.2
28879.4
28556.6
16973
10909.4
23840.1
5344.16
31663.8
12452.9
27913.5
42460.6
19379.5
14303.8
20636.6
22344.8
17435.7
15102.7
6284.72
16517
14704
9593.28
15686.1
3521.2
24005.8
22710.7
10474.6
17252.8
8688.4
10024.5
29906.2
20188
7727.12
24196.8
16266.2
22955.4
16318.2
14853
20753.2
9014.16
29557.8
19033.8
21795.8
32280
10263
20062.1
13135.3
10953.1
28091
17654.6
12637.3
17961.3
9658
12278.6
11945.9
13794.5
19351.9
9818.16
15719.2
17255.2
12645.1
18080.5
16097
24380.2
9553.92
5942.96
9394.32
11536.1
20262.5
16266.8
19404.2
5944.96
23745
22057
14498.1
26112.6
8499.12
30914.6
18110.8
12283.3
19053
13796.5
28107.5
19192.8
11296.2
10535.3
10469.4
32948.4
26881.9
9031.28
16868.7
12788.1
9812.96
8799.6
25197.8
8789.76
13661.7
32072.7
16062.3
18509
15766.7
26085
16783.2
23713.7
29409.3
9602.48
14657.7
11463.2
8300.48
31346.6
31062.9
17471.9
23127.5
9592.96
12061.5
16407.4
22833.8
18958.1
30927.9
17396.3
9251.76
23444.3
20872.6
27793.8
18944.1
26277.1
24167
15053.3
29828.7
16338
22012.3
47889.5
27351.2
14666.3
15981.9
14418.9
28521
14385.2
18756.3
15830.2
17538.6
15798.2
19392.6
15694.7
14126.2
14054
19194.2
16246.6
15961.8
9693.36
26287.5
16215.2
11337
20963.2
23129.8
14609.8
10950.6
34905.8
31844.6
22809.4
21343.4
34299.5
32976.6
19056.4
26739.4
29356.7
21053.3
12287.6
36878.8
17820.4
19760.2
26766.4
26355.7
8035.44
15334.6
14239.7
19956.2
34185.3
11751.6
30963.9
18068.2
11060.4
18477
18238.2
18377
8225.52
4837.36
34831.2
13790.3
21808.2
14207.2
6788.64
6737.36
20438.7
29865.2
23664.5
21606.1
12483
23159.5
20993
12035.3
21225
18225.1
33651.9
9891.68
18979.8
17986.9
23028.2
20057.3
22622.3
15047.6
9787.68
30693.2
18242.6
7379.28
20755.4
6471.2
19217
21274
25819.4
7250.08
19183.4
16871.4
7964.32
31482.7
13550
19592.4
9957.2
16616.6
22449.2
39824
12017
15224.5
24722.6
24045.5
9337.12
17732.5
19737.3
18515.9
19696.8
10948
16099.5
31575.8
22868.5
16582.4
10166.2
23718.2
21571.8
22215.8
15255
25609.4
14328.2
29797.4
7931.36
22483.9
20110.2
17121.6
28315.8
24357.9
28940.9
27039.3
25799.4
5246.48
23637.4
15217.6
28101.3
23080.4
12005.8
12446.1
16866.8
16464
14743.5
12096
9222
12420.8
17944.9
19805
24882.8
16984.7
25448.3
11241.4
12225.4
33454.2
34551.3
24304
8275.04
10753.6
9684.88
40023.1
16577.5
18020.1
31762.5
27388.6
19075.8
11428.7
22053
15033.4
5899.04
17550.2
25190.2
15752.9
16436.6
8274.32
20561
6042.96
25130.5
19463.6
27423.8
43175.1
20508.2
12395.8
15509
19889.8
11396
20890.6
21337.1
14202.8
19708.7
20359.5
9354.8
15623.9
19369.9
18348.3
28776.5
20887.8
18858.3
12486
26375.6
9036.56
29394
23627.9
29676.5
16703.6
12622.8
12729.6
14191.4
14020
25430.3
19918.2
18778.8
25512.2
10571.9
21971.1
5789.04
14017
6880.64
24164.4
14916.2
5535.36
13269.2
11501.9
19139.8
10711.6
11316.3
6230.48
18991.5
40494.9
22741.7
10517.8
16125
10688.4
48229.8
15842.2
11230.3
17843.3
28802.7
12812.3
30870
23413.2
18088.1
9246.24
15188.2
9863.76
20081.9
28990.2
14123.8
14384.1
21532.7
17876
18226.8
19750.7
14159.8
13174.3
23643.8
21247.2
13672.7
13812.3
14083
22072.8
7491.2
13983.1
22338.6
6692
21921
9401.52
13090.5
13221.3
21355
8968.56
26753
19230.2
19323.2
12291.1
20276.3
6898.96
28549.1
20186.6
19954.6
12179.8
10019.4
11014.2
25087.7
17472.1
31143.8
22807
9863.36
12282.6
20590.2
20226.8
16308.6
25925.8
18905.7
13409.4
10889.7
10836.1
45763.3
29238
14939.2
27139.8
24527.3
17584
17318.7
20643.6
37674.2
19594.2
10175.8
18512.5
40072.6
30160.3
22259.1
21763.5
22404.1
23325.5
17489.4
14395.4
47079.5
29029.9
28571.8
22905.7
29462.2
17560.6
16164.2
24153
26070.8
12419
25968.3
12887
32540.2
20407
14363.3
19608.6
26367.6
33445
17977.9
23804.2
29459.3
13456.7
30278.6
15116.6
24505.4
16045
19419
20117.6
28275.9
24430
35087.3
36191
15803
13876.7
11184.4
12845.6
20806.4
26133.1
8556.56
9925.2
17421.9
11603
17935.6
10847.9
30491.8
21920.6
7422.4
27327
21541.8
4966.16
17511.8
23186.6
30499.2
27855.1
13035.8
14913.2
19221.2
15044.4
9267.28
17147.5
21613.5
21927.6
18781.4
5641.76
7508.56
8772.4
13310.5
15547.4
17207.3
13347
5340.56
6409.12
6879.2
24323.9
6380
15620.6
10584.9
14298.9
20904.7
15479.3
10822.8
18564.3
12034.8
11005
7093.76
15009.1
15771.7
13590.7
14450.4
12658.2
23404.6
11735.6
16658.9
13074.5
10595.3
12729.4
19798.4
16858.5
20327.8
21162.5
19124.1
13013.4
17640.1
14279
14098.4
14687.5
20138.4
9604.24
11074.2
18778.7
19441.4
8174.56
15655.8
16447.2
33809.9
31924.2
16631
8067.2
8493.12
30939.6
15943.4
10219.4
6882.88
6621.12
14298.3
16559.5
20231
17234.5
13485.1
22290.7
16361.1
22609.2
5511.52
28388.2
18727.2
16751.9
31253.1
15286.2
12456.3
28012.6
12451.4
10159.6
20901.5
22786.7
22976.5
8070.72
15727.4
14108.4
18929.1
12565.4
15903.1
26134.2
16058.2
10075.3
41866.5
16969.8
23175
19689.5
15515.2
19567.8
20135.7
15482.6
16415.4
38747.8
22533.9
38528.8
31099.8
12585.4
9446.8
22892.9
11579.9
15479.8
22215.8
18820.3
25905
8577.12
20116
18909
30087.8
8381.04
9211.28
25193.5
9592.56
11235.9
7564.32
11797.4
11515
25191.9
19398.8
14363.1
8217.36
7942.64
34709.9
11506.4
9463.6
12481.8
12471.3
34159
15817.1
15142.4
33610.3
10016.2
14496.5
8999.6
28088.2
14193.8
13671
14275.8
18063.7
26557.1
14155.4
27624.8
15749.8
4290.88
15428.2
8915.04
21850.5
16392.1
24876
9384.4
8636.32
19746
13297.2
23109.2
14728.9
14143.4
14943.5
12323.7
11746.6
21889
12633.3
20178.1
5149.68
19909.2
24522.7
15031.7
7763.68
22407.4
18186.2
24076.2
12944.8
14997.8
33398.9
10554.6
6620.72
18122.4
23232.3
25069.9
17368.6
12738.5
10107.4
8787.6
17201.5
11121.9
32957.4
31498.5
25503
22199.4
30418.4
30874.1
29604.7
26104.6
27904.9
21651.4
8185.68
17389.7
24822.6
12465.5
12245.6
27206.9
26030.2
21947.2
33170
30157.8
19597.6
13021.7
14920.8
20885.8
18453.6
12967.8
9342.32
12417.9
6849.12
23584.3
14848.1
15390.2
15336.2
14744.7
20823.4
13531
33292.9
36342.5
21470.2
21463.6
14157.4
28847.4
32018.6
10484.1
12342
22825.1
11405.9
24435.2
17783.7
19205.7
13123.8
18806.8
7497.44
17313.8
15179.4
10060.6
13542.4
10793
7591.76
12219.8
14830.3
13264.5
16588.7
21662.6
20816.6
9933.84
5574.56
16028.8
18396
9821.2
18748.6
9177.6
18126.1
12639.4
25159.4
15058.8
7276.64
21233.8
17074.8
26893.5
17689.3
17985.3
18615.4
17927
11765.1
6819.44
17775.9
42585
9723.28
25261.8
13145
36630
8490.48
9995.12
8669.36
30403.6
16206.8
33383.5
12814.4
8718.96
14405.9
19755.4
13075.4
19519.3
17228.2
14968.4
15490.6
33651
23405.2
19948
15406.2
11874.4
14627.3
6237.44
12596.7
10292
10710.2
12749.1
15310.8
28575
8890.32
31776
21446.6
10506.5
24705.7
9894.96
25901.8
10434.4
14021.4
10995
13412.7
15424.6
18316
45697.1
29444.7
10815.9
15645.5
14874.1
10912.5
14944.8
27907
20669.2
27158.3
17549.4
19763.8
15562.5
16421.9
24046
9605.28
26272.2
17694.5
32766.6
8732.96
12318.7
15486.3
22727.1
25737.3
23384.2
27516.9
32357.3
9977.76
11505.8
29056
28717.9
26659
14442.6
6692.64
23030.6
20866.4
37767.8
18690.9
13394.5
9301.12
20893.4
36439
5564
16632.2
15333.8
19269.6
7349.04
17806.6
7695.12
21933.1
17691.9
19208.9
6983.52
32082.2
22606.3
47070.2
17198.2
39854.6
4172.16
14385.9
29972.4
33186.1
27854.6
33559.4
15548.5
23715.8
16532.5
39429.5
24851.1
13161.9
23054.1
13491.2
20600.3
29894.6
23250.6
17151.4
19638.8
27576.8
15306.8
16215.8
27890.2
12565.4
11886.9
18160.3
12656.4
9735.36
14725.3
36084.1
24844.9
5688.48
7072.08
9446.8
17198.3
21546.2
36782.5
29276.6
11426.1
13582.5
10339.2
14904.1
23239.7
14596.2
23493
8145.28
8050.32
19077.6
15282.8
39076
27020.6
6723.36
7809.04
14750.5
11865.3
27877.1
20545.7
16494.7
33292
21156.1
16586.6
30886.1
21740.2
23605.5
20349.8
14222.8
18519.2
22301.6
11380.5
24705.9
10720.5
29610.3
32445.6
10860.3
18569.6
14188.5
20298.5
21705.7
17606.3
12727.6
25689.8
34334.5
29792.2
14186.1
11754.2
14244.7
12606.5
21879.6
36388.7
17419.5
24856.6
10794
22182.6
22251.5
10823.6
39604
28911
32786.3
36962.1
31941
15891
27061.4
30764
9448.88
15062
10716.6
6627.44
25957.9
10143.7
16014.8
17385
17095.5
25444.9
9768.24
16890.8
11257.1
20951.6
14001.6
22399.5
29958.9
30203.9
28531.4
27419.8
12834.6
20850.5
14822.9
21511
6751.68
29578.8
19973.4
7837.52
7579.84
8617.12
23226.5
37079.1
9276.96
24377.1
32530.3
7684.96
10093.1
6648
7035.52
25531
17268.2
18018.4
5575.6
37221.7
14488.5
7476.64
15577.6
18358.2
12569.5
19224.6
18396.8
34099
19642.2
46797.5
17671.9
18683.8
21932.7
10303.4
6413.12
28310.4
27991
13299.6
29133.1
22497
7662.64
13593.3
31950.8
22994.5
16212.6
17155.4
11458.6
16888
19247.4
28587.4
13592.1
18085.3
20189.1
18767.2
23664.6
13435.5
25357
12864.4
7959.28
19997.3
10993.6
12418.2
11681.5
20632.7
27618.8
16553.1
15657.1
18099.6
8547.44
4318.24
21152.6
24021.6
9175.04
8084
11310
18035.3
26371.9
17581.7
20325.1
12258.2
10101.4
19356.9
18455.5
12247.4
9929.36
22513.5
13803.9
11659.2
6643.04
39073.4
10817.4
6226.24
10160.1
24522.3
5566.96
32290.7
18067
18616.1
9163.2
8643.52
16907.1
14972.8
17303.9
5411.28
4216.24
14654.3
11430
13625.8
22402.9
24320.3
8494.32
28106.5
22542
13737.4
14267
6306.32
10264.4
5467.6
18867.9
19066.2
7841.04
24089.7
19558.1
6056.88
11447
16014.6
6705.6
13271.5
5409.36
15953.7
5040.72
33039.4
21928
26982.9
4997.44
4766.96
31420.6
13973.8
15177.8
15756.6
22087.9
8480.24
19413.2
28691.8
15713.3
14051
25100.7
14223.4
29234.5
41940.5
23157.4
20041.8
21536.7
11221.6
12855.3
14576.9
24839.5
14426.7
33899.6
12471.4
9060.32
11164.5
35644.6
17396.6
19141.8
27952.7
16915
15170.2
14274.7
17471.9
22489.8
10019.3
25410.6
15788.2
8283.04
14530.6
42393.9
23387.8
28146.6
14163.5
21070.5
11270.1
27027.9
20743.1
15798.9
11882.3
23911
22884.4
17747.5
23181
37929.4
13206.8
18071.9
24178.4
27349
25545.4
29176.2
28741
46572.6
13221.8
21956.8
13450.9
16247.2
20925
29634.2
26000.2
9939.04
17595.8
17305.4
17303
13254.5
30150.2
22796.5
22620
16006.7
22063.8
30888
15709.6
27539.2
24716.6
42081.3
20998.9
28976.6
14678.4
11354.2
39909
16253
21576.2
20519.5
14461.3
35430.1
11425.1
21057.5
47330.6
14163.4
34135.9
35533.6
16928.7
12811.8
21090.3
22914.6
28895.4
10741.8
27068.3
18397.6
20092.2
13654.8
28134.8
19763.8
16958.3
16114.1
41924.2
23817.3
10234.2
17440.7
10852.7
17893.7
20333
20397.8
11363.6
32519.4
11131.2
13627.9
21314.4
23773
25770.4
18572.6
23421.3
9487.92
4165.68
16163
33386.9
25211.9
27918.3
15145.7
22806.2
9954
10898.1
13120.7
19231.1
16149.8
26371.1
9701.52
13962.6
25706.7
13574.6
24255
13262.9
13080.8
16284.2
9958.32
22926.2
12091.3
14650.3
20102.2
9548.08
16595.9
23094.2
15116.5
10316.5
11800.3
11097.4
9632
25354.1
14309.4
24357.7
15115.8
23609
13820
30530.8
19025.6
14944.3
16108.5
33642.8
25027.2
13768.3
15355
25914.4
11665.8
14486.2
9326.48
26225.1
25374.3
11430.6
16946.2
14459.7
25594
10127.4
14171.2
15959.6
23815.7
20723.8
37400
13445.4
8602
8391.2
19924.9
22604.6
34533.4
19674.2
21461.5
15733.8
16776.2
26731.8
15050.3
26018.6
15031
14693.4
18657.1
23779.7
14392.7
19075
28300.1
30242.9
17924.1
20279.6
35571.1
15905.7
18074.8
17318.7
15820.1
17222.9
12980.7
23540.2
18238.2
14646.4
29217
9212.8
16642.2
13451
24082.8
22163
12015.9
23520.1
29185
15256.1
26308.1
13800.5
35373.8
18806.6
32906.1
15678.6
31965.8
8681.36
10419.9
10762.2
9696.72
24330.9
19441
8786.24
18921.5
21823.1
40815.8
16699.6
15539.1
9853.6
5976.64
25205.6
12550.3
10472.2
30625.3
19934.3
10081
20773.6
18111.2
12872
22936.6
9323.44
17912.9
12251.6
11469.8
14699.3
11158.6
24221.6
12116.6
30251.8
17387.6
21398.1
29641
18648.2
22073.8
18196.1
12226.1
6710.88
40984.7
23746.8
18632.9
20582.6
21929
12247.4
25230.8
10657.6
17847.8
25047.5
26141.4
29220.4
32623
22182.9
15621.4
16098.6
28487.4
20194.6
31734.6
16994.7
26404.7
26615.2
36755
15359.3
21532.6
13584.5
37038
15275.6
5730.72
9333.6
22650.2
14795.4
19219
23505.2
35015.1
22868.6
15880.2
14126.4
9060.24
18158.6
29374.1
24043.4
6204.24
42231.1
5172.64
19336.9
22599.8
6711.04
25076
10953.3
27752.2
15827.4
33086.4
31781.1
23094.3
15529.3
17755.1
32454.6
29236.1
15976.2
30670.4
17305.4
15816.7
15849.2
18044.1
5387.2
19829
23358.2
38265.7
13238.8
14455.5
22852.6
22651
18977.8
17353.3
20390.2
37496.8
16699.3
33723.8
14849
12688.5
28807.1
26335.7
26657.7
33379.2
15328.6
22913
23619.8
21550.1
14847.6
14784.1
24525.9
18682.2
26267.8
20909.4
29661.1
18240.3
18083.2
19132.5
24592.6
37536.6
21328.1
21929.5
22721.3
21989
24848.1
22175.4
24211.2
18077.3
20514.9
34419
31222.4
16069.7
16348.7
15391.5
20274.8
25585.4
15414
9838.64
25178.1
20558.8
26263.1
18125.1
14286.9
30009.5
21786.6
12115.6
14651.8
11280.9
19399
27727.2
14582.2
26568.5
26441
6411.52
17145
11693.9
13185.4
16069.8
26833.6
28350.2
17040.5
31843.6
34976.6
23931.1
39026.7
22150.7
16385.9
25207.3
18598.1
24877.4
36759
31470.6
7782.08
21319
24560.6
18897.2
26542.6
14834.6
13448.6
15636.5
17362.1
21043.1
24431.6
23937.3
17318.2
24633.8
19643.2
20084.7
26513.7
16008.2
12774.8
25379.9
25948.8
17865.8
12080.8
27170.8
25189.6
22121.1
15595.3
31319.2
11170.6
6144.32
14955.9
25512.9
11223.8
10396.7
9860.88
17607.4
21952.2
14635
11554.2
16877.5
8917.6
16697.8
14103.2
19484.3
11971.8
8784.64
43227.8
6476.96
32844.8
4922.4
18228.6
6344.16
15590.7
11207.7
16033.3
12200.6
13149.9
16961.3
14313.6
21265.2
11644.1
23097.3
15697
10380.3
12193.5
12732.4
27903.3
27627.3
31004.3
15766.8
33662.1
9569.76
4279.12
19823.4
17250.9
18664.8
38001.2
12273.8
22608
12951.4
12775.4
9789.68
10546.9
9817.12
20573
11980.3
11192.5
16941
18340
31343
7525.52
7292.48
9740.32
15183.7
19188.4
18366.6
17198.7
10601
10522.7
25345.8
25097.8
11159.3
11864.6
17134.2
38819.8
18569.8
18734
36071.1
16828.1
11630.7
14463.6
24184.9
16968.5
25948.6
20187.1
17437.5
42264.3
19576.6
13980.3
38249.6
20609
10582.9
15719.1
15706.5
22700.6
20690.7
21044.4
21719.3
27933.4
12015.7
19830.9
8829.44
11045
32022.7
23722.8
19058
8669.76
28695.8
9244.8
9830.88
33790.2
25033.8
33785.3
13875
33000.3
13636.6
26483.2
20226
33751.3
19108.2
23079.9
16371.9
11745
18232.9
22203
15151
36295
23692.1
16784.7
21716.7
30706.4
17382.4
22045.1
24583.4
38337.1
33637.4
15757
31100.6
18632.9
20409
29653.4
19397.6
10414.5
23435.4
39703.6
16364.5
20455.8
19233.1
11960.1
15566.8
22486.4
13171.5
16169.8
21948.1
9711.36
21632.5
11774.8
11143.7
26313.7
21178.8
12848.2
33053.8
20280.6
25975
18549.8
21717.8
25250.6
25381.5
24508.1
15467.9
27087
17763.5
51550.1
20234.7
33043.3
27831.1
20025.9
10675
31410.5
35478.9
16849.7
31283.4
31459.7
11870.3
22798.6
16054.9
26353.6
13856.1
10427.2
14194
17179.4
23282.7
10321.7
19764.1
18559.4
14185.4
35076.4
25848.1
17278.4
13985.9
52618
28941.4
31285.2
35889.4
28451.6
27169.5
38243.6
21621
40442.1
37765.2
22775.9
13258.7
13507
16017.7
18152.6
16650.5
30366
40080
19169.4
15812.2
33952.1
13552.2
17269.1
14657.2
42106.6
23682.5
32082.5
10821.4
15277.3
18202.8
20984.4
23784.2
17975.8
25311.4
15524.9
22188.9
19386.1
16031
16041.8
9836.48
23387
23376.6
35448.1
14601.9
11435.5
26198.8
12052.2
20955.8
36453.4
25252.7
18337.3
21384.6
8856
27868.2
29103.9
18969.6
12196
16613.4
21161.9
30668.2
8178.08
25295.8
14838.2
32353.5
10535.9
16262.9
39693.5
37284
25056.8
16831.4
20448.2
12519.7
11019.7
40357.2
24310.6
12043.3
38612.5
12351.5
12088.6
28099.2
23892.7
13246.4
14997.8
18261.6
35990.6
21222.8
13635.5
12764.5
22205.7
33140.2
38728.2
16366.1
14663.9
29442.4
16790.2
7335.76
30517.8
22977.9
17370
22835.5
12359.2
15225.7
43806.6
35914.6
25421
11239.8
22042.4
17430
16770.5
29884.1
14404.8
29301
25961.9
13782.6
17954.1
8650.8
16767.7
27998.9
19548.6
31367.5
24738.6
10094.9
16220.7
26968.2
11999.8
27336.6
20146.1
27908.9
5689.52
21776.6
28304.1
22576.7
22818
28368.6
6870.24
12087.4
14171.4
10527.8
9243.36
16662.2
8868.24
17586.7
18555.8
24319.1
27307.6
37529.9
25806.2
14903.9
20772.4
12737.1
7136.48
15401.4
27195
17260.5
11338.3
16374.1
29935.1
25567.8
27202.5
25427
17482
15707.8
16689.8
38800.7
35503.7
20466.3
26630
21225.4
22702.4
25503.4
6115.52
14965.1
11168.5
12016.7
16972.1
11961.6
10870.5
34802.6
10680.6
13254.9
13173
29931.8
16768.2
29300.6
48522.6
23585.8
24969.6
24480.2
28276.6
19008.9
23932.8
16717.4
20520.2
14013.6
17527.3
31829.8
35192.9
17670.6
14227
20588.7
27694.6
21536.6
12938.6
13529.9
27989.5
11791
15650.3
15159.7
19980.1
23743.8
36282.5
42006.2
27073.5
22084.6
8653.84
23344.2
30814
31110.1
9403.6
14854
17793.3
21415
8774
19772.9
34845.6
18134.2
30937.7
10969.4
17794.9
34994.2
24796.1
29733
23671.8
15949
16940.8
11228.7
42166.5
14150.6
18506.3
17723.8
17327.3
10689.2
17181.8
27786.4
11962.5
15841.6
20932.1
25305.9
13597.3
9025.68
18493.6
18909
15172.5
22811.8
22702.6
16205.8
9242.08
27364.6
11853.3
8712.8
19750.3
26308
12434.2
23991.6
12998.2
21375
12118
25939.5
14149.8
16489.2
17995.5
28783.8
29716.2
11989.1
12615.4
19661.4
11335
12845.2
8300.72
15026.1
14620.7
39648.9
11363.9
47192.2
17710.6
27104.6
20491.4
15140.9
17672.6
13234.8
10692.6
13466
37170.3
10195.7
14416.7
30357.8
14133.1
9208.4
16399.1
53143.8
19166.6
9413.44
19094.2
28467.2
12764.3
22727.4
13055.6
27138.6
27749
15914.2
17688.6
11718.6
6782.48
19140.6
27581.9
20095.4
15390.5
23335.8
18539.7
17024.8
6271.84
19575.7
52311.4
8652.88
15903.2
33277.6
18137.1
11765
30460.3
32221.8
5344.8
16135.1
15570.7
10609.8
19397
19184.1
13807.8
13147.6
10772.9
11543
26424.4
6743.36
20883
5880.48
15697.8
20475.4
30220.5
16333.8
32227.5
26852.1
11097
37639.6
26889.9
33421.8
21422.2
22245.7
22555.9
14637.4
26270.2
37493.1
39894.4
21997.2
13999.3
26910.3
14952
12831.8
36787.8
19398.8
22704.4
10862.9
15923.7
19175.9
22003.1
31506.8
12665
17926.2
12138.9
18621.7
32495.4
9743.52
16296.4
23095.5
25157.5
10130.6
10422.9
22243.6
37685.8
12580.9
9548.4
28827.6
11857.8
12021.5
29751.4
10982.1
22775.3
24504.6
32202
19050.7
14080
11707.1
20552.8
19668.2
21038.6
17485.1
15712.4
23733.4
16558
17170.2
10478.6
13536.7
7444.88
21124.6
24138
11161.4
12596.3
9325.84
9864.24
18095
23172.3
14611.7
15448.4
19599.8
28989.4
34880.2
11082.7
15479
11869.6
12771.5
21356.6
37607.5
25594.6
15923.1
15476.2
15213.8
8280.88
19620.4
23572.6
39575.8
18908.6
21535.8
9852.24
10959.1
15836.5
10952.2
26647.3
22666.1
28526.1
15328.6
10867.8
12021.2
20054.1
28287.6
29731.8
14701.8
23362.6
17500.2
20278.2
17714.5
23145.8
9384.88
21444.1
12721.8
15018.9
21473.5
29513.9
22890.6
16876.2
20489.2
8707.44
21825.8
23120.8
10285
27105.4
14596.7
15299.1
12591.5
14141.5
16244.7
15545.4
9848.88
10197.9
25566.8
10595.4
26631.2
9477.2
8600.64
21095.8
18613.3
19325.4
22982.8
16945.7
20781.4
22447.8
13916.2
31746
36415
9087.44
15918.4
5518.48
14146
18944.7
28865.7
22950.3
7622.72
13556.6
19506.2
14629
15856.6
14942
22845.4
15688.4
4820.56
23213.8
19819.4
15764.2
18911
7487.36
28247.7
26543
17527.1
26988.3
23153.2
11396.6
21005.4
22476.6
18096
14227.9
10447.4
8604.32
16890.7
14358.6
18144.6
22800.6
14240
25075.9
17073.2
18278.4
12708.2
22845.9
23794.1
9173.52
11652.5
24357.8
14119
12774.4
34348.6
25716.8
13952.3
24255.4
11636.9
33553.9
17678.2
16974.4
25761.1
17506
16316.9
18400.5
30784.2
29447.8
18781.9
21971.3
9249.04
8561.04
22415.5
17755.6
18257.7
6806.48
30366.9
19126.1
12224.6
27550.6
23834.6
20729.5
18453.7
13404.1
15864.6
19229.4
24040.7
20204.5
14841.8
24795.7
29773.5
16862.2
15472
13710.9
20732.2
23359.4
18767.2
16725.4
26302.2
33234
14818.4
35664.2
15064.2
28416
13481.2
10572.7
25318.9
33517.4
17624.2
17521.6
21129.1
27202.5
22999
27247.6
32133.4
35359
31479.7
14582.3
19588.4
24949.2
51357.8
26130.5
20994.9
19310.9
19005.7
25540.8
35029.1
14346.8
38283.2
22110.8
14958.9
32926.1
17319.3
30118.2
41156.5
28547.8
20390.3
25212.2
22118.6
15233.8
40164.5
20313.6
10955.4
27721.9
28661
24846.3
23014.4
28811.9
24595.4
25083.9
21035.8
19574.6
18714.6
27663.1
32424.5
24425.4
18393.1
23103.5
18098.7
11724.8
21814.3
30071.4
16773.4
24450.5
18127.4
31815
29266.6
41601.4
19559.5
37038.2
25217.4
60788.6
34859.4
16491.2
34266.1
11395.8
31773.7
31260
23818.3
26601.6
21090.5
19998.6
43862
17205.3
20776.8
20033.4
24069.2
23295.3
25288
22662.6
37270.7
17750.3
19295.6
27005
9887.36
22698.3
29209.5
36469.7
23990.6
13206.9
23382.5
14539.5
15013.2
40727.5
18231.4
25715.6
39748.7
9711.28
23023.7
26958.4
11580.2
28232.2
16832.8
14045
13376.3
24091.1
23067.3
25938
21790.4
27432.6
17519.8
41189.4
25902
26573.2
13215.9
19369.9
19890.2
13351.4
24199.1
22967.3
14867.4
15875
22794.2
25986.6
15844.4
11927.7
10129.6
15816.2
13889.4
14284
36600.6
13851.5
13752.8
29455.9
21516.6
20458.2
17856.8
25282
11577.8
19763.8
17585.9
20978.1
21698.1
10571.6
8820.08
35754
16392.2
33361
12451
8346
13707
22542.6
17128.8
15044.1
16837.2
25223
5786
10936.4
12639.3
18383.2
10956.1
29474.6
19696.9
27194.6
24724.6
16813.8
19087.9
16680.7
28411.9
11182.9
23183.4
14531.4
10031.3
7287.12
34399.3
17652
20611.1
26778.1
12240.3
15524.3
35761
22635.4
34559
13000.8
28694.5
12997.4
53891.1
18762.7
26285
27319.4
10197.5
17334.2
17620.8
17767
21045.5
8692.8
28985.7
22496.8
17819.4
36464.9
20047.9
36689.4
11189
7871.92
7483.84
30101.9
18145
23677.4
16645.4
35912.8
28688.1
12386.5
20530.6
12563.9
13055.7
11446
17034.7
11329.5
16558.9
18853.4
11402.2
11505.5
4416.56
24921.1
13247.6
14679.6
9078.64
4612.16
22161
6430.08
28097.8
18399.6
10198.1
10254
35924.6
8916.64
13719
11583.1
7996
32467.9
9193.76
5240.56
7689.12
11380.2
9784.8
17405.1
23433.2
14961
13204.1
16067.7
9346.4
23596.5
29296.3
18950.8
23058.7
14077.3
27068.5
16452
11086.6
8102.24
14454.8
24699.2
15892
17442.6
16997.4
39773.8
15578.8
24777
17232.5
24659.1
20803.3
26618.1
10387.5
13067.8
18594.1
16441.8
14317.3
26042.1
37114.5
15864.4
26840.7
8085.84
16179
23733.9
15717.3
4730.08
19792
41743.2
27592.3
8805.68
28134.6
20485.3
24222.1
12111.2
16725
10980
29724.2
24914.4
19356.4
13447.5
17022.9
17934.2
15941.3
25130.7
8880.48
13586.3
14680.2
4566.16
17535.8
31790.6
14102
27352.5
22745.1
14122.9
6040.48
22211
34794.5
16561.3
11811.4
21580.7
20724.6
11737.4
17738
23674
12123.2
13803.4
12631.6
20868.6
10290.9
20320.4
10573.3
22061.8
18828.1
13264.9
12699
28836.5
15412.3
6041.52
10112.4
16178.5
29240.4
12824.9
20739.3
29476.5
22113.9
12222.8
15124.9
8889.52
18076.3
25481.2
23112.3
18973.8
5707.36
10028.1
11326.1
11127.4
10378.5
10315.8
18378.7
12880.1
8423.28
4984.08
17302.2
16250.5
21897.4
17826
14770.9
21611
6177.52
53046.2
14217.6
32228
19495.1
23168
22956.2
11998.1
21199.8
17666.1
12362
20155.6
11316.3
8390.24
25124.2
14488.8
34410.6
7035.92
20665.5
6510.32
18605.1
15829.7
8858.64
7990.72
7754.72
30644.6
9296.72
14748.2
14960.4
18848.1
12523.4
16618.7
26009.7
29682.6
21495.7
12277.4
9606.8
23924.2
14189.4
14037.4
15944.7
21841
15529.7
40146.8
13378.1
32282.6
20701.7
16511.4
16157.5
19870
42021.9
14677.8
34443.2
33226.6
21245.1
27192
40101.8
29491.6
23465.8
21903.3
32699
19510.6
21766.6
36675.5
22828.7
15831.8
14825.7
19776.8
18088.6
10177.9
33155.4
26750.2
14839.5
12199.4
21431.8
29379.8
16346.2
28711.9
18891.3
33510.3
40506.9
21359.5
17116.6
34208.6
20115.7
18282.9
13913.3
26497.9
21448.1
19733.6
16517.1
18714.5
45280.1
10318.7
8542.96
37098.5
13486.5
13787.1
32235.4
24441.6
7828.32
11492.6
14121.8
10804.1
12068.6
10524.1
23284.6
10828.2
7227.68
32069.6
10530.1
20860.1
28020.5
24049.6
25170.2
17695.8
20496.5
11047.6
26509.3
37113.2
13720.4
23327
24744
7833.04
15472.9
19209.2
27979
15069.9
23240.2
9052.16
21377
19292.4
8017.68
22759.8
15949.4
43416.6
10925.6
16217.4
22891.8
14748.8
32336.7
14755.5
8602
16919.5
19018.7
31866.6
14308.9
21003.8
16954.8
8304.24
30211
20758.4
14092.3
23725.2
44816.8
31388
36955.8
21652
29102.6
16993
27006.8
17524.1
27248.9
22926.8
22927.8
21706.1
15546.4
30623.8
23602.6
12460.4
26346.1
20395.8
36263.4
18190.2
38457
18307
20120.6
12056.6
27099.7
17187.4
28719.4
15709.6
16245.8
11456.4
31984.9
21985.9
38092
13909.8
13944.9
11883.9
14803.5
17696.6
18600.2
28648.9
10355.8
31340.1
9323.2
21748.4
7321.84
10502.9
38079.8
12172.4
21012.1
14462.2
11218.6
28748.6
18271.8
25132
6123.12
18743.7
22179.2
22769.4
14840.1
9136.96
15421.3
17832.2
10198.2
20020.1
7214.88
7143.28
17410.6
21372.2
35059.5
20596.5
39090.8
8462.08
18846.5
29131.8
14763.9
34860.7
11978.1
23680.6
27649.2
15722.5
22950.2
11553
19766.2
12237
13700.3
8540.4
16865.8
23513.8
11316.1
36751
25457.3
21996.9
24943.6
14634.2
14912.2
21456.3
24387.5
10353.5
21253.8
14185.7
13943.8
23019.1
12838.3
16131.1
12333.3
30671
37334.7
12336.6
14537.9
21302.2
19371
19206.6
9523.6
11822.2
23218.1
30675.4
13810.8
17258.2
9874.88
11652.6
17988.9
12981.7
28717
24573.1
34160.6
22005.9
12206.9
14251.7
19166.6
17719.3
56436
31624.6
7814.8
41058.4
19801
17339.3
24463.3
14823.3
13131.5
14047.4
15588.3
21818.2
8090.88
10173
15297.1
27725.5
24985
28588.4
26555
18842.8
26524
22880.6
12887
20533.1
31541.8
19044.1
15457.4
11272.3
12964.6
17917.8
20321
18736.5
14975.8
34659.8
20431.1
18514.1
47884.2
28804.4
20360.3
14642.6
13985.8
21859
14760.2
25753.7
17061.4
15999.8
12079.1
36508
30019.5
28442.7
35003.4
8358
21276.4
18432.9
18415.2
27060.8
13607.9
11270.8
13061.8
10981.1
12837.9
20930.6
27232.7
23081.1
27740.6
7025.6
23524.3
9062.8
33219
13154.3
12936.2
18783.3
24742.4
27458.2
14766.5
10413.8
32525.5
31332.2
20782.5
19890.1
23869.4
23030.7
16757.1
17317.8
26818.5
21739.8
14482.2
17404.2
27141.6
15839.8
28271.1
19045.7
9893.76
21559.2
22462.2
24796.6
15861.7
9581.28
13811.8
13564.6
11490.2
41294.2
18132.9
6283.92
9247.76
23103.4
27288.8
14986.4
20318.7
17923
12176.9
14308.2
29154.3
14803.1
24633.4
35420.4
6711.28
18453.2
14854.2
20544.5
31471.9
17249
26140.3
12659.4
16648
10936.4
25001.3
11058.7
28492.9
13726.2
21870.1
18479.4
23559.8
16178.2
45395.2
27507.9
35892.2
15370.1
15579.9
16559.9
16965.2
23320.3
13950.2
16722.4
21863.8
24837.8
21280.2
20902.1
46070.2
13494.5
10669.4
13369.2
27741.6
13903.4
31791.4
34245.5
41909.3
9269.92
12292.7
31563.2
27203.2
20275.1
29075.9
12621
14098.2
18233.3
10909.8
27020.4
29649.8
25547.4
21485.8
5597.44
13548.2
23385
20687.7
24877.7
16348.6
33114.9
28244.2
43708.9
13120
9400.08
40087.4
16044.6
24146.2
31132.3
8363.44
22018.8
22013.4
20218
8995.6
18323.8
32626.2
31269.9
11276.8
13789.1
26568.9
14098.4
31436.6
23499.8
17806.9
17726.6
10738.7
13822.2
14428.9
21251.2
19109.3
14289
11858.2
11081.2
15221.8
35069.4
26710.3
18399.8
14354.6
12996.2
17579.2
12731.1
28065.1
22531.7
30352.2
30982.6
11591
13374.3
16278.8
12246
16167.8
20741.8
10347.5
12750
19382.7
4555.28
8901.92
44835
13592.2
29689.7
21737
10934.3
15164.6
12432.5
21875.8
33877.4
13442.1
15920.8
5220.56
24794.6
15403.7
7285.6
22415.2
11152.3
17458.2
31779.6
31401.6
38096.6
24120.8
10401.8
12778.5
15093.3
32293.5
13706.7
17047.8
14691.8
12987.6
9698.4
20336.5
25919.1
27944.6
9194.88
8120.4
14811.6
7857.84
17531.9
22528
21695.6
21855.8
6243.28
22804.6
27931.9
20097.4
22442.3
22928.2
18601.7
25156.6
22943.8
21753.5
8550.48
23985.8
26261.8
22169.4
16882
16029.7
11074.9
21339.9
14585.9
7606.16
12104.1
15784.2
12001.6
19571.7
47618.2
10018.3
18571.8
16230.8
9438.32
18099.3
29690.6
15982.1
24620.9
30155.8
18592.7
40182
17525.6
20404.6
13462.9
25333.4
14151.8
31260.7
11652.8
39899.9
20790.6
16900.7
27304.3
16048.2
7295.12
33091.4
10399.1
30984.2
22837.4
20792.6
12204.4
8789.36
15910.5
21600.2
19032.7
8360.08
29711.8
9996.8
8564.24
18877.9
16143.1
10606.5
25469.9
7108.32
17475.3
30056.7
30367
22707.7
16263.3
10285.6
35457.4
23526.5
14838.2
9554.56
12148.8
22712.6
19770.9
11470.4
6239.84
26143
12358.1
21477.9
8802.88
16717.6
25316.2
12223.8
41625.4
25130.4
31619.8
9448.56
21002.2
21511
23310.2
20756
5475.84
25358.3
10071.6
17500.2
15021.5
14649.4
7546.8
10247
10605
16641.7
17537.6
26401.9
26871.1
13829
11968.5
14526
14491.4
6837.6
13823
5032.32
12637
12494.3
24004.1
27887.6
30801.3
6316.8
19495.5
17744.3
9340.32
30487.5
16288.2
16411.2
25387
13897.7
8838.64
17911.7
18897.4
4136.48
19004.2
19184.4
24223.4
24341
13593.2
31994.2
14950
15148.6
30513.2
7400.24
16506.9
6838.96
11872.1
11367.5
30724.2
20969.6
15195.7
12079.1
16877.7
11575
21392.3
11565.9
8072.24
16470.1
13692.9
7997.6
20101.3
13864.3
9774.72
13855.4
29900
35854.6
29067
18267.7
27840.1
31258.2
14895.2
27499.8
13720.1
12644.2
13835.9
8584.4
10556.8
39309.4
33717.8
14686.1
12158.1
29565.4
11733.6
15623.9
6796.32
9846.08
23724.7
31171
13229.7
21178.6
22818.6
17313.5
6570.56
6610
22685.3
7460.64
7027.52
25999.7
10092.5
10637.3
24005.8
26052.8
15060
18982.4
5466.32
11380.7
22336.3
15073.3
21781.7
5432.32
6092.64
23348.8
26052.2
18564.4
39096.6
14857.1
37011.4
24573
31856.8
20473.5
8457.84
10834.2
15604.7
16347
21804.5
20636.2
13661.2
8372.8
13525.5
15279.6
11233.4
14403.2
43323
20547
19831.4
26734.7
19996.2
35342.6
13129.7
23171.9
27172.1
32591.1
17000.8
30558.8
30637.8
8138
10837.5
25829.4
24645.7
16454.3
24886.6
30617.4
20486.9
20894.8
27816.3
22831.1
19014.3
40405.8
37455
34455.3
24021.7
32021.8
20034.4
42410.2
22140.8
31077.7
15671.4
19041.6
41367.9
26192.5
17547.7
21992.8
10949.1
24951.2
25933.5
32707.1
38291.8
23720.7
19513.8
31876.2
13354.5
19586.1
18749.7
19373.5
45559.4
40550.3
19179
13338.6
24401.8
23622.6
16432.6
17554.7
29784.1
12001.4
42273.7
27411.7
24900
13405.9
21305
20438.3
26771.1
27927.6
35903.6
12101.4
22548.3
19382
13324.2
19985.2
29361.3
48488.8
21076.5
14365.8
24571.1
21949.1
17931.8
40067.9
19438.1
16359
18918.4
22910.9
13590
33751.1
21987.5
22792.6
21631.3
22583.6
23256.9
17390.7
15634.2
30217.2
30132.8
18939.1
14605
41885.8
16546.1
15489.1
15525
24129.8
35111.8
28922.3
17124.1
24541.8
13495.1
22146.3
23545.2
15945.8
36777.6
22626.9
17260.1
7511.04
21603.8
11244.6
18909.8
23662.2
24968.6
23344.2
17052.7
32446.4
22202.7
14425.4
16241.5
39471.6
15629.4
16639
50010.8
18802.3
25341.4
14621.7
18688.1
21225.7
26309
14807.6
9241.92
28743.2
33989.9
23280
25157.2
22832.6
19753.1
19418.2
14611.7
14249.8
22189
28976.6
26644.2
27964.2
23985.6
15502.6
14889.5
11698.2
15670.2
14757
25654.2
46844.8
12263
27491.5
10344.4
22854.9
19156.2
12973.4
41699.7
26870.6
10681
13410.4
14233
27659
26799.8
26346.6
18009.5
19310.8
20143.3
26646.5
22551.8
17875
12128.8
23480.5
32636.2
37574
28954.6
29286.8
6707.68
24471.4
16389.1
4498
31580.6
27663
11749
17873.7
9610.16
17088.4
12463
17804.8
33368
11782.6
13495
13714.6
17710.3
15427.8
10421.1
23449.1
23308.3
21917.8
10701.1
16181.4
8708.24
26274.6
15187.1
9509.28
26942.5
20661.8
16054.6
16473.5
12353.7
22657.7
37877.1
11930.8
14829.4
12429.4
25725.1
27110.4
10478.6
18086.7
12226.4
12412.2
34935.4
8992.56
12892.1
13186.3
31477.4
19979.4
10614.5
13239.8
15244.3
21414.2
11452.6
25917.5
12099.4
16633.6
18643.5
28743.5
14670.6
11895
22025.1
15720.6
20822.7
19369
7087.76
20784
12127.4
22039
10763.9
13097
12197.6
29291.3
24721.5
28643
13254.4
7744.56
19112.2
19088.7
7267.12
19829
9503.68
15361
10671.7
26975.1
9961.2
34615.4
9011.04
21547
22833.8
30251.2
12613.5
21866.6
14275
24688
19642.9
27881
20911.5
8117.52
26616.7
16938.9
23469.7
22086.6
16426.3
10784.7
14981.5
7468.72
16498.4
18102.3
21754.6
18048.9
9590.48
11207
20334.4
7178.72
27682
11722.6
8689.36
7078.56
30581.4
21164.5
12044.2
20691.3
22744.1
18378.3
18408.6
20315.7
10755.8
12868.5
10382.9
15341.9
15399.4
17973.8
15641.2
7404.64
11454.6
27030.2
25508.9
11722.6
9008.56
22108.6
11567.3
16092.5
12404.6
12840.6
27312.3
12203.4
6903.12
8467.92
24002.6
16373
22152.5
6077.28
13835
27480.3
28030.5
19453.8
16543.4
18418.3
32136.4
24650.2
12456.3
36395.1
9880.64
21811.5
32984.5
10609.8
30224.8
14473.2
14510.6
25637.8
18199
13122.2
13279.6
20184.4
26491.7
34087.1
21372.7
17897.8
25800.2
45668.9
17937.4
7626.08
43166.2
13591.4
26645.1
25090.6
11878.5
15918.2
18528
5727.84
21825.9
10566.6
8896.88
17267.2
8317.68
12222
22816
23788.4
7657.12
13042
14225.7
13219.9
9176.72
15866.7
10828.8
8822.48
27073.4
28202.7
10184.9
11485.1
14544.5
14118.1
5811.28
8281.68
8501.2
9437.92
19374.6
3688.32
28079.8
18100.7
12722.2
18127.8
24188.3
32979
8155.28
24511.6
30409.5
9682.96
12513.6
13219.8
16004.6
12503.5
25829
6940.56
20135.8
31233.4
19551
39075.4
39221.3
9257.6
19189.4
15619.7
24732
15498.7
18691.6
39194.2
20834.5
7413.52
30592.8
18283.2
36721.4
18523.4
7659.68
13636.3
15525.5
26068.2
15479.4
17017
24287.3
13145.8
22725.1
12139.2
14666.6
9220.72
32532.2
9210.32
26492.8
44374.3
47090.1
16021.7
15961.3
19092.1
26526.3
20260.4
21316.2
17036.9
17191.8
11449
18466.3
16256.2
14766.6
20123.8
6611.52
21452
18640.2
19206.5
27391.1
25210.8
20577.8
17730
19103.8
14996.3
39298.6
23758.1
13645.8
12867
20936.7
17419.7
18936.3
10362.3
29188.2
24648.6
33397
29474.8
14929.2
13858.3
21020.6
27968
21562.8
9508
6307.28
22985.6
16650.6
25378.6
25881
19307.8
6839.28
16420.9
18269.6
19608
26384.2
21603.4
30505.4
40764.6
13904.4
23581.6
15217.2
34215.7
21974.1
28469.4
16243.3
25479.8
36606.5
19034.1
18661.7
25262.1
22841.9
15396.3
16952.7
16861.8
14006.2
19536.3
9557.12
20217.3
20420.6
22405
19463.5
28633.5
40798.5
20101.2
28735.1
25883.5
23086.4
26273.8
21842.1
10985.9
17139.4
23766.6
21747.9
23254.6
15444
17199.3
19237.3
36780.5
22796.2
20362.6
41211.4
14366.9
20798.1
20261.8
22853.8
25909.2
12396.9
17234.6
8864.48
10428.9
9784.88
21243.5
19484.4
22922.2
18590.6
14714.8
15647
10525.9
16137.8
11864.2
23537.8
10028.3
20707.1
28635.4
13218.5
43131.8
6378.72
9632.08
28319.9
19305.7
15949.8
18906.5
19051.8
12815.2
13662.8
16224
15745.4
15209.3
13980.4
14482.1
26856.7
9749.04
12653.8
38295.2
15005.8
16058.6
24345.9
14593.9
9783.84
34454.6
14618.1
17198.6
22335.3
19096.4
31959.4
32470.2
14535.3
25569.4
12734.6
11515
10653.4
45481.1
9493.68
15683.7
17852.6
47506.6
14740.2
21843.8
19321.4
24871.1
19039.6
33845
17384.2
25175.4
13465.4
22391.7
9092.56
20590
12600.7
21796
12138.3
18231.5
20367.8
17263.7
19580.2
7816.72
10281.3
8361.76
9752.8
15958.2
13567.4
18291
32682.5
16260.6
14711.4
12109.2
8763.12
22748.6
15752.2
22802.4
16950.6
12371.3
14811.3
28563.8
8387.68
24272.2
11375.4
37672.4
35139.9
20989.4
23855.5
25992.5
22234.4
15598.2
29493
9974
33052.2
21976.2
17480
11768.8
10837.8
17666.5
22441.9
37877.8
27953.4
13961.4
5171.68
14313.7
24450.9
19864.9
31826.2
13692.4
17808.5
22075
20224.9
6075.92
10020
6454.48
13536.5
9159.76
9170.72
7333.44
3798.8
18704.7
31261.1
19834.3
18322.8
4267.84
22335.1
9033.44
17356.3
31911.9
17231.7
13583.8
23259.6
13950.2
20583.3
27702.4
28155.7
18312.2
15269.4
26084.4
16005.2
20897.3
16313.4
20154.4
16303.1
26577
10684.7
19746.8
25935.1
7993.44
12240
25896.2
35539.6
23288.3
27212.7
5131.12
25073.4
25843.4
35442.1
30075.6
11728.9
15385.3
24882.6
11898.4
44355.5
17539.3
24184.9
24064.4
24166.7
15774.1
17272.3
14910.1
24757.5
19178.2
10148.2
25440.2
35893.5
15751.2
19455.6
21834.6
39227.2
35615.4
29019.8
27421
7914.16
30681.2
31781.4
13959.9
28030.7
27447.5
25676.3
22660.2
15475.4
22977.3
23210.5
19302.5
31765.4
39612.8
18374.4
20286
17237
20524.5
31682.6
25849
6955.44
9422.56
26020.7
14587
41418.2
27195
13230.7
46873.9
10402.8
35404.9
29279
12326.2
32625.9
16057
17081.3
16869.4
22102.9
24701.9
28456.3
14983.4
17273.7
15304
22149.8
12779.3
30748.1
13220.2
29109.4
21862.2
13269.6
18193.5
11711.4
39138.2
13711.2
31198.2
34981.2
15327.8
12982.1
22303.4
22643.4
13421.4
13613
21334
24217.7
20356.1
12708
37393.3
25495.2
18311.3
30618.1
17268.9
37524
22143.9
20952.5
10425.6
20102.6
38372.9
24273.7
28848.2
26329.3
17609.8
16469.6
15315.8
9702.48
15147.3
12888.6
22779.4
8856.48
10940.5
12476.4
22405.4
22893.4
33209.4
10468
21191.8
8985.36
15671.9
13864.2
8337.04
15944.6
18705.7
12674
14196.5
34676.7
9358.64
13549.5
22185.4
10973.7
29822.2
12844.4
19899.9
13421.3
34418.2
20612.6
18193.1
13862.1
13199.6
11980.9
21585
15962
19573.4
17202.9
20540.5
12504.5
12294.3
24870.3
35473.6
19834.8
22544
7062
9021.2
17167.2
37352.5
34062.1
26816
9719.52
12549.7
25145.1
19223.8
24697.4
22408.2
20115.8
10550.1
10642.4
30493.3
22630.2
25781.7
7897.68
25879.6
12636.7
19466.3
25324.5
27182.8
17520.2
21988.6
23283.8
16132.5
23802.4
21595.2
14660.5
20625.7
28638.7
11892.8
30801.6
11461
11215.2
7438.08
40890.6
25667
12738.1
8577.28
12031.8
18389.9
29850.6
25536.2
22406.5
18511.1
24212.9
30894.9
31405.8
21716.1
22137.5
6882.32
27778.7
15364.5
12561.3
20201.2
26574.4
9406.8
34207.3
28677.1
33574.1
13613.4
15075.1
11765
24457.8
43582.1
13895.1
7231.28
15772.8
10915.6
7957.2
29464.3
22251.8
9646.8
6070.56
27685.4
38711.3
25527.6
10300.8
28535.6
20354.6
16345.7
31511.3
23538
26595.1
8530.32
19962.1
26162.3
18149
45117.6
22496.1
24865.5
33219.3
13875.4
29830.8
14118
18510.9
21873.8
31503.6
15398.7
26979.7
35140
39038.6
19343
24930.6
23492.2
24762.8
9811.2
16768.2
14933.5
5202
8379.12
11204.9
41996.2
17357.8
48306.6
9433.04
14201.4
26418.4
27508.6
29642.6
18750.5
25927.3
15867.7
15992.8
23458
17234.2
41511
33018
16642.7
22921.8
20180.6
27749.8
15443
41248.6
12129.5
5620.24
25929.9
11510.6
15872
7791.76
12047.6
8803.92
8717.68
17022.8
23098
11801
12084.8
18731.4
21680.2
22946.2
20853.4
10630.9
4728.16
10497.3
9396.88
10903.6
9964.16
15803.8
10619.1
23138.2
32104.3
40773.3
7574
15399.6
13201.4
13822.4
34278.4
17871.5
24316.2
4271.92
15233.8
7886.88
22659.9
29619
8982.88
11432.8
9946.88
5879.12
9256.16
23933.8
13148.4
15193.9
10956.3
19738.7
10288.1
14074.7
17825.4
20525.8
11951
20580.8
9721.76
4376.24
19672.1
17051.9
27898.6
9458.72
16687
25569.1
31744.4
34622.2
19868.6
24810.8
22404.1
20362.2
10241.4
13941.9
19433.8
34707.4
5334.4
36427.4
12151.4
40108
11283.7
13363.8
10616.2
37340.1
21212
19158.2
17267
13123.4
21812.6
21776
26188.2
33797.6
12979.7
15901
6753.68
8449.84
23744.7
30495.6
20840.9
9756.4
17132.6
18562
9942.88
21364.9
7128.4
39325.9
11384.5
12406.6
8770.64
10040.5
27407.8
21054.2
9016.08
21669.4
17203.4
19039.8
24108.6
24766.7
19141.4
17149.1
16383.9
37216.8
26996.6
20113.7
24545.1
18092.2
16927.2
18443
15823.1
30093
31299.3
14767.3
12098.8
20247.8
21193.2
18748.8
12513.3
21766.1
21694.3
21019.3
23215
15030.4
31328.2
15795.1
18705.3
4974.08
21685.1
10385.6
10549.7
27163.2
27874.6
9311.44
17269.8
13504.9
19497.4
17560.8
16197.7
7604.16
5093.52
10853.4
33263.1
16943.8
14600.1
12372.4
16837.2
8389.28
31850.6
13240.3
13815
25661.6
14516
18709.8
19306.6
25805.4
16914.2
10340.6
9644.8
22802.8
24309.5
36470.3
7004.16
31446.2
24402.8
30950.1
11330.1
33493
10391.1
7977.6
12248
26863.4
13191.9
11923.3
29494.5
10260.2
10757.8
24118.7
16800.2
22253.5
22988.8
14438.5
14173.2
13655.2
17118
17447
29479.8
17092.1
18535
33742.9
7954.8
15573.2
18830.7
19985.1
10379.8
30207.6
10641.3
28228.2
19936.3
30493.2
31739.7
27229.2
22767.7
14089.6
7260.32
14517.4
8852.16
10656.8
33804.7
11101.5
39976.3
10622
31679
18968.5
10503.6
24724.8
14124.8
9976.72
17911.9
27123.6
24405.6
24644.4
17063.5
21016.7
13803.9
15495.3
20689.9
28911.1
29277
16994.2
9341.28
15908.6
24509.6
24378.7
11353.7
23333.8
20193.8
48486.1
13653.5
16767
33578
9362.96
29394.3
25546.9
22066.7
18658.2
15464.2
19322.6
18959.4
19698.6
13745
11942.9
16083.5
19711.7
22889.1
14474.9
17012.6
10029.6
27559
34954.6
19853.4
23334.7
23634.4
38168.2
10934.8
11959.5
18208.6
13728.2
26057.7
15910
25433.7
15775.4
16284.5
25750.4
20088.2
17819.7
7467.52
22519.1
13881.3
11053.3
22534.8
35046.7
22006.2
17646.2
12026.5
16772.1
32335.8
11162.5
14487.9
11288.7
24025.2
35318.8
9935.52
31893.5
11379.1
12212.8
17849.6
25631.2
44177
22953.8
29502
11116
29334.1
17824.8
27544.5
46235.4
22395.4
16811
27971.6
32613
36284.8
22249.3
11520.2
34017.4
15326.9
23381.7
10082.6
11306.5
24473.8
20861.7
25638.4
11997.2
20731.5
24106.5
7218.4
27829.4
23426.6
17358
29479.1
41820.6
20282.2
16948
24396.1
29963.5
19038.6
23528.9
16372.9
17125.4
16347.8
26773.4
13942.4
13739.1
20625.6
16577
11906.8
12950.2
27642.9
11605.7
24429.8
31885.2
14163.8
17130.1
7334.08
8050.72
27584.5
15563.8
16179.8
31841.2
28367.7
26908.7
8946.32
20101.4
7958
9072.08
23844
17937.7
11619
33611
22364.5
30277.1
26467.4
23310.5
10181
13189.3
29999.7
34013.2
20868.7
28908.4
30181.8
20493.7
19676.6
9014.56
17632.2
12769.7
7773.28
23955.1
17461.4
19414.3
32489.6
36086.9
40091
22112.4
24036.9
23464.5
31380.2
38151
20170.1
36954.6
13484.4
23325.4
48926.6
20900.7
32426.7
14938.5
38882
38105.1
15261.1
33486.8
34681.2
19612.6
41082.8
10845.4
16656.6
38362.6
15876.4
13585.3
26288.2
25676.3
27933.3
21595.6
12580.7
23247
11298.6
19945.6
20749.8
7455.6
26076.3
19910.2
24140.6
20667.8
8169.68
35395.7
17451.3
20245.1
22595.3
9547.44
22954.2
46887.3
13240.1
36146.1
22042.1
12122.8
15447.9
11912.1
21378
38566.5
31785.4
13571.3
21930.2
54003.9
15667.3
24107
27040.2
15956.6
23317.4
24014.2
21103.5
15735.9
12379.2
20919.3
29097.3
10560.7
18140.9
18026.2
8277.68
28409
16387.3
8845.36
36097.6
6527.6
27365.3
32273
16793.1
6409.92
9663.2
11783.4
15304.1
35023.1
20687.7
16171.9
45955.3
10649.8
12418.1
19811.5
12177
18907.6
13023.6
31412.4
22029.9
10170.2
15115.2
8854.4
17740
16853.8
36202.3
12448.2
21889.1
13777.7
25410.4
22995.7
9751.52
32334.3
9777.44
19018.4
14296.9
22747.8
20762.7
19385.2
5763.92
9791.28
14199.6
17713.9
22344.7
8752.48
20177.5
13373.9
18212.6
22861.1
16479.6
16535.6
34071.4
23613.4
13279.2
8135.76
19827.2
31383.4
19655.8
22897.9
20013.5
24601.8
15152.2
17409.1
14149.2
12778.5
29432.2
23191.2
10634.3
12808.8
21819.9
9278.88
11021.7
12704.6
30282.2
8484.16
24652
12551.1
9701.6
22684.6
12008.6
12889.8
21749.2
13495.4
11481.7
35462.1
28902.5
16348
16973.7
19453.4
18293.4
25512.4
33136.5
11198.1
9211.04
15376.3
18403.4
10855.4
12887.1
25643.1
26158.6
34933
12980.9
8759.68
21618.1
19003.9
20097.4
18844.4
18649.8
31045.1
15681.4
12153.6
16516.7
10336.9
29388.3
18431.2
19219.8
31876.3
22278.4
23236.3
32448.4
21803.1
11567
32175.2
17720.5
20409.1
15721.2
16522.7
22056.6
19831.1
25794.2
16247.4
18917.4
29522.1
22901.4
21108.5
13650.7
16209.3
13478
12621.2
29268.1
14745.6
15376.6
11983.8
19815.2
12305.7
9602.96
12756.6
17373.8
49673
17514.7
15692.2
28337.6
18390.6
19260.9
26810
12455.9
22311.8
10587.5
16831.4
14642.6
14259.4
8729.12
19813.4
8271.52
7789.84
7730.4
17397.4
9094.48
17556.7
27921
28469
12840.2
26102.3
22067.1
18288.2
15588.2
27771.4
9265.44
16646.2
18695.6
9092
18272
19885.8
13082.2
12683
21791.3
14448.4
16330.3
13718
27692.6
10164.5
22907.6
7974.4
22649.8
8981.68
13141.3
19723.7
15298.6
12081.5
14760.6
9674.56
9592.96
35264.2
11777.4
31398.3
30248
14000.6
12184.7
20264.2
6034.4
17959.9
30223.5
19486.7
28760.5
23512.6
18011
9333.6
34572.6
21325.8
18036.9
22584.4
12727.7
20268
13990.5
33711.1
9494.08
34516.1
22877.4
18618.4
17119.2
38450.1
9569.92
11514
32294.3
22657.7
24739
24933
23204
20797.5
16832.5
20492
14467.8
19964.6
15998.3
5962.16
18327.4
23285.7
17552.2
22159.8
23068.2
12320.6
7371.28
18552.8
16037.7
28167.9
22977.1
14006.8
20839.2
17008.7
17366
11750.7
13387.5
9516.16
8038.96
25376.5
25687.4
14518.2
19048.9
9764.56
7550.24
14687
15087
31443.6
21816
12039.5
23582.6
15107.8
7725.2
19921.4
23517.7
14925.9
15343.1
17171.2
22613.4
14837.4
17693.6
12379.2
21790.8
8740.8
8866.08
10807.8
20202.2
17280
20599.8
30592.2
7160.88
25784.5
43840.4
13344.8
15483.2
14179.9
14787.4
14331.8
20547.2
17012.2
18687.8
16601.5
10395.4
18471.2
27426.8
10979
18468.7
40002.8
5283.52
8691.28
14019.5
10373.4
8777.52
15600.6
25875.9
19749.7
14228.6
20694.2
6730.8
5771.12
21410.1
21675.5
19588.4
17588.6
14496.5
37336.4
10111.7
37119.8
6489.2
15303.5
27234.7
30168.2
10453
18689.2
12039.8
6712
6120.32
17562.6
34859.4
37902.6
17786.2
10129.4
14295.6
15574.3
31567.7
17625
30090.2
12693
13298.2
35523.5
18946.2
9070.32
15182.6
24744.8
12292
13520.6
16680.4
47375.8
12721.2
5793.04
6872.96
36379.7
12293.3
12672.8
43488.4
21430.3
28753.4
18082.5
7545.2
25236.9
37063.4
22086.9
23481
18539.3
20617
12842.4
95311.5
17334.6
12149.8
32318
23773.4
13972.5
18391.8
13927.2
37021
16534.2
36972.6
7764.4
14069.8
19049.3
42787.9
18804.4
32244.3
17666.2
8862.96
13048
20533.5
14942.9
46942.6
20800.1
7231.2
27837.1
29016
20286.6
19238
10768.6
17284.3
9734.88
15841.3
21020.7
14709.8
27854.6
13580.1
16602.8
9359.04
25786.9
25709.4
14554.1
16440
18146.6
21904.9
19885.3
26398.7
13669
22680.2
38436.2
21830.3
10791.9
8959.84
29623.8
22656.7
31713
22917.9
22579.6
9481.36
13111.4
15913.9
26950.9
20752
24481.6
33380.2
18486.3
10496.8
18186.2
16213.3
7778.24
9399.36
24525
22485.8
17970.9
33801.7
22379.6
11505.7
26397.7
13628.2
7824.56
27375.1
22094.8
13102.5
22806.1
13332.1
31114.2
12065.9
18842
27808.2
21222.9
24778.7
18901.6
25730.5
19133.8
14366
27953.5
33249.9
28189.8
16249.4
22070.3
21973.1
22138.2
10448.3
12460.7
29048.9
42059
11696.7
6937.04
24655.8
14691.8
9774.8
29836.4
19227.4
33137.1
21553.8
18159.9
16103.1
27783.6
37936.9
31519.8
19149.5
18735.4
20226.3
24008.9
23490.2
9225.2
21971.8
10820.6
24042.8
16119.4
17916.4
20904.9
19608.2
9540.08
7288
19768
19682.6
14919.8
25248
8414.4
15392.8
22317.7
30816.2
9631.44
17739.2
29114.3
13542.6
15529.5
26569.5
9497.44
10831.5
17744.3
43128.8
15017.5
11297.7
9298.64
9819.44
16174.2
33805
43935.3
14408.5
7773.28
15379.8
37007.7
10861.6
25892.3
31123.8
9202
18496.1
22400.4
13809.4
22798.6
19904
13663.4
25547.8
33628.3
19073
11403
35465.1
20819
36918.6
24277.4
13335.2
9866.64
16560
16083.9
31252.1
45141
31145
32053.4
5607.52
18154.5
13747.5
19667
21480.5
14544.6
16817.4
13385.8
9249.92
21054.6
13986.9
8868.24
20388.8
11650.2
12207.3
9054.72
8284.96
28251.2
22883
24177.2
17174.7
10548.9
19078.9
16515.9
31181.8
47646.5
22360.6
11219
16051.4
10373.6
20570.5
13905.5
7722.72
14538.3
14188.5
27672.5
6705.04
7196.16
24807.6
13760.9
10327.4
29135.9
13312.4
19932
29483
6752.24
10770
14612.2
21069
16397.8
19593.8
22020.4
11415.8
33469.9
25440.7
13222.8
14453.4
21371.1
7909.12
7021.52
34881.2
8647.68
12099.6
7850.48
6628.96
14850
15665.9
17052.4
29859.9
6546.8
20743.9
11349
14980.8
30465.7
14843.9
30891.8
31024.4
22576.2
11912.6
27600
18226.6
13024.3
15787.8
10673.4
10546.6
15072.6
22547.8
30080.3
21676.6
21392.2
30398
9414.88
19174.6
33879.8
33317.8
11536.8
23305.1
22167.4
12133
32235.4
19317.4
9656.32
18860.6
18195.1
32585
25222.9
18711.6
28107.8
16253.2
27207.8
13423.7
14817.3
14818.2
18850.1
14532.7
25804.7
20184.4
28537.7
11613.6
45379.6
16425.8
26809.6
16455.4
19443.9
21612.2
9816.64
13249.4
14527.8
34538.1
10401.4
31725.1
18930.4
17978.8
31025.8
13100.4
19005.9
28208.6
33287.1
25091
21190.6
28267.8
15033.4
25845.9
16238.7
14946.6
33057.6
14550.4
29280.3
13490.1
13920.1
22603.3
20401.6
10327.5
20637.2
17107
12926.2
14699.9
27311
13071
17997
12614.3
31539.7
37738
12501
21181.6
23276.1
19956.4
21762.3
6558.4
30404.5
14812.6
19560.2
21884.9
10756.1
30877
25208.8
13428.7
31009.8
15838.9
8808.8
24785.7
45427.9
24185.7
12690
13716.9
27075.1
10414.2
13254.3
27053.8
11086.2
20343.1
12269.8
14153.7
40375.6
16665.2
16546.6
28889.3
20498.7
33132.3
24567
10673.6
14695.4
29008.6
25418.6
29416
26932.8
8900.72
17685.9
42831.2
9679.44
36653.8
15874.7
31050.2
23267
27840.8
15522.8
34995.4
18132.5
15304.2
22995.8
28115.8
14006.7
14234.9
12641
10386.2
16423.8
12433.9
37199.9
46220.9
35459.1
26148
36952.8
40508.1
22442.2
8637.28
13166.4
26350
37191.5
38064.2
31851.5
24962.9
17827.3
18353.8
28409
49447
19355.3
26390.2
13308.6
25508.6
26604.9
33406.2
16867.8
15235
12569.1
37152.3
17880.9
11385
26077
34077.6
15593.7
22886.6
16468.4
16041.4
17019.3
11872.6
15107.5
17666
24516.3
15430.2
24728.3
14528.2
23678.8
14337.8
26904.9
37430.3
21128.1
22399
18492.4
28742.8
14418.1
22966.9
13214.8
26209.4
13794.6
28107.1
23111.3
9034
19686.5
42625.5
14025.4
14847.8
28505.4
25517.3
9596.24
18834
17074.9
23997.4
35013.6
12195.2
26054.6
33967.4
10573.1
37328.6
22413.4
12050
22678.5
17494.6
34013.6
23615.5
20421.5
12769
17483.3
14231
15108.9
13847
20243.8
10653.7
27764.9
25418.2
42954.6
14824.6
22492.6
40165.2
11097.7
22392.1
13221
15032.7
19361.5
21103.9
9978.96
16405
32785
22612.3
13085.4
20382.7
12120.6
10470.1
9648.32
22312.7
27036
40230.4
14054
20714.2
14913.5
27961.6
18651.3
28619.3
27225
22733
22555.7
24975.9
27826.9
17687
26824.6
27767.9
11761.8
11838.8
27451.6
8639.28
21771.7
12920.9
20077.7
20338
40149.7
13773.6
18312.8
13815.9
4355.44
15684.3
9009.84
11056.1
18081
19661.9
20404.6
12886.5
13682.6
12596.3
25647
6946.88
11119.2
12006.2
9884.16
28652.6
25636.6
16647.7
8955.84
19883.6
22721.8
16175.3
30477.4
31653.2
18262.8
11410.6
20947.8
34652.4
17411.4
26149.5
21458.5
12626.7
18683.7
24211.4
6813.2
17723.3
28226.2
7549.2
42099
10353.6
30807.3
17189.9
16008
23012.5
23227.5
26400.5
28616.5
28820.2
20159.3
17183.9
32313.9
19220.3
18997.9
19159
7002
10591.9
31319.5
16999.9
8442.72
24855.4
18991.8
6573.36
19228.1
31011.8
25810.4
32144.3
6736.64
31595.8
13047.7
18438.4
10096.2
25319
13659
14319.5
27776.9
10521.7
23670.8
16259.3
13853.3
15229.6
11674.9
18357
25400.4
15298.5
20654.5
11665.7
45663.3
11519.7
40428.8
29182.3
10243.6
22790.4
8182
11491.2
10893.8
13188
15289.6
23293.4
41274.8
3977.84
21653.7
19126.5
24295.4
37851.9
17204.5
10461.4
19736.5
23697.4
34996.1
10333.4
15620.2
16638.2
12219.7
17620.5
12016.3
12087.3
28151
10546.6
22073.6
16257.4
27258.1
12370.4
11486.9
5395.6
17531.4
21832.6
23153.8
8820.64
27217.2
9904.72
8689.28
10023.3
25834.1
48297.8
28957.6
18181.4
18222.2
13510.1
16426.7
15746.1
10321.4
15850.1
23693.8
23093.5
26878.3
8674.64
30409.5
20507.5
14527.4
10182.8
20273
12284.6
10099.8
15035
19898.2
15599.5
10155.5
12230.1
23839.8
13273.8
9355.76
21778
7812.8
13102.2
26645.4
6934.08
41250.2
9068.4
11733.8
11283.7
21120.4
24085.4
10772.7
25370.2
19526.3
26156.7
14190.4
27756
18542.8
25821.6
9512.16
8735.36
27346.6
20289
16817.9
25704.6
15647
29646.7
5279.6
18343
16397
22653.3
23731.5
29952.8
24557.4
18582.2
16713.1
5761.92
21142.1
23278.6
22496.2
11824.9
25791.9
11963.1
8323.76
34659.5
13136
9605.84
29801.9
8657.04
15997.7
11565.8
16625.2
24893.5
6862.4
18776.7
9892.64
27035.6
24064
13956
8095.6
14147.7
18329.5
29540.2
10038
23784.9
9794.88
19308.2
13756.6
9276.32
17330.2
28771.5
7699.92
8105.04
4782
10698.2
39283.4
24390.6
20086.6
12611.8
10096.2
23652.2
34839.4
33691.9
17675.4
10209.2
28383.5
20738.5
18001.8
12326.4
26665.4
20623
13373
20081.3
38911
12397.5
19387
30605.4
15127.5
9938.16
22954.6
34259.2
15929.3
23477.4
38717.7
13347.8
20479.4
32413
12451.5
13284.1
22255.9
21107.8
29841.1
38786.5
29451.2
31536.1
11158.2
10616.2
19714.6
22073.3
14163.1
21739
25154.1
39026.1
35538.8
27055.7
21122.7
13557.8
22945.1
21018.8
21208.4
33321
17615.1
23217.4
27219
19121.7
19284.8
29978.4
11626.4
10338.6
18013.8
14016.1
14309.4
28092.8
11511.3
22160
19605.2
14327.4
18270.2
11497.3
20633.8
28789
18300.3
10433.4
10551.8
10127.3
12344.6
20516.2
14190.1
14421.8
16454.5
39979.8
15593.5
26194.4
11052.7
14005.4
11436.4
23109.2
15998.8
19838.2
22425.1
17257.3
20331.3
8916.08
16654.9
21506.7
20598.2
11979.8
13906.2
17983
12402.6
11581.8
12533.3
21443.6
11613.5
35110.5
14101.2
23277.3
18055.2
30268.8
9241.36
28059.1
11363.5
21993.8
20572.9
36059.4
27839.2
17120.1
18081.7
23390.1
31109.5
20079.5
19948.7
25472.4
33202.1
21011.1
11799.4
43896.6
35213.1
22724.6
26153.8
15304.3
21326.7
26602.9
37245.4
19442.8
25323.4
20140.8
14916.4
13891.2
15414
35927.9
14830.3
23039.7
22229.8
31956.5
12806.4
26014.9
27522.7
13348.3
28835.4
10794.6
27162.8
22931.7
10545
20473.2
20515.8
28681.4
17467.5
9776.64
32580.6
25795.4
22525.2
26033.7
14430.6
12701.4
15921.8
22628.9
28827.7
29168.4
14117.8
14951.4
24092.3
18484.1
16437.4
49815.4
11256.4
27909.7
13369.2
25499.4
18271.7
24830.5
14166
19235.8
13409
27659
14263
16927.5
10012.6
11483
12350.2
25715.4
19815.8
5597.12
15671.4
19579
18432.9
15856.6
21830.2
8728.4
15081.7
23326.4
31455
18066.2
12358.4
22410.9
27730.7
10884.6
29659.8
34320
23249.9
10135
12234.6
23290.6
13976.2
23256
14666.5
10296.3
6106.48
35839.3
20279.4
19463.4
21757.6
11147.1
7619.84
20534.6
34103.1
12056
8878.56
17788.9
10808.6
14925.8
11103.8
14486.5
13760.6
18884.2
26033.8
18689.5
26701.4
20568.8
18491.8
18971.4
19790.5
12723.8
10597
11929.5
26497.5
19140.3
10390.9
9789.68
15653
7036.8
23823.4
15112.1
30597.3
12170.5
8894.88
25410.9
21803.4
15840.6
22682.8
20632.1
25613.7
18837.4
12480.3
14365.4
13011.3
10295.6
17285
12443.2
18518.7
16809.4
6395.44
25247
23481.4
13641.3
19476.8
31426.3
7809.2
18774.6
10465
37571.9
9614.8
13161
26460
16533.5
8621.68
17270.8
21707.4
22662.3
15361.3
14894.8
26646.9
20920.2
31865.3
23023.2
13079.7
8604.88
13543.6
11536.8
5721.44
16153
16191.4
8030.4
18322.8
16027
10561.8
37035.7
24781.2
30280.1
7470.8
14687.7
17709.4
28169.9
13049.9
19830.7
14697.8
11310.5
9082.4
19210.6
16308.9
6689.76
8496.8
8442.88
6372.32
15924.5
6697.44
4595.68
22456.8
33282
10851.9
13800.5
36157
19216.1
8615.92
21156.6
17433.3
17225.4
10998.6
15216.2
12468.8
17959.8
28163.6
24622.5
10035
35340.6
33037.9
15880
14915.7
21121.8
12162.2
20508.3
7818.08
34496.3
29418.6
26153.9
9472.64
10395.8
21391.4
37021.8
37415.6
32884.2
8061.04
20870.2
19590.6
11529.8
21099.4
21995.1
16478.2
14151.8
23996.2
20523.4
19161.4
27676.2
12121.3
25223.7
24519.6
30475.3
10968.1
11844.9
11542.7
19281
13645.4
8743.2
27367
14033.1
25103.7
25536.2
22359.8
30693.8
5295.2
7824.88
15080.1
12582.5
16882.9
25958.5
20391.5
25907
8557.92
27141.1
8509.52
11583.4
33117.5
36643.1
20556.7
9738.8
16617.5
12793.4
11235.7
20336.9
17815.6
26989.6
18743.9
3661.04
13263
24071.2
22753
25836.4
13117.5
21121.8
14308.7
11777.4
25701.6
10963.9
7233.12
9412.16
20288.6
21113
18408.7
26912.7
35277.8
23434.6
8568.64
11669.8
12710
22858.2
12719.4
31963.8
38703.6
16286.2
21803.4
17920.7
18718
16435.7
23564.4
12083.6
7131.44
24243.5
24175.1
13201
20152.5
18108.4
23323.6
12399
25268.4
25171.7
35033.8
14647.7
11306.4
26096.6
17073.2
14794.4
20161.7
15858
15707.4
25969.5
36288.9
20821.7
16344.2
18389.8
18650.9
11156.5
26534.3
13856.6
43212.4
24154.2
18603.8
25168.8
20627.1
11426.2
32460.2
29771.8
22907.5
10539.1
17430.2
21394.4
12483.6
17342.8
29309.6
37342.6
32651.6
12165.3
23406.6
20656
25282.6
30492.6
8513.04
28912.6
38128.5
19720
20849.4
18833.2
18509.3
33085.6
26189.5
29841.1
56634.8
31132
26654.3
9747.6
12493
10644.3
24510
13870.2
11379.4
11703.1
11048.6
26836.4
13021.4
26865.5
25272.5
10820.2
14908.6
10515.8
23098.1
25078
25050
16316.2
13102.2
24316.2
34631
18012.8
13141.5
8983.44
21125.4
13009.4
43472.7
12094.8
8536.8
22725.6
12089.3
15713.8
29725.6
15309.7
26543
9698.24
19319.5
12806.2
15449.8
29769
18784.7
27105.6
20781.4
21135.6
19777.4
5905.28
31231.1
31197.3
19436.3
14031.2
14360.6
6294.4
32079.6
35378.6
17914.4
10995
17236.7
15245.8
22262
22095.4
13443.1
14165
21337.6
21742.2
30995.4
21164.6
28078.6
10159.4
24380.2
23648.5
11242.1
19092.1
17925.1
19962.9
23920.2
33947.5
24514.5
15559
28419.6
27288.9
15504.6
30141.1
31793.7
15053.7
15787.4
10357.1
31700.5
19856.2
21227.4
24092.6
9165.44
20701.7
23833.2
12338.9
13850.1
15076.6
23607.8
31065.4
22736.4
12962.4
21899.7
13017.4
18050.7
22293.1
17004.2
10245.4
19591.7
20879.9
16791.2
6682.72
15189.2
6599.84
18465.8
8376.72
19900.5
34872.7
10727.5
3474.4
26460.2
10316.3
12775.4
8155.44
41069.3
22191.8
17132.4
19411.1
17121.6
25258.3
14433.6
12742.6
17815.4
25592.3
9058.8
15122.7
27403.9
34338.4
13748.4
7807.84
11343
19644.1
34405.7
29158.7
12421.3
10729.8
28427
25715.4
9017.68
23642.6
10685
22596.7
23796.1
16238.3
25826.4
18342.6
16598.4
25156.6
28807.9
9054.48
8572.64
22297
15914.6
26361.2
25435.8
9184.4
7275.52
13006.6
13074.2
17893.8
15585.4
10269.7
9922.4
24479.3
10112.2
7600.96
12680.3
19459.4
8747.76
12378
19372.5
13965.7
8436.96
13611.8
14557.6
20772.2
28494.5
21807.4
19441.4
19859.8
24803.2
18312.9
16607.4
14298.9
7759.6
10793.5
13270
20319.4
23429.7
15883.6
16161.5
23057.4
12184.3
32409.3
12044
11155.4
7385.92
14795.7
53486.7
20662.7
8443.2
15860.2
14276.2
16689.9
20497.8
21299.8
14045.2
9918.08
15436
12912.9
6901.84
14218.8
4261.68
8686.48
21133.5
6284.88
18736.9
10996.4
9930.8
17432.5
8964.4
26796.3
18104.2
12008.9
11526.4
13504
11563.9
13577.2
12200.2
14685.7
6194.24
11356.4
18415.5
15389.3
16803.5
19422
6410.8
16857.8
30303.7
18084.2
22887
14100.4
7572.88
45381.4
9871.92
20503.7
9024.56
21529.1
23417.2
14543.9
13655.3
13889
14516.6
7005.92
24798.7
11343.1
5481.68
5876.8
14861.8
14918.2
20776.3
32508.6
35158.9
18579.6
11613.6
10408.2
9625.44
9479.44
28341.7
25944.6
12488.6
13314.7
13628.7
32514.7
35412.7
6562.16
8888.4
3058
32131.4
16254.5
9492.16
31622.8
20846.3
19456.5
22934
29223.1
18273.7
7333.28
9829.12
20186.9
11735.6
7888.72
29488.6
13581.4
13559.9
29111.8
20579.6
13221.6
13400.2
30894.3
17755
10646.9
18736.5
37593.4
10879.4
7667.52
17528.7
22900.5
26756.8
20159.6
25062.7
14332
8782.32
14367.5
12614.4
12252.3
11877.2
24660.5
17405
21666.6
14441.6
17006.9
11206.7
20282.5
14902.3
19114.6
16956.8
23202.8
3937.52
17189.5
18634.2
13790.5
16501.4
10438.6
23979.8
25873.6
7672
14967.9
15532.1
25864.6
9838.72
11140.8
15218.6
13819.1
19024.4
19470.2
28990
17065.3
15541
25041
7396
31547.3
24772.4
12648.5
14358.7
27357
12956.1
15873.4
14860.2
23502.2
10011.4
20328.8
19433.8
20601.9
32469.4
21169.1
19201.8
12169.3
25766.6
22664.1
33882.6
29788.2
23793.1
9405.92
12954.4
23421.5
25180.3
15870.8
22440.3
9764.24
17328.8
18984
22094.5
14606.8
19630.2
18204
10415
10267.2
17860.6
8493.92
14010.1
8848.56
19054.1
13166.9
13236.5
12133.5
19602.3
10579
6748.48
13794
19448.6
8437.28
27054.3
25830.1
12933.7
13399.3
20392
15154.8
25554.3
12133.3
7149.84
13951.4
6457.84
9951.52
12755.4
14883.8
21477.3
10049.6
16293.9
7297.44
12390.8
17698.6
14234.6
10518.2
12793
13299.3
13188.4
21890.1
12365.5
18174.9
31705.1
13977.8
27152.2
20381.4
25565
14087.8
28407.9
10756.3
12082.3
18363
11282.4
13874.2
21094.4
20334.1
26616.5
11903.2
35936.2
11828.5
16981
15263.8
17267.4
22913.4
14946.6
14060.9
14383.4
15854.2
21100.6
14625.7
13145.1
21415.8
5224.16
16757.4
8288.8
12965.4
26390.6
22612.3
18750
13267.8
29049
10431.7
8016
15666.7
6059.04
19619.6
16946.8
31064.2
30302.9
23331.5
17385.5
17862.3
29455.4
22008.2
18709.8
10618.6
11786.7
36028.6
12449.3
16357.3
25710.1
15008.6
20022.4
12239
35268.7
26168.8
10256.2
15442
31508.2
21468.6
22884.8
31555.7
17020.8
25513.8
17754.8
10965.1
20848.8
20703
29767.5
10946
21680.2
46438.6
8274.4
25611.8
20291.8
10417.6
27219.7
23789.7
31206.4
11379.3
16704.2
31701.9
9151.84
18416.2
22274.7
24374.5
15005.9
13615
16041
17712.6
18067.7
13536.8
18721.4
18001.8
10772.1
39750.6
32644.3
6450.24
12701.7
13114.6
25609.7
20753.3
13982.6
13785.6
9184.24
20188.8
16934.3
25680.4
14770.1
27201.7
29007.8
8576.4
10699.1
15169.9
17877
26245
18578.2
28154.2
12438.6
18247
40070.4
26921.2
13005
12949.7
31022.6
23510.3
38306.3
16804.7
16826.6
12134.2
29160.4
18733.4
8297.28
25750.1
26501.1
13226.5
13620.6
34681.8
22928.2
22073.2
8301.84
20517.8
20029.1
13931.1
7882.16
22945.3
11071
15095.9
24488.2
66618.5
18727.3
17542.4
14693.6
9916
11117.2
37467.3
24388
7715.52
29396.1
44113.3
19753
32094.2
41578.4
13251
18797.4
23607.8
11554.9
21038
32840.6
28896.4
21249.8
12016.8
10749
14478.4
21354.2
22045
16794.1
31946.9
31796.6
32770
12412.2
21703
18903.8
20939.6
18083
19535
20272.2
20820.2
15263
14199.8
37298.2
17238.8
16958
29565.3
22646.1
35963
13701.4
14959.4
18005.4
20253.5
18755.4
8983.36
23119.7
8857.92
14335.3
20728.7
33535
13925.4
14704.5
23839.2
26609.1
34282.2
19124.6
13139.4
18908.9
10563.6
24753.2
29613.4
27869.4
19124.5
12025.8
22938.6
23493.2
24211
11787.5
19353.4
9722.72
17392.4
30103.3
27589.4
20278.5
9337.84
10255.5
14875.3
16680.6
20183.5
22087.6
25390.5
47372.3
10870.8
34578.1
18883.4
17098.4
23876.6
11836.6
28478.6
40532.8
23427.8
27390.7
10476.2
44563.8
34349.2
27016
22206.1
17596.9
18853.9
21705.4
11753.4
25779.7
42862.8
46292.2
16364.8
24664
33692.6
27314.4
31841.8
23789.6
15371.4
15747.7
26285.5
14491
14110.2
18684.8
36751.9
49059.5
10211.8
20746.2
22300.2
32847.3
23600.9
20724.2
27751.4
28102.5
13835.9
28283.6
14584.7
17837.6
18862.8
19233.6
12209.8
26635.2
18924.6
31691
25562.7
18939.1
25645.4
23352.6
29990.9
14227.3
8177.52
32067
29166.5
18623.6
16729.1
26097
18321.5
11546.6
15786.7
8210.96
11364.2
18167.8
31100.8
16156
3914.64
9122.24
10914.9
26734.5
33302.4
30766.1
13264.2
14925.4
15294.6
14065.9
11768.8
20096.8
18006.1
11463.2
23175
14652.3
9972
4562.48
15895.5
23566.2
10441.7
9323.92
18283.9
9420.64
10312.7
34422
8940.08
21967.4
17270.3
9423.44
9208.96
21911.8
23191.3
23486.8
28343.4
9435.28
17164.1
11650.1
8022.16
9685.12
29041
37370.3
16762
7792
24225.7
19868.9
12520.8
32554
11007.2
14997.7
11867.8
14259
17312.1
17471.4
20989
25749.7
14598
11293.8
16936
14261.8
38493.3
29039.3
15024.7
23527.2
16400.8
16948.6
12154.2
12268
24181.9
19411.9
39012.5
15304.6
11965.6
34425
43915.2
29743
7558
19682.8
31042.7
12222.8
20144
6817.04
26648.4
16867.4
25178.5
17474.9
16179.8
28385.1
17016.6
19104.8
9913.12
13787.3
14263
22378.2
17865.6
22570.3
28940.3
21876.6
24653.4
17547.1
10512.2
18501.5
8661.52
28333.2
15982
12047.4
22674.6
20872.9
18515.4
15858.7
12987.9
32960.6
19798.5
8942.32
13334.4
12245.7
13957.9
24668.2
11697.6
13792.6
24622.4
16700.9
26351.2
22684
9995.04
18457.6
35311.3
18781.5
16645.6
19545.4
31831.1
10947.3
15026.3
19318.2
9731.52
20565.2
9089.92
25684.3
28500.3
5448.32
22999
18803
15925.7
53904.7
14685.2
4087.52
11023.1
32616.2
13784.9
26192.5
21916.2
11114.8
22011.7
9628.72
18980.5
17499.8
21339.3
49873.2
13205.7
5474
44143.4
12473.2
45080.6
11736.2
26929.3
19080.7
19336.8
29154.6
22428.8
23579.5
15513.2
20836.5
27010
19401.2
15358.7
22072
17062.9
30443.7
25937.4
35666.4
12091.4
19685.3
20263.2
13354.2
33753.9
26739.9
29070.6
44693.6
29625
15049.9
29740.8
22861.8
17358
21886
8221.2
18644.9
25444.6
42772.1
20085.1
16582.3
32580.1
39307.2
17219.6
22565.4
31389
29998.1
10042
26441.9
20754.2
13593.3
24048.3
23418.8
21131.5
24919.8
39709.9
15459
8288.16
14734.6
22780.2
29032.1
23865.8
30932
14179.8
29142.1
23080.7
18074.3
17186.9
24641.7
13770.6
13930.1
24721.4
12414.2
20261.8
32019
30853.8
23384.3
22564.7
25202.2
21571.3
28921.4
14131.5
26335.6
16485.7
12271.3
44793
14085.4
18688.6
19626.8
21021.8
37166.6
22225.4
21164.6
9922.24
21981.3
10083.9
27440
22900.1
16691
22249.1
19098.6
7846.16
45629.4
19555
21711
24367.1
11068.1
24755.4
19124.6
22856.2
15394.1
25954.1
31803
17747.8
20496.1
16610.2
14886.5
24589
15192.2
14382.8
23553.4
29732.2
11100.4
14979.4
30599.8
10075.8
19048.2
11078.7
29677.5
16408.7
8577.28
47713.1
39447.7
17332.2
27270
14034.6
28042.6
13674.6
19458.5
22978.5
27154.3
32931
22898.2
24516.6
48841.4
22917.1
11692
37735.2
14507.6
14037.4
14633.6
22067.8
40515.1
15275.1
22505.4
46000.6
25568.4
28536.2
17350.9
19141.7
27002.2
12945
18566.6
8213.6
21243.4
17658.3
29404.6
24697.9
29253.3
31387
11570.4
20642.1
39930.8
8365.04
11486.4
13050.7
30427.4
26246.6
23926.2
17785
25941.2
15914
28140.7
31783.2
17284.9
34085.6
15857.6
26164.7
17420.4
10346.7
32496.3
39882.3
17766
23334.1
52776.2
15467.5
23895.8
11336.6
19861.5
18000.5
28311.2
39255.8
18254.2
32647.6
12949.1
19907
27903.3
29633.3
25499.1
16559.6
13986.3
31504
53178.1
27898.2
23875.8
35319.6
34533.5
13134.9
16185.8
30990.3
21747.1
22159.2
30895.4
16311.1
16943.7
44956.2
46716.2
17010.4
22955.6
15057.6
25988.6
20275.6
16305.8
35417.6
25721.2
19374.6
19172.6
15137.8
30709.8
13613
15825.6
11429.9
25798.5
25376.7
17193.4
7453.2
18088.5
17682.9
28286
18385.1
18310.3
20234.5
17269
18796.5
26089.7
28718.9
27765.8
35511.4
16424.6
23164.5
18581.1
17219
11100.2
15754.3
10801.8
25379.4
30258.2
20292.6
11469
9910.16
13843.3
24204.6
27279.8
12263.8
16872
15816.2
12756.5
18457.8
13763.4
21313.4
16203.7
31811.3
17275.3
7657.68
9433.68
24225
11119.4
10934.6
15309
20286.8
16719.8
21195
22399.8
16679.6
7929.68
18381
25219.1
20329.6
20905
19884.1
8788
25458.2
24513.9
11653.3
22082.4
33763.4
21895.9
27754.2
16079.7
8684.4
28766.6
24581.4
35271
22350.6
10791.4
20988.3
28315.8
26581
21380.1
11687.4
25122.6
16220.2
14165.4
12629.6
23004.9
19686.4
14580.4
22185.7
26112.9
13140.9
26166.5
30186.9
15037.5
38778.5
15413.8
15804.5
14660.5
33841
20141.6
29653.9
7687.84
23344.3
13395
32272.9
7793.36
17466.8
12243
8634.16
18364.5
40726.2
20934.7
12424.6
25127.8
14390.5
10775.1
15171.3
16220.6
10626.2
14233.7
25429
18518.2
22759.5
27463.6
11524
15631.1
7805.2
15452.7
11480.7
14697.7
32700.4
17392.6
22805.7
8616.96
16903.6
13210.3
15698.8
9957.6
18819.3
25452.2
9902.08
18229.3
31498
16785.2
23632.3
23904.5
9335.84
37028.2
29415.1
12617.5
9420.4
24918.1
19665.2
10368.3
34646.7
11341
43577.4
18476.4
11061.4
12443.1
34387.8
10724.6
24072.6
22527
10688.5
17854.2
26210.6
33800.7
15657.4
33332
15641.8
29069.4
11732.3
7824.72
11136.5
32648.6
32233.8
22477.5
11038
24959.9
18732.3
10661.1
25434.6
20308.3
25595.7
25922.6
26013.4
36868.2
20207.3
6624.56
14082.6
26077.9
31000.4
25703.9
11816.2
13268.2
26316.9
23171.7
23051
14788
11549
19176.3
20849.3
12821.5
16913.8
29990
20221.3
23083.3
7676.24
10909.5
18465
22134.6
36207.6
34675.8
18736.9
18238.6
29042.1
22342.2
26116.8
16210.2
13739.5
9638.56
22850.5
18506.6
18006.2
21527.6
6398.56
23599.6
29882.1
19079.6
18365.6
26930.6
21357.7
24896.4
16878.3
11957.6
17071.4
32852.6
19629.4
35007
39285.4
14305.4
9471.92
18947.6
26306.2
15265.1
21919.4
23412.4
20836.6
27859.8
28783.8
16094
25533.5
23172.4
10636.9
20574.3
13028.5
23827.2
29240.8
21132
9199.36
30317.8
19890.5
24854.7
15627.8
17719.2
19142.6
17790.3
11668.7
15118.5
22634.1
6914.16
24264.1
40589.3
20345
23788.9
23248.2
15692.5
19500.6
6909.28
18814.7
27452
43736.6
14028.6
12903.8
14377.7
27951
19110.2
18029.8
23348.7
41592.9
19002.8
15031.2
23637.3
10489.3
17792.8
16184.6
23989.4
10378.6
8807.68
24574
18880.3
20262.9
20122.8
22484.2
31860.1
18785.2
13775.8
21938.2
9158.24
31943.8
39007.6
13126.2
17218.6
23828.5
11030.1
13494.5
19289.3
11433.7
15251.3
10752.9
24846.2
24783
21285.8
24788.4
12367.6
24015.4
32284
21333
35420.6
22669.2
9389.76
18591.2
30306.2
24650.1
22857.5
9306
21558.2
12173.8
26379.6
25527.1
6992
10897.2
16566.5
12921.3
25015.7
23660.4
12996.2
16222.1
14058.3
25188.2
11029.4
11102.2
17967
23744.6
6007.68
20960.5
29777.4
12774.2
11601
24507.6
13128.6
12811
34009.7
38717.5
17394.6
19803.3
10524.6
25559
19698.7
24679.4
15809
30557.5
6668.88
19562.6
14419.5
41439
17746.5
15629.8
13459.8
15205.7
17877.3
26733.5
8057.92
14883.3
12044.1
13763.6
23109
27411
26627.6
17694.3
30243.5
14717
31387.5
17475.8
28495.3
15774.8
18380.1
28105.2
36109
10087.3
17343
16755.5
17524.2
12281.3
43073.5
22046.7
20373.3
18722.5
27163
10700.7
29464.5
20735.9
9770.4
33394.8
33756.2
9315.6
21687.1
30999.4
9794.48
16283.9
15391.5
18128.3
11461.3
16719.2
15222.8
23459.4
21368.5
27626.8
17890.7
11837.7
25105.3
26474.8
4187.76
22316.1
22765.8
6348.56
11173.6
13891.6
20690.6
17977.4
11961.4
14413.3
25261.4
14135.7
11634.6
10184.2
16160.2
16714.2
35628
15741.8
16120.1
8534
30857.3
12686.9
33250.6
11549
7890.08
16835.9
17039
17344.6
23394.9
14108.8
19687.4
18893
26169
15786.6
22782.7
17570.2
25894.6
23448.3
6985.2
21128.2
11286.6
30247.6
18509.4
11620.6
10363.1
32127.5
17996.4
14601.4
16472.6
8893.76
16753.9
17520.1
16430.8
14952.2
20457.2
35075.8
15868.8
34784.6
7109.12
15656.7
38723
20090
27598.8
31647.5
13927.4
8973.04
11413.4
21998
32767.1
22019.8
20532
34403
20760.2
20077.2
11713.7
24257.3
12617.2
11541.1
9965.04
38224
17840.5
22987.6
24931.6
17906.2
8612.88
25480.2
16004.3
23800.5
32698.1
20918.6
16389
24912.7
11549.6
25063.5
13739.2
30425.1
17907.1
14813.2
30630.2
22822.8
10721.2
8531.44
16990.7
17708.4
11798.5
13473.2
9792.48
7820.88
24721.3
16679.6
18569.8
13598.7
21695.9
9403.76
21681.8
25472.3
19772.6
11115
27383.4
35599.8
19572.1
16112.8
20612.9
11621.7
27987.3
15246.1
17602.6
30305.9
25454.2
16989.7
36693.3
36159.8
31268.8
25333.9
16640
12235.1
12886.9
17457.5
18040.3
13524.8
26643.9
10263.1
27418.4
20110.4
21282.5
15848.3
45205.3
30760.1
35063
7296.96
29249.9
22032
18895.5
21947.2
12877.9
29911.1
17899
15596.2
25093.4
21518.6
9391.92
22931.4
28483.7
31886.2
11359.5
12470.3
9673.28
21060.6
23872.2
22459.6
20138.2
21346.9
10043.1
13787
11984
15494
22822.2
10641.8
7762.08
14757
19785.4
17980.1
27868.2
35093
6732.56
16395.6
16017.1
17133.5
26905.4
32624
17272.4
14853.8
10937.3
14341.4
39189.8
17276.8
25688.2
20061.8
15738.6
23546.7
16551.6
17313.1
16579.6
16458.8
25874.2
28977.7
15606.9
21134.6
13038.4
18319.2
17469.1
39286.7
14652.2
28198.2
34203
12192.8
17696
16378.7
39385.2
11370.6
18123.9
33911.7
43703.4
14183.7
25331.7
32810.2
15960.3
33044.2
34038.2
33406.6
11104
20995.4
19611.4
16439.4
19583.4
38113.6
23365.4
26721
15543.7
18266.2
18506.2
14641.4
12582.4
36640.5
21368.2
26992.8
39316.4
14765.8
13794.4
22277.8
16000.6
14934.1
28590.3
31950.9
20380
17735.4
10734.4
28473.8
11592
29414
19583
12807.2
9353.28
26971
21667.2
20886.6
12034.6
9765.36
21581.2
20875.1
35873
26909.3
22290.2
19016.5
12296.6
21426.2
17095.1
15582.2
12684.5
18709.2
12405.3
19743.8
12815.8
13472.9
11413.9
9660.72
13436.8
27816.2
22549.1
17421.5
21629.2
12648.1
16360.4
22401.8
27222.2
23981.6
37822.1
11719.9
15501.4
18999.6
17769.6
13985
26441.1
10764.6
15098.3
19038.2
23992.5
34590.2
13824.2
7955.6
22049.4
20519.3
12220.3
13651
21121
16144.2
18445.8
11998.1
21535.4
14078
24475.1
30210.8
24079.4
17724.6
58687.5
21509.8
30496.9
25865.1
20912.1
31015.2
30925.5
23839.4
12188.9
15435
6816
27186.6
24651.5
15770.2
17600.6
13780
19378.8
21234.2
17358
19986.2
34317.4
20051.7
34700.2
26921.5
17557
12789.9
11849.4
25983.4
18400
18806.5
21336.4
39277.6
37059.1
15069.7
28091
20209.6
28998.2
43140.6
17785.3
18078.7
13813
21927.3
19876
35896.2
20075.9
31234.7
23607.2
38150.4
18944.6
41014.5
21335.9
24414.1
32498.8
14516.7
29989
15933.4
30911.8
18590.1
23905.5
23551
19570.6
14297.3
15363.1
23844.6
17772.1
35834.4
15879.2
23944.6
16441.8
20790.5
14349.1
14173.7
12989.8
29192.9
12734.9
29275
20530.8
28256.9
34414.3
21581.8
11525.1
11479.9
21203.7
14602.6
26446.6
19366.2
24661
23366.2
12821
20462.2
14473.6
13601.4
25297.1
24047.4
15380.7
27071.4
15117
23419.3
36127.8
14419
9249.2
8255.92
21512.2
20720.6
37168.9
20425.4
8813.52
6256
17719
12163.1
18075.8
25666.2
15756.2
23830.4
10155.6
27638.2
21661.5
33999.4
24959.9
20041
10136.6
15137.1
27766.1
40279.6
34928.2
9798.72
18763.4
29789.4
25438.2
9765.68
13529.7
8677.28
21294.6
34694.7
28997.6
18772.3
22788
17444.6
14596.1
15741.2
32199.1
26802.6
21887
40077.1
24632.1
39104
15062.2
25495.1
20248.2
32447.3
18230.7
21247
19148.3
14179.5
20538.2
13442
11160.6
35690.2
30157.4
35644.6
9978
18919.5
18961.9
26494.3
13474.3
26629.1
25966.8
17484.6
26367.4
28600.8
28712.2
28949.2
12580.5
11853.4
25203.6
9786.88
17240.5
10538.9
13025.6
23285.7
10296.6
16931.1
21777.8
17389.1
11497
22953.8
13877.6
24620.7
25651.8
17396.2
12095.9
36966.2
10813.2
28983.8
30587.5
11407.9
22762.6
13290.8
28402.6
10345.4
15152.8
11115.8
7396.32
25672.2
9790.24
20531.6
11326.2
28182.2
28913.5
10885.5
24660.7
18575.8
28619
14262.9
11940.2
20131.4
23660.2
14533.4
17735.8
25546.6
35432.9
14791.5
27244.4
29218.9
20984.2
10102.7
25957.5
25751.9
41098.2
22432.2
19896.8
17359.3
19719.8
19566.6
7244.48
20475
45777.8
18293.4
27876.1
18163.2
26342.2
16860.6
46333
10422
17717.1
10764.4
18824.8
10505.9
27223.7
29494
38134
18929.2
21676.2
13379.6
33406.1
14241.3
22264.8
36195.3
44432.8
17683
17966.9
13648.2
25258.7
29890.6
24871.8
37664.6
7949.68
24062.6
25383.4
13467.6
21180.4
31694.6
22880.3
11998.5
33255.4
50987
9951.2
36437.3
21908.6
19686.7
22573.4
47904.1
14129.7
12527
14344.5
14103.5
35305.1
21426.4
11822.3
31209.1
17924.2
30147.9
15847.8
20934
9625.6
23754.2
14544.1
17092.2
23140.4
12986.6
30850.6
23697
13926.4
24954.2
21120.2
27651.6
24622.9
26645
26922.3
51795.4
11346.7
22215.8
18815
22388
39653.4
33252.6
50689.6
16208.9
23297.4
12841.3
20859.2
21945.4
43525.3
17889.1
9947.92
24932
24409.2
36050.6
41187.8
44782.9
16524.5
23698.3
12175
21789.6
28393.8
23409.1
29071.1
21111.1
32996
17066.2
44767.6
38501.8
8021.6
11579.1
17573.8
16380.5
18299.5
17327
38953.6
18205
20491.1
15048.2
41196.6
17844.2
25474.2
24964.1
23559.4
23140.2
25974.9
20839.8
14666.2
26558
26008.5
16815.4
13240.3
14272.9
32562.3
19449.1
11184.2
20944.1
15176.7
24413.1
14561.8
20706.6
38842.8
22609.6
26531.1
7445.68
24340
19708.2
32556.2
11524.7
21665.7
13719.4
22080.3
37324.8
32623.3
29497.8
29424.5
28381.8
15519.7
16972.7
15851.3
30688.7
24132.2
27220.6
23913
28664.9
18065
20408.2
22663.4
14726.9
14240.8
25432.5
9550.32
10493.5
32172.3
27818.9
38639.5
27686.2
21458.3
9940.64
39265.6
16277.3
24261.4
27911
8409.52
29782.2
11732.7
16884.9
23710.8
9646.72
22932.5
46089.3
17277.4
31317.9
9666.24
13530
30253.5
18705.3
31623.8
26203.8
17081.4
16392.6
22270.3
25917.3
15443.5
34943.2
16489.5
20944.6
11467.4
17091
7877.2
32773
32545.6
14283
21359.3
17653.6
26382
12447.4
14510.6
15938.1
7966.08
16431.6
24432.3
18930.5
14783.9
22810.6
8382.88
13797.8
15117.4
28042.7
10187.3
13381.2
8076.96
21305.3
12005.6
24101.9
16445
20285.3
13734.8
7459.76
16441.4
23015.4
25853.4
4321.44
13294.4
19746.2
14467.7
10962.6
13571
8293.12
7301.04
13297.1
7038.08
27314.2
26727.1
15384.7
16238.9
7060.88
27686.8
15684.6
41300.9
28689.3
29087.8
32119.9
22803.2
14231.9
12270.9
11027.6
19663.9
18129
20781
12143.2
14268.2
18514.2
13053.9
19532.8
14810.2
24471.3
19524.4
17823.3
11779.5
14625.9
9463.84
36349.5
15585.6
26015.4
8667.68
26297.9
14382.9
9607.76
12921.4
16307.5
12199.4
15547.6
10828
16443.2
11165.4
19043.8
22900.3
15795
14175.4
16988.4
20423.3
19591.5
14919.4
8178.16
8245.76
16140.3
19262.2
17963.4
25247.4
15511
12395.7
15820
5592.4
10842.2
13011.5
21163.8
11035.3
12431
26505.8
27295.2
9656.88
19658.7
26816.7
29128.2
9139.04
8808.8
16536.9
13017.4
15339.4
15144.3
21343.5
19039.1
33393.1
30792.7
16531.7
12696.2
9767.84
9915.36
27091.7
10001.1
36379.1
19900.2
22688.4
25222.5
11779.1
13692
24481
32286.2
11960.3
9085.76
13644.6
14623.7
8547.6
28356.7
23045.9
15779.6
21306
15469.1
12536.2
8838.8
13332.2
19285.3
16965.8
2949.12
29419.9
11089.5
16484.6
20603.1
12924.3
19590.4
9928.56
10424.7
19118.6
9840.8
11706.9
13135
29245.5
19409.3
27471.8
10561
19717.1
20138.6
27940
12688.6
16094.5
21690.8
24863.9
19467
7300.96
29950.9
11442.5
10556.1
26257.6
25354
16180.6
18229.4
14447.5
30153.1
16725.5
29959.7
20697.1
7652.4
33099.1
13439.9
9573.84
25473.2
30274.6
17262.3
23515.9
11934.2
11348.9
22790.4
34231.4
20359.4
32700.7
10016.5
7256.08
27338
32185.3
20355.9
34909.4
14659.5
21764.6
23960.5
21823.9
13129
13462.2
16501.7
18152
12656.4
12469.4
12397.4
10172.3
10399
6979.68
29227
23776.2
19046.1
16569.3
36240.2
19173
18980.6
21325.4
33803.9
24837.9
16292.2
29405
11026.7
17051.4
11061.3
28103.6
46945.7
19782.9
12233
19748.6
9644.96
35541.5
27839.8
13106
26053.1
17287
23168.7
14319.8
10836.8
8942
12712.6
19317.4
20272.4
24678.9
17454
19374.6
12421.9
27209.7
24228.6
32550.3
13856.3
4713.04
17409.7
33097.2
25262.9
21603
28671.7
38080.8
11182.2
19927
10548.6
14761.4
14085.8
24515
10864.1
21476.5
37249
28674.1
18148.6
25110.3
29863.5
10955.3
23261.6
18039.7
46107.7
14084.6
27992.7
11312.5
32447.7
12207.5
45635.7
31702.5
24306
11909.7
51085.8
24329
16103.2
27107
16299.6
8608.64
39956.1
17780.9
35181
29142.5
24247.9
16320.4
25532
22210.4
17556.2
22698.5
22677
22255.4
15169.4
33594
19133.3
15105.6
24873
27523
34774.1
20340.6
28291.9
23743
19370.7
23303
16885
21711
25344
22640.4
13258.2
11004.6
46429.8
11769.6
34588.2
14307.8
30520.5
15008
33196.9
21532.2
11966.9
25076.3
22899.1
29211.4
17936.4
8503.52
38801.4
27617.4
13555
19959.6
17704.6
9572.4
19807.7
34152.7
43808
16403.5
10303.1
13701.2
16068.9
24227.8
20235.1
16875.7
25685.1
10589.2
29765.6
19455.4
15981.6
28159.9
26239.8
10671.4
36535.5
21133.5
56930
32146.4
20390.2
18568.2
18994.6
13764.9
24905.8
19137.5
30223.9
21689.2
32922.7
22324
34898.3
28019.1
15525
23212.2
17324
11046.6
21768.7
44425
22116.4
13299.5
23657
16209
20621.9
19693.2
18330.7
22410
11281.6
20933.6
25935.9
20393.8
18476.8
18859.8
18533.1
6428.16
24968.5
32153.7
45192.6
19361.3
10207.5
26763.4
42188.6
18612.7
18364
12455.3
15868.4
14377.8
26440.9
23947.4
26238.2
26595
19095.1
14716.4
20270.1
32326.2
14354.2
12997.7
6383.92
21196.1
14143.3
16959.8
24161.8
7398.96
25082.2
18171.9
11580.5
21393
16127.4
15299.8
11018.4
17595.4
22536.2
15475.2
36202.1
24363.2
9633.92
12877.4
25063.5
31646.6
50439.3
18118.6
16855.8
10693.8
11996.4
19173.4
20512.5
21787
15865.5
20657.9
19113.3
23847
26296
13452.8
28932.7
16786.5
13205.8
12069.7
10088.5
10903.6
14242.2
19604.5
10491.4
23221
18807.8
10155.2
8079.28
13505.7
19655.2
8924.56
9342.08
9900.56
17901.7
31170.8
13395.4
12572.3
10183
22157
7214.48
17427
15427.1
18812.6
26898.8
16232.3
23918.8
15494.9
28046.4
47241.5
6664.88
18344.9
18028.6
19966.3
20451.5
17321.4
9029.68
21584.2
11361
13891.8
10299.7
12343.5
36602.2
30687.4
25080.1
13377.8
14414.6
11764.7
18334.7
20397.6
16244.6
22226.9
21365.3
18406.6
9513.28
29205.3
32020.2
21428.2
28656.6
27064.1
25276.9
17580
31938.2
14397
19310.2
13396.2
19783.2
15478.5
31765.6
40529.8
34651.6
12422.8
14460.1
12911.2
23100.8
40817.8
15280.6
17586.1
31848.6
8776.56
14594.3
22361.4
37367.1
28994.1
12192.2
7085.84
9888.64
28924.6
28911.7
5543.28
25156.2
25578.8
15213.7
28898
28634.2
15287.9
30281.4
28294.5
14730
22055.1
13389
31453.8
36812.8
20906.2
37378.4
8789.6
16856.3
15134.5
11632.4
18107.3
29551.1
15119.4
28077.5
23269
31117.8
13983
17592.4
17842.4
14750.6
31021.4
15026.9
29959.2
28284.5
16880.4
20093.2
17520.5
35380.2
14726.2
15042.1
19840.1
10915.8
34725.9
10425.1
31124.6
16132.6
15037.8
12103.4
20122.2
15324.8
13953.8
22547.1
22479.3
9940.16
12057.1
10606.7
8535.76
12103.8
13954.5
17021.4
18193.5
12036.5
11444.5
12360.8
18847.3
13991.6
10971.3
19244
29802
25137
13207.3
52306.2
14943
10262.3
27463.7
27577.5
37978.6
13945.6
12715.9
13835.9
41930.7
20691
11542.3
23402
20863.4
23837.9
10259.2
23540.5
21379
6833.52
18248.4
14225.4
16981.6
7995.36
34431.8
22137.7
30520
22343.5
12312.1
11949.5
15671.9
25092.2
31378.9
12269.4
13353
10110
16539.9
17981.5
11567.4
18750.2
14486.2
33020.2
5286.56
13167.8
5741.2
21762.9
8774.08
28618.1
21092.7
14609.1
19570.8
25073.2
29091.3
10301.3
32490.4
21035.3
55222.4
14411.4
16079.8
10183.7
28102
29382.4
38080.6
16215.3
15827.8
17094.6
25538.2
17656.8
28809.2
15801.6
40011.2
11401.1
13381.1
24113.4
25402.2
35247.8
43093.6
27039.8
19066
24528.3
15403.5
28508.1
19418.8
20685.4
13074
23828.4
15592.1
33262.6
23638.4
35533.1
23204.1
15180
22527.6
22459
14565.8
27371.7
30021.8
14796
17581.8
18839
23721.6
26704.9
18993
22330.6
13485
35233.7
26600.5
14275.1
20359.1
11819.5
12860.6
30361.1
24484.6
14486.6
18839.6
14462.9
49256.4
55235.8
21172.8
24683
13512.2
26025.1
34146.3
43465
24647.3
30590.4
23255.9
15372.9
32725
32597.7
28028.6
16157.9
35963
12697
16222.6
19633.8
18208.2
31527.5
11721.8
30488.9
28381
18372.6
23668.4
26373.9
17169.9
15116
13192.6
14387.8
20139.8
11305.7
17815.8
28512
22138.1
32911.3
10073.6
12605.2
22754.4
22865.2
22506.6
24753.4
21583.4
13819.8
12478.5
19051
30681.7
17466.2
28714.6
25549.8
19397.8
16529.8
32289.6
12243
11744.3
19768.6
27327.5
21177.9
19408.4
29409
26157.4
13065.4
26556.6
19035.5
12353.8
21815.8
26116.3
15261.9
29127.5
15080.9
19438
15565.8
28670.6
19863.1
19906.6
13413.2
21565.4
23838.2
15940
20341.8
17378.5
12340.9
16269.1
11350.3
24498.8
20443.8
12118.6
12809.4
30707
12070.5
16172.6
18094.8
11245
23676.8
27374.7
26587.6
25139.1
43912.2
21535.4
10664.3
15629.8
9467.12
35915.4
17792.4
27237
18909.8
27656.2
11656
18409.4
12113.9
30055.6
8790.32
19755.2
43551.5
17466.4
11059.4
25626.5
11334.6
17563
11578.7
16112.3
11283
23415.8
29163.4
21770.8
8347.04
17161.2
14990.4
30738.2
53128.2
7864.48
12635.4
11011
10090.1
34532.2
20808.6
8502.16
12604.1
21955.4
25053.4
12476.9
38399.7
20152.2
17182.8
21591.1
15241.3
29493.7
11203.1
22362.8
18532.9
16497.4
23502.2
51282.6
28833
23386.7
9048.8
14626.8
22745.2
19580.4
47757.7
11412.2
16919.8
10888.9
12198.6
14147.3
38923.3
11476.2
17648
16544.8
10229.9
16179.3
37739.3
17059.2
30176.5
25489.2
15169.7
37425.1
17175.6
17862.4
18177.9
26463.4
25442.5
38656.3
15185.8
22897.3
26833
13149.4
19149.9
25604.6
14518.2
17984.9
5932.56
13142.6
27028
10142.5
40523.8
24710.2
17470.2
17485.7
21226.6
9193.84
12512.9
16730.4
18263.4
13371.4
16371.1
21169
9615.12
14812.2
10528.8
32247.6
7396.56
13001.8
27601.2
10694.6
19751.6
45686.3
24842.7
37467.8
16011.4
15858.7
22837.1
11355
7420
20156.2
9942.48
22889.1
42220.3
24388.9
10913.8
8729.44
14708.3
24402.8
23550
40390.3
15994.6
13207.4
27005.9
15373
26817
51574.6
17166.2
24854.8
15314
10481.2
11411.4
9870.32
17622.1
15593
14137.5
7635.52
12531.9
16857.3
24868.2
13470.9
25495.5
25662.6
19967.4
8281.84
19133.8
26524.2
6969.6
18015.2
21927
24358.2
17829.2
19456.7
16180.9
13512.2
9873.52
29335.4
28992.1
8428.48
21668.1
14136.9
16796.5
31442.4
28908.2
25046.5
18104.2
4787.6
32726.5
21574.6
16026.2
26063.9
11826.2
6285.04
4799.84
27810.7
12884.8
14722.1
42154.8
21387.8
10220.1
21158.1
13792
15608.2
8260.24
28675.6
17050.3
21221.5
19581.1
29013.4
19486
16405.2
16987.1
40089.2
29395.1
8369.76
35598.2
16978.5
11791.1
31399.2
23078.7
8293.6
18932.6
16014.3
19037.6
9829.28
32842.6
30204.4
12064.7
40658.8
20966.6
13554.2
14890.7
24503.9
21294.3
50443.8
12892.9
13763.4
19677.9
17677.2
11767
27529.4
15374.8
11058.7
11788.8
12343.4
27909.8
15855.6
7723.68
17651.2
3849.68
22450.3
26565.3
15718
20530.5
11703
15917.5
10333.2
30906.9
16925.5
8908.88
23739.4
24713.2
17796.1
10487.2
22088.9
8149.44
15182.2
7463.04
14633.6
15051.9
18679.9
21306.7
22019.6
15988.1
30518.5
4872.4
19817.3
20318
14620.3
31315
14145.9
14988.3
21805.2
35285.4
48144.2
18240.6
13602.7
22778.2
21525.2
9182.88
35733.5
15524.2
21737.8
29585.5
36730.9
10993.9
16655.8
15162.4
10918.6
10642
21539.4
15928.5
6044.8
30140.9
31124.4
42539.1
22463
6899.04
15923
13328.8
35688
34851
30159.8
28717.6
13203.1
9028
14825.4
20336.6
22416.5
23027.3
14371.3
11479
20867.6
21593
10686
28543.8
14775.8
33347.5
15531
13847.8
23425.2
13829.8
13452
24142.5
19188.3
17084.7
16083.4
13880.6
18585.5
16933
19121.1
17368.4
31509.4
17013.3
34401
14979
12058.2
18806.9
13389.2
22513.4
22482.8
6886.08
15346.9
11472
7068
19402.7
12462.6
19486.5
17997.8
39422.6
17350.1
15100.1
23742.2
13968.2
6788.56
19653
10002.3
30542.5
23276.9
18909.5
22639.7
17376.4
16814.9
22336.6
23425.3
10897.9
14861.1
9068.56
40535
34768.2
36437.8
11169.7
26953.9
11331.3
18532
33315
24005.6
10355.4
20179.4
27765
15138.5
33421.8
18810.2
15091
26165.8
31878.6
13571.6
17240
14502.2
12562.1
18341.2
38471.4
11079.7
20459.7
29906.4
7995.84
11334.2
17025.5
18916
19727.7
15367.8
12097.3
20212.2
13540.5
15336.6
12931.8
17940.7
26583.3
8838
21980.3
14507.1
25829
36650.6
21919.6
21044.2
39426.9
10675.1
10912.6
26017.1
19305.4
35535.3
19211.4
14982.8
19361.1
18560.6
12884.6
31569.5
26435.7
30125.4
32444.2
11105.8
37443
13669.1
22923.6
15685
15550.2
25573.4
25612.9
12797.7
17768.3
19995.4
25605.7
19899.1
13392.2
24489.3
30714.2
21004.8
26643
38928.3
19502.9
13137
33290.2
27936.4
16520.4
14159.8
24238.2
14219.4
12459.4
18413.8
15780.8
24890.5
29581.2
13636.7
21644.8
8464
23015.2
24699.5
14560.4
21463.4
35591.4
18862.2
12927.7
11896.3
14271.5
8312.8
25475.5
14684.2
48465.1
20735.1
7436.8
37806.4
14402.6
22684.7
7194.24
25763.3
11753.1
22216.2
14854.6
9695.28
34204.9
26659.2
23887.7
14168.2
11775.9
27701.3
26420.7
42894
38575.6
11550.3
8023.12
28402.6
17357.2
32355.3
24052.2
32543
10448.2
20433.8
41210.5
13581.8
21669.8
15312.1
21420.9
22646.4
34798.9
25849.2
15286.6
30439
28346.2
26350.6
17824
32648.2
17955.3
30894.1
14701.6
34878.8
12894.2
19510.2
22485.4
24481.3
14574.1
33777.4
34196.2
16688.6
34017.4
15753.6
8560.72
22939.4
41842.2
33493.8
16971.8
32334
24221.2
15826.6
24109.3
19281
29251.8
31548.9
18804.2
19400.4
23774.9
35829.8
13934.7
23364.3
18403.4
10267
19918.4
31275.5
27609
18387.8
22703
25137.2
25935.6
20733.8
29322.2
25092.6
7726.72
19334
20223.7
13968
24015
8686.24
39605.8
12347.2
13690.4
17875.3
22129.6
28139.2
12605.1
19169.8
7694.64
16535
14593.7
12251.8
13971.8
5977.36
9731.28
12521.6
13653.4
10498.7
12145.5
11016.1
13995.2
14826.1
14810.2
15783
8192.08
5772.56
21019.5
10465.8
15102.5
23797.1
8316.08
17251
10722.9
8281.92
9917.12
9518.24
16345.4
13657.4
7228.96
33054.3
26637.8
6429.28
9237.44
8366.88
14754.7
24714.6
24745.2
27726
10978.5
12680.6
8534.56
33275
13430
8098.8
21025
20841.1
17796.7
20012.1
11647.8
8444.96
6675.52
19770.2
36653.3
24347
11481.8
18955.4
19789.2
16177.1
17556.1
31257.4
15696.8
25092.8
12301.9
6494.8
13375.3
29474.5
14552.6
13661.7
6183.68
7338.64
13709.3
9295.52
15429.8
19829.9
26510.5
13307.7
8455.04
29343.8
17511.4
29871.8
27215.9
20436.9
21112.3
13103.7
21904.8
19691.2
11192.4
6387.6
21005.8
26476.2
27781.8
41050.3
26219.1
12066.7
11482.6
24849.8
27119
21404.1
19698.7
7263.92
14630.1
23959
16176.9
25495
13664.2
17447.4
22367.7
12263.7
27017.9
27626.9
31205.4
28451.7
11949.4
27502.2
16078.6
7366.72
18545.8
20982.6
21191.7
17662.8
10545.4
10727.5
20288.2
25641.9
16229.5
22292.4
14058.7
46815.4
11596.5
6369.04
13614
15372.6
17699.6
15704.7
17731.4
11587.8
22563.3
14222
20144.5
8622
11080.7
15773.7
19284.2
10937.4
12475.4
25189.4
19055.9
8870.48
11223.8
19352.5
15925.3
26041.4
28137.7
13817.4
22514.7
42317.1
15442
23161.4
4559.6
16422.5
19010.9
16654.8
17959
23915.4
15939.9
6502.32
15122.9
28804.7
11208.2
13321.8
14067.4
20768.6
10106.6
29026.6
12620.2
38649.8
26589.4
9171.92
6606.88
16118.2
33454.3
20169.8
10002.6
10197.3
26894.9
12169.8
10607.8
18312.1
18719.9
10381.4
28629.5
17801.3
18544
15300.5
14103.8
29405.4
31126.6
15339.3
7254.56
9133.52
26866.4
32328.3
12424.1
13101.6
19429.4
18993.6
15351.5
13778.9
25691
9821.04
30857.5
25653.1
21489.8
9180.48
29941.2
24583.6
20909.2
19223
21064
17326.5
27808
16108.6
6948.16
26128.6
17177.8
42242.9
14729.3
12982
12977.1
15281.4
10006.6
30950.5
20401.8
23145.5
16092.2
8677.6
17627.2
33436.1
11632.6
17436.2
19754
27484.1
30552.6
14297.9
16675.2
18043.4
12057.5
12163.8
27207.1
11941.5
19622.5
26570.7
21049
14748.6
24321.1
19167.4
20758
11567.8
7899.28
9989.68
24465.2
19471.4
18211.6
24661.5
12185.2
12578.8
13886.1
27302.3
35091
17307.1
23606.8
15113.3
10822.5
23248.6
31760.6
15892.3
15939.3
20427.8
15263.4
29072.3
10188.2
13808.6
15986
22266.2
28180
9983.28
17387.5
11049.9
16799.7
9986.56
14749
10207.7
12873.8
8389.6
10003.2
13159.4
15547.7
29360
11749.1
8341.76
7692
15001.4
19725.9
5348
12278.7
16455.8
15939.5
20670.9
25514.9
20930.2
12560
18480.9
33343.5
11538.6
27941
29837.4
14172.9
48728.6
9415.2
15172.4
17834.8
10969.8
20979.2
11580.2
9140.48
31968.2
30663.6
6749.92
10513.4
6720.32
3855.84
13254.6
24740.2
12096.7
23593.8
6857.04
10749.6
21108.9
7929.68
36097.8
14653.4
25765.6
19015.3
11125.4
25405.3
31462.6
11649.6
11292.1
37077.9
23537.2
9405.44
16029.3
12492.3
23975.4
13873.2
17266.7
11435.5
28010.1
14401.9
24136.8
17116.3
15866.1
19823.4
9203.68
35511.4
32239.1
18468.7
21837.9
20920.6
17760
24708.5
18364.5
21605
9081.52
33991.4
14690.2
26554.9
13118
10168.2
22313.8
26322.5
18731.1
21848.6
16714.7
30706.1
25515.4
26809.6
11570.5
10486
31926.6
12745.9
10548.6
27197
15494.9
21600.6
32760.2
8903.84
25320.3
14732.2
20666
25476.6
14715.2
25646.9
8423.12
29143.7
26382
20693.9
32030.3
10730.9
11828.2
25947.5
13478.5
18300.9
20084.7
22308.2
13824.7
10871.2
20975.4
31524.5
24286.3
15559.3
10897.4
9176.88
13637.1
17857.4
30583.1
42456.4
11205.5
18550
9777.36
25532.8
15276.2
40379.3
14002.2
38458
13121
33716.7
18565.5
16490.2
27096.9
20119.4
34922.3
14649.3
21487.2
18702.2
18001.4
13159
33271.5
36423.9
13382.2
16386.6
17564.3
24063.2
23534.6
27000.3
21291
17935.5
18908.5
23840.8
19940.2
21579
14418.6
25035
14961.6
25744.9
27653.4
15339.5
19383.5
33197.1
28433.8
17067.5
18393.5
29727
14751.8
25572.6
13020.2
20218
20597.5
24847.7
22491.1
26159
29125
19181
17166.3
11616.3
22014.1
22787.5
26017.8
16437
9717.44
28637.6
23403.9
39327.2
40423.1
21838
42800.1
19678.2
14117.4
16650.2
11241.7
17393.4
24342.8
31256.6
15237.8
13874.2
12842.3
13170
19053.7
28323.3
16079.7
23487.9
8965.2
25627.8
26140.5
12684.2
13759.9
27606.5
17802.5
7205.12
14157
6877.76
7366.72
32702.1
21811.6
9455.36
29793.8
16424.5
25929.1
12020.6
49125.9
12118
39593
8192.24
20737.4
17112.9
12385.9
28284.7
17295.1
12259.3
19332.5
11467.4
13824.6
25416.1
30855.9
25427.8
23678.2
16307.6
11879.3
16763.1
20671.4
9784.88
13601.4
8767.84
25996.6
22123.8
18786.1
23106.8
23504.2
13545.4
28497
21469.8
20303.1
23918.6
36355
15374.2
8840.16
21075
21853.9
19723.8
14710
12461.9
35568.7
19319.1
9945.68
17510.2
27229.1
27717.8
29149.9
14289.2
23375.7
6426.08
17465.9
6718.4
20283.8
25432.5
22931
9491.12
24615.9
16150.2
29671.9
9236
18667.9
30967.7
15431.8
11228.4
9566.32
33017.8
14152.6
4858.08
27304.5
21805.4
9663.36
9697.2
6651.12
18376.3
20766.8
25894.6
17146.8
11688.2
20130.6
19897
35628.3
35531.1
17481.2
11949.4
31636.6
5873.36
16073.4
11827.8
20659.8
27352.6
25701.2
10106.7
10735
13034.1
33109.8
26994.7
27399.5
36369.6
24823.3
28373.3
19292.6
15210
20840.2
12111.3
16335.4
28101
18962.6
27943.3
28966
21029.9
13302.2
19120.9
16249.8
11311.2
29948.2
21458.9
18776.2
19933.2
36993
22623
38200.2
9039.92
8974.96
23868.2
16117.8
16339.6
21485.3
9775.44
6663.52
14640.6
11771.2
9184.08
19120.4
8274.8
27130.1
17346.4
24662
27515.1
15063.7
21278.2
12132.6
14119.2
21135.8
14929.2
17168.1
10772.5
16875.5
18019.9
25970.5
29586.8
19170.7
11546.8
12253
19155.4
13357.5
21936.2
21970.6
8801.04
26271.8
24066.3
15047.3
8739.44
14931.2
10088.5
31477.9
23856.8
6823.44
33009.2
10665.1
11457
17267
16731
18772.1
8255.36
15051.7
5728.88
9373.76
7067.76
46883.7
19857.9
20111.5
20881.3
40231.4
14340.1
23204.6
11866.2
38849.5
10184.6
20480.6
13426
24581.3
8430.08
23061.4
17739
28723.7
10205.4
15730.2
40483
20588.2
14902.2
10767
13393.1
38285.8
22256.5
27237.8
38720.1
24215
19409.4
29002.8
20843.8
19344.1
12607.3
16935.6
9723.68
22343.2
26422.6
16959.6
27501.4
15384.4
17176.8
22460.7
18796.3
16700.1
15542.4
20528
11164.9
8705.04
20836.1
14694.1
9324.08
10703.3
18685.4
26405
12733.2
26694.1
11889.8
26068.7
11727.8
6262.24
21821.5
12658.6
13586.8
25178.2
21037.7
11613.4
4188.16
22782.6
22986.8
10509.5
18160.9
16581.6
12316.7
22589.8
10890.2
16969.1
12018.2
10878.2
16318.2
23286.2
49968.3
8211.44
11323.4
16525.4
13202.3
17685.4
23352.3
8545.6
5651.84
31687.4
11950.8
27504.4
15721.9
23933.5
12681
25247.5
48122.6
19852
10945.9
25020.5
30702.2
13232.6
17045.8
17853.5
16225.2
10303.2
10804.2
18170.5
23938
10577
17571.2
11675.9
9589.12
24106.6
13133.1
12638.3
18761.1
10897.7
21066.6
13165
23790.6
23886.8
27068
15680.3
9282.24
7823.28
19329.1
10521
8294.88
13715.4
25066.1
20664.9
24815.6
19348.1
13023.4
20594.6
16613
28936.2
12098.2
16050.1
8071.44
22585.2
9814.56
5237.28
9494.8
12910.2
13219.9
21129
26545.7
18225.2
7385.76
17919.3
24050.6
6497.68
12831.4
9678.24
11509
14941.1
25799.2
19529.8
5427.52
12272.5
33335.8
22955.3
15641.5
25578.7
6820.8
6577.04
29268.8
14059.4
11182.3
32775
14145.1
7090.96
24323.4
18390.6
4364.08
10937.1
16170.9
19684.8
3201.84
8373.12
14401.4
15084.5
12999.1
11278.8
21841
20286.6
20277.3
11586.1
36050.3
28055.3
7150.88
6696.96
13370
20161.8
27593.3
10633.3
13123
23758.2
13036.2
10995.8
19614
14584.3
8031.76
18264.6
17380.3
5779.44
13281.8
24483.1
26193
12789.9
18523.4
5700.32
14213.4
22740.2
17006.8
8904.48
29258.3
13671.3
8225.52
26486.9
14388.3
16412.9
4730.32
18148.6
31668
22063.8
9842.4
9245.84
18051.4
26004.6
6983.84
9120.56
13321.2
15122.2
14218.9
29954.3
34713.8
21386.7
22007.2
16066.7
27016.2
24589.8
8399.84
60802.6
15478.3
30254.3
19444.9
20478.6
23067.3
13602.2
24760.9
23441.6
15401.8
20402.9
7846.4
27318.7
6251.44
28684.7
20565.2
22140.8
14344.6
9310.72
22783.2
33673.2
8121.2
12211
18047.3
14659.3
9807.2
12668.2
21106.8
24520.6
16868.3
8936.72
14211.4
28786.7
28220.7
14687.4
12429.3
14523.8
20016.1
19509
11581
12031
27106.5
18338.2
30544.3
12315.4
18266.8
9338.4
23307.4
26939
11768.7
13824.2
13903.7
16663.7
24054.7
24840.2
25852.4
23041
18240.6
16718.4
11068.6
20086.6
21185
16592
23566.2
47711.2
15119
35789.8
19028.7
23374.2
22109.4
25600.2
15588.9
17179.4
49540.6
16986.4
42356.2
10004.8
15336.9
21465.4
33206.1
8192.96
30905.4
17437
11040.6
30506
15995.5
26760.3
23953
20119
11864.7
17302.9
9754.32
21653.2
15148.3
20358.7
26803.2
18834.3
22901.4
30144.3
7476.64
11479.8
19661.9
14656.5
20491.8
28937
12889
14010.7
5881.84
17728.2
11760.3
9086.08
26058.7
23170.8
10028.1
12370.8
18356.9
39405.4
25141.5
22410.3
11270.9
15068.2
10477.8
19063.5
22867.1
41717
26612.3
24292.9
8149.76
15647.2
31626.2
16207.7
10779
13194.1
19131.9
24602.1
15594.7
9465.92
27215.8
12151.6
8751.6
32744.2
9731.68
13760.9
28630.2
23956.7
21673.7
29317.7
4947.84
9338.32
35290.6
29865.1
28646.2
19482.3
12066.7
41410.6
26993.3
16129.8
14129.5
21042.3
14014.3
33317
32819.9
15696.7
49552.9
22842.3
27459.4
15671.7
31574.5
17132.9
18913.6
19420.5
20568
27320.9
23098.6
15567.1
28766.1
11379.6
19773.8
17810.2
42280.7
20270.6
17490.3
22118.3
16744.6
24950
15964
10965.5
22099.4
19872.8
40597.3
15103
28894.6
27805.7
19233.8
32689.1
23577.3
26563.2
12683.4
7212.64
19457.2
16551.8
18789.4
15768.4
18562.6
13453
10772.6
19665
16230.4
16652.3
16619.8
15729
5046.32
20389.4
16085.7
16690.2
11425.2
29135.9
8841.6
14352.9
25609.7
14353.8
14732.2
46186.9
22660.6
8780.56
7928.64
23002.9
35112.3
15737.4
13296.6
20221.3
30055.8
17319.3
24690.9
17347
25383.6
29633.8
15811
9186.88
35709.2
19472.2
21646.2
16787.7
10066
22228.8
15946.3
14122.9
41211.2
15943.2
9462
23858.6
19129.8
37696
14194.7
45756.4
12272.3
15256.6
17817.6
21149.7
13738.6
25073.5
21462.3
17018.2
15359.3
11780.7
24399.8
12533.4
10527.9
26426.2
26071.9
21305.4
14117.5
15169.5
24419.6
28873.4
18199.4
34055.1
13946.7
10363.8
11912.9
17071.7
16549.6
13997.9
36787.4
18712.3
18684.2
18220.5
18611.6
15554.2
14742.6
23108.1
22423.7
14930.6
19035.8
17795.7
18708.8
25405.3
23560.9
23590.8
24553.4
9854.48
37927.1
15952.1
12152.5
20728.3
10799.6
20446.4
26548.6
19148.5
16353.2
9977.84
21102.2
15432.6
16411.5
20105.5
12661.6
14061.5
8764.64
15257.4
16753.2
10888.9
11642.1
30215
13074.9
19466.4
15559.6
20331.5
8936.8
16771.1
23882.7
24487.9
9816.64
30597.2
16133.3
21296.9
7606.48
25783.8
18207.6
28434
24711.2
15095.8
14562.2
24597.7
15421.5
37816.5
11844.2
28471.3
16286.9
17996.1
19926.6
28073
34289.9
25351.4
22385.4
17234.6
25079
13925.1
11945.8
11974
32092.3
14960.6
20743.2
14342.1
33625.7
16052.6
14099.2
14026
23167.4
15729.1
36879.2
15018.8
16298.2
16215.1
22475.8
27507.8
22625
19351.3
20875.6
9567.12
34778.3
20090.4
14272.1
17370.2
21135.1
11752.2
14898.7
35884.2
34613.4
21209.7
38217.1
11734.6
33238.7
28452
38820
37428
21117.1
10530.8
25283
7216.08
26671
22972.4
23167
18808.6
19703.4
21635
21922.6
19115.8
28962.8
18528.2
12238.1
16774.2
13912.5
40608.3
22731.4
33035.1
20376.2
35047.7
16670
12730.3
17294.2
26958.6
19172.2
11617.4
17269
13948.2
19749.8
42508.7
20670.6
31414.8
7553.2
8411.6
22957.2
25784.7
25784.7
17997.7
11749.8
11753.2
15504.6
57310.6
17499.9
14933.6
25529.2
20917
31260
17321.4
10615.3
21842.1
24234.8
23352.2
11384.8
13096.9
15359.9
32980
18764.2
30249.6
12405.6
17004
19412.1
18618.3
35401.1
34896.2
18424.3
14435.4
21011.7
18180.8
29598.6
7742.56
14880.8
21225
17905.8
28065.8
17528.6
28119.8
16862.7
31658.2
27498.7
18355.2
28802.2
20878.5
19273.5
28012.2
10124
13272.3
19329.3
25101.4
14363.2
26919.3
26155.4
16201.6
36265.2
12737.1
13075.5
11540.9
10281.4
24077.1
21391.8
17345.9
6393.52
15480
13341.8
18288.1
23608
23429.8
12538.1
17344.1
10177
8672.48
25469
28686.7
20385.8
12984.9
25183.1
25279.6
32731.5
21141.8
11962.6
6059.44
10036
14215.4
13401.8
12760
13122.8
8498.64
8655.2
18596.6
18519.4
21471.6
13456.6
18245.1
13488.6
17506
9388.4
6686.16
20522.9
35650.2
42183
14850.6
23861.4
24393
22631.4
29915.8
29701.2
26555.1
13910.8
13769.6
7829.44
16517.8
17382
13320.2
23839.4
19582.4
24139
18003.9
28540.8
23742
17403
10586.7
9484
19069.5
9166.48
21490.9
14481.5
13045.1
21124.1
29447.3
23581
18496.9
27171.6
19179.2
41547.5
15796.4
15029.8
22539.5
18160.3
8251.84
24734.7
11813.3
16067.8
17887
20880.7
25163.3
15127.5
16492.4
25949.8
12311
10297.7
5893.68
10239.4
12218.6
20745.9
46233.2
18572
22639.1
14007.2
12809.1
21832.6
28343.7
10819.5
22203.9
15621
18392.9
24701
23282
16662.8
12147.1
12577.5
14107.9
11991.1
15260.4
5260.96
19588.6
15626.3
22566.8
11564.9
22593.2
16923.6
11537.5
30567.9
9497.6
15822.2
17147.7
35995.5
6665.68
12487.8
20353.4
12787.3
12412.6
15717.1
12800
9181.44
13883.4
14378.2
13090.3
48878.9
9597.68
17531.8
11246.4
16419
12421.6
17227.6
19984.4
37013.8
5653.68
13284
25008.2
18340.2
7752.96
22652.6
8459.84
15543.5
17578.9
13721.4
15196.9
7344.24
16225
5363.04
7959.68
22629.7
22288.6
13223.5
10522.8
7713.6
9268.8
17930.6
23388.6
15373.6
24826.1
15356.8
23817.4
9535.6
13075
9513.68
29416.2
21725.4
34641.2
23566.8
14333.4
28991.7
21126
19450.2
21085.5
24743.2
10686.8
17455.8
13540.8
10145.6
30688.6
22000
30022.3
14746.9
12662.6
10323.8
30292.2
16622.6
21064.7
16340.7
26776.4
20768.9
17597.3
14447.3
13936.9
17453.5
9797.84
10158
22780
19372.2
12578
23390
11706.2
13130.4
9788.48
28921.9
21233
14416.4
20210.1
12818.8
16352.5
14447.4
21657.8
20290.8
9777.84
7580.4
10725.1
12722.2
18989.4
14183.3
14359.4
17659.8
26178.6
24012
13852.2
21252.8
6944.08
25508.1
13069.3
25019.2
23165.7
13202.4
11393
17534
16891.6
11613
17534.5
22040.6
33325.8
16771.1
10007.3
18212
12354.8
11036.6
10654.8
12181.4
15107.8
7216.48
11056
11131.6
32524.2
12802.2
19563.8
10724.6
10973.8
24827.8
12682.2
29131.2
16999.5
21119.2
23223
4996.4
23332.8
19268.2
19584.8
23903.1
18700
32466.6
24193.1
7511.68
13465
14001
19260.6
16961.3
26762.4
13148.7
31158.6
15703.5
32539.8
23860.6
28984.2
8855.2
19289.1
24228.6
37065.4
19275.5
11287
13449.7
7182
24420.1
13372
24151
30028.5
7738.56
20557.8
32257.5
23860.6
19398.7
8686.32
18899
9898.56
5027.92
22412.1
18663.1
14052.3
26005
26948.2
13173.7
23462.9
5571.2
12462.6
20446.1
15774.7
6330.72
24723.4
27292.1
18991.5
29786
18549.7
20932.6
6929.52
22016.2
28413.6
22444.2
14902.9
13923
8401.76
15973.8
18729.3
24911.6
27394.1
25672.2
16949.7
31114.2
15009.2
24145
42192.7
19094
17704.3
17178.2
38898.6
19944.8
11515
31652.4
18560.6
18774.1
34586.5
34974.7
35912.8
21380.3
15146.5
14139.1
26603
20224.1
22963.9
24948.5
10878.3
13443.6
36241.5
16110.4
21722.6
19575
39578.3
26352.5
16963
15039.8
14733.6
4043.52
12880.5
20208.3
28450.6
16156.5
20693.1
5723.76
17391.8
15093.7
24428.3
13142.9
15662.5
46829.9
9585.52
18436.2
8643.84
22641.5
20150
18215.8
16570.9
13004.5
21256.9
16305
11417.8
26862.6
9040.88
18961.8
17078.3
27849
38511.4
17211.8
20990.7
20821.6
12338.7
14117.9
6926.88
24927.9
20240.2
19080
12487.7
21491.4
10981.7
17947.7
31521.1
7052.88
19813.3
22720.5
24645
15349
30759.5
17676.8
28437.6
12890.5
7039.92
9567.68
11308.7
48122.2
22760.2
23392.9
12586.4
10321.3
19582.5
37893.4
18201.8
11581
25262.6
19869.1
29935.4
9698.96
25234
9634.64
10549.8
18226.2
19750.1
6389.04
29921
17856.6
38862.7
26008.9
18553.9
22471.8
12742.6
10074.3
24596.4
25182
17143.5
11257.7
21429.7
15119.8
14108.6
17605.4
16364.2
34740
19920.1
13349.5
25597.4
10658.7
27999.2
36920.7
11572.1
14254.4
17989.9
17638.5
25119.9
16251.2
17468.3
13526.3
24262.2
16854.4
10849.7
19616.8
28670.6
19687.9
11518
32112.3
21222.8
25108.2
30480.7
8097.92
18382.8
13374.2
25194.8
24425
12007.7
28842.1
20323.7
12031.7
9322.96
31688.8
14006.8
19273.8
20632.3
26993.8
13844
13630.2
20440.2
23415
29145.7
19381.3
23336.6
14495.6
17410
33058.4
38278.4
11729.2
21504.4
10594.3
15625.2
15026.6
15489.1
23846.2
35113.9
14195
15250.6
19977.3
22575.2
10918.3
13152.2
15482.6
12721.3
17754.9
23485
16811
13573.1
14772.5
23525
16355.8
22712.8
7033.2
14448.7
22313.8
9469.84
37121.4
11109.7
12172.4
24365.8
17875.5
23205.4
17659.9
26350.9
11796.8
11688.5
39402.2
12159
18465.9
32983.3
12218.6
9640.24
12637.2
25190.1
20045.2
33086.7
17502.1
26506.9
14356.3
23938.8
26741.8
20100.5
13551.1
21930.8
12872.3
29082.8
39132.3
18474.2
22914.2
31900.5
26452.6
25845.4
29720.8
9538.96
13738.6
16305.8
10453.3
21050.8
26227
17698.9
10525.6
20824.5
9084.4
15083.3
28436.1
16552.7
32688.8
10656.6
16713.1
17179.1
15597.1
9707.2
17579.8
18667.4
18746
26825.3
18155.2
20469.1
30623
8711.12
10836.4
15753.9
25574.6
42302.3
20747.7
19549.6
11850.4
11495.8
22216.3
18797.5
11141.6
7154.8
18839.9
24050.5
8759.12
22488.2
10494.3
16451
16239.8
35422.2
15230.1
13807.8
21696.3
7221.76
12699
16131.4
20308.6
11592.3
10819
25347
16985.8
21459.8
25418.7
28850.6
18247.6
29066.1
24006
26319.8
26300.1
15404.9
17975
15412.7
16810.6
21472.3
18927.8
37154.2
47798.1
12546.8
21784.2
17222
12537.8
44340.6
22728.8
24140.5
12093.9
15263.1
19965
17538.8
16588.8
16062.3
9232
20621.9
11254.6
18768.5
14389.8
13793
40187.4
30533.6
15188.5
20304.2
11693.6
7713.04
46190.8
41512.2
35585.8
34746.9
11865.8
23028.2
24782.8
20383
11200.6
13213.2
17070.4
7964.08
20181.6
17431.5
22278.6
5636.24
15696.1
32034.7
23432.6
18804
12074.6
19140.7
18431.4
12647
11037.2
11925.8
25528.1
14796.1
11999.4
27084.8
9313.52
33715.4
12564.8
13436.3
11815.5
11047.1
27085.4
23074.9
9151.6
22628.3
15353.5
20226.6
39178.8
24558.2
5271.12
11328.8
9597.92
38838.4
34625.8
23235.4
14190.6
17302.1
13111.9
29949.6
18807.8
13047.7
18860.6
16116.7
22637.4
17947.5
27080
16966.2
12265.8
12630.5
14805.2
8610.48
9547.12
21671.8
23579.5
18557.6
17945.8
12560
11600.1
8494.96
16230.4
32200
40681.4
17748.3
23302.8
18214.3
16813.1
21500.2
15842.6
13156.8
9967.6
20252.3
17031.6
5430.72
11551.4
4307.04
18271.7
49071.8
32861.7
24071.1
13980.8
12828.6
24530.4
11844.7
15335
30537
20606.7
12278.9
15168.7
25406.2
22242.3
20167.9
16777.2
11990.2
9406.88
20127.4
17892.2
9850.72
33814.7
17778.1
7792.32
11324.1
20156.3
20742
18003
20765.6
11469.4
5891.92
24768.4
37124.2
22674.6
16129.8
11481
13590.2
24719.8
11985.4
18575.9
9297.44
12980.7
11393.6
15209.5
28290.2
15890.4
9240.88
9962.08
27489.4
34358.1
18606.2
20728.2
24672.2
15556.9
7897.28
8158.88
3974.88
13221.1
28777.8
23694.1
20991.7
34839.2
9686.32
13940.2
29804.3
31737.8
15039.4
14477.4
29137.7
37439
42351
19094.8
25225.2
27406.4
8271.6
18236
51458.4
34209
34630.7
19300.2
13823
14108.7
12221.7
28713.6
13992.8
21063.9
12952.2
22605.6
7559.6
15896.7
22444.6
27261.6
36240.2
19581.9
37648.9
19005.2
19356.5
24593.4
22191.9
15550.1
24719.2
17810.7
12698.1
13267.7
12912.2
15155.8
23840.4
21088
7277.6
17003.6
27789.6
19217
15237.1
15518.6
20673
18950.2
19027
10851.9
18473
27445.4
22027.8
13245.7
21591.8
17972.1
22030.1
14706.7
10916.6
22016.5
28816.3
29005.8
25922.1
13147.2
24167.6
14411
19341.4
14338.7
17018.1
38198.2
19547.4
18311.1
12869.1
15900.3
21191.3
22750.3
28215.4
14288.5
21042.9
28540.3
26955.5
24918.6
27287
26018.3
30202.7
23732.6
21231.4
38377.1
41837.1
14804.9
14322.5
28108.5
8439.68
29834.4
14673.6
24161.6
20337.8
13174.2
38298.3
17820.1
10305.3
37592.8
23823.5
12191.8
17215.2
24973.6
26400.6
16495.8
18889.4
13343.2
38063.1
10753.3
15986
18517.1
26464.4
12698.5
24455.8
28492.9
22378.5
16060.6
31766.6
20341
28574.6
18519.2
36964.2
23273.9
29076.2
23745.3
23618.2
35684.5
46219.9
16157.5
18617.6
17533.2
16996.7
31477.9
40885
21085.7
24937.1
16058.4
21503.8
24657.1
15404.9
36061.6
32365.1
10309.8
19806.6
20678.6
21243.1
13970.4
25685.4
11664.4
29447
28382.1
23198.4
24145.2
18785.7
21315.6
12842.6
39663.3
12013
25365.2
22788.6
21177.7
30018.2
45171.7
12225.8
40630.3
13988.2
25164.2
18061.5
21341.8
22458.2
24751
20970.4
30171.3
42438.2
31255
24535.3
36931.6
21496.7
17759.9
15793.1
22989.9
22603.5
25189.7
8979.28
32352.1
19757.4
19542.6
29835.8
24210.2
13693.8
19187.9
14555.2
12325.4
32475.6
21870
23862.3
19598.3
31763.5
25036.9
19030.9
17015.3
18094.9
32791.7
15823.1
17546.6
25294.1
30928.6
8169.6
45164.6
19079.5
20993.4
24330.2
17633.7
28250.1
24259.1
27824.6
34499.8
16550.9
19813
18285.1
17045.3
20440.9
28693.7
16318.5
16176.1
33304.6
24648.1
19940
9176.24
18561.7
15125.4
30533
18337.6
21677.4
20794.2
12918.6
10311.5
17853.9
11665.4
33679
8092.4
28091.8
16019.2
27577.7
16527.3
23103.4
13823.6
18942.8
11758.6
19932.6
21886.6
14626.6
12615.3
35083.6
19099.1
20856.8
56743.6
21999.6
22330.2
23558.4
24137.4
10592.1
21005.4
31250.6
18531.5
19199
20054.1
23716.2
17415.8
31537
21234.2
45675.5
22650.4
19848.1
26752
20725.6
14147
17991.4
32468.3
28848
15743.8
34067.8
20783.8
25311.4
16827.5
15102.3
59866.7
44712.9
16669.3
16617.5
17370.1
12039.8
21325.5
38532.2
44961.8
12647.1
32482.8
29241.1
33868
26889.1
15229
21283.9
27927.8
15686.8
17643.5
14832
17888.8
28576.4
11339
26529.1
14279.3
29104.9
29130
14568.6
51996.8
19003.6
19544.6
37535.3
27524.8
37247.2
38483.4
37471.8
18367.7
32482.3
31933.8
14063.7
21585.9
33192.3
31113.4
26693.4
16613.5
27065.3
17010.2
31517.4
42742.6
27541
12987.7
15204.5
20553.5
29113.8
23722.7
29617
25269.8
24846.9
25858.2
27861.6
15543.4
18497.7
31107.1
20771
43017.8
18691.2
25169.9
28596.8
19135.9
30059
17260.7
19742.6
17585.2
15907.8
21815
31271.8
12711
33194.3
31034.5
6857.12
24161.9
20879.8
31554
37262.2
10304.3
14115.8
16795.8
10223.6
11120.8
12716.4
28981.7
13842.8
14192.9
13291.8
25759.4
21476.9
43192.5
13377.5
14792.1
12195.4
22164.2
22381.4
14046.8
19246.6
28571.4
29174.6
26135.2
23150.2
22578.9
15838.3
39540.6
31266.6
7780.4
15020.2
28131.8
15781.1
25179.4
8361.92
13978.2
33028
17633.4
9488.24
10067.8
17452.2
17002.7
24101
17247.4
18298
20960.6
14383
19387.1
25477.2
18463.6
18798.2
15140.3
23447.4
4160.48
13670.5
37413.3
13012.4
14284.5
7857.2
11142.2
11996
14654.6
10510.5
20918.7
16235.7
13348.4
15714.5
17774.7
23574.4
15504.2
19168.8
16875.1
12034.2
17357.4
11735.6
9302
15126.9
22144.7
27769
12444.6
13291.3
16855.8
10447
8669.12
25417.4
9802.32
18888
22672.6
24155.8
8197.44
34101.2
10638.6
15505.3
21300.7
24932.6
24370.2
27932.9
12424.4
33309.7
18096.4
21534
8292.08
14241.2
30565.8
14608.6
22065.9
16361.2
6884.08
12799.7
21514
21055.8
34672.2
20975
10371.8
20218.7
31627.9
11910.6
24090.6
7405.76
8964.16
12924.8
12931.1
8589.28
37431.4
17706
28712.4
21558.2
22068.8
16785.1
37139
21232.2
23374.2
37647
20360.6
18549.8
9687.52
33790.5
20278.6
23818.2
29995.6
23705.8
24118.2
9274.96
10209.2
15578.6
15915.4
27508.6
18383.4
13583.4
23262.6
19548.3
26850.2
8431.12
26056
24201.5
12604.4
12356.8
11177.3
21976
13785.6
28842.4
18498.6
21262.7
13696.5
15875.2
27949.6
21534.2
34117.8
44933.4
32481.4
5355.76
24183.5
13534.3
20155.8
12994.8
13596
20162.6
30218.2
17570.6
24515.5
15920.8
14574.1
29511
21010.1
13667.4
36603.8
20154.7
15185.8
31151.9
14911.1
7277.84
26955
27258.8
19906.5
40640.1
29643.4
26396
21531.8
15124.9
25643.2
19037.4
20512
24776.5
22489.8
24098.5
28871.2
40782.2
15008.9
27724.8
12216.5
17169.5
22373.5
10166.6
12175.8
14130.7
12050.7
32051.5
11221
25205.8
24874
20937.8
18814
11135.9
14198.3
9064.72
28648.9
15206.6
24161.4
26084.5
19109.4
20808.4
17593.9
24084.4
12885.4
23183.7
8163.44
23190
39526.3
17228
7811.68
40568.1
13739.4
17946.8
31863.4
14376.8
16257.9
22744.2
15896.6
34285.5
23735.1
16881.6
19058.5
22402.9
25647.7
8389.84
24055.9
19075.8
31366.7
24725.1
15694.9
21557.4
17185
14001.8
15400
8740.88
22893.4
28614.3
39722
14678.1
26561.6
10238.1
11968.5
8265.52
12770.2
21462
21865.6
22834.7
22689.2
25929.4
30601.9
13622.6
28289
7555.2
41563.7
14010.1
15000.2
18915.4
20169.6
24411
7637.84
16702.3
19369.4
11203.9
21586.3
14544.6
17838.6
16898.9
20627.4
10094.9
17935.4
24372.8
12018.2
31035.3
10250.6
13438.2
15677.5
33371.1
18042.6
19029
12066.6
27883.4
9800.32
28387
4766.64
18176.9
18193.1
29909.6
16536.5
20810.6
11720.2
17546.7
17253.8
28022.2
34837.9
27909.9
23752.3
10839.3
14766.3
24083.8
35126.8
21365.3
19616.3
18080.2
19954.2
19836.8
21589.8
27745
18761
14821.3
19148.7
12851.4
31935.5
19192.7
22918.7
7410.4
9632.8
9906.24
26325
30601.7
18581.4
16962.5
35131.8
25634.9
11971.4
31114.7
6386.08
21277.5
24173.4
29132.8
22674.8
8000.48
22726.7
21819.4
39598.8
13218
17555.6
7688.16
16438.3
32428.1
25112.5
19678
17949.8
11011.4
9394.8
28250.1
21416.3
24733.2
24497.8
8394.32
13041.4
15335.7
15717.3
28752.2
25734.4
10753.7
21514.6
30243.5
20229.9
22617.5
8042.88
19636.7
25065
30644.6
11486.8
13845.7
13051.4
14295
15600.1
24001.9
23229.6
10744.6
19857
32788.1
14838.9
15875.4
10459.1
28911.4
22119.8
38507
10820.7
30234.9
8017.12
14351.9
10702.5
15457.4
28683.1
18795.7
17073.8
25923.2
10993.6
15275.7
16498.6
24865
21029.1
12188.5
30858.5
19141
17101.7
7813.44
11574.5
26996.6
24898.1
10963.6
14401.2
21971.9
12915.7
22305.4
18241.5
14204.2
11688.6
26419.8
15995.4
19181.5
11688.4
16850.4
20191.1
27013.8
8543.6
14853
18331.4
15413.3
16593.4
23763
24547.4
24581.8
11510.1
30461.9
21906.7
16001.7
13644.2
14938.3
13454.1
10220.8
27309
10151.6
14602.5
26816.7
12498.5
12230.4
25765.5
42591.1
15702.2
13364.3
16742.2
9891.12
23139.9
13448.2
23674.2
16973.8
8244.72
26833
30357.1
34347
25287
37635.4
7895.52
17778.6
23833.4
21462.9
44125.1
21765.5
20173.6
10902.1
19105
18708.3
24436.2
29070.9
15019.9
24750.2
12855.1
24590.8
11917
11830.6
29869.9
15507.7
24278.7
16486.9
13245.3
20333.3
10363.4
11035.3
3810.72
19547.4
11393.5
15385
14740.1
22756.2
16661.1
16408.9
30245.1
31659.9
14653.9
20031.6
5253.52
24023.1
17813.3
20365.9
21539.9
21064.1
24183.1
37078.5
36398.2
24177.9
10305.7
9430.32
11917.6
20495.4
26685
11365.8
35940.9
18472
26292.1
26747.4
16854.5
17809.6
17186.1
23364.4
23054.9
25817.4
41425
13823.6
20633.5
21278.5
14458.3
12131.2
30130.4
15151.1
43641.1
12106.6
16375.8
28866.1
26761.6
19525.7
17148.4
26336.6
36139.6
9429.84
27901.9
10845.6
25881.4
13317.5
24201.5
34722.4
37502.3
29436.1
19256.2
28145
18163.9
13621.9
27137.5
23020.2
25452.7
21068.3
33253.8
16825.9
27591.8
21714.3
34146.6
24623
25447.9
19937.5
17666.6
27714.1
17605.9
24779.9
33503.5
35568.8
25192.7
24996.2
7798.4
31529.8
19850.6
15188.7
13082.4
19059.4
25112.5
27534.2
25129
16881.1
24290.1
27309.6
13239.7
24917.6
22345.6
26563.4
28912.6
5436.4
38623.9
15501.8
14586
21028.3
18585.1
19195.1
24615.6
19099
17471
31029.8
10262.6
23440.5
25015.4
12540.2
12653.8
10257.6
34914.9
33327.6
24101.3
4752.32
12073.8
19342.2
47839.1
26093.6
12383.6
6562.48
30786.9
10882.2
25121.6
38656
10141.7
27829.4
7041.12
13500
18728.7
21777
43567.3
21969.4
10175.6
28533.8
19609.2
50855.6
12899.3
35299.8
25436.6
20010.8
18514.2
19545.7
33106.9
23697.9
13378.4
25831.2
37923.8
15826.4
13807.8
31536.8
13011
29262.8
17394.4
26342.9
11954.5
14409.5
14210.1
12623.9
14173.2
23203
34457
16006.2
7980.72
13746.5
37150.2
22962.3
21392.6
34998.4
19630.9
28246.5
18928.8
17368.6
7728.48
18911.7
10110.8
19187
10654.4
26609.2
32108.4
17550.8
9140.48
9492.72
22215.8
15937.2
17507.2
20679.8
11834.9
28399.8
20942.8
13752.8
16504.5
28114.9
16693.8
23418.1
25086.1
11886
19252.7
11528.5
10591.6
14622.7
19250.8
13551.4
19269.6
9298.96
19065.8
12490.7
20691.4
14255.3
16861.6
23114.5
16019.5
15794.2
12431.5
15002.9
14613.7
13687
9915.6
11641.2
28125
11366.1
10725.9
22019.5
13381
12913.7
15811.4
5541.6
8373.04
8100.88
16302.9
9065.44
15230.2
19049.8
33535
18048.2
39890.2
19145.3
8599.36
25049.9
17815
10935.9
6781.6
18955.2
6715.12
27099
16428.2
19035.8
27381.8
22426.8
14421.8
23829.4
7988.16
8172.72
37734.8
11172.2
8989.92
10309.3
9589.28
28469.7
7371.92
13671.3
10326
19813.4
10519.6
20236.2
15897
12321.4
9897.36
21864.2
11362.8
37185.9
8104.8
16373.6
17609.5
19623.4
8447.44
9583.2
21561.4
24231
12826.2
25060.6
26233.4
16835.4
11024.1
26822.4
19997.2
15760.6
14782.6
4881.12
6892.96
31177.1
14535.3
7878.32
11588.2
20842.1
7146.56
5213.2
8041.92
8192.48
16174.5
7203.52
22636.8
8562.64
16979.4
10266.3
23305
6695.12
21530.7
22499
9948.32
4387.84
24800.5
7523.44
7473.68
18380
12895.3
23523.8
19432.7
23728.1
10444.7
12964.2
16369
18734
25278.1
17488.6
6609.44
40907.8
7781.76
23951.4
22607.5
29211.5
20471.3
28033.6
21861.7
9811.2
16741.1
17534.7
14832.8
11126.8
9960.64
25811.3
17583.9
28616.5
21452.8
24114.2
19123.3
22258.3
23517.3
18482.6
8863.68
12976.2
19901.4
34079.4
19806.8
22419.3
16223
9320.16
18875.5
30365.3
22859
20665.7
13399.8
18001.2
12542.4
5888.8
47239
37733
11095.8
17798.9
12972.2
21271.7
27333
17658.7
24092.2
13413.7
13300.4
24343.4
26264.1
16243.3
8948.56
22867.3
38135.3
17096
26714.8
33537
19516.5
20701.1
12739
21505.5
22497.2
35584.9
28852.2
12609.2
15810
23595.2
28892.7
33660.7
20066.8
21167
21750.1
25392.7
13641.2
12083.6
13965.8
12897.2
21183.3
19455.4
24930.2
17610.6
12070.1
20793.6
21165.1
21556.6
40856
20843.3
19715.2
12683
38321.3
20888.2
25890.1
14313.9
30430.2
42214.4
11115.5
14325.2
12010.5
21096.8
20078.2
14979.4
22117.1
16087.3
16556.6
20238.7
19420.2
23049.8
15558.2
23720.3
12105.2
21126.2
33745.6
11165.2
13064.3
13015.3
24052.6
16345.4
16945.8
26815
18760.8
28173.7
14703.4
11203
20713.6
25695.1
19473.4
6835.6
14771.2
14918.4
27493.8
22522.7
10035
21002.1
40380.2
16276.3
28363.6
24725.6
18594.6
10303.4
13971.4
14503
17486.7
28274.1
5992.08
2929.84
12143.2
25196.2
23320
31882.6
16859.3
22326.3
19892.2
13442
9918.08
7397.92
19332.2
17143
43381.7
13814.6
17932.3
11030.7
19582.8
19173.8
8897.68
42097
17922
13361.8
12167.4
17622.9
30476.9
6095.68
8536.24
34466.6
11830.7
29083.8
14544.2
19879.4
18356.8
10897
7912.88
13024
25797
24904
10306
18030.2
12670.1
19376.1
21946.7
16942.2
28537.2
7284.16
8020.8
8803.76
11840.5
9674.08
10473.8
17991
9825.68
8493.92
36197.8
13832.8
2998.08
8417.52
24938.8
10426
19159.5
17460.5
13584.7
18496.5
30027
30184.5
31975.2
33109.3
18475.4
24170.6
27952.6
28926.9
26745.8
24965
29373.2
23971.4
9172.64
25832.8
16174.5
33672.6
10703.8
26991
30211.1
41434.4
28486.9
35019.5
12253.9
27103.4
21825
16158
11245.3
23398.4
17595.6
32312.7
18053.2
31066.3
14999.9
17975.5
23457.5
21273.4
15947.4
13237
19669.3
9509.76
20977.5
11794.5
43073.9
61399.8
16909.8
35964.8
23232.3
11277
23261.8
22715.7
12256.9
34895.3
5175.76
22084.6
35062.9
23237.3
36793.2
34131.9
19673.9
13560.7
14237
35018.6
31518.5
24167.7
28850.4
27013.2
25384.5
12968.2
19878.5
27919.8
33213.8
19801.3
9837.04
14038.2
21653.2
20340.1
19100.1
34560.2
18342.7
26176
14679.7
15461.2
13037
16114
22214
18808.4
18382.6
18193
8642.32
29850.7
17445
25423.4
22892
20077.8
26640.2
16694.5
29639.4
31825.4
15248.9
20156.7
15189
27621.4
33465.3
19248
27066.1
25149
16127.1
32514.1
16891.6
36371.4
14626.6
18595.7
12782.2
19160.7
18463
32898.9
19014.4
19077.4
11248.2
15833.5
30737.7
12722.9
18060.2
31742
9854.56
25925.9
16987
21370.2
17696.2
21134
10200.7
31368.2
16476.6
21595.8
25672.2
12865
14249
44810.6
12495.8
18476.8
12023
22688.6
14258.8
15276.8
27449.6
26297.2
27507.3
13364
20693.5
30010.6
24047.8
14749.5
19995.9
32311.6
10905
29332.2
46172.9
31506.1
19664.6
23755.4
24723.4
19029.2
17181.8
23975.4
30356.7
31036.8
15103
16455
33190.4
26420.3
46975
21457.3
27950.9
31054.9
15423.3
19425
33776.7
26131.9
28155.8
23417.5
27949.6
22368.8
40915.6
29266.2
34874.3
26322.4
18494.5
13181.3
9811.92
25958.3
13666.3
28322.9
30837.6
17539.5
24586
14068.2
8239.44
8285.6
16645.2
22983.9
21728.4
17663.6
16146.2
16148.6
10883
27178.6
16184.4
28051
24541
10603
29770.2
14404.6
15239.7
18444.2
24965.4
21883.9
10740.6
20799.6
25955.9
43711.8
22285
26103
18685.1
12370.2
20166
13052.2
27658.4
14759.1
21618.3
18219
28977.8
24602.5
26203
19924
31377
16362.7
10233
19635.4
19959.7
20196.7
34504.7
27503.4
22773.4
23044
10681.5
13672.7
55926.3
26382.9
34339.5
18090.6
10327.4
27699.1
15804.7
30368.7
14178.7
21844
22821.2
13637.4
13481.4
8077.76
22459.8
30240
13786.9
28084.2
28899.3
26472.9
10940.7
16515.4
31896.2
24666.6
10165.8
20364.7
19653.5
15526.9
22774.2
15213.1
15295.3
13914.6
23116.6
17736.5
16956.5
35422.9
7667.52
19364.1
9427.76
22519.8
14019
20742.2
20893.2
13948.6
10328.8
9436.08
13354.8
18562.7
13847.2
26987.4
22915.8
24683.9
13648.3
36664.8
32828.6
16653.8
33459.6
10581.7
15677
15825.3
20954.2
34146.2
23833.4
9065.84
14726.8
18548.1
22056.2
12893.3
28380.3
19765.5
20760.2
20216.6
24546.6
24216.2
24887.4
19328.7
26117
18227.4
28307.4
34008.9
34696.1
17087.7
30092.8
14227.4
18932.9
21283.4
17718.8
21771.5
13228.6
21264.8
22080.6
10143.9
16094.3
33755.1
24057.8
10168.4
24403.8
22243.4
22112
22280.8
11615.4
31003.8
41244.7
24925.8
21503.6
11747
10877.5
40013
11256.6
31748.2
36679.8
13671.2
13800.8
7203.28
17998.2
15265.7
31821.1
19086.4
40163.6
14411.7
11573.5
26143.1
33091.3
15618.1
11692.2
8158.08
35678.6
14457.8
28041
34112.4
25256.9
38652.2
24049.3
11824.5
25423
29313.9
22388.5
16417.6
14879
14977
15058.4
21202.5
18234.6
11392.7
17635.6
20197.2
22074.7
18792.4
19571.2
8357.84
20084.3
27834.9
15701.5
14099
21346.9
21096.4
23220.9
9045.28
10006.3
21766.4
23023.7
10349.6
15168
33687.2
15117.1
14657.2
19836
16279.3
26842.6
23972.1
16867.3
22084.2
13763.5
10886.2
20369
65080.3
18180
9728.24
11997.2
11452.8
18097.5
22017.4
21121.7
14518.6
15718.2
22066.9
27212.7
14370.9
18227.8
6621.84
21665.8
27978.6
22897.4
35214
33167.5
12782.6
28219.6
14189.8
39864.9
32268.6
16517.8
44466.6
41980.1
22472.2
15612
17087.4
26309.6
17487.9
34118.2
24070.1
25176.2
12029.4
14226
12189.4
21253
25950.2
28926.3
19206.4
28583
29124.8
19590.2
31694.4
24304.2
23825
16905.2
34751.8
32695
38244.9
27090.2
35062.7
16002.5
34541.3
24474.1
38528.9
26361.6
15545.8
33846.6
40639
9828.56
18336.3
16643.1
9785.76
12897.4
10546.5
25055.6
19556.6
16573.4
35075.9
23600.3
18911.8
11629.4
14730.2
32582.6
28750.5
14613.6
39935
14376.9
21387.1
14381.1
43194.7
17512.3
9725.36
22361.1
12928.6
19095.4
19037.2
21143.4
13690.1
43237.4
18095.3
20588.6
22457.7
17421
25576.8
12496.1
30324.6
20784.2
13214.8
15256.3
13720.4
11981.2
23224.7
18720.1
22730.9
13263.2
26209.4
16416.4
22310.3
13093.4
26463.2
21210.6
26802.1
23705.6
15909
13528.8
28859.5
35819.6
17358.2
31478.6
33307.9
26265.9
32048
23350.8
17924.2
9797.92
18799.8
23825.8
9411.2
41745.4
16225.4
23566.4
26360.8
18544.5
19031
20669.9
25022.9
23518
15732.2
17333.6
16959.5
19759
27876.9
17704.6
12751.4
20792.2
13970
33513.8
22560.4
8606.64
12541.4
25608.6
17060.9
26717.7
10379.4
31451.5
38900.6
26873.7
13961
26762.4
18585.2
8760.56
14385.7
23512.5
10943.2
31759.6
9352.16
17984.7
18473.1
12898.4
33856.2
7429.92
31376.1
16789.9
23570.8
26893.1
40090.1
27195.2
18454.9
18520.2
26802.2
19015.8
24767.4
22616.6
11366.6
25049.7
16520
40942.3
26190.3
20639.6
18231
8122.48
16508.2
25756.2
14016.9
32353.5
17816.6
30077.6
23639.3
14361.7
19594.2
17709
19898.2
18968.9
24901
28433.7
16534.6
14184
30901.8
15533.2
20670.1
12163.3
17671.5
15849
11343.1
16145.8
15822.6
14233.4
16150
9417.76
13924.6
22593
11984.6
17626.8
21464
27833.2
29817.6
38545.4
15085.3
17148.4
9101.84
17181.8
54934
36585.1
15676
20530.2
29767.4
23644.7
22273.3
16375.8
26478.5
13033.4
12279
38308
16855.4
10019.3
21365.6
8777.52
22425.8
31769.3
21087
18111
10418.4
23743.4
37470.2
31206.6
18093.8
13966.8
14869
20077.8
26639.9
20944.2
19400.2
20275.6
23523.4
14604.6
21005
23263.2
11559
37747
21155.9
26191.9
17753.8
20754.8
41343.2
10760
22942
18420.3
34941.2
32659.4
22705.2
28385.5
17145.2
15684.2
9409.44
26534.1
13295
12717.4
6319.84
35320.6
9458.64
13645.7
9867.52
33085.8
28132.2
19395.4
14070.5
40376.5
30638.2
20894.6
23321.4
24627
24666.6
21182.2
27824.2
13967.4
23386
24490.8
31331.1
27612.6
12413.1
25124.1
23043.2
13403.4
15926.8
14122.9
20669.8
6955.28
20038.9
22062.5
17847.9
25246.6
15061.5
15680.2
34125.4
15713
24771.6
27007
17036.9
16129.8
16238.1
28493.6
35593
23006.7
21675.9
23286.3
29213.5
18522.4
27556.2
31717
36525.4
27705.3
16807.4
35632.2
11332.6
21949.3
18403.4
12482.2
12414.1
51712.3
33840.7
23171.6
27438
19254.4
8737.12
22035.8
29342.8
19875.8
9436.48
8770.16
13022.3
25212.6
35515.4
18601
17359.4
39283
28476.9
20492.2
19819.7
11692.5
23112
10435.8
11573.8
14232.6
14735.5
38070
5360.48
8031.12
8000
15974.7
29412.7
19823.4
11306.3
23143.4
14862.7
16757.5
12517
17518.4
6685.36
19004.6
17623
9164.72
18665.8
19111.8
9370.24
20175.8
12763.8
17459.2
9356.56
18432.9
10455.5
20989.2
34661.3
12926.2
20569.6
19347
13781
16841.5
21174.8
10307.2
21657.7
17624.8
22349.2
30869.3
27932.9
23419.1
23567.1
22267.2
14098.6
33094.4
25596.9
32451.9
16506
33713.6
13262
8812.32
18865.9
32747.1
31601.5
11390.6
24219.8
7947.68
13468.4
20813
15520.2
15462.3
8883.36
6645.68
24346.3
18781.4
20010.4
26442.5
16880.3
23692.6
14504.6
31326.8
17236.8
20731.2
19317.4
25383.7
26903.2
21550.9
24222.9
7793.28
32462.4
17789.4
30175.9
13003.2
14981.9
17583.8
15737.2
23599.1
33041.5
26759.6
14810.3
29847
13137
33497.8
18138.7
17338.8
21694.8
13270.3
12444.8
24699
12693.2
19221.9
14132.7
9101.52
33025.8
24862.2
30174
12323.8
10169.2
15439.4
10238
17472.2
17570.6
28637.8
13998.2
10238.8
26579.2
10831.4
28195.8
27987.6
16912.4
32764.6
25024.6
15435.8
20191.5
22943.5
9094.72
25135.3
32049.8
17649.1
34682.3
24387
30557.3
23767.9
11661.4
12166
35867.4
24388.1
21529.5
19638.3
15291
17766.5
32266.8
28114.8
22871.9
23533
17299.4
14282.6
7603.84
44757.2
16842.2
35492.9
28705.6
17041.1
44247.4
24291.1
28633
17929.2
25932.8
14017.4
30259.2
30990.9
19757.8
18806
19223
22251.9
18384.7
28735
18580.9
35639.2
22173.4
14407
26731.5
14011.5
18698
19964.6
17504.8
30427.4
15968.3
29948.6
11877.1
33905.4
24846
17494.9
15972.5
11913.5
19099.4
19470.6
9766.72
39756.3
20958.6
23003.1
9742
25445.1
22196.2
28090.4
13571.8
13700.4
20266.2
24235.4
13890.1
18427
28790.4
15791.8
14785.6
10185.5
35112.6
16721.8
31646.1
32471.8
19301.4
9663.84
14045.4
23837
27479.8
11995.5
19909
21269.2
37619.6
22251.8
17444.5
23744.2
19387
28927
21770.2
15041
22661.5
18345.8
25200.6
19709.8
22743
10893
23531
40858.2
23816.6
18506.8
32509.5
23478.1
14958.6
9762.88
33419.8
44748.2
11409.2
19911.4
16770.2
7193.84
24765.9
18354.7
22333.1
14082.2
27780.5
14152.4
33565.3
17276.2
11929.6
12001
21294.9
41162.1
14693.4
25168.2
25912.6
29453.6
21160.6
16895
16857.4
13087.6
14221.1
12994.6
11321
47664.6
32919.6
14052.6
14034.3
29565.7
18609.4
40533.4
17874.7
13529.8
32120.7
26518.4
12624.4
20965.6
35613.8
34430.3
17340.4
12508.2
16300
21364.2
11007.8
23991.4
18670.2
11183.8
24068.3
19949.8
15605.9
10838
14089.8
26351
36162.6
13375.7
13877
20267
12978.8
32841.4
20362.8
16704.9
35071
10687.6
24636.6
26448.2
11725
19654.5
28875.6
22004.5
27615
14405.5
14850.3
7494.88
38973.6
26798.2
8277.12
26341.3
16840.3
9257.6
23343
24247.9
22174.1
18963
44861
14724.6
19699
24980.3
35592.6
15214.5
18496.8
31536.2
13106.3
17791.4
26839.8
15937.8
26632.2
22468.2
25466.2
21446.7
31039.4
15471
22312.2
15163.2
22474.7
30854.2
21240.1
23566.9
11840
23304.9
22186.6
13988.1
28376.1
28998.3
24970.7
14933
35042.3
28902.4
12226.1
15774.9
11400.7
27091.4
25188.4
14477.8
34298.6
18366.6
29947.2
35557.4
21396.3
12514.7
28755.8
6982.88
27677.2
28645.1
26305
33335.1
33080.6
25414.1
25824.2
26123.8
17532.6
11109.8
26443.8
17675.2
8563.2
33844.6
33984.1
39372.5
37952.2
23426.2
21783.7
37316.9
24603.4
27159.4
21130.1
20681.7
18884.2
31830.7
24767.1
15965.8
38331
19644.3
16581.2
8487.2
31273.9
19189.3
19736.1
22423
14939.5
16143.4
36938.8
22538.1
13908.6
23761.9
18358.3
16275.8
25011.1
20745.5
22595.2
27570.9
23747.9
43321.5
35417.1
34401.8
26040.1
39083.4
16892.7
22634.1
43607.5
31967.9
19355.5
17825.8
26496.2
9643.92
25233.9
18841.8
23289.1
20113.2
15942.8
15643.4
14051
25721.3
22861.2
28718.2
35352.1
20289.5
18881.3
19298.5
21430.8
25793
43633.8
29362.5
9662.56
18728.2
11850.6
14235.4
23925.3
36698.8
34646.6
18476.2
21984
21534.1
22334.1
22801
12247.8
40663.4
15374.5
25275.7
19589.1
28032.2
14192.2
31332.1
6436.96
17639.8
20710.5
22817.8
22449.4
54591.2
19861.1
11571.7
23897.9
28396.6
19069.6
15100.5
19247.1
28006.6
26567
13740.4
20980.3
18123.8
24464.2
16964.5
20949.1
7803.44
23994.6
21943.9
24391.9
47196
17591.6
32842.7
13910
33796
26453
9654.96
40069.8
19162.1
16814.3
26186.1
12013.8
13592
23418.6
24407.7
20831
28315.7
26752.8
14594.5
17561
25282.5
14884.5
39103.1
9232.16
9440.96
37416.1
8538.32
17974.9
46458.2
23831
19525
22279.4
20008.6
40761.8
24056.4
17848.1
27293.9
11471.3
12671
18363.4
19023.3
15286.7
24651.4
10972.2
16430.1
18061.8
10106.3
11940.9
8013.28
9915.28
11673.3
9434.08
27387.9
18356.6
18969
23601.7
9656.88
18946.6
20430.6
17790.2
11795.3
22178.5
30877.8
20894.1
27203.8
11576.9
23008.3
14071.3
36120.7
12794.4
31299.5
13864.2
11075.5
12831.8
11531.2
34886.2
26149.6
25102.6
25106.2
13919.8
13253
25391.8
20586.6
23878.6
26534.6
32079.5
23194.2
19789.2
34375.2
10887.4
20805.3
21666.6
23636.8
16920.6
17547.8
17535.4
16956.6
23425.7
28810.3
31079.5
15477.1
26663.8
10387
18703.8
17505.3
12867.2
17099.9
14570.6
31941
28369.4
22223.4
22400.9
17132
12485.4
19015.6
14323.8
11114.3
21853.5
19799.3
6412.4
16185.8
11507.4
17269
21043.4
20106.1
11700.5
8393.76
22706.6
11701
17522.2
22617.4
32663.7
18241.8
15824.8
15013
14043.2
14694.4
20838.1
18211.9
29517.7
13234.1
11057.3
11928.3
23788.1
14595.5
12583.5
16332.6
11712.1
16675.2
15012.5
23243.4
13425.4
24217.8
7371.76
9116.24
20327
7367.2
10467.4
27321.2
12648.2
10073.8
9436.96
7964.8
28929
12648.6
7972.4
13684.7
10770.4
23316.8
33893.3
9302
27058.4
21825.7
7421.6
12772.5
18155
10689.4
13952.9
10436.7
8975.52
7435.28
14491.7
19343.1
7802.16
34386.2
15215.4
28567.4
13104.7
20170.8
21140.2
17822
11948
8838.72
9242.4
12064.7
22433.7
21670.3
16540.4
18141.9
13115.8
31161.3
21343.8
20419.8
28429.9
29724.8
21030.5
22052.6
16306.7
15351.3
16476
7056.4
7470.08
9020.16
27831.1
20414.6
14863.6
9555.44
6486.16
21947.8
15406.4
12602.8
17053
12513.9
29618.3
15460.1
15224.6
16900.9
37003.1
26397
7278.8
27373.8
22572.5
32787.5
15540.3
12373.1
26870.2
30032.4
32056.8
23461.9
38147.4
32246.5
9483.36
27589.7
15077.7
20802.3
27382.6
20991.9
8726.64
16418.5
46595.5
12372
16458.5
25003.8
23054.5
21064.5
12142.4
16258.6
26429.9
10278.1
13897.8
21220.8
8140.88
29551.7
11876.5
39245
28852
20895
10723.1
20105
11287.3
14505.6
17343.1
13305.9
22258
25574.4
10703.3
12595.4
24009.7
27124.6
25732
18253.5
16231.8
17458.4
11925
25506.2
15739.7
18848.6
15495.5
13060.8
27764.6
15709.4
18404.2
18514.1
10971.1
9870.8
17323.5
10264
27083.4
33631.1
13223
23456.9
15657.6
11545
10806.4
28328.5
36313.4
12312.1
11065
25805.8
10723.6
13872
27641.4
17250.2
12965.5
28686.1
28294.6
20600.7
5937.76
8617.04
12585.9
22468.9
11801.8
21159.8
9198
25046.1
13247
22209
23054
16613.1
15546
13899.1
14219.4
26647.4
18496
24688.1
29297.6
33882.9
4214.88
15211.4
14387
25022
37627.8
31211
35015.1
31207
7904.4
21001.4
22735.2
11738.3
17058.1
27148
10393.8
11993
17895.2
11092.3
15200.2
12577.8
7573.84
27912.6
15087
27212.6
18223
22691.1
9114.56
27422.2
10494.2
22912.6
19421.8
17703.5
19027.4
10234.9
11528.5
16890.8
22766.7
30754
13724.6
19752
12478.1
21281.2
11073
18350.3
18667.1
20684.9
36698.8
24691.5
11057.5
30884.6
21194.6
29830.6
14061.1
30470.6
20339.8
12386.5
12079.7
24809.8
29460.1
21262.3
8963.28
14333
19539.3
21441.4
11419.1
13083.4
18621.1
22021.8
13081.7
12678.2
15922.9
13796.8
16217.2
35552.5
14518.2
24019.8
10919.7
13277.2
6726.96
12687.1
34815.4
31112.6
16240.1
23675.4
8915.04
27254.9
25450.3
15295
18978.6
16313.9
28646.2
6482.08
22618.9
40211.4
13755.5
23001.8
8332.4
20664.6
9151.12
19093.4
22413.5
14682.7
28095.4
25236.7
35095.5
22731.3
31055.7
24363.4
14458.5
13318.2
20221.4
12118.5
35257.3
11954.6
18615.3
21103.4
22316.7
17315.2
46785.7
32146.9
21633.9
17755.9
27435.1
12083.2
15089.5
25390.1
28576.5
20180.9
14727.3
8843.52
21342.3
20276.2
30483
36074
36912.1
26734.3
14149.2
19628.7
15034.7
30345.8
10892.4
27295.9
22852.2
20601.6
20762.7
15451.6
14636.5
16181.8
19113.2
10047.2
25443
20720.3
12160.2
22755
16261
23944.8
25094.8
17155.7
8990
26326
18695.6
21832.4
44033.4
23112.6
10181.9
23356.3
7651.76
30952.2
7208.56
48217.4
10558.2
18043.8
40410
27462.3
9342.24
18342.4
14254.3
35464.2
8469.6
11736.6
35062.2
16970.2
23688.3
19334.6
8396.56
12036.6
26143.7
32150.6
33266.2
38033.4
28127.9
24730
25854.8
31481.8
25479.9
11976.3
34517
17942.1
21122.2
29418.2
42036.6
17767.9
15992.2
32977.7
32315.6
11896.1
34899.8
8945.68
16494.6
36155
12276.2
9522.24
10310.2
19247
24156.1
13935.8
34938.2
31679.8
17884.2
16691
29198.3
24292.2
10166.6
18877.5
13422.1
24108.7
15601.6
18296.4
33099.7
39390.5
19875.4
18975.8
11926.7
18366.6
23634
20333.8
30118.2
29305
10568.6
12869.6
11797.5
10717.2
12204.1
14635
25264.2
14167.4
7541.84
9355.28
10097.4
16868.7
10216.1
28748.2
35979.1
32068.5
21260.2
36617.3
31125.8
8602.88
23056.3
17014.2
10463
15956.9
30556.6
7579.28
27733.7
26629.4
41688.3
34547.6
14399
9995.04
21938.6
31154.3
21038.6
14486.7
40597.7
20226.9
25664.3
26863.8
21040.5
24386.3
11347
22645
31213.5
18627.8
7855.28
16605.7
14408.6
11810.4
40150.4
14059.4
20046.2
11547.2
13043.1
20153.8
27321.1
30558.6
25882.9
16705.7
10333.8
40697.2
8335.84
26363.3
26169.6
17120.5
15131.3
16935.7
24585.4
18771.9
19747.2
28589.8
11027
11271.7
21163.2
13572.3
19186.3
26089
14570.6
27293.4
25215
11488
8653.52
13732.7
32036.2
11225.6
20220
29376.3
14388.2
18449.5
6461.36
29571.7
17151.3
11536.4
15208.6
18165.8
14413.3
10010.3
18756.1
26727.9
22449.3
15091.4
13129.1
36258
12314.2
28028.2
13024.4
16898.6
13522.2
11352.1
22278.2
13626.6
22003.4
31572
16181.5
15215.8
26694.1
14393.4
12938.8
15192.9
5837.84
35069.7
16406.3
28099.9
17596.4
14366.5
26107
6857.28
12217.5
31715.2
20740.1
11488.6
22201.8
26330.6
