0
0
0
0
0
0
0
0
0
0
1112.4
6745.6
9219.04
15686.4
24031.9
13901
7309.36
4120.4
8454.8
14466.2
17726.9
38369.8
35389
19849.7
21895.5
21681.5
36964.3
46953
38678
24291.8
23371
27078.3
42102.2
48268.9
45383.2
43663.6
32263.8
36568.3
48801
49785.3
56209.1
51606.8
48733.4
50455.9
50521.6
56964.3
65498.2
56260.8
57975.4
63248.5
58714.5
67396.4
66537.3
61685.5
58429.8
67600.1
61575.8
64887.6
75008.2
65513
63050.4
73176.2
57138.5
75890.8
69691.2
65231.7
56717.4
67040.9
72542.3
63536.6
59126.9
70795
53634.1
62506.5
72390.2
60923.6
48026.4
55344.6
48632.9
61066.4
66692.9
55770.2
49688.2
47018.9
54525.8
62195.1
57943.3
43347
43301
41277.2
52086.3
63527
41658.1
59306.6
44505.8
30920.6
38363.4
41400.9
38345.8
44553.6
44302.1
28635
33936
40831.5
51165.2
51172.6
37363
42883.4
42622.9
32423.8
30758.4
45307.3
47649.5
39292.3
33623.4
36603.2
39299.5
49805.4
44382.8
42368.2
35542.8
50419.7
40779.8
52838.6
45368.2
40893.8
27328.9
33301.6
48521.5
24625.4
34038.8
37261.8
39174.3
27333.2
14754.9
28855.2
33546
25520.7
23304.6
26985.2
14050.2
28226.2
27723.2
27541.1
29377.4
20343.8
21283
32903.1
18572
23661.3
41242.2
32340.8
26992.1
29332.8
29407.6
24301.5
32617.3
26650.9
26696.8
27732.4
38310.9
33264.3
28771.5
23895.4
26989
36360.2
24793.4
39976.7
19892.5
50726.2
24465.8
29943.8
22278.4
34010.5
31253.6
37899.7
34296.6
22971.8
25001.5
33186.4
27310.5
28489
32411.4
26408.7
27123.3
23171.8
24406.5
28138
23325.8
35000.6
24254.3
27339.3
26967.2
29407.8
16612.8
26655.2
26118
28575
43469.8
33676.9
15421.7
30333.9
21278.8
37525.5
27029.4
16170.7
26285.1
28439.8
30615
43244.9
34199
28129.2
23708.6
30540.2
34965.5
42800.2
28518.3
32703
18511.8
12910.2
37709.3
40073.3
33498
23450
14962.2
18722
17736.3
31146.2
20183.9
24683.3
27423
20465.3
16362
35755.6
24081.3
16461
26248.1
21749
23800.8
15693.1
25728.6
27355.6
26024.4
32792.2
26345.1
11131.8
27011.4
23682.2
37028.6
19856.2
34159.3
11535.9
19321.3
23065.8
31021
26408.8
22413.2
44283
22776.3
16403.4
21611.2
22055.8
34208.2
35109
32424.6
14087.9
21513.6
31642.4
25896.9
20958.4
32871.9
46601.1
20097
15260.7
28222.3
27470.2
26052.2
24756.8
32804.2
28664.2
13725.2
19830.3
27408
25771.6
19875.4
23746.6
19480.7
23876.7
29597.5
33021.8
12869.6
18611.4
23061.4
28019
29531
19519.6
25729.7
10719.4
29833.6
32194.6
18873.5
43753
17781.2
18262.2
25163.1
36650.2
27099.4
34746
21501.5
17968.8
18436.2
16866.6
18214.6
21108.8
12221
28135.8
27729.8
7993.6
25340.9
13403.5
19935.9
30892.6
26840.7
29992.9
10348.2
22620.8
17093.9
27132.9
12968.2
23852.2
15796.3
21446.1
18572.2
14552.2
13124.2
19452.4
16746.5
11888.6
12494.6
11122.6
23201.6
18141.4
15808.1
15602.3
25493.6
16575
12157.2
16504.1
20048.4
22537.8
31256.2
24758.6
19694.9
15914.1
26106
23609.4
28037.4
23665.1
26047.3
22622
21881.4
15859.4
38496.4
22184.7
27094.4
21658.9
17785.7
19153
29232.7
17087
17136.8
20181.4
18033.5
12825.8
14161.7
26433.8
16775.5
24874
20386.5
22914.7
41072.5
34474.1
26625
16118.2
28947.4
28449
20818.8
36515.8
26165.4
18022.8
22098.1
21509.1
15955.2
21369.9
17676.2
12576.9
16613.8
13423.9
14851
14002.1
21752.2
16804.6
21812.1
13057.9
14460.1
23555.4
12464.6
23221.9
24262.3
14015.5
16027
17280.4
21782.5
12856.6
28804.1
27676.5
13921.6
11851.4
16869.1
33852.1
31381.9
15032.7
14617.6
24742
18802.9
27228.1
22238.2
16203.2
28837.4
17479.3
14653.4
14644.8
19641
21295.4
24031
16266.1
22187.1
13927.5
16945.4
18334.2
24907.8
14722.4
17099.1
29777.6
27477.8
23926.9
30709.9
23432.5
28634.2
39407.8
19373.8
21817.1
17909.4
17906
27224.8
30738.9
24203.2
18999.5
10088.2
24784.6
30233.8
28178.3
14587.8
22986.1
22819
20758.6
19735.4
19444.9
18233.7
21700.7
19584.1
8924.24
20142.2
18957.4
29403.4
22520.2
10346.2
21662.7
30172.7
14099.9
21730.8
33906.1
16808.2
28684.5
35267.8
17090.2
10944.9
20465.7
26407.5
38371.8
21147.3
26548.4
16410.6
13801.4
26095.1
24249.7
16883.6
19987.9
17137.6
31057.3
21021.7
28046.2
20348.1
19927.8
31977.4
23239.8
12531.9
11280.1
19419.8
22798.5
24540.6
25092.1
7672.08
7438.16
24926.4
22140
20709.1
20292
11106.7
20791.1
20645.4
9281.44
29433.4
9281.92
17507.9
12880.7
11277.7
11468.4
21263.8
21904.2
19107.6
14737.5
25170.1
23839.8
33564.6
19445
26388.9
13705
11942.6
23979.2
32988.5
20101.4
20293.4
17119.8
9837.44
17743.3
20779
17492.6
26231.3
16513.8
8649.68
11562.2
20672.8
24546.7
17896.7
21826.5
14885.5
14199.7
21313.1
15005
13445.8
22296.3
20408.2
29257.9
23860.2
11728.1
17123.2
21126.2
11950.6
19621.1
28880.2
10041
16499.1
20647.3
6020.8
18156.6
16433
22026
24076.6
22455.4
16336.7
27925.1
10546.8
12758.7
26246.7
25787.2
11109
29176.2
24109.7
14597.2
17598.2
15261.4
25958.5
22637.5
27938.2
26159.7
13537.5
11177.5
16578.1
34581.8
25398
27534.1
31634.6
17966.2
24379.5
23411.2
24956.4
10506.6
17525.7
18007.8
29088.2
32758.4
20568.7
17816.8
29789.3
10115.3
8308.24
8685.28
12420.5
20710
24716.8
22712.5
21284.3
12163
17736.6
32351
31662.1
26309.8
20965.4
15449.4
30257.4
34865.1
15544.4
18575.4
37773.8
22076.8
18297.8
25224.4
19977
15215.2
28983.9
16388.3
35655.4
29839.8
17056.6
15236.3
13581.2
46955.7
28644.8
23983.1
14378.2
30481.4
17482.2
19838.3
25297.4
20809.8
26585
29923.8
27750.6
16435.1
19907.7
22205.1
26806.2
28248.9
36849.6
25306.1
31839.2
16286.1
20788.9
17303.8
23593.2
30619.4
21667.9
22522.2
28198.5
25336.2
30963.8
22772.3
15907.2
27309.9
23057.2
15059.8
14228.2
18782.6
7287.44
18439.5
17434.4
16524.3
23529.4
22769
18706.6
31106.2
24664.7
19743.6
20321.4
22157.8
18356.6
21725.9
16964.2
16674
25050.6
22794.6
23572.6
25234.7
22269.4
21280.4
30486.9
23975.8
19728.8
28373.1
20286.4
36209.4
14057.9
8590.4
28848.6
33696.5
19309.5
28526.6
26952.2
27135
11323
16097.8
23241.9
20443.9
28547.2
20398
19953
15845.8
37319.6
30560.7
34336.6
20223.8
23174.9
16592.2
10805
27282.3
28032.7
13615.3
15226.5
9553.84
10159.8
37577
21697
13953.4
20157.8
14330.5
15676.8
17065.4
19354.2
17546.5
15172.4
15399.8
20828.3
14171.5
6166.96
21231.4
10287.8
39416.8
7237.76
14798.4
13238.6
8231.12
13838.5
25491
26945.2
24012.4
17172.4
12512.4
26432.9
21683
13729
20894.5
24703.7
14989.4
21847.8
12784.1
27044.2
33947.3
23326.6
14031
20448.3
6155.12
27912.6
33414.3
23050.2
21591.2
12065.4
13923.9
20063.4
21468.1
22336.9
22660.6
11863
15651.9
13614.9
22921.8
18052.6
12606.2
11196.6
17682.7
19730.2
24286.2
25031.1
25642.2
17591.4
9240.16
14094.1
18564.1
14824.8
15335.7
10598.5
19884.5
13838.5
13378.5
14629.8
12230.2
25771
15601
20576.4
19218.6
18313.3
9687.12
22752.6
20555.1
6096.24
18510.3
29242.6
14551
28744.8
16421.4
7984.72
15365.8
14647
6517.92
19544.1
18547.9
17273.3
21267.4
25608.2
14677.4
17129.5
24765.1
27118
31473.5
13949.6
17411.4
9201.04
9087.36
36289.2
18145
24423.3
18100.2
9072.8
28442.4
19114.8
34354.5
14673.4
27388.7
21292.8
15857.7
25287.1
29226.8
22847.4
37516.6
17629.4
18270.4
28414
12712.3
24632.8
32503.2
26083.4
9711.84
30074.6
9819.52
27741
22506.8
22105.4
33502.5
14847.4
28404.1
24923.3
32565
31365.1
20926.4
20132.4
21853.8
19927
25756.9
17734.4
21109.8
31104.2
30437.8
8936.08
23416.6
18750
31521
30935
40512
11193.3
13019.1
18733
22899.3
28138.5
33836.4
13775.7
28298
14413.7
30763.5
19940.6
22737.7
10259.4
15178.6
12523.8
26863.6
20502.7
23797.3
19795.4
33573.4
26364.1
18440.3
18573.7
35542.7
12619
15313
31017.4
18224.6
24592.1
20541
23959.6
26769.7
14750.6
14326.3
15901.4
43631.6
30131
19649.4
37619.8
21608.7
13562.2
18468.6
26858.9
23391.9
21176.9
20637.7
34632.6
35396.2
13121.2
32903.5
25273
16944
17190.1
21293.7
14784.8
38349.9
23364.2
23785
22773
24163.2
27855.2
20378.8
16825.9
16152.1
28489.6
22337.8
14176.4
32564.6
27729
26828.4
18674.3
21772.9
22339.4
18287
39828.9
35006.6
22228.8
9300.24
14862.1
19894.6
46973
19964.8
13449
12559.8
24134.8
10711.4
30455.4
22223
24667.3
16387
20555
27007.9
24460.8
19790.6
18391
31254.6
18420.8
12863.5
29180.3
18229.8
17363.6
15217
27785.3
15368.7
32579
14720
24576.6
10311.7
21958.4
21674.2
23923.9
27380.5
21383.8
30727.6
20862.6
13012.2
14182.3
26953
22422.9
37676.8
33613.8
28905.5
24004.2
15230.5
24739.5
49993.9
43450.7
20132.6
21537.1
34351.4
16151
24754.2
32232.2
25166.6
24327.4
28530.9
21474.6
19464.7
25355.6
21329.8
18423.6
25253.9
28202
29247.3
17274.2
30665.6
19134.8
20025.3
20937.8
23631
18727.1
21794.4
20317.1
14510.6
41647.1
17440.1
11433.9
15264.2
26645
25671
30138.6
35455
29771.7
18828.4
22146.9
28947.5
40572.6
35205
37642.6
17290.1
14974
36349.1
31058.1
23485.5
33442.1
26161
20089.1
26615.4
25157.4
23136.7
17917.4
21831.4
8536.48
10679.6
23283.5
12169
29995.4
18280.7
18882.8
11875.9
18970.2
10435.2
18193.4
11899.4
18410.4
9761.76
18139
22049.9
15694.9
11543
12539.8
16953.3
30238.1
11850.6
10151.8
4706.56
19291
12917
12164.6
34445.8
14483
17154.8
18307.6
25241.1
9629.84
14303.4
15653.4
29079.8
15913.4
30580.2
20527
27027.6
29392.9
25056.4
18462.2
13807
23035
16041.8
28142.1
13202.4
19038.5
14523.8
12908.9
22441.8
18577
13656.7
27617.5
13613.1
32226.3
22037.4
17030
23397.4
15170.4
26760.4
13526.7
26213.1
7448.72
10969.4
18098.1
26777.4
24120.3
14768.9
14060.6
24744.3
12517.5
25497.9
23783.5
37626.2
35110.6
28765.4
12114.6
13139
24095.4
25619.6
26883.1
30214.7
23120.6
12291.2
17456
14405.4
33440
32674.3
29434.2
17921.4
18633.9
12998.7
24504
13866.3
18579.6
12067.8
9073.76
20249.8
13087.2
14580.7
18711
20903.8
9913.28
25460.3
18198.2
25711.8
10661.4
18285.6
14457.6
15071.2
35421.8
21789.6
15570.4
9283.84
17414.7
29973.2
17395.2
36307.4
22831.1
25302
16338.1
18067.2
18570.2
14450.7
22533.6
14495.2
18406.4
12578.5
27291.4
14691
18042.1
17585.6
19768
11387
25518.5
12970.9
11862.4
15618.2
21148.2
16260.2
14153.4
15614.6
16668.3
15804.2
26884.6
14970.7
16984.2
16295.8
12090.9
28084.9
23428.5
16644.2
14542.3
14586
19077.3
11706.7
15566
24407.2
14101.7
12633.1
10817.7
16346.6
12189.2
14833.9
20506.4
11660.6
20732.9
17139
15317.6
15195.6
13243.8
18069.6
13031.8
30485.8
15451.9
14550.2
14250.2
18132.6
26607.7
32403.4
11783.4
33155.6
14384.2
16510.5
28229.2
25601
14276.6
22583
17539.1
16651.4
21465.6
29119.9
21262
20118.8
24372.4
23694.1
26058
26453.3
27879.4
14426.1
16105
21901.3
8356.8
16996.5
36544.5
15341
15967.8
11868.2
7677.6
12968.6
23565.4
29841.8
14899.6
18854.6
17756
6150.8
11162.9
18602.8
18488
20474.4
19631.7
15059
13966.6
13730.8
14148.6
17381.9
22256.8
12671.8
9948.56
12194.1
8168.08
8123.84
20566.8
16787.5
17259.6
31069.1
12065.5
4503.36
11688
8333.84
11479.7
37221.4
10127.4
14496.2
28758
11625.1
14562.9
10443.6
11502.7
22065.6
19046.2
11624.2
38302.5
9815.28
22379
33167
18398.6
19534.2
13782.2
7297.76
11093.8
32233
12597.8
4696.16
11493.8
15033.1
9575.92
19259.4
17821
25466.7
26127.7
23047.4
11773.8
22107.7
14839.9
15708
20639.8
20189.6
25587.4
9852.4
23452.5
18882.9
11507.2
12874.2
21602.8
14603.6
20543
21959.3
12655.1
20951
9860.64
24755.7
19619
33157.8
17364.2
18807.1
38330.7
22289.4
13986.9
20134.1
13731
10440
16337.3
20223.7
24171.7
24894
25026.3
25663.8
17979.1
28019
42991
18016.8
23795.8
23573.2
34464
35751.1
23078.9
18466.8
24988.3
21101.4
26726
35753.3
27707.4
23038
13797.4
15311.7
23182.2
22902.8
25630.7
24906.3
24715.8
18239
18297
15164.5
19698.6
30205.4
26791.3
39049.9
11090.5
28103.4
27413
11628.6
25023.4
13844.2
20707.1
20534.9
12182.2
18397
22616.4
25091.2
33159.5
31134.1
12690.8
9751.44
19053
23259.8
22116.1
17538.4
12238.2
18910.3
17613.4
15358.7
24025.6
23966.2
17451.7
18667
19585.2
22605.2
37740.2
40214.8
11933.6
18120.3
16608.1
28927
15875.6
24322.4
19065
31678.2
19147.9
24197.3
9917.04
12169.6
16604.4
29077.8
25522.6
22063.7
17133.2
10958.3
24710.8
31304.9
10198.3
22746
10199.5
18014.6
6488.56
17213.1
34257.8
27517.1
11909.8
10686.4
12721.8
11451.3
21640.2
12729.6
20501
19315.3
8873.52
12349.6
36184.6
22559.4
17521.8
19050
17690.4
12913.8
14022.3
11767.2
16785
6489.6
13215.1
18788.9
10878.3
19997
15719.6
14281.8
11990.3
21514.3
8258.8
6742.24
20915.4
26023.7
24114.1
21777.3
20947.7
14401.6
16583.5
20037.5
22665
20130.6
17646.5
10341.8
27931.9
34645.4
13881.1
7103.12
27718.7
22559.8
15740.2
12767.7
18431
17584.8
10931.4
13356.6
33471.4
13380.8
8847.6
29224.2
8709.36
14240.9
22659.5
8634.56
15662.9
12299.3
13458
16150
22540.8
19007.8
21708.7
19068.4
22941.4
19133.8
28447.1
18182.9
19942.7
17033.4
29114.7
19468.6
18458.1
27604.6
10234.1
25246.7
20998.6
12039.8
26529
24708.6
16666.1
21292.2
19327.6
22718.2
21250.2
21283.4
22276.8
19371
27219.1
16763.6
25423.7
22104.5
30424.6
21245.4
18686.8
19435.7
26930.9
15724.2
15257.3
21451
33033.2
15414.6
24091.4
35205.3
22362.6
27660.7
21559.1
21398.6
21287.2
16046.5
34314.6
30309.4
18887.5
10458.2
27043.5
31304.7
21673.7
30311.6
35419.5
12114.6
27138.9
28073.3
30443.4
28443.2
18201.6
17019.4
15028.8
28362.8
30355.5
17699.2
16461
24573.4
14962.6
22503.4
34154.2
17561.8
16074.8
21784.5
14091.3
27882.3
22829.9
28684.4
27086.5
26733.8
14779
21055.9
29916.6
18623.5
9216.64
27322.8
29301.9
15994.1
14055
26962.7
10853.3
32953
17453.4
9382.56
9024.4
21168.5
39294.4
24148.7
11532.2
13009.4
16952.9
29160.2
21641
18202.9
14838.9
11023
20995.9
27382.8
23606.2
16167.4
10884.2
13284.4
6913.12
8324.24
33980.9
30544.2
28436.9
8503.84
10923
8511.84
25427.8
23137.3
28495.9
11414.6
13135.3
20255.8
14044.7
21915.8
6209.28
20118.1
24069.4
16342.5
25251.5
15980.2
20210.2
9708.08
32567
37012.6
18002.3
11973.9
23945.4
18082.2
19324.7
16535.2
16121.5
36365.1
21358.8
29980.5
29811.4
13646.6
11158.7
22955.7
25066.2
33479.9
23513.3
31170.7
21044.3
19433.8
45595
30303.4
37267.3
29725
30381.7
35342
28225.2
36417.4
46682.8
17436.2
24041.8
39439.4
18829
23784.8
34701
19311.8
28309.3
20716.4
24959.5
14565.2
18211.3
26344.7
9898.8
17503.2
22860.3
12377.2
19884.3
42457.7
12084.6
19412.1
51558.8
24162.2
24994
17575.8
18414.2
28656.8
17748.7
30983
13896.9
12443.4
22713
9551.2
33325.2
37027.8
26695
19602.6
43821.1
8816.88
25447
27994.2
37111
20919.3
17739.7
12783.8
13393.8
17270.2
25219.8
49277
14105.2
9386.24
13059.5
17115.8
24579.6
26569.8
15466.1
20512.2
16466
34331.8
18079.3
31660.4
18043.1
16203.8
18290.9
27427.5
30013.8
28739.4
19944.7
19267.8
21369.4
23727.8
30669.8
16796.6
30734.4
28293.9
19031.7
12099.1
24839.1
20515.2
28191.1
21358.5
16110.6
36843.5
22046.6
12272.6
9210.32
16484.6
21531.7
20109.7
14815.8
27877
29333.3
10219.4
16325.4
13170.8
31369.5
24304.4
15990.2
21909.8
25792.2
21035.4
15665.4
21129
16447.4
32391.8
14405.1
25203.6
21073.9
30800.6
15875.6
31316.4
36108.8
36690.8
22001.1
19749.5
34633.6
25477.6
13911.6
18684.4
24961.4
19702.5
14050.8
20821.4
24179.8
9687.28
17503
20347.4
15487
19727
9237.12
16236.5
17492.1
23955.4
26963.2
11021.7
21094.9
7522.64
14866.8
26334
23387
19416.6
14086
11659.4
6210.48
18315.2
26684.5
12100.6
18412
15789
17927.4
11504.6
21856.1
21794.7
16812.9
28855.8
13933.4
19447.2
8651.12
13324.3
20327.8
15844.6
20963.8
15505.2
16328.2
21291.9
12331.4
25334.5
25055.6
26394.7
16946.6
14193.5
16533.4
15729.4
17849.5
22598
23612.6
23391.5
11336.5
13202.8
14728.6
14497.3
21822.6
10375.9
22728.2
16145.2
19704.2
18698.7
17164.7
14864.5
10940.6
17819.2
48554.1
18821.1
12238.3
17075.3
18605.4
25017.6
19503.8
35799.8
27859.2
28837.4
25776.5
12583.5
12669.4
25065.4
22891.5
29195.1
20800.2
13229
10473
19229.9
22270.5
19555.9
25953.8
14906.6
16347.4
35159
17280.1
19315.8
22376.1
13576.8
11792.3
13998
23644.8
12415.4
17554.3
41041.9
25826
28499.7
17455
11118.1
6874.8
16176.1
13805.3
11635.5
28552
14115.9
21792.4
14815.9
29815.8
22798.2
30515.1
23295.2
27141.7
25672.2
14085.6
16042.6
24032.2
16571.5
20025.1
31914.6
15067.8
10709.4
19962.6
24079.8
19117.8
25799.6
9498.8
18999.6
8803.04
21202.9
30459.4
13962.5
21747.8
20341.9
15498.6
22118.7
19951.4
26519.2
31470.4
18225.5
13676.4
18674.7
9850.16
16751.5
34587.8
19379.4
21909.4
32358.1
25096.5
17230.7
26289.4
33199.8
13988.7
32820.7
23222.6
26439.7
15502.3
32278.2
12818.9
29257.4
11126.5
8228.56
16173
20212.6
14703.8
17926.2
15533.1
30096.6
40330.7
18433.3
16703.5
10929.6
14045.8
21673.1
13806.3
26555.5
26303.2
25847.5
42262
9657.12
20846.6
16918.5
17509.6
5651.04
30165.1
9011.6
30419.6
28455.8
26768.4
33987.2
15896.4
27371.8
14007.8
24676.2
28976.6
16500
32318.6
18769.4
21831.8
25787.8
9681.28
17064.8
38217.5
32669.8
19801.9
27192.1
21013.8
8458.4
26093.3
30505
12181.5
18233.4
18480.5
13165
17613.9
25385.5
44673.8
19231.5
21719.8
19555.2
15718.1
15111.2
16448.6
46317.1
31505.7
10658.1
12469.4
12325.1
15000.1
26239.8
17167.5
23697.8
19547.7
22845.6
23339.8
22071.2
20759.8
33438.3
15326.2
23194.7
30839.5
15350.2
13959
8906.56
35071.2
25566.1
17075.3
18826.2
12491.4
21346.7
16751.8
13404.1
21946.8
18456.8
28427.3
26530.8
14480.6
14676
21163.7
25654.6
35201.6
9494.16
19550.7
25133.6
29149
19759.3
24634.8
24000.4
13904.1
9841.44
25384
16120.1
21833
17500
11922
29663.4
28671.4
33013.7
17121.4
14152.4
17844.2
20534
20347.4
19395
20331.1
22882.2
17083.3
20186.1
14597.9
20461
19221.1
13038.6
15887.3
26551.6
12970.3
26184.3
7576.72
32752.6
16517
14526.6
8635.84
29652.1
14541
15277.6
14415.9
16600.8
18186.1
27747.4
25394.2
11394.2
21729.3
8843.68
16688.2
24029.7
9378.16
34714.2
14090.5
30188.2
24729.7
17009.5
24389.4
11969
25792.4
18139.1
25320.1
20698.2
36876.6
17540
19266
20688.6
17334.2
19737.4
33512.2
33327.8
22570.4
28735.8
15825.8
23128.6
30664.6
29919.7
34266.8
14128.6
35091.4
23773.9
21751.2
25740.6
20671.4
17096.1
17795.9
21415.4
23703
24579.6
30315
18634.1
25036.2
22301.2
21061.1
22351.6
23052.1
41196.2
31017.6
10899.7
14194.2
17425.7
14404.6
11934.1
27984.8
26031.7
12638.2
19828.2
23498
28180.3
19521.8
26753.8
22651.6
18658.4
28105.8
17701.1
23686.4
29762.4
30934.2
19055.3
16111.7
19044.4
11238.9
15354.1
20404.6
24653.7
14255.5
22363.5
16365.6
20991.1
19586.5
26801.3
17543.3
25164.6
12786.2
10967.8
18937.8
29380.6
24697.6
13976.6
18187.8
17535.1
24891.5
30779.3
15381.3
20359
23067.4
27527.1
26445.1
27755.5
22241.4
29398.7
24864.8
18147.8
17461.2
13954.7
19953
28654
22791.5
38035
26105.5
24535.1
8907.28
12347.2
14121.8
20343.5
29390
15428.4
16225.2
17656.7
20926
20894.2
23749.1
13850.2
16193.4
26644.2
15418.9
20892.2
32024
20946.3
15455.4
25180.6
12949.6
21277.3
23527.9
15674.1
22311.8
27536.6
12868.1
18759.1
31356.1
24234.5
28388.4
23269.5
43181.6
27033.8
29288.6
22277.7
23869.5
27977.4
24403.8
18807.2
23019.4
25311.4
19005.8
12806.7
21985.3
44645.3
21604.9
28010.6
23715.1
18015.8
24800.2
19483.9
18255.3
25172.5
22643
32529.5
12409
16109.4
23532.6
38227.6
10521.5
33282.2
26482.4
17296
20570.3
16806.4
19600.5
16687
25168.2
21049.4
14859.4
27383
16649.1
16729.5
14330.6
11628.5
19102
13701.8
27543.2
22888.1
17782
31864.8
23594.9
18419.8
23375.8
25070.6
7578.4
15080.8
25086.8
20145.9
11353.7
12941
18102.1
9683.68
8812.32
33427.3
12995
21380.8
17130.9
25585.8
9551.28
23717.7
17216
28864.6
18761.4
14971.5
9833.12
12125.5
19465
21094.8
10007.3
17530.2
15721
23833.4
11071
8218.72
9395.04
27419.4
21060.9
14294.5
18185.8
16831.9
16629.6
15604.3
27023.4
25546.4
30795.4
17391.8
14770.1
26216.7
19412.2
22081.8
24899.9
18803
22591.5
35252.6
17383
49428.6
21453.8
13212.6
20911.5
15088.5
12259.3
20190.9
32684.4
44422.2
15991.8
21223.3
37882
12664.6
15313.9
29635.4
23317.2
41423.9
24763.9
20216.8
42015.7
11759.3
21414.3
25215
20676.9
24119.5
20686.9
28903.2
12687.6
13018.9
23945.1
17913
30941.8
11777.8
28551.3
11225
16087.2
15581.9
15669.4
16516.4
19650.2
13475
13307.3
25221.3
7583.6
12946.5
23860.8
20843.9
11204.2
15144.4
9237.52
21291.6
8205.28
22291
27521.6
32983.9
19596.7
11837.4
23429.2
24077.7
9129.84
21936.8
14902.2
27328.8
35341.7
23737
18795.1
8408.72
9154.72
43024.6
27147.4
45633.5
21100.2
16539.2
15679.2
23427.4
29518.7
36299.5
22115.5
38068.9
23939
11569
14903
16043
25835
27575.2
20999.5
22510.1
11066.1
21641
28750.7
10989.8
28198.4
31193.8
21621.8
23792.1
29763.7
7467.12
23923.9
12917.4
19127.9
16449.7
31368.8
38693.4
15480.5
14990.6
14636.1
18537.9
18572.6
30767.7
12998.6
25790.2
24875.1
8816.48
37879.5
12896.1
35489.5
39501.8
23223.4
21446.4
23531.4
24639.4
13000.6
30554.3
18647.5
28636.2
14415.1
30687
12866.6
14373.9
34168.3
9273.92
30959.2
15938.4
23735.5
29582.7
21914.2
20281
20638
39834
27834.8
27345.4
31496.2
31114.6
20678.6
27830.4
26607.4
25709.3
31100
19311.8
45022.1
26933.4
20168.6
10041.6
23074.5
13241.2
11608.5
26941.8
9331.84
19211.1
27706.8
19300.4
25170.9
17309.4
45144
21751.8
25255.1
6464.48
23009.8
19093.2
37172.6
29458.7
29778.2
28319.9
25359.4
17318.2
28641.5
31394.6
25509.5
28241.8
18871.2
25983.7
18218.8
12589.9
33819.6
18568.8
20396.4
27223.9
22985.4
25484
19664.6
17936.5
20511.4
9774.72
21985.2
23842.1
19425.9
37234
39478.9
16437.7
29626.9
23479.3
19503.7
15279.4
11129.8
32665.8
30885.4
10738.5
20556.8
18606
6454.88
29069.6
11716.2
28820.2
18715.4
15409.1
13912.2
27166.1
9915.44
24698.4
42822.6
19059.5
14885
17203.9
16141.9
11978.2
13975.4
16522.2
19356.6
13865.3
15664.4
17990.9
10986.1
16579.3
22514.4
16913.4
11862.5
30325.3
29208.2
17824.3
24607.5
20797.4
8893.36
16040.4
27735
19303.9
10511.5
13442.8
9217.36
8406.8
16262.6
38723.6
12035
15249.4
19790.7
37676.7
21533.8
18733.8
16989
19802.2
19902
25593.9
10328.7
30980.1
29798
10633.8
19619.8
12273
22724.7
16845.7
19148.1
17308.4
11213.6
16409.4
15448.1
17257.6
21219.5
17518
9074.72
14844.5
11330.6
14825.9
16712.9
21952.5
10485.3
8367.6
15593.1
17700.7
25432.9
19469.3
13995.5
17484.5
13120.6
14059.8
13971.9
12727
11412.8
15992
23690.6
18726.6
15459.8
17111.4
23701.8
29060.4
12565.4
16241
13327.4
8012.48
10604
18808
18966.6
21828.1
9397.92
34936.2
29881.5
7100.4
23489.2
17986.4
18740.3
22991.4
29993.2
24406.9
20551.6
11909.3
15425.6
11340
15906.2
17186.1
29013.8
17361.3
26833.9
10972.2
16633
19149.5
21519.8
29067.3
33015.2
22334.6
13921.9
10011.4
35072.4
26247.9
25096.6
17499.2
9397.76
7145.84
17710.6
40025.2
14677.3
13199.6
11261.7
15533.6
14940.3
16076.6
24226.6
17805.6
18799.8
29930.9
23323.9
14450.1
26385.9
11365.8
15956.7
50953.1
23406
11433.7
14816.8
16398.3
14450.6
20998.1
24432.6
25567.4
9015.76
16145.4
15339
12849.9
29885
23474.9
23959
24550.1
29017.1
32105.8
14549.8
8928.64
25838
13747.4
22959.6
19844.4
12011.2
23551.4
24013
16601.1
23509.1
33219.6
17755.4
29415.5
17964.9
16964.6
15238
29475.9
15769.8
41013.9
19612.1
18855.4
25825
10871.7
20281.9
23351
19531.5
15885.3
15877.8
29914.3
30171.1
19592
16259.4
18294.1
30476.2
31071.2
27379.4
15181.9
20620.5
39247.5
30822.8
29619
31095.8
22174.8
24948.7
22413.4
20522
22729.3
34610.1
28598.6
30481.2
21392.8
15555.6
22594.5
23968.9
18505.4
18396.1
26189.2
36288.5
34582.7
21562.1
19097.8
28211
28096.6
13653.2
27316.8
23231.7
17809.4
29613.2
17869.7
23876.2
32405
21006.6
17751.4
8373.68
8190
16396.2
31206.4
10534.2
25733.2
24756.5
22869.8
13664.1
11754.3
23913.5
16132.6
37917
16160.3
25850.6
29359.4
20986.9
15923.4
8849.04
36570.4
26708.4
36233.5
24880.6
13999.2
18278.3
19734.2
24266.5
30820.1
31180.7
20765.4
14307.4
20723.8
23256.3
13993.9
36666
21537.1
16367.3
12275.2
15828.6
28715.2
36034.1
40167.8
24654.2
11549.8
22991.6
19464.2
25937.5
30225.4
20643.7
15788.2
20428.2
26707.8
20086.6
19357
24265.4
32457.7
23967.5
23953.2
15488
18756.3
12485.8
20571.1
14657.4
17969.9
16886.7
23148.7
20447.7
33736.8
15665.4
24545.6
18031.5
18825
15493.7
19967
5821.28
27650
21337.3
8274.72
8112.32
12237.9
31282.1
21648.6
32596.8
14783.3
19651.9
11889.5
14568.3
15475
16111.1
40274.6
19614.4
18649.9
11510.6
25242.5
22566.4
16778.6
47834.5
32439.8
25060.7
14214.6
25224.4
25870.7
15946.1
28619.2
35153.3
25834.2
15751.4
21726.7
16002.8
18005.8
50433.1
28120.7
16866
22765.3
11636.6
5048.72
22821.1
11566.7
15387.4
29967.3
31385.1
16866.6
19603.8
10074
14166.9
26443.8
16742.9
24576.8
13397.6
6338
11986.4
12487.7
13005.9
24345.3
26372.8
16626.2
19143.9
14282.8
10078.2
17989.8
26627.9
34738.6
19080.9
15655.8
27472.6
35474.6
21197.7
38101.7
38023.5
29702.7
30927.1
21977.5
24663.2
28196.2
12110.9
18999.6
14314.3
20401.3
22771
19082.1
34590.2
12264.7
11755.4
25001.6
17192.9
30279.5
15063.7
18206.2
30995.6
13083.7
15301.2
28994
22595
24581.7
17860.2
26697.5
24881
23824.5
20586.5
18331.4
16591
15012.8
14368.2
24938.7
26058.5
19515.6
16557.7
25797.7
15413.5
22868.3
27130.1
10205.3
13389.5
36883.4
40067.7
39614.4
22228.6
18094.9
24396.5
20462.9
22454.6
31449.9
27385.8
7394
17904.4
26243.3
27907.8
18366
31459.7
19426.5
10850.7
16145
17779.8
12368.9
17759.7
15104.4
14843.9
20267.4
18414.2
15913.7
23279.2
22798.7
17716.9
20302.1
19086.6
19902.5
20975.9
18425.3
32625
18956.3
28966.6
23734.3
14847
14670
19973.1
23217.2
23502.7
21176
17249.9
10866.6
14112.1
15094.1
22049
24521.4
12212.6
7372.8
13742.1
8080.96
13040.7
19637.6
14746.2
8065.28
18592.3
9478.88
18577.4
23644.9
12094.2
8041.2
17032.8
17187.9
34614.1
9467.52
18674.5
27578.6
12356.2
35445.2
16479.1
8620.32
17229.6
30973.9
12031.4
9736.48
19234.6
9896.56
22866.4
12598.7
19985.7
24318.3
29558.1
15581.8
24429.8
11542.4
15939.4
16413.4
30064.2
7894.64
18768.6
15700.8
18786.4
42813.4
13348.1
19166.2
11237.3
19841.6
18040.3
17773.9
33032.4
20756.2
33760.1
20246.8
9203.28
14799
10009.7
14203.1
19247.3
19474.1
16080.5
31917.3
24580.3
24928.8
11778.2
24326.2
22222.8
49983.1
8060.4
18317.3
26733.9
34145.8
21785.3
12158
6371.84
15519.5
37488.6
18165.8
17870.8
8720.8
11821.5
9965.44
12357.2
21677.6
14381.3
28466.1
13895.3
19327
19543.8
11692.8
34999.5
16162.2
22538.8
7724.32
22079.4
38165.4
38531.4
10647.1
16544.8
16046.5
10586.7
12225
30654.8
22890.2
28911.5
9349.6
41457.9
23553
35261.2
25588.5
20752.1
13253.7
17156.1
13968.5
15344.1
18643
14345.7
14703.6
14038.3
16447.4
24096.6
6313.36
29706
7428
11576.3
11324.2
31372.7
17977.8
28889.2
12409.4
24711.6
20595
22422.9
16473.7
10450
21299.2
7888.72
6116.48
15713.6
18257.8
22568.5
9675.36
16049.3
21387.4
5473.04
10778.6
19614.8
7457.36
5050.48
13540.2
4592.4
15475.2
19348.4
27533.8
30069
19114.7
12151.8
15354.2
30901.6
43437.1
35219.1
20887.8
20441.6
15861.6
22940.8
34156.6
55849.9
20805.5
24630
7326.16
6102.56
26961.5
13703.3
10904.1
12525.5
32984.7
31071.5
19272.1
22417.8
13391.5
9009.12
8413.12
36535
18707.7
11333.4
16748.7
10284.6
12404.3
15776.1
17930.5
33826.2
14623.8
20723
24645.1
19481.4
16350.1
12173.8
25124.3
23712.9
12675
16539.5
15084.9
21675.4
16737.1
29420.3
13717
10923.1
20165.2
11515.5
26832.9
33626.3
20368.1
21444.2
20895
19652.6
7711.2
30142.3
15059.8
17087.9
12821.9
23007.5
20126.6
16484.2
22344.6
12449.4
15237.1
16528.8
14430.2
27357.7
14342
11307.6
20894.5
32067.4
21389
23017.6
13275.3
23392.4
8556.4
26895.3
15573.2
13823.2
20124.4
14842.9
9693.2
17743.3
17722.9
14616.7
20717.1
26581.8
9670.48
14773.8
21429.6
15056.6
22364.5
21807.7
10745.8
23418.7
4506.24
19980.4
16129.9
22107.5
18331.7
35129.8
8067.92
12274.9
19023.3
19655.2
26626.5
17373
35691.4
11365.4
22265.6
24496.8
16664.2
15992.7
21382.5
32379
18611
25233.9
22152.5
27458.7
21803.7
12375
19761.7
8539.84
13098.4
11934
22032.8
15639.8
30342.8
41362.2
21445
17075.4
29410
15480.4
15260
7511.68
30259.8
41526.2
28974.1
26426.9
20280.6
9427.28
18963.5
32864.2
23565
16493
8483.04
24854.6
15166.8
10257
26165.8
38761.7
27052.9
35446.5
29446.2
18596.2
21371.4
25798
33695.2
11951
18043.1
17979.9
14094.2
28426
19876.3
17466.4
29740.5
28172.8
24183.8
12079.4
23690.6
15355
16242.3
21454.7
21217.1
15704.6
32807.2
21949
14221.6
18173.6
19791.9
15698.7
15674.6
27306.1
19443.8
10655
13358
27738.8
14063.8
21303.4
22509.6
8965.36
22239.8
27630.8
23391.4
19678.5
14341.8
21152.2
23195.5
15137
16195.7
34575.9
16168.3
15923.4
19120
23052
21306.4
24213.4
12370
13406.2
23143.8
30957.1
18534.3
17033.6
16457.3
12229.5
9707.36
14861.6
17216.6
30676.2
10694
9818.64
10058.8
31796.8
29075.8
22160.1
12739.1
14215.9
12791.8
21870.9
13070.8
12052.2
14524.1
19594.1
19691.3
31924.6
10979.4
12389.3
22631.5
15845.6
14150.7
30657.2
12666.1
13314.5
12782.5
15320.6
12735.4
11659.4
31047
23596.3
35067.9
19898.6
13419.2
20932.5
24549.4
16603.9
11452.9
21922.7
17109.8
7796.96
25423
22151
34970.2
10564.2
11410.4
19457.8
8768.48
32604.6
18766.5
17028.3
7729.2
24228.6
19450.5
25584.3
32553.2
23493.4
4864.32
12610.4
19546.6
10067.7
20947
28231.4
38908.8
7594
15564.9
11358
23847.3
17220.7
17604.9
10280.4
27353.8
42489.1
31514.5
22880.3
13442.8
17017.8
17097.4
36749.4
21107.1
23209.3
24189.1
20316.8
20401.8
12387
22462.9
26574.3
16338.2
33087.8
13750.8
18026.2
23769.8
41790.5
25571.9
11565.1
15874.6
27699.8
18316.2
23385.4
28681.9
17652.8
22849.4
11887.9
15643.5
17057.8
19466.2
22692.1
13381.2
19261.8
30853
11772.5
48947.8
16206.1
12927.9
19912.6
29340.2
19341.2
22943
11278.3
22999.4
19797
11804.8
34517.8
16044.2
15441.7
32951.4
22245.9
18094
10055.3
15752.6
23616.1
15567.9
24345.7
21152
16719.8
17201.5
9713.2
29807.7
30880.2
15897.6
17088.4
14414.2
26963.8
21658.5
12642.1
23890.4
26317.3
17702.6
7828.56
23262.9
24181.8
32783
11429.9
16192.2
28062.6
10670.1
15256.6
18007.1
21840.6
13075.2
12620.5
13891.9
7725.36
23622.6
14122.6
21084.1
15157.7
8142.48
28121.1
14245.8
14235
13305.4
29046.8
17967.2
18456.2
18520.2
13834.9
17824.1
17783.7
4586.24
15415.6
12870.9
22547.8
18877.9
29898.4
7474.72
10336.5
10847.4
15765.4
13176.2
15287.8
26984.3
16163.6
19271.1
14167.3
29534.2
15816.9
12059.4
20444.4
12917
9123.68
26437.8
13466.2
18611.5
21832.6
29107.9
14956.9
7741.12
11827.6
13925.5
18379.6
16106
14830.1
9842.08
13617.4
14920.7
19267.4
18003.4
14172.9
21742.6
6909.44
13187
9870.24
27584.6
28747.4
12861.5
37679.3
6815.76
14975.6
33458.7
24687.7
15283.5
24741.4
16498.3
29994.3
13084.7
9509.44
7415.84
16775.7
36454
33692.2
9694.72
18340.4
8782.48
17303.7
22647.3
38695.5
16424.4
11895.3
11234.8
17893.3
25895
19034.2
7015.28
29548.2
16181.7
25836.1
23542
16507.2
19188.4
26053.5
22784.6
7647.2
12454.7
11873.4
22251.4
21574.9
19167.3
17125.6
11231.7
14191.5
17848.3
31111
20300.2
34631.8
14406.7
25991.9
17937.8
10283.6
24461.4
14459.9
36344.7
24382
14092.6
17435.4
17232.5
14333.8
19533.4
33913.4
20896.6
26693.6
24672.2
9848.56
13516.1
21342.6
30653.8
33941.1
8133.92
27737.3
17757.2
23165.3
35810.9
15531
27340.4
18831.5
14093.2
19262.5
22743.7
19463.7
9123.76
23002.2
24538.3
11870.7
15135.2
16150.2
8840
4649.44
18746.9
18459.4
21046.2
12872.5
17769.4
11770.4
11088.7
24539.8
14988.7
9941.92
11545.4
25977.4
18156.5
15630.3
10068.2
19578.6
14736
14134.3
33054.5
16733.2
10099.8
17267.1
20913
12319.8
14381.8
21050.2
18532.1
11473.9
18454.6
17039.7
19395.9
34023.8
14861.6
22913.6
13565
14249.4
15505
23172.2
17845.6
14953.7
15399.1
14826
13762.7
10923.1
10805.3
23693.3
26378.3
24247.2
23678.8
27203.6
9311.84
13492.9
36919.4
12152.7
13009
24614.4
15609.1
17339.9
14784.9
29817.8
22910.2
17876.2
15070.6
18343.5
15291.9
9102.88
19113.4
34167.6
15257.2
20698.6
9931.36
10698.3
23671.1
28993.2
28437.4
13584.4
24008.2
16013.7
10473.5
11021.4
44722
27045.6
8852
16831.5
13423.8
14252
21142.6
31770.9
16425.6
20070.9
13823
30392.5
8674.8
21346.3
35100.1
23483.4
31924.7
14332.7
16129.9
18712.2
29982.2
9812.48
26340.2
26625.6
25352
28308.5
17670.1
17467.4
29185.7
16908.7
27470.1
33039.2
30359.3
30741.7
26116.7
13183.9
19477.4
13063.8
19597.1
13709.4
25984
16089.5
13720.6
21886.2
32866
12302
15021.8
10556
26427.4
21906.2
31484.8
13253.5
12503.8
7738.64
16474.6
19329.4
15228.6
15254.2
24052.3
14726
13156.8
19039.3
15341.8
22621.4
19564.2
18675.2
21008.6
13182
15866.5
14920.9
16370.3
18005.7
10916.6
11804.1
26891.5
21976.5
19535.1
24157.6
26700.3
11537.1
28177.4
24298.8
20708.3
22248.1
15212.4
15908.2
22686.4
18428.8
14352.2
24495
10448.9
13014.1
22481.3
25150.6
27138
21603.4
20815.7
20097
21458.7
21778.8
28974.5
28952.6
18531.5
5172.16
18453.4
13210
24209.4
38081.8
27439
15265.7
21123.6
10685.4
18424.8
33787.1
32634.7
16352.6
26470.1
11340.9
11597.8
28646.6
38436.8
16515.6
15652.9
10633.8
29612.6
17448.8
23889.8
19484.6
15624
17941.2
11764.6
27848.9
23005.4
19487.9
22674.2
20386.7
25772.6
33905.8
18627.4
22467.8
19349.7
14353
14734
20530.6
18435.8
27183.1
15061.8
11238.6
21903.9
9032
28995.9
17153.4
17540
8872.56
17249
8458.96
13067.8
15963.4
33451
15855.9
19052.8
20912.1
13519.1
12419.9
13730.2
20012.6
19111
19479.5
28950.9
10597.8
8568.88
21997.4
23470.9
13530
16910.9
17164.5
13960.8
14533.7
29707.3
10723.4
10787.6
11760.2
14035.7
22219.8
14307.4
19540.3
23901.5
11480.5
15285.4
8591.84
22927.6
29302.7
11293
11630.5
28020.1
24009.8
20839.4
10196.9
43090.2
12022.6
12022.2
14181.4
21432.8
22918.6
14027.8
11604.8
29574.6
11896.6
18807.6
28112.2
10800.6
12109.9
9401.36
12653.5
16824.2
21216.5
19394.1
37790.9
10500.2
12524.6
21107.8
13820.8
35170.6
24929.2
20362.7
11130.9
13857
13806
22207.8
30423.4
19358.7
13471.6
31623
18748.4
18898.6
18239.3
12742.4
18830.6
21476.8
31280.6
16247.4
19550.5
26954.9
17102.6
24463.8
7454.24
8570.16
19332.7
18097
24167.4
12485.8
11228.5
24318.6
9622.24
17988.1
6578.96
17887.5
27003.6
38820.1
30140.4
25252.4
16793.3
10231.3
9140.88
15663.4
33616.1
13284.5
24197.2
23216.8
16373
16063.2
24386
25101.1
27569.9
12427.8
11438.6
24108.3
24113.2
11055.8
29381.4
16683.4
8113.44
17226
20638.1
22721.4
32494.6
23774.8
32633.4
21937
12856.2
29373.4
22406.9
19737.2
29573.6
35981.4
12397.4
20657
11767
32311.6
14436.2
15078.7
18492.5
20236.1
18949.7
27515.4
23015.1
22893.1
22678.7
6571.28
25230.5
23673.5
27994.2
30843.4
15173
19490.5
32489.6
19111.5
13674.2
26571.7
27186.2
15286.4
17183.8
23208.6
29567.3
23549.7
17618.4
22670.6
20222.6
22628.6
29358.8
16217
22389.8
24389.9
11620.1
35113.3
23079.4
36614.1
9913.04
34679.8
24479
14704.6
22964
20970.2
21619.2
19455
14884.5
31925
27176.3
13639.6
19711.5
9535.84
17357.9
22655.4
26812.4
18632.6
19861.6
12639
10287.3
37313
45135.7
25471.9
12817.7
36682.6
26261
37389.7
26602.3
19516.1
25440.9
15506.5
12404.8
30778.4
14222.3
33692.5
14255.6
10470.7
63889.1
20535.2
30602.8
31041.8
18537.8
7779.76
13982.5
20894.8
38791.7
36904.2
33769
19025.9
24449.8
17681.9
42989.3
38152.9
35009.2
16376
13181.8
14635.3
24844.3
28828.9
24923
37525.4
24472
25964.6
20377.7
26897.3
36656.3
14608.8
15794.5
16698.6
12713
20934.6
32624.1
14051.9
16612.6
19830.2
23193
41921.4
31653.2
11929.9
16681.7
23210.1
28970.9
14276.7
13627.8
20809.3
36068.5
23297
21002.6
12702.2
17756.7
24715.1
25102.1
10812.6
9946.08
18089.5
29093.8
10186.6
11029.1
8709.68
19637.8
13210.7
15689
10956.3
26656.1
13629.8
19531.8
21264.1
7672.8
8120.88
7078.32
14284.2
13563.4
17750.6
20282.1
19804.6
16965
7829.52
8373.6
13593.8
17068.3
15200.3
7016
7690.8
11235
17566.7
13102
9930.08
31771
9657.68
10880.8
19307.9
5391.2
17894.2
19760.9
24702.2
14405.6
11753.2
23752.3
20150.7
33577.2
11591
13605
15157
16804.7
11830.1
12615.4
27214.5
9263.52
23905.8
17986.9
36733.8
13457.4
33351
25690.5
14674.7
44762.9
16912
33329.4
20182.2
26538.7
16425.9
35696.3
20054.8
20028.8
13039
23417
22400.4
21089.9
21569.8
17454.7
8832.56
26184.5
14439.1
9794
14758
20008.6
17993.9
20024.8
31978.6
19564.8
20438.6
19429.8
20130.2
27705.4
25562.6
14119.8
12181.5
29251.8
18209.3
18197.4
36282.9
30516.2
13013.2
19972.4
14952.6
18309.5
19122.6
47346.2
29285.7
13633.4
18373.9
25521
17876.1
45067.1
42907.5
34876.9
27146
23173.5
20455.4
31987.6
19450
30060.6
29963.4
23059.6
32470.4
13507.4
29121.2
13783.4
36140
23314.8
17338.6
25855.7
31887.8
33632.2
22160
28290.1
14440.9
16621.7
28335.2
13972.3
13907.8
24697.8
22070.1
31889.7
17626.2
9867.12
11032.2
12945.4
32143.3
25977.5
17852.6
16715
29385.8
22304
26999.8
20985.4
29347.9
15565.8
13657.5
22505.7
13969.1
33876.1
24356.6
25528.2
18120.1
44267.6
15756
24132.3
22258.8
23223.5
40872.5
22229.1
17475.8
28735.9
19114.2
8731.6
8469.12
22954.8
12007.3
9612.64
19874.2
13358.5
23748.1
23776.3
5474.48
18140.6
40711.9
20846.1
10375.3
7669.68
8818.72
7454.32
22888.5
21053.8
16080.8
19091.8
23719.9
7399.68
12048.2
27804.2
29377
29615
8645.92
11014.2
15683
37906.9
15002.4
19015
16130.8
13435.3
17601.3
13379.2
21530.6
34801
10989.5
20935.5
25385.6
31279.9
14831.7
11167.7
25166.1
17570.3
11605
12743.8
6024.72
15571.5
18687.2
30442.6
21087.9
21200
10013.7
21002.9
17449.8
18063.3
17971.8
16547.8
15535.6
9868
22584.5
20577.4
17475.1
15649.4
9540.96
33092.8
12845.1
13075.5
23334.4
31372.7
36811.3
9085.44
8144.4
15053.3
15514
17524.2
27247.6
26683.2
18495.8
17800
14827.6
24627.7
24066.6
10262.1
15638.2
13973.2
21786.8
10894.6
17372.4
15332.9
19847.8
16848.1
14285
29254.6
14030.7
29433.7
15546.1
16454.2
39611.5
11778.4
17676.8
14648.4
19828.2
12726.7
29242.5
15235.1
50159.4
12773.4
27210.8
12564
13098.1
10970.2
18621.7
10650.2
15738.7
29506
19847.8
11821.7
18749.4
12361.8
16518.6
10423
17589
18369.7
11795.8
18378.4
12451
15728.4
14018.9
18626.6
15292.7
16005.9
16352
14074.7
35958.6
26863.2
27233.3
13252.7
22262.1
14397.8
29732.4
41039.3
36047.4
14819.5
10098.6
35236.2
9728.64
23825.4
18167.4
8086.88
19410.6
16891.3
19390.3
18592.4
11952.2
15261.4
20033
17655
13715.5
19842
41674.2
12733
16830.4
15552.7
22670.3
30545.8
32270.5
26392.7
21286.4
19471.4
14509.8
18181.9
26221.7
26273.3
25317.8
17895.3
16861.2
27287.8
13467.4
34634.6
19893.8
20755.9
17621.2
35041.6
19624.5
10865.1
12385.8
33630.3
26958.8
15452.5
17795.4
24856.9
16361.3
17288.9
18971.5
15976.2
11382
21650.1
14181.3
18345.3
19321.7
37538.6
22363.7
37666.6
31037.4
9502.32
22706.1
34313.8
14218.2
33372.1
28049.3
17665.3
23090.1
21777.4
31956
8770.64
29611.7
23473
23359.6
13688.1
11566.3
16798
25759.3
16030.7
22790.3
29396.6
6785.68
28068.4
8738.8
26841.8
20806.6
17360.2
10651.5
17162
22221.8
31052.6
14871.8
27896.3
25643.7
18214.8
22392.5
12992.3
18233.6
20782.2
22720.1
16509.8
12554.1
36371.8
28655.6
17289.1
15248.2
15861.4
9966.8
14861.3
29526.2
21974.3
21101.6
12471.4
10667
19662.9
13496.8
20937
15806.9
21465.6
18043
12282.9
17107.7
11572.4
12574.7
13667
13422.3
10686.7
15703
13859.9
11163
14232.2
24445.7
11000.3
23097.8
13806.1
18017
12961.7
27793.8
20579.4
14469
23265.2
36833.4
16419
10251.8
16081.5
23418.7
16101.8
20450.8
24937.3
15233.1
20719.7
28298.6
32505.9
23424.2
30627.8
14721.5
11071.7
22099.5
35119.3
30696.5
24564.6
33608.5
10675.8
22184
20481.7
9730.48
10327.6
43941.9
20639.8
13120.2
32044.7
12822.8
21369.4
16555.5
20870.2
20300
22141.8
16566.6
16902.2
23372
35154.5
13805.8
16827.7
41920.1
29347.1
19294.8
21112.1
28259.7
15870.6
21136.9
15613.8
23443.2
37277.4
28565.8
22176.5
25055.8
15121.4
53596.8
25463.6
30158.6
25420.6
13720.6
18551.4
23974.6
19530.1
40540.3
39426.2
22828.2
16959
18051.8
41770.9
19685.2
20281.3
29322.3
21016.1
20236.9
16456.9
29890.2
24853.4
23300.3
26264.3
24523.8
26147.8
21665.8
20213.8
23969
20672
13827.9
18734.6
38228.5
24728.2
24310.2
43514.8
14521.5
49711
29167
29225.7
23615.9
22933.4
17491.4
39201.8
17816.6
31690.2
24031
13993.8
28652.2
51888.6
44470
19682.9
30059.4
21950.5
23908.1
24937
21818.1
12549.1
16895.4
21955.2
14625.8
12592.8
15356.7
32422.5
13658.8
18717.4
10280.3
14845.9
16339.9
22907.4
19087.7
19661.7
23755.6
12615.6
21709.9
19336.2
21954.7
26957.7
30504.1
15354.3
23129.8
16393.6
20268
23084.7
15684.6
24922.2
15616.2
12603
37954.8
11674.4
17480.2
23112.5
17167.4
21436.9
26895.8
31581.9
23894.1
14464.7
20399.1
15294.5
18853.6
28163.6
32997
16427.3
23529.3
28385.5
31174.8
17144.6
27009.2
25305.4
21499.3
21704.3
34741.2
34268.6
13876.5
21361
28972.3
20059.2
17865.6
27501.9
23469.4
19168.6
43351
19393.7
24543.2
17210.6
16491.8
24600.2
28712.3
24193.7
35093.7
16932.5
23690.8
29400.5
31974.6
15314.5
29902.8
35304.2
23718.9
26571.8
17169.3
16079.8
20109.6
34165.4
14887.5
28577.8
13851
36067.5
29203.4
16735.8
22406.9
27926.2
19367.9
16010.6
12051.1
27800.3
14002.6
29511.4
19031.9
20997.4
21048.6
33139.5
21641.4
22690.2
9375.92
13629.9
12146.5
49601.1
23360.6
27296.2
18991.7
23471.1
22636.8
36289.5
13561.2
39418.8
21157.6
17239.4
12843.8
28466.2
28131.2
39208.5
12847.8
27355.8
26229.8
26354.6
44163.4
23292.1
28966.4
26052.1
28148.6
27799.8
21423.1
20609
17996.2
17917.8
26475.5
36616.1
17101.9
14735.6
23320
16401.9
17312.1
12102.9
27836.2
37142.6
23409.8
17822.3
14681.2
10438.4
21632.9
28330
15369
13610.6
7871.68
11239.4
30088.4
8163.28
11875
15458.3
11505
17548.5
18777.8
24901
17145.1
18474.6
15279
11468.8
14562.7
11252.9
11910.8
22603.8
16155
27837.5
25792.9
20233.6
7297.36
18944.9
16519.3
13330.4
39365.4
12445.1
9670
15701.8
13853.4
26742.1
29889.4
33983.6
18572
17398.1
28468.4
16972.2
12296.2
8942.48
12832.2
12724.5
19616.1
14685.4
9695.68
12687.7
22918.9
10847.5
14627.9
18053
23491.5
30719.3
27701.4
25788.5
9680.08
23477.4
12081
34321.4
40941.6
26141.1
15020.5
14888.6
44275
30806.7
24254.7
10207.8
23726.3
17724.2
18076.3
23108.4
35808.5
14986.3
16598.2
16281.8
13892.4
20136.6
31963.7
20282.3
13645.6
24363.3
27648
12101.4
10843
10414.7
15128.6
15755.8
9262.8
14704.2
11555.5
14686.2
30138.6
9485.2
16187.2
20697.1
36710.1
14331
14345.7
10982.1
26345.8
10820
26794.5
14748.6
11530
20649.4
11746.6
23561.8
26752.6
38628
15879.4
9002.88
11725.2
35058.2
23127.3
19003.8
32861.5
43230.8
12585.1
24822.2
25741.8
14586.6
36009
34171.2
38000.2
40119.4
19483
16762.8
22597.4
25673.3
25805
22430
34871.1
23337.4
10759
22804.5
19958.1
15799.8
33908.5
15461.5
21443.7
26173.9
15516.8
25404.1
9376.4
23278.2
45660.1
45383
22798.6
26119
27496.6
26577.6
19603.8
29112.9
29730.6
16065.8
25147.9
16339.8
24599.8
24057.7
26602.6
21735
18353.7
16648.5
23824.9
23190.2
13971.8
16811.4
33855.6
15775.8
10864.1
15770.6
13682.1
30247.4
16118
27424.1
31120.4
12286.1
13714.9
26396.5
33796.5
20835.8
12449.8
11779.4
19417.8
11714.6
17436.9
21899.3
22705.8
14543.3
16346.1
6623.68
13189
21201.7
27297.4
20415.8
14628
35586.5
12672.3
13992.7
5637.84
19435.8
23214.9
18165.3
21145.4
10820.5
34642.6
22069.3
35864
19586.8
17967.4
29917.3
29786.1
16152.2
12978
29369.8
20170.2
26329.4
12923.8
14642.6
18824.1
27515.8
21307.7
14467.5
21428.5
16347.9
45879.5
19616.3
17276.6
15800.6
26521.3
20696.7
22931.9
22493.1
20750
25842.6
27347.8
17754.5
17191.4
16992.8
25104.2
20250.4
12977.6
22920.2
21163.3
22965.5
17523.9
11231.6
16727.7
31902.8
39808.6
32620.5
9781.76
12325
13440.5
25388.5
20041.3
23371
22197
13758.9
13021.3
29516.5
22112.3
30716.6
28888.6
23894.6
23767.8
19401.8
8447.28
21207.1
28831.4
32013.1
15950.6
24571.9
12600
16213.5
27919.2
24784.9
25969
13974.2
16264.1
26316.3
20858.1
27823.3
9504.56
15621.9
36411.5
15887.6
19366.7
30163.4
20466.2
37382.5
26718.2
32893.7
22527.8
13949.9
14936
32268.5
20047.6
16810.2
17257.1
25842.5
13472.9
26361.4
21957.4
20671.4
23058.7
27303.4
36813
15323.3
22531.7
22575.8
18763.4
30121.5
23128.5
17172.2
13257.7
22502.7
42519.1
34443.8
18235
16267.8
24371.6
25988.4
17859
16775.6
11305.9
11453
14478.2
37835.9
21283.9
17923
27693
16459.4
31782.4
28781.8
18541.4
23223.3
13279
14867.3
28580.3
25190.8
25831.9
17111.3
21208.6
17275.3
18337.8
19348.8
22143.7
21058.8
12935.5
15038.1
25834.3
12681.2
14120.6
14842.2
11896.8
8491.28
14688.6
26094.2
19945.6
25022.9
39931.6
11060.3
14020.8
26338.2
12113.8
14752.9
40066.2
30461.5
17555.2
22345.8
14922.8
14983.2
14340.7
24506.2
24433.4
25165.2
12166.7
12035.2
27579.7
18572.6
14569.1
18562.3
24503
23900.3
14153.5
26926.9
18539.7
18892.3
15733
14983.8
13423.6
13531.7
26511.9
9258.24
16105.4
12295
13975.4
13249.2
12796.7
35103.4
33659
16222.6
18183
22585.7
12837.7
12223.7
19050.2
12914.4
18158.1
22111.8
17036.1
13351.3
20604.6
19243.2
39891.4
18857.4
14356.2
31502.2
12150.7
30166.7
16769.8
30832.1
19448.1
22220
25921.4
10625
18031.8
16238.2
20726.7
19229
18415.5
21049.3
32003.8
14865.9
27552
10132.4
22164.6
12411.7
20647.4
20828.5
26113.8
11914.2
17902.1
19080.2
19145.4
14473.8
27185.1
7610.88
14748.2
15343.7
20279
28470.6
12560.6
12811.8
14604.3
25491
17625.2
9767.2
19257.3
20637.1
19000.2
19075.5
10446.8
10749.8
21533.9
30419.4
22712.6
17940.2
15244.3
22019.7
18325
25154.2
16134.2
21458.4
7615.28
22951.2
19739.7
25673.7
34918.4
14807.2
12399.4
11347.4
14280.2
31585
35950.5
14356.6
13731.7
18369
20390.6
13246.4
21896.4
26014.2
21765.3
22338
34702.1
26189.3
12699
19224.1
15069
22614.2
43914.6
17834.2
21258.7
21964.3
12528.2
18719.4
21178.3
39246.6
27848.4
20412.5
12215.2
32910.1
20729.8
32202.9
16656.2
12933.8
13496.5
9129.36
21567
39995.4
18379.4
16205.6
31329.5
31355.6
21101
41203.2
29218
19120.7
26776
25960.2
27562.8
46166.7
18773.5
19795.7
18210.6
26258.6
18241.8
18557.9
22104.6
32646.6
24566.1
27105.8
18465.8
19700.6
19974.6
21968.2
13389.9
21625.1
11351.5
19501.7
8685.68
13886.5
11261.8
16149.7
19312.2
21626.8
12627.4
22600.9
11615.7
21770.7
9470.32
14348.9
6909.04
17667.5
18451.2
7728.64
22089.3
23197
9296.88
21224.3
11253.8
20123.4
29758.2
11513.2
20612.4
16844.5
31372.6
6673.6
17301.9
11891.4
19361.8
26084.2
24340.6
21597.2
8032
15160.1
17823.4
20348.6
24853
11136
14070
12302.7
17732.9
20589
12567.5
6857.52
23019.4
14339.9
22812.5
26993.8
15883.6
5147.52
11332.6
11475.4
25417.3
12520.2
17166
22552.2
10295
19231.3
21009.2
27946.3
8828.56
23681.3
23077.3
14309
25582.4
21254.8
16174.9
21938.6
21511.2
13526.9
28355.6
21205.6
29434.1
23798.3
28967.9
23889.5
19482.8
21201.4
27545.4
13337
20892.8
32981.3
18068.2
8655.2
11847.6
12410.3
21305.6
20009.8
15979
23793.4
11318.8
23006.3
26554.9
18520.7
17306.8
34711.7
16850.8
21496.2
18736.5
25777.1
27926.9
31249
18204.6
18032.2
13979.1
38489.1
17356.6
17193.4
42247.2
18852.4
20118.5
17870.6
33709.5
33728.6
22584.6
28779.1
21117.1
31375.8
31853.5
23100.2
30965.9
27537.9
42565.4
27113.3
18272.6
31392.6
30371.2
19408.9
18404.6
19167
13450.7
16832.2
22402.4
14993.5
25251.9
21755.8
22148.6
16310.8
16605.1
30422.5
20717.8
24457.9
16080.2
21231.8
19906.6
18031.9
10923
11670.9
24001.8
26467.9
30733.1
23257.8
17421.9
14015.7
5740.24
29524.4
23990.8
16812.2
20175
10259.3
16825
13699.4
21640.1
37738.3
17691.8
23697.5
18669.8
14213.8
34156.2
18220.4
27086.4
18586.6
19928.6
27044.2
31825
10201.9
18296.1
21501.9
36473.4
24649.7
24979.1
18697
15914.2
15812.1
17208.2
19260.6
33498.7
13330.6
12216.3
27757.2
23403.5
12231
14870.2
18504.3
10645
18730.2
20129.4
12876.1
19396.6
23311.2
22938.3
34493.8
9857.12
17070.1
25135.6
19896.6
18267.4
9800.08
20591.4
17179.4
12090
26300.6
31822.1
10023.5
15726.7
13716
19398.3
15230.7
31490.4
30883.5
7536.4
18466
10104.5
13687.7
31095
18796.9
13224
21717.8
20513
16078.7
31681.4
20730.1
37148.4
13120.2
25889.3
11924.9
20565
30075
21976.2
19044.1
35970.2
23754.1
26989.4
33601
29818.4
15431.4
10863.3
14012.8
39767.4
22715.6
36486
29086.8
18190.5
15935
12561.4
58612.6
34210.9
15447.3
19623.3
19106.1
15865.1
52867
29658.8
33643.2
22775.4
10567
24003.7
15467
45832.3
42996.8
15958.8
14185.2
29394.5
16285.5
22290.9
30675.3
14601.2
12519.8
20960.7
18612.5
38391.1
26002.1
23159.5
17654.5
11010.1
16348.7
23189.5
23580.4
22367.6
13488.7
15211.4
11075.9
21437.5
21875
21589.3
20441.3
11624.2
44856.2
24084.7
11410.6
18330.2
20403.8
34133.8
20416.2
18515.8
22828.2
15159.2
11385.4
21873.2
19038.2
43753.5
27053.4
19531.9
7560.24
5394.96
16081.8
33284.9
32398.2
24274.6
15797.4
9232.96
8514.64
16620.7
31310.5
24781.5
8898.32
17068.6
9160.88
13434.2
20172.3
15671.8
21456.6
21566.8
20513.4
22803.9
27855.1
12148.6
35293.7
23446.1
17795
11410.8
7318.64
11247
17985.4
15319.4
18961.6
23207.5
29995
12575.2
17981.4
17174.1
21901.5
14067
21878
10340.6
28104.6
35303.5
17448.7
40098.2
26435.3
27560.1
20184.7
33798.4
14099.8
15210.2
17787.8
19700.5
16004.6
14356.1
23918.3
11750.9
9412.48
20612.7
19874.3
22751.9
10372.1
7051.84
17429.8
24172.9
18597.4
22829.9
5440.56
18096.1
11617.6
20818.7
17521.5
12152
10281.4
17230
6339.12
13972.5
18504.1
15409
19825.8
13409
11398.2
12182.5
28856.2
33916.8
22216.8
11508.3
28429.1
16628.1
12609.8
17937.3
21599.9
33849.5
20562
30174.5
23543.4
32229.8
12583.3
25473.9
16844.5
37689
23919.6
15305
23855.6
26837
21210.6
15174.8
20445.4
9710.08
10866.7
23492.3
33685.3
16675.1
26251.8
31988.2
16222.1
20842.3
26661.4
37995.4
24637.8
21593.5
19269.4
14621.7
20079.3
7687.68
29100.6
28479
36323.2
12029
13197.4
38697.3
20917.1
16431.9
16568.2
29458.7
23034.8
33111.7
34867
12785.3
17573
18347
16335.9
14504.2
21061.8
16625.4
24799
13309.6
15549.4
15564.5
19537.3
15486.3
16678.3
11314.2
38592.8
22459.4
17353.6
16592.3
32204.2
11840.3
26716.2
27469.9
22820.4
22734.6
18551.8
30285.8
19967.1
34923.7
25999.5
13497.7
19790.4
27538.2
27468.2
25856.6
46375.4
20262.1
17201.6
21805.6
28817.2
40105.2
32186.7
18181.1
23619.4
23035.4
46767.4
17525.1
21932.2
29362.8
14976.9
20738.9
32721.7
34223.8
12249.5
35085.4
20157
18226.7
19131.2
19440
24645.6
22937.2
33842.1
24909.7
21909.8
31862.7
29166.2
26069.2
16108.6
19287
43055.4
19459.8
29505.7
42603.5
38717
25958.6
26440.6
34727.5
29463.3
31988.1
30491.7
19836.1
20642.6
23804.4
23430
24844.8
25194.3
15554.6
15765.8
25566.3
37556.3
17046.5
20615.4
17422.5
20971.5
18357.9
25743.4
27274.6
20962.7
16594.5
20838.1
30989.7
21434.8
14641.4
14333.4
17655.1
17833.9
24480.4
24461.7
33529.9
20707
30491.4
28769.1
19280.4
16526.6
16877.3
15934.6
14473.7
18545.5
25917.4
14206.3
19388.6
25639.9
28524
24546.6
16676.9
21528.8
26012.6
15370.8
16601.9
21079.8
22361.5
17969.7
17900.8
31684.5
37217.2
16950.3
42637.9
27844
12209.4
19120.2
27357
50942.7
35229.8
29530
14278.6
20182
14336.2
21852.3
37649.4
36676.4
25242.6
18555.4
19136.8
31054.6
25460.2
32079.3
32398.3
20510.3
16195.6
25048.7
36883.8
46220.7
34515.9
17316.3
13848.6
16331
23839.5
27333.1
23527.8
29050
26980.7
21678.3
22619.8
29422.1
37852.5
30544.7
39006.7
27542.8
11540.1
18045.8
30763.5
20879.8
37026.8
30179.5
15608.3
25084.5
24763.1
22077
15249.4
18816.4
24284.1
25265.6
37284.5
30265.5
17322.1
18408.9
27015
22377
28295.1
27328.9
26783.9
21905.3
43220.7
28414.9
24275.9
11743.9
15804.4
9840.48
23175.9
15096.1
52109.2
6796.56
29432.8
13213.7
13795.1
13067.1
17966.2
17589.8
21736.8
13714
13912.2
12385.6
44281.2
25037
11250.3
11968.8
4552.56
18512.9
15119.8
14802.2
17941.2
26344.7
6340.8
19837.6
21721.3
14171.2
32348.3
15820.4
8914.16
26240.3
17206.6
22452.9
11056.8
24110.2
20338.6
29531.2
12397.4
14369.9
24344.4
30188.4
11121.5
9380.48
17177.9
8052.64
9054.24
17026.6
8936.16
12571.3
11593
12731.5
12771.2
12268.2
15751.3
10472.9
14064.9
13180.5
19413.8
8869.92
18643
18059.5
16027.6
11175.9
10588.1
12246.2
9597.6
10367.7
9209.2
16320.6
11912.9
6650
26548.2
15733.8
13618.9
10817.3
19770
19344.8
9641.04
7719.36
22435.8
18727.4
19326.8
10970.1
15649.9
21518.1
12968.9
11018.8
17152.1
16849.4
8478.8
15036.3
21204.6
26020.7
14948.4
19793.3
31766.4
10162.2
10617
12754.9
6670.88
14063
29448
11746.2
21845
10154.7
23907.7
27324.1
12448.8
9820.96
9441.28
20951.6
13012.3
30092
13461
26329.2
27226.3
8562.96
22467.2
22514.7
21477.7
35007.3
28149.8
31050.6
15365.7
12939.1
16780.8
13904.9
30869.6
17798.2
19285.8
14157.7
28718.6
17107.2
24095.8
15935.4
17186.2
18248.2
13843
24047.2
12550.9
24802.2
10498.2
19155.2
16639.9
14499.5
26497.4
25692.7
10489.9
13221.2
13396.6
23591.4
18981.4
11877.1
19653.8
7268.16
6691.92
28951.2
10223.4
11829
15564.8
9159.2
31118.5
23962.5
28575.7
13254.6
19582.3
6980.96
21105.3
30307.8
32987
35935.2
14411.1
12703.1
20852.3
12321.3
21041.5
23536
9208.48
12916.4
16687.4
12441.8
17553.4
7141.68
15157.4
12030.3
20558.9
22150.1
16092.6
8036.48
8634.96
15671.3
22149.5
20495.7
18347.7
14708.3
5875.52
13390.2
22522.8
19140.3
20250.4
9934.08
18034.6
7596.48
28885.5
27078.1
14591
24953.3
29081.7
9232.64
13737.4
17223.8
17674.5
13136.8
7233.12
6378.88
24281.6
16657.8
21859
21629.9
11025.8
29736.2
29799.6
8834.24
21741.4
35477.8
8583.84
20529.5
24344.3
17974.6
19853.8
14601.2
21047.1
23601.4
27718.6
18822.4
28129
31780.2
11705.6
20936.6
20635
29814.2
20821.7
27697.7
12603.4
21110.3
29429.5
13817.1
20260.1
16485
23590.7
30356.6
21863
10870.8
12844.4
24261.5
23352.9
18780.6
4482.8
19007.8
15903.9
17603.2
16889.4
16145
12607
10760.1
17163.3
24880.2
14994.7
19767.2
15642.5
13469.1
28935.6
18967
20845.8
12183.3
9969.68
19635.6
11985.7
16467.8
8961.76
34282.4
21574.2
9361.84
14560.4
14082.9
13073.4
15879.6
17245
10480
23684.2
16342.9
21238
8338.96
12124.2
9174.4
15460.9
10529.4
11512.9
29571.3
12024
12565
14588.6
8697.92
14646
19668.1
19817.2
22516.3
17340.6
21025.4
16746.6
10425
35493.8
25643.8
17736.6
10125.2
13032.9
17703.1
22108
22749.4
23066.1
19169
14469
47590.5
12291.8
19421.4
24495.7
22634.9
14488.2
23246.9
31177.7
19007.4
26662.8
39810.3
16165.4
11836.3
13593.7
32991.7
15268.7
29460.2
13024.5
31063.6
41634.6
30191.4
28283.1
15619.3
6765.6
14930.4
25233.8
19049.8
36749.9
11181.5
26745.8
8211.68
33428.6
13872.7
10855.4
17501.9
14699.3
19292.3
20851.1
8997.76
26186.1
10778.2
6173.52
15032.5
15943.4
16000.2
20261.7
16327.3
24851.9
18098.6
12331.4
23256.5
23664.5
18756.4
10798.2
10810.5
8618.24
13149.8
15933.7
6916.56
11416.2
11654.5
10233
9338
18761
24412.4
5882.16
11171.9
23265.1
6728.16
29390
7018.96
15622.4
20799
16255
20121
16460.6
16743.4
12080
21704.8
14066.9
17732.8
8876.64
20557.3
15814.1
17551.5
20493.8
14213.8
20459.1
10740.3
11079.2
14727.5
15139
14183.8
22580.7
25210.2
23966.6
12074.2
20093.8
9250.64
5445.84
29427.4
9094.96
23689.7
18622.7
9992.64
15839.6
36079.9
27608.9
23763.3
9019.44
13071.9
24984.1
28305
25454.8
22975.7
22660.6
15744.7
16784.4
10500.4
36189.9
23520.9
36517.3
31936.1
20907.4
11407
13715.2
11445
22502.7
33161.7
24039.4
18224.6
35776.7
15470.4
13485.1
20628.4
37636
31368.8
28669
32776.9
11806.2
12024.6
17405.8
20430.4
35029.8
13721
30817.4
27831.7
17721.7
12741.8
20065
26454.1
27320.4
24698.2
11487.9
21826.7
12062.6
10678.1
15564.3
24391.1
16900.6
17832
27676.2
12905.5
28127
25253.5
12954.5
19949.8
23290.1
21610.1
11963
38484.7
31938.2
12321.1
11630.2
22639.1
24598.1
33915
22254.4
14189.1
17128.2
15679.9
12152.5
9243.12
17558.1
19052
15069
23587.4
8087.44
16104.2
17908.1
12254.7
19550.6
11789
16729.5
21039.2
7435.52
10932.7
15338.4
15488.5
13423
16054.3
19080.1
14063.7
14168
31885
21485.1
19227.1
20541
21817.8
9518.88
38261.4
12665.3
34674
18700.4
27255.6
26121.4
17469.4
20698.6
26855.9
17863.7
31029.1
22837.5
20538.6
18406.4
26200.1
32809.4
23002.7
28473.9
13001.2
25782
22079.4
35171.7
28864
14603.6
13904.4
22157.7
44688.2
21138.5
16884.2
34460.6
19509.4
37294.2
30190.6
15975.7
21619.7
44491.2
20187.5
26840.9
18629.2
21144.2
26689.1
24827.4
15729.6
13643.9
21201.8
29529.6
17532.2
22007.6
25523
27491.6
27507.4
10148.2
8121.04
17709.4
17826.5
28496.2
42314.1
12489.5
18592.6
24330.7
32780.2
12725.4
33048.5
35963.4
30588
28778.6
10667.9
29761
21024.9
24687.4
29932.5
21920.6
19950.3
26920.8
8885.12
17567.3
26393.1
26111
20840.3
24665.2
16718.6
26692.3
21741.9
26548.7
19922.5
26529.5
22555.8
29629
44389.6
20360.1
33578.6
21633.1
25880.9
42394.3
37325.6
30001.1
27863
25005.3
18489
16332.3
24549.4
24075.1
40092.6
26658.6
28443.8
22545.4
29949.8
38913.8
13586.6
11875.2
17444.5
40927.5
33398.7
23772
22225.8
20391.9
12840.8
11020.5
23879
20729.8
36928.7
27797
16268
15189.9
27207
14060.2
42452.9
34528.8
26261.7
26409.8
31112.6
22958.6
21318.9
14448.6
32836
20201.4
34441.2
21631
22623.5
30763.8
42780
20811.1
16472.8
13010.3
16686.6
25989.5
13861.2
10691.8
9569.92
26253.4
14307.1
19232.5
13993.4
27981.9
20785.2
8589.84
10695.9
18628
24800.4
33484.2
11563.6
22559.4
24971
26440.5
14899
15863.9
7769.28
16579
12118.2
32121.3
22555.1
43536.7
20056.6
18158.8
13797.9
17338.9
36111.9
18309.3
20246.2
17235.8
13277.9
17095.7
19191
13023.4
17779.6
25791.6
20080.6
17417.8
32719.7
13743.4
27082.8
30973
21820.2
18451.9
28025.4
19975.8
16712.9
14099.9
41571.6
17451
17978.7
17318.6
11742.1
13454.7
15949
21218.2
26369
10613.6
23284.8
28446.6
16257.5
26381.8
20703.5
28305.1
20012.5
16299
29042.8
17195.1
20008.8
44331
31935.8
28052.6
21281.5
16601.4
21188.2
23904.8
23912
18755.4
20918.9
18407.3
22289.5
12440.9
15767.7
29618.2
24548.2
23821.9
19439.8
10614.3
17784.7
17736
17907.4
28495.4
29149.1
30502.5
25396
12798.2
19216.6
35953.8
29368.3
7178.56
16487.7
21927.4
20967.2
15297.6
14372
45813.8
16367.1
11171
15322.2
23607.1
22489
37314.3
23807.4
19012.5
10672.5
23578.6
21736.4
23147.3
24058.6
13565.8
47387.8
13987.4
17712.6
25335.8
27953.9
23011.2
22320.5
37136.3
24979.7
17029.5
13328.8
16279.2
17629.2
39658.9
24321.2
22615
14694.7
18986.2
25483
23379.6
49784.1
28782.2
19227.8
17587
16826.5
14121
19447.9
20634.3
36798.2
18669.8
15465.4
12732.7
16998.6
24472.1
32211.7
13044.1
27928
11796
26583.1
16636.5
20898
13982.6
19323.8
22776.6
21036.6
15105.2
13320.5
14901.4
10662.2
14564.5
10588.6
10463.7
23148.7
12009.1
22032.5
14344.4
13754
15485.3
17701.2
23291
20752.9
9583.2
20888.9
13626.7
49048.6
13780.2
19651.1
9272.72
30010.1
33689
12388.2
39205.7
33061.5
24593.4
19584.5
10585.8
27808.9
34918.3
19555.3
39206
21433
17592.2
16659.4
25524.7
26079.8
19008.4
22138.6
32611.6
20158.9
22351.7
26171.8
28108.4
30982.7
24858.1
30038.4
26025
23063.4
27837.4
28262.2
18154.8
17935.6
21474.6
10683.4
17775
30835.7
14086.6
31350.7
19971.8
18761.4
22933.6
15353.8
35829.7
21823.5
23847.9
27400.1
23423.3
15184.2
16439.2
12964.4
21523.8
19372.7
13112.2
18726.2
14119.3
15893
20526.4
26450.2
12562.3
14135.4
11716.2
10415.8
11875.5
19724.1
12095.1
20577.3
12896.8
20702.1
15544.2
23686.3
10724.7
35385.4
14464.2
18132.6
17367.5
10026.6
29259
23573.1
27124.5
17597.9
19185.4
13303
19118.2
13032.7
27189.2
25668.7
16329
18733.8
12884.9
25094.3
14915.4
18389
22271.3
19998.9
12483
14247
19027.7
28648.2
21160.8
39928.5
17663.8
23267.9
25923
17009.2
14525
34136.1
23716.9
35532.8
20180.5
19490.4
11498.4
22737.9
18393.3
30368.6
31912
17519.8
24082.9
17230.4
9823.68
27927.4
36119.5
28336.6
26484.1
16196.6
16635.7
41755
20329.1
25577.8
30152.2
12269.8
28183.1
13141.9
35942
22669.4
15476.4
21317.2
20247.2
29385.8
35043.8
36027.8
16598.8
12834.5
29804.5
15640.5
35749.6
32690.2
15713.6
16773.4
15423
15045.4
25837
40586.2
23969.9
26066.6
28121.8
32561.5
33354.9
33386.9
24696.7
37305.8
17067.4
32738.8
25656.8
27065.7
13771.2
25758.3
32480.9
23209.8
17605
15227.8
21741.2
24138.6
17715.8
26606.2
21218.2
16748.5
13365.6
27237.1
36509.2
21860.5
12567.8
25039.3
21253.1
21987
17764.2
17692.2
17354.2
11845.9
10733.8
28800.6
11220.2
16136.5
31221.8
10379.3
12095
27692.2
16141.8
11322
36458.4
20527.9
12785
7177.44
23720.7
17686.1
14379.4
17701.4
20283
23724.5
15306.5
19595.2
30203
12962.9
13241
15866.8
10774.2
22917.4
24207
18966.6
26912.8
15471.3
20849.9
25435.9
27935.5
22626.8
20123.8
19751.7
18024.4
15326.2
11772.7
22700.6
39704.9
24128
16348.9
10529
26809
9121.76
19928.5
20721
17838.4
18700.2
12536
13521.1
12964.4
8840.16
18335.2
12454.8
11530.6
25558.1
14568.6
9282.4
13157.7
24538
30243
13218.8
20354.6
8689.6
29560.3
12219.4
24822.4
18465.7
18996.8
37998.2
18222.9
32447
35351.5
4795.68
21140
21833.7
23594.2
18812.8
25080
26615.3
20473.7
17656.4
31166.5
25235.1
38319.1
37635.5
16290.4
41720.3
32730.3
24159.7
40515.7
19075
17570.8
19491.8
16255.8
23206.2
17012.2
14489.8
18677.8
18865.4
16549.4
34144.9
20293.4
27311.9
22577.9
11757.3
24847.1
27543.6
16129.2
18369.9
29816.6
19249.8
27040.2
11815.4
25036.4
12867.4
10358.6
22390.3
22234.6
26381.4
26913.3
16463.9
11389
14825.3
22637
37040.3
9505.36
16213.2
12639.3
20034.8
9868.56
14856.5
17537.9
22525
12495.5
20969.2
13559.1
11109
13761.6
22461.8
16126.4
42721.8
13505.5
14345
26719.6
17672.2
30529.1
22275.9
15013
27250.4
13831.2
18298.4
23666
18668.2
13280.6
24993.6
9400.88
8192.8
14069.9
16114.2
18307.8
21304.6
35361.4
11265.4
12126.7
11590.4
15153.1
15597.7
10306.6
15797.4
18629.2
18088.1
13858.3
27988.8
21250.6
28314.8
19656.7
33172.6
9847.52
19573.5
31779.4
12166.6
12112.2
26119.3
11452.6
17781
21811.6
17122.2
25664.9
21463
27052.4
16232.1
15110.2
25080.3
17924.7
22532.2
15547
18137.8
22488.3
16460.1
20769.6
13406.2
17697.3
17278.1
14719.5
14013.6
14579.9
14145.7
24895.5
12843.7
13313.9
23747
8352.64
6249.76
17519.5
20617
13622
13699.8
16866.9
12165.7
7262.16
28456.6
14485.8
23647.4
29416.4
11703.3
11751
15078.7
19037.2
11509.4
23280
9215.76
27879.8
18721.6
23601.6
16153.1
14698.7
28074.5
14458.6
11013.8
13007.8
8823.6
16144.6
29302.9
20287.4
12677.6
23171
9559.92
22824.8
13450
30553.7
22239.4
21411.1
15839.6
11830.5
17998.9
14993.9
19074
15515.4
49565.4
28144
27980.3
18432.1
21854
13246.8
26877.1
18643.9
23849.7
24324.4
11919.3
26446.6
24029.3
27858.2
18929.8
30260.5
43672.8
20930.1
20537.8
24998.8
26332.2
19695.8
39425.6
38062.3
16091.3
28007.3
15280.2
18066.6
30572.7
34293.7
13484.3
33062.3
30040.4
31063.8
35868.8
22271.8
24510.1
10531.4
31004.6
26645.8
20716.4
19273.8
9127.36
12099.4
17008.9
20524.3
23989.7
17135.5
24409
25205.7
23286.6
36036.8
28514.9
13996.2
15886
16512.1
28037.1
27399
23596
18768.6
26792.5
18088.9
19256.6
24480.9
20339.9
34216.1
24252.1
14483.5
45649.1
21902.2
28859.4
14680.6
25985.4
37881.4
35932.9
20718.5
18720.4
15980.2
35743.1
22527.4
33870.1
34934.2
19589.8
16287.8
16739.4
21162.5
30549.8
26718.7
33742.5
15456.4
21535.8
19689.5
22503
41772.2
14231.3
19892.7
11827
14517
26684.2
24441.4
15304.4
23793.2
21919.7
21859.7
27143.4
20846
16650.3
14821.9
31342.9
21970.6
38001.8
15828.3
22225
38366
11083.4
15144.8
24481.2
38611.8
20225.8
27455
37855.7
15983.8
24234.5
18538.4
21556
16475.9
43574.7
32889.4
26259.3
20520.4
22719.2
33448.3
21616.1
27991.4
19293
10615.9
22207.8
18066.9
8537.52
16369.8
37859
22966.2
24315.2
22295.6
28641.4
24774.3
22728.8
14624.6
18223.8
18481.6
28707.2
10055.9
13731.4
20203.5
30764.9
12880
14559.4
15290.2
21299.6
7481.84
45937.3
26529.6
18178.6
25289.5
10231
14781.6
13029
17903.8
39360.6
17547
24533.9
13719.5
16755.4
16972.5
19858.5
7422.08
9181.28
14469
13820.3
17130.2
26584.6
18811.1
10902.2
21603.8
32909.3
13533.1
18566.4
28202.2
22620.7
28611.1
12852.4
22073.7
15893
20788.8
25359.5
24328.6
15412.8
12459.6
22071.4
26432
13627
16115.7
17867.6
26852.4
13697
24038.9
26461.7
19037.4
13384.5
15640.1
28124.1
24399.7
31884.1
15674.6
11052.9
13156.2
27994.3
25718.7
12612.1
14999.9
26646.8
13507.1
16762.6
26741.7
9390.56
12588.7
21332.7
15271.4
12665.8
18365.5
12606.5
36497.4
13605.2
15058
13667.9
15383
12771.1
19074.1
23455.8
22948.5
13342.9
13049.3
21423.4
28305.8
20559.8
17250.8
26363.9
28740.8
17842.2
15789.8
14117.9
11930.1
13554.4
16614.4
25282.2
18992.7
15052.4
15565.8
14073.4
11413.8
18871.9
23513.2
24601.4
19898.3
13632.6
13551
17603.6
10819.8
32820.2
23012.7
10784.7
18132.9
23553
18412
38929
5194.08
18666.2
31163.5
22529.6
12119
22415.9
12517.5
10665.4
13632.1
13311.6
29442.9
19865.8
20685
17225.5
15034.1
30270.6
22465.8
19411
25083.3
10143.6
26254.6
38240
23496.1
14197
14271.7
18477.6
16079.7
14952.2
27658.6
20954.3
18249
15719.9
26708.9
23400.2
26486.3
26306.4
37189.3
20469.4
34555
35902.9
16115.8
13950.6
19393.6
36460.8
30295.4
26002.2
19502.3
29007.6
18451.3
14806.8
24601.5
21031
19826.6
29136.8
24280.2
16243.9
19368.1
13028.6
18291.8
28030.1
14281
30954.1
21975.1
26611.8
18497.4
16777.8
14714.6
15160.3
25835.2
34353.5
23096.1
13771.8
30570.7
8331.44
16581
27747.9
22664.4
31751.9
14661.2
22087.9
10744.1
12419.8
15743.4
24618.4
17365
18409.8
25978.3
14859.8
13676.3
15968.5
18085.1
18143.5
22717.2
19264.4
19713
11990.9
31125
18707.8
19532.5
21933.8
33889.9
15459.7
21048.4
26734.9
14424.7
16728.1
13820.8
14599.6
39349.8
38742.2
12005.9
13565.9
10323.8
29702.2
33888.8
8891.68
30921.8
20472
5282.72
20174.3
14818
9861.52
13020.2
26495.2
15416.5
19886.4
19725
22089
30875.6
22256.2
12861.1
8759.36
14443.1
20923
23209
35117.9
12225.2
20343.2
33776.6
22103.4
21033.6
23360.7
12899.4
16326.4
18309.7
17349.8
20465
14921.1
21315.3
22166.4
18539
23254.4
18133.6
14275.1
21831
22654.2
14647.1
42525.6
17500
18618.6
27614.7
20869.2
17475.3
15654.8
18538.1
24398.1
23504.5
19873.1
25396.9
23199
25361.4
22274.1
29117.7
24557.4
8335.76
38552.2
19829.9
47618.9
18638.1
15661.1
31570.5
6422.56
17540.9
32591.7
17305.4
22909.9
28695.7
12922.2
18791.4
23942.5
14020.1
26381.7
16186.2
41309
30063.6
27613.2
17098.5
10200.2
7998.24
17158.1
32614
22184
23312.8
30347.4
12287
11860.2
23215.5
30842.4
25144.2
16021.6
16781.3
21304.2
19295.5
29251.4
33103.2
16639.8
16809.1
10028.2
28294.2
28469.5
26824.9
16123.5
27281.8
10565.4
31821.2
21290.6
12615.4
39042
41848.4
27431.3
17661.1
18473
27485.6
28080.3
19854.5
34184.2
29769.8
32495
23991
33575.5
27536.2
36976.3
23148.3
19799.9
22556.4
25235
29243.4
52394.5
30444.7
29549.8
26596.4
19298.2
34017.8
41312.1
24169.2
30520.2
15438.4
13542.2
20100
31230.6
42248.2
26870.1
28656.6
20138.7
19475.1
31042.3
29663.2
25669.7
19797.7
11733.2
25673.2
31232.2
39218.5
16073.5
27125.9
35968.4
13820.2
37038.1
18777.9
17873.3
18539.3
20328.4
25399.9
41021.1
12925.3
31066
18836.6
27469.5
30572.4
14420.2
25686.4
27162.5
29478.2
39842.2
28670.6
32666.1
16727.6
19787.4
19836.1
39410.2
24914.3
27127
20018.2
21851.3
30282.2
15380.4
20038
21228.2
18290.2
27870.3
21514.7
28901
40033.7
11222.3
27372.8
13117.2
25829.5
14903
14490
27921.5
8859.52
13767.6
22443.2
26373.4
11514.5
17557
12960.4
13481.9
20527.8
20906.3
26887.3
10466.7
27005.1
14289.4
25191.6
10036.4
15220.2
19929.4
10422.6
13634.9
41581.4
11162.5
22429.3
21158.6
14720.1
11375.9
8215.84
19487
14293.8
28271.8
18002.5
16003.3
20105.4
18148
21113.4
18623.4
31798.5
44138.6
13762.7
17648.6
12171.9
16542.3
21631.1
28014.1
22494.2
31469.9
31030.8
15000.1
19179.5
28534.2
9312.56
24918
23737.4
8891.84
10621.8
17129.5
24021.5
46153.9
21214.8
14589.8
21143.4
21043.9
39814.9
23462.7
19779.3
23428.3
31953.4
22304.7
36064.8
19519.8
16734.7
27526.6
11929.4
23407.1
27289.4
25428.1
24624.6
12593.1
26974.2
12979.7
22815.7
25389
21786.1
20974.2
13576.2
17155
37783.6
26907.4
18210.2
16948.6
23598.4
19936.2
11712.2
15065.8
31350.2
22306.6
9126.48
18400.1
17468.8
18357
46652.3
11339
25540.7
32589.8
25989
19266.9
12898.6
25198.3
15948.5
16921.1
10940.9
22394.6
21854.9
23085.5
37026.2
17594.2
11232.1
19753.4
21113.3
19225.8
26883.3
14450.1
24406.6
21887.8
17208.5
22429.1
5551.12
25052.6
22115.3
12003.1
18110.8
18264.2
10830.5
18496.5
17956.5
31011.9
13098.5
8849.84
14060.1
31439.1
12886.2
24616.6
22951.9
16574.6
23516.7
13435.5
19637.8
20737.6
11987.4
25344
24450.8
15561.4
13003.7
29802.6
17460.5
10788.5
10627.7
28939
27250.2
18201.2
14807.2
22119
22445
21668.7
22224.4
6969.84
17935
8840.4
29107
14234.3
12273.4
26263.3
32242.8
17372.1
12647
23676.4
13635.8
11187.7
14177.3
15137.5
14323.7
38506.5
28384.2
11705.8
20540.6
33850.2
6960.8
10441.7
17303.9
26147.6
8014.48
12253.7
12452.5
15751.4
26918.2
20995
10662.6
22983.5
22854.6
22925.3
23427.4
13249.9
16308.5
17015.2
9298
16518.2
32297.8
8967.68
14552.5
18300.2
18144.3
14402.9
14294.6
24507.5
29637.8
22981.1
24976.1
16819.7
31256.7
22455.8
30944.7
8489.04
16948.8
30526.2
19144.7
19109.4
13873.9
17687.2
13468.7
13870.1
14537.8
22679.9
22762.1
10684.2
15175.4
17185.5
18711.1
16681
25905.9
24312.2
12555.9
15964.3
32367.8
23493.1
14942.9
25488.6
27985.7
14853.8
19500.3
35507.4
13641.2
23127.4
25852.3
23019.8
14522.2
21524.7
14036.4
19723.2
25134.1
16099.5
5854.72
17426.6
10692.6
19738.2
24556.6
17206.4
18076.9
24923.5
23432.5
16219
28354.9
15101.6
21792.9
8830.64
17831.8
27283.8
18680.7
16986.2
18828.2
13798.6
18416.4
33668.6
11891.4
17466.4
21702.9
24994.1
19325.4
17099.9
17168.2
31553.7
10831.3
27652.1
14792
10002.4
14798.2
25365.7
14396.5
18160.2
29794.9
19133.8
16119.9
18548.2
21987.8
17057.7
20956.7
19963.7
20981.7
21012.5
21394
17828
24153.2
29609.5
33949
27753.4
34989.8
16921.5
24583
24077.5
21038.6
27231.1
47317.6
16435.8
18002.9
20128.4
29229.4
23030.6
36323.2
31951.8
23715.9
13997
23894.6
27722.6
28062.6
17179.7
16626.5
32164.7
37035.8
23699.3
48101.1
33760.4
26571.6
18988.9
31734.1
25150.1
25112.4
22761.9
31565.2
14232
39482.2
32213.8
31093.7
19929
12521.8
42140.5
21189
27419.6
30092.7
14898.1
11883.1
14880
23586.9
16107.3
14402.5
22232
11553.4
19869.8
33303.6
14640.1
18659.8
12964.7
20476.8
24102.1
24238.7
36961.4
22472.2
22138.6
26217.8
24322.2
13385.8
24769.4
38764.1
28902.2
16045
22583.4
17161.7
32308.9
33335
23219.1
15276
22529.6
19244.7
24432.8
27231.4
27121.4
16903.4
16422.1
26465
23214.2
19867
41283.4
10197.4
21397
30543
18248.8
18492.5
32248.2
9659.12
31571.8
30548
7837.04
17039.4
17899.1
33765.6
29692.4
24984.1
24637
19538.6
26089
37692.1
24117.4
15555.3
19346.4
18823.8
21048.3
15566.2
18792.5
25889.4
35450.1
16787.6
17694.6
16774.1
15267.3
39330.7
26229.5
17623.4
24780.6
18889.7
13658
26849.1
21490.6
24198
32533.1
22531.4
14232.5
16387.7
11529.8
11783.4
11319
17420
17727
20353
19298
18537.4
19533.4
17543
20454.7
20775.5
12829.8
17837.7
13062
13496.5
16058.4
15389.1
19486.3
35722.3
15337.9
15554.8
28638.6
16419.8
24898.6
27643.6
22636.1
16658.5
26738.4
12653.9
23908.6
14736.1
21092.6
17198.8
19439.2
20531
17003.4
32676.6
21541.4
23245.1
13795.1
15579.6
15412.9
24711.6
18707.3
24321.6
31395.6
19781.4
23691.4
29008.2
14408.6
12672.3
11857.8
18291.1
14317.8
14987.8
14679.4
23271.3
19465.6
22798.5
27834.8
21417.4
34993.3
24236.4
19903.4
17313.2
26019.8
19253.7
23460.6
12074
40502.1
14789.9
16557.4
13820.3
26807.6
46758.6
16311.8
25446.8
12922.9
12608.2
22257.3
13867.8
30994.1
25736.6
14885.4
9740.64
20759.5
17480.6
18471.4
20190.8
26569
28493.4
10234.2
22538.6
15424.9
23872.6
28946.8
19301.6
15323
7793.44
25165.3
30096
29338.6
15031.2
25298.7
8286.48
14478.8
19218.2
23477.1
13724.1
9400.08
16495.5
12872.2
14504.2
14964.8
12274
17467.5
17721.1
14566.7
12898.3
13343.2
10815.8
9052.48
14466.2
24998.5
10034
11728.1
26344.6
12817.1
22658.5
20089.8
13989.5
34981.5
26285.6
8449.36
11141.2
15571.3
18611.6
10929
12486.1
17451.6
17958.7
20538.2
13665.1
15782.9
18155.7
24628.3
25143.7
16645.4
13359.4
24167.8
14163.8
18252.2
11547.4
14119
9508.4
14383.9
21319.8
26383.3
24580.6
14290.6
13476.7
29678.6
14535.2
13672.4
20250.1
22045.3
21148.7
11462.8
15931.5
20938.2
23437.6
5909.52
16656
11231.5
17909.5
17724.7
22857.4
18828.7
26033.8
28903.2
15982.3
31396.2
7334.32
14289.2
20143.8
27574.6
21087.8
18909.3
39033.2
15497.8
14567.2
19555.1
29420.4
12367.5
24621.2
38346
25358.9
25115.7
23615.4
16834.6
30718.5
27241
44541.8
18845.2
29113.4
25359
19824.3
12142.4
37218.1
28091.3
28377.4
38241.9
25671.3
22017.9
22953.8
23238.5
33687.1
17609
34959.3
28627.9
25295.4
13346.2
18328.9
26017.5
26785
14843.5
24412.1
23058
22835.8
9113.2
21001.4
17988.4
21466.3
18378
28737.6
18000.7
12542.7
22507.9
22282.2
17893.8
18748.1
21287.2
19834.6
22168.2
18192
10483.7
31734.4
26226.5
21877.6
17835.8
19523.6
31199
16695.8
33974.4
12171.7
28624.4
18166.2
23226.2
29598.1
22867.8
27438.4
14993.2
41474.3
16460.8
15747.8
23509
35625
14403.2
31736.4
17786.1
25848.6
23969.1
11086.1
17875.6
21670.1
33821.1
22381.4
24104.9
19765.4
22496.3
25648.9
28623
16854.4
15033.4
15282.1
22427
25877.8
22298.3
20253.1
21687.4
32472.4
20789.6
18485.2
17360.3
28317.5
30298.1
24933.2
20709.3
22874.6
12789.4
19741.8
26793.5
17617.2
18380.4
25347.4
20656.7
30571.7
20696.2
18935
27085.4
21662.3
14546.1
17325.4
22616.7
16287.9
27689.4
26648.5
14215.7
32715.6
17941.4
17569.4
13155.4
25752.7
26215.2
28226.8
23434.7
18499.5
13356.2
26559.4
36208.6
21077.9
21391.5
26230.1
28714.8
30406.5
18377.2
17477.3
19433.4
28846
18567.2
25716.2
14536.5
16819.5
23936.1
20052.6
19137.2
14075.8
51378.6
20896.7
13600.3
20893.4
12278.2
18212.5
20314.7
23392.2
18237.4
8695.6
14226.2
16160.6
28163.8
18327.6
25538.5
15225
29668.9
25487
16333.3
22144.3
16468.8
13381.3
23209.5
26427.4
34601.2
25382.2
25515.9
18061.4
22019.2
9366.24
41062.1
24935.5
25482.6
25252.9
13259.2
22973.4
18789.5
27658.4
24876.9
39961.5
16201.2
22248.6
17265.5
20394.7
16444.2
19897.7
18622
21091.8
16491.6
7867.6
13626.2
27609.7
12991.5
16201.9
15555
25281
13812.2
21566.1
21246.1
25105.7
28429
12418
22777.5
20010.5
26656.3
15240.3
21916.4
22545.6
19784.9
23096.5
18784
16602.8
16686.2
21562.4
21924.5
22603.4
31082.5
20542
20649.8
20976.2
15725.4
24684.1
14615.7
37874.5
16060.7
22880
23644.9
20890.4
19098.4
36519
27737.9
23145.1
24128.2
23551
20225.9
27531.9
17235.5
30911
17304.8
17618.2
14748.4
23402.6
17984.5
20606.6
22987.5
16527.2
28738.2
12698.5
14915.6
25378.6
13940
15390.2
10936.7
15616.1
14476.4
13107.4
14461
10417.1
13148.5
15899.5
13379.7
24450.7
8571.04
24931.8
15954
11209.4
17327
15791
10900.6
17210.1
13400.7
24796.3
10203.2
8102.56
16886.1
25449.3
13807
30507.9
21699.7
20977.4
13581.8
24411.8
28308.2
12623.2
29666.2
11612.6
12071.8
20143.6
22516
11824.3
7205.28
22739.8
19421.8
14275.9
21601.4
9752.72
19078.8
23778.7
23069.4
17161.4
16121.5
9768.08
8146.96
12015.7
14498.8
16792.5
26122.6
12156.8
12202.9
12402.3
22392.8
13592.5
17955.1
15962.3
9712.16
22911.7
29317.9
25801.8
11592.1
25292.8
20087.4
17305
12567.2
15605.4
17882.3
30571.7
28125.6
14300.1
12663.1
34664.7
35900.7
19382.7
14723.2
14045.9
31410.6
19955
43152.7
40327
14257.8
14047.9
8840
25922.3
19314.1
26004.4
31416.1
17039.1
14988.8
21158.3
17578.1
16851.8
25816.2
12956.8
18200.7
16456.9
16260.4
19968.9
18431
9543.44
12620
11022.2
18638.5
26008.6
20607.8
20703
9121.28
31237
27298.1
25346.1
10391.7
11669.8
17161.7
18548.9
14031.5
21486.1
6406.96
14183.9
22474.6
11775.3
18344.2
13499.1
13831
9505.68
13075
18639.4
15987.8
14070.5
9957.2
10957.3
11724.8
11066.4
15391.7
23427
29843.9
17063.4
8416.8
9403.12
19325.4
12941.8
18052.2
13695.6
9703.44
7617.28
12073.3
25116.6
33677.6
14652.3
9782.24
50456.9
9135.36
15219.4
29290.3
16044.2
10382.2
18064.7
17098.6
11606.9
13577.1
11388.5
14438.5
16960.2
30227.3
21377.6
15333.9
18167
12716.7
21773.8
23890.5
11300.6
14595.8
8932.32
15219.9
17140.2
7951.36
15144.3
12069.6
16096.3
15021.4
13709.9
27599.7
4706.24
26066.6
8583.92
8858.48
19693.3
7916.56
11242.7
23085.6
24531.9
18796
19366.2
8652.88
34527.3
15708.2
30021
13825.4
16056.7
9496.64
17098.8
21083.4
22474.5
20985
9627.52
6223.28
12739.7
22356.9
15629.1
18987
20315.4
15139.5
37432.2
16556
13530.1
31431.3
18483.5
7206
42404.7
9547.28
26260.8
12220.1
11631.6
21518.6
22839.6
20227.4
15437
20501.7
9292.96
15499.8
13117
21637.4
19088.1
15135.8
22533.5
8599.28
19814.9
22967.6
21706.8
22945.1
12373
16064.6
29834
28564
22012
16344.7
25866.7
17497.8
23096.3
16461
13523.4
11454.7
19019
10667.7
29453.7
14920.7
14540.2
15527.4
21429.8
9448.88
18991
23451.4
23297.2
14848.5
17069.1
24046.2
24859.4
22079
20308.4
7982.88
15412.8
18274.5
10933
21825.1
30769
22050.8
18887.1
8700.56
10319.5
30115.6
22598.8
17608
20771.1
16638.6
14666.6
24837
23956
15425.6
19374.3
24227.9
20111.9
16357.4
17172.8
19573.9
17294.2
10281.4
20121.4
10240.3
17199.6
8362.88
10997.3
22685
12691.5
15683.6
8842.4
16183.9
14091
13861.8
11164.4
19410.3
16873.8
30105.9
17048.5
18190.6
26069.9
15380.7
22830.2
16525.6
18600.9
20598.8
16935.2
15859
16670.6
14806.7
26128.6
13187.8
26553
9360
14393.8
17094.6
11462.5
27759.8
21393
15664.4
29295.6
23763
14107
10340.2
17629.7
13708.6
14825.5
28643.9
26869.8
25438.6
19521.6
10541.2
12129.5
42581.7
15378.5
11574.8
10346.2
30993.8
13807.5
17702.3
18317.4
17759
17620.4
12841.8
12313.4
11193.3
12116.1
18228
18823.9
11377.8
27575
16772.2
8777.52
25828.5
7520.96
15039.4
22641
12831.6
35151.4
12780.3
8772.8
7976.56
16422.8
10410.6
12036.3
7691.28
18059.3
12555
13784.6
23569.4
26426
13916.6
14276.7
18456.8
23030.5
18866.9
13331.1
20346.9
27298.7
16115.7
23253.9
24495.9
20783.6
13301.1
15682.7
12318.1
24381
20997.4
10615.2
22016.1
12138.5
16632.7
32710.6
26644.2
16179.3
14217.4
12889.9
19475
17677.2
31411
26341.4
20179.7
15162.1
20431.1
21118.2
24524.2
20360.2
23922.5
18483
29442.7
14249.7
16789.4
22071.2
28604.7
27009.3
24730.4
13737.4
12523.8
17450.6
35440.4
13999
23582.3
26625.4
21822.7
19511.1
27297
34442.2
26656.6
17835.8
24216.9
19401.3
29520.6
15550.4
21754.1
37124
31217.6
20977
21005.1
20049.4
11792.7
37153.8
56601
20754.5
32289.4
17484.4
12149.3
13868.9
21797.2
13621.5
19772.9
17930.7
9352.4
16117
9614.88
29904.1
23052.8
21313.8
10310.6
22675.3
14229.9
23058.4
21985.2
12811.5
17103.4
19809
12270.7
15487.4
31119.8
15324.1
15015.6
12380.3
35097.1
21434.2
6752.96
11176.5
13547.8
26548.9
20402.6
16240.2
21943.4
20649
16757.5
22960.3
20587.9
24833
25115.4
17047.2
11553.9
19397.4
15784.9
23779.2
24645.2
14893.2
17620.8
10397.6
16262.4
27599.4
18974
28067.8
7354.72
16797.1
9885.68
18422.6
15042.4
29705
14207.1
17031
34044.1
23188.5
9889.2
33241
10734.6
23535.4
14805.6
14009.4
26556.8
23964.6
15745.9
16797.3
17389.4
27468.8
10719.4
15613.5
25943.8
29781.4
13564.5
28416.6
16959.2
19621.8
17826.9
10119.3
41817.4
15750.9
23981.8
20223.7
12201
28199.9
19963.5
27626.6
16483.2
23339.8
18691.5
23165
34575.5
14968.8
16357
17704.4
25341.4
18939.1
16292.8
12553.9
24539.8
39441.7
18151.2
14178.7
12380.1
14427.8
23174.2
26821.6
15063.4
20018
32832.4
17336.1
10111
27573.4
15160
27207
31335.7
12180.4
13560.9
21160.1
18940.6
27973.8
15870.6
19097
20064.2
17317.5
23245
19176.8
18956.7
18289
22670.6
13943.8
21438.6
18328.4
28272
16532.9
18223.2
35146.7
17882.2
12653
13890.6
19115.7
16824
18095.9
14970.2
23495.6
14143.3
15862.2
15366.6
17704.1
15914.1
11599.8
8999.36
9624.64
15307.4
29596.7
35871.4
15621.8
12000.4
11870.1
18799.6
14500.4
19683.5
24625
14929.5
24402.6
33154.2
28139.8
23687.3
24171.7
23946.2
9142.16
23075
26206.3
32055.6
4664.4
12859.4
26648.8
20781.7
18938.8
21670.7
38164.1
29904.1
12036.4
25652.2
23438.1
11877.2
17181.7
26256.8
10624.4
22102.1
19181.2
14932.4
13103.8
23261.3
16448
22531.7
37839.6
14448.4
12666.1
14010.3
14999.1
25538.5
14800.4
22392.6
32388
30451.7
13432.2
23615.2
19133.8
24796.7
21952.6
9861.44
15896
10519.2
16043.9
18917.8
19459.4
19772
28198.2
9745.68
21505.9
21326.6
17835.5
20293.2
17953.6
12457.7
23279.8
19106.7
18572.7
19896.6
13940.2
17120.2
12003.8
28587.5
15096.5
25220.3
15905.8
17939.7
30419.9
14770.3
23515
9396.64
19135.5
18466
18799.2
17765.4
25342.4
15264.6
18718.6
19499.4
28821.1
7906
19673.9
32075
16644.7
16963
9356.88
18230.6
21823.3
13861
8849.12
10553.7
15243.2
8980.24
15570.4
28882.6
27052.2
18480
9851.84
9488.48
23290.3
21666.2
30322
9329.28
13831.1
29565
24600.8
23621.7
17843.8
14932.7
12287.5
25751
17749.4
22948.8
24624.6
18564.6
20214.3
14123
31614.6
13083.1
11863.4
22618.5
26319.6
15977.9
20170.7
14251.3
19617.8
24297.8
19902.4
18802.3
26111.8
29354.9
12174.6
12144.6
23070.6
17123.7
23773.6
28781.8
14512.7
19659.9
25021.2
17622.1
25167.8
24532.9
18743
27870.6
17024.7
16693.9
14174.1
24127.1
22463
32617.7
10227
22878.6
18934.2
9787.84
10158.8
23781.4
12146.5
21656
27324.9
24643.8
32496.9
10798.2
10399.6
34342.6
26941
24046.2
18794.5
38339.6
25330.5
23857.4
14447.7
31983.4
13564.4
32097.4
37255
27304.4
28956.6
9822.08
23057.4
31389.3
18607.7
26973.5
15588.9
13834.1
17047
15132
14651.8
12806.1
15511.2
8530
24412.9
16227.5
13869.8
14179.8
14221
18950.4
15088.3
24332.4
27810.6
13792.3
12568.4
18745.8
19794.2
26502.4
19257.8
23392.9
21715.4
22862.9
13322
16420.1
14850.7
14913.7
20483
7826.16
17271.4
13547.4
11286.1
22618.2
20917.8
25411.3
22161.6
5659.04
25178.8
23023.2
8148.96
14763.8
18383.9
25313.9
30430.7
18750.2
16330
24830.8
15369.2
40787.8
20222.3
10974.2
22973.9
14922.6
42786.6
35622.6
24079.2
39124
14016.2
16166.6
23187
23366
33014.4
17853.6
15983
21694.6
12727.4
9687.28
22774.3
23693.4
22898.5
16228.2
28963.3
20425.2
11689.8
13410
23043.8
11115.6
23080.3
22788.2
23667.8
26081.7
13327.8
24450
15410.6
11928.7
13076.9
21825.3
22578.9
33639.1
17782.9
10943.8
17275.4
20151.8
11917.4
24967
14518.6
16868.6
30913
15314.8
28459.4
25071.9
23383
18348.4
25513
13337.9
14271.3
18651.4
20111.8
21039
21253.6
7901.04
10369.8
20299
21464.8
32906.4
28620
15640.6
18030.6
22681.1
28906.7
14928.6
23040.1
21422
23997.6
18906
35970.2
32340.3
23333
19330.4
26279.1
19632.2
16792
35222.8
29572.4
24060.1
18720.3
24213.4
20424
24846.4
20643.7
26359.7
7373.6
23313.1
24083.3
12426.6
14585
22561.8
24999.4
36814.6
13786.6
18373.3
25740.6
20098.9
19798
19340.2
16678.6
22110.7
19406.8
34066.1
19383.3
25663
22139.3
38894.8
18795.8
15049.7
37644.4
25415.5
35741.4
54084.5
21591
30545.1
17345
21735.5
25138.9
29725.4
21646.1
20575
19190.1
26040.6
18929.2
20980.6
21294.8
24379.3
24111.1
14465
12161.9
21013.8
21716.5
13117.6
16452.6
21097.4
16522.1
14517.5
13518.8
13836.6
12327.4
12500.5
14628.2
15598.2
25128
26417.4
9345.2
7388.32
10279.2
9291.36
18303.5
14536
10851.8
28814.7
26729
18077.9
18350.2
37331.2
25352.3
16010.7
35375.8
26578.9
15119.8
19806
9072.8
25580.7
23888.7
13291.5
40565.9
36492
8798.8
12408.9
24536.2
19678.9
17606.2
13312
19616.5
24468.3
13667.4
18983.4
16055
27496.7
18223
35260.9
24557.6
15856.8
24976.9
20676.4
12275.4
28313.2
17663.8
34070.6
27106.2
27583.6
30478.3
31872.1
23645.3
21607.6
13565.2
26745.2
11682
17833.6
33819.8
37517
14862.4
26506.2
23704.5
15343.4
19171.5
19526
32071
34463
18545.8
33431.1
18444.6
28987.8
31500.6
39599
21373
20753.8
14275.8
40334.1
15561
23116.3
41481.3
26870.4
17055.2
40254
30896.9
19617.4
40489.2
15884.9
15709
27257.5
37710.7
31577.4
24915.8
25855
19548.6
51240.8
24350.5
29409.2
14643.6
17852.1
29533.1
37639.1
50315.2
22968.1
26997.8
36553.2
25511.6
39473.7
26544.1
26763.7
28751.4
17781.4
43080.2
37943.8
33342.5
22207.7
14410.3
27196.3
20498.8
33122.2
14553.3
44206.5
37698.4
29944
19925.3
24686.3
19284.9
44269.9
28429.5
24412.5
36121.7
24752.6
31985.3
28503
29858.6
37311.2
26909.6
19695
24329.8
17586.5
16955.8
29337.8
18197.5
26194.9
30963.6
27597.7
15206.4
14415
21223.4
25304.6
23642.7
23121.6
27859.4
15227.4
15271.1
13366.3
22955.7
14295.2
35061.1
14952.5
23567.7
18933.9
9691.84
16457.5
32817.4
20240.2
26856
44271.1
37094.2
15157.1
29063.4
10999.4
25845.7
19406.7
32605.4
17550.1
21600.9
15069.4
22465.2
17816.2
35755
24115.3
18530
21396.6
13819.4
20457.7
10518.7
12688.7
16091.5
26134.6
19337.8
21041.5
17613.7
11987.3
13226.2
24023.3
18676.1
22790.5
22224.7
10372.2
9627.76
21287
23479.6
25995.5
17346
17735.8
22367.8
13894.1
8810.8
18645.1
19325.2
21194.1
23912.6
10928.9
19032.2
9593.2
17911.1
11810
17001.8
31229
20691.7
15582.7
16309.3
22942
20516.5
13754.9
23228
28959.4
24432
35287.9
21201.6
15078.2
20459.9
14701.8
31464.7
13762.5
44126.6
29513.3
16084.5
16293.6
16350.3
23485.5
31798.6
17898.1
25708.7
23345.6
13532.6
18921
25969.8
27733.8
12899.9
30740.9
14896
17054.7
16832.6
24955.8
19912.7
32287.7
18522.4
24634.9
26834.6
13505.8
39278.2
35177.8
18827.4
27754.3
28091.4
19604.5
26935.1
20878.2
21099.8
23488
36735.1
22604.7
31750.6
24428
14723.7
20671.8
18435.8
19710.3
25938.9
18547.5
20471.6
17051.4
23161.4
17125.3
20191.9
20518.7
11813.9
17583
31876.6
27222.6
21250.9
12477.4
33699.4
28868
16232.3
25701
19097.4
15312
21270
22967.5
28808.4
15272.9
11118.6
33249.7
17212.3
19508.6
29368.4
13832.2
31120.9
16986.2
12685.8
31470.5
15418.7
17036.1
24346.3
22725.2
12327.4
18138.9
22737
13103.1
18647.6
19761.3
16516.2
21991.2
22956.2
16754.6
19979.8
21615.9
17618
8884
20132.6
14455.4
19724.3
27021
18667.3
22016.6
13398.1
32501.4
26086
25242.6
34238.4
33640.4
29623.4
15548.3
13598.4
25516.8
27536.2
22502.1
22723.5
13545.8
34051.2
13766.3
22409
31768.8
23322.8
17957
19254.6
23206.5
12042.3
33417.7
26115.2
16646.1
10259.4
20238.4
15482.7
19359.8
24459.2
8789.6
20536.5
14771.1
18874.9
32608.2
16370.2
32566.6
22639.2
22879.6
28638.8
24757
25434.1
23008.8
29197
29811.9
18112.4
36689.6
28944.1
22531.6
35460.6
25591.4
18688.3
23692
28577.7
39149.9
24808.2
27694.9
19624.2
23646.4
19558.8
26677.9
26725.4
21500.1
22168.5
31571.7
33015.8
24748.9
16633
34924.8
20844.8
18513
29193
24861
17706.4
20818.6
17894.3
30709
29836.2
20456.4
24348.6
23814.7
34753.8
42537
25104.5
17762.6
20197.8
15381.7
18182.2
37351.4
13198.2
16203.4
15068.6
14388.9
16712
24303.4
13547.4
14042.8
22082.7
12479.4
33948.8
13485.4
17704.7
20703.4
26852.4
18539.5
39578.2
29485.8
17529.8
17673.1
12275.8
19913.4
34331.6
28336.3
26033.7
24831.9
20596.6
24029.7
16897
37185.4
32633.1
16332.6
15487.8
11633.2
14452.1
29955.6
13752.6
14039.2
17139.5
30578.5
13580.6
15605.7
22270.2
25317.2
18954.2
32735
25533.2
16370.5
20338.2
34191.3
23131.4
25331
17767.6
22869.1
18535.4
20809.8
17084.6
18765.7
14252.3
24325.8
19311.5
24475.5
11525.8
10523.8
22492.7
13291.5
24003.3
11233
26277
21597.4
30000.4
16601
11229.4
18685.8
14091.4
26809.3
14949
18325.1
11982.8
18487.4
17273.3
21652.4
18374.7
26158.9
32735
19054.9
23803
9598.4
17644.3
28841.5
8256.48
23801
16435.6
15075.6
22446.6
16395
12131.3
22680.5
12350.1
29199.6
21061.5
13468.5
16243.8
21482.3
18925.5
18534.7
12521.4
11824.2
18338.9
24465
37946.2
37199.3
27550.2
29844.6
18079.8
18739.8
14818.6
34713
14865
35383.1
34400.6
31507.7
16204
30757.5
32654.4
29602.5
19913
31699.1
9909.12
32240.9
25288.8
19321.8
22318.4
19089.6
21643.5
38989.8
20483.1
35705
21464.2
15190.5
24300.2
23480.4
30902.8
24979.2
20750.1
32656.8
29449
22233
17707.8
39672.8
13892.2
28818.5
22131.9
20797.9
32575
20875.3
21643.8
14377
20112.7
22933.8
19217.9
24607.2
27501.8
10736
22267.9
18062.6
24787.8
34533.3
26459.2
20004.2
10502.4
12993.4
11632.3
18540.4
23149.7
13779.5
16362.6
18160.6
25084.3
14158.8
17400.2
18166.5
20521
25641.8
13789
21920.4
12405
22294.7
14676.3
25237.4
21031.8
15884.4
24765.7
21575.8
28136.2
19854.6
10148.4
10841.5
21816
11379.5
19707.5
29972.6
29104.5
29991.3
20837.1
33589.6
15373.7
18031
18658.6
20296.8
23287.3
38326.1
21918.6
29489.9
15479
25625.8
21652.3
13656.6
14586.6
14146.5
20355
19840.6
24620.1
21036.7
27443
17160.6
25480.8
13422.2
8194.08
27630.2
37150.9
30918.2
27999.2
19921.2
23631.3
19389.8
31078.7
19564.2
17036.3
26019.2
21584.7
20829.4
21333
16503.2
15238.2
11132.5
24146
19653
36774.4
24825.1
12914.3
18226.4
9687.84
20333.4
15472.5
25578.5
19409.9
27306.2
30586.8
12698.6
23691.3
10349.6
9992.88
18502.5
20609.9
18779.6
37464.8
13920.3
21183.4
27953.8
15022.6
24250.7
43145.8
17115.1
36160.1
38993
17561
13211.4
29112.8
17533
36642.7
35763
19275.6
22740.7
21973.7
14006.3
20553.3
15727.6
37639.3
12858.2
14019
18897.2
12334.6
30430.1
34811.3
24621.3
16202.6
29138.9
18275.3
27994.2
23618
25603.4
21552.7
29680.4
29435.8
20836.9
28091.9
26765.2
19982
19472.5
27737.7
40576.7
30115.8
32831.1
29359.5
26593.1
27940.6
26343.2
10489.6
14462.9
36554.1
17562.2
32484.8
21590.9
18813.1
24461
23571.7
25664.4
22184.6
12000
23115.5
20781.6
36747.2
38978.6
35767.6
25579.5
14607.6
12918.5
13055.5
18628.5
19010.3
22172.6
17439.4
26924.7
14925.5
27108.5
24581.8
33609.4
32363.1
25581.8
11812.2
29716.9
37465.1
21822.7
16856.8
18364
27135
46581
38310.9
23243.4
22882.9
16063.2
30383.4
26203.2
20139
30999.7
23417.4
20206.2
21423.6
22473.4
25556.6
20991.6
21561.1
24301.5
16386.4
10003.3
12797.4
9909.84
13115
37681.8
17915.8
10824.2
24913
27213.6
24372.7
24845.1
13906.4
16763.4
32343.5
26124.2
22364.9
9770.88
29557.7
11394
15427.9
25579.8
29938.2
22760.9
32185.4
35929.4
30481.3
15591.7
20919
18009
18057.6
27965.8
26763.6
23724.3
22828.2
13597.6
18970.1
18319
11594.7
28120.1
12717.7
15595.4
16225.8
22120.4
12774.8
12796.8
20264.3
10479.1
29366.2
9334.56
19907.6
13954.8
18859.6
19150
18542.6
13239.2
13531.2
18595
22908.6
23532.7
40197.4
25023
33958.5
12027.2
16334.6
13330.4
9755.92
12692.2
19471.2
14593
10845.5
20759
10786.7
24774.7
22167.9
15754.2
40213.7
25642.9
20472.8
21936.6
15004.6
27903.8
17463.2
21568.3
13244.2
23240.7
17654.1
22559.8
16348.5
19518.6
10726.6
19639.8
17552.6
14478.6
24170.2
29763.5
12930.5
19529.5
33371.7
25039
21609
25584.2
23646.6
26745.4
19754
21596.6
33592.2
19812.3
8307.52
15916.1
21337.8
19059
21231.2
45483.4
34955.3
8778.88
16328.6
16150.6
22648.9
23618.9
24795.1
32748.3
24301.2
36766.8
17626.6
16191.1
19656.9
35515.2
27619.8
26638.5
38095.6
18882.6
29082.3
18600
26689.3
15630.8
14077.8
18639.9
14740.1
32187.2
22529
19363.5
10274.9
17566.7
12650.2
24400.7
38782.6
25855.8
21209.4
16177.2
5618.32
19159.1
21807.8
33083.7
28018.6
29345.6
17109.1
10585.1
41950.3
22082.6
31164.5
28559
10540.1
24918.2
28885.6
34962.5
27100.4
23835.4
23414.2
14155
21006.6
23249.2
23053.8
22420.9
8688.56
26480.5
28254.2
25050.1
34823.1
28921.4
13558.1
17791.4
30086.1
22106
23645.6
12881
18657.6
8276.56
16560
19501
21058.6
18757.1
11450.5
15506.1
16905.3
15639.7
21049.8
21756.9
14531.1
18019.4
16401
7419.44
25719.8
8956.96
24069.4
19564.6
6570.16
19280.5
20904
23457.8
26636.7
14291
8315.12
20346.4
12539.3
16312.1
20979.8
13378.5
13503.6
17271.4
19300.2
18178.6
14592.2
14994.2
33515.8
16106.5
16611.8
10803.1
30409.6
35974.4
21222.5
13996.2
10569.5
11246.2
15789
19130.5
25111.9
8997.92
22395.7
14846.6
15027.1
24273.6
14410.2
11746.9
18982.1
12160.6
17624.9
18968.8
21355.4
11867.3
9888.56
25577
17129.4
25040.1
11700.5
13686.5
15403.7
40892.6
15563.2
35751.7
23143
16388.7
16081
13096.6
26201.2
26255.7
14990.6
14279.4
22896.7
19969
19903.4
21133.9
15461.2
17307.8
15063.2
17747.2
11560.1
17365.3
13661.4
16436.3
22378.6
11990.7
20590.5
13799.3
10470.6
27683.3
12227.1
17611.2
25932.4
14091.7
10992.6
16325.8
30044.2
15530
17560.3
19639.4
22625.6
17067.3
12710.6
8652.88
10162.6
28905.9
15734.1
14910.2
13408.5
9528.8
18319.6
24679.4
19332.7
15428.5
10531.9
14365
38227.2
10192.6
17461.2
19262.5
9472.24
21104.8
13529.4
12183.4
14088.2
17698.4
10780.1
11894.2
10403
12776.5
22271.1
19162.5
10368.8
20225.6
12597.2
27461.2
13028.8
9100.16
10965.7
11401.5
14865.4
10922.6
24187.8
12952.6
7342.8
31083.4
21080.6
14743.9
17444.2
8540.64
20366.1
14672.3
21653.8
24049.5
20900.1
6187.52
13855.4
13018.7
11542.7
15122.3
13403.4
18999.9
8597.6
16704
19148.1
17642.8
13925.3
14812.8
17134.8
13178.2
16787.1
12929.7
26974.5
22481.1
28623.1
10573.7
18336.5
22176.6
14878.5
8309.12
35843.8
8492.72
17255.1
15738.6
9890.8
11556.6
12623.4
27117.4
10001.5
17695.5
19997.2
7648.08
15716.2
21510.4
11688.6
8942
5376.32
20274.8
27203.7
12847.4
19157
10512.9
25100.4
16451.6
15110.6
11352.6
17623.4
14826.5
6588.56
24107.1
11601.4
12602.6
24925.3
13832.3
8775.76
14753.8
14143.4
13399.3
17036.8
13690.5
11573.7
18261.8
23297.8
19039
4075.84
9873.84
14740.6
20701.8
36225.5
11423.7
19291.2
12529.2
21090.3
10307.1
14740.2
11233.6
24138.6
12871.5
12848
19792.3
20852.6
31680.8
44224.1
13309.6
18177.8
10126.4
14630.2
16313.9
32186.5
27541.4
14382.1
21485.4
27634.5
14685.4
15413.3
20906.7
20136.5
13740.9
14893.4
17466.5
31071
19007.4
17954.4
14043.2
14208.8
24708.2
7842.56
26664.6
17425
14294.7
24930.6
14342.2
19931.7
21784.1
13046.6
26216.4
24306.9
18415.9
26992.5
17985.5
34583.3
23492.7
16326.2
13295.2
13625
12677.1
23932.2
15968
21123.7
22535.6
10077.9
18130.3
16767.8
24060.4
16865.3
16605.5
10557.3
15170.2
13108
14890.5
20574.6
18768.5
18755.4
14761.5
38686.1
14285.5
13843.8
21468
10221.9
17831
9799.44
17781.4
19651.2
26981.3
16091.4
26498.5
6333.44
29241
10802.8
15988.6
15692.5
11364.1
26233.6
17258.7
14376.6
14803.2
20846
27825.9
33536.8
13755.3
10217.4
22728.2
15606.5
16079.7
22106
15529.4
21848.6
7204.08
12983.8
26083.5
22747.5
14621.8
17084.8
13886.1
27908.9
30904.7
26863.5
15440.2
17086.9
12089
9901.76
12100.6
11920.5
20058.2
12329.2
12665.1
17553.3
22189.4
19980.3
5053.12
13198.6
15733.4
25288.8
13320.5
18869.4
12912
25913.3
20449.8
15239.8
21462.1
26023.9
23621.1
16848.5
14353.6
13117.5
10907
15433.7
11620.5
20971.9
19883.4
31191.2
18661.1
9536.16
20543.7
17055.8
19794.4
22329.8
19085.3
16657.4
25057.9
11538.9
18980
22036
14663.6
21043.4
29382.4
11111.3
24145.2
20773.8
27165.3
26846.1
13958.5
12704.2
40491.2
10583.3
18203.8
20562.6
30006.3
20806.5
25590.2
24625
24177.4
18675.1
16274.7
28569.5
24696.2
31569.6
14244.9
9925.2
17310.2
23798.9
25983.6
28085.4
15814.5
11280.7
15572.2
29327.2
16658
24401
16246.7
9344.08
14123.8
13135.3
26552.1
23068.5
27068.4
28135
15565.4
16698.2
12011.6
12038.2
17331
19560.9
17195.7
26313
26624.6
10602.6
16678.8
13121.1
11677.8
25533.3
23052
18553.5
15779.5
16258.2
32285.4
33136.6
18808.5
20672.1
13487.9
10045.6
27447.1
30022.4
18714.7
14952.3
27178
19240.1
11181.1
21064.2
18989.8
23129
28467.4
13162.5
19149.7
15663.7
15263.4
15756.5
15875.5
14377.4
31314.7
28756.2
30164.2
25443.8
25735.4
21768.7
16949
15189.9
23353.4
21474.3
22198.9
41054.6
31058.6
25513.4
15892.6
17817.9
22183.4
24877.2
14700.6
18087
22468.2
11738.3
20476.2
28499.5
42963.8
19632.5
15866.7
12848.3
14057.6
29255.5
35150.6
22630.1
25951.8
30687.4
32989
32133.4
22789.6
21595.5
27931.1
22911.2
16723.7
32241.4
26558.8
23250.9
26033
15511.2
29817.4
18424.2
38032.3
18576.5
34127.3
20485
14980.3
18182.6
18716.2
18148.6
29864.6
23431.8
22834.2
24781.6
37115.8
20646.6
26458
29999.9
26858.3
29860.1
14129.5
21813.7
15742.1
39626.9
20433.6
27900.6
24130.4
19524.3
20265.6
13697.5
20199.7
30701.7
32030.2
11666.2
26320.3
10474.3
18463.5
35068.1
29167.4
28641.3
14843.2
25951.6
13810.8
19231.5
17600.9
27684.7
36724.8
26214.8
18920.2
13547.8
8680.4
14626.9
15066.8
24411
34883
15233.8
20152.4
8745.92
24358.9
30281.4
29738.7
32114.9
17072.6
8672.72
29556.2
18180.1
24481.5
46610.2
24629.9
22262.6
18610.7
26657.4
23364.7
10448.9
19316.9
18546.6
16109.4
20111.1
22651.3
27649.6
17771.8
22494.5
26192.3
25571.2
29412
25524.2
14616.6
24115.6
17088.2
26907.8
31477
22134.4
26793.2
8596.72
24161.7
41023.6
15282.2
35077.5
12280.7
29791
18996.8
26531.6
16769.2
18853.4
18006.1
17943.6
16805
18316.6
27293.5
14658.6
11203.4
33932.4
26600.6
23921.3
25369
17821.8
19298.9
18406
20426.8
32232.2
16298.2
10419
22064.1
20330.5
13090
18141.4
16083.9
13435.9
25533.2
19755.7
22606.6
19961.4
19872.7
27738
11243.4
27073.5
33345.4
27550.7
23098.5
21626.4
19282.5
13450.3
34650.2
16759
19304.6
20703
12258.3
12694.1
36544
23198.8
21373
27589.2
11570.7
18489.2
23487.2
30518.9
30770.5
19178.7
24205.2
22709.4
17057.3
12754.9
41227.2
25036.6
36929.4
22353
25040.7
37636.7
17116.7
28250.8
18110.8
15488
30562.1
24474
32636.2
22349.7
33716
18408.2
20450.6
30449.4
20470.1
24360.3
28741.8
36348.7
22761.9
19723.3
22395.2
30203
29866.3
28386.1
14344.7
24356.1
18329.3
29821.8
14241.4
19650.3
31354.9
17115.1
20884.6
24162.6
21335.4
17870.4
27126.7
19598.8
21181.2
29743.6
29864.4
18334.4
10793.1
21176.2
28000.8
26579
22914.2
24396.7
29605.5
30571.9
19828.2
31276.9
28435.9
15966.6
12017.1
24879
16967.4
38633.4
24717.5
13602.9
15038.1
18273.8
31020.6
31010.5
35245.8
27838.1
13293.4
16224.2
21545.5
30619.1
31540.7
44762
26181
20859
36185.8
23176.2
26701.3
35251.8
21097.4
22299.3
20363.2
16030.6
28685.1
39923.7
33283.4
26206.3
17233
13891.4
24107.3
14642.6
27561.4
26290.6
33237
17933.4
37852.5
25039.8
20805.9
23743
12572.5
26337.2
25623
20061.5
14371
20801.2
24360.1
17486.8
15770
16758.2
27670.5
18209.2
15012.1
23505.5
30375.3
13508.4
26229.4
16187.9
19500.1
28362.2
17360.9
18960.2
24851.8
39259.9
25358.6
26888.5
22621.3
25130.8
17131.8
19558.6
23812.3
37130.3
30212.5
16784.6
18046.6
18077
16575.4
27454.2
24277.7
15898.1
18833.5
22771.8
28351
23213.4
27363.3
16088.1
13340.5
14619.9
13638.2
22176.2
10736.5
15524.1
17307.5
17289.8
27166.2
20192.6
16071.4
20884.6
23998.1
14535.8
16643.8
12958.5
18658.8
13525.9
22284
15772.3
13546.4
14559.9
10787.9
45499
27305.4
32749.4
21995.5
23059.3
11072.6
22488.8
20722.8
15561.3
22429
27142.2
17055.8
20102.9
27195.7
22214.9
14680.2
21371.4
14763.3
15404.4
15715.3
15732.4
20163.5
16892.1
28604.6
13576.9
12279.6
11729.8
20530.6
9632.72
12104.2
25199
19744.7
15696.2
20790.8
13265.8
21793.7
15098.6
20063.6
36303
14658.8
15475
16065.6
18263.8
11070
13073.1
15926.8
28975.6
19391.9
12557
15529.3
12581.8
27675.4
21978.2
19768.8
13380.9
18618.1
14653.1
17236.9
10541.7
18278
17681
15621.1
19844.2
20302.2
22889.8
14836.5
24152.6
25931.9
11580.4
25016.6
15756
36312.6
18308
17272.4
20594.6
15844.9
17765.4
41630.1
19499.2
10390.2
32771.1
20798.9
20737.3
18570.8
28709.1
21294.6
12568.6
10505.4
19010.9
21789.2
22119
27809.4
11531.3
30265.3
19018.6
31834.6
25996.8
18144.3
15326.2
19545
25086.8
39746.1
20687.9
18276.4
16541
36020.2
17448.1
36604.2
17995.4
18851.1
15894.1
36637.9
19293.3
36361.9
21982.6
17561
12643
20159.4
15317.4
20534.5
19198
28674.3
16734.1
12768.7
17245.8
13769.6
9916.08
23267.4
26806.3
27233.4
22298.6
20450.2
18809.2
13497.1
17965.4
35174.2
24554.8
19867.3
36210
7589.04
22010.2
19483.4
20940.2
18305.5
21765.9
21995.1
25852.4
26503.9
24232
29574.5
12931.3
17506.8
34197.1
27338.7
17118
18848.2
30470.2
20241.8
15574.7
14143.6
13322.2
16332.2
19969
21535.3
19349.8
25159.5
14837.9
27230.4
26605.7
13097
29774.7
16948.4
20938.4
16093.8
28440.9
25961.8
26671.7
32015.9
13850.7
17761.9
17866.3
33040.5
23477.4
28031.3
18233.2
15035.8
30303.4
41949.8
22986.3
16559.4
25878.2
13129.1
14856.9
22597.5
29964.7
22206.1
21650
19831.2
36498.2
20352.4
26087.7
34790.3
21575.9
31892
18646.3
15148.9
17406.6
27991.8
14196.9
24076.9
39474.2
18876.9
21228.8
26375.4
17991.3
23086.8
18154.9
31005.1
40518.7
28605.6
19885
24433.4
25598.6
16304.6
21723
36010.6
20321.4
22433.8
21619.8
14780.9
18155.2
20114.9
22401.4
18905.4
19187.4
23936.1
8361.68
26811.4
32045.3
18307.2
26840.8
17064.6
16669.5
20906.6
12288.2
17114.3
37428.5
18964.6
16263.4
18222.9
15957.1
21942.5
19988.8
34339
21778.2
20067.4
27765.7
22038.4
24346.9
27134.9
18133.8
25968.2
21479.8
35764.6
34550.6
18695.8
24505.1
25422.3
29261.7
28771.9
21239
17631.2
21092.7
9981.44
15836.9
29661
22024.5
29324.3
30717.4
16573.9
29975.4
22221.5
17104.7
24004.6
23590.7
21038.6
27407.8
22622.6
25738.9
12873.8
32220.8
12946.7
19965.9
23401
23075.8
17305.3
17199.4
24737.9
18241.4
12044
21060.2
18695
22055
16661.8
20501.2
31884.6
23406.4
26046.7
31289.8
24133.4
23969.5
15714.6
15857.2
32820.2
18603.9
18258.2
38397.4
20360.2
18178.2
30822.8
16095.4
23187.6
26322.4
11949.8
30763.8
31513.5
11132.1
14670
24098.6
25420.1
13809.4
27033.1
15342.1
22478.6
19851.2
8320.16
17380.1
21847.9
31388.9
24934.5
21873.8
44202.1
11028
21549.8
18002.2
25830.3
34697.7
29018.9
20746.9
24373
20110.1
21547.8
23576.6
25417.6
31343.4
18702
21513.2
38893.4
27197.8
20780.4
25947
19287.3
21985
24628.8
15757.4
11514.2
18719.4
24306.4
25467.2
22395.4
22251.8
17476.6
17847.3
18762.3
21944.4
20529.4
14220.3
37640.6
19672.5
17313.8
21306.2
20930.7
14354.6
18254.6
10953.3
14884.2
13724
31795.2
24166.2
38621.4
14151.7
25593.5
17680.2
22118.2
21172.2
18077
17140.6
27823.8
14895.7
16204.6
39522.6
37607.1
13432.6
16569.2
17247.2
15660.6
24854.6
22364.2
24691
13829.5
38398.7
19439.6
15703
14149.1
14241.7
22567.2
17483
24748.1
19271.8
13037
10900.8
26751
12319.3
16104
24539.9
12060.4
22443.7
18258.6
17191
21770.1
18997.2
19024.8
13358.3
19715.7
25800.1
26433.6
10986.6
8279.76
26958.2
27396.8
20912.2
26267
23066.1
21255.8
13827.8
17773.1
16602.6
27554.8
12533.8
26658.2
19243.2
37156.8
25541
16320.3
25861.9
29675.1
37629
18768.6
17598.5
25187
23761.8
18429
19931
14293
27540.4
27107.8
18527.8
29907.6
28074.6
10817.3
30250.4
26869.8
18168.4
14896.5
15674.4
19560.7
41631.9
10539.8
15238.7
28169.1
27533.4
14482
19223.3
35526.6
17064.2
40455
19344.9
23289.2
25871.9
16528.4
21826.6
17502.2
20459.9
16454.8
20484.6
17634.5
17233.5
23171.3
17756.9
32125.9
13608.3
19301
18381.8
40969.1
23917.8
23408.1
22562.7
29918.2
14694.7
16717.2
26571.1
36038.9
19879.8
29130.2
15927.5
22449.5
39847.1
25363.1
19691
27123.6
18280.4
17972.1
27106.4
21424.6
21634
24610.2
27985.2
30966.1
28865
28171
24561.4
21452.9
21423
20037.1
11420.5
16537.2
28138.3
19337.3
20328
21455
24002.2
24616.4
24142.9
25425.2
12232.1
37372.9
22090.5
39870.6
24538.6
21528.7
15582
24543.6
14765.9
20622.8
23896.8
19762.9
17240.7
23236.1
21992.1
15652.1
27561.4
23427.6
19980.2
22110.9
25854.9
18531.1
16401.5
16759.1
23084
21504.5
17427
27516.1
18445.2
20855
22915.7
11613.7
21256.5
30077.7
18479.1
23581
26077.8
12117.9
13529.8
16168.7
15187.8
28268.4
36970.8
30684.2
15142.2
12041.3
24471.4
17346.1
33502.2
33660.3
16621.5
19350.3
20688.5
35095.8
34613.8
20886.4
14095.8
22982.6
13641.2
39213.5
30551.4
32131.6
43446.2
26048.5
14949.7
15154.5
18210.6
30654
40391.5
35351.7
21831.8
26150.9
17943.7
22056.2
45047.9
48098.2
16389.5
18735.8
21832.8
31172.2
42241.4
29895.3
12925.1
26440.6
26686.4
18028.2
29138.9
26494
27034.2
13112
28462
29543.8
31225.2
40316.6
41635.8
25662.2
31883
31381.2
43147.7
21080.9
37263.2
28014.8
35965.9
31777
29838
30724.8
29441.1
15581.8
28655.9
33569.8
38832.3
28005.2
28006.5
17740.3
18434.2
18486.7
25998.2
21551.2
12053.3
23810.6
25433.2
24854.9
20685.8
20446.6
19793
10129.8
16319.9
27239
35241.6
13939.9
33765.8
17217.4
19869.4
26212.2
27603.3
22446.6
21544.8
26471.7
17454.6
21249.2
20066.2
24038.1
35044.4
25805.8
18413.9
21378.7
21517.8
17788.8
34943
29165.5
31249.1
17445.5
18338.3
20722.6
16853.5
18378.2
29116.8
23190.8
19054.8
21399.1
28644.8
37118.2
14372.6
19711.8
23160.2
28244.1
25899.1
36747
27118.8
18939.6
20783.6
23314.2
29088
24145.4
22340.5
20362.7
30317.6
24501.6
20994.4
19427
19137.4
34950.3
37970.2
34411.8
19361.5
17277.4
28126.5
20528.4
27764.9
33264.6
17552.7
22754.1
21904
20285.1
19731.8
11058.1
19364.8
18043.4
14131.5
31997.8
37276.2
26305.7
17630
47537.6
15396.9
20293.4
21233.8
32955.8
22459
24264.8
28614.7
25375.3
22164
17782.8
24228.9
23321
21650.2
30628.1
16006.6
16045.2
17114.3
18519
27000.4
38222.2
10627.9
14184.6
18777.8
13196.9
19411.2
14360.6
17969.4
23639.8
29245
37012.6
14001.3
19413.1
21404.2
23196.3
39355.7
16404.2
29909.5
18673.9
22513.4
40300.8
32212.8
24703.3
22132.2
32375
20536
37198.5
30379.5
21791
28480.2
14910.2
17283.3
18678.6
34021.2
28430.6
24027
28236.6
17537.5
23420.1
24314.8
25595.5
26925.3
19931.3
22835.1
21518.5
39834.5
33828.4
27724.6
15589.8
23836.6
35559
29308.6
24048.5
26416.6
25471.6
24019.1
17575.8
17446.9
25043.8
27409.4
24377.3
19805.4
14292.1
29329.8
16469.7
25968
24708.7
14248.2
17455
36286.4
12140.3
25201.4
33558.7
30751.1
22286.8
9935.6
32456.2
11647.8
21130.3
13510.9
23891.2
26098
19118.6
19305.6
18099.9
14754.9
21262
20731.6
17480
27132.3
20700.2
14809.8
30854.8
15883.8
22179.5
32838.6
33295.8
22539.3
15994.9
16736.5
20630.2
17946.1
17433.2
16072.8
19678.3
18055.8
10335.9
14257
23352.6
18985.4
19623
16107.1
14570.2
30154.4
23183.1
16596.6
12675.6
7108.72
18466
21231.5
19061.1
29457.7
13258.5
21409.1
18224.1
18755.8
20937.4
31740.8
11008.4
24269
18022.7
15400.9
21081
21510
26039.8
15103.2
13136.2
28464.2
32216.5
20572.3
25979.9
19856.7
24833.6
22547.8
21566.8
29287.9
17896.4
47100.6
18100.9
14345.5
16549.3
21558.6
33639.3
36640.7
29661.9
13800.5
13497.4
24683.9
23010.5
19367.8
27404.2
12403.3
19620.2
19746.5
16730.7
18223
31994.2
14865.9
12442.1
24217.8
22085.9
17913.8
17477.5
15237.6
20085.7
29419.4
12117.8
26192.6
24909.8
30776.5
29739.8
14140.6
22408
30899.4
12101.6
25813
18595.7
16225.3
21276.3
13937
12833.4
15745.8
19911.4
32093.4
21334.2
15833.4
9401.52
23483.4
19484.5
10585.9
28793
17461.1
21789.4
17718
15434.4
18597.8
23644.1
14906.7
22641.5
14732.6
12550.1
13925.4
27794.6
20984.9
17269.1
17757.7
23102.7
17467.4
12211.4
31106.8
14292
21657.2
19745.8
18678.5
11619
21904.6
24090.6
22492.2
14914.4
11985.5
18911.3
14169.4
38969.2
16217.8
16700.7
21464.8
14112
13529.9
36127.4
21427.5
13008
13679
21310.3
15111.8
15030.6
19656.3
14424.9
10560.4
24251.4
31814.5
17572.6
17067
17810.3
16419
14497
13119.4
17654.9
20226.6
15727.8
18283.8
17904.2
12848.6
9885.52
20350.7
22757
17815
20763.1
10005.6
28577.3
32374.6
21324.7
14120.5
10984.9
21604.5
13548.3
23868.8
17549.4
9972.16
16424.8
13116.6
13512.1
19236.4
16072.1
24825.8
10979.2
17700.1
10140.5
23021.1
13425.6
22904.2
14609.4
10963.8
13643.3
14363.4
22171.6
14911.3
17843.9
17190.9
19800.5
19694.9
15695.5
12079
21257
13706.3
12624.2
14610.6
16631.2
25952.2
34811.4
16733
30658.3
21741.2
20077.1
15070.6
10748.6
14901.8
17186.2
8854.96
15144.3
13978.2
21271
25263
15331.8
11052.7
20223.6
19812
27857.4
19513.4
18447.4
16333.4
10002.6
13583.6
25647
16779.8
24953
15946.2
8248.96
17087.1
14762.6
15525
25519.4
16335.1
31006.4
26186.8
13211.4
24908.5
7762.56
31843.3
18612.9
14255
24082.2
16095
25271.5
13100.1
29522.2
18626.8
12264
12207.4
13430.9
29031.3
36695.7
15691.4
9702.08
21260.9
17161.4
18968.8
15350.2
18993.1
20757.2
36456.2
10785.7
12986.3
14813
22922.2
11330.1
16415.9
18244
9798.72
32728.6
15559.2
16677.6
13643.7
12003.4
16612.6
8203.28
17706.8
22822.9
28347.3
8936.48
10960
26153.8
17259.4
10309.8
18607.7
25454
21065.2
27107.7
13402.9
13168.1
19652.6
17853
31466
12452.2
29556.3
26699.7
21675
25023.8
12598.7
30613.5
18610.7
21613.3
21476.6
25468.6
18636.9
22709.9
22926.4
21998.5
25876.5
23951.2
23431.2
16722.7
40367.9
20126.5
14044.1
26962
19828.8
28671.8
23345.4
10879.8
21021.8
17850.9
16644.6
24446.4
21617.7
14837.3
22710.7
13350.1
22236.9
23455.9
25993.4
19360
28743
16130.9
10715
23928.7
27617.9
26294.1
25528.4
13529.3
23002.2
21218.4
27431.8
29275.4
22326.6
19143.7
15881
13652.6
20511.8
17195
15427.1
15216.9
14802.2
15991.5
25341.9
34160.6
12471.1
14094.2
35132.2
17007.1
14219.4
10728.6
15981.6
18198.8
29872.4
16402.5
21838.8
8334.64
24153.9
21123
28869.3
18542.3
38029.3
21609.3
21089.1
18868.2
13311.7
21424.4
18722
27548.4
20459.9
26888.7
18323.7
12795.4
18531.2
17187.7
20419.7
37080.3
17795.8
20952.7
17635.8
14606.5
20546.6
13758.8
17051.1
27071.8
20627
27355.8
25697.8
15751.9
22206.8
31054.4
22623.6
25814.1
15027.4
23835.1
28284.1
30945.2
11433.6
19170.6
24452.9
26268.6
25072.5
25143.1
12563.5
27252.2
17817.1
16578.3
8258.56
21304.1
25547.4
15500
25044.5
13006.3
14879.7
26914.4
33842.7
27753.4
17760.5
11417.9
15553
54380.6
28754.2
20401.5
16626.6
17660
19457.4
24888.3
28010.6
24157
15025.4
11887.8
23031
14866.1
18771.8
17995.4
17613.2
21555.1
16544.9
21291.8
15781.6
18429.7
16201.4
21303.8
19083.4
16052.6
12641.9
31435.8
9205.04
15815.2
15756.2
19566
26301.9
9306.8
22612.6
21866.3
15191.8
31902.2
30395
14736.9
16114.5
26093.3
26380.2
40706.2
11328.9
29625.6
32813.7
20503.3
23109
19418.3
20711.8
23492.2
30208.9
15229
32317
17335.3
13259.4
13516.2
20013.8
38544.6
12655
24128.4
15341.8
21475.8
14487.4
18795
22978.6
15850.2
13902.4
21838.7
13401.4
21334.1
18310
12793.8
29894.2
29085.9
33097.2
21394.5
17940.6
8884.4
23787
19798
20458.2
19178.2
21775.1
29170.3
19309.8
18818.6
31057.7
29452.9
26121.7
19946.2
11282.7
18576.2
31520.3
39083
23784.5
28162
11908.8
22775
27414.6
20293.4
28791.3
31332
16599.3
16403
10804.8
19115.6
24768.6
33352.8
24862
8640.56
17193.6
14933.5
9280.48
18952.4
23036.8
11615.8
30222.5
30110.2
10925.8
17413.8
12516.7
13511.1
26881.9
29928
21454.3
20561.2
18329.2
11546
12373.6
34034.5
32916.6
23283.8
12831.6
20662.5
26820.7
22589.6
19198.5
28544.1
18859.3
24985.8
33667.4
21013.9
36667
16592.4
26427.7
19181.4
14048.7
23214.3
22422.2
34030.3
22868.4
36578.7
16677.5
37276.4
31754.4
29225.2
38542.9
20212.6
16747.9
27974.2
17947.5
20345.2
26800.6
30714.6
19619.7
34011.1
20385.5
30284.2
11149.5
17871.9
24778.9
20105.3
28167.2
18461
13217.9
17719.2
16541.7
16010.4
26899.2
30965.9
31013.8
20711
20795.1
9522.56
17945.5
11873.2
21924.6
24053
16733.8
19141
26916.4
17996.7
18473
25749.9
23173.3
19675.8
12477.5
17001
12623
25077
24169.5
23192.2
15815
24143.2
24842.9
11044.4
20274.6
14608.8
32386.4
14957.3
38020.2
17610.6
23165.7
17852.4
17792.2
11106.2
20634.8
15870.6
27976.3
16172.8
23702
14331.2
24640.4
12880.2
30192.2
15700.2
32705
40064.6
44016
20729.1
23039
19299.8
21570.1
38107.1
29497.3
45186.8
34356.9
12300.2
26260.3
33451.6
24696.6
31824.7
29428.2
31135
21122.9
9692.72
13040.5
29995.1
27784.6
41640.6
19975.8
11584.6
15384.2
24757.6
41173.4
34827.9
20560.6
12174.2
17429.1
22621.9
22776.8
33811.8
32449.8
27841.2
30680.4
15905
23534.6
20246.2
30923.4
31626.2
25331.9
19988.4
22151.2
24991.1
20002.2
14093.8
22334.3
27230.5
21142.6
19399.8
17593.8
15725.4
26124.9
23119.6
14276.6
18048.3
12644.5
10782.6
13653
13720.3
14657.3
19978.3
27970.8
19951
14461.5
18298.5
20221.1
15416.5
22624.2
15326.9
31299.4
13220
13248.2
14670.4
24262.2
11331.1
14837.4
13124.9
14980.1
20212.7
15393.5
16656.4
19189
24003.8
15043.7
12655.6
16949.8
14152.3
13475.9
19112.2
22949.5
20758.6
14006.3
23234.2
13255.4
24790.3
35105.9
26170
15655.5
11711.1
15516.4
28969.4
23283.2
19999.3
23897.4
22261.5
17505.4
33345
20559.4
26533.1
17848.1
23274.3
24796.8
22088
47792.5
19925
20543
21407.6
26851.3
35449.9
20459.8
30160.7
15427
13846.7
22513.9
23541.3
16591.5
27906.5
25458.8
11535.9
20027.3
18109
14816.6
34806.2
29349.9
19944.3
18552.4
12715.4
12452.7
16111
19934.9
18982.9
21014.8
18458.8
12414.8
16837.3
14496.6
25027.9
14813.4
11886.2
17427.8
20137.9
33045.3
23744.8
15017.8
18569.6
22030.6
18731.8
20650.1
32541
17032.8
28601.4
27645.1
15106.1
27448.2
27810.6
12450.4
23121.3
29077.2
23220.9
37001
17014.1
37706.6
14469.7
25053.9
28928.6
21079.2
25304.4
13368.9
13754.1
24793.4
38815.3
9720.88
20131.4
28996.3
22935.3
25555.8
13000.8
17761.5
15147.3
35051.8
20622.8
41076.2
25703.8
16410.7
15994.6
28185.3
21687.1
29436.5
22986.2
15947.4
13676.1
36524.5
17518.4
21026.2
17163.2
11704.1
31183.6
16758.6
25770.3
11063.2
21840.7
23132.2
15411.7
32491.2
15301.6
24653.8
31685.1
21415
17372.2
14163.5
21186.6
36936.2
17650.7
30200.2
23410.3
13997
40775.3
13780.6
28656.2
21191
36290.7
15712.2
26160.2
23904
33467.3
16233.3
24103.7
22238.8
20994.6
18626.2
46759.1
22245
44000.6
26036.2
24645.5
22451
21961.8
28433.1
45073.1
33893
26976
26851.8
36721.8
36930.1
26343.7
19725.1
14706.9
24483.9
34658
19836.4
28697.8
25673.1
20187.4
17804.1
10279.1
23370
18126.4
12494.5
21360.8
15728.6
28187.2
29634.4
17142.4
19689.2
24443.1
26802.6
18096.1
31053.4
14482.1
19891.4
12517.9
21606.8
22568.9
24960.1
32887.8
31983.4
15661
19251.2
25621.2
25199.4
22003
25106.1
18690.4
31259.6
16026.7
37290.6
31975
34619.8
13697.6
25877.8
24457.3
18395.4
34684.7
26454.7
21360
17542
22267.5
25775.7
27205.4
19214.2
21329.3
19889.9
32938.6
17265.8
22194.6
23481.8
29107.8
16163
17968
22948.1
22220.2
27721.2
31408.2
24457.2
28763.8
19671.9
21863.4
39056.4
24373.9
20256
23943.7
22242.2
34114.8
17282.7
22136.6
16144.2
22541.3
32513.6
18667.6
18712.7
20677.7
13470
26857.8
17645
28872.6
18642.6
23592.6
22154.4
20691.1
33307
20303.8
10541.8
12682.2
17547.8
15582.5
19115.1
21947.2
13783.7
18383.2
32248
45275.8
13525.7
14086.3
26999.8
16281.7
21254.8
22629.8
20700.9
19054
26594.2
20078.7
17724.9
24358.6
17502.8
39440.6
40911.9
22150.1
17519.1
6076.96
23293.5
27034.7
11802.6
19163.5
19904.2
15859.7
14741.4
21607
25686.2
27286.4
20454.3
14289
15070.4
20171.9
17184.4
20348.6
12730.2
12918.3
11487.2
20632.3
17865.8
31664.1
19405.5
14984.8
25192.5
31265.2
16879.1
9506.8
8548.96
18181.8
33912
14887.4
18099
15033.8
10171.1
28283.3
17124
26093.3
16210.4
19464.2
13959
22039.5
18357.8
11881.6
21231.4
10621.6
17857
14386.6
20304.7
24775
17555
24325.4
23742.4
13413.4
17384.6
18690.6
26848.8
13970.2
10208.9
44915.4
30846.8
20304.1
18339
19002.8
31111
25747
33385.9
14544.2
30043
17746.8
21575.8
20853.4
28959.4
18772
30474
21370.2
29580.6
37506.2
18639.1
15285
25245.4
24416.8
15989.1
31860.2
23052.9
11809.8
20078.7
33183.9
9025.44
28580.5
37688.8
16716.6
13127.7
17993.1
18147.8
16319.9
14600.3
15027.8
21283.9
23915.6
11913.4
13750.7
13068.6
19053.8
16339.4
15079.5
12332.4
9587.84
12239.6
23462.6
23336.4
20049.4
16595.8
11878.9
20885.8
18032.7
26638.1
26755.3
12826.5
16650.6
23180.2
22884
41921.7
15280.9
12227.7
29330.9
15132
26536.4
34205.4
18884.6
20512
29724.8
17826.3
19461.7
18770
17072.7
25684.9
16420.8
23627.8
21264
10493.9
15421.8
27058.4
15628.6
24437.2
34550.5
15121.9
13260.6
20993.4
21664.5
30584.9
15946.7
30948.2
37495.4
26774.5
13745.2
20298.9
13377.4
8914.72
16562.3
32849.3
33644.5
19287.2
16883.8
9274.88
28510.6
27871.4
23783
18657.8
18854.4
23690.3
34348.7
16847.9
19701.1
23153.4
36488.2
25901.7
18625.4
29287
30359.4
18974
14051.4
17978.5
19456.2
23600.2
18081.5
18183.2
33873
34909.3
17591.5
29754.7
19396.4
19708.8
24760.7
18279.3
16659.8
32232.2
24641.4
11287.3
21985.4
21601.5
15979
42448
16272.2
31580.8
10529.5
20004.1
35729.6
15791.4
18111.5
13258.9
17417.4
17689.6
19175.9
22872.2
21516.4
14498.7
32375.3
24964.9
17292.9
15059.4
22481.4
28362.7
27173.9
32221.5
38126.8
16527.2
15997.4
15484.4
34823.1
20625
22445.5
19446.5
17926.1
16585
29257.9
26402.6
13279.3
25577.4
16865.1
22697.1
13768.2
16481.6
18172.1
25230.7
19171.5
28215.9
20485.4
19806.5
29187.8
27520.9
33037.2
31720.2
20869.3
15578.5
25155.8
26589.2
26961
26015.4
23440.6
21088.1
22953.7
15526.9
18683.9
22389.1
20981
25351.8
17410.2
22171.7
29833.3
19303.3
14659
17468.6
27269.3
19974.2
31263.1
20641.4
25208.5
34167.7
28556.4
15729.1
19749.1
18811.2
14173.8
17360.6
14947
23442.2
18122.3
23207.6
22568.2
19979.7
21337.2
34325.5
23597
12088.2
10507.1
37374.2
17431
14076.5
27692.6
9822.48
14715.3
16812.5
20214.2
18289.5
18891.9
13345.3
29507.4
23227.4
23983.9
15284.9
18853.1
26330
7787.52
18290.2
14858
25667.1
22656.5
28030.2
22300.6
10615
12485
21328.2
38670.2
16756.6
16197.1
11562.4
32518.3
22832.9
26793
16791.8
21410
28158.1
13064.2
30735
27843.8
15201.8
22720
44538.9
42307.6
27974.9
27168.8
27949
13869.6
30442.2
21254.6
19809.6
25160.2
33888
32474.6
21692.5
27236.1
25678.3
32057.8
29373.8
19220.7
27113.2
31088.4
28441.4
23231.6
34063.8
40342.5
35343.4
28186.5
22551.9
40932.5
16722.5
26769.5
30869.1
40057.1
26239.5
28909.3
30361.1
32464.8
21181.4
18720.5
16120.6
26936.8
36674.1
21435.8
14347
26703.3
41030
23080.1
22809.6
36263.6
11129.7
26824.8
35055.4
23262.8
32541.5
20960.8
15021.8
26876.6
49971.4
23444.6
18239
18806.1
25251
18192.5
27246.6
30692.3
16895.8
20755.8
25667.9
27277.5
33928.6
23216.2
24919.8
16610.8
25723.6
25111.3
21417.7
20775
38554.4
23497.4
25489
27421.2
28750.6
24030.7
18771.9
27401
21587.8
23039.1
25402.5
34061.4
25970.8
21207.9
28531.4
18646.1
15813.4
21914.5
16347.9
14267.1
22546.5
18657.5
18207.1
25285.5
17931
19742.6
19652.4
16960.1
29090.5
30356.6
15383.2
29377.2
28768
26751.1
22029
29083
17276.3
33302.2
23501.4
16563
26258.3
17228.5
17183
29428
19933
18451
27629
21045.8
16544.8
34564.8
22494.7
20461.4
36305.3
27315.6
28315.8
30786.5
18701
24086.3
20155.6
22904.4
17468.7
15333.6
30319.8
18209.8
29261
19389.6
22321.6
17746.5
27903.5
24748.3
23073.9
39080.5
12947
23555
33812.1
23319.1
27045.3
23024.7
20942.5
32611.5
27930
41061.4
34580.2
22789.4
18045.5
28768.8
24126.3
26736.2
39054.1
39495.4
24903.4
18283.6
19205
21715.8
18614.4
25625.6
34469.3
14773.7
12401
10350.6
28068.8
22948.2
25200.4
15041.7
16159
19835
16933.4
18586.3
47878.3
19485.7
15949.7
18465.8
15789.3
19148.3
33768.4
16465.3
13868.2
25712.2
21905.4
28830.9
25922.7
28644.5
13086
23026.6
16559.3
23999.8
47566.1
22469.6
15465
17553.3
23041.3
23995
35814.9
23053
23334.6
15355.3
23585.6
27848.1
25341.3
13899.6
23468.1
28240.5
16603.5
26193.2
14232.4
34501.5
17599.4
16404.1
20101
21107.2
16884.9
23474.7
13547.4
23672.2
22843.4
20950.2
27040.3
27651.2
14067.3
30662.7
28069
18923
13959.4
18636.8
36196.6
17005
29571
12009.4
19217.6
22375.4
19387.4
29263.3
24758.3
37992.9
11881.4
24901.2
28106.7
24768.7
16316.7
16822.2
24503.2
45357.9
23989.6
18744.4
12360.9
18049
35066.2
21552.1
16901.8
31939.1
22516.8
16928.9
26633
20716.4
26282.8
23698.6
17232.6
27105
22059
40505.4
23768.3
13782.2
15482.4
17846
14917.9
27733.5
16518.5
22491
27848.2
21983.5
25980.8
18040.8
40716.6
20776.3
36420.6
12791
26644.3
35176.2
24420.3
38164.1
27365.1
16256.8
16757.5
17975.4
40790.3
17928.7
16459.9
27810.5
21035.6
20867.9
23434.8
21533.7
40355.7
25205.1
13297
23166.3
25519.3
12201.2
19068.5
23872.7
26658.9
21867.7
25620.1
16159.8
21823.3
21692.3
39337.3
25118.7
17826.6
16279.7
21903.5
27619
30700.8
19139.2
31016.3
20792.7
27539.5
24670.2
26387
14083.8
34306.9
28847.9
13315.3
19669.6
17068.9
18299.3
24124.4
26011.5
16553.7
21549.8
21069.6
11710
20139.7
34273.8
10689.5
24860.1
17581.8
38059.4
17119.5
17892
28681.1
11889.6
19513
20320
18327.7
16855.8
18353.8
15625.4
22659.4
29128.3
18610.9
21504.2
21073.3
13420.7
22971.4
14862.2
26128.4
12885.4
17528.6
17809.2
18178.7
13501.8
18119
17192.3
11693.9
16743.9
16411.8
16009.2
23835.8
9655.84
13264.5
18783.6
11312.6
24103.7
27181.7
18797
23315
22609
9484.8
19605.8
35355.4
11309
18917.8
14354.4
16433.4
15068.1
25037.9
15214.2
19942.4
18677.5
15055.4
19965.8
22642.5
23112
35977
20813.7
17315.5
14621.4
53265.4
26373
22393.6
44398
11440.7
21726.5
21194.2
16389
40715.2
21222.1
18145.1
23095.6
24086.9
24826.8
24007.8
18053.8
22824.6
25612.3
24835
28066.2
28229.8
26234
30482.5
22999.7
24201.7
20018.9
12967.9
39193.1
30521.2
49610.8
38184.2
35648.8
22381.9
32844.9
24037.8
29086.2
29554.1
21202.7
18195.4
40412
38710.7
29954.6
32178.5
23562.3
27584.2
22713.7
21928.6
27966.4
15151.6
17521.3
37877.5
20139.2
23478.2
19079.4
21427.4
18880.6
27946.4
18413.7
15219.3
27479.9
33593.1
13915.1
12379.9
20362.6
22228.4
28027.3
15350.2
19244.8
13045
35614.8
28428.3
10624.1
10853.6
32301.7
25223.4
31954.5
20026.1
20734.8
18651.8
18917.7
19096.7
14831.4
21110.2
23979.1
19535
15457
24577.4
19006
15008.5
22155.4
13517.4
23352.9
21045.1
16058.6
15961.8
24344.1
17399.2
28509.5
18122.5
21019
27961.4
19406.2
29666.4
18333.4
10849.2
13821.3
24910.2
31349.8
26918.5
23535.5
21507.4
23675.8
32981
31589.7
12181.1
29309.9
31536.6
20647.4
24491.6
24109.3
20000.8
49855.9
30211.4
33113.9
15321.4
28041
30873.9
42292.1
19938.2
21931.6
15936.6
20360.2
38753.3
27706
35191.8
14793.1
33729.1
28135.5
13749.9
25873.7
30851.6
17151
28956.3
20836.5
32998
17870.1
28295.7
22038.4
22193.4
22999.8
23275.2
26295.9
44736.6
26293.4
19510.9
22913.7
19468.6
15720.1
20834.4
32026.5
25553.4
14280.4
24409.4
25852.5
20045
23911.7
30229
24084.3
15396.8
24985.9
24013.8
32597.4
33685.6
30135
15709.5
10404
21130.7
16864.7
23779.7
34301.1
26389
25637.4
21515.2
14196.7
24165.9
18939.4
37710.6
23661
15667
17076.2
15784.9
16278.1
32623.7
18813.3
13277.8
17177.8
21892.9
22756.9
13482.2
14072.8
16092.6
11256
23041.5
20099.4
16331
28252.4
17159.8
30562
17758.2
20327.8
15725.6
12657.4
19681.4
17774
8158.96
23358.4
18681.4
32717.4
22784.6
13778.1
15407.1
19242.2
21171.4
35020.9
14314.6
31663.4
17815.2
28482
27204.6
20450
28422.2
20501.6
16471.8
27662.8
11981.8
35131.4
22378.6
25551.8
28938.7
21286.4
27807
17638.9
24755.4
23945
38628.2
17074
12849.5
17960.3
19813.6
17248.8
27296.5
17645.1
24622.6
28488.7
18859.8
23108
21592.3
21145
25908.1
14213.4
24531.8
24564.2
24929.6
19608.2
18280
18635.5
30080.3
19083.8
43966.2
21079.9
34335.3
13585.1
17669.1
17939.4
27164.3
28810.2
23429
25453.3
18706.6
18227.6
28343.8
31430.3
24508.3
35257.3
20560.8
26435.8
22613.4
27500.6
23520.2
19330.3
20189.8
26345.8
28509
20136.5
17752.6
26088.3
21445.4
39174.8
21928.7
24035.6
16964.4
27884.2
13228
30126.1
19276.2
27985.4
35964.9
22112.9
24025.6
24696.2
12353.8
26181.4
14693.4
25124.3
15181.8
20235
25489.8
48116
16517.3
25085.1
18397.6
25000.6
16426.9
19429.5
34134.2
19350.7
15101.9
14290.9
20467.5
18797.8
16973.4
22015.1
18818.2
15324.9
16142.3
21548.8
19907.4
18216.8
31160.7
22818.7
19903.2
10963.2
17439.7
15215.9
19321.2
19071.5
20261.2
19595
21831
26464.8
15920.9
17045
24988.8
25296.7
14066.6
28212.8
23791.4
22598.8
10775.4
15301.6
21495.4
25241.4
29788.9
22572.8
26129.4
10153.9
9275.12
25281.4
30665.4
27707.2
24430.4
15462.3
17859
20783.7
18360.7
27025
11720.2
20586.2
14473.5
12347
21776.5
13503.2
9975.12
20977.9
17946.1
11326.2
26813.8
21719.8
16728.7
17700.2
14223.4
40470.8
14829.2
14704.6
17864.2
12297.2
25805.3
20658.6
13126.6
17349.2
24279.4
16776.2
32861.3
18792.7
14511.8
22401.8
27066.6
17654.2
13496.1
16272.7
15815.1
16016.1
9970.4
18025.5
17221
19194.6
20100.2
16719.8
17386.9
11190.4
24135.6
27400.4
20662.4
18050.3
14167.5
13199.9
16708.6
17083.9
12431.2
14363.4
19741.1
18770.4
14484.2
21510.2
22489.9
19957.8
19820.8
24188
17769.8
18929.9
15695.6
15967.5
21259.4
18673.1
19039.3
14784.3
27741.9
19929
13825.7
16526.7
24958.7
16828
17381.7
7404.56
22062.4
25331.4
17431.4
30146.2
18075.5
25509.1
26179.4
28858.1
15486.9
21542.6
39982.2
25375.6
14216.9
23814.8
26613.8
24440.6
28187.7
23292
15411
29219
22100.4
20560.6
31372.6
15232.5
17368.4
22254.2
16063.2
49625
22590.8
24145.6
19639.4
16330.3
34911
19123.5
20283.4
25676.2
27784.6
13865.6
32615
33818.1
16340
23313.8
27715.6
23013.4
26178.5
30346.6
19068.8
18349.3
26816.9
17829.5
22745.9
23468.4
15359.8
21935.3
35684.1
21305.7
12270
10043.8
19232.6
25572.7
21799.4
26615.1
15065.7
28474.8
11235
40889.9
22031.7
24352.3
28857.2
24279.6
13921.6
24065.8
16619
42054.4
16476.6
13394.2
10960.2
14204.5
26628.2
38559.4
23054.2
28408.9
20556.8
19004.3
15442.3
16800.9
21239.8
17291.3
17747.6
32588.2
9255.68
32195.4
34693.8
19018.2
17602.9
18723
13235.1
29564.3
11396.3
17217.4
28480.2
14632.6
27537.6
24010.6
17825.8
26450.7
15156.6
29774
21375.6
33295
20861.2
12764.6
23236
16392.6
12714.7
28070.2
20530.4
16096
23154.6
16157.8
9466.88
19697.9
13940.9
24265.3
19765.3
35252.8
19419.2
17032.6
16870.4
12337.3
20225.4
26810.7
15075
22268.6
33596.8
11547.5
23263.8
11439.4
18360.6
28629.9
16034.2
23506
19242.4
15839.8
20104
22101.5
18907.5
12705
19560.2
23162.9
25919.2
22916.2
17329
20865.9
11500.5
23893.6
15563.7
33576.8
8947.68
17741.8
8416.08
17915.6
17239
19811.8
12855.7
16990.1
20358.3
13029
15923.4
12245
27525.9
18013.8
12216.6
22165
16639.3
19309.6
17405.8
19265.3
24360.5
20288.2
21286.5
10405.9
28315.4
23585.8
16023
18216.7
11275.1
9803.04
21657.1
13790.6
23303.4
24809.4
13026.2
14728.9
10991.1
15144.6
25340.5
27716.9
17788
8799.12
15129.9
19748.5
27852
32585.5
22452.3
9569.52
10801.3
15698.4
23517.5
18134.9
15354.5
23132.7
22690.4
12583.8
17269.3
15712.7
24671.5
10949
22401.8
12240.2
15721.4
20167.4
9736.88
14978.5
10009.8
13599.3
20523.8
16744.9
14563.8
13840.9
14651.1
17359.8
24668.3
12819.8
17975.9
14214.2
24546.9
13176.3
14414.2
11756.3
27234
21768.8
17852.9
16770
13773.7
16774.2
24329
9524
19881.4
22099.1
28003.3
19979.3
20509
24767.6
17839.2
28405.8
22032.7
19400.6
20292.4
22076.6
16687.8
15703.1
18147.4
9965.76
13817.3
9392.48
20472.8
15006.4
29680.7
8296.24
11602.5
22469.1
35993
16340.4
20772.2
16667
11979.4
25837
15753.8
24473.1
22515.4
22397.2
14039.2
7933.84
15742.6
26654.5
23402.1
18131.5
13818.4
17863
11997.8
20543.8
30490.5
34898.6
24103.3
31154.8
26870.5
20590.8
17803.7
30112
16971.4
24596.8
12217.3
16041.9
24403.9
31029.9
24949.1
26074.2
13656
13865.4
24789.2
20307.1
39644.9
21817.6
14215.9
21596.2
26419.8
21999.1
27449
36502.7
23716.2
16837.1
12863.4
38370.5
42048
16021.2
14535.7
19523.5
15725.1
20257.4
21199.7
14396.6
21503.1
17207
23529
31295.5
20553.8
11329.8
19311.8
22478.6
25419.7
21527.7
16420
29375.9
19402.8
18170
19483.5
26100.3
22604.8
10411.6
28789.4
24034.7
32352.2
19246.7
16663.8
16100.6
14269.2
24759.8
24635
19531.7
29465.3
28993
11027
16804
25121.1
19457.4
17242.6
23819
22965.2
12166.6
23271
37627
36993.1
26742
14184.3
11177.1
14625.5
28705.6
35936.8
15954.2
7631.52
8386.96
12312.3
14096.7
24420.3
21982.7
28913.7
26047.2
12316.7
19277.1
21040.9
24686.1
15966
17217
15506.1
12918.8
10602
30616
20397.3
17039.4
20095.9
15363
15358.7
18083.7
27128.5
14794.6
32120.3
18343.8
17864.9
22339
32858.9
11826.2
12721.5
13591.2
35353.3
17125.8
29671.4
19039.5
13147.4
29970.1
34081.4
25455.9
22214.7
16897.4
11180.8
17633.2
17352.2
37319.2
24052.6
24712.2
16958.6
18457.1
24925.2
20586.1
17185.3
16019
22477
20604.3
13284.5
12933.4
16225.9
14044.5
17888.6
17081.8
12473.9
20921
17607.5
11018.1
10718.8
10334.1
38581
21910.1
15392.5
12449
14882.2
16624.2
28221
20676.1
16615
17395
14518.6
12349.6
18212.5
14018.7
29600.8
18536.9
19710.3
16856.9
11878.5
24438.2
19909
27858.9
21701.5
17579.3
16447.7
20408.6
26176
16940.5
30179
17937.4
15064.2
15619.4
21628.2
23557.4
31786.6
15300.3
13063.7
19876.4
12412.3
24851.9
19401.4
18387
13917.7
18902.5
14748.2
20015.9
29927
18586.4
8270.8
17225.9
10563.4
11400.9
17780
30299
14930.2
17126.2
27359
15084.2
16362.8
17955.1
20280.6
22216.1
9072.56
17022
15811.8
9745.92
18089
25223
25243
24716.9
12817
14356.2
22765.2
15183
25093.2
17180.5
16205.1
22916.5
12446
16341.7
26036.3
15635.3
31517.3
18508.7
24189.3
23488.8
23302.2
18617
18231.8
15606
18402.6
26412
28649.5
24884.3
30841
23205.3
18963
18614.2
9008.96
16171.9
18753
24731.8
35134.1
15356.3
15560.5
15280.2
23612.2
17245.5
18912.5
11880.3
20088.2
14531.3
7478
21257.7
10389
24818.2
14357.2
11625.7
15673.1
18138.2
10476.7
20129.7
14873.8
15449.2
20773.8
15272.4
10900.2
12728.5
25873.7
27714.6
29380.9
19691.8
21350.3
18357.2
20326.2
21791.9
29432.4
26766.7
30601.8
18430.5
12045.5
20303.3
22459
22811.4
17261.7
23898.5
14885.8
15996.1
21118.3
17569.4
13874.6
15345
24486.3
17243.4
23042.7
21592.3
17083.5
17946.2
18470.9
21155
19563
14839.5
15089.8
18030.2
12918.6
29679
12345.6
17410.7
17571.3
19557.1
7526.48
16028.6
18581.4
9038.56
21521.3
15985.6
11193
13370
16766.1
16649
17384.2
11616.7
8728.4
8389.68
8645.68
16017.1
18317
31687.3
18505.7
22640.2
12238.6
23862.3
14251.5
8904.4
12907.4
15293.9
13293.1
23550
24419.4
24701.3
11116.4
16342.2
17047.9
19143
15480.7
10884.2
12768
31740.2
11580.2
15439
15043.8
10730.2
20989.4
8556.32
11701.9
21335.5
20760.2
14072
23174.3
11630.8
15683.1
25352
25292.2
20395.8
16763.3
22118.6
18987.1
18379.1
18321.2
23401.2
17973.8
27212.6
13441.4
15726.6
12770.7
13949
18257.5
10175.6
12084.1
15656.3
20029.4
19801.3
32886
13981.9
15524.2
7201.84
24937.2
21827.2
19707.9
18775
27669
18232
21804.3
20585.1
11871.1
30224.3
40228.2
17371
34397.1
15319
21856.8
19281.1
12624.5
18577
10483.8
28511.4
18422.1
11522.6
24093.9
22519.8
26116.6
21012.4
11454.8
19148.6
20340.2
14545.8
24133.4
21844.3
9457.12
17857.5
13762.9
31430.1
15431.9
17701.5
20291.2
24541.4
26477.8
11662.4
43773.2
33188.2
14477.3
9007.76
24476.8
17028.2
40500.6
38542
18089.4
32817.9
13547.2
19340.2
16555.9
17918.2
25600.7
33598.5
14617.7
21007.4
12727
15156.6
18007.8
23248.2
17248.8
16448.2
22342.9
20949.9
20435.6
23135.6
18031.1
18039.2
24521.8
24779.8
24839.8
13565.4
12986.4
15047.3
32603.9
17753.8
32927.8
23754.2
10093.4
20559.5
30628.1
26449.4
10168.3
21523.3
34438.5
19297.4
16809.8
29572.8
18850.7
25503.3
23355
25249.4
24308.6
26047.6
14848.9
30447.1
44337.7
19006.7
25482.8
20356.1
16017.6
14916.6
24103.1
39010
20100.2
29145
25846.4
18834.2
14428.4
32009.6
22913.2
28997.4
16259.6
17313.6
14412.4
27646.2
24548.5
33828.2
21663.3
15326.2
18739.4
26344.1
22022.8
32153
20004.3
24377.6
21556.3
18210.1
15351.7
34676.2
24251.1
23791.5
18252.7
12063.6
16262.8
19916.6
16646
23644.4
35909.7
15767.1
15007.7
25804.8
25140.1
33124.7
19247.7
25823.1
18168.5
17925.5
34001.5
28121.4
21937.8
26091.4
14502.2
15805.4
12139.8
18874.1
20573.6
26240.7
21480.6
16824.9
15383.2
18284.4
24249.5
27202.1
14804.6
7270.88
35765.8
25784.1
22270.9
16352.1
20743.8
8453.2
25551.7
23663.7
26503.6
11412.2
10890.8
20906.1
15579.6
24745.8
17226.5
9280.88
18894.3
25728.5
30443
39326
29447.6
17849
19027.2
17944.6
31310.1
31094
13713.6
18508.1
18990.6
29719.5
24465.1
13423.1
15686.9
12535.8
16759.4
28677.6
22358.6
14325
16327.6
12454.2
26393
24986.9
22645.8
17575.4
14932.7
20556.4
21677
16682.8
22269
20049.5
15233
16601
14582.6
14971.5
23516.2
15307.4
14139.5
17677.8
12051.2
38300.5
17081.2
23809.3
14496.4
20420.8
28740.6
30853.3
24308.2
31683
22662.4
19151.4
14821.1
35536.5
18063.4
28018.6
21801.1
33705.3
22488.7
21284.4
28609.8
35146.7
13049
22743.6
17463.4
14897.1
20454.8
20003.1
8093.28
16092.5
14891.3
16645.3
22216.8
12023.4
22334.8
25122.6
19090
12204.2
17447.4
21369.2
21552.4
21553.6
26169.8
26926.6
22578.5
10883.4
12463
13707.4
15886.4
17843.2
13487.6
14641.2
9748.08
23110.7
9966.24
13950.6
17160.6
11558.8
11486.2
18279.4
11069
18245.8
14364.9
10341.6
18934.8
19375.2
16964.2
29587
14402.1
20307.2
10897
12965.2
17095
12118.6
31417.8
15495.8
15659
6530.24
13147.8
15534.9
21727.4
20486.3
24431.6
16109.6
8871.04
30411.3
18253.6
20504.6
21670.2
24757.2
6152.72
15170.2
31550.4
20669.8
22323.4
14594.1
28149.3
13939.8
15807.9
16404.2
16358.1
28545.7
21830.4
8990.32
26524.3
23866.6
18637.8
23538.4
15680.8
19782.9
14126.7
17315.8
27833.7
15194.4
22054.2
17476.6
11685.8
18603.7
13984.8
22842.9
21595.4
26285
17984.6
15090.8
11895.4
15099.4
15518.6
24584.4
24907.7
10020.3
16490
15539.8
13686.6
11578.7
30862.1
15109.1
19374.7
11827.5
16210.6
37054.8
11559
20600.6
18853.1
26904.7
20720.8
20911.6
18193.8
14729.2
17194.1
25722.6
28710.2
28136.7
14954.7
31152.2
19978.2
20340
5775.76
17386
23272.6
29541.2
18849
22084.8
23729.8
18430.6
23487.1
15148.4
17300.6
14855.3
23253.6
16145.9
14476.3
39444.7
15125.7
17478.6
39353
20836.2
24416.3
39480.7
24012.6
26228.2
26372.2
19798.6
35796.5
49452.8
25755.2
13508.5
15305.7
18960.1
18580.8
37813.8
22025.7
29576.8
24612.9
22002.5
28869.4
13368.7
27993.3
10728.1
21720.6
26713.8
20550.6
18675.8
20372.2
21188.2
9909.36
19031.4
17271.1
15715.8
29590.2
15804.3
11345.6
13203.4
11810.7
19463
20478.2
26031.7
18999.8
16904
15073.1
16715.6
19858.1
19744.1
19000.3
12358.6
35773.2
9624
13516.2
19300.4
27624.6
17662.9
9071.2
15741.8
23113.9
19537.6
15580
9638.16
11662.6
18292
18546.6
26267.1
12483
10116.6
16743.4
17026.7
17059.4
26380
16387.2
10282.6
25241.4
13189.2
23410.2
21082.2
10501.1
19297
11341.8
18067.4
25483.5
22685.8
25550.2
31083.2
22845
9420.72
11815.6
18360.2
30207.8
20553.1
21316.8
15641.6
20423.4
10182.7
26107.8
28196
33738.6
29139.4
17551.8
18138.6
15049.8
21207.4
30731.4
26794.6
20527.7
16824.3
13914.2
16303.3
32061.6
20497
29824
30998
11485
33694.4
25006.2
22778.7
28346.1
22890.4
16108.7
21527.8
13318.2
22389.6
21045.5
15010.3
13458.3
33103.9
22752.1
24223.1
12925.1
18557.1
29447.6
19557.7
24729
25586.9
23332.7
11893.9
20599.1
17816.7
17216.4
27239.8
27309.6
34705.6
15688.9
31266.7
12757.8
25390.8
11285.8
16035.1
10971.4
23810.6
14169
17444.2
15008.3
12914.5
12870.8
15768.8
11113.8
26286.6
12805
15516.7
13697.8
19214
22711.4
28414.7
17272.5
15969
16741.8
15564.2
14964.9
14506.1
15911.6
25886.5
14052.6
23156.2
31621.5
11362.9
20338
16161.6
10359.4
19743.3
13217.7
17966.2
30095
14415.3
40229.5
10549.8
14102.1
15178.2
20527.4
24772.6
27870.7
16866.6
12110.2
21920.4
24302.6
14871.8
34517.5
17440.6
31023.4
26416.7
32238.8
16105.7
31808.8
26224.1
17332.2
12858.1
19484.5
27861.3
19358
20582.2
30249
21276.2
25432.5
25017.7
22232.9
17212.8
24081
32024.4
21288
34263.8
14300.5
14190.3
16988.6
33759.3
36934.5
30390.3
24490.8
22878.6
16851
21595.8
37423.9
33647.5
22910.6
15723.8
12355
18067.4
13287.4
26818.1
35321.3
15647.8
16672.3
22519.4
18050.5
29588.4
29446
13499.7
36038.2
11393.5
10549.5
11665.1
18423.7
15991.8
20799.5
20703.2
12443
18494.6
22174.3
12737.6
22842.3
28235.4
10108.9
14482.2
10643
26241.3
21632.9
18251.8
19104.6
21968
22507
7962.64
24651.9
20764.2
20118
31879.4
37168.1
35369.4
14938
44394.2
37443.7
23479.9
20956
34185.4
18596.6
21357.4
24898.5
22329.8
25361.8
30011.9
24231
28628.5
28286.9
19720.1
24363.2
17619.9
19775
45232.2
21178.8
24789.5
12538
15804.2
18452.2
23512
19783.4
26074.6
14849.5
20705.7
16779.2
18205.8
21951.9
8275.2
28703.4
24984.2
9849.6
20611.4
18346.7
11218
15986.2
27835
11595.8
24789.6
15456.9
26443
15593.8
16880
17741.8
13251.2
22448.8
15205.4
13984.6
19843.9
24041.9
12398.9
13457.1
13019.2
18312.2
20000.5
19122.3
23930.4
19586.8
17133
31818.6
13360.2
12446.7
22427
25275.4
17924.9
16692
22789.7
18327.6
36152.2
18423.8
16064.3
21091.1
16133.6
25987.4
16562.8
16842.2
20511.4
12031.8
13935.8
10997
24561.9
12938.5
19458.5
22779.7
19223.4
15464.2
31254.5
16115.8
20712.2
15673.5
21742.2
26757.7
18661.2
13981
20184.2
14398.6
42484.1
11019.1
21310
21472.6
22365.8
26154.1
18393.6
22185.8
30037.1
12914.8
27268.6
14754.2
14041.8
16696.2
17770.1
12907.2
23381.3
20212.7
12493
15482.9
13335.8
22647.9
15465.2
18969.5
19353
31097.5
11886.1
32171.2
16707.3
10142.8
26940.4
16462.3
26287.8
13293.5
12451.7
26730
10410.6
26971.2
21066.3
23711.6
15267.7
15624.3
29085.3
15166
21587.8
17918.6
14430.3
12714.9
12494.5
16532.2
10313.4
17624.5
18951.4
10516.4
21429.9
20121.4
20611.4
28439.6
25044.2
21735.3
19414.3
18953.4
20796.5
23317.1
20394.6
14162.1
29449.3
14931.4
15109.5
28992.9
15298.2
10404.2
14900.1
16153.4
12741.1
19856.6
6398.72
32335.8
26201.2
13165.5
32433.8
11449.3
10725.8
35672
13191.8
21695.4
22114.6
20110.4
14365.6
19958
13129.1
32425
32833.9
12415.7
31679.9
20256.8
19252.4
33365.8
24575.7
24633.9
17270.6
23856.8
27015.7
35214.2
21123.8
33735.5
19523.7
18999.4
28154.1
21498.9
20505.5
33416.3
28243.4
20310.2
19269.5
29041.1
25806.6
11839.7
22692.2
26327.3
19944.4
28554.7
27366
16037.4
23135.2
20334.4
9039.76
20277.7
31029.4
13854.3
15395
8930.8
15131.4
21439.6
35683.2
21343.3
28226.2
21458.1
23881
24460.2
21613
15179.8
25910.6
29229.2
26423.3
15576.4
27424.6
26355.6
31644.9
34082
35362
13720.4
18746.1
22657.1
19254.4
36489.1
16178.8
18663.3
18712.6
19447.6
27715.5
11963
31967.8
22183.8
29331.2
24552.1
35940.6
22459
18127.7
25353.6
18388.6
24385.3
20148.4
19904.1
17519
23626.2
26406.4
21021.8
19845.8
27831
12623.3
24546.6
25005.6
14872.2
14598.9
9547.12
13635.4
20528.3
6452.8
10066.2
18031.6
44683.5
14714.2
26654.6
21557.4
20232.6
16351.8
34478.3
21140.6
15444.8
9815.36
16392.5
25403.2
30080.1
19683.8
27204.5
12050.2
18270.5
17839.4
23590.2
25973.8
31458.8
9831.76
34404.9
26401.1
15805.8
22795.8
24988
26328.6
19472.2
29705.4
23135.5
26807.7
12442.1
21684.6
31357.2
18882.5
31887.2
14329.5
9674.96
20896.5
21937
42052.2
20592.5
18330.5
23206.6
22710.2
29710.3
18977
27842.8
28582.5
14299.5
18780.6
16747.4
41654.3
23125.2
24843.5
14749.6
19548.5
11487
19325.3
31496.7
26316.5
27634.2
19400.7
20969.3
37936.8
24320.8
19016.3
38228.3
11304
28006.8
21344.1
11383
22049
11980.8
37234.7
15685.6
9403.52
25108.3
12441.5
20645.7
40145.5
18831.8
20987.7
27427
10016.9
18765
17999.1
26965.6
13464
12521.4
20281.6
30563.1
15744.9
16276
15817.5
23029.4
20193.1
20207.4
27696.8
16091.5
12968.8
18306.4
22875
29936.6
30127.5
20103
30070.7
21556.3
26641
18819
19039.7
15746.7
20487.1
27598.3
36386.7
6437.36
42609.5
20271.4
25299
22100.4
14522.8
10602.2
19340
10854.6
22119.9
26175
14763
17936.3
15953.2
14862.1
12860.5
21309.6
24031
17963.4
12555
26787
19364.2
16632.5
21791.6
13000.7
14810.6
16766.9
19437.7
26039.7
17390.9
25646.8
20089.1
28918.2
15186.7
15707.5
38238.4
15088.1
27882.5
22713.6
24365.4
20691.8
15639.2
17221
13402.3
31069.4
23356.6
28668.9
15464
16572.3
19160.2
25127.6
17747.2
12582.4
18818.8
51321.3
19349.4
16851.2
20668.7
20754
15337.4
10251
19400.3
27157.2
28436.6
18050.1
12679.4
15737.9
18293.7
27651.2
19979.6
17989.3
17043
14136.2
20180.9
25732.2
26836.2
15496.6
43205.6
15409.8
20089.2
33098.5
13462.9
27266.7
20091.4
23671
29061.8
22304.5
16882.8
17634.7
22480.8
24825.5
29939.5
13575.5
12764.5
16052.2
14662.9
25212.1
11558.3
21861.3
11935
24930.5
17555.3
17226.2
10890.6
13069.8
23952.6
18532.2
19181.4
16948.8
12056.6
10626.9
20234
24249
10695.6
10260.2
32608.1
18240.2
14944.8
15832.5
18201.5
15767.6
19821
36306.2
28831
23705.6
15696
12798.2
15676.2
17757
13534.6
19900.3
21796.6
11228.2
13381.6
13577
21517.3
15767.2
15985.4
11797.6
25854.4
16908.4
21643.4
12738.6
18234.6
27584.3
15379.9
12478.2
9870.48
20047.1
23723.8
26819.8
22708.2
18051
21115.8
24742.7
15004.6
24044.6
40956.3
24921.9
19320
13512.4
10321.6
22419
16128.5
22854.1
22832
24341.5
25680.1
22536.7
16731
26389.2
19599.8
18512.5
16584.2
24009.1
15506.9
30676.7
10777.8
16353.7
30752
14679.4
8866.8
26556.2
16067.8
32920
22455.7
11876.4
23472.6
16958.5
19500.9
29690.5
29058.6
22776.7
23118.7
22197.5
15463
30401.8
21197.1
21540.6
26309.5
22192.1
19156.2
28944.2
34715.4
23335.8
16139.9
35443.6
10923.8
17864.3
39054.7
16188.8
29109.9
21574.6
19926.3
29060.3
28763.7
11267.4
23031.5
19955
30135.4
31028.1
29989.6
12579.9
28865
17471.5
17132.6
26211.9
18171.2
43221.4
14949.7
27191.1
9017.84
13219
14481.8
20508.6
30931.5
17070.8
19089
16397.4
28092.5
16635.1
20775
10704.8
13931
30561.1
16930.4
20564.7
22036.4
19222.9
14008
13339.4
19659.4
14498.5
25306.6
16169.5
18591.6
13377.7
14359.8
32239.3
32115.7
32575.9
23299.9
20329.4
11912.8
14388
42071.6
23508.3
17189.6
17619.3
23317.3
8987.36
23131.1
34989.3
22881
14359.1
16473.9
23485.4
16097.5
26132.1
17309.4
23402.2
14469.8
32454.9
15567.3
25922.9
22173.4
30470.4
19562
17105.5
33791.8
41028.6
18237.5
30605
22348.7
15488.7
18261.6
36819.9
25400.5
22753.4
30893.8
22188.6
17560.8
12566.4
18356.4
25310.7
14816
17836
13262.2
17107.7
29127.7
32554.2
20399.9
26802.1
16357.8
24039.5
17843.6
24260.3
17902.7
16888.2
15969.1
23462.2
23023.8
21684.9
21664.5
24855.5
22487.9
20197.8
30243.3
25734.1
20382.9
15817.4
15909.4
23857.5
21204.7
31124.1
30479.8
20840.2
20353.8
30385
15843.9
17937.3
20901.8
19130.7
13930.4
28488.7
20706.3
12221.7
19767.2
20862.2
17950.4
26023.4
13384.6
15682.7
20874.2
19011.3
19207.8
16970.1
11632.6
21212
18517.7
20120.2
19677.8
26971
21139.4
25341.6
18548
20977.4
18364.9
30272.4
40164.2
22750.7
14749.3
22991.8
22788.5
21639.1
14152.3
8461.36
19626.3
20248.6
22421.8
28618.9
23752.6
13299.9
18232.9
22705
18854.9
11499
17057.5
17037.4
27787.2
25152.2
22304.5
20694.5
11703.3
29787.5
16487.5
20811.4
37653.1
22688.7
17943.4
12633.1
14217.4
32104.8
25384.8
20828.5
40341.5
27125.3
16953.8
9477.6
17285.7
26788.3
26062.3
19228.7
18610.7
17592.1
21286.8
23361.2
21601.8
24618.3
14528.6
13256.3
32943.5
16640.6
16767.7
18723
12499.9
15836.8
15262.9
28503.1
32111.7
11428.2
29524.2
10388.8
19452.8
24995.5
19525
20171.5
28801.7
2410
17862.4
21572.6
21136.8
16057.1
8350
14796.4
13765.4
13248.2
16853.3
15185.4
18291.4
23449
34565
23197.8
12926.1
14604.1
20649.2
19702.2
19201.4
31361.8
26532.4
13049.2
18996.2
20971.3
11314.1
22590.7
21600
15648.9
13523.1
38149.3
39433
20756.4
35517.5
19605.6
12448.6
20504.8
25488.3
20574.2
31171.7
24752.7
21772
8867.84
21713.5
17775.9
39074.4
23702.4
19950.5
10217
10794.6
17854.2
21932.1
19833.7
30858.4
21098.2
14007.8
13991.4
14173
26053
20233.5
22553.6
17432.9
12609.7
11539.4
18774.2
29012.9
33158.6
20180.6
8250.4
18376.6
17338.6
17236.2
20392.3
14437.7
21574.2
20514.6
16822.6
15265.5
17451
17016.9
27562.3
29808.2
20177
9865.28
16154.8
12442.5
19518.2
32734.2
24825.6
26732.9
26664.2
10975.4
19842.2
31412.2
17209.2
11550.1
12284.1
24562.3
20976.4
12587.1
21978.7
11636.9
27860.5
19181.5
24583.1
12719
23531.4
15919
10151
17498.3
27975
42453
15802.9
23693.8
23653.7
14158.8
15255.4
23864
16615.5
29729
25791.8
20982.6
14959.9
37268.2
18292.6
15443.1
15182.5
21425.3
24936.6
22015.7
17175.3
10052.6
28744.6
26178.3
29565.7
22654.7
22204.8
10764.7
19462.1
10530.9
29510.1
18235.4
23623.6
20591.5
18618.6
10279.4
18181.3
21512.8
19377.5
25602.1
34568.9
14791
24825.4
16565.4
15001
17295.6
10185.5
20473.1
27111.2
29887
13661.5
23994.9
23832.8
14902.4
25798.8
21584.2
22091.8
22398.7
25834.4
19504.9
19182.2
12895.3
20209.6
33594.9
16568.3
28289.4
15141.8
21586.3
17106.6
28167.6
26419.9
21154.7
27626.8
25411.8
18380.5
24221.2
28838.6
22412
19444.3
25846.9
19564.9
22175.6
18006.9
19412.4
10353.6
17765.6
21384.2
18745.5
15551
18167.4
26216.5
18398.8
21537
18591.6
14928.8
19039.7
27378.2
16229.9
17702.5
27841
23871.1
14028.6
33179.9
15859.4
21355
12763.8
23104.5
33889.8
18721.4
18798.4
10283
26209.8
26164
22132
19638.1
20092.8
21953.5
18262.1
29393.3
14425.4
19275.4
11424.6
17698.3
14942
19504.6
32326
25614.8
24272.7
15375.1
30794.7
24230.9
19407.3
20797.5
22117.4
19326.9
14189.4
27499.4
17091.1
33236.2
19771.4
24601.8
20503.3
14799
23821.6
19758.7
18560.3
20854.2
29205.1
20221.9
29143.8
14559
23088.2
34991.4
30287
23037.7
28326.7
15387.3
25553.8
42989.3
14980.3
10612.3
24414.5
23489.2
21548.2
37822.2
31695.8
46359.6
37152.7
30682.6
19016.5
26918.2
17177.5
29527.1
25255.1
22274.7
33260.2
19211.4
20639.9
23693.9
13903
10848.9
18179
13897.8
22397.1
37391.1
33831.4
12432.2
29395
17512.6
21838.3
21558.5
19471.7
33594.7
17433.2
28186.3
28075.9
17838
23092.9
16943.4
16312
18272.6
10990
10369.9
20154.2
18653.2
19787.9
18952.6
17968.6
23847.3
19666.2
13803
25307
21967.2
30651.7
24575.3
23661.5
12736.7
24265.7
18528.2
25566.6
19615.3
18648.9
25867.4
15051.1
35535.6
18119.2
22290.7
16153.7
15646.2
30835.1
23733.1
22938.8
15470.1
22697.1
19940.2
21759.4
20325.2
15139.4
13950.3
16823.3
38668.9
20852.6
21771.8
31623.3
23905.8
16550.1
25260.2
25842.2
24910.4
11756.6
19840.9
26708.4
16641.8
37275.6
13525.1
22442.2
15392.2
10966.3
22094.4
26007
30956.6
10607.3
24984.2
26988.8
15894.4
14371
18684.5
29875.4
16275.3
22452.6
21492.8
21355.4
18731.9
18008.6
21678.2
24910.6
11143.4
26718.1
20054.9
15373.8
19642.3
20629.8
26450.5
24051
33762.6
28796.2
16787
19894.6
22772
20996.6
13916.1
15980.4
15584.8
21776.6
14961.4
17946.8
18927
19950.2
20113
18789.1
20940.9
21110.4
24230.1
15807.4
27145.8
19055
16534.7
11072.6
21479
25717
34593.9
10331.1
21430
38069.4
26300.2
9447.28
13833
19840.2
21342.3
25342.1
15499.7
10200.6
16312.2
19906.3
24726.5
29532.2
22570.1
13304.1
14099.1
24214.6
20743
11918.3
11107.2
11916.9
19768
30007.9
15540.2
19141.7
12263
22086.9
16762.9
21595.1
18295
10939.4
14267.4
20668.1
19383.5
10028.4
31692.2
12628.5
13966.6
8406.16
12853.6
23111.4
13955.2
29074.6
18745.1
29243.5
14323.6
15834.4
17969.7
14975.4
13793.4
19587.7
13198.2
11923.4
16226.2
24499.1
17513.5
12751.7
23887
14654.9
28700.5
24079.4
30745.6
15996.2
25102.3
23170.6
13519.4
34823
21931.1
26794.6
15917.6
26003.8
19979.4
21556.5
17409.4
32064.4
13414.7
13692.7
25531
21312.2
21582.8
22446.2
21590.2
17673.6
31457.8
26699.7
16765.4
13972.2
21983.8
27851.8
26761.9
36703.7
16310.2
24066.7
23078.5
30694.3
19256.6
27000
21520.3
28184.8
16368
15741.8
41897.8
25265.8
32914.2
20412.1
27563.7
15917
18372.1
20539.1
19601
10853.9
27961.8
19260.6
19332.6
26292.2
20512
21149.4
21399
15858.6
22452
27895.3
22953.4
21012.6
22153.4
16622.5
15491.8
17106.1
9474.32
17005.9
16066
35107.5
16477.1
14892.8
24546.9
27568.2
20816.9
14773.3
19665.6
16348.6
14859.5
24918.6
18280.3
20505.8
16993.7
24305.3
18354.2
20619.5
17097.7
24611
27786.7
16252
20397.8
17100.1
20683.3
15963.2
26206.2
12489.9
28940.1
18634.7
21124.9
11774.6
19214.4
20616.8
16011.3
20486.3
18666.5
12802.6
18759
20776.2
15948.8
16798
19620.1
18271
20954.7
36532.1
20912.6
15845.9
17327.4
27045.5
19151.8
22208.6
28582.1
13266.5
10203.3
35510.4
25812.7
38107.6
15881.3
24050.4
31845.2
19521.8
24528.3
28704.6
19782.4
29527.5
36272.4
49830.5
29932.9
15880.6
10879.6
25428.5
21255
25190.2
28157.8
17177.4
16254.6
17509.8
18295.7
24066.1
26847.4
35309.8
13968.4
18871.2
17663.8
29566.8
16439.5
20649.7
14445.2
32887.8
19262.2
19648.6
37461.8
28191.4
18728.2
18140.2
33931.3
16950.7
21684
30445
15636.5
18612.2
21482.8
20931.3
13730.3
19097.4
26833.4
36598.7
36814
16854.8
12094.4
15374.6
23111.3
23087.4
18056.2
12896.2
34423
8904.32
20586.4
18824.7
18790.7
32631.9
21317.3
26022.4
24276.6
18913.8
8526.4
16124.3
11595.8
22167.8
23721.1
14513.3
27185.4
31208
20473.5
25845.4
20557.7
23949.1
14545.1
18342.7
14089.9
18653
20815.1
19420.6
14434.2
19207.8
17447.2
25584.2
15079
12770.8
18211.7
19343.2
39431.9
19597.5
10167.4
12511.8
11437
14840
19783.2
17123.5
18731.9
14035.8
10996.5
15611.7
18079.4
32563.5
11187.9
23119
17317.6
30999
20333.8
20529.4
15931.3
17960.2
16068.1
13595
23400.5
24720.9
18338.9
24434.3
28193
29451.8
14821.1
18679.7
24539.5
24336.2
19130.2
16362.2
21844.2
22924.1
22857.6
14905.1
17766.6
12566.6
18697.8
8128.72
26173.8
22093.1
28987.2
32743.3
19501.4
21502.2
17334.4
39181.1
22609.9
15081.2
28593
17930.6
22534.6
42436.4
33933.5
22641
28783
20245
29568.2
30914.2
30102.5
26202
14948.5
18900.8
13260.7
31654
32172.8
20028.6
24636.2
26108.3
18411.7
23464.1
33177.9
21051.8
18999.3
26450.6
27186.7
37682.2
24867.8
19371.8
18342.5
32571
21410.6
23401.2
26709.8
23646.2
29709.5
29353
24069.2
19709.9
13413.8
20165.4
27972.2
28633.8
24004.2
22589.5
18493.8
33257.4
24077
20822.2
28242.5
15534.2
13776.9
20288.6
22130
23986
14672.3
15953
22131.7
20726.9
22889.5
12014.9
21195
21885
20369.1
32910.1
35008.5
16375.2
26787.1
28987.6
24783.4
20147.8
21298.8
13440.2
20653.1
23659
16020.5
20617.4
19008.4
38141.8
16129
11719.4
33874.1
18278.4
17391.9
18128.2
28166.1
28546.2
26176.4
21529.3
19165
27233.4
26100.8
29365.4
26871.3
27860.2
14096.6
17693
25014.6
26330.4
18125.2
37013
15873.4
24125.1
20520.4
15935.4
21876.4
25909.4
11054
22860.9
27537.1
21571.2
25816.4
30577.3
24395.1
43189.8
24007.8
22068.3
24847.5
33882.1
24689.1
25802.6
33349.8
34905.6
31270.1
29725.2
30374.6
46171.8
23966.6
14802.9
28197
23159
26443.3
38953
22914.1
27305
25082.2
19918.9
22534.3
20861.6
29443.7
19540.4
17916.2
20169.3
29497.8
19498.6
21249.8
27248
27189.3
24477.4
14151.9
20528.5
19309.1
15513
21455.3
16746
15990.9
15402
15803.4
18860
28243.8
29688.6
20239.4
17607.7
17998.4
13462.6
22129.8
18544.1
21589
27850.2
22701.4
19406.7
33158.8
20090.6
20529.1
23514.3
16175.4
33802.5
15792.8
19739.5
16928.3
23380
17462.4
16338.8
23245.4
16441.5
20588.8
10808.4
10405.5
19021.8
18027.4
38629.6
16055
22445.4
20218.3
37106.1
28197.6
37815.9
30861.4
18201.2
12744.2
19035.2
20748.4
31852.2
39911.2
25725.4
19018.6
15238.4
33102.5
24104.3
24659.8
28777.8
34332.6
20380.7
17793.9
12815
20519.5
19564.8
28395
28137.5
12371.3
23619.9
20542.9
11930.8
21852.2
30227.4
13437.6
15679.6
11691.6
14594.2
39395.2
30115.3
29479
20504.2
14165
27527.6
24142.3
16372.6
17918
29219
26905.9
23403.9
14405.2
24155.6
26555.6
17498.6
13581.3
17372.2
19711.9
24046.3
25963.2
18159.2
23332
20808.8
26631.9
29179
26536.9
8428.96
29220.3
17788.6
17541.9
23736.1
28318.4
17356.4
15003.4
17065.2
32278
19132.2
38009.1
17439.8
16855.4
31340
32676.4
25947.8
22615.9
30110.2
28999.4
25445.6
20138.5
21088.2
16007.4
31316.1
37554
30831.9
16629.4
16968.2
30901.8
21391.4
25393.3
28054.1
20206.6
14003.6
21009.8
19564.2
21845.1
26986.6
23783.3
15389.9
11334.7
22564.3
28217
36444
45201.3
18704.4
12101.1
17226.8
27647.5
20376.5
29543.5
12401.1
16315.2
27662
22452.9
24101.5
42490.6
24027.9
50261
18887.7
30499.8
18141.1
22462.6
13253.8
26694.3
33328.6
35011.2
22453.3
20190.3
24225.1
26639.2
24037.8
24494.9
25786.2
16697.1
31716.2
29733
38916
19121.2
20942.1
24478.3
22004
23695.8
22576.3
20121.1
18625
16629.4
15849.6
17980.5
15296.2
31166.4
20202.2
27337
16911.5
12176.4
23115.6
21409
21077.9
10882
22899.9
17525.8
13562.7
18672.1
14718.5
22049.8
27908.2
19315.7
20132.2
26852.8
32880.3
14616.7
21023.9
20053.5
25398.2
21162.1
20494.6
13013
19514.9
19469.8
20577.8
26106.8
14789.4
16493.4
26139.8
25536.6
25645.1
24662.6
13681.9
32627.6
22583.9
32345.8
14817.5
11090.7
13954.7
24718.5
30311.9
19641.7
22801.9
23462.5
27776.2
20890.4
33038.2
15807.9
8779.76
21970
26799.4
33832.7
26516
31367
17895
13113.4
11705.3
16911.4
19680.2
43797.5
23617.1
19640.6
23753.3
19366.1
18256.8
24150.8
30918.9
17883
20594.6
18080.1
28616.1
16779.9
23521.1
12087
15755
13845.7
26931.8
18573
23045.3
16073
19012.2
14668.2
33395.9
20757.3
22118.5
21509.6
11200
23594.7
17726.3
23020.7
23030.3
12459.8
11651.4
20289
24313.1
33137.4
35416.4
15806.2
9070.96
28347.7
16435.8
18863
11662.6
10839.4
14891.3
14541.1
18571.9
23635
16976.8
20063
13213.7
26067.8
17572
29378.7
33208.5
17709
16046.9
37066.6
41387
31627.3
22962.5
24843.8
25323.7
17551.8
34516.3
21091.7
22028.9
39476.2
29306.1
20619.2
16245.6
29444.6
27112.6
20887.5
20407.8
14233.7
13534
14895.5
18325
18863.9
18709.8
14363.2
11888.9
27091.4
15122.8
17225
14260.2
13367.4
18013.2
20800.2
23530.1
19046.9
18324.3
33160.2
20548.2
17877.3
15497.8
30268.2
28846.8
24845
13634.7
18887.7
16691.4
20948.5
24300.2
18783
14322.6
16462
30616
18089.7
16130.3
17555.5
28827.8
24816.7
22213.3
21347
21703.2
8070.48
24427.5
17396.2
25967.6
32830.7
17373.4
12805.8
16138.2
11349.7
24599.8
21437.6
19400.2
17823.5
11424.8
13865.8
19566.7
17526.5
8886.48
10242
12083
12020.6
20560.3
18696.7
27920.6
23261.7
14455.1
22806.9
37601
14439.1
24152.1
29382.4
20949.9
20643.4
24689.1
22902.9
23016.3
11807
22513.1
26020.2
10089.4
19516.4
34917.2
28457.4
30823
19911.9
19121.6
6968.08
16792.1
25168.2
27291.5
22528.5
23223.7
21450.6
22482.2
18947
25527.1
28428.9
33643.3
26021.8
31636.7
19964
34437.8
30171.5
17350.9
18243.5
20116.5
18850.8
18765
23104.7
39563
19124.6
28786.3
17708.5
14824.4
35016.8
23348.7
25387
28455.6
16889.4
16948.7
14774.6
19828.9
45090
29032.3
15620
19871.8
7954
9550.24
22711.7
29056.3
30980.3
23792.3
26948.9
22537.9
26497.3
20843.2
49650.2
32104.6
20371.1
26380.6
27226.2
25455.5
16034.7
31433.6
23393.8
22184.9
18996.4
26954.2
19800.8
28071.2
28834.6
30365.6
13177
19976.1
25129.1
26903.8
30491.3
14451.9
17129.7
25362.4
27556.2
27649.4
28442.2
9272.96
17139
13916.2
22816.5
32422
14022.4
30997.9
27848.9
13513.9
13097.5
32964
23905.4
31665.6
15778
25592.8
27167.4
19767.6
24636.6
32433.6
16680.2
18576.4
18897.8
16876.2
33148.4
29345
19847.8
19244.4
30661.2
26755.4
23682.1
19047
30722.7
15996.3
17077
41074.7
28597.1
15804.7
22715.6
27737.2
14378.5
28954.2
25048.2
16822.1
13114.3
25709.4
17380.2
19461.4
26518
25597.1
15905.5
13188
17302
19093
23441.1
20663
25554.2
10564.3
17333.9
17715.6
25080.2
18855.8
17350
16094.2
23923.5
26610.6
20388.4
25709.9
18988.6
26627.9
38638.6
19515.6
22256.6
16201.6
22548.6
21171.1
23092.8
20323.8
29039.3
20635.2
29179.7
27930.7
31214
14500.7
23738.2
17101.5
30353
27869.8
31475
16324.2
24966.1
20357.8
32990.5
18799.8
20363.7
33419.4
18257.9
24982.9
15365.7
13008.6
19188.2
26424
19556.9
23948.4
18470.2
19457.3
22990.3
19911.2
26225.4
20067.4
23838.1
19577.2
19234.4
17968.6
16675
14981.2
19821.1
14528.8
21591.2
16148
23984.9
17745.6
17463
15904.6
27536.4
10409
12688.6
25799
11648.5
14568.6
26435.8
23899.1
21692.2
14366.8
14925
9462.56
23665.4
32576.6
29514.2
20073.1
22748.4
22753.9
25305.4
23070.5
26891.8
20160.4
20472
16259.4
18094.2
19177.8
23802.8
12205.4
25866.6
15620
28581.8
17059.9
19394.6
14395.8
11645.7
11281.7
24862.4
16833
23823.9
10103.8
5969.44
19096.5
15929.4
16592.2
19124.6
23720.6
15153
28980.6
15912.8
19262.5
19117.1
9444.16
20328.4
33218.2
17699.3
17374
13314.6
28371.8
16067.6
34389.5
16404.4
13853.1
11629.5
21244.8
7896.48
17380.5
28917.6
24585
16030.6
16605.9
23776.6
21290.1
29803.4
15600.4
13637.7
18044.3
26150.4
21933
22945.8
32677.1
14956.4
15064.2
15196.6
28398.6
33288.7
23525.1
14234.6
14412.5
25316.4
23635.3
21438.4
21498.2
20049.6
25825.1
18919.8
18253
24869.5
20385.7
23559.3
17085.2
13552.2
18475
27171.5
17381.5
13528.3
20973.3
21121.1
15156
16406.2
7280.8
19099.3
40979.3
36363.4
17917.5
10161
10765.6
17233
24004.2
29881.3
25125.3
43034.1
18722.9
18506.8
20972.5
13535.3
15594.2
18762.7
18619.8
24926.5
24874.4
30338.8
16557.8
22218.1
25022.7
25782.7
27926.3
27155.5
19033.1
21889.4
17489
31050.8
31621
28239.9
27204.2
31959.8
28676
14799.4
14235.4
24458.9
33633
26892.7
10483.8
22967.1
23085
15216.5
18537.7
29989.8
17395.2
24437.6
16273.9
19070.6
17392
21651.9
19660.6
15161.6
15169.8
17309.6
13059.6
23232.5
23869.2
19832.4
11168.9
18654.9
16611.9
34808.4
27316.5
23211.7
19217.9
22356.8
29232.4
24107.3
19560.2
20144.2
15271.5
12888.9
28741
32306.6
30922.3
11419.8
27372.8
14792.2
18905.5
20301.8
14705.5
10339.2
16891.4
13192.6
30664.6
20334.6
19844
19018.4
12854.1
14954.9
11017.9
18687.1
25363.4
13858.2
18495.1
11059.8
12814.3
26537.4
26988.4
34590.3
24276.1
21882.6
28635.3
21788.5
18393
21365.9
25682.9
16884.2
16606.2
31678.5
19405.6
20696.5
19051.1
16086.2
25404.6
29618.7
22287.4
24406.3
17984.7
17282
22184.2
18732.8
29398.2
34298.9
14177.5
18761.7
16457.8
44188.5
25196.7
30513.7
16663.4
19307.8
15398.6
27947.1
21473.2
22392.7
18306.8
24425.4
14712.5
14937.7
34769.7
21146.5
30015.4
13029.2
24183.8
17842.6
19589.6
20370.8
23418
17063.7
15571.8
23000.6
26846.4
18817.5
22958.2
24688.4
15183.1
11665.9
22194.1
20033.2
32573
17921.8
19406.8
15197
28210.7
24387.7
17970.3
24821.4
17138.6
18188.6
25710.4
21535.4
22011.3
22616.7
24313
22835.7
27264.5
13030.9
18327
25524.8
15082.6
26017.2
35459.7
22101.4
21055.6
22268.7
20065.3
22128.6
19178.3
26776.8
21675.4
35659
10850.7
23024.2
29246.3
20580.1
17245.8
27703
26795.8
26518.9
27009.5
30153.4
21439.3
16851.3
27859.8
28882.1
29893.4
27554.2
18260
23782.9
22194.5
20867.8
14798.5
21477.8
28847.8
25481.7
23363.9
16487.1
42478.9
19112.1
17524.8
30455.1
20367.4
21285.8
30199.9
30407.1
16540.1
28224.3
23296.2
22725.3
21633.7
31930.2
22677.9
21268.4
25883.1
20756.6
18920.4
20714.6
32160.2
33400.6
17207.5
20137
20688.7
14890.4
22522.2
31131.8
27369.7
19973.2
16873.2
18801
20956.9
26960.9
26226.8
24497.4
20576.5
14217.6
26858.2
20748.5
34842
19769
24001.9
23752.8
24453.8
31774.6
16997.5
20019.4
18887
23692
24503.6
19829.1
28385.4
21196.1
18885.6
31678.5
16086.6
13825.4
19594.9
9760.32
16092.4
24662.6
22994.2
23684.8
20560.5
13572.3
19484
18941.9
15664.2
30979.6
18431.5
20319.3
21531.7
16271.6
26821.7
18932.3
35357
19721.6
16377
21952.6
24448.3
25092
18830.4
15639.9
26905
18230.9
17903
29937.4
14526.6
33004.5
24761.8
36011.3
30786.5
26031.9
29932.2
18092.5
16006.4
18976.7
31318.2
16954.6
27164
15203.2
20703.3
26134.4
26870.3
15708.7
28503
13774
38509.6
29327.7
12513.8
24891.4
14310.6
32230.6
34367.4
23141.3
19164.7
27032.9
26257.1
15142.5
41382.7
29629
34604
16777.7
26233
28690.2
32945.8
36288.8
18188.1
18453.8
22132.6
20581.2
27729.8
25625.1
33003.4
12900.5
30283.5
17663.9
24914
23767
26866.2
18542.4
18041.4
13782.3
29702.6
17567.4
15454.3
15461.4
31654.7
15348.2
14963.8
17711
19371.6
25364.6
9169.76
14485.5
17113.4
30329.2
17795.7
18279
18032.2
25968.8
19104.9
10114.4
23359.8
24645.4
25828.6
13011.8
22819.9
14988.4
24817.2
26948.2
22736.6
20993.4
16649.8
17725.9
22601.1
20684.7
13703.5
19850.4
13555.4
32337.3
19385.1
14659.4
22666
16704.9
15152.1
15778.4
15480.9
17760.3
32845.7
17906.7
17507.9
24095.9
23920.8
19042.4
14352
20794.2
19361.6
23190.7
30909.5
23996.3
20379.5
16454.6
23369.8
12159.7
31647.1
15513.6
27470
28215
25152.6
21403.9
22411.6
17032
23340
14765.9
26397.3
51497.5
21363.4
15721.2
32989.4
14389
21527.4
21577.8
24190.2
27197.4
21579.3
26299.5
43988.8
18887.6
32019
24856.8
15315.8
20173.6
19262.6
18282
23273.4
22980
40394.9
23086.1
29416.2
25029.1
22250.7
21605.1
21050.4
37701
21703.4
29244.1
26482.3
27310.7
24114
25573.9
17517.2
18891.7
35605.7
45886.5
22491.8
22782.2
13363.4
20040.6
25568
30321
18893.6
16542.3
18857.7
33235.4
25047.2
20974.2
11035.8
18809.8
24468.9
23126
24911
20837.8
13721.8
27754.1
18145.1
24435.8
11781.4
17210.7
20573.4
18509.7
9835.44
18972.8
11781.5
17591.4
19653.4
15570.4
14367.4
31121.5
14047.2
6037.2
17702.6
20696.6
21312.9
26253
13128.8
6450.4
19954.4
18547.8
36571
35497.6
13144.9
14092
21699.8
23868.6
20654.8
26404
31331.8
15869.4
19963.8
47965.7
28870.2
24028
19787.9
25301.8
17182.2
25344.6
35020.9
23728.3
36320.4
17428.2
31551
19614.7
28747.4
23040.3
20710.2
14312.2
25565.6
23519
10728.7
32160.3
20989.9
16866.1
20356
38183.8
33165.4
25191.8
20376
35334.9
25591.1
30715.4
43523.2
22389.4
16463.6
20202.1
34622.7
38439.2
21654.6
18523.1
25306.4
19313.6
26065.8
22401.5
30516.1
23729.6
14987
18127.8
15844.3
27667.8
21415.3
12444.2
13386
27773
20231.3
27803.8
27732.5
12580.6
25784.8
12556
29602.3
16644.7
26610.1
21377.9
17964.1
18072.7
19542.3
11655.9
28793.3
13284.1
27093.6
24217.7
15767.6
13833.7
19035
23882.9
26747.5
13204.4
25090.8
26554.5
23317.9
34580
13824.2
12258.9
27529
32040.3
9468.8
26323.4
23922.6
20792.7
16582.1
20496.7
23693.2
23072.2
18078
20639.3
20319.2
28079.6
28595
14909.5
17777.4
26894.6
16735.8
22455.9
31118.2
14937.5
25250.6
22141.4
20629.8
23385.4
28936.3
37712.2
21596.7
16242.7
22447.4
21370.1
17962.4
19894.3
23643.4
28473.4
20313.4
20473.5
20629.5
13992.6
20826.2
28905.1
11293.7
13504.1
17691
12913.5
16426.2
18078.8
15552.4
15399.3
11616.4
24357.1
24949
17981
24373.8
33946
17287.8
29196.9
24061.7
16951.4
32981.6
19271.3
20293.3
38076.7
24371.2
18891.5
20651.4
19886.9
33710.1
36771.3
23666.4
15573
18440.6
16105.6
31104.1
22973.4
36026.3
39439.4
22345
14189.3
24191.7
21089.1
26781.1
21757.4
23368.2
17901.8
32502.3
27033.7
19628.2
41746.1
27823.7
24375.1
16861.8
23346.8
28216.2
16297.5
19501
26719
11313.3
18724.7
25439.8
25426.2
26788.2
26420.6
19412.2
15335.6
33177.8
10760.9
19944.1
22605.4
22634.1
23732.5
38797.1
15353.5
16239.4
17131.4
16800.9
27075
19728.7
29231.8
15376.4
14332.6
18652.5
19284.2
17916.2
26985.7
25513.2
20008.5
13396.8
26301.9
26964.2
28021.4
25558.9
10066.6
11973.7
22876.7
22707.9
23139.1
18715.2
19858.1
19145.3
19398.8
26966.3
17459.7
26727.4
18082.8
20956.7
13536.9
39412.5
25713.8
22644.6
26108.9
23117.7
24637
29168.8
16801.2
13835.4
21817.2
19487.4
27119.1
17788.6
20024.4
16436.2
37721.8
28959.6
30471.6
17764.4
17299.3
21221.8
24473.3
36393.4
29009
20699.6
24465
22677.4
15879.4
27345.8
29727.5
23755.2
28665.4
38851.8
16070
15697.4
23236.1
23281.2
23315.5
31997
31775
32421.1
33420.7
23984.4
15918
15312.9
18803.9
36868.6
42800.2
29150.6
24079
37091.2
27000
28002.6
47344.5
30280.8
18037.2
19710
14559.7
25720
36518.7
24238.2
24721
29262.5
8432.08
28234.7
26843.6
58849.1
28772.6
27933.8
16504.9
13538.6
22948.6
29127.2
22951.6
24109.4
15762.2
20233.8
26370.6
10553.8
15138.9
23820.6
26923.8
15651.8
11507.7
13087.2
13831.5
20881.5
31547
10545.7
12206.3
12715.3
10452.6
21427.6
19563.9
25184.6
7840.08
26097.5
7830.24
33840.1
19186.6
14785.4
9788.56
21680.9
21708.2
32721.2
20908.1
14923.4
20664.6
25796.2
18039.7
17995.3
15107.8
29370.4
23465.5
16118.5
15731.9
23909.6
10533.9
17880.8
16875.1
16810.5
13520
16013.5
29620.7
20495.9
17340.7
19190.3
39749.9
28161.7
33036.3
25864.4
20514.7
17140
17079.6
19762.8
33027.4
29215.3
32218.6
19482
23772.1
36381.8
30901.9
28797.1
33453.1
21793.8
17483.7
20383.6
25091.1
20008.6
14544.8
32134.4
15595.8
33197.8
24991.6
27670.3
15231.5
15527.4
22399.9
28041.2
36859
14216.5
17761
26441.4
22944
17729.6
45072.8
21620.5
20433.8
22343.6
15238
24517.8
21521.6
17666.2
22633
20456.6
20123.6
16486.4
24841
30616
33152.6
18557.2
19457.3
22806.3
23769
29065.1
26949.2
22593
16674.5
20520.6
23785.7
28326.2
35376.6
19250.8
24187.4
22227.7
22377.2
12673.2
24922.3
22386.8
19838.2
24541.9
22816.1
25360.9
16470.3
20209.6
24921.9
23687.8
13391.8
18880.3
16427.8
28138.7
28441.8
22280.3
26343
11192.9
17897.7
17926.2
20433.8
22054.3
20535.7
20640.8
15584.2
15390.2
29392.4
26045.2
17911
25673.9
19463.3
20342.5
24078
16524.8
23427.5
22720
17252.5
21535
18336.5
27902.7
33586.5
35203.7
21315.8
20241.9
23823.9
26758.5
17776.6
24669.2
36343.8
27865.1
27729.8
33205.8
21081.9
22600.3
20903
25589
26630
25054.9
22952.3
30842.2
9090.4
28446.7
32210.2
28111.7
14455.4
29008.7
20213.4
24730.6
19360.2
18533.2
19674.1
11667.9
24882.4
20511.7
24838.2
23304.2
31967.5
20575.6
18358.1
13864
28422.2
28725.5
12286.4
20047
20309.3
14005.9
22857.4
42474.7
14393.3
23747.4
19866.6
26589
24456.9
16910.9
17732.1
28051.5
23424.3
24333.4
17528.1
20355.7
22966.9
21075.7
21509.9
24005.6
25247.5
18302.7
29886.2
14557.3
20547.4
17921.4
15278.2
26229
18214.5
29875.6
19356.4
16461.1
21705
19886.4
21980.9
17279.4
17834.1
18681.4
15466.5
21321.7
19412.3
14337
26706.2
13029.6
36359.7
15291
24919
20075.3
20731.1
23246.6
23306.6
25041.8
21888
38640.8
30598.8
17698.2
26965.8
24746.9
14408.6
26955.6
19744.6
35166.2
33355.4
21735.9
17506.2
17011.8
29076.1
28373.2
25522.3
16503.4
25823.6
33912.1
23020.4
16626.4
32212
27443.6
18080.2
20208.1
19931.1
38614.1
36271
15190.6
23990.4
22169.1
18702.2
29170.2
19996
24870
24182.4
22401
14643
40509
29168.6
20090.4
21288.4
29408.6
20733.3
20864.2
19776.9
26758.9
15746.4
12364.7
18789.6
29580.5
18089
26836.1
13805.1
17808.6
12534.2
26014
25403.6
17066
14708.4
19147.8
22474.7
16090.8
21676.7
18118
25755.2
27136.3
33202
22495.3
20618.5
21076.6
21549.1
11881.5
18683.5
17156.1
35102.9
27075.7
17719.8
26263
13518.6
31257.7
29513.7
19701.9
26162.5
26885.1
24166.1
17490.1
28809.1
34520.6
35713.3
31866.4
29682.5
22165.7
21732.1
29590.9
28539.3
16434.6
22662.2
33262.2
18781.6
19772.6
27667.8
20001.8
28055.4
18793.9
15632.9
20466.4
21576.6
37608.6
24666
22711
16221.5
29232.8
46277.8
37357
39584.8
37129.3
26038.3
22137.2
24970.6
35138.8
35274.5
34633
26037
23589.4
29432.2
24722.5
21067.4
34642.6
21486.3
26189.5
20078.8
21278.7
55994.9
15214.2
36518.1
27614
19465.2
22026.4
35922.9
29583.4
25756.2
31607.9
26896.8
25258.5
20955.8
20086.4
23837.3
28367.3
20635.1
25812.2
19465.4
22986.6
26072.3
27219.5
18134.7
33610.3
22053.7
29035.5
20993.3
23681.9
24411.5
24680.3
27689.1
20387
20414.5
20422
24028
25544.8
21221.5
23473
18925.4
23686.4
19597.8
20104.7
25446.2
24263.2
23638
18706.3
14045.4
24854.2
22464.8
32574.6
23001.5
25913.4
21092.8
18162.4
20939.7
27002.3
22717.6
32718.9
20624
21477.1
34228.5
12990
31245.2
40895.8
13231.7
23409.2
22525.8
32366.2
29699.8
34662.7
31755.5
39293.7
20996.2
13658.3
35438.3
19651.5
18140.8
14721.3
27272
31107.2
14979.6
24795.4
41546.6
23819.4
26681.3
17956.6
16880.2
18147.9
18215.4
24668
18305.1
17807
19239.1
38046.9
23449.8
18618.7
18339
17563
27609
22396.8
15843.5
23124.6
19016.4
29311.9
30093.2
32695.4
18313.4
16756.1
19836.2
21098.4
18437.3
44484
22901.6
22319
35234.2
20089.1
16192.1
26013.1
23728
30501.1
22568.6
22367.6
23452.8
19110.2
14700.1
27178.9
32822
23810.6
36138.6
38485.5
25029.7
20243.1
24295.5
29449.3
18988.7
21542.2
20604.9
26252
24496.8
30595.3
31264.8
30675.8
19662.8
23575
20492.6
20284.3
33789.4
26203.4
18519.7
29451.8
32097.2
27420.2
27115.8
20400
22350
23944.6
27533.4
37403.4
30855.4
14920.7
21737.3
16568
28625.6
26379.3
15392.2
30058.2
30877.8
21479.2
31314.3
24385.8
26482.4
33440.6
18145
19693.7
23783.2
22862.4
35746.2
23988.2
33734.2
22430.4
25996.5
48333.1
24652.9
33387.7
29327
21717.1
40766.6
31247
25510.2
21899.4
51999.8
25405
24108.7
22789
22248.9
31670.2
33062.9
17698.9
45753
16549
27746.8
31429.7
23288.6
23037
13511
19947
25666.4
23743.6
21689.6
22389.3
29629.5
35990.8
24351.4
16011
15663.8
25365.6
32846.3
29990.1
15245
14290.8
27251.8
25463.7
17202.6
20413.9
21446.8
20573.8
17091.7
33735
20786.7
29086.9
18073.4
12320.8
19159.9
16594.2
26429
28361.2
23698.2
21125.4
13156.7
19647.2
23912.2
17910.4
15296.6
22747
10513
26652.2
15496.7
42997.9
22795
8689.12
13236.2
32356.3
27360.2
14627.7
27529
17011.6
25901.4
15414
25780.5
13097.3
22627.9
16808.1
15132.3
20305.7
15926.3
20132.3
10361.7
22222.5
17364.2
18685.6
21592.1
23593.1
9297.68
17982.4
17177
15996.2
16176.5
21527.9
12643.8
14402
15478.4
19183.8
18376.2
20723.9
20140.2
15062.8
16666.6
14753.5
20932.9
12207.8
21798.2
16007.1
13156.3
33624.6
24826.4
15016
15241.1
17253.9
15285.6
16521.8
22284.4
13493.8
17146.2
16672.6
15540.1
18533.6
11293.8
24829.9
16864.9
19891
9811.52
12735.8
15642.6
24954.3
28164.8
15730.3
11224.4
15563.8
20190.2
18350.7
21984.3
16310.7
21115
20438.6
20125.8
19250.2
13643.9
20084.8
14089.7
21581.5
22941.8
26684.5
32283.4
19465.8
20937.7
21188.3
15855.6
16227.4
23127.8
26653.8
29202
27825
11715.6
19366.7
16836.2
26497.8
27675.8
16442.3
17107.1
17442.6
20851
25336.6
23282.2
21135.4
15794.4
13018.3
32579.8
21425
12468.8
20060
17497.8
16592.3
18469.1
22418.1
9532.24
11238.3
15130.6
24853.4
14937.1
11925.7
10394
14959.7
23354.5
13061.7
31856.7
13177.7
8172.24
16949.5
21861.8
15410
17374.7
12603.3
16445.8
18935.4
20393
17479.8
14815
19875.5
23305.8
14855
18648.4
14017.7
32617
17510
18120.7
25052.9
19407.2
8956.72
28244.7
29868.8
34456.9
22604.5
18899
32479.4
23430.4
13652.1
22147
13341
12557.7
22502.6
26407.5
19221.8
27826.9
17220.6
13391
11002.2
18949.9
31608.2
36603.6
41515.3
15446.7
21260
18518.9
27832.8
20596.3
28018.8
17323.5
26623.8
19035.4
26715.2
17162.8
14093
15353.4
15023.8
21060.9
14203.5
18037.4
14943.1
12669.3
12501.7
19559.2
25414.6
24021.2
17307.4
17597.5
15614.2
14762.8
15817.8
10634.3
24435
18679.8
22862.4
22242.2
24331.7
16225.3
18590.2
31340.2
24113.1
26612.6
18589.2
26548.2
15132.8
14679.4
14805
17954.7
31534.5
24736.7
21464.9
25976.6
22346.2
26422.1
9935.12
26353.4
22753.4
21860.6
18682.5
13106.4
21297
21512.6
30559.6
17909.1
10391
20258.2
24303
16373
24205
24825
20934.1
22402.8
23267.3
22151.8
25634.8
17335.9
22422.4
25337.2
23396.2
19634.7
28521.7
17708
26193.4
24326.8
22729.4
22127.4
30975.2
14942.2
21673.6
23682.5
13951.9
25584
15375.1
19227
16191.9
17150.1
18744.9
28151.2
18999.7
12662.2
22821.9
20429.1
28149.8
29789.3
13677.7
9727.28
26325.7
19689.4
15315.8
26942.2
25681.5
12298.7
11638.5
11732.9
19817.7
19005.4
24834.3
15151.8
16511.2
24487.6
28495
11445.4
14825.8
16869.5
19052
21128.2
20330.1
15815.1
20735.8
15477.9
21501.7
36502.6
24090.6
19616.5
15891.8
31118.2
20839
18866.2
19106.3
20704.6
20771.1
20654.1
25313.1
27149.9
29155.6
29819
28376
19461.4
23304.1
30859.4
43273.7
20948.8
16525.5
28471.7
20913.1
16557.9
15301
30093
28545.2
19185.5
13954
17479.2
33803.4
25002.2
16361.8
11157.4
14511.9
16362.6
20117
21944.5
7452.4
21763.2
12951.5
19852.9
22551.4
16486
14129.2
31365
28396.6
16448.4
13952.8
20869.7
17703.5
12482.2
26526.7
27705.5
14990.7
17193.4
38168
16142.4
16338.1
19693
17910.1
15696.1
18476.6
22869.8
17739.9
21374.6
17678.6
16159
30207
17639.1
25073.1
17671
24646.9
17837
11085.2
27833.9
34175.2
19387.6
16881
14711.5
18194.1
22385.4
11279.1
27216
15078.1
35544.6
11945.7
20055.2
19832.9
20245.3
22446.3
21749.3
30081.3
23459.4
15908.3
27244.3
11195.2
12873.4
25509.6
12912.2
25746.4
19054.1
16695.5
12569.3
13109.9
15662.2
14841.4
15842.7
24949.6
14016
16249.4
17925.5
28561.3
18859.4
15772.8
17601
39683
18608.5
23412.7
21348.4
29192.6
22501.1
19683.2
22642.6
20825.3
29256.6
30402.2
20212.8
15160.8
23346.5
27347
19264.6
19579.4
18838.6
11567.1
13752.7
24341
19127.1
17833.7
15032.9
15277.5
12026
12350.3
13630.8
25598.6
16117.2
10819.1
16224.2
18837.6
26463.4
30144.8
19510.3
17875.5
16910.1
22786.6
19779.6
22116.6
19806.7
22436.9
17284.6
21823.5
19427.5
19146.5
19163.5
18779.7
15825.9
12931.2
24918.3
29569.7
16853
25140.1
14786.6
30550.4
20546.8
17619.7
14661
17400.6
13472.6
17253.4
21911.4
14867.8
26571.8
26561.7
28242
15056.4
22317.9
17171.4
22126.6
13847.1
10839.2
18708.9
12589.4
20707.3
17815.4
20994.5
23917.1
17576.2
14959.5
20072.1
18212.8
24002.3
33796.6
24671.8
12335.3
25126.6
26962.2
12039.4
17907.4
19104.2
19067.2
18720.1
21372.2
17772.2
27777.9
20029.2
29829.6
21640.9
19114.2
16068.6
19944.6
32416.5
33806.5
22544.5
18832.5
25153.6
25637.7
37838.1
34616.1
20947.9
23799.5
20752.6
31465.4
17398.3
25504.2
26888.2
18339.6
19666.6
40981.6
21342.3
20131
23530.4
18767.8
24016.6
17648.2
22452.6
16605
12679.8
12152.6
21247.1
26499.6
25193.1
36455.3
21757.1
26033
21171
40643
20724.2
25248.4
32924.9
24582.1
30192.2
24581.6
30900.7
19221.2
22001.8
25908.2
22394
27852.7
16754.8
31316.3
18837.5
30390.8
23791.5
22105.2
20006.4
23595.2
28448.6
23530.8
22609.4
21433.8
35794.2
17965.4
32487.3
29075.3
19857
26437.1
15028
19846.9
21827.9
27838.3
34556.8
22491.9
32430.1
23183
24922.8
32535.4
20393
32747.3
31672.4
36753.5
22559.1
19393.1
32137.7
30785
22233.4
42933.3
28054.4
42998.2
34102.1
20843.4
27769.8
21591.4
25854.4
24610.1
26744.2
41118.5
21640.1
32847.6
23120.2
26786.6
18943.7
19643
30553.1
24803.9
17956.6
27321.3
16753.3
15381.1
32151.3
20189.3
40543.6
23680.6
22787.4
29639.4
23712.7
20625.1
19476.6
40341.1
19941.1
30397.2
26116.2
20492.9
31898.2
23686.8
17998.2
22610.2
24019.4
17773
19039.2
24804.7
18060.6
22110.1
31620.1
24036.7
20343
22071.9
28262.6
24099.2
21406
13212.6
14017.1
17899.5
21182.7
28846.2
22063.6
20777.8
22063
15646.7
21551
31147.7
41964.6
18466.6
12516
17743.8
13606.9
22906.3
22599
25348.6
23929
26124.9
19010.2
22115.4
24564.8
20838.5
18771.4
26312.4
20982.9
22769.4
23865.6
14595.9
17806
15860.1
27133.4
19221.1
14802.6
11984.6
28026.6
24833.9
22877
16781.1
20896.6
14740.2
23830.6
32394.3
24398.8
23971.6
12596.9
17949
23102.8
22820.2
21417.4
35452.6
21066.4
12734.9
22779
21255.1
18930.3
26184
23885.9
13184.6
16666.4
16563.8
18812.2
14111.8
20103.1
15805.9
15861
15667.7
20644.1
20378.6
17806.2
23534.9
25959.8
14675.3
36176.7
16785.4
16150.1
17380.9
14468
19094.2
13633.7
28482.7
30421.8
20188.8
31444.8
15858.6
19874.1
19858.4
25613.6
32017.8
23116.4
18904
26375
20237.8
22073.8
16564.8
34983.4
16880.2
19346.7
25506.4
18556.8
40370.1
18492.6
29338.2
21908.7
16622.1
25584.2
28391.1
18866.6
20667.3
33062.8
24229.2
28583.9
20246.3
27748.8
15599.3
19049.8
30066.8
18180.2
13775.4
35276.9
18989.7
18961.8
41510.7
18961.8
29375.4
21675.2
16663.4
19621.8
15061.7
28297.4
35179.5
18761.9
31911.1
15662.1
18916.1
23332.4
28236.6
22587.4
18881.1
17296.9
18591.3
17638.6
26145.6
27841.8
24301
18175.7
21253
23061.8
26094.3
15813.3
27797.8
42832.6
9923.2
20480.2
22272.8
21961.1
23882.2
23301.3
33515.8
26453.3
22766.1
25562.1
19797.4
24933.8
22839.6
29352.6
20549.4
10193.4
17470.4
26109
15116.4
20009.1
17367.8
25749.9
26536.9
12519.1
19887
14205.3
20870.9
32546.9
13710.1
15612.8
15271.4
26355.4
17042.2
23512.6
18495
11077.9
22198.8
25027.2
20108.2
10248.7
17589.5
14686.1
26621
23889.3
15101
14399
19472.6
31683.5
20027.8
35707
12340.7
28065.2
26669.7
20205.8
24983.6
25600.2
22000.6
30242.9
33993.8
28326.1
19441.5
19049.2
23959.9
19044.6
19449.8
25235.1
18170.9
20683.4
30182.3
18007.6
22288.6
26683.4
23296.4
21843.7
21309
23130.6
20572.5
24829.3
23871.9
24307.4
23397.3
20973.1
12939
20333.2
15324.5
27326.3
33540.2
29738.6
22403.9
18433.2
25196.2
22831.4
17972.3
23937.2
21776.6
17335
19975.4
25031.5
16250.6
26526
21597.8
20961.7
22566.8
25560.6
19921.1
22448.6
12774.4
21045.5
15636.2
31043.1
19318.6
18484.2
17889.4
10009.5
22053.4
18652.7
12384.9
20172.3
22843.7
24827.8
13635.8
15994.2
15832.8
24269.8
20661.4
17495.5
23156.3
22235.4
17317.6
16482.2
28237.9
38533.1
16439.8
19780.6
21879
19105
34401.8
33880.2
17436.4
14257
25177.3
17679.9
20389.6
28611.5
34754.9
16119.1
11973.4
14743.4
18389.4
33886.7
33195.7
28072.5
13788.4
17062.7
12026.2
24276.4
31683.1
21173.3
17504.8
12144.7
16588.3
15957.4
22611
22540.2
24547.1
9862.48
18587.3
32026.6
18368.9
24457.1
21014.9
10731.4
17807.5
13851.5
25548
39986.7
22954.2
19266.6
21800.5
11466.2
20308.9
20347.3
28346.6
17473.8
10123.5
15168.3
16928
16083.6
20935.6
20244.8
17454.9
26423.9
12610.5
31491.7
31484.8
26160.6
22630.5
20412.9
27082.5
19720.1
13940.2
20481.7
22658.2
13283.8
20780.4
25419.4
23080
16926.3
12031.3
13590.8
16250.5
17092.6
32284.4
28034.7
25806.6
18929.7
16403.2
11799.8
21013.8
15530
19540.6
27824.4
15946.5
23049.8
22249.7
21916.4
14572.3
12653.9
26519
21884.1
36674.2
10932.7
22494.8
16459.4
18787
25690.8
16861.4
20880.8
24623.4
24680.6
17021.5
21059.4
17704.6
37579.2
24345.6
21148.1
24468.2
19652.9
18604.5
23470.1
22599.7
18801.1
27608.3
16041.7
24037.6
23627.4
25344.9
26121.6
16785.6
22548.6
9157.28
39519.4
22746.1
14024.7
20312.5
32704
17686.3
20718.2
15181.5
19390.1
14535.2
28604.5
32343
12057.9
34171.3
27804.6
13017.5
25853.9
27786.6
26529.4
20348.6
12772.8
10695.3
13951.3
28599.2
28895.4
16781.9
10240.6
16181
17277.9
18783.9
26749
34096.3
15130.2
9628.48
14537.8
13638.7
43205.7
15805
12539.3
22142.9
11107.9
20501.8
20204
19105
19975.4
10888.3
21264.6
15236.1
19869
21600.6
15150.9
19124.6
15229.1
6828.48
20309.6
27090.1
12539.4
32816.6
14666.6
11388.6
15924.8
21470.4
16211.1
15268.8
26449.1
22532.2
17329.5
22168
18347.8
15062.8
16675.6
13991.3
23757
17858.8
23763.1
15189.9
14824.2
13840.9
15967.4
21036.3
23994.1
15265.3
13097.8
21828.5
12469.5
10645.4
19032.6
22598.2
23465.8
15521.6
12699.8
20586.2
7434.8
19868.9
19518.4
22780.2
19508.6
20030.5
12027.2
31424.3
16988.2
32869.4
31086.2
13995.1
17497.8
30341.6
17163
20785.4
9699.28
15925.2
30058.2
27455.4
26669.2
33763.7
18334.1
9185.84
20218.2
48775.7
19055.4
27782.7
19556.9
28327.9
14902.1
24480.9
13693.9
23765.9
27115.4
20036.3
17129.7
19324.8
16327.4
27579.4
17185.8
19504.5
18450.5
14055.7
30999.8
29696.1
26781.4
18010.9
18746.2
13158.5
13989.2
19007.9
22694.1
16669.6
20784.9
13513.2
22053.4
17583
19569.6
14967.5
27388.2
15446.3
18219
22856.2
27583.3
19732.3
17367.5
25904.9
14819.2
10970.8
21214.6
15827.4
24816.1
21514
17766
17085.4
22556.1
14637.8
27020
28018.9
16935.5
19352.2
24147.7
20603.7
28743.9
18549.7
17091.6
22862.2
24395.5
14741.7
30500.9
27491.8
26918.7
23627.9
23480.2
16970.4
20179.8
27183.4
45109
19328.2
19476.8
32116.3
19933.6
28924.6
25091.4
25103.1
22421.8
26006.2
21170.1
29410.2
15302.2
20908.1
30576.9
23459.4
37627.8
25009.8
16436.5
18650.6
18749.8
23287.3
27608
28015.4
24324.1
13094.6
16175.9
17218.4
16884
12168
23948.8
15955.7
18335.6
23194.1
16689.3
24517.9
18175.8
16426.2
19455.1
33750.5
12623
22128
19605.9
23505.7
28802.5
19605.4
25965
22705
19023.8
25805.3
25290.3
23062.6
15529.6
29581.6
18925.9
18037
24448
33181.7
14460.5
10484.3
21859.9
15876.5
23713.6
19211.8
17908.8
14255
19944
19519.9
13709.6
20291.4
10757.8
18325.8
20567
16115.4
16478.1
16012.1
10225.7
18015.8
17063.1
27708.2
13680.6
18678.7
8725.12
16555.8
27082.5
22657
15412.6
19800.9
12569.4
17970.7
18068.3
16277
23607.4
33643.7
15248.5
19133.6
16898.2
16748.6
16205.4
36340.2
37173
18329.1
14909.2
15195.4
21325.4
16301.6
28889
13849
15344.8
15324
11504.6
9823.12
22026.2
19931.8
16672.1
19449.4
13002.6
20272.8
15026
36697.7
18707.7
21031
13439.5
32824.3
33018.2
17827
21501
30883.3
12266.7
18577.9
21913.2
22543.3
20029.5
15243
15089.3
29551.6
19567.2
28611
23140.3
24231.9
18205
17124.7
19806.8
15081.8
33454.2
20798.1
21567.8
19493.7
29687.9
23074.7
21984.3
20851.8
30158.2
12952.6
18368.4
20263.7
23164.2
18040.5
16107.5
17148.2
22804.3
14208.2
23982.4
15123.3
18093.1
16861.5
22133.6
21786.9
19351.9
16006.4
22984.4
27772.2
23301.8
15126.9
14481.8
23919
16047.4
24141.8
13828.6
14251.6
13830.2
18337.4
31464.6
22629.6
7966
21153.7
22116.6
19797.7
26319.3
23789.7
24630.9
22653.1
28911.4
22619.2
17291.4
23619.8
17153.6
16137
26425.6
16351.4
13100.5
25656.6
29646.9
25593
16626.2
30960.4
29436
19848.8
20484.2
21568.5
21728.2
15838.6
40143.1
17765
24628.4
25754.6
23901.8
15933.6
17192.6
18111.3
16614.8
22024.7
11579.4
11367.7
27672.9
16037
11221.2
19933.3
17570.6
17766.6
34611.6
37464.1
12757.7
18762.4
19408.9
13177.8
18054.7
16778.7
24523.4
18948.6
27495.2
15534.2
15509.2
11424
26907.5
16826.7
18006.1
20527.2
10214.6
22441.1
19163.8
31978.2
21928.5
12275.3
14550.1
20409.1
15982.8
33517.6
30116.2
36623.7
19321.7
11275.6
23488.4
20689.5
24582.6
18835
32843.4
35233.2
18328.6
20477.8
26423.6
21427.7
29155.1
31917.8
18491
12882.8
18528.1
20306.9
26733.4
18162.1
17372.2
20251.6
19146.6
23109.1
20362.3
28352.8
20862.1
25821.7
20520.5
17665.4
29660.6
29428.7
30096.8
38167.3
23230.4
25337.2
22511.3
23270.9
17571.6
25801.1
19124.6
25958
20286.4
32056.6
18446.3
25314.8
21844.6
35345.1
17280.6
14952.9
26659
28642.7
29128.3
10948.3
21625.8
12530.9
28338.9
20092.6
29583.6
17724.8
22804.7
10785.7
20693.9
19186.6
30171.8
29129.1
19253.8
18049.6
13473.8
20292.9
14464.6
19481
16988.4
12636.4
29295.5
26723.4
23204.6
18524.7
11859.8
29468.8
17360.6
20054.6
27340.8
16031.3
23277.8
26020.1
29076.2
13060.2
14939.8
23869
23333.8
26086.2
24584.1
18276.3
13554
27730.8
18760.5
36465.4
28279.1
18599.1
18266.9
9544.88
21500.3
31576.5
28026.9
12490.9
14655.4
15830.3
22951.7
20754.6
29570.1
16596.5
13174.6
29279.5
16914.4
21470.1
32359.6
15350.1
14233.8
17042.2
22584.4
16273.6
9529.6
21307.4
21397.4
18005.2
13228.8
18940.7
15467.4
19823.5
19997.8
19419.8
21691
18505.5
11427.8
10122
28260.1
31013.8
14465.8
9128.8
21841.5
17973.3
28903
20311.2
18725
13265.1
23600.2
19547.5
28478.2
15792.2
19181.8
21326.2
30605.8
33139.8
20157.9
18521.8
16464.1
15148.2
16201.1
20689.2
17982.8
26072.6
12898.2
15092.2
22561.4
14354.3
26678.6
21102.6
23134.3
13781
9719.68
20483.3
30508.2
18855.9
20858.2
23944
14778.2
19757.4
23332.7
23342.2
10985.4
14003.4
24386.2
16446.2
22913.8
16996.6
8687.12
32324.5
16249.2
16483.4
14355.4
16309.8
7316.32
24014.1
34261.9
17491.5
24970.6
16235.8
28432.8
15261.8
26524.8
16694.3
24007.4
26121.4
16808.3
11841.8
13225.6
22499
25931.4
9358.16
13764.8
23895.7
21594.1
23946.8
16566.2
22757.3
17120.8
26226.5
18687.3
29443.5
27759.4
12631.9
23524.5
24269.4
19537.8
18131.4
27380.9
19103.9
20633.9
13075.4
26278.3
17905.7
13418.3
30321
18578.8
27419
24733.8
12533.4
17713.8
22743.3
16274.2
19051.5
20744.4
24277.4
30018.6
20479.4
20877.3
12703
18898.4
26016.5
20902.8
25885.8
26529
30203
18171.3
22759
23568.4
15944.8
31712.9
22848.5
17956.4
16743.1
14491
18532
18260
20363.7
20262.2
30678.3
23584.4
14709
18561
11658.2
11713.4
16996.6
19311.7
21465.6
20295.9
15675.6
23014.2
22508.7
16958.7
19228.2
20587.8
13632.8
17617.7
28584
44095.7
15681.4
22366.7
21322.4
10977.8
13259.3
19050
17536.6
23418.6
20429.7
13504.6
14973.3
21617
29007.8
23583.4
16216.5
16363.8
17341.8
13364.6
32204.7
17874.3
22828.4
11577.7
26714.5
18869.9
23997.7
21217.2
27389.6
19200.4
22870.6
17536.6
17172.1
29719
14531.3
24358.7
18449.1
20432.8
17544.3
21163.1
16558.3
21591.5
31640
23955.2
13648.9
15115.3
23694.9
17460.8
16354.6
23329.8
17650.3
12268.2
17329.8
40384.2
14932.7
25475.1
20917.8
16619.4
19956.4
20223.5
28767.6
24120.8
16278.7
12459.7
11217.3
25743.4
17409.6
14782.5
30476.6
18892.6
20494.6
27403.2
12882.4
18678.3
20298.4
26806.2
21984.9
12790.4
17635.8
30889.4
34050
19010.2
26589.7
19932.3
17201.6
24157
25783.7
27818.7
23145.8
25967.5
25194.4
21879.5
39531
23008.6
13218.8
17594
23754.2
15195.4
19676.6
23757.9
24806.4
29403.7
26559.4
16925.9
20425.9
34515.7
14924.6
18148
17896.6
24071.9
41749.4
43384
18675.4
13675.6
25309
33712.3
21293.7
33614.9
22084.7
23101.1
23753.4
26256.8
10372.2
21312.2
30636.5
28043.6
21987.3
28121.4
14940.5
19828.6
26019.5
25952.8
29184.6
30526.4
19778.5
15825.4
31727.4
28308.7
33673
15221.7
28478.4
25608.2
35245
17709
19881.4
25025.9
33705.1
21541.9
19767.4
15277.9
25818.2
23401
24235.8
22339.8
19131.8
22878.6
33085.8
15849
29264.6
21205.1
16571.9
19103.2
34682
32800.5
20722.7
21999.8
14924.9
29605.2
25192.1
21263
30160.4
25415.2
17862.7
19246.2
17477.3
24017.9
42240.6
17570.4
23869.9
18107
15885.1
39489.2
23906.6
32574
32285
20468.9
30907
18546.6
18609.8
23779.4
22040.6
26081.3
29596.6
19533.1
30852.8
25128.4
29170.4
34148.5
16602.1
19239.8
17785
18630.8
22362.5
19513.8
19522.2
30972.6
16552.5
25972.6
21566.4
14064.7
12575.3
21759.4
29909.1
29310.7
17618.7
19598
18776.5
16071.6
14465.3
14306.3
17436
18875
18231.8
16115
20232.2
20033.3
14047.9
17503.2
11715.3
14762.8
31645.7
20829.6
15107.9
19669.9
24485.8
24019.6
24198.6
16791
13444.6
10911.3
22095.1
11702.2
17933
13223.8
18992.2
15478.4
25502.6
19019.6
12884.6
26673.4
23820
16193.8
16247.2
19401.6
21788.9
21750.5
12094.4
12528.7
15629.8
30351.8
19126
18884.4
26258.3
44563.1
12688.6
14563.4
26979
13415.8
20633.3
21784.7
22873.9
27631.4
33223.3
24984.4
23421.6
15780.7
19908.7
17844.6
26457.7
36369.3
26318.3
12121.5
14095.2
25222.6
18672.3
20947
11224.2
18092.6
24960.1
26126.7
18816.8
12422.2
16273.5
20663.9
18832.6
26395.5
12772
11916.8
19209.4
19301.8
21847.5
37947.1
11956.6
23702.2
17084.2
13326.3
17431.3
26454.4
21819.2
33392.6
23113.7
16198.2
25025.2
15286
14155.4
30758.5
31215.9
22853.4
20256.2
24007.8
17734.7
20115
11749
25524.6
34142.7
15385.9
28817
19549.7
17563.8
18614.6
15850.5
28530.6
18267.7
15506.5
20946.7
28915.4
14831.7
24340.9
24415.4
19423.9
25480.6
21383.8
18935.8
16805.4
28958.1
16470.9
24275.7
20058.6
17494.5
24265
23973.8
25431.8
20631
13383.4
22161.7
17305.8
23807.5
12838.1
22537.4
24744.5
19578.2
17951.8
18910.3
20265.6
20109.4
18543.8
21637.4
21559.5
41266
32377.4
31088.1
16911.4
12034.7
29013.1
24731
27186.6
20073.6
15590.8
11129.8
30406.9
21045.6
21068.1
17615.3
29240.2
15409.4
18914.9
26773.1
18486.8
17876.4
22730.7
24524.2
18585.4
19779.1
22916.1
17516.8
17656.6
31961.5
17759.2
23344.8
23563.2
19186.2
30401.1
17749.5
19113.6
13233.5
18213.7
24635
22713.8
23378.7
18058.1
28884.1
23102.2
29733.4
19742.2
14483.4
21678
21104.2
26845.4
25291.2
16745.1
10772.1
18255
12860.6
21142.5
12511.5
25834.9
21062.1
15673.2
14201.5
18896.1
16227.7
14275.5
31892.3
7140.88
25357.8
14762.2
16938.6
16838.2
21374.4
12195.5
16891
17517.3
18533
15416.2
16599
14826.1
16920.9
21064
14840.7
25841
10897.7
20993.9
17062.4
14646.8
14384.6
13057.8
15786.3
21049.4
13926.8
12061.4
15056
23810.2
12278.3
29496.3
13273.3
21861.1
14908.4
13747.5
17323.5
6644.08
24508.4
16656.7
22129.8
13956.2
25749.4
28742.2
23104
20002.4
16632.8
19883.6
28085.2
23991.3
13787.6
25146.2
22919.7
16253.6
22449.7
19756.7
17327.1
18084.2
19470.5
29999.1
16717.5
33646.4
21173.1
22793
13698
29843.8
24078.2
31001.9
26753.4
24267.7
25576.9
23081
35218.2
31745.7
22800.2
17213.3
21940.5
29902.7
27473.7
28133.1
26710.2
20424.4
27324.8
23170.4
20234.5
15916.6
18162.2
25922.9
25779.6
23045.8
39974.8
16456.2
20653.9
21385.5
19686.3
21000
26604.9
25011.4
20771.6
16406.8
28241.5
27848.6
18564.6
21515.9
27744.1
14405.3
35139.8
18353
25906.4
26795.4
33307.5
17261.3
19997
28634
31186.7
16056.4
18643.1
19889.4
16545.1
27891.7
23668.3
19518.3
33989.2
21506.8
21761.5
17090.3
27462.1
22549
34426.9
23581.8
24594.6
17584.6
16445.9
26945.6
20235.7
23999.1
19791.8
17989.6
19093.8
24496.4
19709
15883
15404.2
17094.4
28018.2
24620.4
17278.2
22141
20684
20758.2
21497.4
19457
26910.2
20401.3
22866.2
16577.1
23295.8
27957.6
31441.7
18277
31953.4
20129.6
17466.9
28315
32127.2
14806.2
22927.4
15298.6
26465.7
21955.4
32288.1
27512.9
33011.2
14874.3
22950.4
10199.2
27196.6
20935
26582.3
23099.3
20437.2
16664.7
10586.8
21902.2
23217.2
21741
17763.4
20148.2
16091.6
21155
30644.7
31141.3
17563.4
16265.5
16219.3
13763.4
20072.4
20798.6
21121.4
24771
19042.9
17511.8
26020.3
24176.3
29725.6
16708.6
16606.2
15837
23753.5
23776.1
26191.8
27424.7
13228.6
17052.2
19809.9
18494.1
18304.4
33970.4
19815.4
10527.7
18624.8
18020.4
22250.1
22967.9
18606.1
24583.1
27796.9
24047.7
23625.9
28778.5
14837.3
26685.5
29639.9
21725.3
15935.7
18261
21077.3
36222
26130.3
35140.1
21811.8
33243.6
25120.5
21337.6
24905.3
23085
17532.8
24943.8
17841.7
31230.8
22799.3
14937.9
30869.5
18856.8
26613.8
27484.6
20953
23699.1
19265.6
23088.6
30229.7
31495.4
22731
17791
26569.4
17977.8
25694.6
23312.4
25379.8
19509
20769.5
21578.2
25251.5
23858.6
23545.3
20365.2
22105.6
26489.3
23480.7
17203.1
25652.9
37002.5
13929.8
31103.7
20252.9
28738.6
33343.5
25198.3
20272.9
20271.8
23169.8
18662.5
21298.2
21751.5
27627.4
26691.4
35297
13841.8
19291.2
12435.1
26394.5
16229
26845
15440
22699.4
28665.8
21717.4
39167.4
17385
17877.4
14885.9
23349
21247.1
19895
27632
27794.3
29674.6
17465.1
20761.5
18099.2
25253.9
26290.5
29843.1
21723.5
18660.7
8979.12
27082.4
23387.8
17754.1
30623.3
14253.3
12521.4
18697
37421.4
22806.2
7888.24
15827.6
24292.7
30451.7
13470.8
14414.6
18753
18844.5
11248.8
19647.6
23172.2
13870.9
15440.1
10442.6
8652.08
31713.1
21843.3
32145.1
13158.7
10054.3
16065.7
21109.2
24416.2
19439
20311.1
17746
19429
24250.6
14074.6
20608.2
10394.1
18822.3
23593.7
19276.1
12250.1
19923.1
16639.4
12992.8
16488.9
15587.8
34504.4
16129.8
12741
25536
19268.3
14705.4
16480.2
19037.8
14274.4
20936.9
12965.3
16557.8
19221.7
14196.2
12789.8
15004.1
16481.9
11424.9
21232.4
13524.7
13776.6
15626.6
9178.4
23698.6
16738.7
17242
12471.2
19077.3
16137.9
17641.4
18228.9
27283
18046.8
17343.3
15950.6
23144.7
9821.52
17737.4
10637.4
12007.8
12313.7
14830.9
17707.7
37749.9
13240
15058.9
12621.3
20539.8
9701.2
17719.2
14767.8
24940.3
21706.3
15652.6
22005
30777.4
22680.2
17476.6
13811.4
11725.8
24993.9
25180.2
25770.9
14674.7
18990.4
17128.3
7826.4
22912.7
24775
30468
20745.8
25646.1
15942.1
23695.5
17954.6
16753.8
30477.8
24485.8
22236.3
23633.6
18688.8
24252.2
19639.2
17326.5
11052.7
13885.8
19332.1
24373.5
19029.9
15400.2
15617.5
17711.2
10564.2
22492
36147.5
18309.6
12907.1
18824.4
11823.6
18636.3
14687.8
21279.4
16174.6
19434.4
17093.9
13262.5
15756.9
20711.5
16060.6
14959.8
13762.6
16501.1
13663.1
22897.2
24868.4
14740.1
15258.5
18599.7
18849.6
40698.2
21004.7
14069.9
19757.2
20472.6
17676.2
21136.4
25869.1
22896.7
15822.9
12901.9
14758.3
17637.8
23318.5
15803.4
20786.2
10510.4
5688.4
22287.8
24301.9
20923.8
14599
11185.1
9141.92
15626.2
12880.8
19777
18034.1
15961.1
13156.2
21786.7
17793
18206.1
20051
12787.1
13380.9
18671.9
26318.4
29092.1
12599.5
15866.8
20015.6
14844.6
23561
18304.2
8659.44
7497.28
18175.8
16895.1
16202.1
18507.8
14049
13982.3
10266.2
23202
31301.5
28224.5
25203.3
12113.4
13723.4
13001.6
20044.5
26367.9
18823.1
24054.1
29730.5
21787
15600.3
25064.1
34153.6
25082.3
25612.4
19592.7
11078.5
22060.3
23016.8
27279
21205.6
20868.4
14557.3
25227.1
34985.1
31661
20684.9
23089.4
15667.6
37175.1
27995
30858.1
19478.6
27090.2
27030.6
25932.6
10834.7
21012.8
19525.4
21980.1
28706.6
14855.5
20805.3
29434.9
22848.4
17087.6
17807.8
18997
23918.6
22874.6
29874.1
30489.3
31300.3
18947.5
29527.8
18252.5
25749.3
33887.4
36811.4
21883.6
20685
28859.7
27288.7
24658.7
23848.8
27924.6
24010.5
17662.2
23711.8
20712.7
17207
19981
23010.2
14992
21171.6
30725
17336
16156.3
33170.3
30053.4
19725.7
14980.7
31130.4
11657.6
24891
26985
22090.4
14131.6
15611
20409.4
24551.2
19308.9
18373.3
10053
16573.2
18641.5
18650.8
12907.4
21443.4
16140.3
26727.4
26674.8
17821.3
22187.6
13730.1
11568.6
14171.4
28493.1
26096
17439.1
21981.8
12585
25851
26290.7
35204.6
19599.7
15978.9
26410.2
14892
11622.6
23091.3
23298.8
28509
16031.4
18968.6
21553.2
21519
30472.5
15793.1
18108
21908.9
18965.4
39943
26655.2
12698.4
24220.3
23787.7
18877.5
25203.1
32717.4
28110.1
40531.7
25076
26535.1
26134.3
26764.6
25547.7
27328.5
11592.7
28590.2
23683.2
29355.7
31691.6
12697
24564.4
26557
17775.6
27650.6
26876.4
25178.6
25784
29366.1
15943.4
28190.8
24059.9
26342
22519.5
38364.9
23454
19345.1
31337.8
25424.8
41529
22571.4
25656
32492.7
21395.1
20754.2
23722
21262.6
36135.3
36926.6
29597
32362.3
26012.4
10247.2
21836.2
16968.2
26872.8
35321
16571.5
12069
32717.5
21590.3
19969.7
16590.6
26801.5
19754.1
18627
26377.8
16209.9
21793.7
17735.9
17822.8
25282.5
25441.6
16061.1
18520.8
24846.2
14284.7
25019
39116.2
25596.7
20405.8
18644.5
22373.8
20513.6
24836
30157.8
19185
22853.5
22718.2
18898.4
19023.3
32291.4
12626.3
23723.2
25347.7
28823.1
33295.7
39555
25584.7
24559.9
9369.36
27898.2
29605.8
21847.1
15910.1
22408.6
15938.1
31501.3
26370.7
24812.1
17354.1
15373.4
25845.2
18585.6
25165.1
33909.9
13839.2
16987.8
21662.2
24316.8
32621.8
11902.4
22234.5
22205.8
23880.5
28999.7
17775.4
17459.4
22467.9
22088.2
23379.4
28339.6
20097.5
13862.6
32442.4
18540.1
24117.8
21009.6
19108.7
20722.5
17323.3
24481.2
21568.7
15957.6
24762.2
16421.9
20755.5
30542.2
29225.7
34405.2
22715.8
29856.4
27874.5
32935.8
19825.6
30743.1
24302.2
35630.6
22280.9
21655.3
21691.4
22707
26889.3
21662.8
30325.3
23022.2
19858.8
22692.2
28158.3
24597.3
16441.8
25924
27054.7
27634.6
25364.1
36750.8
11250
21317.1
24417.3
31708.5
24476.6
23795.7
30410.4
23849
22196.1
20885.7
31004.6
20203.4
23408.9
23613
33657.8
38425.9
41887.8
24998.9
16585.4
20233.6
28655
24473.4
24540.3
19776.8
19709.8
16546.1
25318.9
23823.7
18688.8
24189.3
16650.4
23826.1
19545.8
26699
29859.5
15446.8
18622.6
20273.8
33708.6
25350.5
46774
26547
24708.2
20748.7
26239.8
23416.8
22459.3
20451
26436.1
14154.1
27333.8
24319.5
18299
24935.1
27676.1
18320.6
21848.7
26156.7
17994.8
18102.2
25582.4
29122.8
19750.6
26315
17515
20682.5
29597
33158.6
15320.6
21341.2
35176.2
15812.2
25510.9
22112.2
31124.5
26056.6
13108.6
15719.4
23736.7
20563.4
33906.7
24766.6
13646.6
32472.1
19451.1
29425.1
27091.7
14276.1
26807.6
21468.7
19229.8
32354.7
35521.1
19275.8
18900.8
23188.3
22779
38107.2
25459
22928
19886.3
18272.2
22178.2
34478.6
27272
23166.2
18230.1
22571.8
27957.4
20569.4
19960.1
20271
17996.4
25447
29310.6
21663.8
23179.8
17166.2
35440.6
31006.3
18712.6
10817.7
19854.4
13439.4
23304.2
25612.3
30264.6
22963.6
19995
24277.4
22165
34339.8
27387.8
13329.4
28091.7
11633
16657.8
28160.6
23271.4
33628
22212.9
22587.8
16428.2
26072.6
20472.4
24069.4
21002.6
21608.6
14598.6
28233.4
24725.8
18980.9
21512.6
28115.2
20788.1
29960.2
14906.2
18987.2
44611.9
13402.8
25483
18714.1
22655
20928.5
16997.4
22843.8
30116.4
21309.8
23603.5
16867.1
19502.2
24142.6
13989.8
20163.5
19561.7
17120.2
20187.8
13057.4
19446.6
13101.5
26029
18062.8
22014.4
16238.9
18940.6
19906.3
22554.2
17530.3
14280.8
17924
20244.6
20281.8
23977
23698.2
14647.4
19894.6
22923.2
20863.9
9481.92
23145.9
17081.2
13496.5
23504.8
21675.8
12210.2
14917.8
15713.4
20338.5
27465.3
12362.3
21651.4
16305.8
21496.7
11124.2
22247.9
16796.3
9140.24
17511.7
15270.2
16893.7
12891.1
23953.8
20270.1
17239.7
19176.8
15979.1
16564.5
20588.8
21646.8
20894.3
19195.2
17596.7
20285.9
19034.3
16493
16498.6
33407.8
15794.9
40403
21236.1
22194.6
40357.6
10630.9
16644.4
14226.5
51361.8
22644.6
18251.7
23962.3
21132.4
26575.8
32187.4
32229
25630.6
30037.7
37942.4
33559.3
26975.4
20818.4
22516.8
11994.7
9406.4
34356.2
32624.9
25933.8
14866.8
14529.7
19860.5
18372.2
16459.1
25135
23737.4
13588.2
16325.3
19456.2
19466.4
42092.6
8719.6
18401.1
15410.2
21666
17387.8
26555.3
21550.4
23237.4
12570.4
21890.2
23328.2
19904.1
17369
19331.7
24287.9
13735.6
13494.1
19948.6
20959.8
18451.8
31016.5
14403.3
24315.2
12081.1
12699
19761.4
23071.8
23505.5
19040.4
12246
16177.9
28356.2
29456.7
18402.6
17368.2
16418.6
10441.6
11685.8
21105.3
29291.7
16101.7
11630
25526.2
16521.1
16280.7
13862.2
22975.6
12391.2
17463.3
19492.9
25884.9
15700.1
14930.9
14782
16329.1
19515.6
14459.8
15944.8
9275.44
18154.2
24212.9
16307.4
14476.6
17839.1
14317.5
16551.6
18263.2
41981.7
23607.5
16628
20539.5
15399.4
22460.3
20947.2
24863.4
22115.8
26338.2
19159.6
19793.8
16238.9
20115.2
15529.4
18151.9
21943.7
17476.8
21602.8
20785.5
19045.5
27082.2
27337.4
18907.1
16813.1
13420.4
26675.5
16620.6
21839.4
23839.5
8982.48
33792.1
20832.1
19269.4
17591.2
14658.5
29140.1
23144.2
24594.8
19253.1
23786.1
19187.2
28553
18968.2
33406.1
32441.4
22680.2
31579.4
19142.5
31755.4
25513.4
28013.3
28297.7
21935.3
23587.2
22337.1
23942.5
33052
22304.1
20994.6
13447.6
25856.2
21281.2
26286.8
25883.4
14161.5
20741
13540.6
21955.8
25610.5
25035.3
22585
25071.5
19818.2
25799.1
23620.3
21121
23432.7
17394.4
15153.2
32084.6
20527.2
27661
24773.8
18445.6
18387.6
38244.6
15717.8
26200.3
28350.9
27180.9
22245
15957
20878.5
18677.5
16859.1
38744.2
26707.5
18481.4
26396.8
27159
18327
17372.6
24260.1
25547.1
11971.8
17688.3
24738.2
13867.3
19792.1
21307.8
20980.6
18730.2
14968.6
41629.7
29537
17563.9
15297.9
27754.8
23051
22930.7
21672.3
11809.5
17843.4
12182.9
14605.4
17294.3
29450.5
16748.6
32362.2
17357
15359.8
21509.8
21439.4
12229.1
15389.3
23632.9
18065
17428.6
27993.3
20314
13494.7
24211.4
18565.3
26049.8
31545.8
17260.4
12560.7
19015
13364.2
13493.8
28930.7
18283.2
23066.6
24789.8
23613.7
28011.8
28846.3
26496.7
8771.2
26005.7
24768.5
29911.3
22166.6
22176.4
22155.8
19721.9
25169
30698.2
19381.8
19530.2
24337.2
29778.4
26137
23003.2
27432.6
32991
17192.2
18924.2
25934.8
28576.9
20964.3
24147.3
40627.3
20733.4
23998
16553
27305.3
20144.3
21041.8
16896.7
23843
12811.3
20379.4
12243
30388.3
35361.2
26411.8
20350.4
20293.4
15277.8
20125.8
32306
18390.6
12425.8
17472.6
20662.8
22012.4
22516.8
15433.5
24695.7
33812.1
21883.9
17161.6
22863.8
28678.3
21932.6
25979.2
17516.3
38627.4
30119.5
12199.5
19817.8
35582.6
28695.5
26420.2
18664.6
16935
23902.9
18310.8
27533.4
19841.1
20173.9
19558
18163.8
23006
28602.1
20248
17354.7
17513.9
14942.8
17211.7
24454.3
23687
25521.4
22983
23219.8
18741
31518.1
22684.9
20637.4
21772.6
20552.9
13521.4
19996.5
16179
32710.6
15249.6
31159.2
20235.9
20215.9
30406.3
32105.6
20207.9
20067.8
24200.8
17759.2
17658.7
33128.2
23567.8
16665.6
20873.4
23452.3
19996.4
14319.1
21086.7
16864.8
16842.9
9741.2
16611.4
22260.4
16395.3
24697
22040.6
25785.8
15631.2
14539.2
26628.6
12468.9
12099.2
13403.8
21272.9
23071.9
45070.7
24285
12780.5
22453.7
18218.9
17196.6
16590
13141
23760
12985.7
20968.4
17290.5
11141.4
26780.1
28156.9
19086.7
22855.6
13778.9
21031.2
26728.8
21675.4
22299.2
21444.9
23565
11056.3
19735.1
29808.3
29799.8
23230.6
17966.7
21400.7
13585.8
29294.6
24091.8
18193.8
18687.2
27080.6
21020
28228.2
27511.8
21838.6
32095.9
16481.8
23230.3
17463.2
27023.3
22458.1
20376.9
24131.3
22617.3
27219.3
27158.6
23936.6
23855
24753.1
25876.2
21457
18420.6
19158.5
22675.8
17416.6
19191.3
28635.6
22072.7
17012.2
21874.6
24876.8
34922.8
18511.1
18548
11844.5
30698
35973.3
26614
21165.5
13699
24019.4
19128.7
28766.5
15757.8
23322.4
16550.5
29854.6
18288.9
28963.3
23935.9
35677
14161.8
17463.8
15639.4
18589.8
20643
26785.4
45306.7
20531.5
25665
17060.6
25457
12628.2
36983.4
24321.8
18536.3
29905
16800.9
28236.8
24243.3
12250.4
32496.8
24001.4
13867.8
20157.1
24455.6
17695.5
25054.2
20402.1
16228
36227.8
20338.7
17681.6
23773
25362.1
20232.3
27191
15324.6
24888.2
23090.6
21702.5
22424.4
21705.1
25178.7
14691.6
37364.2
23559.7
28117.5
12788.5
17661.4
15446.7
16227.5
17236.4
22272.6
15409
24348.8
9125.28
17679.8
20069.4
24248.6
13736.2
16417.7
15686.3
13885.3
19499.2
19563.9
27375
21213.1
24819.9
19685.2
12593.5
25792.7
26325.9
17302.2
22348.4
23852.5
14913
12952.1
17784.5
20195.8
14289.9
32127.4
15965.6
26064.8
11616.3
9616.56
17870.2
29946.8
30938.5
28329.9
15475.8
17189
13830.2
18371
19881.8
23323.8
21355.8
23417.5
23865.6
14776.1
18840
19330.7
20209.9
20548.2
20188.2
16625
25179.1
16165.3
28739
26293.8
27170.4
32032.2
22881.1
13052.2
27851
25131.4
17120.6
22568.6
23212.3
12247.4
21820.3
33887.6
11734.3
14376.6
25272.1
11886.5
21215.6
16773.7
20030.5
23725.6
18907.3
14414.7
22511.4
20685.1
21993.8
10472.5
16966.9
31711.9
10826.5
20953
23402.8
9393.84
14567.5
16168.1
10931.9
16898
12816.7
19332.2
22054.3
14995
26249.7
17023.8
10781.9
10359.2
22991.9
16493.7
19067.3
18266.6
14922.8
17743.9
28837.1
16050.2
11304.2
15286
16103.6
17493.7
19734.6
22060.4
20950.9
20874
27399
14907.3
13293.6
19488
23315.4
18570
23397
20092.6
15620.9
22006.3
22753.1
23152.6
15350.3
14423.6
15434.1
12043.5
29277.3
20818.9
16890.5
28357.5
17533.2
20864.9
11146
18969.7
14953.2
13795.9
10788.7
13974.5
21384.2
18838
12774.7
14513.2
11964
20568.7
13548.6
22135
27694.4
18001.3
26931
8204.72
19868.1
12087.5
20165.6
21872.5
27964.4
13800.7
22617.8
34969.1
20212.2
20028.6
27601
14878
13833.1
26543.8
16368.7
52920
39526.4
27455
17478.2
12101.8
26037.8
38149.5
29675.9
25012.5
29290.6
13073.1
18407.1
26914.6
27197.8
32393.9
17338.2
21876.6
30874.9
19980.6
23434.6
37467.8
16886.5
15387.9
23046.2
25732.7
42381.1
33244.6
29128.6
38390.2
12979.7
14749.9
21533.5
20528.6
28507.7
20483.4
25546.6
21622.1
15281.6
20277
21546.3
24191
22541
22292.2
25077.5
22801.2
11009.8
30166.9
28835.8
21885.2
17467.4
22441.9
25592.5
20755
19501.4
21963.1
21065.3
28631
26012.6
21666
23157
21646.2
13302.1
25429.7
13389.1
15950.8
32567.8
35762.2
16954.6
14021.8
28001
21568.4
26671.4
14799
18332.4
8892.88
39928.9
21521.7
17790.2
19926.6
18679
19622.9
40333.2
24484.9
29255.5
24206.2
25679
21967
40661
18116.4
29695.6
17108.8
31051
20385.7
39350.8
37774.2
25061
18018.6
30250.2
17683.8
25169.3
34177.7
21731.1
21615.3
22576.1
22994.2
14326.6
31399.9
15291.8
13303.6
20681.8
24441.7
19398.6
21145.3
13182.6
24913
33417.9
12852.5
27984.2
19745
24110.3
22476
23344.7
24213
16495.1
18469.4
16181.6
20445.2
25728.6
18128.6
28131.2
19190.2
17571.4
22908.8
21642.6
15381.4
25858.2
31519.3
15186.8
17264
27948.4
20753.1
17232.2
26682.3
34377.8
15175.2
26833.7
20796.6
25013.7
23927.8
17343.2
15414.2
19339.7
31156.6
21490.2
18748.7
23418.6
28931.7
17501.6
19119
35777.8
30098.1
19243
24694.1
17958.3
27387.5
30382.7
24228.6
18486.4
22838.2
26613.5
20500.8
30736.1
21367.3
12038
21464.2
33711.8
38052.2
18418.6
25798.3
11855.4
26373.7
19526.2
20265.2
21231.2
35261.8
17761.8
16419.8
20216.2
25271.3
30031.4
18117.1
21436.8
15192.2
15847.8
29727.3
23022
27990.6
26515.3
14338.3
13253.3
37339.4
16300.2
9321.6
23568
16149
17708
19756.3
27131.6
21222.3
14846.6
18032.9
21927.5
9541.6
18417.5
14053.3
26000.1
18052
19524.1
17710.4
16958.6
26292.9
31658.3
9854
15423.1
15380.2
15612.5
18504
24887.4
13650.2
29964.7
17218.7
28841.5
15863.6
19848.9
41271
16097.7
14880
24451.5
19794
14369
31775
20015
31812.3
17356.9
11151.4
11680.7
18780.2
20646.6
16730.5
12305.4
15102.9
25734.2
19769.5
29881.9
19329.2
21144.9
25259.7
23186.2
21509.7
10424.6
18859.4
18599.9
15205
11857.4
15479.9
23962.9
18867.3
16558.6
19231.2
25233
32934.6
27122.3
31687.6
20917.1
16377.8
16670.3
21874.1
16578.4
32692.8
24995
24017.8
19127.4
19909.3
42095
17803
10132.9
26322.2
21712.7
24585.8
22306
15791.7
24363.9
18857.1
17551.4
36864.6
16695.5
19510.7
14168.2
14440.4
20260.6
23106.2
29520.4
19220.6
17553
17498.9
25086.5
15746.8
16826.4
25138.4
15896.1
20896.3
19031.1
14910.9
21010.9
19940.2
18120
13131.3
19484.2
15495.8
15950.4
18037.3
22631.9
13014.2
23532.2
15367.4
14742.8
22931.6
32180.3
28064.8
30204.7
24062.3
17777.4
21901.1
12261.7
22546.1
17415.6
19200.2
31732.1
26928.5
21721.5
30590.2
15443.2
22890.6
21203.3
26479.7
38766.8
30364.4
13709.4
15306.9
17120.9
35864.3
20692.9
25312.1
22711.6
26867
19727.2
30149.6
22024.2
15043.6
19996.1
21291.7
26144.6
26227
27113
26993.4
22671
24641.4
22799.8
20925.4
33203.2
18802.4
23092
36776.8
23055
20959.6
21101.9
20975.3
22261
14282.5
21817.8
18701.4
24241.2
25171
28741
25265.4
23561.9
21161.5
10220.2
35462.1
26640.4
22119.8
35559.3
9264.16
22981.6
18211.6
23739.3
21863.4
32231
22204.6
17520.9
16269
23223.9
17102.4
25641
19791
24560.2
17907.8
15050.3
20222
23368.3
23798.2
33316.6
10900.6
23797.2
27621.7
25940.9
24853.1
35820.1
27251.1
14289
11552.5
22871.4
27297.9
35915.6
17731.2
12841.4
15913
23951
25816.8
50265
16956.2
24076.3
22759
24612.6
24241
36201.5
21312.8
15703.8
22861.4
17659.3
29771.9
33790.2
30267.8
23516.7
17874
17117
17791.2
26724.9
26539.1
19315.5
30688.5
9481.2
20778.8
12153
29395
32547.6
17697.2
27178.4
16908.8
15332.1
22640.7
44727.8
15256.2
31735.7
15794.2
12947.8
16893
30629
24671.1
20340.8
33474.9
18030.2
25913.4
25641.8
26081.7
31559.1
26840.2
46724.3
17588.3
24518.5
23296.6
32354.7
14885.1
22909.4
30421.8
27696
22748
23397.2
21056.7
26152.3
23924.9
21105.8
20848
27938.7
28426.6
13611.4
23186.7
14081
17091.4
15791.7
22092
14113.4
17349.7
24601
10423.2
16805.5
9119.84
19384
15724.6
23619.7
16822.5
17915.1
8945.76
12252.2
17434.7
30738.9
20876.8
11370.6
12836.2
14700.6
21715.3
17444
18895.9
13787.4
12028.3
21375.1
23167
17261.1
11748.5
29492.6
15335.2
10763.1
27580.6
15020.2
13352.2
20944.6
16397.2
14361.1
15681
14681.7
19938
18779.5
28833.3
18758.9
12610.6
22975.3
20983.8
23437
15643.5
10694.4
7772
16505.9
29464.6
20714.7
23667
9583.92
16652
11055.7
17352.8
26282.6
17250.5
28480.1
17469.2
7797.12
15397.3
36133.2
16244.2
10775
19234.9
12714.5
18237.3
19053.8
23793.4
21657.3
15531.2
10925
19963
16733
30494.6
21483.3
14021.3
23295.8
9330.48
14244.6
25000.2
31732
36329.4
14645.2
5815.92
18614.9
29822.6
16840.9
16056.4
12591.5
19228.4
20349
27186.1
15945.6
15591
19476.6
15762.2
13932.7
21995.2
22701.5
23831.6
29952.6
13036
20292.6
11041.1
16190.6
25566.6
14720.5
21861.3
16903.8
16102.6
18273.4
15395.6
15388.7
21308.2
22767.7
20224.2
19200.6
9142.48
21507.8
23654.4
27043.2
31967.4
11981.4
15713.4
17960.1
17924.3
20092.2
23456.6
24665.4
17556.2
15221.5
16294.8
16728.6
16357.8
17113
15301.6
22217.3
13586.2
15371.1
36753.7
18817.8
15313.7
20743.4
23334.2
18168.6
25551.8
22737
23578.6
10730.5
16885.9
14732.5
18032.6
28429.4
16618.1
31756.1
15595.9
25489.3
18989.6
19007.4
23739
31813
33105.1
22764.1
12348.5
21028
27256.2
28795.9
31808.1
26413.5
23320.2
22852.2
23143
28106.8
33346.7
11168
20559.8
26873.4
28302.1
20915.3
27478.2
22173.8
22637
29377.1
23290.2
23102.7
39651
34194.8
18686.6
13521.8
17561.3
18328.2
36582.6
20085.7
33149.4
18450.6
16577.1
18249
28775.9
20558.8
21978.1
15950.9
32275.7
21053.3
17119.4
15221.3
31729.8
20107.2
17950.6
9206.48
22934.5
18914.6
28284.5
18202.5
21973.6
30631.6
23365
18182.4
17646.3
40854
22080.6
27281.5
31795.5
15332.8
21385.7
31279.7
21735
25953.1
31503
33568.3
20290.2
25501.5
25108.1
17309
30235.5
24884.3
20505.1
16078.3
14502.2
19983
22212.5
26579
33951.9
19532.7
11325.2
23442.2
34853.1
24983.4
42358.4
20871.7
15648.4
21225.4
21442.5
31060.6
20083.9
27666.3
23720.7
32240.2
41865
19150.7
17918.1
26650.2
34273.3
22721.9
21044.1
22429
26823.7
24211
26572.6
26299.9
26356.5
28015.9
20960.6
19940.3
32478.6
21524.9
12572.5
14542.2
17593.7
17164.8
34642.3
24369.8
21297.4
10916.4
18485.3
23927.8
20750.7
17936.8
10674.5
27114.2
23141.8
11147.8
17193
20388.4
11019.2
17847
14056.6
18873.8
18382.3
18398.5
12124.5
15870.6
19077.6
23925.4
20668.8
14092.2
21399.3
19188
13447.4
23494.8
15408.7
11303.9
20975
19468.5
14595.7
20892.9
15483.8
20635.1
13112.7
21877.4
19248.8
19459.5
13129.3
39243.1
18461.5
9638.24
15510.2
17660.2
13931.1
22121.2
22456.6
16391
24713.1
19135.8
19188.7
19061.5
30166.4
23545
23728.2
19885.1
19236.1
16359.1
32239.7
18896.7
22320.3
23886.3
25151.3
29193.1
18498
27131.7
19623.9
24275.2
29536.8
24747.7
26031
24182.5
19487.1
20960.3
13905.2
29678
23828.5
20417.9
22513
20167.4
17265.3
22956.8
22858.5
28884.6
19338.2
34838.5
15629.8
16036.9
20607.3
17071.7
39705.8
23309.2
17756.9
23383
13758.6
18288
21014.2
36271.1
29729
18285.8
7222.4
17291.8
17372.7
18590.1
22268.9
12918.3
24063.7
22452.6
14004.6
25463
27364.8
35882.4
32497.7
16492.2
14258.6
16643.9
18688.2
24495.9
21382.9
30160.8
17051.4
21180.8
14132.1
20027.4
27541.7
23378.7
15522.6
17826.1
18824
21585.1
17352.6
19590.3
22842.5
35061.6
23892.6
19819.5
12016.6
17587.6
15536.6
27038.3
16748.8
32390
18254.4
28862.2
8110.08
27076.6
17022.6
22115.8
24177.1
17291.6
22680.8
13659.4
17827.5
13858.9
15320.6
18145.7
15328.1
8780.16
19237.4
18188.6
18351
35513.7
18329.5
23186.7
14706.4
17534.5
19332.6
15885.8
19047
18235.1
21293.4
27809.2
15821
18984.9
21607.9
9731.04
47922.6
17628.3
26470.6
20726.6
19233.4
16444.2
19247.5
13912.3
23589.8
23527.1
15574.1
14580.8
21146.6
24407.9
28413.9
20809.3
15932.6
25511.4
32488.9
30684.8
24814.2
24690.2
17898.7
24009.4
14667.8
22347.6
27977.6
31021.7
19224.2
14847.8
39622.3
15512.8
30738.5
31741.7
19272.2
23878.4
13170.3
18165.8
17805.7
22649
25072.2
20241.2
20981.6
19240.6
19047.1
27561
20400.4
20454.4
14220.3
19008.1
21001.4
18932
14263.6
21551.4
16922.1
18564.6
25397.9
25420.2
21818.9
24547
23199.9
24129
27271.2
20379.4
33910.1
35899.4
22975.8
30980.2
19135
32367
21034.6
27388.2
15629.9
27415.8
17851.5
20419.9
25129.3
17001.8
34363.4
26373.1
30115.3
16486.5
23370.6
20596.6
19230.6
17244.2
14303.3
18963.2
19127.3
16065.9
17685.1
13874.5
15868.2
9740.96
30923.8
22486.8
24202.6
9928.4
16805.7
13016.7
17273.5
22266.3
13593.5
9713.52
17803.8
21831.7
14155.7
15405.1
11741.7
16600.2
20251.4
24241
17223.1
29547.8
11429
15102.6
10662.2
14085.5
23604.2
17617.4
18205.4
20533.4
25426.5
19791.2
11413.5
17784.4
21547.1
29448.6
19648.7
22580.6
20028.2
18291.3
16746.1
25109.8
33754.7
25248.5
20624.5
13341.8
11617.6
35415.4
20529.4
37800.6
22447.7
11869.7
9726.32
26005.4
26717.1
28030.6
16972.5
15469.1
9948
16038.2
16340.1
21109.4
27469.1
22560.8
21663.9
20860.9
15793.8
25062.6
23027.4
19248.7
16034.2
20163.6
13817.4
19839.3
19121.8
13951.1
19436.2
20345.8
22437.8
20511.8
21783.6
24840.1
18398.8
15047.8
19698.9
15311.4
10850
18750.2
20304.6
19269.8
19712.4
15863.1
21849.1
25691.2
21067.8
18718.1
19821.9
14411.1
10886.7
21554.6
22193.3
25997.5
33491
17018.9
14467
21993.6
17570.8
15013
14919
21622.3
24469.9
12877.1
12917.4
16121.8
26170.6
15943.9
8904.16
15848.1
19882.1
15102.2
22361.1
8570.24
19272
15302.6
20596.6
15015.5
13954.9
25702.3
14517.8
15341
10779.7
21223.2
13638.6
27513.5
20676.7
26071.5
13428.4
17199.6
17792.6
16739.2
15507
10562.2
17325.9
23626.7
13282.6
21100.7
13851.6
23396.6
25357.8
14056.6
23710.8
38410.2
14795.4
17871.4
25320.4
19160
22949.1
22046.5
22157.4
24010.1
21362.2
25547.3
22270.2
24756.9
30696.9
13279.5
20278.7
16420.9
21879.5
21614.6
15969.3
28352.6
24106
25407.1
15960.1
15491.2
15530.9
24943.8
17156.6
19645.1
27743.5
22740.2
26311.4
15724.2
17608
18165.9
16229
22555.3
19020.4
19399.4
15207.1
26839.3
23024.6
16763.7
19204
18885.1
12764.9
18473.2
20340
18535.3
20839.6
18032.3
18566.3
23573
27868.7
32323.6
20249.9
22400.1
19407.7
14549.4
22441.1
22505
26995.1
23750.3
24323.6
19928
16658.6
19442.9
22965.3
16515.2
18020
25649.2
12599.5
25567.2
24415
13107.7
15375
15403
19089
10278.1
15251
11998.9
14121
9357.92
21772.1
29167.4
18097.9
11174.8
16160.4
12526.7
27483.4
25660.6
14375.4
25877
17032.8
18264.2
22631.3
18563.6
27437.6
40084.2
21166.4
23849
27530.7
19411.8
19588.1
34697.3
47596
21284.6
16492.2
29332
30720.9
20821.8
42310.3
35440.7
23038.2
31117.7
27516.6
24788.8
26545.5
13649.4
20992.2
26857.8
29246.5
35776.9
14788.2
23632
14738.4
27471.7
43211.4
30876.6
17569.3
21877.3
21272
25205.5
29129.3
31265
26175.3
24537
18486.3
28292.1
26534.8
32977.4
18034.7
11672.5
22387.8
35698.3
12300.7
19401.3
32262.7
14257.7
19567.5
23001.7
34269.1
15956.7
19409
17500.1
20496.6
29189.7
27555.4
23685.4
24784.3
28257.3
26778
19208.9
29341.6
20401.4
22254.9
14541.5
28895.8
16897.3
24482.9
21391.4
15019.5
33654.6
24710.2
21061
19860.5
34160.4
25801.2
24422
35245
13841
23948.7
25590.1
27633.2
25717.7
24720.3
16785.2
22263.6
22952.5
33007.4
20287.5
14549.4
45463
28013.1
29166.7
26236.9
20968.8
20216
20849.2
25412.7
28284.5
17717.6
16872.2
28767.1
21175.8
34826.9
26864.3
16670
21741.5
24214.1
25976.6
18943.9
19415.9
16771
21909.8
30762
25580
26515.8
18794.2
14668.3
14627.4
23589.1
27575.8
25160.4
20716.9
17346.1
18648.6
30680.3
19297.4
15279.8
22442.2
24438.2
15557.4
15782.6
27729.8
28506
24386
21479.8
25551.4
21956.2
16389.8
19448.6
24288.1
38257.2
14961
12800.7
23048.9
18863
13705.4
22585.6
15596.1
14105.5
25744
28249.6
17319.5
23137
14743
14262.9
23166.1
23424.5
21058.5
16885.2
21269.3
22598.1
20103.9
11599.9
19211.1
16294.8
20644.1
12247.2
24574.4
22465.9
16645.8
16764.5
25332.6
15814.1
18168.7
19241.7
27122.8
14443.4
14880.1
16720.9
22573.2
25255.5
16820.8
15866.9
15525.9
16570.1
12936.5
25464.5
18423.4
19660.9
18022.4
36369
20741.6
13364.2
19451
17087.4
29679.5
23344.1
22713.5
29319.2
18389.5
34090.2
18572.4
23460.6
20874.2
26330.2
24030.9
22863.6
17622.5
12269.4
20587.2
25989.5
34810.6
17467.8
19052
16970.1
16471.1
33897.8
19779.6
13520
19043
17543
16530
41562.6
27348.6
19844.1
15049.9
14073.9
28492.6
29985.1
16084.6
27967.3
23723.1
26353.1
15985.7
14616.6
13000.1
23132.2
14343.6
23285.6
27971.9
23792.3
19157.2
23383.5
23711.8
14207.3
18746.9
16825
11536.9
26432.2
18064.6
13016.5
21872.3
19117
19843
24516.5
17035.2
13681
13294.1
17555.4
16055.2
26053.4
23208.2
14320.2
16996.7
21495.3
20220.6
18225.8
37725.7
24108.7
19476
16557.2
19142.8
19791.9
26428
27189.4
12469.3
21619.2
15857.7
13567.9
11505.8
21851.4
21057.2
35726.2
14536.6
17357.6
20471.5
21296.2
17765.7
27550
10674.2
14553.1
13584
15652.2
19663
20246.1
19243.4
17137.4
29816.2
25102.6
17045.8
24506.3
27761.7
21552.9
14907.8
25136.3
26246.7
20654.6
15338.5
17100.2
18670.6
14878
29572.2
18734.7
21000.2
15273.4
24707.8
19600.9
13912.8
17652.3
34545.4
16316
23741.8
30654.5
13243.3
21412.6
22039.3
21082.8
25249.8
21443.3
12325.6
22193
12942.1
27723.3
23433.6
24527.9
17259.1
13575.7
18986.6
20052.2
22370.3
12021.3
15471.1
12757.4
23768.7
24702.8
18878.3
16171.2
16259.7
16492.2
19239.5
14460
28084.8
14424.4
26910
17505
13688.2
9660.16
24666.4
19076.1
13519.8
17971.8
20728.1
26528.2
26508.9
14801.1
25922.4
7519.12
26933.7
19560.1
22836.7
27240.4
28172.2
26790.6
35089.2
20359.8
17390.4
21001.7
16867.4
30649.8
19414.7
15215.8
18342.7
29772
14818.1
29546.4
16255.4
14781
20285
24358.8
15655.9
17506.4
23383.8
21663.2
22468.2
20830.9
11909.6
26845.3
9106.56
25550.7
21174.4
12826.2
16768
19621
14177.5
22995.3
29757.3
22774.4
15859.9
23016.5
13001.8
10373.7
19911.1
9664.32
22555.8
24668.6
21352.1
19204.2
21251.8
12929.4
17115.6
37789.6
17108.9
21468.1
17338.3
15343.4
16297
16611.4
24637.6
21769.8
19604.6
16992.6
18158.9
24187.7
24631.9
22090.7
9226.8
19533.1
10474.2
14588.2
15967.4
36309
16222.8
18569
10581.9
14314.7
24124.3
28200.9
14602
21373.1
11159.1
26817.4
21299.4
33963.1
19474.7
20170.5
16757.1
10529.4
15101.5
25501.5
23100.9
16652.6
16596.7
19157.4
14287.9
18654.2
31212.3
23683.6
24727.8
23844.8
21879.4
29838.5
10701.9
26535.4
24721.5
23026.2
23537.9
26049.7
15109.5
25935.3
15970.1
18265.1
25025.8
11489.4
12916.8
12539.7
23582.9
22970.6
17661.8
20217.4
24681.8
9803.04
19846.4
18597.4
32957
25950.7
17149.9
24449.8
12029.9
17541.5
14023.8
21658.3
20315.9
13570.2
13660.2
19401.4
27269.8
13555.9
16888.2
17949.8
13172.6
12030.2
11259.2
25905.9
19580.6
18056.9
16130.2
24552.2
15526.2
8891.92
23469
20438.9
12635.8
16312.3
14575.7
18056.5
16960.2
25858.9
13613.4
15087.2
14094.4
17110
16078.9
20714.9
10561.1
18852.1
18141.5
12344.5
14922.5
12977.4
21955.8
17629.2
22332.6
19619.8
19715.9
10497
15708.8
18328.5
15743.8
31182.6
9924.24
19508.2
13308.2
15222.2
14238.6
21547.9
16410
18448.9
17840.6
14594
20764.7
20618.3
20970
21219
19680.4
19722.6
16630
11368.1
28623.2
20026.2
18737.7
20491.2
12127.8
21019.3
29600.5
17515.8
12927.5
20384.9
27895.5
17606.2
17261
22077.4
13780.6
12853.8
18888.6
19131.4
12941.4
10514.5
10204.3
27224.7
18854.6
23464.9
17586.6
16626.7
11138.3
17254.1
33495.4
18993.5
17599.8
15167.9
6345.92
29630.2
24735.8
17889
12272.4
11938.1
7511.84
18705.1
28978.4
17108.3
25783.4
12386.1
24645.3
30082.4
24366.6
19184.6
21480
15021
11900.7
24958.2
26300.6
16717.1
22056.2
18185.8
12037.2
18707
29357.8
29807
25249
37269.2
19248.5
30454
19312.6
18411.6
25517.8
29174.3
20870.8
23223
22421.1
28521.2
13978.7
12764.9
13825.5
19348.9
22858.4
20280.6
23555.5
20241.9
17853.8
14388.5
18326.7
14165.8
32256.9
35059.6
11125.1
21963.3
20001
15266.7
21770.9
16420.4
18852.9
12821.4
21038.1
31555.9
15207.9
16298.6
35797.1
20394.6
14740.4
15243.3
22982
25568.6
16833
29369.7
17597.9
16051.4
23172.6
34029.8
14932.6
13665.7
22982
11805.8
13623.8
24924.2
27933
13417.2
32178.6
28377.9
9934.4
32941.3
16182.5
11719.3
16514.9
23909.7
18267.8
12786.9
19235.8
24957.1
16597.3
11511.4
19911.9
20178.7
12903.9
28176.1
28303.1
15941
20861.8
26331.8
14431.4
28291.9
15333
14789.4
19863.4
15855
14501.4
16821.4
13559.9
14239.8
23369
30984
15835
25835.6
16473.7
25518.9
19494
17883.4
17759.8
6803.04
13919.4
29434.5
40250.6
20149.9
18703.8
13806.6
16144.2
21473.1
29526.5
34407.9
23429.8
15703.6
22109.2
25952.8
25088.6
22285.8
21059.6
21763.8
24437.7
19712.1
28022
16505.5
16611.6
20209.8
17706.7
19693.8
20371.8
16885
19090.9
18947.2
12944.5
26564.2
15219.3
27242.6
14994.1
36770.1
19613.2
20691.4
14720.9
19859.4
15234.2
24893.4
39892.7
37019.2
16729
18841.3
25307.4
22797.3
29477.3
30759.4
30156.1
27054.8
23988.4
16609.3
34652.3
30924.8
23055.3
17523.8
23287.5
19085.4
28695.9
34119.2
29818
19786.6
24844
20457.8
12174.8
36441
31611.7
32378.2
23449.7
17042.8
20879.8
24812.8
34920.6
11650
28842.7
23874.3
16494.1
27313.7
27418.7
28922.9
20886.2
23048.9
19656.3
19818.6
19975.5
28359.4
15690.1
24402.7
19174
16061.5
17281.3
21208.7
19807
24536.7
15439.3
21282
19295.9
25148.5
31883.3
23329
12187.6
22680.2
23229.3
28398
22305.4
26165.5
15336.2
33050.5
16081.4
34393.4
14562.6
26166.9
35224.2
22617.6
23015.3
25514.2
30111.4
37068.3
31330.6
23419
23758.6
23465.2
22171.2
34468.6
31047.5
24128.8
31242.9
17501.9
28971.9
20692
27051.1
38526.2
25165.3
16085.4
29001.3
28890.5
31249.7
29116.6
28552.6
22717.8
19567.6
31273.7
27762.6
14293.1
25124.6
19086.6
22545.1
30828.2
31918.8
12816
18739.2
22611
21206.6
24992.7
21328.9
21506.2
29546.5
17771.1
33368.4
15604.7
16288.5
28534.6
33794.6
32040.9
22011
27532.2
30899.1
14721
27143
32353
24452.6
25612.6
34668.6
19091.6
27645.3
26054.6
33217.1
16983.5
20820.6
8949.2
16492.5
31781.2
30895.2
26774.5
20707.3
19497.9
22037.9
29481.7
13202.5
19642.1
16590.6
24957.8
32057.6
26256.7
19885.4
24177.4
25753.8
23276
32035
19294.6
19110
25099
18802.2
20280.2
24012.6
23168.5
9509.12
21737.8
15811.4
22233.4
26096.6
16121.7
25479.1
19035.8
34426.1
20822.8
10851
23144.6
32735.2
16038.5
12508.2
29518.8
18390.9
33821.1
27137.6
25324
17213.8
27822
21425
17381.7
15463.1
22762.3
22946.8
30138.7
29518.9
16655.4
23382.5
13605.1
30844.6
15087.7
20417.7
16257.7
22361.5
19382.4
20184.4
32391.2
23739.3
22884.7
21010.2
10384.2
12658.7
35039.4
24240.2
24405.1
8314.64
17207.1
30037
25336.1
29216.3
21748.3
19187.5
13583.9
19451.1
29118.2
13750.4
17968.6
18043.7
29435.8
17609.4
25867.3
21355.6
31239.8
34674.2
18775.5
22615
19027.2
17577.4
15551.5
15476.8
14958.1
22441.7
24679.8
14924.4
18985.8
27663.7
18016.2
28791.1
22574.3
19618.2
17547.4
14931.7
25360.3
19989.6
19319.4
20327.8
35640.5
10777
23748.2
13500.7
31536.6
26865.2
21078.5
32352.7
25744.3
21971.8
30124.5
16025.9
26230.8
20341.9
17825
30712.3
22048.1
13053.3
17814.1
22725.4
19532.5
25610
25127.9
32017.5
12741.3
20431.4
17769.8
21829.6
40845
19501.6
20780.2
24644
9714.16
23541.5
22391.6
13500.3
31167.1
17019.8
20028.7
13299.6
21961.9
20416.5
17896.7
34442.8
16220.1
12898.5
23382.2
19178.7
31299
29787.4
20718
20828.1
19123.9
11896.4
32543
23443.8
30982.9
18328
44042.7
20657
23390.1
15981.4
23986.6
21497.5
29621
23035.4
34616.4
24324.6
19427.7
29956.6
24213
25658.5
20993.4
24752.2
20303
18904.3
21856
24583.3
33841.6
31896.3
26402.3
22093.1
24138.2
21683.4
28624.8
25053.3
22059.8
30803.9
19205.8
18532.4
30870.1
27776.6
25485.4
29269.1
19172.3
31023.5
22930.4
21890.4
25793.4
30285.4
27725.4
24453
30775.6
17244.2
23532
38044.6
34571.2
24815.2
24864.4
21242.8
27029.3
28404.9
36582
29829.2
25890.6
19740.8
26036.5
31166.3
21542.6
27306.9
21087.4
19128.4
23483.2
24023.4
24739.9
26359.5
34878.7
17352.2
21279.8
29133.6
26550.4
41799.8
20793.4
24534
18999.3
13708.7
15595.5
30666.6
26078.8
16091.3
22514.9
12315.1
16281.8
33377.4
20898.2
17629
20810
19834.4
19426.1
30500.3
36110.3
16388.6
22219.8
18680.2
17397.3
29694.1
29085
23694.3
16544.2
27760.6
11682.2
18989.8
23345.7
28202
38096.6
19587.4
18172.5
30391.8
22123.4
23844.7
56239.1
25573
22822.2
36736.2
16531.6
22523.5
33220.7
27678.2
29401.2
24577
20941.6
23235.7
17196
22945.3
16829
32939.5
17309.4
16524.8
26823.6
29486.9
17355.4
16132.6
13715.6
21000.4
14076.2
43545.4
23829.1
17335.5
19134.3
32559.8
22045.4
27137.1
23432.2
17157.6
24568.2
23499.5
14679.5
15158.1
19249.7
23636.6
20902.5
20956.5
18420
10509.2
20389.2
32703.9
17276.1
27223.8
19998
22163.8
22717.4
25521.5
28273.4
27251.8
26390.5
27315.8
24813.7
32888.2
31710.5
15772.6
18709.8
27922.3
41850.6
30480.1
23950.7
20681
23921
27134.1
47831.6
25714.5
30133.8
20551.9
31239.4
29741.4
41042.7
21130.5
21299.3
22480.3
31409.9
34515.4
22735.5
27240.9
27432.3
14117.4
27158.1
21123.4
26127.5
29199
15150.1
24841.1
26550.5
14764.1
28092.9
24016.6
21970.6
32649.2
22902.6
12783.3
31885.3
19800.3
24790.2
33685
11287.4
20807.8
26311.5
16885.1
19755
25348.1
17180
19494.6
16578.1
22091
34287.9
29569.9
29481.4
18871.5
20108.7
12810.8
29999
22323.3
37496.6
18608.6
23653.1
21919.9
20834.7
18501.1
31210.2
22869.5
20532.2
19419.3
29008
17029.3
24521.4
26424.4
17501.8
12367.5
16908.9
33108.7
13205.4
33203.8
25623.4
25383.4
15881.8
19257.2
33855.2
24761
29687.8
27323.8
27090.9
15536.6
27075.1
21373.4
32664.4
30349.4
23386.7
21656.6
24146.4
23523.3
23777.7
17373.9
25684.3
27328.3
20487.5
26380.2
31782.5
15213.4
19876.3
34476.2
37012.4
26399.5
20356
21295.7
29774.6
27625.4
30302.5
30828.3
16676.6
10725
28805.6
23586.8
35052.5
28563
35600.7
13148.9
23854.8
18964.2
25491.7
25902.2
15944.7
27595.5
30131.4
23178.3
27968.2
19459.6
28520.8
32898
43435.6
26072.4
22798.2
20458.6
22858.5
22532
25826.2
17559.7
25578.5
19562.1
16920.4
23256.7
29114.9
7531.04
19520.7
16702.6
41972.1
14243.1
27414.6
35273.9
11449.5
23278.2
27000
22874.5
35477.8
16357.8
12349.1
23230.2
22708.1
44226.1
16604.6
14607.1
15625.6
21791
21757.8
29588.9
16505.1
22289.4
16723
11460.4
19595.8
16182.6
15957.9
18894.2
15643.2
25324.1
13674.5
8349.28
30662.8
17056.9
11982.6
11974.8
15679.8
22284.6
14733.8
21728.4
24532.9
32072.6
14471
15369
18231.8
21085.7
22578.5
24650.2
21314.4
28839
32257.1
14390.3
31086.4
30134.6
7344.16
15542.2
22182.1
36686.7
17128.4
12341.1
16206.2
16548.9
34354.5
23112.8
25694.3
24207.6
19333
21803.5
29366.2
17428
16162.5
21462.8
30306.3
25029.3
24627.1
26895.1
28224.2
26065.2
19427.5
19060.7
23348.7
19987.8
26885.8
18654.9
21377.8
15730.2
20201.3
22049.3
9676.24
11514.1
28361.4
8503.6
11712.6
15458.2
15840.2
16288.2
25677
32163
28969
37766
10742
20855.9
28886.6
23588.7
20665.4
20102.9
14453
19882.6
21929
21772.8
14777.9
21430.2
27791
12761.6
25915
23272.1
34227.3
26148.5
15767
22270.5
23348.2
25898.5
25075
24365.3
28211.9
26039.8
21788.9
29957.2
30704.2
21794.4
17471.4
23872.6
17279.1
30553.8
23656.6
22561.6
21523.6
25856.6
30792.6
18087.9
22216.2
28809.6
20411
24511
21847.3
15822.3
20652.9
20610.3
22000.1
20358.3
19177.6
15097.4
28578.2
26351.9
17987.4
21756.5
39898.2
20037.3
17633.8
22847.1
18664.5
20677.8
20648.1
16000.2
29616.8
21653.3
22300
22595.8
19099.1
47043
14548.7
28265.9
16525
16724.6
13405.7
31736.8
13688.1
17440.7
13664.2
32236.6
25860.8
11431.4
23733.8
16919.6
17727.3
21216.7
26846.8
48705.4
12314.9
16281.8
14808.8
11725.8
21709.1
24280.3
15974.6
17275.4
16004
23073.1
22659.2
13583.1
17919.1
32893.3
18396.1
28968.3
21914
13205.8
21730.2
18762.5
16134.9
24806.7
21734.6
23776.5
23325.4
15841.6
15289.7
26551.6
21595.5
21850.6
8663.28
16519.8
38293.7
20296.3
18509
25212.6
22945
14041.4
16683
22890.9
19944.3
33483.1
22379.9
34790.6
12005.8
13969.7
28487.2
26595
23540.8
16681.4
27783.8
13589.7
22749.7
11760.4
21705.2
19325.8
19819.3
17582.4
21931.4
21409.1
14803.7
20465.2
31777.4
20779.8
16069
18212.7
18705.3
13989.2
27171.6
27498.9
12351.2
36964.5
16156.2
29029.2
17807.4
20064.2
22921.2
17153.9
26716.4
23073.1
24096.5
22866.2
17612.4
14135.8
26135
24506.2
24125.8
20101.8
17832.8
14078.2
31090.3
24923.6
21719.9
24068.8
24516.6
16061.8
24608.9
21663.4
15683.5
23775.5
14075.2
21372
20426.5
17384.9
21475.7
17591.8
15892.7
29563.1
25513.6
38391.6
14633.2
17017.5
19919.8
19415
20944.8
22870.5
21848.4
19708.3
15892.2
21683.5
20814.5
36215.7
22199.6
12645.3
20186
22637.5
18161.2
41135.8
27811.7
27489
20600.4
19462.2
19196.2
17483.1
25732.8
13551.9
30034.6
15861.4
22400
18381.4
29718.3
15909.3
28365.9
22166
18946.3
21529.4
20727.8
22625.8
10935.1
27374
23158.3
25282.6
17848.3
22733.7
22375.9
15342.4
12903.8
22212.2
21112.1
14651.8
20325.9
23650.4
16118.2
16593.1
14718.1
27807
36803.3
20431
10351.9
13790.7
21401.8
26172.2
20328.9
17674.6
31207.5
16473.8
34888.9
23151.1
26703.8
17462.6
31011.8
20695.1
16545
25177.3
29036.6
15598.1
20967.9
23524.6
14977
20021.4
14264.8
27765.6
16020.5
25120.6
18458.2
16847.3
17207.3
25760.8
19470.4
23913.8
17911.4
15350.1
17750.4
16389.2
19481.9
21352.9
11164.5
19013.5
17787.7
26833.8
25543.4
15973
12588.2
23879.7
16478.9
33305
20736.5
15030.3
12920.2
22085.9
19360.1
17797.4
12754.7
28038.6
16487.6
24512.6
16502.2
15556.9
11678.5
19757.8
17278.9
27513.4
13593.6
19035.5
23247.7
18979.6
22000.4
19613.7
26128.4
18940.7
18874.1
15533.3
27512.6
14296.1
15387.7
28125
16671
16368.1
18039.5
15167.1
14998.8
23401.2
23038
19308.3
25862.7
27529.8
21468.6
21074.9
20108.7
17207.8
17320.4
18972.3
25120.3
22207.3
16904.3
28143.4
18485
14393.8
15237
9766.64
25001.5
25939.8
17331.3
20577.1
27164
13916.4
20346
29363
25582.6
21586
20552.6
18052.6
15774
15881.2
19856
14989.6
32703.9
17714.1
18665.5
13813
17808.5
26050
32606.9
13766.1
20826.5
24109.8
8918.32
16300.6
21018.3
10690.6
15118.8
11774.5
24145.7
14409.4
19922.7
22876.2
21715.4
11668.2
20117.4
15455.7
17779.4
22136.4
20018
11932.5
10366.1
31601
17481
22425.2
15889
17516.2
14717.6
14272.2
17021
16692.2
18274.6
23137.1
34191.2
19791.5
22598.4
13449.4
20175.7
12111
21424.5
14942.5
21302.6
19230
12042.7
24792.8
35189
11821.8
19304.9
12817
16183.4
22236.2
29634.3
16592.7
21534
12007.8
15367.9
22105.5
42312.4
38327.3
24956.7
25818
15224.9
19417
22297.8
28076.4
18289
22348
16326.7
24783.2
33611.1
25339.7
44160.7
20948.1
22019
18029.4
21177.7
26965.7
27989.6
37214.7
35661.2
18461.4
24219.8
21260.2
19881.2
33600.6
42779
27470
30033.6
17203
23302
22842.1
17604.6
34740.7
17950.9
14789.8
24581.7
18855.4
21746.2
27577
19555.2
34483.3
28529.4
16153.9
19483.8
28610.2
18256.5
27786.7
19582.1
14298.8
24844.5
20696.3
12896.8
21928.6
22313.1
25104
16753.2
18291.6
14774.6
19833.7
20976.3
13598.8
19292.9
18976.2
20649.1
16433.9
14295.1
26505
19813.5
17537
21909.7
25137.8
18564.9
29012.5
23348.5
14630
33876.3
12287.5
11143.7
14692.3
24192.3
38767.6
22926.1
12894.5
16019.9
15173.5
23223.1
40160.7
18524.6
12719.7
15194.6
25099.6
25989.9
23839.3
22701.4
18318.4
14178.5
19552.7
30447
34443.6
22662.1
13983.7
11126.1
20436.2
16705.7
19185.8
15189.4
12299
25759.1
20916.2
21783.3
16143.4
12161.7
18681.2
22061.4
24625.6
19108.3
15331.9
6369.52
26355
23956.7
22478.6
21933.9
15211
22351.5
15292.6
17252.8
20339.5
18517
14250
17269.4
20339.8
17090.5
22753.5
6887.12
19635.7
23797
23911.4
24149.3
14727.8
18034.2
20730.5
14948.3
17829.9
15493.1
18185.8
17112.7
12972.6
21594.3
31019.4
19627.8
15026.2
20761.5
18893.4
19407.6
20382.3
10877.3
19577.4
28649.7
21228.6
21478.2
26437.1
8998.08
21632.8
30267.8
19592.8
22693.2
15207.8
15161.5
15277.3
23626.6
17592.9
25765.8
13345.4
13294.7
16965.4
16040.3
17423.8
29152.3
23160
25213.5
14558.6
23402.3
16158.2
14745.3
15833.3
23615.9
20840.3
18725
23673.4
20781.8
26030
31049.4
28975.7
11489.8
16707.7
12950.7
26387.6
17108.9
31104.9
20671
25613.8
17203
16999.8
21977.5
37315
23571.7
16705.2
27775.4
28745
22680.6
20118.6
26660.4
21512.7
18794.2
25059.8
21872
18724.1
43724.7
12507
18825.8
17644.4
26703.2
18953
27414.3
30237.3
23815.6
21620.8
20091.5
28991.6
28519
22546.3
33364.9
36859.5
22977.9
25650.7
12346.4
16325.4
17608
27196.7
14508.6
11883.1
10399.1
24154.2
38292
19696.5
15695.9
17904.5
25267.6
13220.5
25810.9
20416.3
13567
23121.4
15468.5
20015.6
19563
15536.2
16374.1
27197.6
12640.9
22294.4
29205
18954
9667.84
31121.7
21388
19446.3
14780.5
18767.4
7640.32
14974.6
18946.3
16145.9
12978.6
18132.2
14519.4
13283
12664.2
14124.4
15535.7
17747.2
19758.9
17094.2
9846.8
16521.5
22744.2
29131.2
15250.8
16501.2
6693.52
18549.8
15623.7
19340.6
14568.9
14284.4
15588.8
13446.3
22458.3
11593.1
13977.2
21738.7
16549.4
16314
15479.1
20598.3
25086.8
14481
23635.6
23599.4
18129.9
15425.9
13750.1
16542
18305.7
23145.8
25631.4
11074.2
13411.2
19102.8
21652.4
14996.4
15265.8
8840.08
19191.8
14232.8
18430.8
14395
13813.8
24096.2
13686.1
16909.4
16215.5
15993.4
10705.8
11907.9
17371.4
14682.6
8754.56
18205.9
19766.6
19447.8
14349.8
12107.8
24203.1
16013.6
17997.5
14341.4
15741
16143.8
14407
21270.3
24505.4
9150.4
22394.6
21219.5
22694.7
17850
24765.9
16324.6
19116.3
14634.3
18944.7
16769.4
14879.5
14705.6
35569.2
29578.2
19377.4
22453.6
24255
16094.7
16617.4
16018.2
25097.1
20432.9
22373.3
11060.4
21134.8
15171.4
22825.4
21646.1
14273
10414.1
23968.3
21252.6
26077.2
21056.1
15414.1
11237
25090.6
27124.8
12098.7
26502.7
19728.5
13330.4
20456.2
17792.8
24265.2
17839.8
19101.4
14886.6
11890.2
19975.4
27287.5
16807.1
16279
18477.2
15968.2
16885.1
29518.3
18930
15514.1
13000.4
22235
19669.2
18615.5
16321
32487.1
19015.8
31209.7
25162.2
33986.6
19610.5
29213.5
20135.5
23936.7
10284.6
32241
30646.1
37315.4
22266.2
30150
24643.8
19540.1
22389.3
21978.4
38083.8
31977.4
28667.2
16139.4
20798.6
28304.1
27787.6
20559.4
23681.4
28086.2
23205.4
21010.7
29738.4
13493.8
15766.9
16073
20562.6
20815.4
30677.3
37420.6
13326.9
18692.8
26929.4
33495.3
29081.9
19334.6
14201.6
26622.6
15295.3
21780.9
39969.8
19408.2
11528.6
27688.6
28495.4
22838.6
21391.8
27707.4
20554.2
14599.2
22205.5
17068.7
15978.4
32167.1
22990.2
24015
24735.7
16862
19669.6
25184.5
26409.3
19901.7
16777
17800.1
18988.2
19114.3
27854.2
18966.8
15983
25371.6
19527
16106.6
15000.6
18226
21745.8
15789.1
26118.2
23911
18267
9796.96
10740.1
19041.8
32460.6
18780
17335.3
12309.4
24907.2
21731.8
18391.2
20402.7
15728.6
24056.7
21567.9
17725.9
21622.5
18421.9
15491.3
17681.3
18558.3
14636.3
29194.5
19769.2
21108.5
22189
13232.7
16178.5
20269.2
15301
24580.2
21384.1
20783.1
21821.4
15531
12362.1
24531.7
18164.6
24997.8
20628.4
19517
22710.6
17681
29351.7
17099.8
16545.5
22225.4
15965.8
23050.5
24986.9
27007.9
25237.2
23021.9
23878.2
19498.4
18646.7
32913.6
18570.2
25726.7
27825
15933.5
25246.6
21568.5
18788.8
23950.8
21300.8
18329.4
20595.5
35474.2
21118.9
20673
18121.8
29933.3
14119.5
28458.6
18991
15089
28629.7
26173.8
34850.9
17085.6
20415.8
13486.2
15077.4
20196
16605.8
17739.4
16861.6
24672
10044.6
17917
19543.8
14242.3
19647
12185.7
27102.4
29511.8
15973.7
21633.1
14010.4
19253.4
13245.3
23635.3
18228.4
19891.4
29479.8
26176.3
23474.6
13671
25200.6
20799.2
17555.3
25093.2
16753.1
18747.8
24498.4
25024.8
14492.6
37449.9
21245
19926.7
26015.4
19595.2
23720.3
22985
22510.1
29216.7
17348.6
23087.1
15718.7
34491.9
19502.8
26376.2
22607.9
17160.8
28039
23310
30558.3
33093.9
24006.2
22966.3
27578.8
17064.6
34464
30991.9
18395.7
19035.8
21657.4
24526.8
26956.6
25800.2
25250.2
19488.5
16187.8
29616.6
18489.1
22088.9
32773.3
32057.3
18831.3
33637.9
33201.2
30728.4
26521.4
29975.1
32134.3
21859.1
35246.8
34697.4
20702.5
16517.4
15770.6
36393.5
14700.2
21733
17473.6
26228.1
17398.5
11960.8
17265.8
25631.8
18468.1
20626
28676.9
19414
14125.5
40588.2
23528.2
18983
25342.1
16168
16552.2
26882.1
13137.9
21527.8
13722.9
16289.3
16913.2
23499.3
30765.7
29564
17876.2
21469.1
21732.2
21654.7
19769.9
27585.4
34658.9
22989.2
27279.8
12645.8
23634.3
25739
25402.8
23935.8
13839
20667.6
13424.1
27409.8
27464.6
29018
15471.7
22872.2
22270.2
27522
23731.8
27046.9
26109
26635.8
12804.5
25522.8
28771.4
24074.5
23843.8
18407
36491.2
32436.1
29000.3
20797.9
21516.2
29752.6
29607.5
18699.6
23269.2
22049.6
20566
23292
18216.3
19565.8
24684.1
28522.7
17684.2
31888.6
14477
20983.1
20699.9
28820.3
29185.5
12077.6
15342.9
19340.6
20912.4
26261
18883.3
17839.4
14449
17147.5
22921.6
25345.6
25750.9
37850.3
21538.9
19906.4
25322
32361.5
27522.3
18697.2
23692.6
25286.5
27134.8
26854.1
25357.9
25658
27955.4
23042.6
21062
23378.6
22491.8
20069.1
14175.5
22031
27565.8
24984.8
18646
15846.2
15645.7
23020.2
20842.4
14393.1
23523
23596.7
20654.6
20177
25598.9
27717.9
29243.8
15782.5
17232.2
17108.4
14638.8
23672.6
24584.4
17250
24274.6
16110
17753
25741.8
19707.7
30925
28501
18470.3
24778.2
17851.8
26063.3
26659.9
16631
18666.2
15926.6
29731.8
22425.8
19537.7
13777.9
24840.6
11859.5
25736.2
19659.1
25085
18720.2
16125.2
30977.8
24131.1
17761.4
24167
24799.4
16775.6
27251.6
21792.6
25435
14707.1
11177.3
16348.8
14634.6
20285.6
24427
29881.6
24982.2
23964.9
19705
16441.8
25628.2
22789.4
20401.2
32444.6
21247.7
18195.1
16622.4
25575.7
23923.5
20664.8
43566.1
20324.2
20790.2
19629.8
23523.3
20330.9
34607.3
23173
17806.4
20761.4
34774.6
30683.2
32685.4
22517.7
10192.6
18612.8
12985.3
36167.2
12892
19460.1
22409.4
15066.5
25474.6
25476.7
17846.5
24993.1
36615
20310.6
27224.5
22890.6
20587.2
19374.4
50006.4
23792.2
20022.2
24409.8
33304.9
14286
22890.2
29533.5
26481.8
25379.9
23063.2
34768.6
32990.3
18276.7
27055.4
32163.6
26419.2
29960.7
20993
26039.4
18537.8
36197.7
23021.9
35680
28378.6
30304
28535.8
32558.9
23737
24212.9
21740.7
21031.1
17418
22342.4
26526.5
33651.2
33940.6
22203.6
24568.3
22180.6
27755.5
27239.3
27697.6
22638.9
24992.4
24760
29276.9
29635.8
18169
29391.1
30006.2
17359.1
24489.7
31361.4
22624.8
25397.2
17929.5
15049
28044.3
16137.1
26692
29468.8
32888.6
13693.3
25834.2
18261.1
32583.8
24629
17543.4
23623.9
22883.4
29590.5
27093
26101
23535.8
18601.6
17444.4
32094.6
18663.8
31838.8
25392.2
25413
17201
28866.9
17546.6
28947
22777
34225.2
21732
9502
26746.2
31539.5
30018.6
19351.4
18189.8
28795.6
12907.5
28976.9
30551
19054.6
21554.3
20380.1
26690.2
37618.8
25252.6
26128.2
34757
32442.3
21870.2
20321.8
17965.1
22904.2
20017.6
21556.2
26207.1
18163.2
27057.4
19835.8
22764.9
26854.3
13721.4
22265.8
21220.6
14169
17447.4
21135
20402.7
33316.5
16957.9
15424.9
20468.6
16447.8
21553.3
26073.4
16796.4
12452.5
17345.2
30255.2
18967
14730.7
15089.6
23612.6
12938.8
13016.1
12199.3
24750.3
13559.3
19636.3
26110.2
16227.3
17099.4
27649.3
23135.5
22885.7
18412.6
14269.8
17396.6
15988.5
31369.9
32876.6
23061
19039.7
11121.6
17006.8
17483.8
25628.2
29904.8
13424.8
11546.4
14804.4
25215
20777.7
21085.1
24400.4
18236.8
18838.2
17628.1
27446
35628.5
17413.3
26829.7
16663.3
23995.8
30112
16794.7
14135.8
16060.6
10404.8
22573
23238.8
22524.7
16956.6
13987.2
27189.7
21497.5
23798.1
18678.4
35531.5
18481.2
21794.6
21020.2
14508.3
22672.3
26961
30671.6
20192.4
17766
26490.8
15031.3
9192.96
14989.7
18486.2
19841.8
23449.6
15617.1
16101
11908.6
23951
16851.4
20864.2
35423.8
17671.1
13162.6
16232.9
27024.4
13327.9
23353
16455.4
15421.2
37541.3
22105
21312
27612.2
22485.6
17898.5
17617.4
24567.6
29006.5
17843.4
12889.3
22311.8
12090.3
23805.1
24107.4
23297.4
16190.2
16365.4
17400.4
19010.5
16392.4
19731.7
13528.2
22727.6
27270.3
26595.2
13704.6
16066.2
25483.6
10922.8
14913.4
28568.5
18686.6
17432.6
20773.5
20178.4
24639.4
30052.3
19273.3
20520.7
17700.2
15797.9
21657.5
21965.5
16446.3
26134.6
18231.2
25841.2
15885.8
13557.4
20222.2
23814.5
23129
14417.3
14107.5
15967.8
25843.7
27735.6
23717.3
22436.1
32977.8
18325.7
17648.3
19943.8
33361.4
32497.4
18547.1
16368.2
21949
29623.8
32822.8
21817
19553
27409.4
12110.2
17560.2
16142.2
29256.9
19273.3
18106.5
23532.9
24363.4
16618.8
35136.5
21671.6
18365.3
20254.2
27042.1
18735.7
17299
17953.3
42907
15164
20421.1
23234.6
20280
27317.6
20032.5
16751.9
28789.5
11898.9
22860.9
20707.6
29812.2
19435.3
19557.3
16870.3
24213.3
17508.6
20720
17361.6
24042.9
11704.8
19000.7
13401.8
27129.4
17436.9
20092.1
23932.2
11854.4
14898.2
21201.3
21219.7
21011.4
21699.4
16359
25579.5
21882.4
26442.3
19799.9
21286.2
13479.6
18319.8
13385
19423
25743.5
27964.7
15901
21212.1
20376.1
23679.8
34608.6
21499.7
16417.5
19423.6
25503.7
34939.8
15953
28812.6
18318.1
13431.9
25309.3
38827.1
24693.3
27745.3
22922.9
31275.1
23390.5
29893.5
22705.8
25428.4
20364.6
23596.2
16453.6
23059
34220
34165.3
19720.6
15719.8
16177.8
35119.5
27811.4
22955.5
12025.5
31877.7
39376.1
23736.6
22930.3
24237.3
32470.8
22861.4
24492.1
42175.6
26878.1
26323.8
20568.5
20283.1
29569.8
19851.2
20960.9
11284.5
24131.8
21674.7
17649.6
32638.7
25837.7
23764
22042.1
29611.9
21105
24324.2
19981.6
21253
15051.8
19937.1
20882
11171.6
18069.1
25358.9
35553.6
17921.8
17985.8
23405.8
16257.1
18922.1
28233.6
16491.4
17667
17421.8
16334.3
16260
15872.2
20154.6
23679.1
17390.9
17366.7
16626
14505.4
17907.6
21313.4
27547.6
13512
11640.5
14031.1
27648.2
19121.1
23825.8
17065.9
28940.2
14433.7
17807.4
27126.1
22952.5
17452
14768.2
28682.5
17318.1
19963.4
22150
10824.4
33194.4
20673.2
20963.8
24139.6
18142.5
23968.7
17449.3
26289.8
18423.3
22443.3
18772.8
19154
10622.7
13509.1
9722.64
14777.3
20369.8
29661.9
8805.12
16336.5
20459.2
28293.8
30330.2
21461.2
32839
9722.48
20530.2
28427.4
26856.6
25122.5
11407
19009.8
29769
39046.6
34023.4
21803.1
25358.2
21243.2
29700.7
23552.6
23366.9
33293.3
22302.2
16379.4
19812.6
9962.32
40150.5
23223.7
31917.2
36191.2
30092.7
31281.8
13138.6
21494
20771.8
25868.1
14714.5
21345.7
15027.8
14236.3
22200.4
22193.8
22912.1
16324.3
21201.4
15029.7
19181
21291.1
15944.2
26432.1
14000.6
23206.4
19094.9
23780.6
14563.1
23605
13137.4
20112.2
34531.6
25442.6
23005.7
18114.1
23626.2
17851.1
23150.2
28377.5
20544.1
21133.4
27322.6
22122.2
26915.8
25304.9
20810.8
15365.4
17319.4
15273.9
20035.2
21851.7
17997
21263.2
19605.8
20468.2
28291.1
28033.5
19890
22215.6
17320.7
23591.4
17042.3
21885
20639.2
21429.4
25146.4
17674.7
17623.3
32150.1
24490.2
11848.7
34566.6
9262.96
26471.3
15698
20516.3
29813.7
13434.9
17238.8
14309.3
25761.8
27882.2
41985.1
25119.3
18807.3
27055.8
27049.7
35838.6
41441.6
23659.7
24591
25112.9
19839.4
19866.7
26720.4
16782
21754.8
15891.4
23482.6
18222.3
18578.5
11625.6
16584.2
32553.4
23890.2
36555.8
16538.2
26864.2
21974.3
26433.9
19711
18117.5
21331
24124.1
29712.7
28785.4
21906.2
17233.8
24239
20921.8
16720.5
21136.3
17260.1
18375.1
24358.3
20335.9
16280.8
32678
27057.4
10409.2
24360.6
16492.4
14386.2
41780
19109.9
25148.6
20844.2
28679.7
33650.3
22227.6
25622.6
31321.3
20162.8
20170.4
17938.7
23123.8
30079.9
24183.9
27673.5
28312.2
19011.4
15791.7
21118.3
28797.4
25468.1
20199.9
31186.4
27138.6
23224.6
26238.1
22758.6
30234.3
21419.7
28387
18243.7
30690.4
27399.7
19855.8
23538.2
24696.9
22661.5
12417.9
18579.7
24992.5
20471.3
15157.1
12747.4
33943.7
18540.3
22445.9
15392.7
13128.3
14692.4
31311.7
31030.9
24251.3
23571
20756.4
17645.5
15025.8
31897.3
14564.9
18232.9
18325.5
23916.1
19171.4
27678.7
25100.1
19832.8
11813
21574.1
20518.6
25978.1
37427
19290.2
17392.5
20659
19490.4
16410.5
32211.9
17551.4
18835.3
25923.1
19285.8
23071.3
22188.9
22044.6
23282.8
32521.2
19400.7
21400.4
20680.6
26889.3
25632.7
25465.5
21594
17100.6
20384.2
25447.8
26646.2
23361.4
42769.2
17429.9
24140.4
25084
19648.6
42914.4
30138.5
13298.6
22078.1
20761.3
23159.9
23518
20345.4
19641.9
27211.8
32991.7
20179.8
24998.2
18250.4
33080.2
16526.6
15824.5
42540.2
22581.2
32456.5
21883.6
19360
15453
21149.2
20901.6
34330.1
19406.7
16592.6
17869
12896.9
20097.9
21383
25893.3
24409.4
20441.4
13848.2
18587
23093.6
15541
23492.3
12408.8
16935.3
25777.1
26828.2
24049
17798.9
17368.5
23063.5
22185.7
15583.3
31194.2
29378.5
14348
19773.5
20030.4
16913.5
19125
15364.6
14984.9
21114.9
23066.1
20473
19450.1
28298.2
33624
14890.3
21870.4
42346.5
32463.3
18758.6
30199.2
34232
52870.2
13454.2
18885.1
28039
34316.1
27328.2
26309.2
20523.2
23362.6
16415.4
28318.2
22493.9
24703.1
24297.1
23883.1
37651.4
21859.6
19540.3
19900.1
30100.1
19151.1
28452.2
23160.6
25812.8
36216.6
20144
23675.3
16182.9
13782.2
17441.4
24564.6
20736.8
16676.4
18289.4
26506.6
11623.2
15891.7
16023.6
31218.1
22207
17747.9
18921.9
32933.2
16021.8
16699.6
30838.1
17816.5
23277
23538.6
12203.6
12421.5
13452
41490.6
20960
17379.2
12389.4
17003.6
19617.4
20655.4
31841.3
25511.8
13631.9
23538.2
20821.8
15771.6
25583.3
36146.6
20903
16986.6
22293.8
25228.8
22535
26287.3
14007.4
21240.5
9502.48
21859.9
21336.8
24159
16556.2
11788.4
23112.2
27022.7
29300.1
13678.2
14994
15365
20799.8
13120.5
16668
41860.2
21272.9
17529.9
30439.6
12729.4
18527.3
28599.8
17322.6
23891.3
12654.9
17128.6
19686.7
30257.9
21205
31559.3
21209.8
18586.1
45259.9
19394.6
20826
17866.1
12834.3
18704.5
13187.2
18075
24614.8
16095.9
12691.3
13051.8
15198.8
26341
16423
12668.3
24039.3
18345
26669
14781.6
19459.3
26300.7
21054.3
16791.7
26238.7
17931.1
26367.3
13466.1
19624.8
27091.5
15359
31697
10558.2
21691.8
9862.16
16108.4
12926.4
19327.4
15806.6
23158.1
21381.3
13064.8
20991.7
19102.3
20124.6
15679.4
26460.9
18474.2
21228.4
33900.8
17989
28381.7
16574.8
20001.7
25897.8
21930.9
25317.4
21948.9
30785.8
13976.4
25691
27638.1
20110.9
15871.1
27665.3
13391.8
23836.5
18124.2
15843
17099.6
13614.3
41663.2
12139.4
24692.7
20440.1
16069.9
18348
23901.4
18635.1
18815.4
21693.9
23384.6
10434.9
24884.3
21414.7
18098.2
27934.7
18924.2
18389.5
16279.8
20165.3
24449.5
18413.1
19062.6
14608.3
25784.2
16579.3
26991.8
16331.6
13720.6
15652.4
23607.3
20069.5
18411.2
17120.6
15416.6
22595.2
16628.2
30752.2
5863.44
19150.3
19383.2
10243.9
12408.1
20248.1
15408.4
10041.4
23695.2
18634.8
15231.3
22465.8
19435.5
20647.8
23146.1
18065.9
19907
15061
30406.3
22944.6
14044.6
15055.4
10441.6
14246
37543
16235.6
20533.9
19295.8
11183.8
16406.2
14726.9
18811.2
14060.2
21438.6
19643.7
11425
20409
27286
13612.4
15359.8
8164.96
15286.6
24195.4
19242.8
14881
19349
6439.2
16780.9
16317.8
18743.4
14491.1
14350.6
30539.8
17151
16277.5
29527.3
21142.3
21157
18361.8
12440.3
25972.8
25132.1
30579.4
25224.3
15477.8
17139.9
19429.8
21518.3
34282.5
23012.6
22676.8
14207.5
13892.3
17726.8
31385.4
29344.1
23740.7
14304
29362.1
19276.3
23399.7
24640.6
24451.4
11423.9
24500.4
20757.2
20911.9
13851.7
28527.5
18422.6
19018.3
20671.7
17894.8
26963.6
20943.8
20543.3
31475
23460.3
25827.8
19948
19875.8
18792.4
20443
17132.5
18420.5
25695.3
19418
23820.6
20921.8
22349.8
25038.9
18255.3
30132.7
17751.2
31966.4
26668.2
20399.4
17102.3
20438.2
26158.5
17206.6
13961.3
19370.4
34811
24724.9
32962.8
27603.9
24086.4
17620.9
21472.3
22041.3
21051
28829
21805.3
32902.9
25909.1
18421.8
24575.7
21726.4
17730.2
23813.8
18157.8
21234.8
20811.5
23512.6
17990.8
38593.1
17629.2
30655.8
18355.6
17695.6
17775.7
15055.3
21583.5
30370
17843.1
26779
17332.6
26282.1
18737.4
24557.1
14705.4
24221
19280.9
22936.3
42099.3
17201.4
25401.8
26959.7
12564.6
30517.7
35717.8
15420.3
17514.8
17269.2
15054.5
20299.4
37290.6
32644.1
26509.8
15689.6
28006.8
10297.7
15181.4
31364.1
11626.1
17362.8
16277
19895.4
26487.4
18100.9
16347.5
16185
18190.4
31758.2
23178.5
19037
21392.7
17582.4
25615.1
16182.9
18842.8
18973
19013.1
23518.6
20256.2
13312.6
13472.6
22514.2
32619.1
25108.8
18455.8
14324.7
15300.2
9658.72
28297
28460.4
14480.2
18819.7
16878.2
14126.2
13572.8
25709
34172.9
15059
18610.3
25043
14831.7
30812.2
19327.1
21817
34235.4
16536.8
23753.8
20369.8
26896.7
14328.7
15132.6
23706.5
16537.1
19916.3
22383.4
12240.6
23070.4
15491.3
34082.8
20233.1
20562.8
14803.4
18387.4
28381.4
24741.5
25423.3
21567.6
17827.8
21585.1
19219.1
26702.5
19303.8
20182.9
23225.3
17926.4
28171.1
20729
29478.6
20960.2
24363.8
27165.8
14647.3
23621.4
24041
33507.5
16277.8
20314
18140.3
19379.8
33152.7
20418.7
32958
23235.8
20817
23999.4
25367
38795
18301
11775.6
16722.9
18261.6
23059.6
31104.2
18571.9
10635.2
19350.6
20064.6
22587.6
21740.2
24469.3
16800.3
19724.3
18670
28134.5
18195.2
29946.3
23071.3
31717.4
17067.7
24034
26834.6
13257.6
13229.7
22901.8
19963.4
23964
21289.4
43785.4
11458.2
21732
17844.7
28792.9
36105.8
21282.6
20949.1
20990.2
24911.8
14534.4
32195.2
20934.6
21059.8
16195.4
22967.8
25277.7
36350.4
24332.1
38771.8
14731
53739.8
26645.8
21504.2
28111.4
25156.4
16735
32607.2
25240.6
21405.8
30677.6
20066.3
43759.5
15082.3
29043.8
29070.7
30846.1
30549.5
12043.8
16121.8
38615.4
26176.3
26893.4
37849.6
21802.2
14497
20321.6
27635.8
31133.3
21380.1
21502.1
23826.2
24674
16856.8
24953.5
29543.4
29681.1
30506.6
20226.3
20148.6
23541.4
17345.4
23057.2
32442.8
15105.1
30203.8
33748.7
24533.5
15671.8
15175.2
11723.9
17574.2
21705.2
20995.1
19378.9
15176.9
26488.9
25653.7
17575
22833.7
13957.4
22522.2
20072.7
23886.9
27471
22119.1
26685.3
5642.08
29496.8
23328.3
23323
19871.2
16157.4
26470.2
23197.4
23554.2
18167.6
19219
19648.8
14167.8
14365.7
17476.8
19060.3
22211
26238.1
27265.9
17757.9
8253.04
25400
21393.2
21940
18539.4
16319.9
16440.2
12220.2
25580.5
26364.4
20592.4
16748
19153.7
27840.4
20687.1
26699.7
18305.5
19633.7
16862.2
12945.6
14949.3
19233.4
29856.4
29216.2
19412.2
17441.4
27263
20367.3
16639.4
24747.4
17550.9
15235
20035.5
13719.4
14491.6
26860.9
17060.6
12437.1
20853.7
25652.6
20650.1
16053.5
35963.5
23322.9
28562.5
17121
22290.2
13440.8
21433.4
32434.2
25045.4
25807.8
22782.8
15881.4
18327.1
19783.4
20421.8
24581.6
16820.6
17983.1
17801.1
16327.7
19420.2
11193.4
14952.9
18025
19303.7
20375.9
23663.6
18981.2
30742.1
16427.1
18754.3
17701.3
16004.9
21513.8
18282.2
11034.1
19254.5
15349.1
14171.8
24222.1
17023.7
16249.3
30353.8
11712.8
18431.8
14019
25496.9
19413.3
12981
26202.8
29498.3
36489.5
17044.5
12662.5
21099.7
21995.3
22131.4
20324.2
17419.9
24571.3
18704.7
15854.8
28724.8
22085.8
16764.4
36051
25697.1
18945.7
19360.8
14115
28137.5
21149.8
26045.8
20875.9
15299
15067.4
24494.2
16068.4
14170.5
24099.8
31481.1
31486.6
14944.7
18091.8
19243.1
19958.5
28826.2
23419.3
14946.2
16255.5
18710.1
17568.3
19425.1
13801.9
17934
14108.9
20840.3
13947.5
15246.2
23726.2
19255.2
14638.4
23247.6
18997.8
30473.7
15190.4
19908.4
15670.6
17144.7
31206.1
15819.7
20539.4
16389.1
9280.56
15735
19098.1
24468.6
15840.6
20332.6
11024.6
25088.3
16261.2
26809.8
29577.4
32665.4
24231.4
15305.3
31868.7
21139.9
15139
17318.6
26158.4
26635.3
19688.2
21962.2
14734.4
22773.5
21683.2
18385.8
27592.6
25333.1
26255.3
21621.5
20309.4
23837.3
14906.2
16866.1
33085.8
23983.8
20779.4
32992.9
23328
23817.3
20121.2
16153.4
19433
27001
14939.4
20410.4
20123.2
20709.3
18180.5
21790.6
21843.4
22541.7
18921.3
26242.1
19396.6
20619.2
19909
19551.8
16973.9
18344.8
18305.5
35419.7
18578.2
17145.7
25452.1
13385
21753.8
15834.1
14996.2
17605.8
22105.9
25705.8
40959.9
18262.6
20721.7
24618.4
21564.8
18488.1
32054.6
19076.9
16692.7
24462.1
17819.3
30350.3
39312.6
26826.1
12601.5
21571.4
13449.3
33238.4
20575.4
25221.7
12050.2
20331.8
11086.8
21547.4
29083.9
20819.3
24073.1
23859.8
17143.4
35942.6
22182.6
17508.4
22313.9
15803.2
20367.8
23285.9
20214.8
15058.3
19478.2
20529.7
17910.6
23433.8
10223.5
24445.4
18682.5
18283.4
23437.6
22406.2
11496.1
18214
17042.5
29984.2
22293.2
18555
19050.6
21522.1
14796.7
32938.5
18496.8
16982
13564.8
21399.3
30562.1
33315.3
26217.1
19566.4
21761.7
23575.3
29070.2
35529.8
15489.8
20013
25930.2
21305
26907.8
27441.4
27846
20923.2
12056.2
17869.8
9765.2
25990.6
26782.2
32957
8119.6
22533
25433.9
16271.4
29955.7
19998.9
16780.2
26434.3
15730.6
10363.7
28536.2
32878.3
14748.7
11368.2
17741.8
15369
16955.6
16559
18527
15177.3
18569.3
13098.7
13951.3
16543.1
15945.4
28570.9
24306.6
18416.2
26560.7
15566.7
15549.6
21607.2
12332.8
22533.4
26805.9
13392.1
21371.2
14816.3
16395.2
17110.9
22720.2
16556
16058.2
22530.4
13274.3
15300.6
22250
24918.1
16052.6
14410.1
27465.7
22041.5
18987.1
14455
16617.4
14739.4
20163.3
20066.7
33982.8
32272.1
24612.2
8908.64
17820.6
14793.6
34425.8
19724.3
20005.2
22691.2
16773.3
31098.4
14210.4
21859.8
16801.3
14656.6
22186.7
21142.8
17706.5
16239.4
19086.5
20617.7
14201.4
21655.9
23282.1
21974.8
21194.8
18015.4
12069.8
16932.6
23745.1
28705.4
20827.4
18281.6
18812.6
32772.8
21653.8
18506.6
10823
27342.2
24716.2
23939.7
25421.9
18540.3
13724.3
24090.1
20027.7
27136.2
21371.2
17928.9
17829
24914.5
26955.5
21162.2
20859.4
12751.2
15315.8
21194.3
32183.9
29037.2
13994.7
28843.4
21300
20046.1
26001.5
25987.6
27389.8
24072.8
19869.5
13898.6
28817.2
21834.7
18052.2
28459
32592.8
10914.4
26009.2
23003.8
26830.4
25749.4
22467.8
12157.1
20012.4
34188.6
24355
24416.6
24207.8
20442.1
20554.6
34106.2
29626.6
29032.1
32106.4
21417.7
23559
33516.8
26066
33537.9
32076.7
21299.5
40906.6
30373.1
31708.9
25673.4
38540.4
18117.8
29233.1
21147
20368.3
25506.7
12426.3
18911.1
21762.3
26320.1
23468.6
25227.4
24749
12049.6
24133.4
21134.1
22582.5
19671.7
26118.9
17358.2
21705.8
20941.7
19281.2
24107.5
18656.6
20242.7
20319.4
23791.3
21860.2
23543.8
29365.4
20288
16623.4
18964.6
32128.7
14276.5
38924.3
24194.2
26143.9
16381.5
12391
15834.8
23190.7
38483
26316.2
30165.3
29437
17264.4
14535.3
17982.8
25557.6
27376.7
18096.5
10224.6
14546.2
26289.4
27961.3
24716.6
25007.8
16398.5
26189.8
34857.4
16662.2
21915
13513.2
12754.1
26399.9
19550.2
24416.8
22312.2
14766
14231.7
22350.1
17725
12066.5
17348.2
28622.6
22811.5
19040.2
21024.5
12310
17831.4
20013.1
34822.7
15052.5
19387.2
15245.3
21779
23489.8
23211.8
23676.6
21634.7
24071.2
17601.6
19580.3
18023.7
27605.5
18055.3
15192.1
16282.8
30358.6
19316.6
15036.2
25118.7
13144.6
23989.6
20022.4
23105
34494.1
21595.9
29450.1
16132.2
20289.9
21746.8
26082.5
20961.8
24622.8
12880.1
21070.6
18514.2
22339.8
22486.5
31562.6
17934.3
13947.7
18583.5
16322.3
26960.7
21754.9
13565.8
18468.3
24121.6
23685.8
20836.3
17716.8
30526.4
24187.2
14687
32270.2
27192.6
13046.7
23556
19145
17878.5
18120.2
17938.2
22484.3
17145
20001
14673.8
22796.9
14624.4
23844.4
33332.6
16354.2
18976
22869.4
22080
17856
26570.4
20905.2
22792.9
26741.4
22770.2
25167
31081.7
29522.6
43641.8
27258.4
20201.5
29559
28914.8
26106.7
32520.9
15842.9
27422.5
23795.1
23306.1
23572.6
22384.2
25812
34571
27525.2
6420.88
26443
27835.7
24596.3
21272.9
30096.2
23293.5
19202.6
16623.3
26853.8
35391
18164.2
23926.6
23693.9
19713.4
17982.6
19173.7
20500.5
13781
22963.8
23869.8
11901
36399.5
16360.3
19859.4
21397
19866.2
23580.7
19636
15737.4
22819.9
17885.6
18682.2
25559.8
24510.1
19203
27304.2
16728.5
16896.2
17106.8
22925
28209
15413.7
18575
27499.4
23634.1
20583.4
33364.6
21682.8
14134.6
21578.6
21852.4
10959
19893.3
26270.4
19070.1
23181.8
17127.3
25878.4
31727
14603.2
19040.4
31410.4
8319.44
11865.9
15571.4
23905.4
21691.8
17364.7
21086
31504.2
24128.9
13451.8
20210
13572.2
16072.1
16159.6
22607.4
25641.8
19053.2
20004.4
18525.4
25351.7
28298.6
26569.3
17505.4
16556.2
25595.4
16626.7
27665.8
16624.8
25239.5
21608.6
16930.3
22945.8
19070.6
20166.1
27519.5
20724.8
21590
30365.4
15250.2
24970.7
15726.3
12806.9
13521.5
14025
26006.7
22903.8
23309.9
31787.8
16622.8
16200.8
17997.4
30538.4
16308.2
20479
22637.8
12766.7
14729.8
25968.6
18452.3
20539.8
28263.6
24765.9
14716.2
16874.1
22139.9
15557.5
25424.7
19094.9
26593
13820.5
16511.4
19093.4
25859.8
23139.4
17899.8
14455.6
17840.5
23268.1
33325.5
10403.3
11928.4
13377.5
25844.3
36162.1
21699.4
13777
18792.1
16371.3
20439.9
31001.6
22771.6
29177.1
14343.4
18053.8
22491
20912.1
26199.1
22714.6
11356.8
23899.2
18760
34008.2
38477.1
38448.6
11486.2
29166.6
23117.1
25597.2
33902.2
18809.1
33667.9
9956.72
21923.3
30640.5
38824.2
24161.5
10598.6
17628.8
29355.5
34625.4
11584.4
16665.8
22945.3
13313.2
26887.1
27574.4
15878
12012
20155.2
18243.3
23938.9
31313.1
25978.4
17993.4
17101.9
15035.6
26339
21461.3
25990.3
37113.8
10272
30843
18129.2
22075.2
20285.7
14959.6
22059.3
36724.7
17333
20753.1
14204.2
23305.2
13895
20887.9
22526.1
21056.6
25586.5
33607.2
24626.9
20837.2
26876.2
29880.7
23669.2
23071.8
16835.8
28440.2
24647.1
21333.6
26852.8
36650.4
25580.6
24560.2
25995.8
21125.8
27439.6
17973.4
19357.7
15366.4
22635.6
10124.3
21447.3
16545.8
28392.3
16760.6
24288.6
25196.2
21445.3
14635.9
24965.8
17036.2
24636.2
26764.3
23316.6
30485.1
17685.4
15317.2
26060.2
15611.6
26427.9
10865.4
24468.1
19246.9
16392.9
16469.5
31499.1
15543.3
14312.9
30424.9
19811.8
16899.7
26585.5
20283.2
26677.9
57410.6
18232.9
28582.4
27571.2
21542.2
26405
22015.8
32484.4
18261.1
21573.9
25088.1
19196.6
21399.4
21280.6
14971.9
12402.1
20625.7
27329.1
13489.2
15712.3
18836.1
17374.4
18413
26347.9
19463.1
20407
21586.8
14621
25189.7
30493.1
17606
11470.1
24601.4
16213.4
21543
12983.7
20680.6
18225
19488.6
28239.5
13943
18956.2
18405.6
13985.1
16999
24508.7
15371.6
17843.1
13550.6
25280.4
18893.5
20872.2
21070.9
16037.3
16947.5
18993.1
16999.4
19992.8
33153
20864.6
20764
22020.6
17973.8
19605.4
24740
15827.9
18813.8
22836.6
17984.7
14744.1
19993.1
14526.2
17110.8
20074.2
22353.6
14444.1
16348.4
30073.4
12700.2
23098.2
12761.1
22609.3
16040
22431.5
25813
32642
12788.9
19862.3
8334.48
18189.8
26698
24662.8
12782.7
19112.1
12711.4
24231
16679.7
22241.1
18256.7
19939.6
20327
16735.2
24117.1
31653.9
20674.6
12160.1
14792.6
16775
24464.6
24854.9
22320.3
25170.1
20910.4
20944.4
29641.1
23075.6
15461.9
22304.9
36023.8
42241.5
25220.9
35974.7
24280.6
15918.7
29888
40569.5
23083.7
27263.2
23376.4
23098.5
23216.1
34678.4
40604.3
25620.5
37525.9
19102.2
26294.3
27654.5
26691.3
26066.2
33735.7
22632.1
30714.5
21773
21895.1
26016.6
26394.6
25277.7
21065.7
23671.9
19444.6
24346.9
13440.7
15363.3
27249.7
21683.7
23153.3
40096.8
17419
25267.8
35477.1
18019.3
18301.2
26333.7
31341.3
27275.6
24027.3
15578.7
17103.8
33566.9
34676.2
30122.2
26155.4
13284.3
22458.9
24936.8
31251.5
17676.1
24413.8
31620.3
18317.2
20135
33762
7758.24
28242.6
20263.4
17413.2
27813.5
21127.5
24372.8
19852.3
19421.1
26802.1
16281.9
21965
15480
16850.4
24319.1
21153.4
26137.2
25771.9
20270.8
26633.4
19267
28602.7
24131.4
21272.8
17031
28834.5
19588.3
37623.4
34793.3
14457.7
15725.8
19196.8
36709.6
31593.7
21652.1
21729.8
17013.8
19250.2
30504.5
21543.6
23079.9
14007
21747.8
29120.3
12794.2
19034.3
19605.1
17429.7
23846.9
14697.4
21819.8
21034.2
15993.5
22454.4
25141.6
15958.3
9882.16
21873.6
17665.4
27195.1
21765.9
27055.7
23664.6
11970.1
19721.8
13693
17294.3
23917.1
31475
28121.5
20989
17471.7
15384.6
33458.2
29417
25559
25099.4
31818.3
16116.8
15675.4
32195.4
37594.4
25244.6
20397
15445.9
11825.1
37264.6
27678.5
33612.2
33076.2
32195.5
23496.6
26051.7
27811.8
24366.1
19665.5
23082.1
14277.8
17796.5
34458.6
25392.6
20095.5
21558.4
23641.5
22481.8
27114.2
31095
19750.6
16022.5
34631.6
15752.2
25798.8
23326.8
28554.9
20920.6
15104.9
17508.2
24681.6
24194.6
16881.1
33560.6
17894.7
14902.1
30477
16423.3
21881.4
33522.3
24348.2
34313.8
18574.2
17700.6
16536.2
21644.6
27707.4
15691.3
19340.2
17661.4
33599.6
25708.7
29528.7
20344.6
25324.6
21504.5
19025.9
21835.3
17342.2
10965
21338.2
20422.7
18932
20759.6
23663.7
23271.3
18173.8
28295.5
13506.7
17421.4
19417.7
13881.9
31176.9
33341.5
18442.9
22121.4
27876.2
28337.3
21436.9
35667.1
24275
33942.4
29738.8
24373.2
15382.6
20965
44550.3
17445.3
31132.5
19983.7
19803.4
26627.4
32477.4
23749.8
26158.6
16568.7
17932.8
24839.4
27130.1
18044.4
22778.6
24337.1
15301.6
15642
31515
32361.7
24092.2
24051.7
16379.5
25878.3
28372.5
18533.2
28961.6
26949.3
16682.2
35521.4
22914.4
25362.7
18648.6
29331.8
24735
15291.2
22214
28582.4
26258.9
28515.8
19611
22651.8
27939.8
18424.4
23574.6
19026.1
14811.3
25332.9
20021.2
23184.7
22382.6
30264.9
22577.8
18398.6
18447.3
24131
11687
24473.8
21853.2
21012.8
21269.9
26921.4
14904.8
12031.3
14220.2
18402.1
19356.2
18081.9
20581.4
11148.5
9972.88
18529.8
19979
24500.9
16812.4
10159
17150.3
20681.3
18252.9
22087.2
16728.6
21509.4
11528
17225.2
17681.2
15103.4
16708
27473.8
35056.6
17026.2
23045.4
23648.5
17541.4
14324.9
15240.4
32687.9
27328.8
24943.1
14745
16820.3
23727
23855.4
20680.6
16900.7
19919.1
29199.1
24836.2
20943.7
13957.4
22337.6
16923.4
22598.7
27288
13664.7
23672.3
15314.6
35038.2
18038.8
18870.5
16865.1
9847.52
14806.2
16726.2
24754.2
20951.9
17326.9
12694
14375
16170.7
21879.5
37260.2
22618.7
19550.6
24377.7
16837.4
28851.8
14570.6
19810.3
23463.1
32996.2
17614.9
15647
27826
24754.2
22467.8
30955.8
27126.2
21021.2
18056.5
22213
28437.8
23670.2
14960.6
20882
15026.3
14090.4
27784.4
24090.2
27849.1
22692.6
19545.2
22974.9
19088.5
30173.3
25272.3
22563.4
14992.1
30993.8
15705.5
18250.1
23415.8
18301.7
19381.5
23503.7
29346.3
21239
14423.1
18288.8
26142.3
16937.7
23851.3
21244.7
22395
6178.64
15251.6
17371.8
17183.4
27324.7
10566.4
17399.8
14658.2
19236
26366.6
17454.6
22251.8
28167.8
8182.48
26413
14746.6
24327.4
12741.2
14513
6392.08
15818.4
24671.3
21820.7
21421.8
14003.9
14255.5
19354.2
21435.3
17257.2
15267.4
22451.8
8874.56
19994
18415
23703.4
23815.8
22546.3
15421.1
18695.7
20199
23865.1
18135.4
22191.3
18439.1
26873
16347.6
18269.4
26450.8
24199.4
12624.9
21063
17904
14823.8
22983.3
15139.8
20956.2
19028.2
18564.7
15980.5
16511.7
15044.7
13101.2
11649.4
27767.9
14720.7
20795.5
17223.6
17585.4
18424.3
24455.4
22773.9
14595.3
9287.12
15848.6
12202.5
20900.6
20342.7
11697.3
11022.9
20999
18161.7
21926.6
17585.2
19212.2
21364.7
29007.8
17829.3
24034.9
11793.7
18706.5
19446.6
25787.3
26910.4
25770.5
11462.9
19256.6
13452.7
23365
27503
18487.4
28688.8
15201.5
34594.5
25818.8
20006.6
19810.9
16174.2
19889.2
19485.4
26907.1
23027.8
16951.2
26199.2
13396.5
32145.2
20390.9
21611.8
23888.7
20135.1
21143.5
24971.2
20059.1
22867.7
31849.8
19142.6
16453.1
18493.2
20800.7
30107
26251.9
25714.2
27290.7
15003.3
15412.3
18100.7
18504
21398.1
13881.4
22449.6
24528.2
13519.8
21367.9
21105.4
28584.2
28103.3
18360.9
15723.5
11258.2
13838.9
30903
19142.8
18856.5
16249.9
10656.7
22977.2
20014.1
18205.3
40935.1
30205.8
8210.48
16444
21653.8
15878.1
26657.7
19924
27294.4
19501.1
27278.8
28665.1
12943.8
17640.1
23599.7
44126.5
18396.6
16564.3
18976
27205.4
27199
26897.2
24259
29599.4
19887.2
19761.4
27559.4
20768.4
25781.4
32607.4
21687.2
28491.2
15755
21406.6
19981
26378.6
18407.3
21145.8
20102.8
14491.4
38223.4
18910.6
28344.9
20905.3
21232.1
21396.6
23631.7
29477.9
12141.8
13247.2
17779
16049.6
16445.5
21829.2
27594.8
18627.3
23459.4
24115.9
26015.8
32584.6
20949.6
26625.1
15067.3
17886.3
38426.4
21122.6
22347.2
26439.6
16246.2
20264.4
21860.6
22297.6
39375.3
21649.6
29098.2
41406.6
23345
29485
33667.3
27934.3
27742.9
20389.4
17868.4
27116.6
32385
16446.2
26702.6
17610.2
18637.5
18289.8
17088.7
24879.5
40250.4
22032
17067.3
20897.8
23898.2
25103.5
19503.2
25349.5
24815.2
14815.6
18474.8
17569.4
19939
22353
23654.5
14672.4
21713
23713.8
22844.2
25798.4
19181.1
15003.6
22561.4
12688.6
27344.7
28127.4
27964.6
26503.3
13215.4
31067.3
27165.2
15760.6
24744.4
24735.4
15271.2
24717.4
27828.2
16938
25870.9
17748
24971.8
21394.3
24900
18780.4
11998.3
28816.4
26798.4
22390.1
20762.6
28068.2
37779.4
21645
33364.2
22582
24324.4
19030.2
19720.6
27503.1
23485.3
18701.8
29744.5
25114.3
14991.1
22047.7
29616.6
22358.9
21569.6
31091.3
19234.2
34282.6
30316.7
26297.5
18169.6
16393.8
15941.7
20534.6
20783.6
30369
17813.9
31536.9
13323.5
18386.2
24048.6
16666.2
20521.2
21838.6
20346.6
32831.3
20428.2
21505.8
29396.1
31119.7
21749.3
29060.4
39183.4
18006.5
20652
23363
30078
38776.6
23620.6
27376.6
17219.5
15579.3
28236.2
34377.2
23225.5
15113.4
21024
25946.6
31029.5
35747.3
22450.2
18111.7
25657.9
29874.6
24082.2
26959.8
21966.8
22418.8
14927.1
32006.4
21005.2
35371.7
27944.1
49084.2
21269.1
27171.1
26125
24388
20673.6
28291.7
37833.8
23741.4
27788
22831.9
34273
26513.1
23767.4
19031.8
31991.7
18170.8
22544.2
23171.8
23287.8
22077.2
15317
19788.5
25088.3
21893.7
31297
17019.4
18675.8
14854.1
24214.6
16126.6
28006.4
22106.6
26702.2
24266.7
22088.6
20890.2
17796.3
34613.4
32987.3
24124.2
15748.3
17129.2
20243.2
24416.2
24517
21925.7
18124
16311.3
19210.1
20451.9
14105.4
31949.9
17039.1
31038.9
20199.4
20292.9
16000.8
30054
24698.3
12052.3
24367.8
14408.2
21497
34112
17119.8
29663.3
16071.7
32235.1
19481.5
26634.1
21672
21218.6
19311.4
23589.6
25912.7
35049.4
20307.1
18572.5
16562.5
33041.3
30027.4
31636.8
28618.2
22885
17277
24670.2
44608.6
30025.3
29635.5
20737.4
30668.7
36797.2
22212.2
30046.2
21725.1
25047.1
20098.6
21446.6
33117.3
18643.4
20879
28365.8
27388.4
27585.3
33597.4
36281.4
15498.6
21395.7
33107.6
25015.5
30193
21375.9
13190.3
26812.9
24658.4
33596.9
19058.4
23459
18249.9
26014
31931.8
22074.7
19310.9
26087.2
23973.1
37702.1
23100.5
22958.3
25074.2
23218.6
30338
26048.6
21177.8
19492.2
33120.7
25539.5
29347.8
22811.1
21391
25604.2
32196.4
21673.4
15257.8
15399.7
19934.1
24697.1
20719.5
16636.6
35053.3
25679.4
14815.4
19956.1
18409.2
28385.8
25026.9
18193.6
23994
20267.6
29653.3
23296.4
20522.6
38178.7
24208.6
15957
24170
29811.8
26237.8
31220.2
19161.5
26114.1
20105.3
30293.4
36767.1
20809.4
19490.2
22157
29729.3
19163.3
24215.3
18634.6
23444.9
19488.2
20787
31675.4
16017.4
31666.1
21373
19154.2
39170.3
26556
31331.4
24677.7
22880.6
21822.8
23033.8
19710
14441.1
30157.4
22000.7
23563.5
14246.4
27656.5
22496.4
15904.4
20172.4
17702.6
14605.4
27214.7
32225.4
25138.4
17157.8
14515.4
24456
19992.8
23034.2
29769.4
32563
20321.9
31789
15007.1
10845.7
42393.1
21887.3
21962.6
27409.1
19389.6
25518
17800.1
29978
37483.8
26003
25019.8
16190.3
15145.9
39056.6
24716.6
22940.5
13510.5
14518.2
30511.8
21792.1
34198.4
22786.6
41449.9
19542.5
15555.3
21055.9
26808
26869.8
20878.9
19029.9
18360
27556
22174.2
18808.4
15382.7
15714.2
24581.8
23660.2
28000.2
18751
18201.7
24634.7
28979.1
35388.6
21936.9
23311.4
31788.2
19499.8
17515.3
20505.9
20052.7
25526.3
17132.3
27875.8
27361.6
19965.6
19967.8
20484.7
27514
24638.1
21814.7
17956.8
33049.3
28780.3
25625.8
21821.4
24577.3
38016.2
21815.8
31881.6
21775.8
30387
25563.4
27365.3
24088.4
25684.2
21923
31783.6
18610.9
20573
24735.2
33620.1
20471.8
30970.6
17635.5
10900.2
26497.8
22623.7
25700.2
36720.7
15891.3
17592
37000.8
20400.3
28216.6
21595.9
25476
29601.7
15256.5
36498.1
39199.3
35160.6
23353.6
23647.7
19178.9
23155.7
34060.8
25111.5
25021.8
23129.6
31411
22826.6
18338.1
29764.6
31010.1
29660.1
23589.7
14855.1
27819.4
27309.7
16746.8
24881.6
30177.7
30364
19025.8
24040.3
34477.4
26292.4
18806.5
21104.7
35270.5
28090.6
25737
21881.6
12839.9
15074
26862.6
27606.1
17524.3
22700.7
25662.1
21048.2
28286.1
39913.1
23260.4
29673.3
21080.1
17678
24775.4
32911.7
22496.2
22347.5
19709.2
24697
34490.1
24901
24016
36603.6
24313.2
29869.3
35406.3
27821.8
32230.9
22189
24677.7
12136.6
23647
16824.7
16970.5
22955.1
17920.5
25906.3
37306.6
18964.5
14441.4
27663.9
18767.8
15338.1
15486.8
15311.5
13129.6
29894.4
22801.2
32058.2
18569.7
17127.6
19995.2
31197.9
26110.4
27861.5
33442.6
19371.4
15337.8
27945.4
20320.1
20363.4
31352.1
19425.1
31696.2
19755.4
34439.7
26174.7
16880.5
14952.5
20106.1
36833.3
26514.3
21342.6
22724.6
12834.1
41543.8
20651.2
21029.9
14407.8
16453.6
25919.3
22326.8
24240.6
23984
15333.1
26652.2
16443.4
30534.6
25328.9
29233
12686
18826.2
19867
18438.6
27849.4
15907
24792.2
16839.4
15018.4
34811.3
26813
18418.2
32346.2
20503.4
20335.9
23180.6
23214.9
13129.3
27842.4
26671.7
26440.4
25387.5
14725.4
18013.8
24493.7
16870.5
24803.4
19485.4
21445.6
24867.1
14849.3
16665.4
23395.9
25065.1
20036.9
37471
17219.2
26233.4
19809.9
25623.4
19870.4
16951.2
22374.6
20449.9
21528.2
20557.6
13501.9
23103.3
28760.6
23798.2
23419.5
21870.2
9643.36
20290.1
14912.5
34845.4
32381.9
20691.8
17384.4
15115.8
17291
26709.7
10867.8
28630.7
15211.8
26410.6
24438.8
17705.4
31130.6
18587.4
19187.4
20720
17726.7
26439.4
36107.8
22235.9
24161.7
19840.2
21926.1
22506.1
23101.1
18480.5
15901.4
21372.7
23114.9
22643.3
13777.4
15278.2
27258.2
33130.6
24977.6
13758
17975.4
18865.4
17221.3
15035.7
24725.4
21585.4
20412.8
15570.2
11789.7
14040.5
19599
16527.9
20119.8
16305.4
15795.4
10908.5
19704.1
19399.7
13905.9
18016.4
16787.4
19374.7
17689.4
13872.6
20055.1
10532.4
17027.7
30214.2
24462.2
12383.4
23426.9
27521.1
14166.2
28451.6
17630.5
33673.2
20077.6
29519.7
18921.4
14592.8
15718
33210.9
16475.6
27940.7
31212.7
16186.7
13215.8
19791.7
24106.5
20778.5
20137
18540.2
24305.6
22659
21715.5
19264.6
21867.3
19934.8
19031.5
15036.6
25916.2
23696.2
21839.5
15169.7
26806.8
17108.9
22088.5
18945.9
24742.8
20158.1
13061.2
13441
13344.2
28173.1
17061.2
19487.8
16527.5
14495.1
10979.4
37168.2
32819.3
17351.2
15440
14672.7
16233.8
31265.2
24177.4
30251.1
24939.4
16985.9
14343
33547.4
22264.8
28498.8
17743.6
18255.2
21034.2
30951.4
24064.1
18524
16849.7
16009.4
22025.8
22371.6
21475
19219.7
14108.3
23733.1
21187.6
35564.8
19308.7
20777.7
15384
34732.6
22920
26117.9
16288.6
24319.9
22182.4
21693.2
18815.4
12998.1
23794.9
10953.9
43572.2
27150.6
16418.9
23104.1
17200.6
15827.8
21528.2
18932.2
26029.1
19862.2
26863.3
13877.2
19513.9
16625
19695.8
27807
18296.4
11603.7
18601.6
11667.2
20780.3
26523.2
17100.5
14153.5
30952.5
20035.5
16486
12428.7
25905.4
17968.7
27686.6
11896.2
14842.8
11505.1
15850.3
11133.4
15362.8
16393.3
23143.9
15473.4
19247.1
13449.3
17853.1
18809.4
16211.8
13388.9
13811.4
17062.4
21124.3
18712.2
13747.2
21673.5
14495.2
13293.2
32349.2
13698.7
15992.6
23038.2
16886
12153.7
12456.7
25355.6
23622
21298.6
18823.2
23054.6
20502.1
31414.8
28696.9
21701
17989.4
25635.8
18653
22503
24675.6
19760.1
23623.7
32929.5
19353.6
16547.5
13046.2
42493.4
20307.7
24674.2
22887.4
13791.7
17701.6
15521.3
17435.3
22224.4
26484
23703.5
21728.9
25401.8
17627
32921.2
17795.2
16326.6
21818.8
26449.5
31460.9
18417.8
25728.3
23275.4
37200.1
12374
23120.2
21953.4
22808.2
25834.7
21503.9
26079
28467.4
25594.6
32364.2
19276.8
24766.9
26290.3
28480.7
23637.2
24811.8
31353.4
17539.3
21432.9
26666.6
19812.4
20734.7
24179.4
16114.4
23452.5
38922.7
19862.4
22897
21995.8
11790.6
20412.4
34371
33389
22313.2
20035.9
18696.1
22861
39437.9
36503.1
20755.4
20668.1
27587
28679.8
23975.2
23468
21333.5
27591.4
38900.1
26346.5
23798.2
20725
19675.1
23160.3
17389.2
22143
35954.8
16835.8
20853.8
17731.8
13792.9
31285.1
17357.1
23724.5
22881
15820
19169.5
20741.6
21539
29597.2
19720.5
27317
18613
23326.1
17398.7
27797.1
20167.9
33100.5
20995.7
18681.1
23810.6
25696.8
18009
28368.6
23241.4
25121.8
20658.9
14234.8
14411.3
27425.4
13400
12116.2
22051.9
16104.2
25761.8
25781.6
18354.9
17166.9
11688.5
20890
21232.6
25640
28384.2
10267.6
19142.2
17958.4
31830.3
46820.2
24541.8
12390.1
29920.4
20515.6
16251.8
23622.1
31018.3
19668.6
27834.6
14518.2
30230.2
16660.6
12389.3
15146.5
22266.1
18931.8
20703.2
22322.3
13965
25315.8
21386.1
26001.4
15112.4
21386.5
19531.8
17227.5
26222.3
25063.5
12615.8
27982.6
17060.6
34650.8
29459.7
23125
29514.4
15616.7
10121.4
26833.1
28476.9
24524.5
28707.6
15594.7
20348.7
21917.7
18071.5
40417
23367.1
24277.3
11483.9
17694.8
21125.2
23402.2
18337
22978.6
19239
17025.6
18986.2
7853.2
20940.2
20497.8
28721
27365.1
14040.2
12604.6
17625.1
20974.4
17165.5
14934.2
11380.8
9670.4
21254.3
19047.4
20730.6
18124.3
10793.2
15274.2
18173.2
32910.5
19464.2
10326.5
18533.8
8606.4
18505
17574.7
22648.5
16562.3
11673.5
16349.1
29493.4
23467.6
23164.7
24980.7
21983.9
13637.4
26296.5
24997
18571.7
26126.1
17115.7
26191.8
28233.5
30911.8
23660.6
19353.8
32217.3
20437.7
16011.8
36032.2
16982.4
17024.4
23370.9
14170
22323.2
22732
21625.8
25816.7
15519.2
25226.1
18940.6
18634.6
31930.2
20416.2
19600.2
17795
20804.7
21978.8
21427.3
26218.9
25780.4
19343.2
25006.7
17082.3
20241
30839.6
38741.8
14967.1
17097.4
18900.8
29282.4
24989.9
21858.6
18644.9
24690.3
25539.8
13613
22278.2
34904.4
18706.2
23833.7
12913.8
12679.9
20901
16670.1
32525.8
29442.1
14501.6
15094.1
21929.5
19926.7
17337.8
17904.1
12906.9
15135.2
26382.4
18694.2
21716.5
23163.4
16552.5
21146.7
17444.1
24154.6
14810
22821.6
11157.4
25297
19873.4
26299.8
27404.6
20876.2
18096.9
17219
22483.1
18658.2
29703.4
34428.6
22461.6
24932.4
18436.7
31795.3
31909.7
13160.1
24588.4
23476.5
18708.8
27821.7
28708
17929.6
28437.7
16969.6
23687.1
32011.8
18078.7
18208.6
32904.6
18614.4
25143.4
17860.4
33003.4
17993.8
33916.2
26606
14500.6
18143.3
21543.9
20656.8
29781.2
17239.6
17178.7
28751.4
21856.6
19449
26922.1
17535.4
28125
26110.6
23183.2
26445.9
25026.6
15444
20145.6
23607.5
26825.9
25637.7
26826.6
18362.6
18059.5
26305
23933.3
42227.5
23096.6
16580.9
16895
22275.6
25415
26894.6
20586.3
18936.2
13107.9
16342.2
31143.1
17247
20552.6
29619
32866.3
29037.2
22364.8
23863.4
33524.3
32178.4
15454
25207.8
16157.8
23378
15294.4
20141
18192.2
13734.2
17504.2
36548.9
18698.9
20717.5
15067
19064.5
19322.1
27318.2
18405.8
18017.8
22055.8
23598.6
12252.2
24389.6
21025
17387.8
18946.3
21425.3
16555.2
22849.7
19103.4
19933
6159.36
12372.1
13680.2
9981.28
11937.4
15693.6
22100
18601
13351.9
24128.5
17711.9
13683
6725.6
16887.3
10185
21460.3
23765.1
11030.7
14066.2
20352.1
22307.9
15840.2
22317.8
16206.6
11610.8
11928.6
26410
17496.2
21158.3
30454.6
16944.9
12532.5
22450.2
23447
22218.3
19981.2
25846.7
17306
18613.8
15797.4
15126.1
27907.5
23746.6
15962
14649
22675.4
15700.2
18591.8
16433.3
20574.6
17205.7
20064.2
19089
20781.5
17141.6
20961.5
16315.2
14896.7
32323.3
19546.4
28881.3
19369
15315.8
31472.6
20398.7
36461
16462.3
14283.3
27521.3
20822.8
33278.6
33854.4
20209.1
27979.4
34413.7
24939.8
39708.1
21110.6
18277.2
19813.7
22247
30324.1
32407.6
20067
18519
24025.8
31242.7
17095
20903.6
11307.1
16300.3
20290.8
18056.2
18276.6
17326
17545.5
19643.5
20961.2
21703.6
18731.7
20414.2
23129.6
13967.8
21855
26593.7
21906.9
36597.8
20848.2
16487.4
24303.7
16470.5
19018.9
27988.4
25480.7
23506.6
17174.8
15623.5
14802.3
11828.9
15404.6
30279.8
13672.2
12963.4
34555.8
13296.4
19189.2
36004.6
14537.7
22532.6
15551.6
13058
17547.8
25728.6
25103.2
13397.9
13255
19723
16600.1
17869
27983.9
23244.1
12760.1
12601.4
21604.8
27875.6
17885.8
17038.9
23569.4
28633.3
21241.4
22608.7
17567.3
20986.7
30231.5
26549
16135.5
25482.1
23997.7
18043.2
11578.6
30177.4
19529.5
22567.1
19012.5
14185.5
26029.8
23709.1
19511
25316.6
21575.5
20614.6
23119
23477.7
34299.6
27695.8
23633.4
22762
20589.7
13789.4
24055.3
28775.4
20799.7
21421.8
29495
11763.4
37183.9
28954.2
20817
19496.6
31826.5
21799.8
20914.1
33431
31879.8
22729.4
15677.6
22141.8
67489.7
32352.6
24246.6
20776
30668.4
29400.1
31639.3
52707.7
13977.5
27911.2
27287.3
27802.7
36124.2
21299.5
25874.8
37005
19184.8
26847.4
31971
17354
27695.5
20650.5
25483
21691
19755.7
19517.2
23990.2
33405.2
17942.6
20136.2
14351.6
27571.4
23483.4
21163.4
19293
16481.1
13890.8
20170.4
20180.2
16396.2
29288
36937.4
19342.4
17278.1
20972.5
22016.9
22438.3
31807.8
38533.6
35396
29425.6
19241
29567.3
14639.6
26992.6
14858
19999.9
29185
28088
13272.8
21523.7
15917.2
30701.2
19202
21371.5
15662.1
20690
23147.1
27939.4
17980.6
15012.2
15800.1
16687.3
22444.6
31960.4
15903.2
36735.3
27241.4
23710.2
19822
27893
18874.3
24730.7
21728.3
36142.3
22741.3
18819.4
19707.2
29160.3
17170.2
20720.2
25189.8
7875.68
20005.8
22103.2
18170.2
27166.7
22576.7
23280.2
18701
26688.1
20866
30592.6
33771.3
26379
23631.4
17695.4
15366.1
25802.6
20238.2
38335.8
34583
13846.2
17085.9
27294.6
23617.2
22949.8
31942
17797
14065.5
25243
24087.4
22628.8
14429.9
23419.8
14796.7
29105.6
26300.6
29377
20851.2
10574.6
15388.1
22059.3
20386.2
23806.2
26489.3
19942.7
26060.9
23663.6
21422.1
26760.1
22717.4
22249.5
22040.8
28698.2
18864.8
16274.8
21768.3
15353.1
16056.8
23695.7
17111.3
22344.4
31547.8
25523.4
15632.2
22205.4
13083.4
27552.8
33898.9
17310.6
23285.8
33302.2
24734.8
19414.9
32073.5
18437.5
25101.6
37062.4
13434.6
27660.3
22260.4
15702.9
32224.9
36777.8
32057.1
10571.4
16492.2
24184.2
23628.7
17599.5
20640.2
14562.6
18842.7
23795.8
25969.4
29113.7
17448.8
16006.7
19326.4
21697
32293.2
25911.6
31764.1
30932.5
23519.5
24053.4
15013.8
18629.8
24619.7
20183.2
22928.8
22636.7
19337.3
21755.6
20542.3
16732.6
31639.3
15585.7
21846.4
30045.1
20770.6
18996.8
15831.7
12530.2
15946.5
17708.6
24970.3
24359
15607.7
15939.6
19608.9
13462.2
24947.7
17594
15117.7
19600
13968.6
24344.4
18127.4
19507.9
19189.8
13863.8
25808.2
23172.8
14226.6
19557.1
11547.6
20558
15469.6
11810.9
16988.6
14853.2
25341.5
12945.8
16116.8
12151.5
38817.8
17397
23347
12355
16175
17285.8
21398.1
27727.5
32556.1
13920.8
19246.9
20200.7
21739.3
29213.6
21678.2
26041.1
23820.6
21792.7
18236.3
17228.7
18245.9
19480.4
22126.2
12533.5
20064.9
18401.2
28394.1
17245.9
29586.6
9577.12
13417
15845.4
13512.9
14513.3
22905.4
19971.1
20625.4
13744.6
15125.7
15290.5
21093.8
21168.7
22317.2
23742.4
21460.2
19598.8
17330.2
14678.6
22590.9
33599.4
20350.6
25756.3
23958.2
29395
15760
16382.4
36531.6
23179.8
38487.8
20705
39506.5
34061
23266.6
28458.2
15687.7
29055.8
18615.8
22233.5
36602.6
23419
14652.4
25939.9
21878.4
35290.6
25335.7
47143
15615.5
21501.9
23447.6
9988.08
24773.9
48240.9
24715.8
18248.2
22017.3
20108.4
16841.6
30479
41560
22875.5
19603.6
27718
20532.8
43639.4
19602.3
22954.6
29760.1
28011.4
32805
17954
21548.8
20539.6
17939.8
21339
17555.4
31505.1
26220.6
24431.2
29808
18489.5
19413
29301.2
25631.6
27664.5
19020.2
15140.9
11658.5
25450.2
22658.4
21038.8
28393.9
12237.5
18484.1
18061.9
15799.3
19207.4
11658.6
21474.1
21762.8
19727.4
18524.6
14243.3
6866.96
20662.1
22228.3
20080.4
14072.8
26350.6
15187.5
18694.6
18107.2
20969
31172.6
26899
15373.8
17193
20470.2
17688.7
15831.4
28074.8
24642.7
21783.2
30876.4
23627
22627.5
16095
22019.3
23752.3
20727.7
19331
16732.8
15163.3
23967.7
25327.8
29929.4
17726.6
16175.7
30107.4
16743.8
17970.2
32175.4
23738.1
21065.3
15411.6
23737.8
14887.1
16882.9
23460.2
30235.7
19742.5
22605.2
24568.5
14706.9
19784.1
25024.9
23322.6
20640.3
24419.9
28438.9
27616.4
35730.3
12631.2
29529
19469.3
23270.4
26231.9
30662.8
15746.2
23789.4
15942.6
18685
25811.3
12343.8
34205.6
14101.6
26057.9
18207.9
18955.4
10290.4
29144.5
25019.6
15562.5
23876.9
17216.2
28217.1
26219.2
19953.2
20543.8
24243.3
18066.4
12824.4
23636.6
23248.2
17199.4
20181.4
25713.2
11675.4
26284.1
23529.9
27454.9
26885.1
20898.7
13012.9
23753.4
23966.7
42292.3
18824
13569.4
14544.3
24137.4
19385.3
21711.9
23113.3
24299
20158.1
20755.9
16725.8
29245.2
16056.3
14679.8
17211.4
18144.2
14602.6
18127
32500.9
22249.8
11709
17344.3
19127.2
29833.8
25353
17116.9
16043.5
19443.6
26227.3
40072.5
17306.8
23329.5
12903
19414.3
17389.1
20891
27963.3
12480.7
23209
13671.4
20937.4
19087.7
30391.5
26392.3
20792.1
18449.7
15545.7
18689.6
23118.6
15295.2
26225.3
27236.1
18469.4
36745.8
19844.8
13358
26605.2
18114.6
18845.8
43163.3
36354.6
11189.2
15863.4
13541.8
21563.8
29389.7
20888.4
37177.1
15192.7
19538
24414.2
27157.1
22176
28703
20512.7
24829.2
16517.9
24796.3
16017.1
30445.8
17571.8
18879.4
25996.1
27967.4
22526.5
26974.3
22292.9
19157.3
17646.6
27053.8
19813.5
16980.2
28471.6
26901.4
27804.6
27163.2
21391.9
18051.5
24574.7
28705.7
25381.8
11479.4
27633
35872.9
24716.9
22287.5
18917.8
25214.7
21785.3
34588.6
14732.9
17523.2
19501.4
18069.6
25660.4
19019.3
17478.1
18165.4
23550.8
14658.6
25720.9
21326.7
15762
16918.1
27125
23547
25851.2
20022.4
15919.5
14100.5
22234.9
24590.4
24999.8
25435.7
32808.6
13084.5
26670.2
20736.3
28481.8
20135.4
17024.6
22821.7
15208.1
35620.8
32339.7
15930.2
23771.6
23809.3
16708
20835.1
20698.7
27542.4
18181.4
26945.6
25675.4
19484.1
19528.9
20116.6
22435.1
27884.8
25457.8
19370.4
23869.4
30095.1
28339.3
24537.2
26799.9
22813.6
36969.5
23798.5
22663.9
23031
23455.8
21218.1
26740.2
20526.6
26898.6
30716.1
13908.1
21458
27717
22670.6
10666.9
14223.6
26293
22565.6
22254.2
24955.1
19872.2
15852.6
26531
26649.7
18504.8
26591.5
15510.9
24541
19754.9
35216.1
15573
22769.9
11957
21876.6
30509.4
16607
22328
14907
25717.7
17531.4
28943.1
22824.4
18435
20728.6
15436.2
20985.5
22396.4
12721.9
17665.2
24248.1
20059.3
24122.3
23499.7
13259.8
16080.9
16334.3
24595.8
27523
20825.1
15850.1
14006.9
19394.1
28584.2
30705.7
26614.8
15035.8
19223
22332
48063.4
19369.2
21031.4
41023.7
18514.6
28594.2
31340.8
25816.2
21370.7
13491.1
22048.5
18619.8
36434.4
20914.2
17202.6
28198.5
23787.1
27518.4
23326.2
23049.5
20351.4
25320.2
17182
20527.8
18652.3
29150.3
19592.6
22048.2
19741.5
27117
28226.8
21100.5
20198.5
25186.4
21587.2
40114.5
28777
24537.6
22731.8
23052.7
22087.5
24182.5
21188.9
33777.6
20098.1
28605
26500.5
18093.8
33372.2
19455.8
22281.9
26257.5
20330.5
28709.7
26750.4
25624.2
17304.9
36773.2
27638.4
28479.5
32137.9
17749.7
10884.7
22898.2
33163.8
18562.7
24231
19310.9
14768.1
37989.7
19723.8
25326.2
25422.3
13771.2
16323.8
25350.6
25880.6
24893.9
14089
24142.8
21939.5
13179.9
15657.7
30038.5
20053.4
16497.3
17218.4
19874.1
24539.1
28014.1
9363.6
19732.2
26829.8
19964.1
23619.3
16607.8
22821.4
34682.6
16537
16357.7
28353.8
23974.1
20159.7
24970.8
14717.7
13050.6
24774.8
24850.2
23551.5
21043.5
17181.6
20691
13115.3
20612
34614.5
27019
15961.7
22251.5
23415.8
25863.4
29293.4
23086.8
27413.1
18640
20207.9
31460.1
36169.4
24889.8
17507.3
15657.4
30425
21198.2
25834.5
35860.3
19646.6
21541.6
16221.9
21703.8
29504.4
24917.6
26379.1
22972.6
19220.4
21355
33400.9
37310.2
37801.2
30564.6
15162.2
38544.8
24893.5
25333.7
24477
25307
19591
20769.1
19187
24670.9
34646.4
26398.5
18380.7
26002.1
17631
27418
31818.2
14423.9
26290.2
25807.1
16732.4
16271.9
23706.1
30089.7
40961.1
28538.6
23451.7
24569
29625
16559.6
25620.3
22030.2
25500.7
39321.8
24740.6
21985.4
19903.6
15607.9
26529.8
19520.8
30929.5
23518.7
21464.4
19662.3
22157.7
16176.8
24498
20516.3
23270.9
27327.8
40500.8
24687.8
26616.8
25949.8
17875.4
25783
23046.6
29667.8
40386.4
17838.6
17015.1
22835.2
18551.4
23720.9
26246.5
20843.6
30389.6
38759.1
20023.5
22210.5
44654.3
18693.3
16524.6
28680.8
32977.9
20408.5
15459.8
20751
10950.9
25007.1
24751
16484.9
20483.4
24642.3
6366.72
26447.5
23156.5
20879.9
19990.9
16911
13785.8
28212.1
18720.8
23940
25745
30665.1
26864.3
20442.4
34799.4
19945.7
14724.2
33420.8
25985
23239.9
24685
19748.4
23162.3
20196.4
24342.9
21340.8
18654.8
11910.6
36080.7
23161.5
29925.4
16709.4
21008.6
25001.5
32951.8
26997.8
23699
25235.8
16858.6
21548.3
22087.4
27879.6
32674.8
33791
25669.2
22089.7
35667.5
27031.8
30613.5
25958.4
38003.8
42903.9
25547
22918.6
36827.4
29553.3
25957.1
20237.2
26976.4
31447.8
24827.5
29201.5
21090.2
26423.4
26296
22357.4
24948.2
21317.4
21754.9
25167
23345.9
23510.9
21473
28061.9
27079.9
16018.6
21462.8
21630.8
22491.8
37936.3
23361.2
18636.5
18541.4
20306.9
23314.5
13695
24336.6
30140.8
11691.9
21677.8
23307.7
16017.3
20756.6
23821.4
24754.2
20736.8
28922.3
13323.5
18064.5
25240.6
19830.4
20751.1
28770.6
23493.3
18484.2
26763.6
20658.6
23043.2
25669
23975.2
14668.7
20795.4
12040.4
20252.1
21866.4
27290.1
19956.2
15403.8
16919.2
22845.5
16959.4
28747.7
20444.3
17276.5
16385.1
19809
19564.3
21722.5
22019.9
23182.7
13752.3
18746.6
27330
38719.9
10265.8
20591.9
19470.4
11832.2
28991
29339.2
21751
25723.2
15739.4
18338.4
20414.2
23508.6
15347.6
22269.1
27475.4
19235.2
26090.2
17597.4
24226.6
19290.4
27359.3
21218.6
23276.6
31859.8
22937.4
19862.5
15237.4
38786.7
16121.8
27373.6
34389.8
17595.6
28286.7
25193.1
28274.4
20763.4
20355.4
28039
29753.5
53335.4
30824.7
28366.2
40214
25475.3
23657.6
18968.2
19002.7
23669.8
41063.4
28715.4
26836
17363.8
18444.7
37396.6
40836.2
23700.3
20822.6
6416.64
24711
27831.9
21166.5
22237.8
26224
20838.1
23130.2
27068.3
19663
31552.8
20545.8
21659.5
20074.7
36216.6
25887
24498.1
16045.4
32478.7
22952
16897.6
27469.4
17959.9
23870.2
41866.7
19361.4
36101.4
23698.8
21179.4
15795.6
25673.8
26980.2
32854.3
19107.4
23410.4
16086.9
14166.2
20490.6
22021.2
26008.7
22854.4
18269.2
10343.5
14836.8
26107.1
15887.1
23493.8
27929
32259.5
19472.4
22540.5
19668.4
16348.1
16282
17023.4
25200.9
34556.8
16614
21700.7
26747
20190.8
32859
28660.5
23347.5
11795
22407.3
28250.4
30896.9
20762.4
36960.4
14944.9
21288.6
27906.1
29470.1
21459.8
18884.5
37051.9
26538.2
26101.4
29705.4
39007.7
11895
14826
19470.6
21532.1
26263.9
35629.9
21574
26541.6
39084.5
20212.3
19758.2
24559
31159.4
23867.4
23371.8
22929.8
23054.3
19624.7
31636
21863.2
24537
24446.2
23517.8
22397.8
22604.8
22567
19747.1
24847.7
29945.6
14127.4
18197
22438
28181.9
34878.5
17846.1
26183
18163.3
24673.3
23030.4
22629.8
37523.3
15399.9
20990.4
25542.6
24066.6
15262.2
28204.2
20827.6
21153
25129.8
20252.2
21224.5
34533.4
32440.4
23379.8
18958.5
18727.3
14861.1
23110.2
33914.2
23110.2
33365.5
23539
14634.6
16486
17935
23249.4
27714.1
20691.7
23905.9
23647.6
30965.8
14615.7
16324.5
11817.6
16984.5
23852.7
28752
19046.2
13222.2
15334.2
20481.8
27090.4
33111.8
22057.7
15149.9
15224.3
15787.6
24200.5
20730
14029.4
14353.4
25221.4
22516.8
16325.4
20328.6
22327.9
21433.6
20398.1
22108.9
19099.4
19819.8
12908.7
18497.6
27161
25068.2
20549.2
14853.3
20447.6
14950.2
22448.7
34674.5
18341.3
23613.1
19306.4
17035.8
19507.1
14897.2
20672.8
25524.6
15171.7
19596.3
13123.4
21616.6
16874.9
14213.2
29747
15999.3
13718.1
14182.8
10921.1
19978.6
11062.4
20409.3
16386.8
17585.2
15043.3
17086.2
25878.4
14773.6
19755.9
16500.1
15694.8
21683.1
12764.7
17942.6
26192.2
25663.2
21247.4
17565.5
18767
18247.3
25336.4
23147.1
20554.1
16554.7
22853.3
25331.1
15593.1
15119.9
20234.2
17344.6
13769.8
14560.7
12521
24110
11181.8
19344.5
13513.2
22894.1
13093
25616.7
29951.8
17053
17266
13426.6
21446.4
23525.6
30373.8
30184.6
33151.8
17489.8
16971.5
17866.6
30782.2
23958
22774.2
15566.6
29749.9
21615.5
22236.5
51001.7
23578.6
21320.2
26431.6
26311
24591.4
20861.2
21832.8
47651
25470.7
23527.5
30269.2
13914
28832
23670.7
21174
23985.4
38631.8
33313.5
23360.7
27950.3
31405.2
24675.4
35638.6
20414.2
23203.1
21052.3
44496.6
36196.4
27527.1
22187
30247.8
15125.7
31250.4
32805.7
35806.3
33243.1
28274.8
26585.3
28653
30517
26829
20747.1
20291.4
37121.3
15455
29503.6
45656.1
22400.2
21767.1
33342.8
14759.9
32916.8
40255.4
24334.6
24693.4
20999.4
22266.4
28166.8
34058.6
44572.4
25721.2
25793.2
21815.5
24646.5
43135.8
26986.9
30034.2
27578.4
17305.3
19215.4
26853.6
47283.4
26018.7
20563.5
25465
28433.9
22326.2
19983.3
20276.1
13559.8
18948.2
34203.8
31185.7
17746.7
24898.5
17431.5
29638.2
17864.2
18577.5
15674
19854.1
24454.2
19380.8
23944
16648.9
21557.8
23854.8
19573.2
24910.5
26108
17125.1
21577.9
14778
16109.3
21606.2
27819.9
22990
16303.3
18634.1
27141.9
23890.6
20662.2
32249.1
15485.8
21397.3
23627.9
24700.2
18639.8
15305.9
13413
18084.6
25874.9
21147.6
22457.8
19917.2
28913
24229.4
12595.4
33862.2
20916.8
14023.1
18576.3
22474.1
27841.3
16199.1
24260.2
49481.1
13437
16477.8
27820.3
39835.7
30306
17006.2
17386.6
16539.6
17698.1
27512.6
20560.3
20284.6
30431.1
22578.7
13754.7
17602.1
23951
14313.6
19465.5
16534.1
23506
25316
25137.3
14554.5
18352.9
14747.1
12970.1
24403.7
25362.6
23512.6
15590.2
17594.4
25629.7
30354.6
23775.3
18239.7
11198.7
18517.6
23189.4
21233.9
24204.6
14928.8
4706.88
27524.6
18108.9
26921.5
35588.4
16616
12106.7
25003.5
16999.8
21336.7
31283.7
17003.5
20666.6
16388.2
22254.8
21324.4
17938.6
27816.2
15494.1
16873.9
28292.8
31990.2
26403
23027.2
16880.5
18872.1
24554.6
21096
21816.3
25099.6
28929.3
13984.2
30885
20283
16501.6
12103.5
23046
42259.7
18970.6
15071.3
19070.5
14316.4
18949.4
25629.9
32553.8
20055.9
26781.7
13575
18535.5
26425.8
33029.4
21593.8
12366.2
14214.1
24999.3
22797.8
35569.4
16783.4
16180.1
10638.9
16956.7
15595.1
18406.8
20243.3
38828.2
14359.1
18901.8
17898.2
21542.8
23383.9
19921.6
26754.3
15159.3
17392
16898.3
20361.8
22579.5
20331.9
28122.4
16309.4
23467.9
21726.5
25437.7
17993.9
20101.3
24897.9
19250.5
26417.9
21458.1
39637.8
9889.84
31855.7
22363
18759.3
23219.8
25473.7
16950.2
23013.1
18099.4
24883.3
19437.8
18303
20332.9
18621.8
24379.4
29904.9
19101.1
14091.2
18424.6
30246.4
18030.3
31271.4
23952.7
15067.3
19993.6
33195.2
25468.7
25853.4
26577.1
20231.8
15128.4
19934.5
20435
30189.2
29717.8
17319.6
13845.2
22204.2
20775.1
23951.4
18042.6
12991.7
17814.6
16846.8
22244.2
30501.3
21376.2
12059.2
22703.8
34647.4
12967.8
16373.6
18148.8
20582.6
17663
17596.5
18064.6
23144.1
18857.9
27907.4
32713.6
23224.2
22227.8
20429
14581.8
21675
32319.3
13474.2
18901.7
23633
19278.5
24814.5
16558.1
17812.4
18598.7
15401.5
19458.8
21064.6
16387.1
19104.8
14187
17877.1
17798
19024.8
26269.2
13244.5
36962.2
13631.7
26534
20362.5
18524.7
15611.8
26284.4
19805
17932.9
14592.2
23405.5
19143.2
22767
18798.6
12584.7
21686.2
21593.2
30144.8
12304.9
12371.4
17191.8
24499.4
24390.4
17907.6
16175.6
16616.7
17195.6
34158.8
24825.3
26039.5
34063.1
22174.8
19564.3
21694.6
27231.7
19599.9
21655.8
18466.7
19058.8
34226.4
22742.2
24832.3
26829.8
17082.2
21166.6
18729.1
21705.7
23574.9
19872.3
26167
31858.2
22915.7
28854.6
22020.1
17893.5
25318.3
24354.4
22683.2
25626.6
19181
12945.8
16760.7
23279.1
34944
28806
18605.8
29056.6
12488.1
17026.2
19897
15848.2
22918.7
25544.6
19800.1
19119.2
8051.2
27141.4
16402.1
20961
21586.7
18736.1
15688.4
11810.8
15437
18804.2
25703
12627.4
24012.3
28267.1
25368.2
14406
16472.9
17215.9
18328.8
25631.9
17243.4
14845
27221
18284.8
21044.2
18485.8
22496.2
15488.6
22627.5
33964.4
22229.8
16167.8
24873.5
19767.3
15555.3
22432.7
32653.2
21745
19345.7
25612.9
24245.2
22765
25987.4
26276.6
42847.4
25660.6
13186.6
24595.4
16731.4
21776
34833.7
20126.5
30139.1
19336.7
16154.2
8527.84
33749.5
35911.1
18121.4
11512.3
26017.8
27511.8
17054
21987.3
35867.8
23350.8
11493
27346.8
18519.1
15335.8
32626.7
24609.1
26815.3
18484.3
23186.6
26227
30665.2
28902.8
30249.3
27393.7
20971.9
24609.8
20510
23338.2
20828
31233.9
23105.6
27599.8
21121.5
19559.1
18006.3
31772.8
29916.8
24698.3
17991.3
16449.1
13160.1
26122.8
29985.8
27349.5
18982.4
19108.3
20806
14273.7
21878.2
28765.8
20717
11355
14587.1
24759.4
23565.4
23118.6
32882.3
14596.3
16976.4
26011.1
12543.8
25475
17433.6
28937.1
23898.4
33203.2
18091.9
16165.8
26584.8
18168.9
39555.8
27052.2
18909.9
14927.8
20045.8
26493.8
35702.2
18304
26314
22268.6
24033.7
18933.4
20407.6
30154.6
13099.2
16562.4
14637.8
18881.5
25146.1
40786.2
19507.3
24220.6
24837.9
20919.4
26732.2
31570.5
28542.7
11127.4
18685.9
19893.6
23753.5
27803.1
20704.8
15318.6
16000.1
29055.9
19257.9
18901.7
16182.8
20377
19136
18286.1
23464.3
14424.7
26232.6
23167.4
26620.2
13166.6
25918.4
20663.6
21491.2
9580.48
20544.2
26738.6
17905.3
16989
13954.5
19619.4
26840.6
20715.5
20495.4
13372.9
14422.6
22964.6
26857.8
21731.3
31489.5
17843.7
27836.6
20428.2
17843.4
21312.5
23999
17540.2
27548.8
30641.3
16586.2
11724.2
26265.5
27163.8
26071.6
24985.7
12538.2
22755.7
17281.9
27442.6
23980.1
29772.1
19632.4
17979.5
14411
23189.9
19236.8
31091.6
16651.1
28541.1
14005
18646.8
27132.6
26616.7
26783.4
22328.9
31057.2
18239.2
26521.4
25151.8
23138.8
19303.2
13275
12598.7
26062.8
23057.8
20897
18765.8
19248.3
19613.9
20142.7
24091.8
28614.7
23044.5
19631.6
14125
20419.1
17073.7
14437.5
18744
23334.4
25549
16910.9
22088.2
22534.7
23357
22508.4
35187.9
18286.2
13576.4
12735.9
16254.2
12684.1
20408.6
23982.5
22854.1
29507.3
14443.6
14965
12449.5
23314.6
13216.6
26087.1
16983.9
15374.1
21403.8
17908.5
15985.9
26159
12008.8
19715.3
18344.2
16480.3
13679.2
16348.9
14491
12939.8
23099.8
26792.4
14548.4
12236.9
13221.4
12876.2
14950.6
21019.3
27494.2
10975.4
19850
16231.4
17974.7
25810.7
11683.7
23567.9
15037.3
19992.3
24735.7
16323.3
19702.8
14877.4
21391.5
23879.2
21289.6
22018.5
25281.4
14009.1
13016.6
17520.4
18475.3
28411.5
26494
23857.6
17106.9
16331.4
13666.1
18741.9
24236.6
25863.3
16895.4
17645
21672.3
15978.9
19357
19778.4
30112.9
15390.4
15333.1
13647
19391.8
24273.3
19353.8
28315.1
10623.5
20920.4
28650.7
24957.5
18222.2
24240.1
19994.1
18159.5
28502.9
23841.3
30896
24398.6
22711.7
24830.1
22047.5
22429.4
23727.6
18491.4
24125.2
16631.8
13759.4
20259.5
18450.2
23486.2
22900.3
19170.8
19230.7
32420.7
21365.8
19204.4
15085.5
13921
26930.9
21923.6
25133.6
29649.4
14163.3
14016.9
20439.4
24925.9
37027.9
18049.6
27788.2
9676.8
13638
42425.8
18212.8
18839
13663.8
10392.9
18821.5
24603.3
22537.4
21931.6
19246.1
21563.5
16584.9
38903
22457.6
27027.1
18065.3
13299.8
16430.2
27937.3
24603
23733.4
25637.7
16038.7
23994.3
17524.2
25356.3
13940.5
17896.7
20103.9
28527
30927.8
14871.9
39983.1
17025
28054.6
25963.7
17430.3
26171.8
16985.2
25357.9
14199.7
15304.5
18786.6
15887.5
24020.2
18098.2
16896.5
17620.2
14712.2
24620.2
23903.4
31679.7
21907.4
18636.4
17918.7
16849.8
23696.2
28855
21585.4
15534.6
22866
14695.8
19411.6
28564.2
19780.5
31372.2
11836.1
19999.6
17720.5
35804.2
25406.8
13717
17208.3
12348.6
21337.4
20824.2
13669.5
15068.6
17333.2
16099.2
38912.2
23166.1
17831.5
16153.5
15825.5
22999.4
24546.3
16648.6
19468.3
17712.4
24011
23104.5
30563.5
22149
21715.8
16106.6
15064.5
29084.1
26384
30340.6
27057
26905.6
14705.1
26339.4
26453.8
31308.3
17496.9
23732.5
27527.9
21279.4
20326.8
23235.4
12066.8
21214.1
26264.6
20316.5
32987.4
18088.5
26611.1
25347.3
17344.1
22581.8
28041
28525.9
23601.2
24027
20468.7
18881.5
21423.7
15275.9
19592.1
30953.4
22078.6
17074
18950.6
25339.4
25143.7
22480.2
25746.2
19611.4
14162.7
15750.7
25088.7
18331.6
31594.9
24105.9
25991.8
22992.6
27521.8
32810.2
20716.6
25324
18657.1
17036.1
24765
31202.6
21651.6
27541.7
20015.8
20876.2
21914.9
19801.7
21317.9
19985.4
20307.3
23595.2
24469.3
21887.7
19328.7
21633.2
27634.7
14659.4
27139.8
24971.4
18804.1
27190.6
16333.1
17048.8
26184.1
23460.1
25398.9
13209.5
25529.4
29822.6
21242.5
20899.8
25392.6
18745
21377.5
18806.2
28589.7
25905.4
32973
24963.6
19276
25402.2
24561.6
24201.1
23223.7
37184.6
22032.7
15597.3
21360.4
21865
23007.7
20384.6
19413.7
21125
17590.6
20967.8
28373.3
17332.6
15046.8
18036.3
17912
19496.9
18061.2
14151.9
29627.6
23390.9
17943.8
24083.1
34125.4
34676.4
19657.9
15243.4
17622.5
19570.2
19562.4
15862.9
25697.4
34283.4
23006.2
13230.2
26106.7
27856.7
15495
17882.8
21138.8
18768.6
13096.7
20396.2
24698.2
29726.6
32027
18240.7
13035.4
29884.8
13537.4
37821.8
30332
32935.7
14897.5
18527
21069.5
27334
34101.8
17771
27415.6
15132
16891.2
17913.8
15352.7
18130.2
25585
28188.6
21326.2
22482.2
11662.3
24851.2
13399
21002.6
14172.4
18169.5
15441.9
14847.6
24923.9
17250.3
25377.2
11825.2
18455.2
11067.5
24457.5
12680.7
20416.7
20950.6
27061.4
22595
29899.9
18506.2
14873.3
18997.9
15599.4
15783.7
18729.7
29508.6
17265.3
10238.1
20589.7
23318.4
14784.7
18513.5
8861.52
23038.8
18510.2
24790.7
16574.4
16517.4
17753.9
22989.3
16367.3
15039.8
17356.8
16953
16952.8
21397.8
17030.3
19594.9
21650.2
25268.3
13994.7
11250.7
16204.2
17251.1
29989.9
17974.1
18735.9
18499.8
8182.8
16414.4
17627.9
18242.6
22092.6
29757.6
15051.5
21427.3
23978.2
16451
27947.9
27975.8
25115.7
23251.9
30503.4
20591.2
12908.4
30290.1
10841
29083.6
22867.8
20250.8
19354.2
13760.2
21968.1
21461.4
28253
16726.6
13579
30351
23718.4
18746.4
31227.9
14383.3
8518.8
35469.9
17169.8
21089.2
17270.8
21786.6
13637.4
19517.4
31901
23882.2
16256.5
21276.4
17668.3
14203.6
17763.8
17180.6
19262.2
18551.8
15299.5
14191.7
21794.7
15552.6
15309.4
13123.8
14736.7
27941.7
15730.4
19281.8
13634.8
18357.4
21155.5
22583.8
26483.1
17268.3
29433
16352.6
25205.7
14409.4
20526.6
22327.7
11825.8
12781.4
21269
29558.7
20557.4
14412.9
23839.2
27188.8
14931.8
34216.3
17206.6
19528.6
20341.8
31162.2
22551.7
13318.2
20003.1
15147.7
15516.1
26766.2
31061.8
23424.5
11747
30632.5
13937.8
19222.6
27476.4
19742
18369.8
25242.1
26919.8
21335.8
33756.1
18725.4
22588.6
25446.3
18732.2
16464.3
20066.7
11892.6
22774.1
32483.4
14403.6
10444.4
18896
20217.1
16853.8
24668.4
15444.1
17929.1
22934.7
8650.64
18833.3
14274.2
23187.8
23642.9
13437
12858.9
14112.2
19806.7
17667.8
18494.9
15711.4
10683.7
27555
21354.8
21003.2
17255.5
19445.8
14026.6
13872.3
25362.9
19693.5
23115.5
19846.6
17043
22712.8
11855.2
18490.6
19054.1
21838.1
18300.6
20565.8
13683.4
16657.5
16079.5
17064.9
19079.4
22561.6
14164.9
26362.4
20437.2
14904.2
15658.2
21909.8
19839.7
18763.9
13046.1
32060.2
23773.9
33235.6
23436.7
18435.6
25593.1
14982
18512
18638.8
23999
26516.7
20984.1
16157.4
15708.4
14290.6
26294.5
14115.6
27053.3
14519.3
13539.1
19008.2
19490.3
12808.8
18229.7
25935.4
16463.6
19355.8
23944.2
15851.1
23391.8
18523.8
29616.2
16525.2
19863
19981
18122.6
36659.5
27264.2
18114.6
9934.8
10671.7
21664.8
23098.8
19419.1
25198.5
13301.9
29996.9
20913.5
25565.4
15715.4
24623
18813.3
17283.7
16371.2
20203.2
12322.4
24401.8
12781.8
33067.7
30856.2
15316.5
17351.6
23756.6
19021
20189
25881.8
20040.7
15794.1
18765.5
22431
18185.1
15425.4
26150
18065.4
10898.4
18542
24141.8
25858.6
31817
8956.56
18019
23639.1
22922.8
33259.5
16441.3
20073.6
18524.1
32709.8
22575.7
25979
20886.6
37706.9
26869.9
19785.8
31070.1
24526.9
17524.4
20450.5
25732.2
19988
27011.9
17209.2
28336.4
23420
16172.1
26653.4
18011
31693.4
24307.4
16434.4
22524
28585.6
18571.7
23153
25515.4
16862.3
21247.3
19134.2
19462.1
27876.5
13854.2
20944
18472.5
24559.4
15902.7
15940.7
24041.5
23958.7
26215.7
22425.7
21473.2
30068.5
25839
25319.8
29938.8
18345.8
26131.2
20051.2
36465.8
20504.3
30419.9
31563.7
22836.4
21835.8
32746.3
18456
21933.4
25035.8
47669.8
32180.6
27106.8
19350
18255.7
30953.4
19553.4
19452.5
29278.5
18064
17845.2
31420.9
19651.4
17662.6
23557.8
26705.8
22777.5
18506
25568.7
24694.4
21524.8
25459.9
20358.3
17248.9
30656.4
30033.9
19812.2
22961.9
33775.1
15367.1
16481.9
23370.9
18673.2
22176.5
30224
23450.2
25640.6
18782.7
24957.1
19121.4
11378.8
18726.4
14098.2
18840.3
28061.8
24494.8
18678.2
19253.2
9198.48
19086.1
24034.6
20248.6
19672.8
14761
16467.5
18356.6
28029.3
29367.5
11742.2
14747
21686.9
19223
25949.7
22364.2
12470.9
15764.8
17855.6
14324.5
32076.4
38897.2
29792.5
11274.2
17755.8
13406.2
14517.2
19572.9
28242.9
21861.5
26260.4
20210.9
16144.9
16029
15189.4
20576.8
25625.2
17500.9
34957
13457.6
36480.2
21211.8
18455.8
25065.2
13652.6
14215.4
20361.6
25948.7
18810.8
14309
32571.7
27800.4
36153
40678.7
23760.8
12659.8
18340.3
21045.6
23222.7
21252.1
24368.5
21892.7
22193.4
21685.8
27263.4
34410.2
25114.1
24839.4
28304.6
26758.5
18593.6
31418.2
22274.3
18599
26598.9
26062.6
21783.6
34553.2
38228.6
23284.1
15966.6
32889.2
21186.6
37798.2
24384.4
18523.2
16169.4
30112.6
27096.2
23164.6
17685.4
23947.5
16520.2
30214
21009.7
14875.7
26431
23487.7
34854.1
15132.4
20708.4
30194
20848.9
23537.9
26983.1
17721.7
26863.4
30207.3
18180.9
23972.7
17359
31441
29012.3
13727.4
24733.3
18664.4
17531.9
17291.1
21617.5
24862.3
17030.5
24741.2
19223.2
19853.2
16582.2
22067.8
17108.6
27750.6
25803.8
16737.5
19675.9
14640.2
15151
32495.2
25570.6
18129
39379
24291
20508
14209
11005.2
24678.2
14982.9
21330.5
20329.1
32933.8
20205.9
16109
25906.6
14364
22355.6
23406.8
14963
10917.5
17068.6
31365.8
18662.2
33708.9
18767.4
12951.1
13996.4
25052.6
15945.4
21946.5
20231.4
17939.5
24000.4
19292.2
20022.5
12913.8
11788.2
22153
25711.7
19019.5
26836.7
15164.4
14797.8
18575.1
16905.4
28795.2
15680.5
22215.5
17645.8
20595.2
15977.1
23199
16391.4
16676.2
18963.7
14283.8
14020
17996.4
21966.6
15907.2
16190.6
16892.5
17305.5
21597
23577.2
17514.9
17972.6
16881.8
19061.1
13266.8
23311.1
26532.5
22774.6
14740.2
21139.4
19177.9
18071.4
27323.6
17474.1
13924.4
27375.9
16502.2
18881.4
26052.6
26981.6
22784.6
17616.2
19277.5
19087.9
20482.7
22202.6
31988.6
10258.6
19001.7
23273
18974.3
25638.5
28497
17224.6
19153
16103.2
13403.3
29130.7
17180.6
17370.4
28988.8
10947.8
21441.7
11642.8
13749
12250.4
30318.5
25047.1
21535.2
17510.2
12508.8
13611.6
16792
19100
27606.1
11804
20159.3
15229.8
16684.2
18999.3
17897.1
25564.5
11462.6
18133.8
13487.4
22840.2
16656.1
22861.5
23126.2
17542.4
15613
20170.5
25884
16495.1
29155.3
24362.2
23759.4
22094.3
20589.7
32287.1
13538.6
32998.3
15004.8
18763.9
17442.3
21097
24974.4
28116.2
31944.6
22081.9
23377.4
14516.9
19582.6
24198.1
29918.6
22133.1
17884
26886.3
10673.8
22666.9
18314.6
16948.9
22194.3
15013
16244.1
25197.5
23810.2
17017.4
17780
17144.2
20837.5
22255.1
19896.1
28180.9
23251.1
24442
12156.1
21943.6
19087.2
31092.4
25361.4
22462.8
15719.2
11727.6
23153.8
23185
32664.6
17047.7
17297.4
25002.7
26553
23992.2
26307.4
15371.7
23604.5
16019.4
17169.2
14930.2
24452.9
20642.9
27691.1
13858.6
21294.5
14818.2
29518.6
21613.8
23076.3
16483.8
26966.7
18892.4
21945.2
31854
23352.3
24929.8
18363.5
25569.8
27747.2
28287.3
22014.3
35992.9
18252.2
16052.5
26136.4
26727.2
40999.2
25172.5
28225.6
23627.8
20882.2
36013.6
26689.8
18458.2
21541
21744
29792.6
19292.3
25358.6
28868.4
19927.1
27263.1
36325.7
18465.1
23323.2
24542.2
26011.8
27116.9
14976.9
22368
15993.4
21480.6
16203.3
32477.5
27039.8
12092.7
19327.4
13481.4
14867.4
17817.2
35092.7
19046.9
29444.6
10948.6
27595.7
21340.9
18167.8
10641.4
22242.7
12421.6
25296.7
22991.1
17557
13568.4
31316.2
11322.7
17981.4
22129.8
26369.1
20822.8
18562
15637.4
25163.8
23677.9
26979.6
17966.7
12797.7
18320.5
34828.9
22188.2
21367.4
20669.4
21924.4
19170.6
26933.2
23245
15693.9
23924.8
19449.8
23880.6
25534.7
27721.3
25218.8
22597.8
18453.6
16401.8
17379.3
19278.4
22216.7
15691.6
23283.2
30380.5
18597.7
19783.8
35368.2
26441.3
19979
11393.3
26920.3
14852.6
43250.9
21937.3
21577
28011.8
16386.2
22819.2
23054.9
36226.6
22532.6
31626.6
17179.8
21869.8
29604
22823.3
25534.8
26133.4
30715.7
19937
23777.5
21605.4
27076.1
47942.1
32380.8
20559
21628.1
16059.7
26073.9
15753.8
31663.8
31501.1
31724
19125.5
36527.6
19014.6
31153.2
16410.7
23484.6
22683.9
29611
23202.2
27987.4
15891
23944.1
27606.6
22558.9
25054.9
18156.2
23217.3
24780.5
21315.4
18990
22621.2
20775
32501.1
25575.7
23764.7
24051
21966.6
26606.6
31996.1
31445.4
19776.7
22481.8
22433.5
21846.3
34353.4
29419.7
28087.9
23367.7
38028.9
19230.8
22193.4
27708.1
20958.2
22272.2
19654.6
16145
29159.4
18585.1
21677.5
24337
15605.7
21861.8
38553.6
32664.2
26585.4
28523.2
15572.1
17304.9
24354.2
28224.9
20445.6
24420.5
23307.9
20819.3
20836.6
21965.6
24705.5
11412.3
20240.5
19627.9
24930.3
29152.3
16267.2
25076.1
29404.2
28731.2
19008.3
19637.7
14154.2
24046.5
24615.2
21943.9
29276.9
15611.2
19820.3
26425.5
20819.4
21695.9
45727.2
13241.7
15854.5
27272.4
20014.7
15623.1
31198
25872.6
19423.4
24251.6
18649.9
21957.2
21388.7
25218.7
16713.8
28056.1
24999
24781.6
20831.3
12424.8
22051
24043.4
17854.8
28890.6
18547.7
21686
30701.3
19867.4
21374.4
17552.6
12111
25230.6
23259.8
13100.4
17644.3
17145.8
12956.6
26462
15741.4
26094.8
27156.3
20436.6
24017.1
24447.9
30524.2
22666.5
26931.7
20756.1
21293.7
28565.2
15102
32835.3
21779.3
25979.5
20647.5
21525.8
20742.2
22252.2
23838
16645.4
28726.5
22092.5
17519
38594.5
29124.9
20818.3
41555.6
28343.1
17766.6
28143
20591.9
33620.3
25120.1
13902.1
14847.9
16977.6
26231
33107.8
22043.4
27595.2
18339.3
31666.1
24541.4
22731.3
19179
31444.2
21825.7
19248.5
22551.3
17873.5
18249.4
13703.8
25521.2
21816.6
17622.8
20305.7
13540.6
23492.6
19070.6
22192.4
19120.7
20457.8
16398
13604.1
32771
9428.72
18065.8
19492.3
21131.7
18204.9
35699.5
24030.8
19094.9
17757.4
21325.8
35269.4
29801
23966.6
31783.8
24934.4
21004.6
29441.8
21046.7
34518.2
21444.6
24384.2
22024.9
15500.7
41659.4
20414.4
20438.6
22803
18621
26301.7
25687.6
14809.4
28853
25791.4
21643.3
19268.2
20248.4
16789.8
38504.8
26933.1
23542.1
28245.6
14389
29019.7
25396.1
21529.1
11744.1
22613
38981.5
21540.2
25525.3
20503.5
20560
28952.8
38899.8
27094.5
20410.6
19228.2
18096.3
33767.8
23316.4
15451.3
19748.1
25493.8
31567.6
32737.4
25035.8
34051.2
30528.9
19294.9
14948.9
23282.9
22734.6
18563.6
22086.5
27414.4
13338.2
24239.8
25419.1
21467.2
20120.1
26599.7
25738.3
15624.9
15422.5
22606.2
25408.9
17307.4
22272
22386.5
27312.1
22239.1
24089.5
19991.7
13564.5
28229.6
23781
19074.2
13197.4
24654.2
25508.6
21528.6
17884.6
20622.9
18584.8
28215
19689.4
23236.9
36764.8
19952
20351.4
20403.6
21238.7
20486.2
18777.2
15899.8
31374.5
30692.7
17346.9
12358.7
21918
21745.5
18646.2
23913
26195.7
20775.8
20579.9
30312.8
22140.2
12968.8
41739
18585.1
20987.8
19378.5
18632.5
18920.8
29952.6
17412.9
21680.7
27931
19114
15944.3
36230.1
36176.6
35152.3
24196.5
18859.8
23682.7
27022.5
20420.9
28266.4
27351.8
24812.6
26170.4
21267.7
27975.4
19579.4
24137.4
35093.8
23081.7
20415.3
30010.6
22748.8
28703.6
22665.4
23432.6
28213.3
24324.8
25687.2
19158.7
22470.6
18776.6
22038.2
17183
36899.1
22057.9
17187
21469.8
20420.4
20911.3
29096.2
15452.1
33441.4
17416.2
22958.1
15355.6
32620.6
27461.4
16387.7
15761.5
16785
18055.1
16060.8
25109.4
14650.9
17373.3
17811.8
18610.5
18873.9
21061.4
21807.2
18999.2
23851.4
17996.3
12090.1
10281.1
16697.6
16169.3
27103.8
16632.5
17146.4
21825.9
24793.3
9322.16
13477.3
21102.1
10506.6
27116.7
20845.8
28917.8
27465.9
10602.2
18461.2
16528.6
17497
26996.8
19777.5
21505.4
16221.8
9723.6
30517.8
18845.3
23945.4
17443.8
23275.9
35998.3
24487
29126.6
17897
17938.1
17322
26074
36817.1
19563.5
24593
20102.6
24743.4
21878.8
25605.6
21791.4
28566.9
14800.4
23647.7
18216.5
22772.7
21177.8
31173.3
16561.6
18729.4
30638.5
34886.1
15542
19571
18540.8
21541.1
18916.1
27496.7
30968.3
15748.5
17226.8
13906.2
20065.2
26687
20769.3
37292.6
16530.4
17585.4
15939.8
31735.6
23194.6
19573.1
21345
12392.1
18255.7
21025.3
25382.5
19668.4
18253.4
14216.3
15016.6
22688
31939.7
29171.7
23424.8
22159.4
18864.1
22537.4
27106.6
24529
38913
16094.1
20680.9
17404.1
31212.2
28428.3
16042.6
16614.9
25489.8
28657.4
32005.2
19295.4
26546.2
24016.3
21552.6
27109.8
18050.1
28964.2
22097.4
23662.5
30635
35342.5
17768.1
22146.1
15487.2
26858.1
23102.2
23940.3
24343.4
18947
23889
17009.9
16642.5
29922.6
25384.6
25458.6
11706.5
33724.6
26722.2
26315.4
21321.8
20437.1
30874
18306.9
43936.6
34982.4
20807.4
14556.5
31262.7
14480.1
23523.5
21946
26312.6
24159.4
39803.1
26288.8
17715.3
22890.5
22637.6
17382.6
26686.6
19228.9
15576.2
27082.4
25252.4
27344.9
24391.4
22130.7
40186.3
23941
25535.8
24378
19872.2
54283
20587.2
29925.9
28427.6
23628.5
16659.1
27260.2
40308.4
28683.1
24398.6
38831.4
20354.9
22060.8
27745.2
17828.2
25687.4
25913
26617
24171.1
39564.1
32265.2
19433.3
23178.2
16966.2
26753.2
30892.8
20920.6
18985.3
16452.3
18096.3
26375
17169.6
20086.2
24293
23123.4
19378.7
25245.5
22896
19498.6
26651.9
14540.1
18869.5
23867.4
23750.7
16923.7
19201.9
17201.4
20017.4
20420
15839.7
7242.72
22213.6
15199.4
20294.7
23870.2
26351.5
11135
24689.4
14894.9
16435.7
20195.6
16295.3
21199.1
16187.9
15406.2
11767
14160
11958.8
17577.2
26927
10365
20097.9
23630.8
28319
17298.7
24438.6
15993.3
25665.1
31584.8
12312.6
10538.4
14478.9
22522.2
26432.3
19290.6
20144.7
14599.5
12773.5
12745.2
23166.6
31286
17181.3
32676.3
27031.4
24738.9
12167.4
18313.8
36574.6
29071.8
23762.4
18613.3
15967.3
26109.4
25305.5
31230.8
17376.6
36110.4
25204.7
15997.4
19227.5
21598.6
20346.3
25515.5
18730.3
18348.2
26293.8
23410.6
18582.2
24788.2
37602.1
17176.3
19066.2
17724.8
24516.2
22430.2
35591.3
21937
18132.6
21286.7
35109
27376.8
28534.7
38472.1
25428.2
33550.5
34208.6
35892.9
32067.8
28786
23607.5
17386.5
28716.8
37875.7
31597.1
23312.9
34730.2
21975.5
23286.1
27549.4
15823
21760.7
24837.1
30089.9
21027.5
24633
18375.4
19089.6
17738.8
17703.3
17244.3
17663
19391.9
22000.6
23175.5
40676.6
19585.4
21951.9
13063
12467.4
19976.2
28834.9
19204.5
23245.3
21717.5
16690
21317.6
34897.7
26188.9
13668.3
19563
18349.1
25485.8
31038.3
32027.6
18735.4
17889.7
18406.2
18622.6
30666.1
19488.8
24370.2
18833.9
14457
23136.9
18748.6
20024
14064.6
23370.3
28469.9
11830.7
16821.1
20308.6
18499.5
28035.5
22021.9
19043.7
18240.6
20923
16765.2
29429
28714.6
19282.4
12314.2
13463.8
23017.4
19885.3
28194.2
16572.2
17279.7
25303.8
21047.1
18082.2
24008.7
16334.2
20176.1
20699.7
18831.5
41305
25083.8
27870.6
22188.2
22938.4
19207
14768.2
27580.5
21637
21038.4
19567.6
29396.3
19390.3
31145
27620.2
15818.5
15370.2
20190.2
17334.7
22334.7
30319
25273.4
14191
17450.5
24507.8
26011.2
21343.8
20967.4
19574.9
23715.6
20632.8
20292.3
22340.2
24768.1
17476.9
16308.4
21968.1
22529.9
15272.2
25778.7
21188.1
17319.4
23256.2
20023
18816.2
34485.7
30724.2
14016.8
26470.6
25155.3
22597.8
26666.6
29584.3
14437.5
36430.2
31518.1
16077.8
26230.5
13680.5
18779.2
17700.9
25684.2
15849.4
29361.3
25871
33122.4
20653.4
27118.1
19194.1
32202.7
16273.5
22729.1
21847.8
31482.2
19429.1
27756
20235.9
24388.1
13780.8
31119.3
12114.6
22401.2
18643.5
27457.5
15755.3
20974.9
26411
30082.9
20239
22264.8
15201
28935.6
20464.4
26848.8
24911.3
23209.5
26295.4
22604.2
26012.9
25418.9
30468.9
16685.8
15644.8
15033.4
18686.1
16990.5
26124.3
31186.8
30868.9
22027.4
20060.8
24705
17541.7
20479.3
21980.6
37882.2
19223.6
20302.3
20167
17686.2
24616.2
21838.8
27755.2
22749.2
29512.8
18013
26638
21034.1
31217.8
26214.4
23034.8
26359
15894.1
18577.8
27028.9
33618.9
18839
14232.9
18677.9
25131.8
16910.7
27176.2
16690.2
13710.9
25037
21626.6
25665.8
13390.8
17634.3
15713.3
38651.2
18203.4
27740.6
14022.2
17551.6
23165.4
24006
17396.1
22665
13171.2
27916.7
40733.5
30455
19662.6
24006.4
20855.9
20683
27111.2
30430.2
34832.4
19997.7
24986.1
21554.6
16764.2
27893
31226.2
20947.6
33384.2
19793.8
24307.3
19732.2
19431.7
26843
34709.8
29820.6
19577.2
42372.8
21229.3
17057.7
20655
21276.6
17582.6
36933.3
26084.4
28304.8
26493
11332.1
18823.4
17088.3
38091.5
30299.8
21983.4
15704.7
21824.2
24447.7
26112.6
21024.2
24428.8
15479
21713.4
15852.7
22830.5
13876.6
26791.4
14774
21385.6
16135.2
23137
26183
15729.9
20787.9
19095.8
21722.1
13043.3
17993.2
22007.4
17726.5
20439.6
16600.2
20399.3
22584.6
19029.8
20152.4
17309.3
14764.4
23099.3
24896.2
21225.2
19724.3
23997
36801.8
10046.6
24692.8
27817.9
13088.5
18589.4
14878.7
18282.5
16463.9
21188.9
16583.1
27771.8
11469.4
18952.4
16376.2
12024
39858.7
21267.4
19564.8
16021.7
15213.1
12749.3
24674.6
19125
13506.5
27863
13646.2
23063.9
17716.1
15424
20079.8
31535
9984.88
31885.9
24039
26613.5
25525.8
24078.2
20398.2
20130.8
26031.4
16878.3
29016.6
19245
23140.7
27932.3
17484.9
23835
25762.4
20431.7
21225.4
22805.4
15731.4
22524.8
24550.3
31475.4
15806.2
18408.7
19496.2
17443.5
21751.6
19290.6
23911.4
25986.5
26225.5
19927.6
20459
38988.9
25413
20129.3
20364.2
21354.8
25036.3
15497.9
22370.3
17020.9
20975.8
21447.8
11653.1
20541.1
28770.2
14332.1
33504.6
25565.8
8670
24951.4
8854.08
19443.5
26904.6
17409.8
24913.9
14075.9
23966.5
21261.8
25779.4
22775.7
15833
16518.3
11789
26568.7
16793.2
25809.5
20831.6
16857
8894.56
19439.4
20471
29166.2
19268
23253.1
15982.2
16612.8
23366.2
22597.6
10732.7
11027.5
17225.8
29681.8
13496.8
21980.8
13477.4
18263
17808.2
17855.4
21826.9
29071
24996
28859.6
13660.8
26249.3
16023.6
20003.3
34461.9
32721.5
15957
18781.9
15445
19283.5
24808.3
35077.7
17217.4
26343
20478.6
19009
24336
31519.7
22867.4
26742.6
17443
27634.9
22504
23713.4
26599
26020.4
21378
12182.2
20285.4
28079.4
19416.8
17170.5
27141
19161.4
15677
19282.3
27471.8
17393.9
20626.4
22582.6
24459.1
28938.2
15604.9
15101
17851.8
14275.6
16493
19829.8
17177.8
16279.4
18691.4
18620.6
17230.2
29260.2
15717.7
11662.6
45207.5
27142.2
23831.4
22226.9
16455.4
28630.2
23462.9
20091.2
26448.2
24307.7
19521.2
38461.5
22170.7
24713.9
19262.3
14445.9
24933
28772.2
19896.7
35553.9
23944.1
18557.8
15796.3
19589.2
22842.9
28518.8
24104.1
12822
30743
16331.8
11885.8
27477.2
20755.8
21334.8
18958.6
27355
29703.2
26119.4
27212.1
29881.9
22243.1
15723.4
55963.2
22352.2
21305.4
19583
18452.7
26317.1
31804.4
31581.8
29064.8
17344.7
21666.2
32227.8
21156.8
28107.4
41886.4
20319.4
22383.2
42723
17271.8
21476.5
34783.9
27566.1
26141.4
21542
23402.8
14863.5
22876.2
28683.7
22410.8
24215
17344.3
38345.9
18016.2
22281.6
15731.7
25211.2
30676.7
31392.2
21734.2
19538
27471.1
29307.6
21460.2
21450.3
20677.8
17373.3
17268.4
18770.1
22163.6
26217.6
11700.6
18558.2
22963.9
26737.9
19326.6
11271.8
20332
18822.9
13640.6
25809.6
28112.9
29386.4
20192.6
18489.6
16433
21284.2
22268.2
22225.1
25565.7
17782.6
17088.4
18886.4
23400.1
26505.8
26607.9
21681
11044.2
23003.4
28493.8
29665.9
25049.8
25758
13721.2
23527.8
21419
20784.6
17433
24201.4
17408.9
26865
24305.4
15093.7
25254.9
20648.9
15185.1
18854.2
33553.7
26529.3
14837.5
21810.2
20917.8
25881
33137.7
21493.5
18944.7
17315.9
22903.7
28787.8
17190.2
13576.6
26368.8
19321.4
19574.5
25086.1
31619.5
20544.2
14671.2
27031.9
22575.7
15258
19524.1
16653.8
19533.9
26347.7
23343
22438.6
13674.4
14383
26321.1
33108.5
17592
20776.3
18955.2
23532.3
25396.5
21192
22999
18390.9
22307.3
23147.8
27605.4
17778.8
31135.8
24253.5
12652
22701
13371.8
32047.3
27612.9
34542.8
9806.8
17843.2
17248.9
19578.4
26296.6
34745.3
29804.9
18702.6
18460.2
25102.3
22886.4
24694.2
17663.1
22342.4
29421.4
21283.6
25030.6
18208.2
17127.6
20475.7
12902.5
14864.1
30013.5
28107.5
18145.8
24785.8
12679.8
33363.7
23223.3
21830.6
21711.4
13098
16075.7
18738.3
37336.3
20073.4
29354.7
35106.5
15691.6
13460.3
18423.3
26985.8
22252.1
32951.1
21825.9
18785.2
30776.3
19495.2
25143.8
22415.3
14567.4
25682.5
16163.1
16986.9
35237.5
23631.3
22498.1
19538.2
29453.2
18920.6
23067.2
24038.1
21582.2
10942.3
19982.3
22257.8
23433.8
18749.4
41209.9
21456.8
28931
32983.9
20971.8
13122.3
22902.6
23583
26187.5
30068.3
24273
27906.2
23216.2
34875.8
40967.8
26549.6
16293.8
17847.5
18817.9
30260.3
25065.1
22739.4
18623.5
25901.2
35765.8
20295.1
21326.1
25747.8
19841.7
14594
19732.4
28987.6
23842.6
17575.6
17651.2
19390.5
25137.1
25674.9
22906.6
21463.5
17684.8
23549.2
24366.6
25004.4
20727.6
23303.9
15893.7
22071
19207.1
28350.3
23994.7
16921
9428.8
21052.2
23552
19705.5
15996.7
16363
12414.9
21109
25765
15204.2
17425.5
18782.5
22185.2
15328.1
18029.4
13074.2
21231.1
21561.2
22035.4
28586.4
21359.8
16079
29345
15824.4
20467
20621.5
20041.6
20257.1
20923.9
22385.4
23805.1
23218.2
14367.5
30180.9
24583.3
14247
26619.4
19992.3
19312.1
26438.6
27246
30882.3
19380.5
22665.5
21794.4
22724.2
22878.1
21000.2
23958.9
20277.5
18893.3
19248.1
20589.7
27477
30116.3
26590.4
20756
22481.8
34498.6
31125.7
23357.5
27807.3
25659.4
33404.1
27102.1
28305.7
18231.6
24750
16415
29526.3
15140.6
23429.8
19945.4
22162
22589.2
18454.3
23987
17222.6
20045.4
23543.4
23573.7
18164
10237.8
24089.1
20182.4
34819.7
20848.3
19850.6
21660.4
15971.4
25380.6
18975.2
20259.4
19574.8
14841.5
17282.7
22280.1
21381
19383.4
20256.7
15577.3
12705.1
23842.2
30178
28228.1
15262
15845
19722.2
36122.8
37496.5
17622.1
22193.6
22444.6
15860.4
22994.2
30657.9
19396.9
17072.6
25240.4
20038.1
32283.2
21401.5
24434.1
25552.6
20064
13240
22403.5
17131.8
34696.8
10211.1
26256.5
24823.8
28568.2
20523.9
16031.6
21078.2
10814.6
25143.6
19097
21285.6
23265.8
27401.8
16991.1
13583.7
28038.7
33243.2
19058.3
15567.7
36351.4
23251.3
24356.2
25634.7
27012.3
21744.3
24364.4
18079
32707.8
27476.9
12425.8
26186.7
15814.2
21288.4
26379.5
21737.1
18111.9
30341.6
33879.5
32993.8
27560.5
17965.4
24586.2
24372.3
20963.8
26848.1
24258.5
23509.3
21055.8
32700
17678.1
13786.7
22254.5
25322.1
25341.6
26109.4
15855.5
18231.2
23383.8
22595.8
24347
26346.9
23658
24943.4
16368.2
28230.9
14898.5
21919.8
15999.7
21799.8
23941
38936.2
34141.2
12771.2
32923.6
13293.1
16406.9
24514.7
28321
22738.2
22698.6
48161.4
19373.4
27992
21671.6
19619
21405.3
21817.6
20292.2
18215
43016
15415.8
32048.6
15130.2
24085.1
18942.6
17935
27670.7
33541.4
18101.9
17143.8
25381.7
13051.4
26923.8
33389.7
23361.2
35417.6
15708.4
27028
18581.3
18860.9
35161
24622.6
19886.2
16644.3
20751.6
25844.7
42121.4
31407.8
10416.4
6389.2
22397.4
22646.7
23771.6
21875.3
29895
36732.7
19099.5
19406.4
18233.6
18760.9
15758.5
15385.1
28035.3
13263.9
27260.2
14194.8
38419.4
12714.9
15173.9
19732.4
16185.6
29020.3
25205.3
16471.2
17787.4
16094.1
18897.5
32565.4
16224.5
36708.6
20722.5
17012.2
20430.8
19769.6
25122
24246.7
28707.8
20533.8
29279.9
14981.9
28825
25401
28559.4
21130.4
18562.7
31782.2
24958.2
24971.4
17663.5
19817
26030.4
19393.9
30248
11276.8
16312.2
20834.4
21732
28749.8
14004.6
23901.7
22050.8
32429.5
16982.7
24877.1
25796.7
28434.1
30841.6
21332.9
21531.1
33129.8
19610.4
15197
15124.2
13141.7
18053.4
18435.2
15807
13539.1
17259.7
25365.4
22240
15677.8
30064.6
18750.2
12317.6
18993
15261.1
20926.6
21067.3
16533
13141
21865
16556.8
27209.5
25204.6
18271.6
26007
20235.6
23168.7
31799.8
27704.9
24988.3
25420.3
29639.8
18258.3
25792.2
30467.4
25640.2
26630.5
33654.6
20159.8
10670.2
26130.1
27979
20686.2
35352.6
16757.9
16292.5
32765.6
16471.2
16197
22411.2
24385.9
24219.8
27861.8
20839.8
21684.5
28773.5
18270.1
13391
15490.9
24897.5
17922.4
22049.7
18680.9
16376.9
12975.1
16546.3
30439.8
31047.7
24934.5
19245.9
15295.2
16397.1
27318.2
26498.5
29657.8
13139.1
14962.1
26376.7
22320.6
30985.7
28589.8
14096.4
24989.2
24001.7
25225.8
22239.6
28493.7
22961.4
20856.3
12638.2
21297.1
23896.4
35112.4
24653.4
21671.5
12799.7
20639.3
20992.9
17061
26641.3
13428.8
26009.9
12508.6
37624.2
17318.1
19315.4
27113
13969.2
12951.1
24589.8
17745.3
26291.6
34701.4
25190
16045.1
18534.8
21143.4
27025.3
32543.9
30379.5
13782.3
18346.4
22391.8
18602.7
23991.8
26935.7
16072.6
15378.2
19453.8
23119.4
31945
21435
22042.4
28375.9
25252.8
27411.8
43428.7
22752.8
15726.5
19741
18713.2
28691.8
24758.3
31684.2
18599.7
21627.6
25904.3
34253.8
18552.1
24073.1
23660.6
12136.7
33135.3
20678.2
22771
32223.8
30287.8
21630
19070.7
24980.8
27968.4
20356.6
25888.6
18606.6
28133.8
27856.6
19207.6
21765
19648.6
25507.7
17334.2
23194.6
23007.3
43453
16290.7
28476.4
16573
16734.6
19097.8
31567.3
16193.8
17781.3
14755.9
23120.3
15392.2
26618.9
30785.7
16557.3
14384.6
19244.6
15249.3
45185.1
23854.9
14290.8
17396.6
17399.2
20412.2
26707
26862.4
17944.6
19701.3
17763.6
20750.9
16480.3
19070.9
26267.8
16845.8
15893
26275
28482.5
13946.2
12683.4
10436
21304.7
18066.3
31339.4
18796
21606.1
28989.7
20506.6
24522.4
19664.2
18903.9
20557.3
18117
32413
33427.4
16372.8
18008.8
35489.2
28537.4
24025.6
23205.2
16415.8
17947.1
25683
34493.6
17646
28539.9
20188.6
28523.9
17410.6
19735.6
21685.7
13399.2
28483
15178.9
18837.2
24796.2
20653
14396.1
11050.5
16955.2
29878.3
17677.3
20436.4
22895
26831.5
17364.2
21720.3
21947.8
10048.6
28290
21255.7
23408.4
23842.2
14904.4
18287
18635.3
15823.6
22993.5
15156.8
19100.5
17586.5
18771.1
12823.9
19862.8
18242
10223.5
20533
15118.7
33038.2
14929.3
24835.9
21312.6
22641.7
21004.6
22592
19481.2
25190
10087
22970.8
19244.9
17782.2
8175.68
18043.7
24519.5
25713
25791.8
25825.7
13892.2
16444.9
27452.2
11899
25680.4
32295.7
21450.5
20742
22077.3
19962.7
19052.2
22280.5
20182.8
19257.6
23826.1
25101.8
23847.4
14963
31488.1
19469.2
16816.7
19730.7
15561.6
26004.7
27182
27089.4
26244.4
27607.5
16870.7
27704.2
19043
23105.3
22500.2
19342.6
21753.7
30608.1
23850.9
18479.4
13964.3
15290.5
23181.8
28613.4
17211.2
21783.4
18249.2
24070.1
16098.8
16591.8
22702.7
16395.4
22668.2
18971.9
13994.2
17270.5
37773.5
23532.1
21475.4
14921.9
14228.3
13571.8
32255.5
15209.4
26530.1
14973.1
11124.2
18659.8
19494.9
18983.9
24895.2
17834.2
17085.4
21485.5
21310.1
17089.4
26548
28619.8
16426.9
15262.6
14211.8
24495.9
34990.8
28243.9
14296
23914.1
18916.5
22961
17323.6
15993
17381
13594.7
35725.6
22383
23110.8
14926.3
19916.4
23149.4
17392.2
11963.3
14284.2
26650.2
25136.6
20313.2
18387.4
18789
16948.8
18429.3
18974.2
27200
17047
14680.6
16431.8
17605.8
19470.5
25848.2
16171.1
23024.9
24147.1
25382.3
18331.7
24035.4
14694
19988.2
13650.9
26999.4
27405.8
27159.8
26815.4
37037.7
28917.9
21005
13547.4
17763.7
19993.3
17516.9
23518.6
20202.2
31313.8
18150.2
32062.8
28419
18818.1
19774.6
28895.9
19986.6
25388.5
24314.2
28649.2
15774
20422.8
16007.4
19109.7
18345.3
28186.7
18143.4
26716.2
13778.3
24372.6
22262
19596.2
31006.5
14641.4
16558.2
21273.8
25109
16718.4
25188.9
18666.3
13135.6
29426.1
28161.6
22064.9
25224.2
16179.1
22381.4
29898
15106.5
21460.2
18595
17241
22262.6
27432.2
26415.7
19999.8
19789.7
17914.6
19609.6
19144.4
13429.6
29040.2
18853.6
24826
20969.9
25768.7
20566.3
24096.2
19769.7
16564.2
21979.5
17624.6
20867.4
17754.7
27134.6
15201.3
23945.8
26676.9
11023.7
21389.8
31216
17456
14407.8
39143.1
22976.2
36580.1
12113.4
24164.3
15127.4
23002.8
28467.5
16567.3
22867.4
14959.2
22273.4
25344.2
19598
23831.9
32564
19015.9
29294.2
21374.2
16451.7
24655.5
18000.8
35198.7
24296.5
22166.1
19142.7
17491.7
35223.5
18833.3
24297.7
16132.6
12927.2
20588.9
26208.6
30155.4
14896.6
27020.8
18979.9
13736
23320.2
19281.9
23422.3
20913.8
30505.1
24162.7
20135.5
18216.7
13988.6
21944.2
27426.1
28920.7
20160.7
26794
22410.1
22796.2
20263.2
17870.9
14553.7
15410
26887
15998.2
18295.5
20736.7
10585.6
24371.5
12989.8
26330
41387.1
25704.9
32316.2
10123.1
16208.7
23973.6
25016.4
26840.2
14569.8
19402.9
18879
27834.6
20350
27269.3
17876.6
27256.7
17438.6
27581.4
12977.8
19114.2
26474.6
23774.3
12482.1
18881.8
20839.8
20653
32036.2
26202.2
18934.5
23793.7
15697.2
14501.3
19886.5
22269.1
19753.5
20871
27538.2
20636.9
21202.6
13578.4
31925.8
21382.2
25867.5
21320.2
14301.9
26827
22490.9
23197.8
26956.6
28871
31896.7
13938.7
24007.2
19664.1
27503
22252.9
21820.2
23305.8
22764.4
25203.2
19497.8
21376.4
23381.4
20670.1
24811.8
20451.7
20855.5
33212.3
24416.9
13005.8
16634.2
26287.4
35038.8
22632.5
34518.8
11356.7
25218.3
16401.7
31383.4
28808.4
28364.6
27564.6
19067.8
24902.6
34601.1
28344.9
37140.2
19651.4
21037.8
24544.7
28381.5
25733.8
30487.9
27910.5
28387.9
23009.7
38328.2
27491.1
25987.9
23819.9
22701.3
35954.2
11802.6
19266.9
27362
25736.8
32445.2
13994.2
21735.7
22185.6
17718.8
26653
27793.8
17222.6
15682.1
26571.8
25259.7
31026.3
25757.7
14126.8
23493.1
37448.9
19591.7
24899.8
22596.5
23315.9
16652.3
25052.3
20850.8
29718.9
22471
24786.6
15633.4
17646
31471.3
22021.3
31595.4
22377
17642
21029.8
16510.8
22906.5
20304.1
20567
25255.8
19876.3
22315.5
17282.7
25016
22621
18185
21855.8
19565
18556.3
19968.6
13694.6
17088.1
19128.4
18921.8
35505
19983.4
16899.8
17379.8
31766.6
22608.6
22295.5
25164.5
17846.2
14507.2
11624
19243.4
24311.6
21519.7
23588.8
19161.4
16138.7
12524.1
18596.9
20994.6
20114.1
17696
13900.9
12654.2
30136
20804.2
19116.7
20464
19988.1
15931.1
25027
24750.3
26286.5
19469.7
23003.3
17018.5
20314.3
22870.6
19451.4
25498.3
20467.5
19428.5
14540.9
13191.3
33347.4
29195.9
17652.6
13606.6
19669
20924.8
13007.6
15893.2
20375.3
16943.1
24982.7
18365.9
12846.3
21330.1
20929.4
20642.1
19257.3
17007
15209.4
28104.1
26549.8
17562.6
24943
19626.4
19910.1
21004.8
24813.3
27371.1
20492.1
17121.6
26783.9
18358.5
31689
12719.5
19830.8
23215.7
19369.3
19896.9
21996.5
16379.9
23780.3
23879.3
20963.4
13118.7
20972.6
19642.5
19022.2
38128.6
24687
30246.7
18842.5
14411.3
22462.6
24710.4
42535.6
37542.8
22343.7
15351.1
23633.8
38465.5
16317.8
33664.2
15651.8
18997.2
28420.6
35802.3
18063.4
14254.4
20729.7
25525.8
22632.3
17107
19359
27563
40703.4
26341.4
26286.8
16466.7
20286.8
17353.3
18102.5
11294.6
28134
19164.8
15145.3
19886
10590.6
16599.1
23217.8
23745.4
17353.8
14278.6
35118.8
34476.3
25742.1
23036.7
30878.1
13016.8
22331.1
26128.3
22674.2
27731.3
21318.4
25163
26413.7
39077.4
13109.8
26554.2
22063.3
24394.4
16690.6
27094.2
19531.6
27365.7
18693.4
25902.5
17662.8
18734.8
17033.1
24180.2
29085.4
22892.2
26149.5
22841
17472.6
33889.8
22000.5
24175
30066.2
19144
22115.8
34280.9
21994.2
15522.7
26544.2
24195.1
21599.2
27433.1
19407.8
16199.8
17591.1
20139.1
17202
13238.5
30092.5
16388
14110
24848.5
15170.6
17711.8
36976.6
11347.1
22519.7
25519
16201.8
24497
22234.7
24105.3
17391.2
16744.1
22770.5
16329.7
19121
25669.7
24924.6
20854
20342.8
35588.1
16653.8
19504
15249.8
20237.5
33042.6
29506.8
17846.8
15626.3
15448.5
27727.7
13657.1
29401.9
19854.7
11768.1
29651.9
39967.8
19839.9
29239.8
17019.7
18905.1
27457.4
25011.2
41095.4
27177.3
18189.5
21262.3
28084.6
35876.7
27893
18370.6
22656.6
26031.7
17636.6
27402.4
21062.9
19084.6
17641.6
20777.4
20879.5
29197.4
21934.4
12182.4
17307.4
21087
26525.4
20581.3
34329.5
25320.2
18621.6
26169.8
15419.7
25751.6
15926.1
15755.3
32528.6
36307.5
31393.7
19736.8
12225.3
20093.4
25612.2
20335.5
28593.6
24955.1
12736.6
13305.4
21613
23361.4
27338.2
19366.9
12796.3
15539.4
14100.4
44853.9
22883.8
18875.9
29995.3
17233.3
15373.7
23192.5
35009.1
32341.3
26909.2
14012.1
16748.2
24123.7
23306.4
24735.8
31068.6
20527.1
21102
22742.4
29106.6
24137.5
30868.9
19721.2
24318.6
19682.5
34537.7
28280.4
16192.8
26542.6
20309.3
33434.6
17336.8
22581.7
23285
21585.2
33837.8
27192.5
28327.4
18181.5
15879.3
32467.5
14750.2
21609.8
14704.6
15937.7
16312.9
29562.6
30192.3
25699.8
25788.6
26896.6
33656.9
22162.1
23759.1
37132.7
22129.6
16253
24833.5
19078.2
29397.8
18507.2
21550
17785
16902.2
23459.6
40326.9
16590.6
21747.8
22486.4
32252.8
13812.4
24822.2
16861.4
22747.4
30949.9
15157.5
26116.7
23492.5
36905.4
32793.5
20084.4
27558.4
25099.7
22844.9
18057.2
24530.6
26227.8
31022.6
19101.1
32866.9
27952.4
28369.2
40225.1
21499.3
14951.8
21556.6
17630.2
32234.1
14342.6
29245.8
17513.1
20970.8
22132.6
25408
23796.2
20959.2
29123.7
19148.8
38093.7
20373.8
30114.3
20859.8
30241
25177.2
14934.2
26523.8
24973.4
26922.4
26127
46280
15285.6
20769.4
30017
26346.9
24631.6
27148.6
20750.2
28930.5
28718.7
31739.5
27074.9
15949
21779.4
21933
25211.8
22481
30983
27629.5
18957.3
31292.8
19416.2
22447.7
20138.7
38643.9
8776.8
26755.4
31013.1
29157.9
31619.4
28818.9
33832.3
18583.1
21938.7
19660.2
35548.2
16347
26841.1
15156.7
18276
26827.2
15780.1
36138.3
21545.4
18991.8
17585
21857.6
32985.6
30390.9
24584.6
18684.6
31831
26402.4
26735.4
40669.7
33719
24450.5
29875
21969.6
24852.9
22017.6
24541.5
33672.9
23223
28977.4
27020.8
17498.5
22881
22947.7
24945.4
26688.2
20072.1
23754
21285.9
16319.7
31179.4
29117.9
22749.9
19191.7
18204.5
25024.7
27504.2
23743.3
18932
16728.1
12223.5
17827
29103
26740.7
34408.4
15345.2
34091.7
37116.6
18037.9
20878.1
45679
16880.6
15906.1
17944.1
18126.1
26385.4
22255.5
17462.8
21322.5
20982.7
22330.8
21815.4
19963.4
42525.3
35171.8
15985.8
25528.6
24609.8
30108.6
24117.1
37299
23376.3
19141.7
32350.5
30852.2
35965
24173.4
40071.4
17615.7
22129.5
35734.4
18508.7
21680.6
36027
26010.1
27227.1
23214.6
17519.4
25877.1
12995.8
20385.7
27038.3
21350.8
17040.8
21095.4
22007.9
15685.7
19802.4
23943
20647.3
25206.6
28054.6
37169.3
14784.9
15719.7
18692.1
26343.6
35011.1
28395.4
16531.1
24868.8
19714.4
20066.6
20913
25236.1
21687.5
20820
21577.4
17940.8
28874.6
15788.9
24884.5
17237.7
15321.8
29076.5
17470.6
26909.8
20954.2
12340.6
19954.5
19532.1
26748.6
23520.6
21513.2
18533.1
28073.2
15081
15408.6
11930.2
13207.8
34646.4
27733.4
21568.8
24624
18524.8
13089
18434.3
13939.6
17261.8
31987.3
19298.8
24053.8
25125.4
20042.5
16945.8
18451.5
15263.4
20318.2
23152.2
17284.6
19121.1
15435.4
23741.8
25816.7
13713.4
23059.8
16703.6
17805.9
26808.7
23511.3
20429.1
17742.4
18741.9
13198.4
17493.3
28809.6
23091.7
27515.1
20352.6
25857.6
11849.7
22758.9
18428.2
24996.5
20918.2
26909.4
16899.3
18747.5
25391.7
24007
18756.9
30433.9
18637
22285.6
35978.2
26897
18758.1
17475.4
23225.4
23253.8
22816.6
33813.9
27491.8
21325.2
20592.8
21868.5
33359.6
26264.5
23574.5
28767.1
26226.2
23626.3
20058.7
25078.7
23667.7
22894.8
16378
25693.7
30025
18858.3
22505.4
13738.6
10318.6
20689
30213.7
21381.1
24528.4
26152.4
12846.6
13630.6
20803.4
28662.1
18596.9
19585.5
21014.1
14778.3
19944.7
15818.8
16321.7
31564.6
15717.5
24960.6
17731.9
15062.3
22580.8
32094
30113.9
24087.8
24945.2
20352.3
26329.4
38290.2
18527.8
16563
26352.6
26812.6
25850.6
19627.9
29158.6
24441.3
21351.5
17865.7
9641.68
23735.8
29618.6
19428.1
41049.4
15660.2
18832.2
27216.9
13540.4
21217
22772.2
27159.2
31330.7
26792.7
20361.9
21146
45885.3
23137.6
21428.6
28651.2
21097.6
26521.9
27823.4
23578.5
26162.7
19505.4
20492.9
38601.4
24621.1
23048.1
19195.8
15931.8
31236.2
23572.9
22399.7
30110.4
26121.6
19181.2
29901.6
14901.4
22021.7
39871.5
18240.2
22004.2
34208.6
26422.3
26346.7
19909.5
26025.4
26592.7
27415
20272.7
26997.6
18504.5
22325.6
23454.6
18224.2
25168
23885.4
19695.5
21863.5
13382.2
17996.6
19468.6
27581.4
26590.6
26656.9
30721.7
14240.3
21248.1
26504.3
31339.7
22828.8
24418.8
18627.9
23274.2
18226.2
15834.7
19767.9
23786.5
35896.5
39480.4
12401.6
18784.3
24132.4
14281.5
31533.8
21008
20859
19612.4
10046.7
22713.4
19805.7
35797
22937.6
20844.8
20554.7
30342.3
20204.5
34048.2
22146.7
17828.3
26104.5
39039.7
21354.5
21458.2
18433
22855
29235.9
19104.2
18886
30522.8
23051.4
23587.8
17253
20615.3
26797
33338.7
29104.6
31215.7
28731.5
23078.1
17300.5
27107.8
36320.4
21659
26687
14945.2
33350.3
18799.4
23274.3
26385.1
18831.4
25297.1
21289.7
26256.1
16172.8
33446.4
19908.2
19074.4
28201.7
16383.1
19657.2
26781.9
31808.9
33473.6
34661.4
16320.5
13637.4
32261
29505.5
25026.6
25547.4
20838.6
28350.8
29014.1
18542.8
25067.1
19356.2
20581.1
27049.9
22393.1
35142.2
22646.9
21927.3
20857.7
23687.8
41160.6
20208.4
22044.3
28973.9
44991.9
17013.1
23857.1
18730.7
25375.8
36858.8
20398.9
29526.2
18974.5
34151.2
24317.9
23354.5
19384.6
24081.4
29480.7
33885.8
17474.5
22813.1
26920.8
22008.2
26977.4
27489.8
18859.3
25787.8
17375.8
37169
32468.6
21951.2
17122.6
16287.1
28883.4
20681.8
25599.2
29347
30648.2
16755.9
28030.2
22073.4
31466.6
34531.5
20376.3
21034.7
26122.6
14973.3
40063.8
23698.6
21530.6
20672.2
19182.6
16271.1
30016.2
28722.4
26641.9
19328.8
13619
19976.3
21897
28716.8
27244.5
14031.2
22335.5
36951.4
20817.5
21486.4
20498.4
25957.1
20165.4
26878.5
23517.6
18913
32734.2
14304.7
16764.3
30358.2
20365
26305.4
31843
20187.8
18596.9
12283
26390.6
30292.3
18594.8
38120.6
18496
28843.5
18384.4
25387.9
28289.1
26329.2
26659.8
20265.4
31695.9
22044.5
33666.3
32101.8
21340.9
25191.8
17975.4
21525.4
28161.5
28923.8
24393.1
19757.6
23793.3
19060.9
22852.6
23620.2
13297.6
22723.4
34043.8
30770
19306.5
14143
20344.3
22102.6
21160.5
26037.8
35857.9
34587
31461.4
21747.3
29278
20066.2
26998.9
25747.6
27803.1
22190
18580.8
23308.7
35138.4
27487
20146.6
21278.6
34186.5
19620.6
37115.1
23793.7
26277.9
23368.6
14437.9
17070.1
25886
27251.8
30799.2
17956.4
26265.8
19035.5
23145.9
24927.8
40547.4
18939
13466.8
24105.6
13449.1
19921
37532.2
29603.9
24667.5
27323.7
23406
23841.7
22036.8
17742.4
19143.8
28587.4
17762.9
22989.5
15016
26621.2
25407.5
15047.1
30977.1
30548.5
23850.6
19054.2
20837.5
16809.2
18997.4
30728.5
19019.6
16968.2
26884.4
12881.8
28770.5
15394.6
17651.8
24828.8
19455
16196.2
18473.8
24231.8
17244.7
18900.9
31208.2
15903.1
14635.6
24240.4
25883.2
18676
37203.8
41147.2
19451
20764
24754.3
21992.2
21399.5
28909.9
18144.8
20654.3
18877.7
37076.5
21301.4
20409.1
17947.1
21954.2
24812.8
24450.9
14976.1
26729.6
16582.5
15278
35731.6
17228.4
20274
25285.5
18212.2
14880.2
31132.4
26579.9
15553.2
24506.5
22421.1
16672.5
27141.3
16862.2
12269.6
22241.4
21920.9
14784.6
32644.1
11898.2
17365.2
19364.2
14047.4
19691.9
20921
11302.2
18720.8
18548.6
27490
14034.1
32157.9
16950
18448.3
13189.3
21429.5
19572.8
17577
13195
13980.4
19728.4
23650.9
31150.6
18502.8
16314.6
9539.36
20046.6
36352.1
26933.9
23460.5
13845.1
19867.8
28641.3
26689.3
30602.2
23171.6
18803.5
13727.7
21185.9
15105.7
25067.5
24829.5
15524.9
16355
20674.6
26493
14457.1
19598.6
27271.2
17456.9
22174.6
16822.4
25602.2
37583.5
16383.1
24202.8
27591.8
22690.6
27360.2
19336.4
36472.9
23754.7
23086.2
15549.9
19667.1
24953.7
29109.1
17750.2
25717
19590.4
28123
29368.7
19370.8
17043
25762.2
23016.6
29587.7
30862
21220.4
29771
31832.6
15867.6
26691.8
25336.9
27320.1
27442.9
25139
15381.8
17195.8
19690.4
18960.7
19198.8
28032.6
23342.6
18844.1
16409.1
22239.1
22463.3
22556.1
22089.8
22152.6
23923.8
25366.9
28267.6
14351.2
16413.8
24709.3
13596.2
26441
16731.2
21512.4
14935.9
17048.7
19858.2
25239
13321.3
24325.5
18794.8
18284.9
22536
17898.1
24906.2
30156.4
21518
19304.6
21426.2
20280.6
18228.6
25067.8
31836.6
23597.4
21159.2
27222.7
28921.1
22939.1
19675.5
27018
36169.9
19679.7
21370.9
17293.2
17076.9
26897.8
18054.5
19139.7
21427.1
26821.2
15153.4
11243.9
12413.1
20127
25707.4
22734.1
21143.7
20365.1
28544.4
16733.1
14310
16039.8
14580
19776.8
20835.7
29718.4
19668.8
22560.4
12280.8
19109.8
16463
18950.4
20939.9
24633
20626.3
9884.64
14364.7
25570.6
22869.7
28160.4
17701.2
31537.4
20127.2
30467.6
14982.8
21990.9
20295
17314.2
20915.4
35628.8
31360.3
24155.9
17693.4
17623.8
23346.6
23258.5
30331.5
24796.6
28162.7
22788.3
24019.5
27640
20662.2
17012.9
23892.6
21981
16328.5
28407.6
27697
21573.1
23239.3
19704.6
24671.8
26309.2
20739.1
13224.9
23038.3
12342.4
22713.4
36854.8
21008.4
11280.4
19597.9
19527.6
15043.8
18772.3
20569.9
38202.2
13108.1
23826.5
16219.2
18203
22995.5
29334.7
32148.6
18695.6
29607.1
22478.7
16160.6
26009
24914.6
17464.4
17769.3
17818.6
14565.5
26420.7
19668.7
20952
15442.2
26661.4
20794.8
27159.1
24682.7
16145
18174.9
31598.5
30059.1
29157
23474.2
14337.6
19105
20526.9
23572.9
32130.9
29736.9
23015.5
17567
25929.8
22892.2
13714.9
23053.8
18034
15236.6
17111.9
34982.5
10765
26535
10686.4
19392.9
12403.6
12774.6
13136.6
22711.8
15910
10781.7
26652.9
20028.9
13448.9
15198.2
26425.8
14550.5
20057.4
19712.8
21579.8
14133.3
23150.3
24971.1
24203
13319.3
17243.5
15086.7
19265.3
13826.1
14895.9
18914.5
24395.8
22138.7
11912.2
17542.9
10558.6
24742.5
28535.6
12923.8
14695.4
17871.2
9857.92
17800.2
20355.3
10608.6
15715.8
15347.7
12154.2
16822.4
22851.1
21400.2
18164.6
24287.2
10202
17104.6
17055.2
21891.8
13113.3
18433.7
18122.8
26344.6
22114
16620
22111.6
29839.1
20209
18427
17369.8
14789.1
18014.6
20263
21609.4
24993.1
19347.5
22653
21082.6
24912.2
13691.9
19496.2
30330.1
24769.4
23496.1
24269.7
17615.3
28683
18253
18136.9
23473.9
14788.6
17870.6
23470.9
12368.6
35972
19663.4
31856.4
18008.6
16067.8
18951.7
23447
31875
19468.5
12157
14750.4
15563.9
16818.9
18409.7
19697.1
16009.4
15918.4
20089.4
20567.2
24815.6
15912.5
26621.5
24379.7
22850
23411.3
26055.1
11469.4
26927.1
21778.1
24990.8
27488.7
25410.2
17152.8
29435.9
24073.2
33000.8
14689
19645.4
28308
22428.6
16381.6
27463.4
20030
25994
13296.7
19297.8
24158.5
12722.3
17400.9
14745
15641.4
23184.8
15138.6
16881.3
28697.8
23781.8
15546.6
23930.4
12508
18637.6
20465.6
18569.3
44889
35884.6
17146.6
25786.6
24181.8
18412.9
21858.8
23849
26749.1
17133.4
15705.3
24021.4
23445.4
19274.1
27985.4
19154.1
19854.9
22061.5
20579.4
28110.2
23482.4
15888.2
21446
25423
9502.32
24674.2
19141.2
23800
21547.8
17745
25104.6
19325.5
22705
11537.2
32822.5
18724.2
16282.2
22003.3
16158.6
19883.6
16456
15911
19813.8
17636.7
17082.2
19096.3
19764.7
28426.7
12618.8
24273.2
25272
14146.7
13906.9
23350.2
21244.6
28483.8
26897.3
32016.6
29450.6
11500.6
17117.3
22168.7
17395.3
26857.6
25992.8
13686.8
12724.2
22628
24164.6
26359.9
21370.7
20772.9
12907.5
14122.9
20953.9
29311.3
37416.2
24118.9
17842.6
31033.3
18489.1
22799.1
23824.2
15769.7
17951.4
18193.4
30326.1
17975.9
29571.1
31744.6
15269
14263.9
34607.2
23151.3
30678.4
19014.9
20938
27593.3
19268.2
22334.9
29705.8
23560.7
18186.6
30524.2
25043.4
28327.3
35217.4
22164.9
17111.9
24445
31680.3
22735.6
23417
39160.8
20693.3
17647.4
22421.2
23124.8
17093.6
28466.8
32525
14551.6
19853.4
26087
21032.9
20513
27129.2
19455
18350.2
21618.6
37309.9
16514.6
32645.2
35292.2
37463.5
22451
33012
11478.6
36700.3
21202.2
22915.7
17826.9
49845
17109.6
20699
34935.2
15744.7
15501
29492.6
29510.3
27061.8
29369
20937.6
39361.4
22243.4
23460.1
24398.3
16680.3
20717
15276.6
24650.4
24520
41135.8
10409.8
21673.5
19398.3
23166.4
17277.7
34121.8
27829.2
20717.2
20789.4
24489.1
25010.2
26530.5
31799.7
22659.5
23016.4
20060.8
29343.6
44750.5
18288.4
18910.4
19023.7
24316.4
23194.1
14330.5
16886.6
21665.4
16794.9
17956.5
22661.3
20825
19345.6
20379.3
29406.6
18302.6
16030.4
19752.8
17920.3
22788.4
20496.5
23971
21029.9
15298
21765.4
28949.2
20775
32277.7
24716.2
22592.9
19986.3
22792.6
20150.2
32137.8
20730.9
21809.4
34259.4
18141
27158.1
29078
25774.8
21238.5
29216.8
30766.6
24073
27998.6
26526.6
26967.2
16082.7
29846.6
43984.6
37835.8
23662.2
18110.2
20301.9
32570
32202
30053.8
30888
24447.4
30769.8
31100.6
34910.2
25271.3
19039.4
30954.6
21278.1
21430.8
24602.4
21683.7
14466.2
21847.8
23624
30629
23172.9
24621
26631.8
16491
27734.6
23875
19081.8
36979
29270.4
27070.2
23118.8
18024.2
20414.2
25701
22533.8
26326.3
25816.8
22961.7
25340.2
24638.1
15117.8
11436.6
23087
23586.7
42404.8
22841.4
20402.8
21167.8
16793.4
27820.6
13257.4
29509.8
18316.6
11789.8
19721.5
22207
20715.1
17383.8
11119.3
23818
29028.2
28909.7
19567.9
17564.1
22649
21966
13755.2
17523.8
23503.8
17735.8
19662.4
13996.8
23535.4
19665.8
13046.3
10575
16220
11611.1
17833.8
16374.8
26399.8
28931.7
16898.1
19008.3
12422.6
16077.6
16890.4
28131.2
24014.1
23514.6
20717.7
29355.8
20455.8
15738.1
27719
18170.3
19798.1
21259.3
22767.8
26040.3
17761.4
25517.7
20075.4
22497
18905.1
34811.4
20155.1
28355.1
20990.7
21938.1
21212.6
30669
23883.8
17302.4
27799.4
28757.4
35574
21312.2
23292.3
17290.5
31233.5
16391.3
19284.1
23197.6
21716.2
24467.4
17508.3
18196.9
24013.4
23285
14875.3
18569.2
17140.7
26694.5
22740.4
19270.3
35566.1
18504.8
30474.9
29086.2
19103.4
20595.5
25597.5
18369.8
25359.9
18525.6
26679.3
23007
26829.8
24544.6
19361.9
22939.5
14740.6
24123.5
23240.3
26388
36559.8
24332.7
17134.2
20199.1
30693.7
31744.6
33442.2
20972.9
32070.7
19992.7
21251.4
27768.9
21476.6
23036.2
26201.1
25085.7
22942.2
25317.6
17278.1
41627.9
27760.9
26956.5
14470
30296.4
21578.6
21889.4
16115.1
22099
19912.2
19157
24907.1
17636.3
31013.8
24111.8
17881.7
20111.3
34187.9
21512.6
30466.3
18666.2
20212.8
14094.8
25806.7
30054.2
29568.2
24434.6
20597.4
16784.3
17304.7
23247.6
22147.7
26601.8
8925.28
21198.8
21837.4
29779.6
19561.3
21519.5
19448.2
18756.2
28539.1
24219.6
23300.3
26910.6
16757
31426.1
25828.6
24088.5
21599.3
28151.7
24072.4
31252
25145.1
29123.4
24082.8
25254.6
23089.7
29133.8
19652.7
37011.5
25969.2
24838.3
22680.5
19287.2
28217
38885.2
30188.5
23909.4
22709.8
34035.4
41373.6
39847.1
28914.5
26420.2
21178.9
26891.2
43584.8
28320.8
29962.4
23766
19358.9
38472.2
31601
27318.6
39416.9
24046.2
21981.8
29690.4
36109.7
18918.3
28666.2
21092.8
19592.3
25912.1
32480.4
31831.9
21540.8
30862.1
24566.6
43967.8
23541.9
21738.2
23152.6
19317.2
20857.2
21850.3
40253
32177
18834
32755.2
19809.8
29119.8
36702.6
17959.6
26865.4
19669.4
19929.7
20567.2
23021.8
27606.9
18951
19725.9
36563.4
19269.2
17055.6
18697.7
23459.8
24288.9
16594.9
27996.2
19941.4
31894.8
14386.8
26149
30877.1
16470.6
32710.6
24682.4
26173.4
21148
20666.1
18264
28934.1
31704.2
31915.1
22024.7
24678.7
17842.6
24915
29969.4
23714.3
15814.5
21641.2
16257.4
23456.3
23898.9
19548.1
20279.5
13843.1
17869.8
24838.3
22523.1
29772.2
25213.3
19096.4
24559.9
18872.8
16921.9
19830.1
26477.8
17524.3
12013.7
19129.9
18289.7
25942.2
22822.2
15409.2
27960.7
16549.8
27236.2
16209.9
25821.5
26350.7
23020.6
21276
29523.4
21709.2
20731.6
24752.6
27338.9
23455.1
43346.8
20152.9
28812.3
33921.8
26515
20479.3
18610
20707.6
21189.2
23593.7
27479.2
19530.3
12574.4
25121.6
25644.4
31744.2
25088
14101.4
32078.1
18627.3
26647.2
18547.6
20209.3
40865.4
16696.2
20471.4
29844.9
25192.6
17822.5
22157.6
42081
38413.1
29867.6
22104.2
16357.8
30854.3
17488.3
24795
26179.8
27350.5
25372.4
22559.6
21907
26063.8
20371.2
19975.4
34292.2
18994.6
18097.4
34972.3
21783.9
14529.6
22456.6
27564.5
35895.9
32026.3
26047.5
37460.7
26382
26161.9
31515.7
21604.5
18107.3
36869.4
29633.7
22703
28576.6
37906.2
35774.7
23395.1
19468.2
24419.9
24820.1
36675.5
49536.6
29819.3
31979.4
24739.1
29317.9
30501.8
26795.3
48229.4
22679.8
40354.3
32153.6
24497.8
28486.9
36186
29102.2
46544.9
28898.6
19840.7
21193.6
34981.5
16926.8
28972.9
31068.2
27996.3
26548.6
24994.4
30792.8
17589.6
37143.8
39009.9
35200.1
20543.2
22573.8
34564.3
20335.1
29776.6
24379.5
26578.2
32933.8
36016
18549
17187.8
26561
24552.4
17978.6
25998.1
20698.5
38968.2
23971.8
21657
22867.8
22345
22393.8
21324.2
19953.4
20443.7
16119
21537.2
24022.4
29522.8
24053.4
24826.2
19850.1
18433.3
18225
19383.4
27725.4
13257
30465.8
19196.7
20997.6
19371.7
34735.2
28812.9
23484.2
15409.1
27364.7
25344.7
17452.6
16682.6
15196.9
25710.6
22863.8
17245.9
19076.6
16276.6
16849.5
17941.9
19842.3
19460.2
20345.1
20066.5
17999.5
33115.4
23435.6
23506.6
25573.5
23349.4
23227.4
24116.6
28042.4
13901
27471.9
29115.8
32562.8
22121
17686.2
19455.4
15602.6
19073.7
36084.3
28089.5
24698.2
18991.8
13695.5
21102.6
21846.5
27722.7
31643.9
12633.8
27588.8
25184.6
25075.4
27357.7
27643.4
19110.1
24701
16381.6
30859
15420.2
27785.6
23367.9
35322.6
11791.6
20997.4
21110.2
13935.5
18234.8
26462.5
14025.7
36468.6
21045.7
11861.8
20163.5
20972.7
27032.3
15695.9
15813.6
19996.3
23973.5
18620.6
14936.6
20885
17715.1
20919.9
25699.4
17373
16709.4
23050.3
18020.2
24398.1
17898.1
21690.6
23346.2
31034.8
15658.3
21365.4
45087
18344
27093
26779.4
25446.3
20230
16071.1
21093.4
24173.5
22254.6
31880
24918.9
25478
27328.2
36128.2
32852.6
29488.5
20711
20110.6
21085.2
30011.5
26685.3
20889.2
18865.2
24084
16072.2
26775.1
22735.6
28045.8
32572
18364.2
20346.4
14791
26342.1
21363.3
23029
13849.8
27177.4
25544.6
29860.6
23438.3
35351
17315.8
20154.2
26680.2
28824.6
26470.4
36800
24687.4
24961.4
18479
33458.5
18426.6
21746.2
22235.4
25351.8
19835
23075.8
23301.4
21012.2
13753.4
15800.6
22921
22977.3
22821.3
12906.8
22539.5
14177.1
14760.6
27051.8
18230.5
27847.8
20497.6
25665.4
16584.6
24084.6
24653
20779
26902.2
16159.4
27521.3
12440
22481.4
18895.6
20458.6
17763.8
17398.7
15502.5
22402.6
12637.5
26019.1
17722.9
11606.6
24150.2
27485
13258.4
29907.8
21951.8
13291.9
19371.1
16499
19988.5
23684.5
22288.5
23086.6
19745.5
14192.4
29011.8
26588.4
20545.2
17834.5
17039.9
19647.8
18990.3
24635.2
19267.8
20586.9
15373.4
33339.2
18969.2
19247.7
20759.7
15378.5
19282.2
13185
28059.9
29770
18719.7
18241
16411.8
24201.1
32282.8
21372.6
27744.9
25895
9897.28
35887
25385.6
21911.8
19351.6
24947
27760.6
22564.6
21894.2
30200.7
35383.4
26227.8
22670.3
21576.3
17924.2
31616.4
19534.6
32829
22218.6
24551.9
22550.8
24550.4
14974.3
19351.3
22191.3
31035
25845.2
17221.6
28195.6
27198.9
29448.7
17050.4
22986.9
20778.5
23189.3
22693
16530.3
26378.6
23074.9
19904.9
23004.8
32451.4
20515.8
18484.5
19025.2
25157
17622.9
27288.6
22686.3
32222.6
19388.7
20829.5
40444.6
26633
17686.6
26327.8
29265.8
27425.6
29019.5
25069.2
25033.4
21779
27487.4
28981.1
24649
27640
18151
20896.6
22346.7
25888.8
21447.7
46783.6
20590.6
15586.5
31103.8
17881.6
29674.9
25729.8
18764.7
12841.5
26656.6
13717.7
21448.8
20602.7
15968
22647
15217.8
17399.4
14577.8
24862.7
21652.7
15683.8
16674.2
32882.3
16108.4
15244.5
27240.1
14375.4
17826.3
17253
27334.7
18742.1
29361.1
13637
16746.4
19478.4
21765.6
24750.2
22361.1
22975
13722.9
27632.2
17312.2
27515.8
16866.5
21802.1
19432.7
15597
36131.1
16851.7
36214.1
12696.4
13924.2
24420.6
34620.2
43826.2
15749.9
21769.1
22309.4
33923
39679.6
24909.8
18454.9
25920.2
26471.8
18274.8
32166.6
40633.7
21994
17290.2
21746.3
22540.6
16237.4
28696.1
19646.2
20327.7
29144.6
22599
20186
20778.1
16604.9
25017.4
30609
27202.1
21975.8
9516
35044.2
17562.3
16275.2
26873.9
31157.8
23825.8
16220.9
25963.8
23898
14629.8
32721.8
17309.1
21971.4
23851.4
16655.5
16101.2
27275.8
20659.2
20104.6
20914.8
21011.4
20595
21095.5
13317.8
19781.5
22772.7
17419
20737
24345.1
16241.6
23167.8
21075.5
19094.6
12805
20649.4
17810
22292.2
24519.3
23467.7
18276.2
19102.6
24119.8
25030.2
22200.3
21064.2
18699
14107.8
28407.3
19387.8
22141.7
32709.1
19125.4
17308.6
22494.1
25509.6
34755.8
16082.8
15830.9
15904.8
27176.8
40363.1
39205.2
25353.4
20727.4
29283
19427.3
25300.5
25581
21532.8
29769.4
15862.7
23042.2
15575.8
34163
34612.9
27971.2
20141.8
26669.3
16267.2
24783.4
30024.3
32983.8
24791.4
17957.8
22274.3
17373.8
27333.4
24212.2
28115.3
25542.5
15031.8
19329.8
32841.6
21477
27945.6
18167.6
16721.5
21237.5
28822.1
29575.4
30934.7
18562.8
21681
26456.9
30659.9
26775.4
40529.3
23838.9
18376.7
16016.9
16074.6
26512.5
24144.5
23415
18271.9
20387.3
21068
19176.6
16814.2
13617.3
33481.5
17704.6
12604.1
24147.4
19161.8
17784.7
29583.2
20648.1
24417.6
20817.4
27270.3
14620.6
21488.4
19169.4
28476.9
22742.2
18734.6
26592.6
12378.1
18759.5
37254.8
19646
22121.6
35527
24118.1
16852.8
22829.4
21619.6
18462.2
20276.4
26895.3
20651.3
21313.2
14806.6
25495.9
15554.2
16711.2
31064.7
17277
26334.7
19237
19791.4
32228.6
16791.4
25372.7
16566
21209.7
15975.8
20285
14672.5
18433.2
18249.4
27379.6
16448.2
18708
7439.92
21495.8
17316.3
20774.6
28211.4
21863.4
27044
25648.3
24691.4
16295.4
22762.5
20417.9
25797.9
17990.6
25410.6
10609.2
17489.8
15545.2
17023.4
16289.6
24745.4
20037.4
12658.6
14653.7
15766.1
23313.7
22779.1
16691.4
10775.8
16981.6
18115.8
24011.5
20532.6
25434.4
16622.1
21892.3
19089.1
13702.5
24470.5
22854.1
25670.4
28980.2
17033
23891.6
20974.7
15333.6
13695.4
16611.6
20249.9
18397.3
19370.1
22575
11551
25735.4
10738.9
27429.8
25286.9
19409.9
18054.7
19367.3
20156.6
32243
15527.7
17176.9
14079.3
17307
17295.9
25397.2
18447.6
24150
18292.6
11443.6
15072.7
18132.7
27808.3
20545.2
26099
16415.5
13813.5
14170.9
27131.5
19995.4
25852.2
17135.4
21608.3
28553
19557.8
25626.2
28719.6
39185.8
22413.4
30353.1
17339.4
17193.4
26873
20982.8
18414.4
19495.7
35777.7
20671.8
20079.6
10527.5
20186.7
23466.6
25739.6
23257.3
21374.9
44994.4
21519.8
17678.2
19391.8
26991.4
11638.2
26013.9
32786.3
19301.7
24941.5
22266.4
16168.2
12097.1
38514.7
30853.1
22484.6
14960.6
25497.8
10562.9
20311.1
25996.3
26176.4
19689
21108.5
28556.5
21020.8
19572.9
15796.2
19754.9
15496.3
19970.3
11911.9
16479.5
23264.2
16271.5
12195.4
16663.8
6343.12
18923
14899.3
18480.7
17990.4
11083
13465.8
14778.8
26390.5
19961.8
15130.8
20282.9
14062.2
18524.2
12437.8
19146.8
19640.3
26667.8
11858.1
21227.7
32149.5
17802.3
18811.6
24619.4
10330.1
18372
18881.5
12018.6
18274.3
18827.4
11267.6
15160.3
19085.2
13145.8
28236.6
16726.3
13052.9
15758.6
19031.4
21367.1
17516.6
25295.4
22448.6
14193.8
13189.7
14071.8
26059.4
15639.2
12934.5
15108.8
21855.4
12246.2
23179.7
19562.8
15886.7
17772.5
17779.6
17998.8
17819
26678.9
16203.6
23419.5
20358.3
22495
15593.3
19354.9
10939.8
13721.3
20424.4
18821.5
28421
9279.52
16753.8
23725.1
14695.9
22301.5
16587.6
26091.9
22365.3
11047.6
11388.6
14309.4
16321.7
12143.5
14156.6
19252.9
19480.2
16529.7
22056.3
20856.9
19839.3
13791.7
23127.9
20520.4
16083.4
22033.4
23173.4
16599.8
22341.5
45131
19260.6
29201.4
14256.9
18953.3
24256.3
29429
23926.9
22476.9
35340
17302
14765.8
19804.1
27775.3
31571.6
17872.1
23721.5
17191.2
16860.8
19811.8
24718.1
19138.7
29892.3
13971.3
26375.1
28476.9
21467.8
32825.1
16213
16916.4
31363
14404.6
22985.2
18426.7
39879
25357.3
27819.6
16031.2
26733
11544.5
25729.3
29851.8
18865.1
24645.2
18691.3
19298.7
27447.6
26601
14601.5
21930.1
26660.3
31192.2
31246.1
23619.9
16920.6
20635.8
21646
22313.1
25559.6
22229.4
30970.7
25727.2
17008.4
22311.8
26369.6
14863.4
20570.2
34562.6
30018.6
24931.5
25404.5
29603.3
34838.7
24979.8
19509.7
27029.7
30755.4
24926.9
21849.3
20818.5
29160.7
20214.5
27957.5
21504.3
19136.8
24611
12312.3
21834.2
19157.5
17422.6
24751
18327
24263
27337
17657.8
15141
24218.6
15170.3
23582.6
25549.6
20923.7
15272.1
18629.1
16478.4
15972.9
23022.2
38681.1
19325
14077.8
20169.7
11982.8
13160.6
38720.2
30801.5
21658.6
13162
15161.8
29323.4
21535.8
24124
33752
21672.1
22205.3
21735.4
18148.3
25973.7
20167
16995.4
19953.9
22556.4
22750.2
26782.8
26775.6
20715.7
39616.9
18956.4
25657.6
21777
26826.6
23293
27092.9
30733.2
25411.3
20241.4
41661.6
22324.1
26497.3
22747.3
32787.2
27406.5
31233.6
27300.5
33536.9
19790.5
24390.2
27917.8
29536.6
21328.6
37371.7
24367.2
20279.6
24927
19486
25299.5
23290.2
27420.9
32653.5
18699.8
20280.7
20247.4
17277.9
31426.6
32080.7
33415.9
30374.5
22181.8
17972.7
25709.8
23401.4
35987.4
41747.4
26074.6
21064.6
20683
32751
31003.3
32225
23741
34761.6
28023.3
27602.9
38834.6
27062.3
19123.5
26740.5
27992.1
23615.4
35073
30017.6
24047.2
21350.1
19584.6
23938.6
33962.9
24589.5
22471
23211.6
39853.4
22444.5
23531.4
30476
23743.4
25919
22060
20724.2
23336.6
15374.1
27667.5
19479.8
27465
18620.6
16338.3
31182.4
32662.6
25596.1
32676.8
20651.2
19500.3
26013.8
33357.5
21445
27224.1
21624.6
28205.8
20471.9
30833
25797
34478.9
34550.5
18409.5
27764.1
21890.6
36360.6
26628.6
30753.8
17641.4
26907.8
27457.6
20128.2
25365.3
17825
24748.4
27763.2
26896.2
22540.2
19993.4
26215.8
22893.8
24805.8
24168.6
27975.1
22853.9
30534.4
39800.9
27567.4
26859.5
27676.7
27800.4
15309.8
25802.2
28256.2
30414.2
14213.9
28007.2
24002.7
24747.6
22989.8
37212.9
19751
21349.4
24138.7
12489
26735.2
14768.4
25315.1
14248.8
24511
27924.1
23346.6
23457.9
23068
26755.5
22803.2
32936.2
31746.2
14984.7
23888.9
13930.2
16583.7
42630.5
35705.4
26134.3
21512.6
18845.1
22715
18406.4
32355
23934.9
22137.2
18634.6
30694.2
26205.3
27626.3
22633.3
28138.8
24733.4
14848
26459.8
27315
30730.4
19985.4
40831.6
31434.2
24117.8
32601.3
41840
29480.7
30021.6
25023.5
28777.3
22959.1
21779.5
31158.3
34785.9
24279
26739.4
21498.6
22682.6
21327.1
34879.8
26403.8
27706.9
26598.3
23371.5
33261.5
25364.3
21288.2
25243.4
33399
17983.3
21712.2
35826.8
32330.6
22941.9
30284.6
24652.3
32630.9
22167.2
35444.5
23159.6
36578.7
23410.4
38692.2
22094.6
31817.1
20261.4
22542.2
25831.1
17968.9
29466.6
24463.8
31849.8
22653.6
15892.6
24818.3
26227.8
38305.9
22985.9
18763.6
22819.4
22386.7
19415.5
30139.9
23351.5
22954.6
19148.7
30209
25289.4
28338.9
22476.6
15684.1
34619.9
29608.6
29026.3
31276.4
31142.1
25970.6
21946.5
21380.6
21815.2
32433
30464
25088.6
28580.6
19519.2
18933.8
42840.8
26227.7
26692.6
36179.2
17486.3
17759.6
26546.7
19754.2
29424.9
24696.6
28308.5
30663
38114.6
30285.5
23395
33305.8
32124.4
32711.7
21933.8
22572.8
31676.8
23317
25050.2
18424.6
25740.6
31009.2
22720.7
21879.6
36406.6
22972.7
23077.8
28073.8
27237.2
20720.4
18368.2
34507
20554.4
26154.2
18550.6
19094.7
20696.2
28430.2
24978.7
30024.8
23613
24758.1
20863.7
22026
27107
23030.2
32299.7
27118.6
22335.2
16597.9
13095
29498.2
25273.4
21765.4
24005.8
31931.8
28880.5
21707
20344.2
24874.6
24419.6
29750.6
24362.6
21780.7
25193
29412.5
17633.1
30869.6
24757.6
37109
31218
30283.6
36221.9
29835.1
22602
21993.4
26775.8
28568.9
21521
30229.8
23332.4
29775.4
28657.8
38138.5
27007.6
17053.7
28684.5
15441.2
32553.9
24016.6
23005.8
18180.8
19442.6
23378.1
31074.2
41972.3
20375.9
27189.1
27832.7
28268.3
26155.7
38578.2
21652.5
31796.2
16621.1
18176.8
27523.6
24203.3
45362.1
31970.5
24829.9
26049.8
35008.9
29691.2
28106.7
27424.7
27362.6
25515.3
25448.9
34014.5
32166.4
29412
27318.1
22155.8
22693.8
25365
24214.2
30103.8
23662.7
12327.8
20612.5
25975.8
22487.8
20411.8
19631.5
20623.1
21974.2
22175.8
28600.3
20521
36061.5
22151
17794.9
20348.2
25820.1
15789.5
18157
24627.6
41886.6
26403.1
13501.2
21202.3
15000.2
16401.7
25950.9
30436.4
22481.2
17117.9
19347.9
22246.2
17602.6
23516.8
24783.4
16535.9
29169.6
15533.8
16095.2
24821
23744.2
19880.1
19017.7
19224.8
30191
24432.1
29309.1
20092.1
22999.8
28617.8
31523.1
26928.1
30913.8
38815.3
15453.5
31304.3
36052.3
19256.4
35185.1
16498.2
14820.7
27110.2
24371.6
21063.7
21107.8
17632.9
21886.2
23202.6
13725.2
16729.5
18169.6
25258.1
20712.2
13729.3
23923.5
17968.1
21079
30615.8
18884.6
27757.7
21924.6
26025.9
29640.6
23596.4
32845.4
22348.4
24728.5
22317.7
29870.7
32745.4
34792.7
19959.1
30723.4
20988.4
33379.4
20505.6
26380.8
27882.7
36894.3
40963.7
22579.9
25547
41733.2
26102.2
17673.3
30899.2
33151.4
31769.9
28696.6
23970.2
31544.1
28621
29764.6
29303.1
26818.2
27691.9
26330.5
27010.6
24468.7
39970.8
25591.7
24675
31276.9
27478.6
41270.1
27624.3
23012.9
19445.7
24296.2
24422.3
38825
36353
32652.5
25006.5
16461.6
21243.1
40823.4
28078.2
19322
19955.3
27579.2
27456.6
28231.7
27658.7
27393
22868
23432.7
19296.7
22844.6
23416.7
35453.8
21671.8
28365
19921.4
15175.9
24369.1
25837.2
21577
14617.2
22337
24109
23000.9
25622
31890.3
26030.7
26051.3
23463.5
23176.6
30648.6
19398.2
19879
27267.1
29915.3
27033.7
20419
17928.6
24357.2
26514.7
21940.2
41307.6
20197.6
23744.6
25542.2
39372.3
24438.5
25672.7
22986.7
28625
28824.1
27617
24111.4
22821
24007.2
33572
29312.6
24239.8
18733.4
22191.4
17595.3
24783.8
25930.7
21094.8
27687
22523
19839.5
15085.4
20743.8
34906
20601.3
26501.1
24739.5
15720.9
32127.4
15238.2
17400.2
32248.1
35484.8
27127.1
19782.6
13045.6
29812.4
41983.5
24581.8
14029.5
25195.1
25962.6
25597.2
20005
21279
20085.3
12402.1
23778.5
24356
15983.7
18778.8
23685.8
19207.4
18558.6
16576.2
31697.5
25873.7
19747.3
19570.3
16832.2
18343.8
42638
25559.2
28366.4
17960.9
11863.9
29192.7
25743.4
25075.4
40916.7
34118.4
20450.9
17963.8
17819.6
32626.5
25650.1
20211.9
19470.6
21696.1
24613
20676.4
30573.2
18630.2
15835.6
17954.2
25956
29532.1
42966.3
20872.3
12805.4
15864.7
14078.9
25871.7
23118
28587.4
19169
20600.3
24125.4
14688.2
27289
19433
19864.7
21224.7
19731.3
28417
14437
34863
11832.2
12745.1
18424.1
15178.3
25749.6
24933.9
26797.4
23253.4
19271.6
10313.2
22362.7
20685.9
22503.7
16194.8
22354.1
18706.8
20183.5
15472
32930.9
14169
14961
23935.1
25876.3
17061.1
24134.5
29180.6
22427.4
19155.4
29233.8
19664.8
16806.4
14999.7
16157.2
25237.4
31817
29253
18588.1
22475
12761
19604.5
26704.4
21879.5
12624.6
29716.1
16255.3
16610.1
27997.2
24057
24426.9
20657.4
19287.2
27537
22205.8
14444.4
20845.8
21379.3
15769
16925
15412.5
30421
22572.3
20664.9
24324.4
25736
24199.7
26864.3
20889.5
17903.6
24464.9
17428.6
13040.7
19441.4
30178.6
14960.7
15789.8
26316.6
19646.3
15213.8
20577
14189.2
24218.2
24822.2
15218.2
18943.7
20036.2
23295.9
20249.7
15661.5
14121.4
17648.3
10830.9
22231.4
18915.4
11939.9
17913
22396.3
18112.6
12507
13530.2
18180.7
16002.5
12428.8
17569.8
24390.4
20605.7
18162.2
19565.5
11675.4
16573.3
28035.5
26154.1
14264
15903
18307
18582.6
18509
21625
24990.7
32410
15733.1
13832
12530.7
21423.3
29423.7
27496.5
20446.5
17987.4
17012.4
18222.1
19482.1
20190.1
25507.9
25509.1
17235.5
11136.7
22598.1
31673.3
23904.5
23746.3
21383.4
20750.5
38061.9
19237.3
29359.2
29423.5
23274.2
20549.3
17422.6
21705.2
25415.8
22189.8
19688.3
16769.4
15732.1
29110.6
20264.4
24023.4
22032.6
19065
13239.5
15445.8
22878
19127.4
20532.8
14370.9
11286
34532
14709.4
22145.2
30030.7
15769.7
21570.7
25790.8
15487.4
27963.4
22898.9
26811.2
13829.2
20323.4
34369.2
17475.7
17126.7
17734.5
29699.5
11177.2
26411
21557.8
33298.6
19057.4
31650.6
30101.3
17480.2
28986.2
24096.5
36769.5
25962.2
21502.8
26125.4
26903.8
28316.7
23952.2
22009.2
23279.4
22759.8
18435.6
21248.2
32612.9
23159.1
24731.4
10709
29535.9
41646.4
27064.4
29029.4
19448.2
28408.2
26827.4
13948
28293.4
24289.4
29249
25065.1
21545.5
14354.6
31362.6
11560.3
16603.7
24310.2
30256.9
25469
18571.8
23704.7
18791.4
26360.7
33690.6
23248.2
16871.4
15872.6
18820.9
19618
19078.2
25898.3
28577.2
16636.2
16382.9
30341.8
21545
17475.2
19341.2
22296.4
19641.8
23111.6
24029
23069.7
16015.8
20598.6
18999.1
21790
17588.6
25075.8
22476.2
18848.2
17391.8
15403.3
26995.4
15988.6
44974.9
16164.8
29967.1
24142.9
30582.8
31551.8
34632.3
28535.6
23451.1
21283.5
28297
35120.2
37500.3
30279.4
23035.8
14634.3
15597
26472.6
27569.9
28370.9
27388.3
15981
26711.8
28481.5
34230.3
38386.3
21735.8
13212.3
19450.3
27370.3
20156.6
28025.4
39541.4
21880.9
29086.8
33209.1
23749.8
15851.9
21329.8
27488.7
18418.6
24690.1
36969.1
18652.1
24072.1
24224.6
25230
26503.4
32675.4
29376.5
30331.6
21509
27683.8
21426.7
24512.2
20222.7
24238.3
15287.4
25666.1
23861.5
21611.8
27097.8
18792.7
17459.8
20490.2
31328.8
21355.8
23557.4
18338.6
28371.7
27428.3
29879.8
20024.6
26597.4
22457.8
41415.1
17028.1
34778.6
24438.5
26416.6
20898.2
24057.2
26703.9
27137.6
27022.5
24651
24124.6
29350.9
19961.6
28273.9
30588.9
30423.6
21484.6
21218.1
17337.3
25106.7
31001
17633.5
15191.4
27107.6
34526.6
18217.4
20746
19951.4
18286
21303.4
25317.8
23188.6
26879.4
26012.2
25185.5
19450.7
18231
23720.8
23978.6
28837
28381.6
31351.7
20290.9
32511.1
28183.5
32911.8
33337.4
19748.2
26784.5
24222.2
25755
19906.6
17775.6
16736.8
25679.6
20929.6
17710
29061.5
17781
20198
19924.4
21108.6
28887.7
36088
18226.6
11625
26675.1
16189.7
11351.8
22064.7
17363.4
17067.4
17113.8
21930.2
40964
14143.6
23170.3
45875.4
21864.3
16055.4
19219.1
20579.3
33132.1
32484.7
19738.7
20996.2
26345.8
23137.9
23463.2
28032.9
26481.4
26313.2
15450.4
24910.3
21938.2
17882.6
24597.1
27219.4
19383.5
18749
20753.8
22521.3
34432
32517
25460.6
14113.7
38382.9
15835
22396.8
23224.8
21046.9
23470.2
19248.3
33031.4
30043
31916.1
16924.1
19976.5
34516.7
14909
23133.4
44756.5
25069.5
27189.3
15884.3
23051.2
29376.2
29510.2
23452.5
25874.3
17640.1
34410.9
25623.2
30807.9
26418
20120.9
24312.7
26762.6
38042.8
24805.2
28234.8
32298.6
39329.6
20772.4
19568.6
26441.8
27829
24194.3
22588.2
26001.2
24120.8
25193.8
22601.8
24508.3
24197.6
29945.5
32574.8
26459.6
19301.4
32956.6
28865.8
19096.4
37670.6
30428.8
29486.5
20003
26451.9
33991.2
28943.8
35276.7
31381
35483.4
20603
23325
35996.2
31211.8
44756.8
32569
15057.8
16125.4
26230.1
36175.1
23079.5
25844.1
25410.1
21513.8
16199
31991.2
29104.5
31288.2
23945.5
17336.8
23560
26568.2
27966.1
23191.1
19657.8
25582.4
26952.4
26294.5
18974.6
28685.7
23413.6
33250.2
25698.6
18298.8
20788.1
27831.8
30801.4
46058.9
28919.4
16919.4
18814.2
15874.3
28427
24059.2
17302.5
22323
32889.8
24825.9
25167.2
17804.4
31305
21876.9
17512.9
28020.4
22477.3
30449.7
34766.8
15949.5
21728
20802.4
29360.8
22254.2
14571
31917.5
33969.6
18785.1
39484.7
32390.2
25041.8
32014.4
47091.6
28110.6
34511.2
29875
27772.7
31231.8
40192.2
36686.8
25579.4
36335.7
34360.7
26711.4
31611.2
44126.6
20850.3
28425.4
41914.4
37086.7
32560.5
31618.8
22440.2
34216.3
29961.4
30669.2
23999.1
28383.2
22472.5
17870.8
23022.6
24657.9
24667.4
22653
32878.2
16226
41013.4
33165.3
23638.9
23080.9
20394.2
23949.4
27467.7
39619.4
29831.7
22798.9
41122.5
20136.8
25501
18082.1
20987.8
22919.2
35771.3
27374.8
26010.3
34104.2
21281.4
27128.5
21463.7
20878
22057
20539.5
25362.6
25812.7
25169.9
35521.7
26991.3
20679.2
24033.1
29152.4
20806.8
21945.7
18425.8
18198.7
19798.3
19978.6
30366.7
22906.5
28407.1
28995.8
17428.3
17876.4
20924.9
18506.2
32933.3
23117
19272.9
18173.9
21423
20287.3
30260.8
25195.3
29515.8
20900.9
22186.7
35805.6
15826.3
23933
15750
14258.2
26144.8
17545.7
31051.4
18684.2
16934.1
34770.6
29365.3
27717.2
26724.5
26430.1
25650.1
21217.7
35652.6
26033.6
24011.8
26623.9
40282.6
20552.8
21344.6
20915.6
34541.3
13374.1
26892.2
24401.8
18480.6
18153.2
21287.8
26152.2
22906.9
38373.4
23054
8960.56
25573.6
29903.8
22803.2
33129
14345.4
25715.2
26314.8
25005.5
17333.7
25361.4
24727.7
25187.2
23155.6
27275.6
16188.5
30521.4
24569.3
26616.7
15117.4
31500.7
21614.6
28072.3
26994.7
21417.1
11472.6
23307.8
18909.2
26511.4
23029.4
24085.6
19319.5
14741.4
16996.6
25747.8
20882.3
22054.5
14832.5
17999.1
22309
22309.4
21790.2
23019.6
36833.8
22450
14973.1
22855
30809.6
16533.6
21414.9
20793.9
17474.6
20931.9
33248.5
31619.4
32694.9
26063.9
14274.2
20344.2
34467.7
27729.5
25420.3
18279.5
17265.6
25175.8
20487.2
25393.3
22251.4
14564.4
19719.8
17129.8
33620.5
28006.1
26262.6
13889.2
33030.5
19037.5
20238.7
26091.7
26146.2
22383
12044.6
22170.5
25600.5
27651.7
35997.3
18778.5
20578.8
24771
24734.7
27227
16735.6
26917.2
20399.3
17703.4
30766.7
27091.7
18490.4
18941.4
28604.6
16239.1
25723.9
23496.5
25601
27088.9
32801.5
35832.7
19157.5
20095.5
32450.5
34944.6
31895.8
23557.8
27669.4
29919.6
29227.9
39010.6
26124.6
27046.5
15231.3
26124.6
18939.8
31825.5
16898.3
21164.8
20967.9
28985
18807.3
24249
16057
19867
31250.2
33058.6
24570
36937.6
17792.6
27194.7
21246.1
22028.7
19301.5
25167.5
24607
25808.5
24280.5
18302.4
16760.2
25131.4
24192.7
19444.1
15708.2
22037.3
22681.1
24551.2
35010.9
15120.4
19004.2
21098.6
19179.3
27640.7
29986.7
15983.5
17053
29499
24031.8
27388.5
22222.2
23075
20262.6
31923.1
25846.8
22608.9
21314.8
15997.4
23343.5
22797.4
24899
28757.4
23433.8
19452.6
25225.2
36001.1
17290.4
26714.2
17425.8
32362
22863.9
25864.4
25038.5
31490.6
22825.5
16978.6
31306.2
21878.2
23106.3
15826.5
21852.7
23906.2
22756.4
20677
21399.8
14449.5
27797.4
20441.9
12500.6
16184.3
23744
26125.7
20929.7
28522.9
25464.9
20239
33726.2
27756
10553.3
32065.7
25031.9
13050.4
15770.2
24957
28899.4
19471.2
20788.5
17775.1
16620.6
34482.2
26727.1
22200.5
24283
13010.6
23312.6
32514
18946.9
21796
22978.2
12338.1
24710.7
13631.8
17690.3
16457.9
11450.6
13780.6
19226.9
28029.5
20212.8
13761.9
38116.9
13374.1
11102.8
25658.2
12565.2
18094.4
33504.7
20413.8
10816.4
20016.5
21255.8
22110.2
21250.2
16702.5
19442.9
18487.8
18160.6
23705.5
20423.3
16512.3
10177
11763
14780.2
19433.7
19129
18100.2
11093
19089
13369.2
22124.7
20147.2
20366.6
16191
13982.3
14429.6
26976.9
21373.2
16390.6
14787.9
30562.3
27150.6
19771.3
14678.3
26176.9
16881.4
16491
25723.4
21738.3
19407.2
23243.7
12722.8
23553.5
18827.2
19452.3
19439.7
20025.7
25113.2
21516.5
14126.6
18304.1
21070
12937.4
15603.8
13572.3
22964.6
14946
18995.7
36302.6
18225.4
15412
20125
27914.2
20548.8
20465.7
20446.4
20951.4
14551.3
19508.6
20475.4
17699.3
14395.1
14208.8
26534.3
26394
23078
22721
17386.5
21948.3
14922.2
30342.7
23863.3
16194.2
12879.5
20400.1
17560.9
14162.1
24587.8
27780.5
20655
19389.4
17476.8
17181.3
17373
16687.7
18450.8
31649.4
16415.2
16747.8
16117.4
15195.6
24594.4
24889.9
14582
12059.4
15167.7
21292.6
34162.8
20290.6
22615.1
15592.2
20726.3
20722.1
26751.7
26734.6
32030.5
30076.5
21943
26751.3
25799.5
33591.4
22842.3
19388.6
17464.2
13882.2
24170.2
23569
17438.1
27730
15041.3
15237.3
23373
14458.3
18834.8
19014.4
23718.4
20126
26937.9
14164.6
24370.8
31319.3
22701.4
12967.4
18522.1
11781.8
23703.7
20433
19296.6
15472.1
21722.7
17365.3
17647.5
21829.5
18713.7
23199.2
12098.8
27599.8
21285.3
19643.3
12088.2
24483.1
10136.2
25083
9144.16
23885.6
15511.5
17183.9
14622.9
14868.8
19725.8
16337.5
24961.3
12973
10439.7
27925
23859.2
16457.6
25858
24418.3
17255.4
23635.7
31862.7
14989
15516.4
29195.3
15662.1
26914.3
14136.3
30780.8
18097
22653.2
20073.8
19811.1
19959.2
13320.9
20887
22911
14481.4
25656.8
29629.2
31552.9
29564
15652.6
20198.6
39997.5
22915.5
23961.9
24314.6
24374.2
24435.4
23657.3
14446.5
35252.4
21966
22772.4
43019.9
16990.5
17442.1
29896.3
25135
30068.6
23522.6
15239.8
24849.1
29512
37477
22405
20475
20966.6
28932.3
30647
31406.2
37163.4
27300.5
23454.6
27103.1
26267.8
26250.2
35707.4
20039.8
25351
23041.4
26668.2
25674.5
22935.3
33897.4
28279.7
24325.9
25498.7
15548.6
18840.6
25827
16715.6
24363.5
20640.9
27845.7
22041
19538.3
20106.6
23455.4
16645.4
18913.8
22867.5
15453
18739
14895.4
17004.6
25380.5
19384.4
18321.1
28875.4
22910.6
19986.8
18450.4
26167
23978.6
15380
18563.9
25663.3
22438.6
21010.6
37467.1
27423.3
18583.8
21892.5
21822.1
18541.1
26118.2
24841.1
25191.9
18694
12400.6
17211
20544.6
34151.5
23863.2
31820.7
29766
21700.3
21528.4
11819
19390.7
20030.8
21543
17003.9
17099.8
17899
18712.2
17895
23796.1
20903.4
19029.1
16046.6
11375
14413.9
26830.5
20508.2
14691.1
20344.7
16239
17252.9
20946.8
20058.5
14808.2
33891.2
13049.5
16284.4
23114.8
16565.4
30222.8
14744.3
20165
26435.7
13916.7
24878.8
24965
18984.3
23233.4
18488.2
23184.7
19093
29160.6
20940.1
23601.3
19523.7
21745.7
20716.7
30315.8
22943.4
33767.8
20502.2
21050.3
23709.7
16631.6
21416.2
24876.2
17786.8
27142.2
25289.8
19682.2
23873.2
16637.2
21598.5
20556.3
39161.8
25542.2
18932.6
22771
19815.6
26803.4
20284.3
25235
24616.9
15426.6
22705.6
25291.8
21996.6
26079.5
32062.6
12308.2
21813.8
22204
24407.5
20186.6
23878.6
14119.7
16349.4
30928
13655.4
17659.2
21915.8
16214.2
30803.3
19004.3
17780.8
35346.1
15619
18691.8
20652.6
23740.7
18579.6
17505
26151.4
21235.6
32438.6
18434.5
15334
23767.9
17426.4
31151.7
28553.4
26295
15625.5
14633
18112.6
35736.5
40427.8
21078.1
32695
23752.7
16919.7
25312.2
23570.9
29940.5
21933.9
17645
32962.5
21901.8
43369
16674.2
27915.4
24184.7
21523.6
27447.6
26620
20631.9
26945.3
27271.8
32490.5
23666.2
34944.8
26585.6
21476.9
30446
23039.4
20779.4
26069
26847.8
24199.4
17448.6
14950
15926.3
16038
26964.2
27104.6
23163.4
21640.4
17298.5
25752.8
22999.6
36134.3
17307.1
23480
15862.1
17619.6
18930.6
18663.3
18803.6
28531.8
22839.5
20289.7
20566.6
31265.8
14334.8
18575.5
19420.1
15416.7
29347
23713.4
13001.8
23337.7
35889.1
15751.5
13836.2
27294.6
16204.5
18143.4
22649.3
19773.4
23908.2
27197.5
32209
17359.6
19965.4
20201.9
12361.3
20547.9
26891.4
15052.6
20608.5
22255.8
31109.6
21995.4
24154.6
23360
10467.2
29428.5
22167.7
16497.3
22025.9
33115.2
22845.4
23877.8
22122.2
17655.5
23393.1
31814.5
16881.8
19179.6
19655.8
22022
24974.7
23905.5
31503.8
14883.4
23472.9
15421.8
22247.7
19708.6
28559.4
16275.5
30792
21087.3
23197.4
16501.8
18096.7
15714.6
20867.8
32470.6
13012.5
15291.6
20661.4
16888.2
19041.3
26061.2
19156.1
17550
14324.2
28708.1
16580.2
31038.2
23479.6
29655.9
12817.3
21227.2
19439.2
21581.8
14261.8
16903.4
19194.5
26448.2
22069
14210.1
17424.4
19847.1
19158.4
12326.3
17996.2
37135.8
29719.9
17989.7
15857.4
18269.1
22327.3
16616.3
33280.2
15300.8
15422.6
26947.2
17192
22424.8
22739.1
20362.6
19070.2
18047.7
31105.5
29522.3
28787.1
18678.4
15981.5
18184.9
13710.2
29775.1
15663.6
10989
22235.1
16994
23217.6
14605.6
19916.6
20263.4
20032.7
24216.5
19125.9
25341.6
15760.1
29323.8
30545.8
47911
19107.6
26843.7
26331.3
19444.9
30030
25311.7
25298.2
43506.4
13534.7
35014.7
27314.8
28862
19400
27749
25753.4
23673.6
25030
19728.6
28871.1
20890.8
23381.9
31967
14047.2
17333.6
26876.4
18864.6
17620.1
25980
26915.6
21551
20799.2
24990.8
23637.8
18206.2
26580
29316.2
31931.8
21258.8
29388
17234.3
28047.3
16636
34391.1
26962.2
26762.6
19571.2
15398.2
19201
21570.6
14786.8
18335.5
22602.1
30716.1
21011.3
24034.5
24905
39960.2
20816.3
25775.1
36602.5
28000.9
27344.4
14514.6
23947.9
33852.7
34103.2
36688.9
20022.4
31459.5
28768.6
34273
37416.2
34668.4
21644.2
27042.9
32181.4
31905.9
31310.9
20090.2
21460.6
29609.2
16839.4
27598.7
26465.3
29093.1
31524.2
21701.4
20383.7
20181
27641.7
21255.6
22165.4
30145
20235.4
19166.9
24328.1
21208.2
30445.1
22778.5
23091.6
16045.5
18217.6
16735.9
26615.5
28525.4
35547.8
16771.4
25183.4
22144
28684.6
26023.8
31094.4
24872.2
17847.9
25986.5
20669.7
35755.7
36585
31150
21444.7
35376.6
20183.8
19533.2
27911.9
17431.6
27050.2
21059.8
14672.2
20677.2
19927.5
24292.9
20390.2
33351.9
11719.9
16929.4
21660.9
13567.4
29264.6
29059.4
24212.3
29575.1
24248
26272.7
23048.5
20739
23127.8
23907.2
20840.6
24793
21922.7
8970.48
28540.3
22195.9
20425
21855.1
24581.1
32253.4
21393.5
18774.4
26690.5
12293.9
19828.8
39771.6
21013.2
21427.4
28620.4
21508.8
30209.7
23503.3
22473.4
28585.4
35372.1
32409
30296.5
47876.8
15281.2
21132.3
27373.3
19435
26595.9
22516
17135
25447.2
23081.3
23452.6
22552.7
29320.2
28681.6
30569.1
18955.3
13959
20675.4
32578.8
19991.1
21430.5
19088.6
20989.4
16909
17756.8
18223.4
30144.1
26111.2
21524.6
20352.9
17781.6
18510.4
31093
23003
21282.9
31490.1
33109.4
23500.8
27652.2
24010.5
25389.4
34398
21019.4
27422.6
26744.7
26358.9
21193.5
22763.3
19023
31192.9
22007.8
21947.4
22277.7
19771.9
28670.2
30605
25461.9
23510.2
34356.2
17245.4
28720.1
29206.8
20998.4
20532.2
29643.5
20670.6
24899.8
30465.4
36302.8
26718.8
22012.8
21574.2
16981.3
26843.9
27588
22081.4
22200.6
22602.2
31183.8
25103.4
34440.6
30030.9
29082.4
10325.8
22350.6
17440.4
23773.6
25810.2
30036.3
16275.5
18356.5
25188.8
25892.7
19463
21770.7
19465
34464.6
23855.2
21603.8
15298.2
24216.5
31158.5
29499.4
26380.2
22183.8
14491.6
18216
28583.2
45805.3
18525.5
19232.9
38152.4
12785.5
26970
35612.8
20221.4
32029.8
26747.8
26977.4
28349.7
19564.3
22394.2
24898.9
48791
31376.9
28732.2
21328.9
17299.7
29741.8
24093.9
29486
35982.4
36488.2
23949.5
22707
20315.8
22834.1
23990.3
35922.6
21295.4
17313.8
24001.2
27865
25742.9
22129.4
25708.4
20780.8
16254.8
23905.7
21901.5
21909.6
22160.6
28237.9
19209.6
26175.4
33430.5
28707.7
30013.6
15231
17048.6
33603.1
29713.8
18198.3
26039.4
30021.4
21369.9
24296.6
15551.3
25096
14951.8
27979.4
17305.5
23135.4
28691.1
22417.4
27020.4
17745.4
21971.5
25894.3
21211
20042.2
24297.7
19749.9
19152.3
19730.4
19259
28935.7
20911.4
29449.4
23408.2
29874.4
24952.6
23092.3
27608.1
21016.8
21954.7
22770.8
24745.8
26254.6
21252.4
24585.8
24588.3
11933.8
31370.9
20144.1
21174.9
23579.2
22567.4
24015.4
28675.4
22551.2
17854.8
15980
23694.6
30500.6
28359.4
23686.8
22704.3
21416.7
28131.4
26521
22359
21459.6
14487
26814.6
27056.1
22856.4
23165.9
29407.2
20859.3
32244.2
24589.8
21416.9
23200.4
19001.6
16066.9
24525.2
22058.4
22971.7
15713.4
28437.1
13621.8
16756.7
28241.3
44586.4
18619
16338.6
14877.5
23462.7
32576.3
31989.1
29695.5
23910.7
20866.3
33318.6
26770.4
41798.3
27211.7
17089.4
22132.7
19083.4
31313
25932.9
22451.4
19613.9
33022
17133.8
31406.3
28777.2
22925.3
17313.7
26037.2
21182.8
32731
26550.5
23121.7
29588.1
35421.5
24353.4
26973.3
18312.7
18846
27139.8
27450.6
18440.6
18013.3
39187.3
24240.1
21721.8
28486.8
24089.2
30115.8
23307.7
21204.4
30365
27769.3
20082.7
20625
17851.1
23061.4
34101.4
22386.2
33954.8
31512.6
22553.5
33699.7
29635.5
21781.1
27409.8
25969.9
26330
28631.9
35867
26369.9
25019.7
31483.4
21920.2
26862.9
31602.4
27622.4
25332.8
26283.1
26125.6
14810.1
24092.6
20283.9
24187.4
19720.2
17603.9
24245.7
21457.4
21970.2
28882.4
25171.8
29025.8
23557.9
23584.7
28613.1
23772.8
25623.8
23563
23974.5
42616.2
26205
20012.9
28494.9
27218.4
14136.4
28407.8
21448.4
22202.4
20518.2
28948.4
29701.3
20001.1
28340.6
25065.3
25258.7
22158.8
30254.1
21286.7
17197
32512.7
21680.2
21123.1
36785.7
18797.4
24944.9
23107
16730.2
32831.7
21175.8
18444.2
26354.8
16149
19318.2
26554.5
13271
25719.1
20113.7
21859.1
17773.4
21202.6
23657.4
21317.9
17147.8
17650.8
25302.4
12971.8
29852.6
21887.9
16484.6
17299.9
24258.7
20978
22790.9
23991.7
13999.3
23615
18565
14084.1
24645.4
17699.8
23764.4
32272.4
20389.1
26163.1
15027.4
23647.9
31480.6
21457.7
33638.9
22817.2
14428.8
16564.7
22622.2
23954.8
20161
36332.2
30968.2
19120.2
14753.3
27202.4
29617.4
21903.4
16880
39634.8
19720
25341
18931.8
23881
26910.4
19253.6
28318.8
19319.8
20583.3
23651
25974.6
33744.7
30937.8
22214.7
19315.8
23690.9
28394.2
23221.3
25246.9
36345
22248.7
24417.4
23738
20461.4
24530.1
25745.8
24929.4
28059
28556.8
21025.1
19577.1
25441.9
34125
23765.3
30140.2
36527
21543.8
17363.3
37251.1
28371.1
26957
19694.9
34371.8
31737.4
23123.1
32702.6
19276.6
28409.4
30353.6
23508.5
31615.6
36289.7
21639.7
29394.2
17244.7
22934.5
26355.4
21551
31443.4
24318.6
20460
25503.8
12583.8
26686.6
18458
42923.8
24533.4
29228.2
17627.2
22929.2
30015.1
27415.5
25909
13897
25954.6
28615.7
20244.2
32976.4
33283.4
24212.2
19633.8
23978.8
24864.9
29520.2
23263.7
26320.9
37553.8
21636
30201.5
30792
30226.6
20065.3
24084.9
30951.4
16620.2
24792
23767.8
26272.3
25443.2
22108.7
26747
34326.5
29135.3
37452.3
14853.4
21802.6
27806.2
26974.6
30364
24405.8
26990.5
23580.2
25223
20786.9
32857
36125.9
22326.3
22241.2
16680.4
26594.7
39159.2
30779
28378.2
24954.1
13472.9
34121.2
26790.6
25015.1
22899.5
21161
12897.1
24148.6
31374.4
30917.1
19124.6
14181.1
21775.4
30790.2
24640.5
14924.1
21423.3
28028.6
19139
20334.8
22471.6
18083
22188.4
27360.2
22343.3
24980.1
27685.8
29981.9
21235
19346.7
30086.5
23310.4
20733.8
29934.6
21387.7
21273.9
15019.8
32952.5
26739.4
29682.2
21417.7
28177.8
20228.7
19541.1
34367.3
20083.1
24170.4
20970.3
20064.5
16891
18173.7
23589.4
27668.5
22280
18522.3
29804.2
32410.8
17797.1
34171.7
21718.4
30794.4
33422
33230.8
24634.6
27649
21514.1
15187
19254.2
26894.3
26128.8
24743.3
30402.8
19297.7
12859.8
23939.6
40030.6
18484.1
44014.8
16821.5
26731.3
19984.5
20123.7
24713
34330.2
42258.2
11495.4
26504.6
26280.4
28654.5
22305.5
26469.4
20727.8
21534
39077.7
28940
27999.4
24524.4
18923.1
20877.4
25555.4
39704.7
25898.7
21374.6
26603
21714.1
25227.8
25473.4
20012.5
36374.1
20180.6
20217.9
31999.6
23716.2
14830.9
28733.3
17946.3
24681.2
33962.6
19987.6
39106
34833.8
31008.1
19610.6
30745.2
25717.4
39111.8
18028.3
29244.5
29003.5
35801.8
23593.2
34577.4
14745.8
21536.6
21199.9
26499.9
19585.6
23775.4
18426.9
29205
20438.1
14762.2
22383.6
20959.4
20416.6
17358.5
44635.7
20545.4
27647.3
23697.7
22267
22957.3
28843.1
27052.7
27283.7
27151.5
23598
20669.5
29049.8
26251.2
17402.7
21923.2
23672.1
37948.2
39399
17316
28236.6
24274.3
18861.3
33143.9
22656.5
23204.5
21740.2
20432.5
16744.6
21205.4
27714.1
18628.4
17305.9
21124.2
22625.7
15652.3
33960
29293.9
27505.9
20509.8
20581.8
23591.6
16323.9
44380.6
29752.3
32991.8
26236.2
22593.4
27658.2
34458.8
23056.9
26117.3
21710.2
20475.5
22494.1
28844.7
27327.8
21567.8
25824.2
30197.4
29263
20005.4
18735.9
17588.3
19022.2
21938.2
19923.4
28083
17537.7
27735.2
20154.3
28373.8
19821.7
16946.4
14299
21452
23193.4
25606.6
21255
22860
24685.4
31540.2
17129.4
26531.8
21576.5
18578
19310.9
16580.1
19871.1
22915.9
33036.2
16842.5
15986.6
22300.6
20015.5
24137.4
17832.6
27810.5
18557.9
17022.5
24092.4
10521.1
15122.2
25765.9
14081.1
17620.2
22279.4
34073.3
28032.8
20595.1
23897
21955.2
23895
24515.6
13753
14043
19368.2
15566.1
25888.2
25033.2
15570.5
27856.2
20901.2
26921.2
17472.6
17319.9
21146.5
10627.4
25456
25330
23833.1
24354
18948
16979.7
26955.8
27634.3
16002.1
29232.5
16954
36237.8
18875.6
39614.6
21911
28654.1
17821.8
21023.5
34528.2
20215.6
31048.9
26805.1
41167.8
33447.8
33521.4
15568.6
12859.4
19867.4
26377
34594.9
30689.9
19505.3
24203.5
29053.8
27528.1
23808.5
26634.6
30281.1
28622.9
29758.8
24070.2
19622.4
19608.7
25583.4
26115.4
21989
25014.2
32400.5
18902.5
16466.3
19198.2
22935.4
28262.4
28945.1
35731.3
17084.3
21816.4
27477.4
23849.6
24135.8
37109.4
24509.4
17112.3
21296.9
16034.2
23274.2
26598.1
22799.7
14799.8
18957.4
31777.8
23196.6
17690.2
24353.9
17964.3
26373.8
25166.4
19877.7
24729.1
27728.8
11748.4
21019
19137
23864.6
33310.8
24871.6
12884.2
20788.2
21890.9
27381.2
24826.5
19354.5
27172.8
20177
16722.6
30427.5
19361.7
19862.2
11109.9
18757
16152.2
23618.7
20656.3
30723.2
17005.2
21928.5
26281.7
22520.3
9784.16
22271.4
34396.6
22662.5
35939
23552.1
11770.4
17660.8
20997.6
18669.6
19732.1
19611.8
24661.8
14764.4
17124.4
21459.1
26192
14948.7
25612.2
29296.3
36809.2
19197.7
12576.8
22807.8
24426.8
20036.2
29683.2
30298
23105.1
24903.8
22166.9
28967.2
26541.4
26213
20426
19619
20004.4
21245.4
18242.7
26836.7
17008.5
20074.9
16128
47449.9
31403.1
26525.9
23194.2
31712.3
18698.3
30420
22438.7
9018.48
25807.8
20535.3
25659.8
15088.5
33424.6
23474
15931
14799.5
20020.6
17488.7
20623.8
18774.1
15600.8
19109.4
16699.6
29695.4
19333.3
31348.7
23726
13523.1
15542.1
17125.8
23740.2
26043.9
30076.5
18029.8
20430
20335.8
29823.8
26604.2
32108.5
17718.8
23201.6
23045.8
19875
28229
26921.2
27137.2
23608.9
22305.2
30056.9
25901
16224.4
28465.6
34484.2
24488.2
23186.5
18040
33678.6
23720.6
21715.5
24943.5
20527.7
19706.9
30760.6
14923.1
19234.9
19927.4
24215.1
35957.4
20076.6
10226
26649.7
36956.4
23603.4
29151.8
23791.5
25700.6
17742.4
21593.5
30107.6
43387.5
25856.5
19736.4
18503.4
13291.3
29704.9
31264.6
19745
23972.5
27612.9
23390.4
31874.1
29715.8
29657.1
30159.4
29896
16586.4
34665.7
22796.8
28896.7
16839.6
35458.1
36106.8
26821
25861.4
20019.9
21710.3
27841.6
30631.1
38139.1
23287.2
24903.6
24632.8
29370.7
21544.8
29253.7
27349.8
30078.6
22871.8
21950.2
21932.2
22797.7
30415.8
26958.6
20852.5
24615.6
23852.6
21474
22526.4
23133.6
38806.1
31311.9
29670.2
34885.2
37211.2
27659
28786.2
24241.4
20179.8
26791.1
20748.5
19877.2
20583.8
40897.4
25255.8
28660
32000.4
30263.8
20131
24041.8
25644.3
40453
36770.4
24856.6
31900.1
23070.2
24971.2
33409.3
23880.1
36617.6
26830.4
36084.6
32095.3
23268.7
29291.3
29545.9
29246.3
32755.5
27060.1
31947.7
32391.2
17787
28849.6
30563.1
23671.9
28156.9
22187.1
23599.2
24076
17182.3
21992.3
32543.1
24367.8
35762.6
21938.5
21379
31226.7
28889.4
39305.8
21747
26305.1
21106.2
27709.1
31805.8
37538.6
19027.3
31924.2
29882.1
20995.3
30472
29915.4
20437.1
17198.6
18027.2
28482.6
30271.7
19582
21379.7
22946.1
27703.9
21525.1
19790.9
20148.9
20742.3
17948.6
44827
33743.6
27977
26543.8
23949.5
18909.8
27691
37189.4
39050.7
24887
15893.8
19820
26198.2
20510.3
38434.5
22688.8
28399.8
20815.4
35274.9
15831.4
34309.8
25213.6
43217
16033.8
38551.8
26351.2
18150.5
26803.8
31166.7
36253.6
18654.2
21806
23421.4
37584.4
28264.6
36025
22005.7
35831.6
20547.7
36217.4
29295.3
28368.9
26251.9
20513.6
22378.7
31379
28632.1
33724.7
20435.8
17891.7
23100
22356.6
25555.4
27688.7
14673.2
16396.6
21555.4
29281.1
21524.7
29633
21935.2
17478.9
24691.7
35355.4
24810.5
14163.5
15617.8
31888.2
17006.1
24960.9
29635
20213
17609
29332.4
20457.3
16709.9
19932.1
20200.5
15775.7
30036.8
11963.5
13857.6
25744.6
14079.7
41835.6
17713.5
24759.1
18825.8
12574.7
20244.5
28039.3
34673.1
26615.5
25710.8
22302
18621.5
28518.9
22445.1
34601.5
18442.9
22451.2
23191.8
22852.2
32611.1
30667.9
32641.4
24384.3
32501.3
26214.8
16693.4
39846.7
25889.5
27697.5
18055.7
26507.6
21164.7
29673.5
36357.1
23202.3
20495.5
23066.5
28138.8
15348.1
20586.6
26053.2
23390.6
17516.4
18310.1
19369.5
34441.8
25361.5
25195.3
29137.2
21467.4
19888.7
24259.9
29900.8
37866.5
22350.1
21459.4
20643.6
23134.2
20182.9
19327
32881.2
22842.3
34854.5
34425
20355.5
25722.1
22121
17825.1
23992.2
19086.5
35346.1
23554.3
17497.1
22655
21891
20543.4
34276.7
18955.5
23221.8
20358
25222.1
9101.36
24856.1
25440.9
28542.2
27351.2
8546.8
22545
16368.8
26996.6
24159.2
15312
23434.5
26306.9
25154.6
33729.6
32469.6
26305.8
31949
16706.6
21614.4
15584.9
20620.1
20254.4
23895
23121.3
14967.7
25327.3
16142.6
18404.8
24922.1
17854.7
25413.7
27574.1
14728.3
22483
17667.2
17145.4
28465.6
16512.9
25870.2
17320.3
26595.1
28102.6
19407.8
20509.2
22980.9
17619.6
26403.8
19158.2
23187.3
28739.6
32636.7
18790.6
20588.7
25683.4
24623.2
33294.8
35476.6
23934.2
22710.2
21497.3
22316.5
29517.7
33938.8
34802.4
21435.6
19207.9
31872
30177.7
22580.2
25230
38291.8
18777.8
20218
27212.3
20766.1
17495.1
22204.9
35559.4
34837.6
22466.2
20620.2
36863.8
32406.6
28756.2
15943.1
14497.4
25009.1
26016.4
41779.3
38721
25176.2
24899.7
20007.4
25757.4
30994.2
27767.3
29158.7
31197.8
26068.8
25842.4
24737.5
26159.2
30874
28778.4
28811.6
36476.4
17022.6
28432
27720.3
23145.8
24805.7
40269.6
37060.7
23220.4
31592.9
29807.1
48576.2
25009.1
21320.9
23792.9
28600.2
13593.1
26578.1
33024.8
20449.2
24442.5
26938.6
20879.5
25097.8
22600
29072.6
21415.5
21700.5
24538
24329.2
24245.6
26292.8
23966
14853
27483.8
26599.3
22991.1
42220.1
22142.7
26135
31988.1
24934.7
37157.4
27404.6
21414.3
22437
32816.6
29595.7
21679.5
32897.8
24952.8
23077.8
24953.8
18788.6
14590.7
21103.7
20090.4
40885.7
22168.7
20612.6
21481.8
23670.2
26296.2
28546.9
25383.5
16025.4
24441.5
19905.2
21576.5
29886.8
14699.2
20603.4
17073.3
20663.8
23246
16337.4
29009.8
19269.8
16145.4
22895.3
25628.6
36027.3
18284.1
11673.6
22597
14787.6
19357.4
25321.8
19029.3
15483.8
25741
21489.6
29017
28893.5
14904.6
22729.8
23442.7
18655.3
22805
30240.2
25711.7
23886.3
27893.6
16132.8
27189.1
20092.1
17936.5
28712.4
17579.4
23514.6
22613.7
33694.6
27549
14352.9
17060.2
15146.6
30049.3
24962.4
22158.5
17446.7
7612.24
15407.4
41356.2
29356
30861.7
28223
19232
17428.6
25815
37657.5
24945.6
23885.4
23245.4
17306.8
25696.7
34449
22109.1
21724.9
22897.8
22039.5
23161.3
23747.4
22907
21160.9
28587.7
24632.2
27892.8
16962.9
24349.1
35225.3
25361.9
28319
23679.3
22537.4
26376.8
21734.2
14486.6
32167.3
18465.8
17905.4
29386.9
24813.1
39962.2
21704.9
19704.6
15360
20758.6
36072.8
35750.2
24140.2
31369.8
31664.9
24563.7
32896.9
31209
44624.6
26963.6
29295.1
24930.6
30064.7
33311
41285.4
27673.4
40847.4
19138.4
39158.9
20967.6
30481
26205.4
27614.5
32763.4
32117.1
27944.2
22325.5
16620.1
31411
32371.4
23302
22696.1
31855.4
25592.6
37459.2
22503.8
15205.4
20274.3
23723.2
29710.1
22639.1
32078.5
27161.1
24197.8
20888.5
27561.4
23146.5
26784.4
26217.1
22607
41471.1
29285.8
25458.6
27386.1
20795
28759.9
24402.2
28965.3
31053.6
25309.7
18323.4
25263.8
28139.9
25880.4
26588.3
29572.6
17526.2
28462.2
28381.8
22624.8
36424.6
23121.3
26585.5
19149.8
22147.4
25197
26156.1
20011.7
31629.2
22141.7
19377.3
18234.8
24367
35532.6
23134.6
25228.2
17369.8
13758.3
29644.5
24011.2
27479.8
30079.7
42222.9
14629
20781.5
29354.3
30747.9
18302.8
21856.6
23963.3
19893.7
17987.5
24211.1
26287.8
25992.8
22791.4
28976.2
23751.4
22208.5
15765.5
17336.9
29839
22451.7
17417.6
21687.9
25911.3
18716.9
25267
29482.1
31644.2
18703.7
24015
25068.2
34482.2
20843.8
22154.2
27271.3
34431.8
24291.3
16808.4
25695.2
28375.2
20859.4
22589.3
47179.3
18725.8
23963.3
32758.6
27288.7
32380.6
40472.7
24791
23290.8
30182.7
31462.8
28186.9
34779.4
19567.6
29341.8
22000.7
23796.9
24730.4
23803.2
24948.8
18881.4
19106.3
17979
21735.2
34352.9
29673.1
12074.7
20305.6
18995.8
19449.2
25257.9
32276.7
14463.2
27501.8
20975.4
27328.3
30466.9
17359.4
13721.9
27464.4
25097.1
24586.1
25644.1
17894.4
26193
17205.9
26254.6
34262.1
24876.7
22204.1
23641.9
19747.4
34688.2
22319.4
24285.8
19713.2
19033
39591.4
26454.5
14341.2
23150.6
24079.1
19328.6
26260.6
17159.8
35043
36341
30769.7
28075.2
25589.1
15716.2
15753.4
25241.3
26080.2
29864.1
18748.2
29434.8
22927
20506.2
38279.4
42561
25917
16056.6
19630.8
31259.8
25794
31604.4
16486.6
18862.5
26491.1
23493.8
22574.4
21247
20519.2
25518.8
31420.7
26729.8
28819.5
13750.6
17887.4
27647.4
28403.4
26148.5
24250.4
28782.6
32367.8
19450.3
25715.7
27888.5
27662.5
24289.8
16672
26686.9
29747.6
40104.1
27560.4
10844
23626.2
23827.2
21510.7
23263.3
25152.6
23713.5
19289.9
14580.1
22517.1
22875.2
23620.9
51904.6
12522.6
16033.8
29527.1
17950.9
25556.7
15238
28326.8
15498.2
26552.7
25695
19897.6
26512.1
20574.6
22828.5
18122.6
25899.6
13570.9
15986.9
22360.5
18663
18197
19614.5
12553.2
15353.8
19326.7
22067.9
14982.2
13542
20849.8
15776
40685.2
21841.1
16312.6
9640.8
10736.2
20401.6
28098.2
26988.5
15321.5
14837.6
20351.9
26659.2
23748.3
26557.4
17591.3
18527.3
15480.2
22564.3
22333.4
34379.8
25142.3
19452.2
25183.8
22786.9
19571.5
18277
25598.4
20718.9
33068.5
17953.7
14899.2
26051.8
18370.9
17980.2
18638.4
23212.6
17041
20320.3
29029
32242.2
23503.8
16429.4
17959.8
24952.6
20566.9
17119.8
24886.8
18197.8
35382.2
26909.4
19329
15511.3
22425
23715.2
27747.8
32819.4
15504.9
15227.5
11976.5
18133.3
27510.2
20722.8
20346.3
22452.6
20346
18115.8
27438.1
35138.7
24316.4
18821
19880.7
19683.8
23539.4
32059.7
21724.2
27495.8
15403.4
19681.9
17139.9
41277.8
16117.4
31725.4
25813.7
23606.3
23265
25658.4
45914.6
21096.6
15660.9
18990.6
17482.2
30826.5
26634.1
15743.5
24006.7
25074.6
17009
16376.3
20763.2
21283.8
18751.7
22439.3
22663
18877.9
17591
25886.2
35767.1
21641
13613.8
26989.7
27262.6
25942.8
24765.1
22011.1
16606.6
23719.9
25033.2
19471.7
20639.5
19964.4
19796.6
15056.1
33686.1
23020.2
30319.9
19993.4
21975.3
26541.2
23452.4
28704.2
29392.7
36721.7
26108.8
23263.8
24759
17206.3
30018.7
25081.6
27633.4
17041.7
24469
16967.4
22856.8
24228.7
26041.3
20010.1
15089.9
24214
19542.2
19895.4
32849
13387.8
23669.8
23408.4
28111.4
23556.8
21821.1
18094.1
26740.3
22714.2
27801.1
21288.7
31077.4
41702.9
21706.3
21657
23846.3
23173.2
18921
24215.8
21104
24918
26880.1
28410.4
21398.1
26069.3
20801.3
22232.5
23640.2
24261
22375.6
14452.8
22698.2
18575.7
23513.6
26177.4
22353.5
17682.1
25189.5
28195.8
17562.9
18249.5
19149.4
29480
30240.5
23745
12967.4
25381.9
27207.6
26955.4
28002.7
17562.3
23247.7
26866.6
22244.6
26377.8
27357.8
20208.9
16875.4
14637.1
28444.2
29035
19640.9
16279.4
33998.5
18816.6
32844.8
23165.8
14512.1
27133.6
19587.7
27099.4
30990
19861.6
16665.7
27797.5
25687
25213.8
27396.2
26769
20249.2
28926.1
33619
24994.2
24037.8
22574.2
19803.5
29483.4
25369.5
26669.4
24326.7
26903.5
18743.7
24335.8
19271
27467
21132.2
17222.3
19305.1
22135.9
25970.3
25293
22416.3
15134.5
21675.3
23436.6
17771.4
27321.5
25665
22242
19339.4
21525.1
14338.5
28453.8
19336.2
32063
16800.6
24070.6
22286.6
23337.9
18215.6
20323.4
19878.2
19677.3
19397.8
19734.2
18120.1
19398.3
23397.3
16624.4
25493.5
9978.08
15587.2
21364.3
16780.6
16037.8
29278.9
18568.8
29752.6
24590.8
15538.4
14634.6
27250.2
16577.4
19937.5
11442.4
15148.8
20712.6
18380.7
28518.9
33075.7
18553.9
20327.7
27750.9
19174.3
19465
29927.9
21178.4
12297.2
22024.6
15218.7
22681.1
19294
19412.2
13596.1
19711.4
24085.5
21102.2
18737.8
21199.5
19091.3
23251.8
17257
16145.5
31266.1
23962.2
21631.8
24182.3
15191.9
26374.6
17327.5
24296.6
23580.6
25362.6
22266.6
16744.6
17525
22462.7
20891
18217.4
25758.2
18863.8
14247
14849.4
15291.6
11726.3
18149.3
18382
24987.1
11863.9
18119.8
15125.1
20239.5
18219.6
32084.7
24263.8
20683
13501.2
18272
23597
34907.8
18417.6
20307.2
18847.1
23111.2
23635.6
14983.7
28505.1
21546
17602.9
22958.8
21361.4
23487.2
27599.1
22365.6
27694.1
14755.8
37506.2
23463.9
36797.3
19801.5
18965
21196.7
16776.6
26402.6
29337.3
14503.4
25619
24429.4
20410.7
20624.7
22106
17263.9
25841.1
14197.2
31730.7
26522.7
17308.3
26490.2
18210.3
20999
37558.9
20973.8
19463.2
27741
19239.2
13783.2
17483.8
18485.6
31351.3
26635
14912.6
14892.7
19247.6
20333.4
19859.2
24588.7
18935.8
15933.4
23824.6
36678.5
33222.6
34141.1
17942.4
20860.7
24032.3
16975.2
26912.9
23871
30975.4
22046.5
21506.2
18094.7
32821.7
15280.6
22632.3
33098.2
13806.6
23481
24248.1
40127.2
24568.3
27865.4
16976.2
23827.4
37856.7
18909.2
24782.1
20675.4
25239.9
34013.9
29310.9
31942.2
31217.4
17349.2
23606.8
21979.1
42341.4
23531.5
22086.6
24658.6
23961.4
21887.3
26732.6
21836.1
25436.9
17352.5
29554.6
24191.7
17414.2
19558.7
24237.8
15693.7
25981.7
26517.8
19895.4
19977.4
23832.6
23258.6
15981.6
25132.8
21983.2
22691.7
27328.7
16625.8
18353.4
20534.2
17817.8
20474.1
20874.8
25801.3
18050.4
13521.8
27827.8
18767.4
30515.5
23355.8
19370.5
37625.5
20317.7
35183
18780.4
16791.9
24802.2
24317.6
25253.5
31333.8
24857.9
12461.4
20524.3
35496.6
26727.3
35277.9
24110.8
20559.7
31488.8
19848.7
33139
23660.6
17826.2
19062.7
22131.8
39593
20669.8
32073.8
18404.6
34891
20694.6
25621.9
26839.2
25562.8
21094.3
21901.7
31146.2
20951.3
37171
20480.3
23845.1
26528.6
29838.1
36543.8
21722.7
35796.2
31171.7
26755.3
27555.8
21661.9
26876.8
23161.4
34224.5
23934
16239.4
27006.8
26914.9
29800.9
31762.9
18953.9
14849.7
18437.1
29057.5
24414.6
25938.2
12465.1
16813.8
20790.3
28148.3
20261.4
21511.1
20810.2
14600.4
35057.4
17482.1
18082.2
13814.8
21701.8
26586.5
26239.7
32322.1
18468.2
12938.1
18359.1
21917.8
25371.5
24901
24241.8
12478.4
9984.72
23012.3
20439.8
18971.2
26162.3
23775.9
21762.2
36084
15033
23440.5
20030.4
22302.5
34335.4
17734.5
23946.3
23414.8
16602.4
23911.4
24452
24676.6
25187.8
30075.1
32530.4
32666.7
24011.1
19200.9
28398
24243.4
22811.6
31166.2
27418.9
19736
22832.7
30946.6
12770.8
32815.2
24325.9
27883.4
31365.6
24088.3
32057.6
23446.4
23524.2
20857
19473.4
29371.4
30420.6
25340
26913.4
26113.4
21494.1
18057.4
21114.9
21173.9
28900.4
36824.6
44427.6
27667.7
25634.1
22879
29224.6
19734.5
30721.8
37838.1
28737.3
30528.4
19804.8
24819.8
25312.3
30913.4
34741
21047.9
34820.9
17049
27298.6
32022.3
33847
17391.1
28302.8
16145.1
44299.3
16023.9
17536.3
16780.5
23659.5
28992.9
28725.5
25559.7
20136.2
12602.7
26409
25316.7
22965.2
19180
16943.2
23558.8
16419.4
29620
15148
23255.4
25444.5
32610
18710.7
14535.4
17989.8
21317.4
32461.4
16539
34479.2
12438.2
24076.6
26549.4
17965.7
21989.6
17915
13910.8
19055.6
18540.6
20223.4
15885.3
19714.6
30911
15539.5
16813.4
26424.6
22368.6
26504.4
13710.7
27600.6
18833.4
36342
26232.4
23532.8
17980.5
25739.8
17729.4
26048.2
35109
20596.9
19229.6
13424.3
17018.2
33943.3
16555.3
22903.4
19509.5
18418.4
26909.9
20624
15019.9
28932.7
18137
33264.2
32096.1
15284.7
15121.2
32108.1
28262.8
18821
31016.2
34467.4
14907.7
19325.3
21144.9
30119
19304.4
30183.4
37908.8
13534
28265.1
24100.6
26025.4
31630.2
42636.7
21599.1
31498.6
14623.4
25715.4
26312.2
24473.1
19149.4
20907.2
26700.7
35843.5
18679.4
25429.4
32599.4
21896.3
33683.6
23981.5
18517.3
24595
29184.5
21954.9
24879
20150.5
12302.2
21205.1
22586.3
28042.3
26768.2
22596.8
18853.2
22907
26879.8
26863.8
21923.3
30753
17582.9
17956.7
21002.1
25748
16858.1
23085.6
23641.3
31628.6
22293.2
27824.7
21306.9
20144.7
15056.1
24023
34168
29797.1
23877.2
26228.6
31054.3
23445.2
24078.7
22656.2
24739.3
25794.6
35121.8
7207.28
29661.2
30369
31667.2
29028.2
33339
32374.6
22268.3
24554
19707.8
22146.2
31838.6
22693.4
23300.3
27804.6
22254.7
26237.5
27372.8
25277.9
32985.7
32096
25269.5
23545.5
22950.2
30216.1
25629.8
22944.6
25175.4
27888.7
27160.6
22539.8
25424.6
25245.3
24380.1
24252.9
24821
32710
28857.6
23624.1
30067.2
33966.8
19310.7
28362.2
27517.1
30652.2
24058.4
26230.4
26504.6
26521.1
40174.3
27179.8
26389
21053.1
25834.6
21846.9
21651.3
20237.4
39049.1
26462.2
20534.6
22445.2
21022.8
36094.6
31825.5
17744.2
33490.8
23523.2
22835.4
21990.7
26917.9
23384.7
25082
24329.3
19227.8
27027.4
24776
11798.2
22634.2
30965.2
30445.3
26033.8
28425.7
18812.6
15715.5
18985
23491.1
23003.1
35698.6
14030.2
20419.8
21462.2
33411.7
20191
25467.9
20037.7
14465.1
32874.1
25302.4
20070.9
20689.2
25437.4
25243.3
43589.4
22464.3
34592.5
17626.9
15881.9
27061
19102.8
28771.8
25811
24308.6
30536.8
25643.2
23597.8
31290.9
30091.7
18525.2
29385
21733.7
28043.8
34036.6
24268.6
17714
17283.2
22609.2
42433.6
30103.3
20925.1
20200.7
28640.3
32550.2
28911.1
22230.6
29366.5
24669.4
23362
22885.3
21763
31123.3
23847.5
28158.6
21929.8
19615.9
18548.7
22204.1
24993.1
31281.6
29458.7
25980.5
28131.5
28980.2
16212.6
23422.8
24475
22835
16438.4
24201.3
33365.3
19659
23221.9
21701.9
21386.6
23373
31024.4
26374.6
18285.9
19649.5
26311.4
17199.4
31694.3
30103.7
18252
20094.2
26052.9
19470.6
21051.5
20706.3
21698.1
21905.4
23884
38600.6
17158.2
26101.5
19307.1
20020.8
40575.4
23381.1
32095.3
35852.3
12897.1
33101.8
28839.4
16189.3
22198.8
17263.2
23921.1
29557.3
18952.6
25590.6
21537
19503.6
17820.4
26850.8
19966.5
22720.6
23420.7
31752.7
13850.4
35169.1
26078.5
23293.1
22770.6
19628.8
26678.2
26633.3
30147
29872.6
29595.9
32505.7
31797.3
32310.5
29941.8
22124.6
19032.1
29056.2
22387.4
32177.6
25659.9
25902
20664.5
15625
27561.9
27277.3
18832.6
19787.9
35376.2
34396.4
26617.6
24632.7
32152
18680.7
28881.2
37247.2
27909.8
22485.9
23622.3
21170.9
27387.2
25843.3
29296.6
19395.5
22810.6
24175.4
23305.4
25122.1
18074.6
21163.8
41493.8
18508.7
30287.7
12817.4
32257
30527.6
35917
27030.1
20269.5
38510.5
25887.7
25735.4
32904.2
22087
32887.5
23511.3
24160
34957
31950.4
26440.2
32566.6
22525.4
33819.4
41045.9
22247.8
20570.2
28624.7
11741.6
26420.8
32087
30912.6
40326.5
20401.7
20854.6
18297.2
23909.6
24544.5
28826.5
17504.6
35204.4
23226.6
19009.4
27977.3
29665.4
27053.6
21088.3
15643.8
24642.7
17961.9
30476.1
22083.7
20384.9
20493
26675.7
30010.8
21763.4
28595.7
20882.1
25294.9
31562.2
21648.9
22429.6
26826.2
20329.5
18732.8
22812.5
38499
22676.2
18383
23913.4
23949.8
27508.2
26409.3
26894
24265.5
27461.8
26199.3
22403.7
17973.6
24852.2
20571.4
14987.7
24979.5
22761.9
20093.6
22096.9
14915
22118.6
21611.6
21486.3
28976.2
13697
26891.8
18331.1
28191.2
22854.5
23062.1
16263.1
19477.7
25994.8
22775.7
22020.2
21595.3
36073.6
21664.9
16417.4
32976.3
26780.2
21149.3
18845.8
22918.1
29028.8
25603.4
17720.7
17808.6
24143.1
17319.1
41788.3
14880.6
23856
21077.2
19238.5
32122.2
32636.1
23484.1
25887
20203.4
18767.8
27955.6
16831.4
29745.8
17616.6
23951.7
22701.6
21119.3
41553.5
17879.8
22267.4
17490.2
20281.3
30465.3
34575.3
34244.7
24636.6
31536.3
25111
33320.6
20499
24334.5
22298.6
29555.8
35158.3
30740.5
25117.3
24832
27159.8
25263.1
25137.8
24670.5
31958.3
28127.4
15697
26936.4
22675.9
23769
28482.9
17173.1
16631.1
30414.6
18925.2
18726.8
19721.2
35275.8
21091.4
23134.2
24584
16570
22986.6
20532.7
34536.6
24777
34082.1
22156.5
14108.6
26459.9
36479.4
16826.5
31802.1
23312.1
23817.4
19393.8
25680.3
34893
41461
34514.2
25076.7
24405
19131.4
24922.7
19749.4
25247.8
13570.3
25767.6
18551.8
31823.1
18422.2
33160.6
22761.8
21226.6
40202
23169.8
24748.6
25275.5
21147.8
17514.1
34560.6
15023.2
35213.7
26187.7
21879.1
21070
23481.3
17259.4
30292
23666.2
24884.7
34956.9
24307.9
27933.8
32639.8
27811.8
18020.9
19968.4
20420.8
23419.6
30636.8
26540.9
12913
27112.4
22660
20107.6
24850.7
19956.2
15404.1
31690.3
27935
21335.1
17530.2
25656.3
19425.4
12690.8
26615.2
15098.9
24815.9
22083.4
14153.8
15052
21434.6
23166.2
18891.7
25773.6
22184
12708.7
26275.3
18939.6
19520.2
37588.2
22973.1
37191.2
28903.6
33285.7
25238.7
22772.5
16382.1
21519
23661.8
28599.9
28163.6
15539.7
24217.1
37310.7
21963.1
20961.5
23725.8
18400.1
23227.9
16073.8
28059.4
30642.2
19567
22049.5
20370.6
11413.3
22267.6
30254.5
19610.2
19429
16772.5
14910.4
20271
20406.2
33812.4
21126.2
11842.2
21346.2
13368.4
23858.5
22603
19409.2
25912.6
18932.5
21924.9
19809.9
16773.7
30915.6
17904.6
14848
21235.2
16993.4
29945.8
15004.2
28891.1
16826
19014.8
26663.8
35457.8
34245.4
28507.1
23642.7
24165
22539.7
21607.8
32450.2
24408.3
22309.4
21345.5
22153.2
31376.6
19515
19631.9
20127
24196.5
33986
29241.3
28317
29606.5
15644.4
27936.9
36301.6
26593
28014.1
27882
23149
13673.3
42468.7
34171.4
18660.5
27390.3
24643
29155
21966.5
31160.1
28171.3
25027.4
13798
24205.8
30475.7
38636.6
31278.6
34594.2
22787.4
19426.5
30287
27119
27661.8
20125.8
27790.5
33885.4
22802.9
35718.6
29507.1
27412.8
27639.8
17619.8
19447.8
30260.1
20540.3
21384.3
14110.7
21096.6
19652.5
30668.2
16203.4
16115.4
24690
17946.8
25817.7
11115.7
18015.7
19645.1
19569.2
18960.2
26106
28461.4
9120.88
24551.4
27989.7
40085.8
17975.8
33229.8
27220
18278.9
29235.2
28421.4
34954.5
26984.6
23532.7
21327.1
27700.6
25572.6
14806.3
54459.7
27561.8
29746.9
22364.2
24806.2
18539.3
25514.3
25911.7
34724.7
18408.5
24545.8
27104.7
16758.6
32861.8
34524.9
22441.9
23847.1
26881.6
12578.2
30536.4
35798.6
28554.6
22794.7
22015.5
18093.6
28923
20417.8
39367.3
18223.6
21841
26239.1
21016.8
23806.6
35944.2
26570.2
25701.9
22045.5
17280.5
25358.6
17046
27788
18349
19949.1
28977.2
28718.6
32364.4
20528.8
27738.4
22517.8
15829.9
35220.2
28701
26302.6
19666.2
24790.6
18762.5
16189.9
21768.6
17661
21857.6
19330.6
30732.2
20263.2
26210.2
27007
32791.8
21661.7
32650.1
15058.9
29327.2
19222.5
28691.2
32554.4
23047.3
17190.2
22508
24151.1
30867.5
20694.4
20901.2
26638.8
27347.1
24243.8
17465.5
26372
29656.3
25049.5
20360.9
28322
22737.5
29329.6
22290.9
18328.3
22242.1
16328.6
27458.2
24269.4
22750.1
32569
23322.1
19839.4
23363.4
17648.3
30619.7
19789.4
26974.6
23086.6
15799
21637.9
25887.4
20325.1
24405.6
20998.6
11864.7
22085
18623.1
25564.4
15227.6
16106.1
27310.2
19828.6
22647.7
24040.4
22973.1
19393.5
16691.7
31176.6
32250.3
15111.4
15951.4
18547.7
19225
28196.8
24817.7
14987.9
24121.8
19620.3
19486.8
19299.2
17987.8
31150.6
12993.5
29948.7
28116.1
19030.1
15344.9
17432.7
26732.7
28962.9
20700.6
13493.6
20400.2
26076.2
28967.4
19279.5
28890.6
31641.4
21367.2
37886.3
22721.5
33779.8
27414.7
26827.8
20436.2
22370.6
24569.4
27682.7
20381.4
23247.4
22383.8
15982.8
25767
27703
23038.6
21563.9
23404.3
32680.6
20084.2
29747
26311
21327.5
31101.7
26458.5
23053
27806.2
19434.8
23696.6
26219.3
27278.8
16843.4
31089
11062.5
25700.5
21155.9
19847.2
28312.8
21760.2
20105.2
20193.8
31060.6
33840.1
27525.4
24623.9
19666.4
18836.2
21922.1
30373.7
34038.6
32818.3
16130
17019
35963.4
29922.7
20381.3
40424.6
17255.4
25534.2
34537.4
16984.9
21684.1
31327.8
23866.1
38571.2
20756.3
17022.2
20192.6
22019.8
21992.4
26828.6
24783.8
15676.2
15731.4
21346.5
34071.4
28550.5
27504.6
21576.4
23656.3
23805.4
22346.4
30186
35045.5
26057
19445.7
22892.7
19855.5
25090
21597.1
24814.8
26793.9
22477.7
26382.9
34145.1
24261.7
39823
17862.8
28675.3
27700.9
28496.2
28106
21081.3
23143.4
18751.1
28307.3
20377
28202.5
21950.5
27181.8
33179.4
18364.4
25233.6
15814.5
24200.7
30251
32582.9
23608.7
25270
20512.5
17610.8
28869.4
36286.7
33829.4
29908.1
24880.6
24758.3
28150.9
34889.5
20461
17472.4
30597
20704.6
30630.4
27395
21150.1
19473.1
23737.4
23943.3
16241.3
26169.1
34099.4
25274.6
22095.7
19705.5
28583.4
19041
29882.2
20418.4
23367.7
32501.4
23975.4
29268
24914.2
20782
25055.4
31774.8
30117.4
26247.9
26569.6
19265.8
24352.2
23715
19556.9
31762.4
22472.3
26960.7
27976.3
25967.1
32684.4
22659.9
19407.6
28867.1
29840.3
24105.6
23175.6
18953.6
21200.7
30663.8
21395.7
17403.4
22943.8
26847
33639.9
26141.2
14534.3
22345.4
28333.1
28838.6
24916.6
40282.7
23506.7
18870.1
25701.7
26787.7
27058.2
33747.9
35126.3
24549.4
20525.3
27967.3
25990.4
51213.7
39856.2
18780.3
19763.8
32536.5
22001
33275.7
38740
26223.3
23702.9
18216.4
28998.9
23674.6
33939.8
27502.7
32429.9
21267
19695.4
35000.5
35833.3
22516.3
21965.4
30292.7
14981.3
22508.4
20208.7
17071
22718.2
29663
26531.1
19361.6
29110.6
33491.3
28579.5
26339.9
34452.1
30961.1
20737.3
28598
21416.5
34340.6
24562.2
25871.9
22013.8
28699
30882
40069.5
34970.6
22531.8
20455.5
31615.2
22700
30131.9
23179.3
36722.9
26623.9
26588.8
25826.4
23131.4
38955.6
47087.8
23553.3
20508.8
20793
27286.6
46003
27152.7
20806.5
32425
19663.8
18084.3
38198.6
29059
22762.4
17968.2
31025.4
24390.6
36876.2
29916.2
29368.6
19125.6
22454.7
33803.9
27309.6
29755.4
18653.8
14956.1
15600.9
27433.7
25154.2
22432
26573.4
21794
19901.2
25295.9
23931.8
13779
15992.1
29590.3
20332.7
20914.1
22749.8
15537.4
22732.3
30578.7
20451.3
33728.6
23037.4
19045.8
20563
18361.4
38696.5
25937.1
26122.2
17519.6
12004
18407.4
25399
25288.7
15344.5
22595.8
18565.5
18632.1
28068.6
39097.6
21304.6
16055
26083.7
23507.7
23670.6
25842.7
21654.2
17184.7
17772.1
14757.7
31780.1
20641
21036.5
14516.8
27574.2
22660.3
30109.4
31633.2
24562.5
11951.4
17231
25514.3
22229.7
21013.6
36500.6
14722.4
35211.1
24770.9
19641
16870.1
23033.3
25662.2
34622.3
24127.8
23348.7
24482.2
24699
27092.4
23555.8
19750.8
20438.9
35118.2
32553.8
27805.8
23573.4
28646.5
18170.4
27456.8
18804.2
20250.4
30334.4
24216.2
31763
22379.1
20666.3
23878.6
16333
28075
37638.5
20201.8
31923.4
24884.7
22361.4
35632.4
20580.2
17450.2
28459
22459.4
26405.4
18040.4
26899.8
16482.5
21876.6
19255.5
15432.3
21901.9
14508.4
28588
42318.9
11385.7
25540.4
22024.6
34814.8
24844.4
30422.9
19245.4
25845.4
14337.1
32068.9
25866.1
31927.2
28763.3
35952
26258.7
13808.9
39183.4
21679.4
28141.6
37601.5
26500.9
21411.5
30775.3
25278.9
34510.2
30972.8
26781.5
13824.3
30132.8
20925.8
30620.9
26374.2
35917
26376.5
23725.7
17237.7
17575.8
17700.3
26818.1
24483.7
29347.7
20739.5
16675.4
21940.9
24663
32912.3
30563.9
19373.4
28447
32038
29360.2
25585.9
23390.3
17120.5
41847.5
45213.8
28198.3
34865.1
15889.1
33082.6
35031.5
13175.9
31830.5
22162.3
39974.5
24869.4
39178.3
35708.2
29169.2
21510.6
22093
28621.1
19140.1
28545.9
27632.3
29345.4
36789.3
19563.7
32047.7
31691
35207.5
33971.7
30230.5
41557.9
24758.4
23417.8
31671
28760.9
32924.1
24987.4
26415.8
29003.4
35915.3
39368.8
35592.3
30147
16764.2
28622.8
29826.3
31374.4
28668.7
20588.2
27383.9
31776.4
25528.8
27277.4
25409.3
31093.1
25285.4
31167
30698.6
20464.9
23537.8
24399.3
21459.4
20096.5
29969.4
42774.4
24240.7
21036.2
28485
20986
30757.4
26459.5
39232.8
25483.9
20790
19448
24689.8
31555.5
12157.5
21035
31369.6
22581.2
28481
14707.3
18732.5
24089.7
30463
23240
24146.5
23332.8
19677.4
22792.2
32203.9
19274.6
26438.9
15515
34042.3
22047
37915.8
26571.3
36471.8
19832.9
35052.2
33831.5
20474.7
24053.7
24251.5
25807
32590.1
27920.9
20044
22985
29796.9
22790.2
20973
26498
27460.2
38526
32043.6
19642.1
33180.5
38652.6
25859.6
26000.7
29110.4
34271.6
35800.6
27150.6
23066.2
28732.8
26545.9
17867.6
35744.2
31566.8
33481.4
24544.9
18544.5
14037.8
40073.4
32774.6
24810.6
26455.4
29008.9
24772.7
32879.4
26709.9
33166.4
35378.6
26045.7
28465.4
35049.9
16094
17862.6
27698.4
29027.5
23435.7
29791
21921.8
30563
41617.9
21116.7
18742.6
24996.9
16260.3
23657.3
26270.2
47872.4
20211.4
24515.9
21698.6
18038.2
20600.5
28462.9
19822.5
16895.3
24812.2
18443
20834.3
16867.9
27600.6
22781.8
24052.4
27436.8
30797.6
17730.5
21115.7
15356.2
28818.2
15139.3
20408.1
23631.8
17125
27131.5
15194.7
25468.8
16568.5
19850.8
22881
22166
18578.6
23284.1
23293.3
31119.1
20065.8
20040.6
22923.5
20186.4
18629.7
21349.1
11001.1
23072.1
24929.4
30675.2
15953
42994.6
11343.8
30361.6
21701.8
27173.1
23992
25154.3
25806.5
21274.1
11803.5
24261.2
30682.5
35615
26969.1
21586.2
20043.1
17107.3
25123.1
33864.2
25708.9
18970.4
24960.8
36473.4
19576.5
27981.9
26330.2
15355.9
18136.3
29789
22672.7
14754.9
17300.3
22211.5
22183
29797.6
24750.6
21315.7
24102.2
24144.6
25941.5
17104.2
21642.6
11408.2
23185.1
25876.6
32049.7
23100.9
25031.3
21723.3
19342.6
19031.1
23141.5
21442.3
20672
29879.3
16069.5
20019.3
15671.7
23218.4
15955.8
22077.6
22668.2
17683.7
31580.4
30636.6
19833.6
19439.4
30013.8
14288
14864.8
16199
21370.2
33111.8
19696.9
25772.2
24741.4
35318.3
28365.8
27256.4
30933.1
23767.7
20363.5
28911.4
30779.8
15488
19425.7
32794.9
22596.3
23026.8
24313.2
26226.6
21283.9
22525.8
21547.8
21035.3
26467.8
29440.2
26569.4
26262
20054.8
24206.6
29877.5
23211.4
22088.2
27933.4
24466.2
22475.1
21412.8
19175
40003
18675.8
19296.4
30897.2
27574.8
19653
26089.1
33898.5
27151.8
23486.4
26522.7
25506.6
23527.6
31982.2
19000.6
24115.8
27499.8
28388.2
15278.1
35844.5
22420
21562
31546.2
21583.2
23123.4
21503.9
31774.7
25176.3
36821
22369.8
21987.8
17289.7
7412.8
35138
16909.2
29983.6
14943.6
16137.9
17475.3
27894.2
30008.3
23530
16023.7
16002.4
17507.2
28461
29072.6
21986
17568.2
16148.4
18473.4
25115.1
22988.5
20139.4
27625.5
15640.4
21705.1
29523.8
22674.9
17683.4
19755.8
27014.2
16557.2
30122.6
23734.5
23033.1
18882.2
16493.4
24370.8
22641.9
24287.1
20243.3
13393.4
17055.8
19863.2
12487.1
18539.3
28495.2
17255.4
20886.2
23905.2
31016.3
15228.5
16839.4
29163.6
15361.5
25861
30051
22373
21927.3
23563.7
16834.4
26715
33994.7
17603.8
29050.6
21454.1
20511.4
23372.3
30112.5
22192.3
26952.1
15427
23366.2
22232.2
22734.8
29304.6
29311.1
27468.4
23607.4
15771.3
16648.9
16969.9
19473.7
24824.7
17208.8
14991.6
25345
21177.6
18816.4
32105.8
20117
20230.4
13200.1
13475.6
28781.8
22801
15807
17612.4
18432.4
19607.6
20066.4
35907.4
15815.3
11713.9
26351.4
24179.5
26678.2
23244.7
26176.2
20807.5
30274.9
23402.2
21806.9
32019.6
24835.7
29370.6
19243.7
34460
26969.4
34136.7
25779.2
24661.3
23716.1
37834.8
19961.4
38532.9
34519.9
20764.2
31414
27816.6
19812.3
39296.2
24171
18074.4
22799.5
26742.1
28887.3
31521.7
34564
15802.4
22239.3
27364.8
19628.6
32441.4
25927.8
31859.4
21964.6
23984.6
14914.4
19248.5
32917.4
22203.5
29996.8
18894.8
42868.9
18936.1
28028.6
23122.3
28205.6
26972.3
32756.2
28811.5
21111
14285
22908.9
20031
28504.4
34352.8
23195.8
18404.6
25859.3
29983.4
35814
16444.9
30677.4
28141
28686.6
22395.4
20915.4
16285
22041.8
40880.3
27622.9
31439.8
13711
29450.6
30200.1
31614.2
24589.9
16404.9
18032.2
14992
21522.3
24793.3
26198.6
19058.5
23520.2
18911.4
19511.9
25274.3
26325.3
15262.5
30754.8
28212.6
25801.3
27578.4
18045.7
35538.5
30257.4
18945.4
16499.5
17510.9
26736.9
22130.8
20202.6
34228.2
21458.2
27219.2
26140.6
24503.4
26078.8
31911.9
23213.8
20211
22832.5
32937.3
22071.4
26027.2
33928.8
29000
17873.3
23451.6
35348.9
26150.6
29476.2
27817.6
19315.5
22900.6
21465.7
27075.1
26528.7
27398.4
20278.6
20467.4
25642.7
18830.6
21334.5
26638.2
15774.2
35132.2
23011.8
26509.3
41098.4
19214.4
20151.4
19087
19312.5
27337.7
36985.8
21745.2
15518.9
17139.3
17519.9
28206.8
22593
31942.6
28836.3
19324.8
20013.8
19461.7
28467
26451.6
16131.8
22035.8
16830.6
24716.6
26524.2
15745.3
39030.9
17846.2
25381.7
18009.9
27470.6
28966.1
33195.4
18783
23807.6
12808.8
40405
21248.3
22423.8
31474.7
23167.8
15117.9
29160.2
24979.1
23722.9
39951.5
23069.3
21547.1
21110.4
14031.8
39138.2
18065
24649.6
27869.8
20569.9
19858.8
18835.4
27797.2
27529.9
21647.8
20642.8
36087.4
15931.6
37239
23793.2
20826.6
24721.2
22487.8
25917.4
27642.5
22643.8
21984
22515.4
19238.7
29322.2
36227
12530.1
22556.5
19112.5
23506.2
19344.6
30611.7
33765.8
20909.2
33704.5
34097.8
23999
25622.5
25034.3
30262
23934.3
16645.4
41138.2
14585
28734.5
24315.5
27153
17354.2
21926.5
20247.1
24215.7
33899.5
19237.9
26544.6
26856.7
18809.5
17357.4
26034.7
22315.6
13887
19157.3
23221
36179.8
17619
22508.4
19971.8
32124.6
26302.6
26981.4
23917.8
26107.5
15038.6
34659.6
30420.8
27926.2
16378.7
22208.8
29573.1
28205.5
23993.5
23638.6
21503.5
15769.1
31466.9
15844.2
32811.1
35384.3
23316.7
22941.6
17202.7
26708
24751
42891.5
28386.8
14370.8
23338.8
35910.2
19741.9
19815.6
27251
24515.6
12000.8
25865.8
32202.6
32744
19363.1
20656
13292.9
19045.4
25192.2
21760.1
25177.7
12643.6
16175.9
21078.3
23797.2
30223.3
19643
12849.1
21480.9
31553.4
20241.6
24376.6
22517.2
18507.4
33873.2
13738.4
22619.9
14735.9
20465.9
17246.6
20890
20675.6
19092.7
14852.9
20628.3
30271.5
13874.2
20258.4
26052.6
18031.4
28565.1
26954.4
24052.5
18465.5
15693.1
24819.6
35123.9
31638.7
21630.1
17211.6
13002.7
34282.2
24020.3
35055
17754.6
11142
21471.8
25004.2
21240.1
25237.2
23094.2
19405.1
26220.7
33214
22789.5
21112.1
28311.4
20015.4
23189.1
20027
33281.4
30761.9
27720.5
30960.8
20116.6
35164.6
13963
27289.4
24540.4
30423.7
31217.3
30270.2
27164.1
21883.3
33411.3
36356.4
23830.4
28238.1
27568.4
24031.6
37387
19585.4
23984.1
28975.6
22176.7
29287.4
36736.2
30659.2
37674.4
30990
28996.5
26500.9
23257.1
23194.4
14517.2
25149.4
21338.3
35843.8
28820.9
30105
22469.4
28269.4
29588.7
17190.2
43371.7
30304.2
30177.3
21049.3
25902.5
19780.9
34575.8
22430.1
29285.2
29357.3
18738.1
28474.9
26657.5
22329.2
23024
29350.7
22486.8
31230
21233.1
23752.8
20811.5
23744
22387.7
24290.6
30638.8
25760.9
26164.4
24316.3
23441
30611.6
24184.4
33040.7
22015.3
21269.4
28737
31984.3
28122.7
22533.7
15740.2
19133
40276.1
15358.2
20771.8
15328.2
28460.9
23691.8
23255.4
39272.7
27725.4
20330.4
25552.5
22330.9
23710.6
27383
26785.7
37541
39961
24019.2
16012.8
19367
21970.7
25044.6
22675.5
27132.3
24602.6
18534.7
21921.9
35574.6
28312.2
18353.9
24437.4
26046.3
17732.5
25453
27702
19606.3
17617
25752.2
27017.9
27709.6
28877.6
24684.1
14357
25045.3
24833.1
21693
17490.5
22874.5
30082.2
22453.7
23542
26640.2
18204.4
21937.5
24858.9
27542.2
19841.9
20150.3
23319.2
17227.1
14901
15763.4
30691.8
14384.2
25336.2
13797.9
23995
19773.9
20214.5
16145.5
15453.5
16254.6
15064.4
18606.4
22811.8
26355.4
22979.3
14844.2
13969.8
20605.8
24760.3
18116.9
22236.6
15815.7
17331.7
15772
19624.2
19878.6
21551.7
16677.2
18310.9
16684.5
34845
19322.2
23155.9
26605.4
12911.3
23226.2
22954.2
20284.6
16888.7
13982.8
20044.6
20135
20882.4
17296.3
10816.2
16263
26164.6
19479.3
13647
15174.4
11860
17152
21468.6
15035.8
24061.1
17983.6
11425
33534.2
16321.4
17576.6
23479.2
17133.2
15457
16454.9
28527.7
23529
16255.7
22009.1
36260.6
24528.6
27657
11383.6
18383.6
28052.2
27207.3
25117.6
10701
18286.7
24075.8
14762.1
22000.7
22471.9
11511.2
11455.5
25965
27429.3
22812.6
16323.1
14078.4
14494.2
20871.7
20575
18489.7
17215.8
19265.5
18161.7
15335.2
14297.3
17331.4
15137.7
15286.8
15738.6
27683.4
18163.4
16421.2
16283.4
17684.9
15053
20635.1
39573.4
16678.9
18222.7
18383.1
17978.3
35729.8
22786.3
18794.9
19496
20977
30025.3
19396.4
17727
20017.4
20871.6
25506.6
30158.2
23709
33628.1
16540.2
14822.7
34971.8
21335.7
26055.2
29685.3
34170.6
14291.5
20921.3
22568.9
26399.8
23549.8
27802.6
22996.5
12324.4
20877.7
35574.5
26671.8
34341
19270.7
19779.5
32298.8
26851.5
34512.7
18647.1
19560.4
18520.2
20379
20859.4
28195.4
19998.9
22405.9
17229.1
19573.4
32025.5
19684.2
32572.6
21298.7
15479.4
28712.3
28843.2
23580
27102.4
12892.7
25011.4
18478.2
22138.6
32026.2
23929
23594.7
16290.8
19073.5
27305.2
16376.6
20090.5
25149.3
16194.4
16125.5
18305.3
15919.2
33338
38492.7
10881
28122.4
25841.5
18771.8
21446.1
15727
18875.7
30567.1
21542.6
16334.6
18245.1
24517.1
16588.7
32821.7
21455
18112.1
18678.2
16344
22503.4
33251.3
24628.6
16071.6
21467.1
27489.1
22170.4
25115.6
17392
36942.2
15336
27475.9
14484.6
28373.2
22014.6
24850.7
24376.6
15201
22515.1
25443.7
27610.3
31816.4
24456.2
13874.9
23284.8
20049.8
25466.5
31642.7
27399.4
28284.3
24267.8
18782.5
30803.5
24546.7
16622.2
24380.4
27062.5
20846.9
26694.7
23533.3
23038.7
21713.3
19771.5
17578.1
21666
23369.7
22516.7
12428.1
18132.2
12711.8
36783.4
32330.4
12289
23241.5
28906
18490.2
19759.5
22035.5
15632.7
28448.3
18053.8
24022.9
25438.7
10461.6
25598
39294.5
17399.8
21781.2
16232.2
18996.8
20665.8
25753
26712.8
27417.8
24475.1
17447.4
20193.8
24142.7
18137.4
25588.8
30525
23645.9
25133.6
23232.6
27069.3
27397.4
20763.2
22361.7
26557
15685
22774.2
19210.5
41621.6
27136.1
13256.6
20337.8
16088.6
24393
23084.6
19146.8
24510.1
38844.6
16134.8
9770
24773.1
31218.9
19388.5
26997.7
32286.7
24337.2
16503.2
23647
20101.9
17331.8
21425.1
26183
15346.2
24243.8
20257.7
9520.96
29936.7
21056.2
15273.4
23309.3
22304
17348.7
13353.9
26784.8
22065.4
14409
26522.1
19268.3
14607.2
21349.5
11751
23919.8
29857
23416.6
11684.6
18749.8
17539.1
21464
27409.9
26140
10633.9
11588.9
25695.6
21212.5
22165.4
33560.5
14509.6
24097.8
17588.4
19333.7
18960.1
19449.9
40207.5
26357.4
15692.2
19413.1
27039.5
19410.5
27559.5
28677.8
34883.4
18655.8
24359
21635.7
20573.1
26049.2
23069.5
21313.6
27968.6
23093.9
19613
14545.7
16949.4
16714.3
15867.5
16573.1
12194.1
16385.5
15077
21571.6
24786.2
19835.4
23775.6
15462.2
19890.1
25183.2
17919
23563
26730
19035.4
18743.3
18276.2
29142.7
13863.4
14990.3
23221.4
14104.4
32603.1
27747
27434.1
16333.7
21192.4
25389.8
14417.8
34719.4
19190.2
14020
23351.8
21972.1
24242.7
37866.3
28669.6
17207
22199.6
23359.4
33120.8
28773.5
30154
11776.6
18244.2
27447
22153.2
30645.9
20778.4
16816.6
11706.2
19556.8
20301.4
17005
40096.4
25969.8
32697
20562.2
19070.2
20125.6
24428.1
28115.8
23264.5
19622.2
23961
27436.2
29119
28687.5
16269.2
27437.8
25310.7
23570.2
22398.8
21138.2
26373.4
17864.1
32700.5
26336.2
23340.4
17362.2
27062.1
22571.1
21355
40435.7
17040
17507.8
28883.6
26855.3
26568.5
22525.3
22471.7
23578.1
21354.6
33079.4
27403
17511.3
24245.6
13327.4
34702.9
24927.2
24690.1
14148
28974.7
15612.8
18950
23898.8
19830.6
22894.2
18846.2
24859
15270.8
20212.9
23816
26203
16767.1
16429.1
25938.8
13783.6
22301.5
27718.5
20534.9
28133.8
29570.2
17651.3
20381.3
17506.5
20927.7
32971.4
26855
14442.5
17998.4
15433
12927.4
24671.3
20520
27005.9
17232.4
17112.9
20767
14665.9
26702.2
22005.8
34335.7
13522.8
20167.2
19520.6
18116.1
20513
18020.4
20101.4
14632.9
24142.6
24280.4
22462.7
20441.4
14805.8
15724
25895.8
21204.6
29765.3
32182.7
19626.9
20326.5
26069.9
19304.1
24164.7
31989.9
23702.2
23702.6
19849.3
18181.6
32120.9
37271.8
29257
21028.2
16008.8
14044.2
27332.6
35133.6
19589
20298.6
27290.2
16247
26387.8
35265.5
26582.6
19977.5
20699.3
24815.8
39981.4
33757.4
23527.4
31968.3
22859.8
30310.2
29932
40086.2
24607.3
24056
17336
32778.9
28443.8
25530.9
19438.9
17849.4
26854.2
30499.1
17506.4
27886.1
26868.6
32729
23094.6
29112.5
38552.5
27572.6
25308.4
23507.2
27905.8
30847
17813.3
22789
25875.5
28040.2
22809
34136.6
22780.6
17224
18737.2
30083.9
25949.9
23730.1
21797.2
22799.9
20107.8
23386.6
32493.8
22713.6
18110.7
37128.7
23943.7
29340.3
26862.9
29651.3
22463
20315
28069.2
35409.4
28228.8
23946.5
25287.3
18396.1
26986.3
27266.2
35955.4
22427
20595.9
21519.8
15397.8
33636.2
23407.4
20957
18604.7
20596.5
25481.6
22756.4
24943.8
20493.9
21983.2
17513
30588.3
29227
30655.8
33267.8
31624.5
23393.1
22385.8
21670.4
22712.4
25722.9
28963.4
21245.7
32277.8
13579.8
15623.9
19073.7
21789.8
15180.4
21196.7
23670.3
17641.6
21874.7
18289.8
15681.1
13377
32299.7
18227.9
18484.6
13142.9
19505.1
14441.3
17191
26771.8
22706.5
20043.6
16970.2
19269.4
26209.7
20956.4
21919.8
13193.1
27607.5
28200.9
22058
17758.3
28653.4
25710.8
17644.1
27640.1
19158.6
23432.4
27543.8
22388
27551.3
24231.4
18061.8
16490.2
30689.7
23465.8
17988.2
22488.4
12457.8
30079.2
19781
24278.8
23326.5
24061.7
16872.2
24411
23517.8
18152.5
26444.8
22592.6
30534.3
18554.9
22265.4
21601.3
41427.8
21846.9
15637
39484.2
40857.5
19890
25051.6
29458.6
20952.3
29147.4
25227
26517.3
25199.3
18791.8
23535.8
21145.4
20680.6
35474.6
22549.7
23291.7
21880.6
19361.1
33484.2
37355.6
26660.2
12553.2
19503.5
35423
32448.7
39072.6
55544.2
28948.2
11472.7
31334.7
23021.9
29091.3
34594.5
24041
25999.3
31088.2
25375
33763.7
28352.6
16256.1
15021.7
9360.32
40027.2
24739.5
17021.5
25302.7
17068
23120.6
17713.6
27865
23867.1
18779.5
16334.5
27777.7
26008.3
26526.7
30678.6
13733.6
16484.8
27303.8
34432.7
28928
20820.2
11497.2
19941.3
28369.7
26168.2
19237.2
15429.6
23598.6
31716.6
17976.6
41684.2
16119
27908.6
21122.5
18736.3
33957.5
28352.9
26287
25895.4
24224.3
14691.8
27883.4
16047.8
43892.6
28745.8
18502.2
18651.6
23908.6
29274.8
28119.1
28291
20168.8
25081.4
34848.7
18326.4
15019.5
25800
16729.8
29822.5
30316
16618.7
32313.8
19601.1
25991.2
25863.2
30447.4
21536.2
22259.7
29614.1
19259.8
25383.1
26378.6
16127.2
25869.4
35426.2
23652.3
15994
32458.8
23494.3
34531.4
25138.7
19165
16260.8
30291
19918.7
23038.6
28153.4
10834.6
34941.9
22204.2
25820.8
43543.9
21308.1
15998.3
18811.1
31197.9
32125.9
23413
25933.4
24229.7
17304.4
22025.6
32294
24908.2
12714.1
32735.5
25042.1
20908.7
34672.2
27723.4
27935.6
17357.6
31024.5
27960.1
23405.6
25659.8
19520.7
19371.3
32282.5
25892.3
22632.7
15947.7
24352.5
17601.2
21683.8
30284.2
27645
19852.1
16630.6
18243.3
19688.5
25978.4
28621.8
30097.4
27395.3
12795.8
32238.4
26391.1
21181.6
33544.7
17117
21867.7
41052.6
21100.3
25266
23311.3
24808.7
17538.4
28468.3
37069
30237.2
21048
17971.7
17106.3
29215.3
23745
27079
32535.9
19986.9
35199.5
16544.2
29703.7
21110.3
29358.7
24906.6
25384.6
15832.5
12692.8
16904.8
32289.1
20558.2
16340.6
16757.6
17967.9
25704
19071.8
22049.9
8863.68
28623
26301.8
18783.8
32346.6
19007.8
20368.1
25441.4
31137.8
52118.4
22362.1
21208.1
20534.2
35100.1
19207.4
33382.6
30278.1
18988.2
30200.1
28018.5
18137.6
30368.2
29409.7
24876.3
20614.6
24164.2
21343.6
28547
35266.2
24553.2
21936.6
25431.2
29608.3
31322.8
25959
25760.1
13961
21078.8
28991.3
27397.4
24920.7
19768.8
27348.8
25295.9
24606.2
17963.4
18971.8
18296.5
26880.8
18216.7
27469.3
16818.6
19500.2
30412.1
19729.3
27389.7
20943.6
12063.8
28517.6
17025.8
17511.9
38593.4
19751.7
22119.9
18723
17861.5
22626.5
23430.6
26474
24054.6
21966.4
22483.1
39688.8
25338.3
13594.6
18928.2
29618
28410.4
13621.7
21522.8
13791.1
19591.4
24697.9
20085.2
21548.8
37478.1
14894.8
28153.6
22062.3
27755.2
22266.6
21732.6
26550.4
27270.7
21776.4
22888.7
29959.8
19261.4
16218.2
22416.4
19089.4
19438.9
28374.2
23135
27003.1
27723.6
26144.4
24620.7
22306.2
23051.4
26578
28035.1
29308.6
18766.9
20116.9
22305.8
22648.1
47791.2
26521.5
24826.9
18575.8
20411.8
13352.8
27698
26639.7
27543.4
22901.4
24520.6
25597.8
14158.5
31963.3
34146.2
21219
22567
24407
30562.3
14811.4
26970.2
28013.9
19807.7
34896
30369.4
16967.2
29074.3
20052.4
28418.6
26482.4
29249.4
20297.3
20924.4
17787
32689.7
25710.9
30642.8
28855.4
17070.8
24949.8
35748.6
22455.1
25832.4
25539.4
23198.1
26769
23329.4
33363.1
34617.3
22775.4
38171.8
23681.9
32847.1
40692.3
40822.9
20068.7
25819.9
24235.4
28167.8
33346
31003
41156.3
27552.8
34659.8
22727.4
31237.3
29851.3
24606.4
25982.9
17260.3
30746.5
31627.3
24624.2
31017.3
33825.9
31899.4
33210.6
19410.9
15445.8
22325.6
29715.4
29338.3
30985.6
16198.3
18888.9
23643.4
26781.8
17080.3
38189.4
14992
27769.3
29516.1
15672.9
17712.8
18817.4
15609.9
32664.5
20843.4
18641.5
17166.1
22653.7
27333.3
21505
22472.5
24014
21954
19071.6
19708.4
26535.4
28483.1
21456.9
25317.3
29295.4
14611.9
31927.5
29284.6
24787.2
17230.7
29836.5
15173.8
18332.6
15572.5
15103.4
26321.9
35100.6
17990.3
14949.1
30123.2
11711.5
29530.8
19204.9
11824
23270.4
15008.8
19789
18357.5
12518.7
24710
22763.8
11409
24872.6
28975.3
28775.9
20747
35559.5
11690.7
24197.4
35539.8
26219.3
30230.6
33959.3
22351.6
25686.8
28936.4
34126.6
15130.9
22993.3
28478.9
29307.4
30066.5
24425.1
42560.2
20059
23106.2
33000.2
29372.3
29818.2
25046.2
18388.4
25255.8
34696
24180.3
39478.9
31286.9
26773.6
25680.4
20138.6
27705.1
36854.2
23838.8
28820.4
21913
35830.3
30780.6
31297.3
35781.5
26420
35866.6
27403.4
27401.1
25943.1
37574.3
36288.8
22159.5
28321.6
27845.1
37007.6
16636.8
26492.5
31969.5
19932.2
24278.2
23194.3
23671.8
27012.5
34781.1
27996.5
17547.9
30087
21100.6
36953.8
32004.2
29107.6
34437.8
24866.9
26274.5
30664.3
34381.4
28944.2
35330.9
22344.5
33439.8
30587.8
24382.7
24095.7
21014.9
45155.8
26028.1
35257.9
26093.5
24877.5
28389.4
28812.6
34586.2
32927.8
32475.2
26891.7
24530.5
20398
26689.2
27185.4
16817.5
22858.2
31072.8
21358.6
36952.9
28420.1
31253
22981
25881.1
19963.4
30768
30389.9
33906.4
25329.4
28947
23853.6
24276.4
31606.3
27447.3
31110.1
30492.6
27386.4
17178.6
23438.4
24863.7
35773.7
29285
24180.2
21282.2
24981.4
25878.5
28765.8
18210.2
28059.1
17182.9
18593.5
35298.3
39365
34430.7
11325.9
25826.3
22730.5
31197.4
23652.5
23493.8
25095.2
21264.9
19463.5
29211.8
14656.5
35680.6
20960.4
22955.5
27130.8
25505.4
31996.6
20577
27591.9
36474.1
25245.8
24869.5
23371
22437.2
37331.9
32841.4
21112.2
16349.5
20131.6
22932.2
31994.5
35549.8
26215.8
21420.3
20937
20828
32186.5
18171.6
32782
34073.8
24520.5
25033.4
33971.2
29191.4
23838.3
30377.4
34512.5
32676.4
25312.4
27218.1
29394.7
22444.6
32359.4
25244.2
20552.2
18528.2
30021
25036.9
32118.5
20650.9
34961.3
30080.2
19153.4
23721
17330.2
15192
33187.7
16630.6
30860.7
28572.4
22594.4
28781.7
20594.2
18884.7
30781.6
27200.4
22602.5
23393.4
28154.5
18611.3
25991.3
28496
34319.8
34723
20521.4
21399.8
38736.6
27228.6
27266.1
20352.5
23303.4
19224.2
28430.2
24926.6
21674.6
23179.4
22018.3
23757.4
25845.5
38067.1
19661.9
20352.6
18948.9
24289.9
29557
23948
35415
24082
17809
20307.3
48264.8
23723.2
24248.2
27412.5
20697.9
18327.8
20018.1
18597.1
24860.7
15301.4
14380.6
37521
37494.3
28137.4
24012
14812.2
21517.6
24790.7
12447.6
26156.8
21608.6
21225.4
19053.1
19375.6
18364.2
12498.5
21734.4
20806.1
24546.5
14386.7
23834
22855.8
19161.8
23230.3
25340
17009.8
15595.1
33350.6
15951.2
22786.3
26568.8
10838.6
29561.2
15687.7
14744.2
31932.9
23999.4
22319.8
32589.4
22032.6
16588.2
19799.3
21235
24021.7
34103.7
12731.5
19512
24330.9
14047.4
24227.3
17093.5
16418.5
15188.3
27243.7
30875.7
32618.2
25539
18798.6
20864.7
21428.7
18923.4
36650.2
16934.4
35991
18305.2
21977
24932.5
22325
21962.8
29016.7
20049.6
27260.9
28217.2
30709.3
14543
22034.1
33686.2
24480.2
23125.3
21976.9
33016.6
23105.9
18942.4
15585
18749
18959.8
13541.2
21592.2
25183.5
13301.6
23263.6
17560.1
26434.4
32246.1
16077
29589.5
29413
14865.4
18615.4
16805.3
24517.4
15291.5
18057.4
34665.1
19710.5
15695.3
14463.6
22741.4
24424.3
27318.2
17506
29242.9
14224.9
18961.8
27200.7
25016.9
19151.6
16322.9
34485.1
16021.6
24377.8
19596.6
33601.6
19780.5
14877
28448.4
20509.2
32272.6
27932.1
30745
12835.8
19379.4
20184.5
32773.4
23868.7
21836.5
27829.7
20168.1
17012.6
19338.3
14405.3
28761.8
18662.7
17080.3
13741.3
20088.5
27492.4
27144.2
31221.5
16105.2
16703.1
14135.3
27532.1
17565.2
16728.5
28246.1
12529.4
18417
17911
18949.3
21376.7
19961.4
21079.5
12254.6
20162.8
16359.9
35877.2
28018.9
19023.8
16396.6
16563.7
30789.7
22634.7
19294.2
18889.6
21250.6
13657.1
22325.4
23480.3
21240.8
23797.1
14896.4
16808
14365
27058.4
17988.7
13635
15323.1
24424.8
23946.8
39694.4
18869.4
23193.4
27710.8
14592.8
18537.5
23915.8
30121.1
39108.2
26964.2
29284.7
15811.9
15925.9
20407
24360.7
27994.2
39161.1
23429.2
15266.6
19152.7
18014.8
19527.2
22978.1
22585.7
32567.8
19119.5
24853.8
25528.2
21568.6
23891.4
21404.3
22167.9
26737.9
21560.6
22105.6
28452.7
27730
15977.3
31888.9
19816.3
25372.8
19900.2
24919.9
15283.8
19156.6
17712.6
29049.6
33462.1
30632.9
25518.9
24381.3
20577.4
30125.4
26061.8
25949.1
24741.8
22487.7
21156.9
19681.1
25537
34700.2
22516.7
20204.2
33643.8
33158.3
32756.9
26066
24560.4
20757.8
24033
25697
22801.8
20786
22770.1
20137.4
31088.2
13826.2
17516.2
20020.7
19562.5
39223.6
22846.2
19772.1
20386.2
31485
18824.8
23820.6
15476.9
31003.9
19692.2
28821.2
31008.6
22365
30630.4
14895.3
20928.6
27479.8
23430.3
51524.4
19819.3
34431.6
24334.6
23401.5
30785.8
30476.7
17282.2
22709.5
28008.1
31500.6
19699.2
33586.7
30330.5
19174.2
20031
30353.7
23559
19273.6
30564
18060.8
22980.6
23827.9
22912.1
26473.8
17879.4
26517
23154.5
32863.6
18873.9
26904.2
27758.6
24026.1
16349.3
17362
22151
19137.8
36268.9
21278.1
31614.1
11457.4
21894.2
27662.7
41303.2
24440.5
24272.2
12273.9
22405.8
18499.1
32827.1
37662.9
30698.9
32511.3
30829.2
20976.7
24214
30031.2
12155
12149.1
23114.7
24053.4
28223
21945.1
27980.5
25711.4
23776.8
26637.4
24186.2
29838.3
15568.7
24851.9
18842.3
15705.8
27263.8
27772.6
19721.9
15484
18432.7
22971.8
24988.5
30326.5
28589.5
18346.2
17694.8
20659.4
26119.3
28949.2
21587.8
21931.4
32167.5
25317.4
23592.8
22071
18952.4
20203.5
27683
18826
27119.8
33572.5
31242.9
20342.2
22833.5
31851
24437
17681.4
24936.6
24901.9
37643.4
13254.7
25558.3
27671.3
29842.2
21969.3
25671.7
21154.9
31899
21384.2
21350.2
37383.2
24041.4
31075.4
13050.2
27477.4
16180.1
34801.4
26632.2
42575.7
33077.1
20743
31194.3
38207
30256.6
22872.2
26156.6
28587.1
26054.7
23434
34575.8
28277.5
21474.4
19988.6
28203.4
27874.5
37076.4
27362.1
29065.7
19328.2
27151
35270.6
20229.6
14820.3
21691.9
14582.4
28513
28169
23926.2
20008.8
21597.8
18193.9
29660.2
22609.8
11751.6
22375.7
16391.4
15089.7
19199
27595.6
18024.6
22536.5
18561
14297.7
18225.1
10332.3
17713
17266
18777.4
19767.9
29271.7
33792.2
21537.3
18441.6
17610.7
16220.2
22006
20119
26985.9
26694.6
16350.2
8456.16
21905.9
21032.5
28823.5
25513.8
27434
20381.2
25606.4
24804.5
22451.1
44643.5
16588.1
31639.8
12903.8
23392.5
25722.2
41281.5
21344.4
23808.8
26176.7
15040.1
24347.5
20848.6
32078.6
32149.5
13455
23733.3
27766.4
21100.1
32969.7
34062.7
31536
25123.3
25281.7
22405.6
27164.5
36423.8
26445.8
28947.8
17604
20622.6
28468.6
24415.2
25644.7
24999.8
28695
24798.1
16649.9
21762.6
27935.8
19928.2
32557.7
16009.5
23094.4
29913.8
21183.1
24612.6
21424.6
28546.7
21171.8
27035.8
27128.2
21238.6
21978.6
24059.9
34867.6
34719.4
29838.2
17655.6
22828.9
36020.4
13646.6
20145
31433.1
28545.1
22960.3
21548
24282.9
22164
21548.9
29414.5
19849.6
18252.7
33226.4
19474.9
25453.4
21015.4
23607.8
33292.2
19309.9
19462.1
20674
24196.6
17431.4
25725.7
28723.2
11200.8
26109.3
21701.3
22021.8
25110.6
34954.9
17393.9
17468.2
24682.2
23467.2
26623.7
34850.9
21633.3
26799.4
26410.6
22193.3
22927.9
35705.8
27000.6
38837.7
23703.8
20374.5
31448.3
30903.2
24498.2
28585.5
16476.3
20424.2
26411.8
30545.4
19702.7
32057.4
35971.5
20915.6
27484.4
26847.7
21465.7
25445.9
17845.5
20212.2
20188.5
28206.8
40822.2
19951
20843
16372.2
19237.9
19273
27122.6
21269.8
18991.7
23883.6
27121.6
23882.6
20749.5
16872.4
23811.6
10107.5
21207.4
23603.9
16704.6
13885.5
32110.9
20803.8
18712
20943.6
14570.9
20858.2
25187.5
17016
34619.1
20749.2
16236.3
25870.1
20582
17082.8
22115
34349.1
19647.4
19064.6
28625.2
23115.4
23324.3
23237.7
25891.3
27052
34245.1
25234.8
19738.5
37018.6
25608.3
29852.6
24329.8
28308.6
37908.6
29993.1
29643.9
20180.8
20643.8
26788.6
39282.1
22360.6
16408.3
13870.7
19826.2
18543.2
25609
25808.6
20211.4
19134.4
16755
21772
11657.6
23795.8
22899.4
19815.8
17696.9
23531.4
15663.5
24721.6
24449.3
26003.2
30070.2
27913.1
23187
27788
27536.1
24243.4
27591.1
17859.4
31053.7
19504.9
20566.3
26608.3
22927.3
26479.8
25560.8
19634.2
22427.9
16587.9
26760.2
24066.9
16186.6
17634.6
25930.6
30853
18669.7
19874.3
25834.2
17733.5
21804.2
15350.4
27887
23045
24873
17424.5
20940.9
16719.4
25376.6
18515.1
28461.4
24666
20091.3
15901
19090.7
15442.5
14050.1
17537.9
27303.9
22171.8
20576.5
15422.4
26993.2
11492.2
19559.9
21669.2
17694.8
26497
28468.9
28147.5
18172.6
19581.9
26265.2
27634.6
27890.2
43684
24049.1
23147.8
19634.3
17144
21387.9
17818.8
25693.2
21640.7
34241
17547
22253.2
16035
24801.1
16071.4
21230
30429.6
17151.5
21988.8
22098.8
19872.2
10292.2
18227.5
19904.7
31448
14111.7
29455.7
21653.5
31780.8
23251.7
27468
21661.2
24331.7
13265.5
22015.6
11708.3
31109
17210.4
25412.2
17870.6
13848.7
27190.2
19820.2
17273.2
13327.6
19257.4
22684.2
18486.9
24121.4
12395.3
20418.2
18656.9
17553.5
29002.5
35256.4
14476.8
21086.6
18611.3
19688.8
24650.5
18639.4
28966.1
12417.2
21355.8
16435.5
30331.2
21045
22599.9
27457.4
12909.5
18260.7
16392.5
23086.7
20949.4
16261.6
22826.6
19082.8
18165.4
22135.8
16710.7
19949.8
19654.2
13640.1
24550.2
29757.1
21954.3
21757.2
10686.7
21459.3
23885.4
17932.2
34716.2
17969.8
21101.6
21146.8
19825.5
17156.5
31505
12604.8
15643.9
44401
13609.4
12545.5
26858.9
22570.9
24774.2
24288.1
15773.1
17545.2
18670.6
31991
24836.6
16160.8
19601.1
19603.8
14660.2
28439.3
24217.1
23582.2
22772.7
22327
17611.8
28749.7
23836.6
18708
19137.1
23949.2
16893.4
22603
27490.4
22985.8
22485.9
20914
17289.6
24716.6
18309.2
19886
23328.3
24265.4
38189.7
17868.8
28906.4
19110.5
26843.9
30691
32398.6
18305
27813.4
15532.4
26702.9
21101.4
19060.6
20441.2
26178.6
30118.6
26682.2
23271.1
20202.6
26076.3
25440.4
30964.9
21531.4
17654.6
25910.3
23424.9
37478.9
24783.4
19340.2
19080.9
28872.8
23345.8
22960.4
25356.1
21136.3
20066.3
27123
26845.1
19292.2
23661.4
15199.4
15733
20675.2
18469.3
22665.5
18139.9
20667.5
20448.2
21582.4
21850.2
25781
26743.4
14480.2
18227
21335.2
17036.4
26424.8
18764.4
27712.8
18580
14231
24464.4
18146.3
22284
16709.3
25558
17772.8
21640.5
22725
15581.6
29746.6
26208.9
19251
37958.7
20135.3
22982.3
31908.5
19436.9
19009.4
19193
27885.4
28191.4
19187.5
22062.5
19790.1
41796.2
36535.9
28539.4
21973.2
21496.4
26712.2
28129.6
26777
27607
17227.3
16932.8
29051
19253.9
23641.8
21473.2
14646.9
26276.2
13880.8
16077.3
15831.8
30690.1
24112.8
18331.7
17052.6
31345.9
21802.6
24483.4
22039.4
14604.2
17261.6
13712.6
11925.7
16080.1
19771.6
26526.2
19362.2
14218
20810.6
22235.1
22460.5
19212.4
14640.7
21461.4
10396.7
17024.6
25448.1
19462.1
12171.5
20535.3
16929.6
21196.3
14696.6
26431.4
23126.5
19042.3
19085.9
10959.7
19773.4
25772.3
13225.4
23502.7
11594.9
29202.1
13806.6
20247.8
31616.4
23169.1
31724.7
20768.6
20897.3
13122.7
22799.4
13735.4
22146.6
21231.4
24003.9
23310.6
14701.2
16463.8
14623.4
14448.4
19941.5
19783.9
20232.1
18381.6
33375.2
21157.6
21442.6
20553.1
10976.7
23880.8
26640.8
25004.6
22329
21937.3
17993.5
19989
23405.4
32945.8
35580.3
19314.4
24435.8
10548
21641.6
29149.6
30942
16241.2
18469
22471.3
22678.3
36692.7
26045
33497.4
18753.7
25397.1
24121.8
26584.8
21152.7
27621.1
20517.6
27282.6
23869.1
24731.5
40273.5
28822.1
35271.5
22651.8
20167.5
28274
34339.6
28063.5
33745.8
23876.6
30341.9
22751.4
22894.2
24253.2
31333
24739.1
22569.7
29437.5
24161.8
19957
21689.4
25316
32491.5
29428.6
32522
24030.9
22744.2
35801.3
27563.5
27208.2
23404.1
31369.7
22274.2
33466.9
24204.7
16319
12575.6
19399
38453.4
13187
22615.4
33607.8
21041.4
24482.6
19902.7
27747.4
24139.8
19690.9
13480.2
18351.9
22190.5
11103.8
21939.4
20171.4
22750.2
24659.9
12500.6
18726
25528.3
41460.9
18958.7
18052.8
24825.7
23113.6
25449.7
24124.7
34332.2
21916.9
22858.8
31208.4
20561.7
20888.9
14230.2
17633
22697.8
26092.1
22927
25251.1
22222.1
24048.2
19243.2
17885.8
35138.2
29299.7
15963.8
18794
13403.4
16249.4
18360.4
22750.7
36525
15066.1
27512.2
17405.9
13805.6
26467.6
35248.4
28361
34986.7
16715
29937.5
20430.1
16207.9
16810.9
22712.8
21749.6
27789.1
21960.6
24326.2
31308.2
7574.96
15774
21904.5
26734.7
18247.1
28374.7
30719.3
20578.2
35041.6
16738.2
16933.3
31906.4
20281.5
19053.8
31495
24865.9
20559.4
30957.7
19986.6
27967.1
37687.7
24405.1
13531.8
21967.6
38710.1
25335.6
20791.8
31372.4
23981.3
29550.3
20983.5
20407.4
29752.9
19452.2
27413.9
19387.4
25030.5
24078.9
23487.1
25703.7
26327.7
18320.1
16694.2
13023.9
24016
26477
19802.5
20692.5
30401.1
18520.8
19787.9
11314.3
23498.2
34405.4
15871.8
27939.6
35188.6
14847.9
12502.1
21387.8
20392.6
36691.9
31345.1
29466.6
11195.9
19370.2
18229.6
24798.9
31214
27453.6
24155
16302
20783.4
27157.2
27071.2
10219.8
20548.2
18801.6
27024.1
30546.2
18892.3
20224.8
17617.9
21952.5
31144.8
27295.3
18856.8
17691.1
18320.2
19209.9
16666.5
25418.6
17939.5
26278.6
24872.2
20497.5
21471.2
30563
15570.1
17107.6
16392.6
16900
30549.5
24963.1
21345.6
17124.4
14078.3
26050.4
18197
17736.6
13091.7
22626
15514.5
20650.7
18372.6
14394.4
21816.2
19700.2
23463.7
24005.5
19953.2
11345.4
22990.6
16514.8
30273.7
34356.6
24090.3
17989.1
23003.2
19499.8
30677.8
28648.4
25830.6
18279.8
15440.2
17321.7
17165
27817.2
28976.2
19348.4
27502.3
15319
19347.8
28211.4
30471.7
13826.1
23492.2
26751.9
22444.9
25616.7
15578.5
15719
25179.5
22688
15461.5
14048.2
25374
18426.6
22051.4
44694.3
17647
21211.3
17636.2
25473.8
23939.4
23344.4
23130.6
21740.9
14981.4
21341.8
26891
32529.5
30301.7
32203.2
22552.5
20616.4
21150.9
22931.4
39282.3
17219.9
18897.7
22709
28052.4
22479.4
23929.6
17780.5
23989.4
27310.6
23706
28500.4
30443.4
17697.8
17229.7
46778
32129.5
29450.5
34769.5
20274.7
33805.4
25228.6
25361.9
27630.5
23571.6
28374.6
39093.6
20931.7
25351.9
27211.9
23653.8
24699
27357.2
26247.6
29597.8
22499.2
19360.1
29665.5
23152.6
24291.2
34047.8
21545.3
27743.3
24345.8
24947.5
32392.8
29734.6
19450.7
14855.4
28239.7
29133.6
29545.5
25680.2
17246.7
26162.2
23081.5
29275
28193.8
18473.3
27844.6
22162.3
28886.4
30863.6
14391.3
26503
18893
18479.7
36826.4
27283
23840.4
30594.6
15831
35155.9
21163.2
24183
33158.5
16548.6
15059.1
20454.4
25339.2
22177.7
31802.7
25791.7
19740.8
19478.2
35215.2
22224.2
46234.3
18537.5
31734
21408.6
20237.6
21547.8
38598.3
25605.7
23952.4
28868.2
15292.4
32112.3
33980.6
24167
14048.2
23973.8
26793.2
23947
30434.4
28602.6
26416.6
21987.8
23925.4
42559.9
36998.2
19190.2
25473.6
25204.2
22805.7
26759.4
30240.2
19383.9
28761
22852.3
23853.4
26160
25538.9
25726.6
20081.7
16425.8
27498.7
18014
31522.3
28148.2
25679.9
20627.7
28784.4
16193.2
27130.4
17242.2
15800.7
41992.6
15231.8
27659.1
30998.6
24012.8
27949.7
17616.1
20148.2
22228.6
24246.3
31545.9
20027.4
18149.8
28031
20102.9
26350.1
14199.8
24023
19846.4
18826.2
28058.1
27283.1
35546.8
14428.5
34256.2
30967.7
32758.2
20928.7
21658.2
27711.4
29631.8
27761.5
19768.6
18422.7
20439.8
25655
25756
36272.6
36372.3
19743.7
19693.9
33927
22957
26356.6
22379.6
22403.1
17842.9
18967.9
34563.4
16341.8
14238.2
31809.7
19361.3
24202.2
15639.9
29828.5
23069.8
22345.5
11895
22156.3
25887.5
19930.1
27777.6
22176.6
18816.2
17223.8
25800
14139.6
27110.9
16092.9
17336.4
21583
24537.4
30063.1
22911.4
29136.7
31478.6
22254.4
21178
27590.2
30180.1
28030.4
19194.6
21231.5
36329.2
19821.2
29106.8
36918.3
19879.2
20940.7
21813
29993.9
26938.5
22734.4
23481
22123.8
31718.8
26188.3
19840.5
28248.4
26845.9
24528.2
27772.9
17652.7
31238.6
27442.3
29780.8
22751.6
26147.6
23660.8
25567.4
24331
33533.1
23740.5
26018.1
25806.3
21217.8
26021.6
29934.1
21345.8
28126.2
20210.3
15209.1
32028.2
31074
24529.8
24695
25498.6
22363.3
17914.6
20994.6
19907.4
31125.4
19718.2
16575.9
25509.1
24326.4
21903.5
23051
21954.7
31733.4
18668.7
23928
17541.5
39065.4
27808.8
21300.7
18935.8
37976.3
22733.5
30727.7
21762.1
19890.4
22114.7
27342.3
25429.5
27352.4
18585.1
25099.2
25026
20859.4
17010.3
21057.2
26651.5
30150
31745.6
23621.4
26934.8
19478.3
31328.3
26348
21719.9
17089.8
22149
16369.8
33192.2
21824
23897.9
18599.2
27910.5
42682.9
16405.1
22070
30048.3
20765.1
32479.9
25685.4
34649.7
18038.8
18440.9
25286.2
17709.4
26565.7
22129.9
23212.6
30038.5
19160.5
17315.7
25327.7
21433.8
17598.9
21932.6
18230.7
22166.6
31363.8
21032.3
20787.4
15566.3
20931.8
20673.1
21008.2
27959.6
10548.2
25102.3
21999.3
22596.6
20155.8
18819.8
12086.8
17669.7
26411.7
21392.9
27471.4
21409.3
26395.4
17558.2
17205.1
21231.7
21492.8
21812.3
31865.6
24897
19384
19405.9
19669.4
20393.7
20386.3
20379
31441.4
16029.5
14613
13079.1
19460.9
24678.1
26150.5
18503.6
16171.5
13907.3
19032.6
28633.2
19954.5
34311.1
28329.5
18589
23166.2
32453.4
17076.9
26066.2
19277.8
24052.2
21190
34946.1
23538.3
22561.4
24734.6
29981.9
17545
27767.4
28108.2
33218.4
14815.1
29347.2
18513.2
18784.2
34605.1
22665
17351.8
33772.3
37391.7
18795
25860.2
21099
22703.5
33047.5
36594.2
23133.8
29897.2
22138.2
27982.4
26041
34035.4
45101.8
29148.3
27062
19906.1
21411.2
32260
31312
28086.6
21775.7
17381.8
33984.7
25473
26508.2
22405.3
24235.8
29468.4
17652.2
25791.6
28309.2
31930.5
19134.6
25792.1
19266.6
19940.3
27826.8
32572.2
27811.7
18523.5
20819.5
22893
25653.3
28645.6
21820.9
29619
30846.5
44954.2
21522.6
22018.5
37701.5
24316.6
44649.4
16678.5
26705.4
23318.3
30222.5
30493.5
23373.8
23601.4
31544.8
24736.2
20876.6
22929.4
31036.8
27225.2
24031.1
40308.2
31767.5
42395.1
32493.7
19192.2
25326.1
30628.6
20429.4
36669.2
23610
37093.6
17666.4
25956.4
29711.1
23770.7
34214.6
19621.8
35350.6
19836.6
26166.1
24261.2
36566.7
29083
29545.4
26665.4
17148.1
31571
22326.2
22575.9
23747.5
23160.1
22333
19420.2
24567
19035.8
21389.1
35287.3
28486.4
21535
18135.1
27820.1
28864.2
20068.3
18035.4
23906.2
29365.2
33713.4
20204.9
29799.7
13706.2
21781.5
22364.5
26699
29675.3
29495
15379.7
23292.9
26096.3
22822.3
30966.6
22736.4
16838
19778.2
45276.6
25445.3
28897.6
36711
17313.3
15606.1
27117.1
37631.8
25897
23161.4
25315.4
26571
29289.4
31264.1
28733.1
27251.8
32864.9
19524.3
26574.2
21555
24841.1
35995.4
16064.2
21518.4
30631.8
19799
38175.7
22893.9
31817.4
24262.6
26819.1
20244.1
33522.2
25621.9
35255.1
24862.5
24241.6
17792.2
23323.4
25489
30618.3
29989.3
24012.6
22537.8
25231.4
20564.4
25777
26935.1
29138.4
36757.7
20983.7
19715.8
30823.5
28467
27029.9
23987.5
30895.9
25991.2
28592.2
29679.7
34902.8
30244.1
23779.9
29891.7
29039.4
39515.7
26148.3
35875.9
31594.8
32524.5
22146.6
21778.9
28439.1
35681.6
23684.7
40756.4
42152.2
25493.8
22068.2
22464.5
20518
19397.8
26258.7
36049.8
16587
27922.3
16895.8
15542.5
24450.3
22878
23386.4
31693.8
16692.9
24708.9
36933.6
21223.6
30770.7
21070.7
14178.6
43227.8
29812.4
16351.4
30453.8
42446.1
23538.6
20949
30349.4
20813.2
21647.3
28097.8
22218.3
16297.4
25255.8
31284.4
23484.3
14419.8
26184.4
21848.6
14560.2
19454.6
19151.3
21455.3
19740.6
28135.4
18625.8
19566.6
28023.8
24225.1
22241.2
16530.5
27063.5
25216.5
19432.1
28163
32671.7
23987.2
22312.5
27420.6
19537.4
27052.4
20618.8
25375
23654
22869
23899.5
20789.1
29105.5
21261.8
25256.2
34962.6
22517.9
28964.7
16979.9
18966.6
25741.4
20655
31981.8
18589.2
21032.8
30323.8
23376.6
30262.6
24670.6
32233.6
24751.1
28737.2
25593
18243.9
16658.3
22733.2
25459.7
24771.6
26276
28059
26841.1
19765.2
27310.9
26327.8
21429.7
22952.7
32365.7
27522
16817.8
23666.4
23017.4
17820.9
26371.5
26110.8
37795.3
17639.8
19962.9
19799.5
22122.6
18611.3
21300.9
25904.7
27528.5
26016.9
19673.8
18888.4
22599.3
20276.5
25730.3
20319.7
21737.2
17137.7
18057.8
26376.4
30824.6
20609.3
27690.4
15942.6
33575.7
33335.4
20650.8
18597.1
18415.8
22894.5
30843.8
19807.6
20516
19515.3
10753.3
26358.4
35793.5
30885.8
20885.8
26224.3
20474.1
29171.4
43798.8
22668.8
32889.1
20361.5
22880
50487
34561.2
32279.5
24067.2
22825.6
26583.2
40505.2
28511.4
31624.8
24313.7
28096.7
26140.6
28319.6
41377
26374.4
32289.4
43132.4
18600.1
24756.2
36166.1
25092.2
30393.9
21919.9
31899.3
27915.8
31447.8
36891.7
36335.4
22754.7
36624.9
23884.2
29215.7
39439.1
25905.2
26950.7
29465.5
20317.4
35695.3
32254
23885.4
25042.7
25189.1
20539
34164.7
26741.6
21428.1
17670.3
20154.6
29073
27586.2
25534.3
18886.5
13252.5
29024.4
15043.7
25875.4
18841.1
24318.2
15728
17715.5
31373.4
27732.2
17073.4
12842.6
16447.2
19644.9
22771.8
25367.4
23027
18563.3
15959.2
27393.4
21713.5
33610.3
20045.5
23326.5
20541.4
15215.1
27532
19825.1
12669.2
15755.1
15583.8
28069.5
23034.9
17904.8
21432.7
20895.2
22301.4
24142.2
26299
13041.9
24855
15733.1
14248
24252.7
22283.8
28552.6
19027.7
12460.5
21386.4
36382.9
18148.7
21266.2
24657.1
17139.2
31866.6
18586.4
23339
20275.1
18021
23140.6
24667.1
27253.6
22839
11880.4
14999.5
24164.2
20092.6
33127.1
22449.3
18783
15856.6
25522.2
30405.3
25127.1
20048.7
14923.2
18529.2
19886.9
27627.4
17675.8
14114.1
14181.9
20231.1
29177.5
23972
21758.7
15293.3
23581.8
24189.7
33257
20436.4
20486.9
19757
23343.9
27688.7
31767.9
19707.3
26407.3
20188.2
15465.2
20724
22739.9
22795.9
13659.6
27833.2
21429.2
19367.5
19464
22136.8
18445.2
30305
26636.2
23898.3
19394.5
20243.7
31078.6
15972
16358.6
16341.4
32583
23815.3
27736.5
17807.5
21764.9
23695.6
28067.1
24564.5
27874.1
18262.2
27516
29972.4
31956.6
30232.6
22830.7
14049.5
24915.6
27883.7
31078.5
25016.8
21352.6
29997
24066.6
31990
22376
24945.3
39329.7
19817.4
25481.2
19831.7
38384.1
30453.4
34588.3
25868.1
30699.4
29221
19630.1
25730.6
24040.5
36770.6
21992.1
20763.8
34349.6
30441.6
31723.5
20185.8
26795.9
16315.4
20412.8
29160.5
25790
27149.5
26714.3
27182
24098.5
23756.6
17468.5
17049.8
28989.7
19388.7
21932.2
18385.4
21827.6
33094.5
23271.2
24970.9
16358.2
28374.5
27639.5
16050.9
27588.9
25448.3
31776.5
28549
18927
38522.2
23555.7
15250.2
22542.6
27091.4
20527.8
27765.6
25059.1
32241.1
25792.5
18335
21755.7
20437.1
42956.4
27804
30892.4
29008.7
20230.2
21496.4
20343
26831.5
31365.9
29286.7
22708.3
31342.4
24954
26820.6
31221.4
42717.5
18297.1
34802.5
25562.6
28761.4
22629
25039.1
29926.5
23733.4
22074.6
24254.7
23245.4
26929.1
21214.7
26678.2
23633.1
25335.3
22721.4
26421.8
20543.7
26605.4
28454.7
28006.1
24698.6
23590.9
29445.2
26588.9
22874
31425
24538.5
21074.6
24252.5
26390.6
31436.6
26493.7
23313.1
27287.6
20290.2
26997.9
18165.8
22328.4
34123.7
27420.5
22289.8
34824.8
20201.7
19540.8
32364.8
23920.8
23142.5
23209.9
26301
25974.6
30674.2
19898.6
26854.2
26469.8
25729.7
26715.5
24306.9
26287.3
35318.2
17901
29439.1
25643.8
18863.4
34331.8
31972.6
27779.4
33585
32167.3
26605.4
27927
26161.7
24598.5
29036.2
24074.5
40348.9
29179.6
34294.2
24215.8
26045
30689.9
28966.3
32830.6
29602.8
26809.4
16151
23326.5
36920
25987.5
44520
21401.2
22590.8
27339.3
26396.3
25159.2
48637.5
27441.8
22925.5
23784.1
22912.5
24697.4
26102.5
45503
30536.4
13669.8
27851.4
20692.4
22584.6
27163.3
18199.8
16566.5
31810.2
18440.6
28427.8
23044.6
30144.2
31595.5
23149.4
24912.8
27667.8
37542
24303
21832.6
42591.2
29203.8
14874.1
22846.2
34462.2
24194.3
23531.1
32968
19076.8
25014.2
31326
38529
32524.6
21670.8
29478.9
14224.9
21867.5
34368.9
33798.6
37674.2
16903.9
20329.9
31811.8
17392.2
25329.5
19662.4
26111.8
23055.1
35250.8
28350.4
15172.6
27658.3
24263.6
28833.1
36652.5
24757.7
18401.1
24567.5
27699.4
24588.8
18797.6
29227
23673.8
30001.1
20228.1
21947.3
22407.8
16142
21563.5
18242.6
29409.9
30093.5
22440.2
16430.2
14941.5
17422.4
32328.5
19779.9
20150.2
22085.7
19993.5
24064.6
25427.2
29720.6
17568.3
13114.6
13912.3
23633.8
20921.5
20502.3
21647.8
20708.1
12814.8
27920.7
31087.8
20904.8
15853.9
20553.6
14010.5
20180.9
24261.4
27451
17940.7
25883.5
25434.4
16701.4
33582.9
17441.4
22442.2
24634.6
22387.5
17601.6
26752.3
17068.2
30101.8
15873.1
23554.2
31662
24106.9
31100.9
28034.2
21118.2
19936.2
23997.1
32684.7
42717.6
25962.5
33031.8
30903
22265
37643
21197.8
39110.5
43235.7
22326.8
35903.7
31571.6
25654.3
32915.4
22234.6
38038.1
33964.1
29421.9
21533.8
32741.5
26887
24667.3
29613.3
25983.4
26218.4
29663.5
44653.2
32426.6
27822.5
36657.9
34526.4
19475.7
29475.6
31955.4
32894.6
21825.8
27742.9
30362.6
31412.5
27200.1
31354.3
22694.9
20788.5
37117.8
28247.6
28175.1
27369.2
17386.6
25005.1
27094.9
23389.5
30571.9
23620.8
21264.7
28197.8
23442
28989.4
30951.9
27983.8
29560.9
20912.7
32928.2
24007.1
23859.9
25514.6
25451.3
27721
37886.1
19898.8
16804.2
22876.7
31922.7
19308.2
43446.7
47536.8
25477.5
20940
20333.4
32957.9
21690.5
32030.1
35193.4
28167.2
18643.4
24469.8
18315.2
30994.9
29304.1
36283.4
30127.4
21539.4
22547.8
47492.5
22866.9
37476.6
24902.7
15003.9
26473.7
30680.2
28489
43047
18396.6
30583.8
21197.9
32026.2
16567.7
27349.9
29241.1
29946.6
17419.8
43567
27703.9
21756.2
30002.2
30458.8
18297.1
21461.3
28689.8
36988.1
16238.5
22457.1
21911.9
40878.3
23834.2
28725.8
23597.3
35577.4
29590
21434.5
41565.8
23557.7
29845.8
22612
22859.1
17882.1
17244
27067.5
21202.3
29620.9
25596.8
34910.5
28046
23887.4
16669.3
23781.3
37429.2
30450.6
23637
19051.9
16255.3
26296.6
23289.1
24708.7
37895.7
32797.2
27155.2
16807
22404.1
26542.7
22012.2
22915.3
36326.7
34619.8
26198.9
20141.9
38429.1
34360
30860.2
22793.7
25934.2
26284
25493.6
39658
25490.5
27340.4
18701.1
23104.4
27169.9
32627.5
31841.7
25170.6
18461.4
24095.8
39879.6
44197.4
22556.8
28126.6
21975.9
17260.5
33465.1
23844.8
26457.3
27959.7
14853.1
31890
30506.7
41326.2
21397
33783.6
27292.6
16396.2
23714
31163
27424.4
18714.2
16249.8
23666
20165
19926.4
21940.2
25552.9
23491.8
29971.3
20106.2
16413.8
20370
23954.6
23326.5
25641.3
25103.1
13340.8
34849.2
28507
19831.2
23919.9
24912
27379.2
19684.8
17776.7
29273
24881.4
16988.4
23790.2
14988.9
18266.9
29166.6
15680.1
19723.4
14327.9
15460.1
23514.8
26956.2
20098.1
23399.4
11065.5
22811.5
34693
21678.5
19728.4
22859.6
31516.7
21419.2
39927.5
36335
14801.6
31841.1
17094.4
22826
32574.2
14905.4
16363.2
23074.2
27860.3
27505.8
18521.1
16785.9
32608.3
19137.4
27799.5
34966.6
16733.9
22138.8
30189.4
20841.8
26239.8
24374.8
29064.2
30799.4
23596
30655.1
22770.5
16101.8
20148.6
23740.6
25174.9
18529.7
21853.8
17278.2
26421.9
21297.1
24272.9
20246.7
33181.8
33587.1
29814.6
30882.9
18061.8
17949.4
21607.8
29717.4
32051.2
17396.1
27377.4
25711
32693.8
23681.8
26867.1
23562.3
23924.2
13761.6
40116.8
23198.6
30579.6
16509.2
22419.3
18079.3
22805.4
25252.2
23159.1
29839.7
18074.6
26373.8
22794.6
28999
30460.6
14347.4
22074.4
20195
20432.6
32695.6
26280.2
16261.7
24468.5
29131.4
27771.5
18346.7
24139.4
24198.7
24599.4
21329
25714.6
21166.1
27529.2
14054.5
25143.6
42073.6
32501
12332
24274.1
27523.1
25516.4
21215.9
23254.2
19297.6
27114.3
18902.9
23379.2
25135.6
16361.3
20019.8
24334.6
15407.4
27496.6
26421.8
31428
24281.3
24170.5
16590.6
14433.9
21439.1
27599.7
22431
27665
20869.9
13990.3
17285.8
23245
21365.9
10232.6
29431.2
14239.2
17345.1
17121.7
26721.1
15834.8
31925
16331.8
12736.2
17591.3
22204.4
15213
23811.6
19557.1
17895.2
19386.3
21735.8
17684.3
23069
18773.7
23708
18104.4
21405.9
27442.7
23666
23101.1
21384.9
9663.28
19425.3
26186.9
20338.4
18667.8
18677.4
20075.7
18776.6
22026.6
28864.5
16646.2
19327.6
14354.6
16513.4
29244.6
24492.2
15715.2
14859.8
15402.1
19263.4
23728.8
21823
20581.7
23660.6
15608
20869.4
23111.7
17904.5
21511.4
25315.5
19543.6
22471.6
22097.7
20939.1
21915
22492.6
23545.8
30579
23485.6
23220.8
20248.1
26917.8
17756.6
28936.8
23055.2
38263.1
18143.4
22389.8
30564.5
31739.1
20392.5
29811.8
34058.1
24213.4
30357.5
23846.6
20074.9
21564.3
14460.4
30833.8
39440.2
22652.4
23101.9
18224.1
20111.7
26054.5
23917.4
25272.8
14745.1
13062.9
20937
34348.5
24720.1
37008.1
23903.9
27613.1
25465.2
14531.2
25530.3
28957.3
24159
25877.7
14158.9
17190.7
29187.6
20015.9
30405
16557.5
29802.2
22509.3
38189.5
26614.3
15580.7
23426.6
24571.9
17300.2
18247.5
23805.4
23625.9
19404.6
25591.8
16195
15545
20083.4
26690.2
28095.6
27714.6
12627.4
21515
17513.4
20964.5
17877.9
19651.4
13645.2
22748.1
29318.8
21119.2
16909.7
19677.4
17258.9
25851.4
23791.4
27142.6
19480.6
18637.7
17181.6
12528.2
33556.8
29963.1
23142.6
29981.7
22691.8
12879.5
27591.6
26179.9
23588.7
21998.2
16509.1
25102.2
23549.1
35995.9
22601.3
11793.1
19807.6
19389.4
22931.8
21039.2
17042.6
19475.4
17190
15961.7
26667
27918.2
23904
23093
32498.2
16899
30235.3
16680.1
19824.8
21374.8
29828.6
26205.9
17048.6
14060.1
11345.5
31241.3
25954.1
28531.7
31217.2
14844.4
13736
15161.4
25646.7
23944.2
19019
26054.4
18943.9
19022.4
33379
29145.3
20450.3
17921.3
20807.3
19507
27194.5
12097.5
19800.6
17705.5
18206.7
29149.6
19893.7
47548.1
24068.1
25872.1
17902.1
21367
23096.5
25043.4
31484.2
22735.1
15313.4
31620.1
13506.8
20143.8
17587.4
38129.3
24942.4
14704
27631.6
24719
10682.5
25591.8
25378
25056.4
25986.2
23076.6
18514.5
17541.9
24176.2
28720.6
19283.4
28835.4
18279.4
24090
19855.5
21273
23182.6
19614.4
38372
26212.9
27249.5
30704.8
24185.4
28225.4
25775.5
25191.8
42136.6
21238.8
35716.6
20260.8
22079.7
25838.9
20595.4
24937
29188.6
23345.8
19841.4
17304.2
38026.2
26449
24237.8
33337
17748.1
20642.3
26432.2
28635.5
16627
31977.5
30495
18251.2
29061.8
24829.4
26632.1
28317.4
17252.1
23195.8
17200.2
28637.5
21893.8
34308.6
26298.6
22360.4
22679.4
23847.3
20984.8
23423
22535.2
20953.1
32593.7
13157.4
25660.1
28776.2
26090.4
25729
26218
29813
24505.2
25804.9
31514.7
37556.4
30358.7
22171.4
28191.2
25888.6
29690.3
22470.4
24897.8
24671.5
23299.9
18570.2
23596.9
31265.2
23037
21169.2
39048.3
24998.5
25622.2
19029.2
25993.4
14635.9
23206.2
36466.8
26134.3
23098.8
31138.1
31158.6
28458.9
21029.8
21667.6
18727.8
23346.8
19952.6
28848
25118.5
34733.6
26473.3
21091.4
30199.8
19030.1
23849.5
27955.9
17186.2
25944.6
31286.1
30754.4
28506.6
13833.8
24625.7
26074.6
29051.1
25029.9
32282.6
23619.5
19182.9
18680.6
37769.5
33562.3
20647.6
19096.1
19871.4
30917.8
22858.9
35015.5
25815.6
40247.3
20386.6
25451.3
30246.2
24189.8
20542.2
24956.2
27425.8
24464.3
25797.4
18660.3
26970.3
26987.4
41456
18341.4
27676.2
21627.8
16828.3
22607.5
14047
35703.8
26697.3
22707.7
19034.9
25134.5
14142.4
31986
32405.2
30690.6
20200.9
25292.3
17130.7
26928.9
21943.8
29230.6
19155
23950.9
27413.3
37038
28112.5
17642.2
28743.7
28164.7
32015.7
24002.4
19723.2
31101.3
23892.6
22076.2
29772.2
26499.8
22835.5
39322.8
23899.7
26503.4
27144.1
17751.3
15603.2
22453.7
20995.4
15685
35525.9
18245
28622.2
46721.3
21739.4
20058.9
18714.7
21705.8
23927.7
18193.2
23297.4
26407.4
23196.8
17679.6
17506.3
26297.8
20882.4
15880.2
27420.2
24823
23652.8
19749.9
27459.7
24609.1
36459.4
17354.9
34809
27825
21433.8
34841.8
22276.9
29072.2
15066.4
21163.6
14932.3
21813
29035.8
23856.6
26124
26812.7
13733.5
18601.9
40212.5
31523.2
25928.4
24006.5
22465.5
20667
37502.9
29501.2
26939.8
18994.3
23526.6
29424
26850.6
23380.2
17749.1
16505.8
16870.3
20366.2
18590.3
15559.1
40373.1
13271.4
18756.2
32687.1
27774.4
17377.6
30803.9
22005
13621.9
19706.2
26829.7
23631
27314.2
22674.9
29114.6
25478.2
24032.6
28010.3
19038.4
17782.3
30461.5
26594.3
22133.9
18664.4
21463.6
28507.8
22653.6
33033.1
26463.1
21343.2
35544.4
17010.2
28120.7
22963.3
33146.7
31809.3
18860.2
25820.8
24539.8
18931.1
30785.5
22658.6
14104.2
23684.3
13968.9
15925.7
21079.1
31363.5
12893.5
15483
24667.4
18426.5
19534.2
24249
9010.48
15173.5
26661.4
19471.5
38926.7
17638
13058.8
10754.8
25346.2
22603
17489
20455.2
20633.5
23834.9
23493.1
20406.1
18879.4
30000.2
23819.9
33623.6
37140.9
29976.3
25918.6
35997.8
28326.5
18756.1
28363
32134.2
31895.6
21819.5
23317.4
28391.4
19544.2
21351.8
40829.7
28664
11941.7
25170.6
23835.2
19510.7
27160.2
19667.4
16214.2
30461.6
22977.2
20674.8
30197.6
13744.7
22266.6
20275.5
21978.3
22895.1
12134.7
20787
21753.2
19533.8
17958.8
17665.7
18860.4
26276.6
18283.3
24703.2
16861.8
22725.6
19293.9
18435.7
30214.2
28227.8
16238
18748.5
29720.6
22296
30163.8
37663.8
33933.7
19827
25549.2
18879.4
20144.6
29784.8
23631.1
17327.5
18594.1
23286.6
24664.5
24983.9
15922.4
19798
22993.4
28639.3
40703.5
26211.8
35254.8
20565
24958.6
23608.5
29311
31250.4
34849
32491.8
27773.4
21665
22484.4
30589.4
20549.9
32588.5
23783.7
24851.8
28277.9
17316.2
20327.9
34905.9
20408.8
20026.6
31320.2
23085.3
34412.1
31442.1
17018.9
21038.3
23039
25172.2
13825.7
32250.6
19249.1
24437.4
23920.7
17608
38831.4
21893.8
18431.2
21162.5
18936.5
15902.1
24821.9
27246.2
14234.6
30428.1
13797
14131
18000.3
12803.8
19640.3
16796
28886.3
29598.8
28934.8
19085.4
16716.7
19322.8
14868
22404
23017.3
30052.6
23250.5
27824.2
20865.5
24952.8
32251.8
21092.2
25015.8
17243.4
29999.4
14476.1
26382.3
15365.8
25293.5
17005.5
19476.9
19945.7
21842.5
16415.7
23382.8
19086.6
24107
25901.8
22848.3
25476.4
24746.6
16971.7
22113.5
37191.3
21673.9
24544.3
20377.3
21591.6
37269.6
22504.2
27213
52317.3
23898.9
31074.9
29309.1
26643.2
26902.8
26863
38203.9
28553.5
17935.3
11754.2
23311.7
17123
29376.3
24838.3
13877
16206
13884.4
27545
32369
23715.8
14518.2
18611
20189.8
17695
23797.4
30441.4
16701.8
11174.7
32030.3
21222.9
30637.4
32405.1
27758
26520.1
39323.8
29237.1
25418.7
28592.9
26172
22605
21592.4
21839.4
29958
38229.5
33037.3
23256.8
26687.5
25678.6
25587.5
35359.1
26127.4
18655.5
18530.4
22729.4
26339.1
26949.5
23355
24607
31367.5
17577.2
22138.3
13632.9
25952.5
22832.3
24777
15765.5
20559
14763.3
20460.6
22979.3
13968.8
24419.8
16018.6
19306.3
30591.3
23390.8
22158.1
16998.7
20019.3
16696.8
21295.3
33643.2
22165.8
26811
12890.1
19245.4
21047.1
34809.6
27117.4
14184.2
31572.1
25706.8
28597
29501
14286.2
18108.8
22973.1
34790.7
23576.2
26645.9
37500.6
23408
19717.1
25321.8
19127.7
35580.9
22120.9
22426.1
22238.9
20508.2
21332
24252.2
31574.1
23986.6
32585.4
23837.8
19237.8
23573.6
24307.5
26511
35854
28109.5
31407.8
21405.4
19112.7
34601
35486.7
28916.6
27982.7
28680.3
32449.4
32245.7
26987.8
32356.9
38139.3
36564.2
19117.3
34393.2
33704.3
30329.4
32526.9
18448.6
33011
35601.3
28144.6
36255.4
39905.4
27609.8
33775.5
23583.2
31200
36094.2
26796.4
21773.4
30514.5
21327.8
23702.2
20790.9
25030.1
23548.9
39506.6
17062.1
32296.5
18027.6
22676.8
20654.8
43410.6
31020.7
17346
30350.3
33839.4
22846.2
35202.7
26170.9
19384.3
23097
22661.9
41164.3
24162.6
21179
19721.8
31906.1
25813.4
23554.3
29800.1
27285.6
21096.8
25461.8
17837.4
23124.6
31229.8
32521.8
30370.1
25555
15208.4
22238.8
38149.7
29878.7
41113.4
27641.2
15271
18935.8
41424.3
30074.6
28411.6
32197.6
27752.4
23055
29246.2
34284.2
43835.6
23577.7
19173.2
18125.7
20007.9
30791
42681.3
34746.2
26453.1
13855.8
20242.2
24992.6
26688
26700.2
31965.8
16655.4
37141.9
16430.2
21547.2
25520.4
29148.8
21974.2
28694.6
26682.9
33921.5
27221.4
31783.6
18740.5
17186.6
22097.7
19020.2
17628.4
29269.3
17352.4
22822.2
22132.6
24752.9
22354.6
18500.6
26126.3
25804.2
35722.1
15361.2
22051.3
26489.7
21282.2
24448.9
28163
20434
12897
20571.5
19851.5
34054.7
29613.7
23460.3
15898.2
15083.5
21207.6
18019.5
27037.1
20284.6
21395.6
9036.24
23741.6
13616.6
29934.4
18663.6
36517.7
14876
13103.8
15161.4
28967.9
14927.5
25289
24320.1
19678.7
27393.7
22991.8
22356
30909.4
28768.1
23197.7
24037.4
26192.8
25145.5
19761.3
25585
35954.9
27850.1
26233.9
20637.1
25085.5
25487.4
34971.5
28370.2
23040.3
21749.6
18398
19868.6
17487.3
24786.5
22807
21689.2
49286.1
24283.8
24360.8
26667.4
14879
17870.1
40823.5
26525.8
19998.6
33641.4
17154.6
39528.7
22916.6
26310.2
23562.4
27224.7
27297.8
29587.4
25848.9
16125
26264.2
17388.3
28931.9
32444.3
35958
25512.5
16868.9
21587.5
15035.5
25332.4
26628.2
22251
14634.2
14818.2
18283.8
18904
26990.3
22208.3
13273.8
31094.6
21021
17953.8
21280.9
25181.8
22297.4
18093.4
18004.6
23040.3
20545.9
28610.9
14811.2
23569.9
16679.5
16837.9
28597.8
16794.6
18790.2
18871
18926.1
22614.3
17435.4
11243.5
25536.9
16476.8
11425.4
17932.2
20813
31584.7
14864.8
22947.9
29276.2
22092.7
21413.2
29338.2
21949.8
34137
22907.2
17112.7
28242.2
20783.8
21547.3
35254.9
28902.6
25955.5
16637.7
28185
26341
27687.8
23307.8
35378.7
21283.5
23998.2
26949.9
16873.4
15185.7
22538.4
26425.7
22791.8
23065
20604.4
14797
23123.1
44146
25332.9
23423.1
18429
24763.4
20659.7
21203.8
30932.2
26729.6
20587.1
18170.8
28578.3
22647
20129.9
26003.7
16766.1
22063.3
31999.4
18696.6
25839.2
35516.6
16622.9
12499.3
27688.6
17428.5
22082.8
23652.4
24655
18148.2
21099.6
17806.7
27432.3
11814.6
14740.2
31561.7
23028.1
15087.4
29032.1
22901
15333.1
18831.7
19289.3
22642.9
28186.3
18844.7
20534.7
32309.4
18322.7
24157.2
23425.3
11278.9
32128.3
26838
25045
25532.6
20211.5
17418.6
17456.1
27847.2
16730.9
21723.4
28713.2
29518.1
16941.7
46337.6
23477.9
25187.8
25608.8
22976.5
18746.7
29223.3
19937.5
23251.8
25431.8
23062.5
20503.3
23191.3
8287.68
22500.6
13432.7
29158.4
19763.2
21101.9
30608.6
25038.6
14606.3
20214.3
15761.1
25577.9
36387.4
18971.3
32098.6
25736.2
22652.2
21545.8
15493.8
22062.4
27778.2
24363
18875.7
28113.2
21116.8
21962.6
26524.2
37281.7
16485.8
25326.5
19613.3
21757.8
26233.4
23792.3
31823.2
17698.8
31368.9
20157
23463.8
22974.4
33381
29050.2
26511.8
21981.2
17211.1
26568.8
20072.6
22983.7
32798.2
30781
37103.6
19201.4
18010.6
31079.8
16385.8
32020.6
30691.9
40187.4
30197.5
22510.1
39253.8
24156.2
24268.7
28191.6
15703.1
17253.6
31828.6
26779.9
27152.7
26354.3
22289.4
34487.2
29858.7
33025.8
28822.4
23047.2
19784.7
16743.3
16452.8
24717.1
26386.9
27879
22775.6
16753.8
32461
25552.6
28103.1
21287.7
23370
23557.4
17102.2
27091.6
41229.9
15663.4
16800.5
18497.9
17543.9
24430.4
27330.3
25584.4
17727.6
22707.8
26145.3
15800.6
14055
29533.4
31774.7
17828.5
26630.6
21624.8
17989
24321.8
38320.9
19121.1
14065.6
24764.6
32317.1
27419.4
18640.2
35966.9
12405.7
24928.2
17765.7
24179.4
28630
19801.4
20399.8
20341
41718.3
32816.6
21902.6
30868
14366
19385.1
34734.6
17518
22637.6
17733.8
21087
18038.4
25551.6
20889.6
24445.7
18540.5
23233.6
29736
36359.6
16262.2
20975.5
38651.8
19864.2
18250.6
25856.3
17407.4
29008.2
24656.2
24765.8
17866.8
24938.5
18537.9
21488.8
27852.1
15155
25583.3
24211.5
17888.6
41601.3
24729.9
25831.9
25114.9
30904.6
15142.1
29777.4
21144.7
25853.1
21105.7
25703.8
23283.8
19125.8
36690.2
38496.4
27670.8
24594.1
34574.8
20793.3
31810.4
24395.5
22785
24802.5
21761.4
39851.3
30339.8
19009.6
25705.9
40528.1
39494.2
22125.2
31665.8
22799
20498.6
21344
29172.9
26231.8
25737.4
25326.6
30198.9
27036.3
26427.5
18689.2
22289.9
22955.4
40360.8
18715.6
26401
20622.2
33701.1
32183.9
43398.8
19196.1
22636.2
23115.2
19009.4
31485.8
25822.5
18375.8
21657
22585
31994
30411.4
39628.2
23058.1
22858.1
23433.8
29991.4
25248.3
33324.6
32471.8
21266.2
26297.3
26629.5
29953.8
34661.6
29208.5
26038.3
31167
25798.6
31020.1
21717.6
20616.2
28553.4
26382.6
36096.8
27365.3
34807
19413.8
20048.6
26411
41179.9
19397
25691.7
19866.5
20545.4
27053
33711.2
27386.4
25935.4
31374.6
27361.5
28018.2
18833.5
28592.2
40057.8
37190.9
16166.9
23570.6
24925.5
27866.6
26169
39273.7
23234.1
24146.5
16471.4
31409.7
25233.8
24633.4
19824.2
31041.4
33098.8
25550.1
31006.4
22563.4
17181.8
27855
26728.9
21403.6
17279
21462.2
17268.5
29365.8
28742.2
26191.7
20207.2
23949
17773.7
18718.1
15432.4
26337.4
23727.2
24354
19775.8
23394.2
35977.4
30749.1
25523.6
20852.4
21313.8
33263.1
35425.3
27158.6
21030.3
22928.3
27851.9
26892.4
36487.2
18321.7
18290.4
17161.8
32226.1
28718.6
30442.1
27242.5
20999.2
21363.5
28265.1
29564.5
16627.4
17267.7
14505.8
28210.4
37966.2
29692.2
24156.4
23876.2
22731.6
26502.5
34988.3
16633
34205
21613.2
19425.9
18058.9
25313.2
13961.6
21963.8
30812.8
23927.6
22182.5
18769.1
17998.1
33116
27676.6
17971.4
23663.8
18318.2
34332.1
25875.1
16204.8
21574.7
23895.9
12136.3
26760.5
15397
21483.9
31157
27585.1
15375.2
26871.3
22155.4
19747.9
18606.3
21031.8
23487.2
20584.6
26068.1
20661
10844.8
26390.7
21860.1
25914.5
32712
22731.3
19855.5
18197.9
22024.2
21108.6
18258.1
28757
21925.7
25249.5
24348.6
18143.3
26107.4
20225.9
13415.2
21569.3
24451.5
30649.6
28639.3
24201.2
21565.1
15505.4
37162.2
24752.2
34869.4
15597.5
19210.8
30624.6
14652.2
25892.6
35665.8
19283.4
20794.6
28440.9
15410.2
17020.7
40736.6
23363.4
25699.4
20372.2
27370.9
26071.4
29676.6
13563.8
24092.6
19581.7
18752.6
28230.3
18305.2
24690.7
22609.1
20326.3
19107.8
23151.5
20538.3
25400.2
30445.3
18252.3
19259.1
16555.1
22876.2
19279.1
32138.2
27538.9
21879.7
22956.7
14014.9
19932.5
28528.4
28374.8
14538.9
32035.7
15688
23730.6
21693.4
19139.4
28927.6
23368.4
22428.5
19368.7
22163
25198.7
29882
17303.1
15906
17846.1
37397.4
27315.9
16172.2
23851.4
20464.7
18050.2
28233.5
20425.9
31686.9
13711.8
19097
28505
18147.4
25900.6
23158.7
10595
26047.7
26747.7
20779.8
18077.7
14251.5
17401.4
24091.4
28250.8
22370.8
21895
14549.4
22205.3
11672
17702.8
32409
21808.6
22624.8
17343.8
16366.3
31565.4
38676
17020.2
20837
22855.1
17621.5
33097.8
37761.6
23924.2
16223.6
25520.1
18576.2
31565.9
20216.7
27850.9
17700.6
23465
16614.6
21859.1
35538.2
25015.8
18922
28306.7
27470.6
29247.9
38083
31403.8
25696.4
30312.1
39504.3
15543.4
22484.2
32142
32247.1
32110.8
19220.4
26566.2
51239.3
32708.8
25343.2
25090.9
17048.6
26063
37006.3
29105
41783.2
21084.7
39389.2
18834.5
30345
32136.6
35486.6
23400.2
26632.5
25545.4
31441.4
35309.5
27164.9
26429.6
27840.2
30518.3
30309.9
30014.6
26569.6
23827.1
30397.4
36865.8
22711
35038.9
19329.9
44058
26536.2
24137.4
36709
16561.4
34483.8
22540.2
32836
16422
36965.3
25383
22843.4
32521.8
34735.5
26428.1
19378
30907.1
27205.4
21654.8
26813.8
25945.7
39552.5
27002.1
37747.3
25923.6
27044
20938.8
26699.8
26878
36549.8
21488.2
26954.9
30349.3
29053.2
28466.7
35476.1
24073
20966.2
30193.4
40538.8
42075.8
27173.6
35163.6
30723.5
26641.4
31150.6
32708
37569.9
32717.7
52335.8
30292.6
21951.8
31709.5
27049.8
33475.4
29483.5
18094.6
23746.2
34988.7
25666.1
36802.1
22683.9
28580.2
22584.2
29091.8
33074.2
26651
41934.2
22467.7
19930.3
24036.9
34249.7
29843
32804.2
30423.4
17602.2
22035.3
29473
31794
23203.6
28717.8
21032.2
31505
23981.2
28229.7
31103.4
25738.7
21385.6
32148.1
27300.5
17897.7
23140.7
29810.8
41374.5
35855.8
18091.4
18694.3
26233.5
18933.1
34200.4
28793
23948.1
24830.2
23004
12509.9
28527.1
22322.8
16116.2
23900.3
24388.6
23654.1
28295.3
21486.6
19609.2
28631.7
28712
24230.5
29612.6
28019
18674.5
17242.2
27778.6
23936.7
19861.1
29205.8
12673.3
19089.8
22735.4
23507.8
24880.7
15167.6
20171.4
20531.8
24503.9
26949.1
26806.2
23387.8
40452.6
25754.2
16094.3
21316.6
23893
25997.7
31010.6
11691.8
19821.5
17695.9
20898.3
22200.5
20899.2
28549.2
17004.6
21001
19859.9
20319.2
20434.3
30473.3
32248.6
36319.6
20660.8
31383
14827.7
18781.2
18372.5
22049.8
26236.6
19630.4
24946.9
12427.8
19796.2
30527.7
22469.4
25132.6
26362.5
13986
18725
28028.6
28241.8
28617.8
20710.6
30654.2
27211.9
17213.3
25230.5
27478.6
25462.3
25616.6
27230.2
24210.6
25183.3
26965.7
24771.6
24543.4
26772.4
27027.8
21438.8
18379.5
27762.6
22113.4
21420.7
25478.2
20035.7
28180.6
28826.2
19149
22915.2
24495.2
23677.1
21651.4
15388.7
38972.3
22340.3
33038.4
17543.9
17249
31985.4
21782.1
22874.6
19073.3
23326.2
26127
16853
25962.3
24953.1
29062.2
22918.2
21290.7
24211.6
22285.4
22482.9
24282
24418.5
23433.4
31129.1
25829.9
25313.5
34659.4
18979.6
18369.9
35317.4
26616.9
18990.4
30842.2
26302.6
26396.6
23783
24368.3
26435
26060.6
30047
20629.2
29140.2
30099.8
27082.4
27924.7
23355.4
18785.7
35248
19630.2
22459.3
15051.2
26735.3
35527.4
20337.9
18814.3
16204.9
36488.6
37478.3
18882.6
26442.3
24141.7
27782.1
27631
22832.6
22207.9
32641
26186.9
30245.5
24575.4
28846.2
31906.6
24691.2
22936.2
17326.9
17863.4
11751.4
33788.2
35286.1
29580
33487.8
19801.8
25555
21435.3
34707.2
43563.4
26332.5
28529.3
28536.8
27084.6
36142.2
37277.1
23789.2
24017
19953.9
27957.7
27793.6
20291.7
46437
29224.3
30348.6
37999.2
25020.6
21769
20728.7
21364.9
24030.6
29373.1
25471.7
21000.5
30203.1
22033.3
19009.8
17187.5
33232.7
26585.8
27778.3
31622.6
14360.8
30543.3
20036
27796
34343.7
22059.8
12967.7
31290.6
21835
21948.6
49087.2
27452.6
25414
28319.3
33857.9
23140.6
29275.8
29297.2
29280.8
20270.2
21661.3
35901.8
24553.4
29098.1
35251.6
20868.1
25970.1
21876.6
27826.7
24864.9
24187.1
21972.2
24049.5
30502.3
35781.1
28701
29239.6
19805
25385.6
41748.9
25432.8
26973.4
35784.7
18880.1
25438.8
31393.8
18062.1
22180.6
23110.5
22952.3
14100.9
31469.2
32777.4
16187.8
29855.4
18583.4
18897.8
28599.8
28006.6
26407.8
26244.7
27386.6
23757.3
24953.9
23757.4
23866
24396.2
32693.3
22547.2
22126.2
20579.1
29691.2
35263.9
28359.8
33355.4
16463.9
18255.4
22797.6
30062.2
29635.7
26302.5
18455.6
23681.4
18975.4
19326.7
23318.9
21342
22750
18770.3
17840
26498.7
27717.4
30104.3
22307.1
26704.1
21508.5
26259.4
29939.7
19881.1
23721
19920.6
20806.7
32768.4
24231
22142.7
21963.4
25251.9
20288.2
29469
36131.3
37954.9
29350.6
19356.2
29881.5
14059.8
28375.8
31208.2
24717.1
18934.5
24062.2
18162.3
37558.6
16996.8
24803.4
25900.4
24576.6
22174
26093.5
29386.6
20947.6
27696.7
26500.6
18304.2
30665.4
25294.7
15694.6
18053.6
25938.6
17259.4
19176
24948.1
20834
19978.6
22433.8
30950.5
27436.7
28514.7
30047.8
22224.1
21384.2
21714.6
21067.4
22845.7
33452.2
44086.9
24816
12689.8
18833.3
22954.2
32740.7
19625.4
20210.6
14553.1
20023.1
23101.8
30678.2
26372.2
23714.2
19341
18683.9
19231.1
22430.6
22043.3
18708.2
16924
13083
25327.3
23260.3
29336.5
24840.8
20951.7
13385.8
20202.6
29687.9
24901.4
21713.6
26452.4
15174.6
18372.5
16799.4
15200.6
24280.7
21408.2
36213.7
24379
26465.3
18583
30059.9
17596.3
23544.9
14881.1
19811.1
26887.1
16951.4
13779.9
25204.4
20802.2
17970.6
19995.7
11666.6
25717.8
17435.8
25004.8
16465.8
15624.9
17300.8
21074.8
29612.1
21442.1
19518.2
23908.1
26999
18982.4
25249.8
30779.4
22043.7
17802.4
24617.4
22155.5
23464.1
30555.7
24437.5
25744.4
32941.8
26088.8
18529.6
18593.2
16529.4
24287.5
19270.3
20873.4
18934.6
20343
13385
29664.6
18888
17453.3
29912.2
15843.4
22192.2
23893.5
24165.7
15862.6
23146.2
26471.6
18120.3
27485.8
18478.8
17286.5
21108.8
18413
21988.4
29653
21969.8
18415.7
21723.8
17976.8
19506.8
27037.8
16621.7
13576.8
16413.6
36146.8
29805.4
12508.2
23726.2
35592.2
22503
40529.9
21960.9
27695.7
14907.8
27983.4
35518.2
31379.8
30351.4
33499
31107.3
26284.1
29847.7
19848.7
28524.7
18681.2
31905.1
26878.8
23471.9
18617
28930.2
25872.2
28131.9
23008.1
21895
32789
20953.1
33216.9
29183.9
20781.6
27985.4
33607.5
43666.6
29877.9
21162
22046.6
32066.8
34000.3
37527.1
26364.3
33795.5
18216.2
25923.8
23967.1
21933.4
24009.7
19883.9
22445
23486.6
24115.9
20744.2
21817
22109.6
35614.5
21713.2
21457.6
21156.8
30296
21570.5
19418.2
28347.2
37712.6
21084.2
18216.6
19137.4
40417
15561.7
30777.8
26102.2
22717.9
27792.7
18389.5
22987.9
19671.9
40395.6
21620.1
16987
23397.8
26017.5
29349.4
23700.6
20452.3
27547.2
29568.7
32853.2
30223.4
21083.3
26956.2
27582.8
22904.2
23134.6
31544.8
32464.7
22437.4
24788.8
26901.5
32743.2
44129.1
24931.6
31548.7
21291.7
23435.2
27749.9
24903.5
33997.4
37306.5
31914.9
24793.1
34470.6
19651.9
30843.4
31372.7
35195
29764
31727.2
23798.8
17087.9
36897.1
21812.4
23695.7
27746.4
20145
20576.2
16228.3
30282.6
35188.2
27711
16445.2
17818.4
17333.8
34863.6
28991
21197.5
20294.2
19443
23148.2
28763.1
22562.3
26153
32920.2
15304.2
26633.2
19939.2
24600.6
25427.4
24459.8
19391.7
22980.6
22339.9
24870
27211.1
13936.6
19103
33587.8
22501.8
34136.8
19990.6
21002.6
21862.2
32816.2
18375.4
28726.2
21426
12825.1
28999.3
27725.3
20390.5
24881.8
32627.4
25614.1
22797.1
20991.9
33254.4
16907
32678.6
23856.8
25489.4
22771.7
35641
19716.8
15516.6
27447
12635.7
24193.8
24002.9
26140.9
27279.4
25499
19732.7
25261.3
28217.1
19979
23549.7
18438.6
26885
27781.7
19774
15063.6
18590.8
24979.4
32658.2
15762.9
17975
22409.2
26719.9
24390.5
20589
12759.2
24165.3
14987.4
19746.8
31304.1
23266.7
18563.7
15264.3
25215.8
15519
19575.1
24944.5
18972.3
11117.8
27032.8
21860.9
17286.3
29883
13388.4
37068.7
17045
26275.8
12174.7
22272.4
32303.2
20010.3
24852
13395.4
26001.4
15420.3
21321.2
22434.8
21380.7
27927
16402.8
21045.6
26519.9
29848.1
16207.5
20235.9
23687.4
27045.4
23512.5
17126.2
23028.7
23372.9
20094.8
10488.2
22281.5
8700.72
16775.9
17920.6
25485
23274.2
13482.2
25625.8
21743.4
26569.8
23834.1
15919
22233.6
19801.8
18586.2
19360.3
24831.3
25664.6
17901.6
27637.3
17377.3
16906.1
20059.4
19621.7
14141.8
24531.2
30485.7
31801.1
13456.6
13644.9
21267
26411
20129
32805.8
23060.2
18692.8
27574.4
23541.1
24528.1
23546.5
31214.3
29206.6
36548.5
19773.5
19247.3
31510.8
35013.4
20121.4
15360.3
23863.9
18850.7
19518.1
18106.3
26058.6
25186.3
28831.2
24765.4
22679
13085.6
19913
25717.4
31410.6
24527
23101
14597
12922.9
27884.2
31966.4
30146.6
21513
22567.6
18911.7
17088.8
12189.3
29544.3
19698.9
30043
33514.6
20484.5
18783.2
16782.2
24645.8
27130
19649.4
18430.1
26349.5
14256.8
24943
44175.3
16988.2
14813.5
21591
20269.8
46572.6
28434.3
16131.9
19866.6
22224.3
21879
28905.5
33430.4
32611.2
20346.9
21242.2
37252.1
28857.3
21687.5
24555
29893.1
25379
29852.2
39990.2
25009.6
28897.6
24347.9
17819.8
20588.4
46907.8
22005
23379.6
29237.7
30022.5
28334.9
31714.6
24837.4
24489.8
30078.6
16593.8
26428.6
26215.6
39834.1
24583.2
28415.5
19847.8
34915.5
36143.3
29854.2
35082.2
16841.8
31917
28700.1
38838.6
32213.8
32241.3
46927.5
17958.6
34781.2
28080.4
19228.8
28702.9
25966.1
22112.7
19851.3
31076.3
32773
23380.8
25520.3
42659.4
30308.2
25389.7
23537.5
32915
26043.5
23864.4
19352.6
25587
33819.8
22107
22042.5
24973.8
29742.7
18249.5
28061.6
33449.8
24977.9
18072.6
28952.1
26133
31180.1
28752.8
28522.1
31561.4
18320.9
20279.9
20733.4
32609
29118.7
19067
34970.7
38128.7
13598.7
26845.5
19792.2
23160.2
20586.3
28122.3
35123
23091.3
17002.3
22669.2
21333.8
22391
26014.4
19784.2
26507.4
16761.8
22435.8
26675.4
25585.9
20780.4
24078.7
27095.4
26111.8
26603.2
27873.9
32499.4
17179.6
22542.1
25293.8
23723.2
31809.8
26645.5
11803.8
20959.4
22443.9
33621.3
13118.9
24969.2
17974.1
16002.9
16255.4
18199.7
16798.7
16742.7
24516.3
14839.6
18526.6
19529.8
18587.8
26709.6
29256.6
18107.1
21181.5
21028.8
25344.6
28607.5
20416.3
26832.6
15599.7
31497.2
25874.3
9860.32
16050.9
17401.6
29032.9
29476.5
15616.6
19195.8
25498.9
19373.4
24066.6
23743.6
19101
17816.1
24421.9
19247.4
33624.3
18396
21695.8
19257.8
23800.6
28613.2
22149
10401.4
22194.6
17064.2
15818.6
22521.9
20383.4
15865.4
15415.8
21897.4
20985.9
24038.3
23113.4
20164.9
20533.1
19062.7
25121.2
26127.8
24282.2
24040
16451.2
17054.6
19094.6
29034.6
32881
19667.5
16552.7
24544.6
21364.8
20623.1
19732.6
17594.6
24563.4
24899.3
9713.36
16522.4
19512.7
28751.7
20799.5
24150.7
12263.4
19055.7
17141.1
25640.1
24896.2
24537.1
12391
15290.8
20122.8
20721.1
21259
15413
19497.8
19697.3
15940.6
29737.9
24668.6
22693.6
14311.2
24684.4
21771.4
24034.2
21100.6
13506.1
17077.2
21765.3
23732.5
18669
32201.8
7166.08
16157.2
14080.5
20797.8
17663.4
22346.8
30863.2
16389.4
21632.3
18955.8
34308.3
11618.4
19277.9
18255.5
22269.4
20061.8
17009.7
20143
15916.4
26374
32378.6
24335.7
22575.3
24231.4
18857.2
27301.6
24745.9
29926.1
22691.1
18886.2
25803.8
13357.5
25775.4
30860.2
23534.6
36722
17654.6
33553.8
26711.8
19573.8
37506.2
28754.6
23476.6
24346.3
20038.2
24724.6
28189.4
28745.7
15994.9
19468.1
12195.8
15125.4
15438.6
32378.2
17337.3
24659.1
21019.9
22403.2
15809.1
29893.2
25753.8
17970.3
20951.2
12375.5
23950
18099.5
17197
28641.8
24969.6
24490.6
19616.6
18946.9
26807.4
18299.8
14161.5
29088.3
21443
16883.1
23336.8
28617.3
18964
29290.1
18134
15258.1
20244
16142.6
19885.1
23632.2
27829
27841.1
28091.5
16403
38607.8
14032.1
22905.4
25201.7
15609.3
15566.1
25302.2
25682.7
26288.1
30126.9
18359.2
21099.3
15899.1
26690.6
25341
10239.5
29484.3
19235.4
18355.8
42265.2
27928
22796.3
28642.2
21453.4
14713.5
24092.2
19289.8
26167.7
19321.5
26230.2
31215.4
19948.1
17973.7
15971.5
14070.1
26740.6
23878.6
20734.6
16105
20804.4
16137.2
20633.4
20433.3
29508.3
16598.6
23727.4
22635.4
18920.3
26215.1
27714.7
14792.6
23733.4
16534.9
13095.6
24712.6
23937
21215.2
13393.2
19182.8
21556.6
17548.3
28346.8
20833
23866.8
22762
20248.4
18455.6
25723.8
24317.6
22701.4
27712.1
21161.3
22029.7
26256.5
18366.2
24496
17922.6
30410
33313.6
20807.9
27678.1
24459.5
33674.6
22883
19975.8
31329.1
12062.7
23878.9
27763
27764.4
14964.2
31992
15969.7
23063
24291.9
16499.2
24517.4
27884.9
26325.8
27346.3
22381.8
19109.8
21674.4
22646.7
22415.3
19582.3
23122.5
20159.4
22789.9
33533.1
17421.3
27981.9
15985.9
32482.7
30911
15867
27055.2
30986
23410.6
25035.4
27952.3
15224.1
30429.2
27068.3
22187.7
26373
16212.8
18069.3
26929.2
20238.2
16135.2
36292.2
18850.6
25569.2
26249.3
26245
16633.5
23580.8
36350.8
22296.1
22021.8
23843
22819.3
18245.9
30397.9
21287.8
32440.8
19959.2
14281.9
29681.6
39940.7
30892.5
32693.8
17038.6
43219.2
27844.8
27223.9
46393.7
30333.9
20519.6
31424.1
23206.3
25041
30267.4
24362.2
30939.3
37422.6
32545.4
31814
28846.1
34103.1
21420.6
28581.3
24063.8
38943.8
37491.1
26930.9
44815.8
20244.3
27466.8
35323.5
35884.6
27340.2
23729.1
18467.6
30285
46494.8
37498.3
20534.2
19684
24061.7
26187.4
23028.9
31316.6
32311.4
21568.5
30980.3
23454.2
27506.3
20614.3
26955.4
22697.8
20528.6
31826.2
41746.1
31622.6
24441.8
19831.3
27084.1
21592.4
31373
30317.8
31632.7
35563.3
30670.7
25633.4
32281.1
32871.6
21359.7
30512.5
24560.8
39555.4
33252.9
37023.4
14805.7
40114.7
24467.7
29337.4
25563.4
33035.6
27766.2
19056.6
41651.7
29025.2
34033
22119.9
19928.6
24997.3
31238.7
31633
41002.1
37657.8
45127.6
18738.2
28898.2
34540.1
30135.1
46233.3
39963.3
29907
21917.8
34259.3
34817.7
22184.3
30440.5
26603
31367.4
20506.5
45344.3
28061.7
29148.6
36752.8
31191.5
25104.2
31569
37847.6
33945
29227
17927.2
22843.8
24083.5
32201.4
30234
31469.8
32392.2
24763.4
33788.2
28252.2
27134.6
42863
27438.3
20871.1
25299.7
26445.6
33248.9
26657
25717.2
24825
18365.3
25995
47105.5
23544.9
17373.8
20617.8
24033.7
31656.3
24063.5
25230.7
35335.5
19476.8
20207.1
27726.5
15922.9
22287.3
20426.2
23334.9
28483.8
29298.2
13092.2
31394.5
23182.5
31635.8
20039.6
28003.5
18654
18431.3
34137.2
21283.8
23552.6
17758.6
17003.4
23673.8
22745
29378.6
40862.9
17674.7
20545.8
20389.2
17372.3
30550.5
29954.6
25659.4
26768.4
21516.8
25569.4
21816
17995
18368.6
25988
25506.9
17855.6
31234.8
25740.2
30599.4
16193
26439.1
20870.6
13915.8
15028.2
25059.8
24179.8
23288.5
23500.4
20748.6
22286.2
20398.5
19707.2
23362.6
14993.4
20571.1
25852.7
19047.2
20622.2
21938.2
15734.7
19249.1
15532.2
24292.2
26476.4
21817.2
18056.5
18871.2
25452
27119.8
19598
17667.2
16487.1
18036.7
17147
26995.8
26635.3
23240.2
24534.2
16709.4
14861.8
31992.8
36372.6
21827.8
24275.3
23115
19110.4
19191.7
27407.4
24847
18195.6
30174.8
21560
29018.4
35899.4
16351.6
17083.5
26382.6
42669.5
23732.3
21509.4
29781.6
26801.5
21918.1
34758.6
36720.9
34429.4
46449
28943.4
16758.9
26195.5
43540
20822.7
34195.8
31096.3
30017.5
30739.9
22635.6
33973.8
29143.5
35457.3
33920.4
21123
28968.7
29884.5
21986.2
33575.4
29750.7
24316.4
34314.2
17816.4
30545.1
21637.7
30450.4
33903.4
32536
19167.7
28157.6
37282.5
30105.7
26760.7
41620.7
31325
33304.5
22003.8
24676.1
37236.6
25702.3
29888.7
29299
23049.8
25638.6
21957
32853.8
29802
37406.3
12127.8
27084.3
33711
22212.4
19108.1
27847.6
18965.8
38927.4
28464.7
27719.6
28906.7
23021.6
32509.1
26062.6
23995.9
27496.3
22513.4
31974
30177.2
24771.6
26899.4
34059
24597.8
17914.8
33663.2
27288.5
29629.6
22668.6
34280.6
21927.1
23450.2
33832.2
27611.4
27917.6
25110.4
28069.5
23941.1
32424.5
30622
24132.2
29527
27439.4
19378.5
33581
35899.4
28542.6
25904.5
25832.6
22668.2
34242.9
27944.5
18299.6
18996.2
52063.1
24902.1
35114.6
28493
19421.4
27547.4
39628.6
33300.1
26195.8
29711.6
24033.1
24809.2
27633.6
27092.5
29566.6
20307.1
17367.5
26185.5
30730.7
35491.4
25693.8
32170.2
21157.3
27903.1
24559.3
24576.1
20835.5
20932.4
25646.6
34058.6
31702.3
36195.1
26811.6
28388.1
29615.4
27696.3
18793
17645
29945
41620.6
33495.5
22717
22915
21304.5
57351.9
39745
31917.5
22275.7
24718.1
17896.1
15949.8
29208.6
35228.2
35257.9
17055.4
33173.1
28240.2
20397.2
32678
31977.5
33588.7
37085.8
32356.8
26872.6
36041.6
27023.5
28577.9
29236.9
46825.8
15831.3
26982.7
36719.9
40590
37515.5
34458.6
29084.8
36053.4
25548.1
35997.4
33531.6
30399
23017.5
23902.1
29360.7
26494.6
26337.5
25997.4
19559.8
24724.3
32787.6
22064.6
24021.8
20539.1
34977.6
22693.8
30370.7
21524.4
35618.2
21994.4
23744
19315.4
22376.4
30849.2
27129.8
38261.7
18237.8
17996.6
24295.6
23143.2
19748.2
33511.8
17545.4
23002.3
32428.6
18638.7
38456.8
28309.4
20215.4
36684.5
14460.6
20940.8
33249.8
26896.2
14552.5
24827.5
15725.3
34683.4
28340.9
31573.4
21084.1
18567
26513.4
22714.6
22910
35150.2
29602.6
30119.4
21694.2
34507.4
38199.1
25024.2
31907.9
24839.3
35268.6
21741.4
28877.9
24087.8
18452.6
38667.8
22655.3
20197
31422.2
31117.1
14091.1
25266.7
30181.2
26889.2
19811.9
23898.6
28079
29941.2
17407.7
24863
24844
21989.7
18972.5
21152.4
21946.7
37276.8
31647.4
24870.6
21625.1
32789.8
21800.6
13202.7
31794.5
26284
28180.3
18396.2
23531.4
24274.6
19954.7
31480.6
22080.3
19075.1
25837.4
25304.8
23932.5
34443.3
20490
17370.2
27742.2
42898.6
24755.8
33840.5
17835.5
24685.5
28196.6
24483
45134.3
21694.2
34875.8
29074.9
23705.3
19425
24405.3
20502.6
33864.5
32493.6
18295.2
25237.1
47423.4
17471
27516.6
35950
33323.8
30693.1
44906.6
17490.6
38764.6
25213.7
20899
33394.4
27854.6
43244.3
21122.5
42737.6
21626.2
23969.4
32248.8
39847
34143.2
23281.8
18356.2
19574.8
27288.6
37632.3
32721.8
16210.5
27925.4
19476.6
25152.4
29193.2
43850.5
26153.3
24823.1
30668.5
24318.1
35584
49431.4
35018.1
28722.2
25030
51573.6
37722.8
22645.3
41402.9
36106.2
38813.6
50761.4
45340.2
36491
39136.7
30825
34757.9
36900.9
37868.7
43823
33100.2
25774.6
33278.1
23840.9
33081.6
33410.6
38210.4
43422.7
29989.7
33933.7
28610.8
21017.8
38740.9
32944.8
39012.2
25324.6
33457.8
35193.4
30413.8
37563.1
36195
32312.2
27016.4
25995.5
26450.3
40786.9
32125.4
23040.7
24032.4
33075
34196.6
26889.6
27567.9
48764.5
20458.2
28635.4
22134.5
31443.8
25432
25192.6
28020
37905.7
30762.8
21925.3
39275.5
31169
18843
21136.5
18476.4
27684.6
30978.2
27055.1
21921
19209.5
23472.5
23165
25733
29239
28750.6
18794.2
20031
25920.6
27090.7
24496.2
23493.5
31917.8
12769.9
19622.1
27063.4
20228.7
31695.5
37742.4
22502.4
24281.5
34966.6
21104.5
22450.2
34747
38220.6
38498.9
23615.5
30360.4
22365.3
21552.6
26851
22023.8
34367.3
42505.6
23334.4
26719
36554.2
26573.6
29494.8
37754.6
31243
25017
22411.4
23726.2
21959.5
29234.2
28083.5
19734.4
26417.2
29472.5
27117.8
21035.1
29028
27924.7
19218.7
37765.4
19650.1
28814.2
26209.8
21846.6
21753.4
30263
18256.7
25114.9
26087.1
22210.4
18024.5
21773.3
26741.5
23187.5
16508.6
14480
19893.4
33234.6
20644.6
26136.5
25001.9
24813
31690.9
18605.9
19873.5
36347.6
16519.9
16921.3
27990.7
17220.2
23633.9
24499
12161.4
26245.4
31517
22554.8
20255
18121.5
20813
28932.9
19049.1
17563.4
21974.9
23397
22203.9
27242.2
19137
22041.8
26215.5
17611.2
24070.5
22191.6
11781.8
23957.4
15262
25091.9
18695.1
19306.8
23550.5
29637
20851.4
21507.2
15554.6
24216.6
23946.8
33333.9
18910.1
21129.5
24906.9
15105.3
28621.3
16245.4
36610.4
23125.8
21399.1
28533.6
25868.5
21365.4
24866.6
16494.1
41094.9
18546.2
27177.7
25647.5
24499.5
15397.1
29157
25207.7
22535.8
12145.4
28120.6
21566.1
22926.7
29272.1
20760.5
24934.2
19485.8
17159.1
21003.9
16266.6
36631
17836.8
18471.1
22995.7
25508.2
22443.1
21505.8
22050.2
14008.8
20831
17858.4
19904.6
26152.7
18517
15739.8
20363.8
15865.1
17248.9
18919.8
17837.2
18542.2
23599.3
21836.8
18927.4
25196
21997.1
26090.4
21055.2
24453.2
21193.2
32093.8
28905.2
24330.4
17693.4
13857.4
23391.1
21736.7
31571.1
23581.2
18197
18043
20885.1
19860.6
28732.4
35903.9
33263.1
24519.3
19686.3
18191.8
17093.5
20937.7
28191.1
30613.4
22507.5
30820.8
24827.1
17738.8
27324.7
26596.6
29170.8
14510.6
17499.5
27313.1
18542.9
23498.7
26247.1
27389.4
23812.3
20992.6
21041.8
17057.5
21345.4
20982.2
29178.2
19742
22126.2
25227.6
31562.2
24918.7
19720.4
28257.5
32079.5
26295.8
24254
23819.4
30611.8
20237.8
24129.6
25299.6
22617.4
32963
40219.7
21818
17086
21472.9
22581.2
31971.4
25097.4
27302.4
20418.6
25124
14769.5
24590
15627.6
40929.4
23575.1
17467
35458.8
20861.7
31472.2
21154
21574.3
24003.2
27335
27540.3
28612
29672.5
20698.8
16762.8
20402.5
20176.3
18545.1
25211.2
24367.6
22512.2
20126.5
18262.3
16830.7
24370.6
29965.2
37911.2
18912.8
15531.4
14628.3
40136.3
22251.5
20100.3
29313.4
19353.2
27766.1
23609.6
25697.7
23144.6
26045.1
18214.7
19152.7
27698.9
27024.6
26468.4
13290.9
15078.1
20728.2
27547
31393.7
20754.9
17493.4
18080.9
16242.2
24682.5
21705.2
33757.3
19463.7
14575.9
17134.7
26500.1
30289.4
26432.2
23977.2
19366.5
18613.9
21225.8
20582.9
26389.2
27783.5
13166.7
16915
24076
16351.6
21566.7
15231.3
21424.6
20133.8
31082.1
16097.6
22019.6
21774.5
24628
18689.3
26388.5
22410.9
26456.3
22610.6
20793
29695.6
13804.1
26887.6
28188.7
37098.2
26915.7
31869.8
19908.2
22611.5
25868.2
27171.6
33812.4
35007
26210.3
21439
21905.5
27843.6
39405.2
25207.1
20739.1
27095.4
25562.2
26755
32853.8
34485.4
24367
34558.6
29317.4
21345.4
25634.5
18616.3
24604.8
20701.9
27539.7
34312.4
30044.2
17286
15941.5
15900.6
27199.9
32874.6
28206.2
26950.6
21646.5
19552.9
31663.8
39782.7
34370.7
30862.7
23015.3
17316.6
36035.8
19076.6
37909.9
17897
32241.6
24375.8
29694
25342
25990.6
21492.7
27535.6
56572
19442.2
21845
19543.6
18706.6
26152.2
26201.2
24780.4
23665.6
23112.3
30621.6
27927
19685.3
24838.8
23321
23623.7
37897.2
24369.3
33765.4
21693.6
24069.8
21306.2
34567.9
21521.9
28962.9
21839.8
31510.3
26160
32561.9
26356.8
17232.6
29710.2
29207.8
19161.5
19258.7
30547.8
16063.4
22080.8
37208.3
22334.1
17608.7
27115
31941.7
36894.7
21059
24142.8
15185
19095.5
36655.8
31498.9
39454.7
33021.3
16544.4
29915.7
17081.1
29680.2
34160.2
30646.7
30377.6
30083.1
24501.8
36956.3
24734.3
35738
35102.9
28388.5
40622.8
35068.2
27813.7
22150.6
32980.2
28444.6
32280.2
34087.8
15689.4
20059
28985.5
23937.4
28568.6
31806.6
31294
35043.6
21913.8
25248.2
21131.3
27325.3
30699.8
20225.9
18652.3
19807.2
28094.1
19775.3
29275
36610.8
19449.3
21538.2
16445.4
25128.1
36057.4
25831.3
22506.2
26330.6
27848.8
18806.8
27449.8
25524.2
17370.1
27132.4
29138.1
26388.9
26892.2
25661.4
18143.6
25609.3
31672.7
18389
28914.5
21989.6
24364.5
22278
37774.5
32923.3
31355.2
21069
19298.9
24012.4
29897.3
33713.8
15635.2
19609
14358.5
25023.2
52007.2
35875
22364.5
24431.5
19903.6
27544.7
17293.8
37435.3
28525.3
26374
24899
24011.8
30283
24657.6
27619.5
25063.2
37485.8
21538.8
32314.7
30453.4
17391
25097.4
27970.2
31115.8
30518.2
30333.5
28073.5
21327.2
28517
30883
32374.5
33093.2
28051
35373.7
26921.4
31945.1
22288.1
20877
24627.9
32452
21568.4
33526.1
26858.5
33089.6
32118.4
29319.8
32965.4
27817.4
25614.6
31825.4
21910.2
32211.7
32217.8
16937.2
20782.2
36369.4
23850.5
33714.7
29630.6
15184.7
30294
26616.8
38649.2
42437.2
28580.5
27807.8
26084.6
25358.9
25817.8
43559
26467
26997.8
31174
43944
27313
45789.4
28137.4
19871.5
28326.9
42699.1
22842.4
47269.4
26638.8
42651.9
29941.5
30332.1
33781.9
31153.3
36902.6
30523.5
30309
26603.6
37831.4
30383.4
30444.6
22253.1
31628.8
25693
27895.5
34569.4
28584.1
19415.8
21329.1
28053.7
23340.7
25931.4
30711.1
29598.5
32007.2
31070.8
31304
33025.6
22830.4
32781.5
22846.4
23334.6
23746.9
23234.6
28760.6
23761.6
32540.6
27648.8
27719
28349.7
31838.1
19450.2
21640.6
32583.6
27799.3
25357.4
36476.6
21484.3
20786.4
25065.8
20216.7
16374.2
20475
33935.4
38562.6
17543.4
20260.3
22330.9
20383.9
30767.8
31444.7
13800.5
24667.8
30270.8
22764.6
24593
28099.1
32415.9
30755.8
17181.8
25481.8
25211.4
22030.8
33625.7
28425.1
24304.6
24226.5
18726.6
25155.8
22091.3
33294.7
26293.4
26968.3
25407
13465.8
25267.2
29239.8
38232.5
23856.8
17389.2
20603.8
15942.5
39678.6
32140.8
23531.7
23090.8
20197
23654.7
16102.5
26374.3
24802.6
33854.6
39513.4
23992.8
22257.7
32183.1
22249.8
25458.8
20527.3
25325.9
22558.6
26339
21583.8
19199.7
21614.8
13158.4
24327.1
26452.6
28754.6
30943.7
18909.2
25209.8
33141.2
34495
24373.5
27805.2
18352.6
35101.4
24944.8
30015.9
24360.6
18766.8
26135
26464.9
32455.8
12638.2
25711.8
24403.3
20111
27493.4
28210
17854.6
26633.7
35977.9
26744.2
15169.4
20901.5
21199.3
25366.2
28206.2
17685.5
15679.8
19367.4
24852.2
16597
30533.3
29583.7
17375.4
16307.4
18230.2
21564.5
24067.2
25633.2
14793
19541.2
16137.8
17508.2
17731.9
24429.8
23308.1
26250.5
19066.3
24644.6
26736.7
26189
18809.9
13853.8
25361.8
20750.8
38651
22378.3
20082.6
18459.3
20804.3
16412.9
26426
25148.2
30018.5
14497
26486.6
20629.2
15946.8
31697.3
21147.4
27058.3
29199.2
23575.9
19440.9
28513.5
22965.8
25611
26996.9
22173.9
25876.2
29984.8
21388.2
19346.4
20615.8
15661.2
19519.6
21300.2
27442.2
35608.1
18749.7
18786.2
24032.7
26167.4
31097
22195.1
22328.6
20195.8
26073.1
20799.4
20492.3
27258.8
21581.1
27399.2
28582.9
25783.9
25320.8
22092.2
11352.9
32745.4
17500.1
30897.8
16999
28164.4
22133.8
15257.4
19748.6
24584.1
22261
24970.8
28707.8
25475.2
24901.4
17011.6
27670.7
34323.8
29821.7
34492
32072
10773.5
33181.4
20261
30017.8
25031.8
23115.2
18954.2
20283.4
24518.5
15314.4
34613.8
20266.3
20760
17103.8
28403.8
17672.7
24943.8
23937.8
21875.9
34083
30563.2
22465.5
24994.2
25974.5
24083.8
27990
20560.2
26085
22691.5
27030.6
16969.4
27067.1
24613.2
28056
29791
19575
21442.4
15871.4
24092.1
25294.6
35468.7
17648.6
23373
29893.4
34141
28962.8
34092.8
21288.7
21065.4
28439
26780.4
28189.3
28611
16746.3
25026.7
25393.5
26758.6
31359.5
19841
21743.7
29840.6
26630.2
23347
29064.7
25776
25535.4
31718.8
29315
37641.8
22500.6
19728.2
44497.7
23896.1
28202.4
32522.7
33005.9
34833
30125.8
24369.4
29015.8
35548.7
26781.8
19952.2
28467.3
21952
35641.1
25934.3
27905.1
21814.6
23657.8
27015.2
37800.8
25668.3
38046.2
19926.2
28216.1
33957.1
27670.1
35614.2
28549.7
37630.5
28832
33315.5
30316.5
33293
35948.6
31600.4
42017.8
25934
24885.9
38449.4
33729.8
35719.8
24123.4
30133.8
27678.5
25988.8
45872.7
21703.2
24043
21198.9
26733
25514.3
25916.4
23995.9
24745.2
33193.1
32268.7
33173.9
24282.6
23146.5
46126.5
25435.7
35968.5
32510.2
34861.8
36649.7
26621.5
18789.6
41177.3
33802.6
28865
29794.3
22234
35718.9
31242.8
23478.7
29596.4
17057.1
32519.1
34174.5
29676.4
26579.4
27024.8
32538.7
28695.1
24325.6
21204.8
28287.2
23181.8
32376.2
35625.8
25077.1
24226.6
40054.1
19025.6
27660.8
23791.8
28099.8
33158.6
31358.1
38077.8
27537.4
32739.1
31641.1
26207
25955.4
29784
39947.8
25555.7
24718.2
22699.4
31378.6
26198.3
32318.5
18145.5
23796
30259.6
30807.4
25152.8
24118.8
36865.9
31757.8
20343
26887.3
18897.5
17520.2
35152.6
24369
18875
23473.6
24214.9
19059
25837.5
20338.3
20485
16578.6
23830.7
18016.6
33451.5
15622.6
38235.4
18472.7
21970.1
19434
34280.7
27332
22770.1
16545.4
13523.8
30239.7
28724.6
34745.9
18700.4
26421.8
30225.5
19173.7
28048.2
29552.2
19282.2
13745.8
15550.8
19718.6
30889.5
25096.2
45500.9
18413.4
22419
15005.8
25153.7
21389.3
33522.1
21235
22872.9
15971.4
21765
24293.4
18480
25621.7
17974.6
18721.8
21755.4
28774.9
19548.1
28490.5
27540.3
24393.8
27640.2
21155.8
22420.6
19076
27301.9
22068.8
23149.7
29443
22135.9
19804.9
25165.7
27095.6
16651.8
22188.5
31901.9
29273
21050.1
18160.2
28514.6
23095
23510.5
24787.4
27726.6
32331.8
22706.1
18474.1
25358.9
25404.1
24447
33007
29703.2
32128.6
27138
18124
34352.7
25285.7
17190.1
27995.1
23598.1
31188
33087.8
26467.2
23988.2
27133
31348.2
26139.8
33016
37360.9
25414.6
25064.9
22646.2
30410.3
21402.1
29851.1
21960.4
13753
29168.5
16910.5
30068.8
13804.1
24718.6
18973
22296.1
34930.5
19739.4
29117.4
16107.7
31810
39179.3
29457
19974.4
26948.2
25024.1
24202.3
30861.8
15888.6
27456.2
9376.64
26514.7
23720.2
29849.8
28742.6
18138.6
12113.1
20498.4
26046.2
24970
26317.5
20231.9
26106.6
30258.5
22001.8
21456.3
29233.7
18094.9
14987.1
21470.2
19187.5
18912.5
30021.4
21473.1
19923
17344.4
10806.3
21919.4
29423.6
24134.6
16576.5
20126.3
24718
18628.2
22805.9
24113.9
17018.1
23085.5
21903.9
24732
24050.5
25472.2
25326.6
17777.2
31597.5
30666.2
24348.2
24509.9
16608.8
26098.5
32910.5
25299.3
27368.6
25605.8
15148.9
26717
29039.9
24539.1
25824.5
26198.8
20737.6
30477.1
28999
18811.5
29863.1
23061.3
21339.8
31641.8
26220.1
22982.6
20177.4
30253.5
25941.7
20891.8
24619
32895.4
20461.3
19922.7
27036.1
25083.6
17247.1
23606.2
18032.9
23904.2
31713.7
36472.1
26520.6
25202.6
20472.9
24169.1
31440.5
23419.6
42416.3
29903.9
27296.6
30449.9
21203.9
24214.1
23168.4
29474.1
33587
42130.5
24368.8
20303.9
34051.8
17450.9
31023.6
36427.6
36860.2
23661.9
23347.4
17173.8
21541.6
26668.2
43181.2
27795.3
21056.1
21291.4
18931
30310.6
29529.2
25573
24550.1
23878.1
27109
27082.8
27957.1
35259.7
26858.2
34358.5
21557.8
28143
26131.4
33559.2
15045.6
33173.7
31267.3
29235.4
26540.5
21387.2
29819.6
31465.9
33213.1
30983.8
24749.4
31133
26565.2
31782.8
27047.3
18579.8
24166.9
28437.1
32856.8
29526.6
24702.1
29861.4
25167.5
28638.5
31465
25474.5
24318.4
29506.6
17114.6
47592.7
22504.6
26961
39248
27228.6
14218.6
22633.1
34671.3
34358.2
19021.8
23783.4
28924.7
20911.8
15960.1
38540.1
18333.3
30654.4
25374.4
14209.5
22978.2
25753
20183.9
18216.2
23773.5
26305
22446.2
15196.4
18821
26730.9
26387
32372.1
22952.2
23434
21597.3
19350.1
30588.2
23799.2
26160.3
31654.4
27347.4
29236.4
21137
17841.9
17868.2
30821.8
27235.9
22815.7
23046.5
31068.4
45036.9
20830.8
26854.7
27343.2
26965.4
15271.8
32874.4
34396.9
24383
16706.1
30758.4
28168.6
15070.5
26393.1
20677.5
21103
22089.8
21471
24719.8
28205.8
18409.4
21092.2
15665.3
20221
36644.1
31901.7
40726.6
21702.2
18095.1
28881.3
22409.8
28703.6
22656.4
16978.6
20926.2
33389.5
21193.6
41409.4
16887.7
27169.6
32239.5
16602.1
37597.6
24793.8
18921
15851.2
26308.4
35590.9
27066.9
16259
18085.8
19885.1
23435.3
24479
23655.7
45126.6
22537.4
19641.4
22897.8
22584.5
28610.8
21119
26617
26637.4
22962.8
27048.1
26562.6
31477.1
32760.2
20392.6
25049.4
25083.2
35754.9
31713.4
35861.1
28841.6
24645.9
25077.6
19786.4
27421.6
28391.5
26008.8
26829.8
27689.4
18642
30288.7
32948.2
16377.1
43542.9
24807
22381.9
19606.2
30620.7
20024.3
23778.6
19603.4
35371.5
23153.9
30350.3
28946.3
21815.4
16683.3
24795
24812.9
21840.3
42328.8
18524.2
24302.4
24372
12575.8
17780.3
18926.6
26659.4
33330.2
24080.3
22237.4
24270.6
21625.5
18713.9
29263
19275.1
24839.8
22958.4
15469.7
19029.4
21707.8
24151.2
22479.2
21689
23442
20798.2
23172.1
30065.1
21535.7
21914.3
22834.3
25053.7
38418.2
23448.5
23792.4
30733
23183
21113.3
37297
18509.6
33559.1
23774.6
38717.5
24437.8
36861.9
33943.3
21948
29608.6
17191.9
28677.7
37950.2
21934
22726.6
21538.9
30766.1
31619.2
27627.6
33929.2
20997.2
17785.6
27889.4
26115.5
40985.4
28938.6
24616.5
24730.6
25840.7
18423.2
25623.2
28184.6
29979
17641.6
31849.2
24048.6
29452
22127.8
18294.7
21104
20659.8
24321.1
26549.8
24511.8
39744
24233.9
31096.2
14926.1
19903.8
24988.9
24312.2
28030.1
17995
37315.6
21255.4
17972.2
25014.7
37924.1
16785.6
37251.8
29349.4
19126.8
19215
28172.8
16381.8
17137.9
24332.6
21492.2
25258.1
29027
24278.1
29159.3
18703.8
25263.6
24284.6
26582.2
24367.7
22735
27255.9
19718.8
20899.5
20540.2
14854.9
25787.9
25074.7
31487
27786.5
11527.4
22990.2
23979.5
18487
22274.3
17657.5
18684.6
24788.5
25173
19304.2
34045.4
23519.5
23256.9
25790.8
20418.1
22330
22109.2
42887
21361.3
15096.8
22646.2
24066.6
23819.1
27306.6
17663.3
22123.6
25893.8
23975
21999.8
25472.1
27186.1
24262.1
28814.4
25333.4
23399.5
21345
22165.6
25797.4
31862.1
28773.8
27746.2
21386.5
14173.8
18597.8
20992.7
30337.4
23215.7
30799.8
23357.5
20120.9
16071
11657.3
25855.5
26546.1
16011.2
13202.6
14506
20052.1
26714.3
26064.2
17381
31620.2
12462.4
37591.6
20364.4
37364.6
27392.1
20381.9
21490.2
30266.7
28963
15501.9
25606.5
19508.3
25458.7
25586.7
32004.2
23667
19532.6
25977.4
29132.6
22072.2
32506.1
15736.2
30311.2
15919.4
27635.1
24099.3
26373
36275
14032.1
23950.1
31745.1
27208.6
30915
37612.5
18896
20242
32110.3
30207.7
38452.6
22840.7
14909.8
29864.4
24223.7
33237.4
26251.4
20815.4
28927.5
34486.5
21124.7
32257
23158.4
24380.4
21974.1
25692.6
14590.9
24497.6
24579.5
21145.9
29123.9
20641.6
34362.4
30093.4
25366
28117.8
21209.8
18746.6
21359.6
18086.7
29226.4
20331
35073.7
13746
21012.2
35129.8
19798
31977
36988.3
17391.1
29185.1
13235.1
17233
19911.2
37731.1
31098.7
18208.7
17967
21294.2
27466.9
19357.8
29312.6
36599
20214.1
14231.9
21477
35124.8
25171.9
33867.7
20212.5
29055
38843.4
27886.6
17371
20484.1
23832.9
26299.4
36030.2
14154.5
19554.2
19838
28938.7
27688.2
34126.2
18405.3
44156.6
21265.8
27937.2
22135.4
24160
34587.5
28143
26799.1
20480.3
24327
25571.8
19487.3
26009.5
35253.4
25639
25764.2
23476
16705.4
33042.6
25543
22590.4
21181.5
21484.2
28044.7
25174.7
24092.5
18919.9
31645
23498
32094
20321.2
18220.6
19885.4
19042.9
22934
26408
16458.7
33055.7
23804.9
15405.4
28740.8
18413
20351.9
27425.4
26736.2
21573.8
19238
13623.2
26982.7
23398.2
13812.3
20802
24303.6
27128.3
11968.4
20190.8
21389
18348
20168.4
19288.3
33499.4
18706.5
21988.1
34213.7
20748.2
17696.5
25586.5
10701.8
21459.8
24942.9
12789.2
25246.6
24685.4
21056.8
26608.2
21341
24024.6
12994.9
27933
31613.9
20435.2
21063.7
13933.4
14196.2
26934.6
22251.4
19571.1
25046.2
18213.3
30608.9
23828.2
25489.2
14587.3
23955.4
24269.3
16327
32300.3
30467.8
25387.9
26102.4
22217.3
21745.1
38933.4
23574.2
22291.8
22912.1
26293.4
30780.4
22906.2
16840.9
19943.4
27349.5
45079.8
24661.4
19217.6
21087
18660.7
25051
27146
23359
21566.7
11050.5
29664
28175.8
33496.8
27617.4
30335.8
11794.3
22567.8
13665.8
27407.7
25515.8
26132.4
19402
18187
18867.2
24617
31533.4
25213
19848.6
21969.8
16907.5
12457.9
21442.2
17375.3
32335.9
24915.7
37592.6
24464.6
20288.4
22035.3
25076.3
23934
30980.2
27419.9
20236.2
21952.2
30071.2
16731
20524.4
27368.5
25482.5
26076.9
24947.1
26065
14015.8
22954.5
24496.4
22433.2
14614.6
24595.7
16475.8
19627.4
23718.5
24565.4
34781.4
19252.7
20297.4
27640.7
32399.9
27298.9
20006.6
24572.9
27546.5
15656.3
19230.1
28871.8
26301
16489.2
34573.1
21865.3
36449.9
30124.2
14851.6
24485.5
24450.2
21122.7
30307.3
26173.5
19494.2
20721.9
27118.8
25244.7
36812.4
23014.2
21703.3
25985
24218.5
28889.4
29657.4
25355.8
17467.8
23616
25166
32768.7
21087
29439.4
35300.4
26883.2
23018.2
21474.5
25628.5
21758.3
23709
24134.3
25479.2
23913.7
20715.5
18435.4
22723.8
21083.5
24598.1
27342.1
22806.8
17907.4
26304.6
23478.8
24981.9
25724.9
15594.2
26039.6
25386.2
18487.4
18638.4
19044.1
14976.2
24098.6
15701.5
24367.5
25560.9
19213.2
29135.3
21208.4
23862.4
21190
27068.2
21929.9
20031
19819
17330.8
33352.9
24669.2
11214.1
23354.6
31807.2
22487.1
15645
39809.5
18094.5
25891.6
22257.6
39363.4
26493
24557
14343.5
20283.6
15779.1
17625.6
25801.4
21321.4
18526.4
17154.9
17820.4
29375.4
19441.7
21953
15178.2
19295
16329
25052.4
30588.2
20534.9
26089.8
17059.1
19210.1
20355.8
27208.6
36284.8
15597.4
15031.3
24731.7
24799
30136.5
21700.2
14700.8
16616.2
17998.4
16600
22544.2
21171.4
25067.7
24523
29996.5
20937.8
24402.2
30188.6
25839.9
14700.2
31870.8
29072.1
9515.84
20282.1
37517.3
30329.8
26284.5
33278.2
28358.3
24145.7
26907.4
37571.7
17640.9
21098
37566.9
21484.6
13946
32130.4
19229.5
21707.8
29891.8
19454
24474.4
15320
23071.6
27126.2
23725.7
14659.4
28879.7
27276.8
28404.8
21218.6
16810.6
17721
12144.9
33314.6
21723.8
15739.4
16467
22510.8
23071
29022
16479.8
24437.5
14711.4
25363.8
30042.8
27608
30983.8
16643.8
25248.5
16730.1
35088.2
27404.9
26210.7
14543.9
21858.6
25014.5
27780.2
24191.7
17260.8
21696.4
36878.4
26708.6
29112.4
32186
22054.4
22060.3
22579.4
28070.5
20587.6
24933.9
24226.6
38221.6
29387.5
23896.2
28938.7
30507.2
28647.6
24678.2
22935.7
23159.2
24572.9
19053.5
28272.2
29111.3
34636.3
23920.6
21786.2
14554.7
25072.2
21692.6
23221.4
25080.7
24850.4
31071.4
28244.2
26408.2
23311.5
25622.6
27526.2
24560.3
20335.4
24525.4
35784.1
23924.2
26046.6
26040.2
25254
29397.3
21775.5
32545.8
19711
30530.7
22781.2
28246.4
15181.4
21563.1
25676.5
15841.5
16901
40642.5
26700.2
23426
28079.9
28613.9
35087.6
22758.1
18389.1
23499.1
26922.9
30352.7
22689.7
23556.2
21972.3
23734.7
32243
16432.3
26745.1
22185.6
26340.1
22923
25450.1
29002.8
27272.5
29224.7
28361.9
28113.8
31110.2
17848.6
26991.2
39664.2
19275.7
23540.8
22163.4
32338.1
25499
28613
31359
22377
24952
24626.5
39059.2
26664.1
20173
11930.9
23607.8
16651
29951
30027.1
31580.3
25834.8
25260.1
21180.2
29562.1
18018.5
14686.2
17805.9
23986.8
18542.4
20814.5
25651.9
13433.9
18760.4
22585.5
26325.1
21826.4
19145.9
21906.9
17038.2
27040.2
34235.1
23537.4
28171.4
21314.6
13802.2
16520.6
27432.9
30349.9
20555.5
26671.4
28691.6
18440.2
35378
40348.2
31995
30616.5
18054.2
20140.2
25967.4
35552.4
33264.6
35412.1
34031
25234.8
27909.7
30281.8
19181.8
24806.6
25954.4
29570.2
39260.6
18661.2
19687.4
20202.6
20458.2
28819.4
32520.5
16719.8
16841
18135.5
21641.9
28534.1
24011.2
27313
23446.4
21259.2
19691.4
28964.3
23087.8
24813.5
19995.6
24119.4
35303.3
22769.5
28875.4
39146.6
18038.2
24111.7
29757.8
20507.2
23752.2
22580.5
34727.4
29073.7
23693.5
24457
19220.9
34581
21517
31161.6
25498.8
23719.6
18545.1
26582.2
40883.3
33418.2
32283
20992.9
27194.6
22436.1
30497.8
30270.6
30136
22108.2
18779.4
26735.4
30293.8
33800.6
13566.3
29374.6
36259
19629.9
21315.2
21511.5
23476.6
22027
17364.6
18156.8
21678.2
23086.8
22524.6
12046.6
22819.2
21208.7
26946.8
24577.9
21448.1
22700.1
15879.6
22071.8
31697.4
30472.7
22554.4
15673
24545.1
21791.4
25217.8
29867
19098.2
14929.1
24819.8
32177.3
26070.6
27870.7
24785.8
12222.5
24252.8
30089.8
30265.2
39129.6
20959.8
26298.9
25824.3
16583.6
24810.6
29761.8
19357
16867.7
15888.6
27225.2
45151.8
20838.5
21726
33488.6
27636.6
27773.2
25654
40384.9
21882.6
21987.8
15800.2
27407.1
16367.1
28834.9
27594.7
27118.6
33691.9
22939
25874.9
27111.9
34165.3
23322.1
23856.1
14181.2
24206.5
26689.1
19032.5
22997.2
32793
21177.9
23105.4
14722.5
21829.6
26060.2
30738.7
21967.7
17967.2
20381
16135.4
15490.2
24666.7
26944.2
26334.9
18821.4
27386
14825.9
26233.5
24145.4
16844.5
41813.9
23035.6
27772.5
25863
20894.9
26567.7
12749
19691
30073.7
16874.1
25733.9
20709.9
20809
18124
26114.4
31963
35462
22382.6
23875
31765.5
17724.6
21516.9
20052.7
25821.8
31988.3
25179.4
24971.4
29180.2
28438.8
29059.4
30474.6
27693.4
19879.3
28788.9
30922.2
12366.1
25608.8
22716.1
23064.4
27852.5
13870.2
26315
25158.2
19487.8
30124.3
17762.8
19181.4
21140.9
16433.1
19670.5
39554.7
11116.3
23316.5
24729.8
15303.1
40301.5
41864.2
22241.8
27623.5
18000.2
17387.6
26829.1
34515.6
26318.9
20494.3
23298
22301
30781.7
35305.6
20724.6
28500.9
17741.8
26677.8
25768.6
23412.2
28710.3
24313.7
20230
24684.1
20571.5
18222.5
20466.2
23524.2
28057
25583
29461
20125.7
16924.2
24673.7
29183
29258.2
24410.2
16087.8
13949.6
19118.4
19859.3
23939.7
28727.5
28215.2
25185.7
17993.3
17533
23969.7
16996.9
19201.6
12953.9
16733
33723.5
16408.6
35538.3
28609
15943.7
31724.4
28883
19136.7
27254.2
26712.6
32862.6
23516.6
25706.4
24621.5
27523.6
28696.5
17733.3
22649.1
25127.9
27268.1
25591.6
29348.5
24020.5
23118.2
19199.4
26501.9
19777.7
25579.6
24531.1
19366.5
24073.4
26996.6
21470.3
31626.3
23923.5
16840.6
14548.5
14372.6
15917.6
21808.8
24405.6
23064.7
21207.9
18579.1
23119.9
17431.9
27425
15216.2
24381.2
17192.7
23601.1
23022
14955.7
22286.8
25637.6
18595.5
20332.5
19043.6
35611
21213.4
18283.5
20065
16121.8
25286.3
24953.4
21824.1
27861.5
21166.9
19887.8
20721.4
18253.6
18785.8
22435.6
23853.3
21615.3
18663
38873.9
22588.2
25026.7
21515.4
21759.3
25138.2
30583
32410.5
30156.4
21763.1
22049
31139.3
21618.4
24630.4
34443
18725.5
22541.2
29150.5
24053.9
25982.6
28470.6
19538.9
26322
22976.3
21868.8
27335
22722.8
22897.5
21250.6
31838.2
30513.8
28961.7
29520.2
21728.6
28389.3
32082.4
12990.5
19617.9
20877.4
26789
18835.6
22336.1
17246.5
33205.1
14629.8
21613.9
15108.7
25693.2
20751.1
27154.7
20662.6
19428.2
28197.7
16817.5
37544.2
13057.1
23244.2
20822.7
27784.3
19122.6
35633
22749.9
25189.2
26288.4
20463.1
25914.4
22095.6
38244.1
34115.7
25060.3
23476.9
28022.6
33009.4
23448.9
20147
36800.7
23920.2
31304.6
18615.3
32232.2
16360
33782.6
33444.7
11214.3
23510.4
26079.4
26189.2
21810.1
22791
21696.2
27311.4
19471
17653.4
23842.8
15182.2
20567.5
27119.6
34653.8
36038.5
15734.6
16189.3
19425.7
16326.3
28884.6
28642.3
32217.4
21436
15298
17943.7
18829.4
21718.2
22311.2
20739.5
21651.3
15498.7
22257.8
30090.1
31140.9
21277.8
14029.2
30591.3
17901.2
23119.8
22436.3
40042.4
15287
21714.6
46479.8
16142.7
25556.2
41509.8
22706.4
18905.6
20113.5
21407.6
26110.9
36507.6
22782.9
22526.6
21796.4
18852.3
20541.4
26822.1
24804.6
17584.9
23063.3
21353.7
18472.4
26180.3
25469.1
17633
30579.4
27690.3
26803.1
30732
23136
29481
24733.4
24081.3
23996.2
27805.4
35680.1
33301.4
22021.4
29869
26877
23182.5
23105.2
32193
18526.7
29076.8
32866.5
22649.9
22099.7
23657.4
25254.5
16894
18384.7
24736.1
17201.1
17771.3
26027
18561.1
22205.4
21834
21766.1
23375.3
18535.9
15403.7
18138.1
26161.5
31763.9
25697.2
37269.3
22245.5
27088.1
20755.3
36022
31004.3
23534.7
17591.1
23844
18504.3
22549.7
22345.8
15480.4
27575
13871.7
25585.4
22313.6
20392.2
16271.9
30996.2
20771.1
16597.6
29136.8
34182.9
19635.2
15073.6
20901.6
17613.2
22735.4
26898.6
28526.2
18485.5
33338.8
28935.1
20061.7
32773.4
22021.2
33213.8
27470.1
20804.1
25773.1
33954.3
32369.7
18026
14569.3
29143
25731.3
19668.1
32734.6
28918.2
21696.1
20702.2
28911.5
18913.8
27289.3
39885.1
14898.2
21062.5
20242.1
22771
25854.6
24967.9
31425
27880.6
13163.2
31553.8
19854.4
27434.9
17592.9
25325.4
22340.9
23307.6
17691.1
20204
20941.3
26638.5
26203.6
21610.2
22942.2
22823.6
33822.7
14441.1
28688.4
35610.4
25173
23655.7
26328.6
31938.8
27934.8
32597.1
23712.5
21057.7
32986.6
26021.6
27159
15197.8
20485.7
20908.2
17993.8
14975.5
36994.2
28158.4
26180.4
19420.2
9659.68
27811.8
21114.4
30373.7
18071.6
23113.1
26258.1
21273.2
27757.8
25137.6
20799.5
28981.7
21060.8
20623.8
22901.9
28827.8
45538.6
21721.7
26493
23191.8
20143.7
21855.2
37974.7
21604.6
19972.3
19202.8
18737.8
28865.4
39159.4
26850.6
27498.7
21596.4
30800.1
23646
16993
27099.8
24224.9
20677.8
26879.4
43860.4
29407
20978.4
16982.1
21952.2
27539.4
30594
21119.5
20706.6
12615.9
19367.9
33783.8
35606.6
20614.7
25872.5
26412.3
27495.2
31229.4
15863.8
41874
21338.2
24314
21591.1
28397.8
17589.8
27269.5
26458.6
24749.4
30484
12792.2
23397.6
16250.6
17166.3
29124.9
25859.8
25183.5
22181
12664.9
36430.6
22977.9
12995.4
20696.5
21660.9
22698.6
19294.2
22105.7
21202.1
23000.5
18594.9
21103.8
37158.7
17483.1
19887.8
19460.3
27094
31154.1
30998.6
15068.6
29637.4
18740.5
21189.1
30045
29326.9
24222.5
20019.7
13938.7
16390.7
20246
22203.1
16958.6
20388.6
18103.8
19545.9
24381.9
20770.8
22322.2
19996.6
18881.8
21029
21598.1
27975.4
25003.3
25605.6
21372.2
32477.7
26422.7
23289.3
25720.4
22559.5
18854.5
16877
15323.3
18998.1
28385.4
22092.2
32079.3
24049.4
17624.5
17169.3
25092.3
16786.5
24940.2
32138.7
20280.8
26899.2
25436.6
28772.3
33220.7
22094.2
22967.4
33779.2
25572.9
31342.6
25704.7
25227.2
31453.2
21405.6
17338.7
28194.6
34966.4
31142.1
21679.3
23607
27396.6
26285.6
25705
23361.7
34420.5
24713.7
25955.7
21514.6
25087.1
24557.2
23236.4
17195
13169.8
22717.8
16579
21624.6
29051.8
27457.4
37866.2
21401
18296.2
26244.2
35859
17885.5
27042.6
29976
31141.4
41704.5
21795.7
23921.5
21643.4
20976.9
22368.9
20710.5
21775.1
20465.4
19974.2
28239.1
25005.6
27589
20187.4
34367
21697.2
39262.1
21015.7
26636.9
18932
21469.4
31507.4
21227.7
18124.4
32129.9
16793.7
20050.6
28850.6
10742.5
13189.4
26912.9
26569.9
34496
19648.7
18054.8
14759.5
22216.9
30510
21143.7
19777
31820.2
17253.4
21731.5
20055.8
26385.3
20072.1
21238.7
16196.9
13970.2
21058.7
23560.9
26159.3
22355.7
28546.9
14909.6
29603.8
30951.9
23575.1
37572.1
17426.9
29985.8
31032.7
23782.4
30176.6
36599.1
30085.2
27535.6
39383.7
20674
34934.9
20588.2
28260.2
42299.9
24258.1
23935.5
26571.1
27450.6
26091.7
20615.2
33025.7
17568.4
26187.4
27235.8
29555.1
16406.1
29940.6
20627.3
26801.2
26096
29905.4
31055.4
27703.4
27509.4
20072.2
23338.4
17409.4
37251.6
26692.4
24175.4
24110
17565.7
19013.9
36014.4
24299.8
38565.6
19599
18956.9
23903.9
19530.7
25045.1
17754.9
26404
16836.1
21247.5
23530
22651
18421.3
19336.4
30231.5
19522.3
17398.6
25954.7
19441.5
15232.5
25698.5
27233.4
31649.8
28057.1
19733.5
24469.3
28783.9
23287.4
27906.8
25112.4
18720.6
19028.8
20048.2
30821.5
20348
25244.2
23087
19662.3
21793.5
34133.1
24636.2
22493.2
13885.8
19110.5
29694.4
22738.9
26054.8
23412.4
30617.7
25742.4
19190.7
31331.6
24076.5
28315
13465.4
28515.3
26837.4
23524.9
33005.2
26459.8
22295.1
25013.3
29510.2
20378.4
23985
32442.2
22018.2
24235.2
34170.1
23891
19564.2
19423.8
25241.4
28461.8
18724.1
21389
20450.4
30414.3
22726.3
27816.1
22957.7
19557.9
24251
27506.4
28786.4
20747.9
17768.8
28305
23471
32893.8
21066.8
22083
22027.2
22649.7
18808.6
28913.5
19461.9
28285
25539.9
19292.8
22577
25541.8
23115.7
29786.2
17482.1
19492.6
14738.2
20218.2
19638.2
32105.8
31069.3
14827.9
23024.7
16326.4
29957
20682.1
17105.4
20276.2
16849.9
29279.4
20033.4
21965.7
20419.5
23251
10753.1
16117.9
20466.8
26860.8
18384
24870.2
14171.2
20484.6
17330.7
29815.7
30701.5
17328
21088.6
30073.8
17561.6
27649.2
22134.9
29303.8
31546.3
25635.9
20695.3
18114.5
34888.8
22704
20718.4
30877.2
25110.2
23362.5
23772.7
25285.4
28456.2
36042.1
31425.7
27654.6
25442.6
20551.8
18993.2
35828.8
15144.8
27589.5
27249.1
30382.9
17290.6
20107
21592
21195.4
27812
21799.8
21585.9
15554.1
24269.4
16920
22991.5
30125.2
27252.2
30698.2
21143.6
20137
22865.7
23813.3
29561.8
20666
28019.8
16973.8
24452.9
18622.2
30028.8
22783.8
33406.2
21383.8
25666.1
32113
20498.4
27866.9
23657.8
20644.3
33113.4
28146.8
28572.6
45389.9
21281.8
27330.5
36366.4
22831.4
32029.4
21737.8
21455
27840.2
21525.9
35011.2
20894.4
28241.4
17573
32768.6
24389.6
22254.7
30819
23947
43349.8
34097.8
36883.4
26373
30907
20256.3
24802.9
24076.1
29158.6
30714.9
24751.7
22761.3
35713.7
25060.2
31137.3
27223.4
25560.4
26679
32356.9
34824.7
21955.5
37095.8
25180.9
27901.4
23763.4
28824
28042.5
32823.3
42501.4
26349.1
22012.2
30242.9
23247
43083.6
34923.9
24738.4
25064.6
25873.8
28030.3
43830.8
35074.6
22413
28179
26849
24454.2
32201.5
26536.4
21199.5
34826.6
18837.9
18948.2
28116.5
17824.7
17726.6
29834.5
24744
25359.3
23014
19246.3
21499.2
17380.4
28274.2
17775.8
21865.4
10798.7
29007.6
30846.8
30032.6
23979.1
22186.4
27437.8
27889
34768.6
27891.7
21007.4
20714.5
21933.3
21083.4
24775.3
22522.2
29141.5
31804.6
29798.2
26151.8
28034.4
19915.4
35479.6
19722.3
22989.7
37170.6
29528.2
22858.6
18958.7
23803.4
20410.7
17466.6
26161
21465.6
26470.2
19949.7
27841.1
22192.3
24928.1
23842.2
40759.8
26785.7
17125.3
22353.2
18298.9
25283
45055.8
29237.5
24382.5
27701.6
22935
15883.4
30615.8
20339
37067.9
26727.4
33695.7
12508.2
27026.1
28168
38607.6
29594.6
20438.6
16902.9
28388.6
29510
28770.4
30120.4
24002.7
22359.2
33320.8
32793.8
28702.4
29947.8
22505
34239.8
25461.5
22272.3
31038.2
29084.2
30020.6
19621
20108.2
28797.8
22480.7
18833.3
30209.8
20676.2
14004.9
29683.9
19349.4
25655
19551.7
23437
27953.4
32372.6
18520.2
14500.2
28192.5
26795.1
24703.4
17822.5
18979
26725.8
23568.7
34646.4
21439.2
16101.8
24409.7
33123.6
27580.9
45582.1
19491
21002.6
29306.9
22706.5
28731.2
30019.9
30110
31565.8
28095.8
23302.5
28717.4
25485.5
31039.8
33223.5
35974.8
20634.5
24553
24584.1
27534.2
33872.3
33171.8
37625.6
21447
25949.1
22933.6
26657.1
32676.9
27556.2
24513.2
28034.9
31859
23999.3
23315.2
29017.8
27142.7
17848.6
22981.6
19087.3
30662.4
26908.4
22844.8
22051.9
24840.6
27326
27512
37040.1
28040.7
21037.2
19353.2
26359.6
31031.5
34712.7
25229.1
22350.7
15332.7
16923.8
37678.3
33431.5
21449
17652.3
17914.5
20479
30416
24993.4
24854.1
23058.2
17426.2
20339.4
38372.1
37631.1
23480.7
19925.5
27387.4
27333
28196.2
35131.5
35804.9
25830.4
29467.8
19537
32868.2
41422.5
25592.2
29313.6
19293
23373.5
28440.5
28115.8
19880.7
24988.6
30914.6
27157
32381.4
38028.7
24270.2
21419.5
28977.1
22642.6
24274.9
30683
24072.4
27079
25662.4
22484.5
38645.9
27104.6
22609.7
20695.4
22174.1
32138.1
34779.9
19244.7
29782.2
20445.8
24551.1
22562.3
26454
41209.6
19376.3
31719.9
19678.1
23517.5
22716.8
28719.1
34105.4
24755.3
19323.8
29415
22237
38095.4
24016.8
21582.6
23924.8
28761.1
19617.4
20880
20430.2
25003.8
26979.8
16793.6
21389.4
21042.6
22018.2
18690.4
26989.9
24550.8
40263.9
33074.2
25587.2
27509.8
22965.4
22626.3
24513.4
22614.4
29021.4
30541.3
27525.4
30253.3
31160.6
27249.4
25525.9
29941.5
22082.7
22995.9
29095.8
31372.9
32413
26136.8
27819.5
25862.7
34382.4
25701.5
39677.4
28114.6
41787.4
24919.1
28840.9
29497.1
38348.7
26062.9
28554.3
29796.7
36999.4
41534.6
24085.8
37239
30291.3
32244.3
35477.7
26285.4
34861.4
26228.8
21158.2
30695
43235.8
40940.7
30807.8
25388.7
25714.6
32823.2
44456
49072.5
25475
28834.2
27955.8
28564.5
30176.3
31586.5
24777.3
19302.7
26234.3
31063.7
42871.7
20768.9
24594.9
26321.7
32373.2
33376.3
37669.3
33329.9
41554.2
13226.8
19100.5
35255.3
38230.1
41328.2
37739.2
25299.3
29013.4
37008.6
38618.3
27778.2
33824.9
34120.5
29394.2
33785.4
28584.6
35982.7
34692
47531.5
22533
25010.2
35159.8
24445.2
26434.2
36413
33275.8
26956.3
33071.3
34102.3
19639.8
20626.8
32191
22803
30374.3
25545
27411.3
37610.6
34925.3
30658.3
18639.1
13051.3
24545.7
27782.9
25002.6
21258.6
18216.2
22469.2
24635.3
17833
25158
15838.1
26836.6
26730.8
20007.3
31771.2
29114.6
27818.6
26240.3
26424.6
25340
30492
19903.2
18343.4
24142.2
26891.8
27016.1
36903.8
17312.2
26035.5
27644.6
32059.9
24161.8
29628.1
21928.8
33868.8
31015.8
24898.9
25179.1
28821.8
18111
25334.6
25515.6
33372.4
30887.6
32174.3
17389
26336.7
26662.2
35762.2
22360.5
39215.9
29557.2
26215.5
36609.9
22996.6
28054.2
28500.6
29421.2
23098.5
38573.6
23585.8
34543.1
25125.6
21407.1
25844.6
28595.4
25939
28200.9
24066.9
33121
31459
29712.8
28103.8
37786.2
31744.2
28220.2
35046.3
49789.6
32335.4
24324
36166.7
31208.9
25373.8
41425.4
25992.2
28355.9
24575.4
33537
30606.3
27100.6
19595.4
34442.2
16161.8
27189.7
38049.4
16499.8
19154.6
21590.2
28437.6
30996.8
28780.3
29619.5
25298.3
22190.5
29181.8
19960.6
18602.1
24290.3
19775.7
25577.6
26180.6
20820.4
19467.9
19932.8
26603.1
37072
15364.5
16116.6
25160.6
18047.6
22001.5
29878.7
32923
35571.8
27938.1
24781.3
27128.7
20975.4
31927
25198.6
27219.5
28918.2
31904.2
31047.7
24607.8
26673.4
25154.9
23547
41981.4
25403.2
20181.4
20394.7
30044.2
28090.1
26546.5
26988.3
32541.4
21739.6
19174.6
26409.7
23801.7
28316.7
24326.1
39098.6
25111.8
32438.8
29070.8
30257.5
27364.2
25327
28680.6
30417.4
25100.8
33627
34823.4
23019.5
30031.4
23057.8
38000.7
37671.8
25210.4
21678.4
22280
26425.2
24357
30298.8
32480.3
25982.3
20610.6
28008.2
18962.6
29738.5
24750.2
26144
25348.9
35508.2
23278.7
25565.1
22818.3
20298.6
21646.1
32919
22951.9
31760.8
23882.6
29831.8
19912.6
38002.7
29459.3
24836.6
21133.4
17995
27100.2
22830.9
28980.7
32415
19739.3
19008.9
28101.5
19267.8
29371.4
26367.8
26765.5
24887.8
24948.9
21108.6
41757
23677.2
17355
25155.6
22211
28666
27964.6
24374.8
32104.7
24441.4
19930.2
26466.7
17843.8
24839.5
35339
26103.4
22916.4
25650
18607.6
19938.8
35654.5
41911.5
35503.9
13424.3
22187.3
17924.5
19847.9
21696.1
38083.4
18355.1
20236.4
21909
18319.3
13295.8
30208.9
21205.1
20777.7
27685.9
28868.6
26229
15668.3
20059.4
18774.2
18429.5
16288
31432.1
25537
25330.8
21690
20534.8
21521.6
28633
27314.3
21843.8
15465.8
25626.6
24973.4
21319.3
26377.1
16221.5
15642.8
21033.3
25065.4
31333.2
16523.8
17261.2
14053.4
15048.8
14517
19831.4
11849.9
25618.6
23771
16206.2
20323
20816.6
26205
15967.1
18720.2
18060.5
16841.8
29711.7
18620
17872.6
29586.5
25086.2
19011.3
15203
26834.6
28016.4
25437.9
24278.6
9632.56
17625.8
33928.4
33625.4
31651.2
24607.9
28669
19707.6
22091
27721
30364
32111
34207.8
19649.7
21328.2
20622.3
26148.2
28100.2
26304.9
25016.6
29402.8
13730.6
34295.1
23902.1
31307.3
23187.3
22421.4
38403.4
22565.5
23936.3
26486.2
21603
32280
27198.4
32291.6
26223
30778.2
18293.6
30223.9
18272.5
42513.5
17831.2
36184.4
25971
12812.1
32950.3
31639.1
21011.8
22218.5
34168.7
23118.4
17238.3
25743.7
16617.6
33037.2
26310.8
23217
24031.8
25118
20271.2
36472.5
22801.6
41584.2
25496.8
18125
24078.2
22651.8
23706.7
30003.4
29407.4
27197
22837.4
19824.6
19729.5
30122.3
36868.7
28782.4
30055.6
28478.5
26455.8
26048.7
16036.6
21684.2
22313.4
23184.3
18581
23720
27798
24966.2
20925.8
24183.8
23446.6
22651.1
19363.4
21813.8
21852.3
22027.9
26488.5
23135.4
24041.4
27718.3
21203.1
20502.2
23852.6
28551.4
41543.2
24814.2
23862.6
25554.9
27957.2
28496.6
28325.4
36587.3
25379.7
29688.7
33909.3
14537
21523.1
27986.6
31749
27346.4
27277.8
14336.7
21729.5
20160.2
36817.9
28853.4
19059.9
26196.3
21808.4
17143.6
35420.2
29856.8
47641.3
32225.1
21612.5
18425.4
23329.4
23568.4
50652
26309.7
40580.2
26328.9
35027.1
30687.7
41520
27920.2
37728
25779.2
25999.3
21907.7
27540.3
28116.4
23573.4
32449.1
29752.5
26325.5
22677.3
22040.9
22483.8
27849.7
34678.9
27994.4
17882.5
18989.4
29155.6
22700.9
40173.2
24117.2
21673
25504.8
31358.7
39964.6
30261.5
22404.2
23421
28552.1
33199.3
27721
30117.4
37856.4
27562.8
23859.2
31029.4
26854.5
19124.7
20096.7
27324.2
23405.4
20567.6
22907.8
32188.2
20069.7
15662.5
21903.3
23078.9
18977.6
24546.2
29469
24951
29785.4
25853.6
28044.5
27412.8
27447
23915.5
24282.8
25717.7
26441.1
26216.6
16168.7
21595
37937.6
20163.7
26095.2
28371.8
22265.9
16268.6
17481
26140.2
17784.1
24237.3
19254.7
32723.6
29210
23811.2
22959.9
23071.9
24863.7
30768.3
27315.9
20059.5
29251
19467.7
16498.7
23607.3
36755.8
35227.4
20797.3
17110.3
20741.4
26362.4
24566.3
20616.7
23597.8
17408.2
20609.1
22602.9
28683.7
14357.8
14898.9
24876.4
16861.8
23360.4
29787.4
21531.8
16077
10605
27568.9
30341.5
11726.2
24772.4
19271.8
21222.8
19697.4
32134.6
12789.3
18166.4
20817.8
18956.6
23393
30385
27113
15192.6
16597.1
24899.4
24463
26964.4
20181.7
25910.9
24678.5
25723.3
20561.8
14080.2
18480.7
17582
20536.2
27631
24995.5
16204.4
24800.2
28758.3
22685.6
19621.8
28990.6
19321.6
20255
23535.9
22415.1
21257.3
22513.4
31422.7
22211.2
19963.6
22108.2
20096
34515.4
25499.8
31100.2
22960.3
29613.1
19701.8
20854.6
31092.8
36184.7
18653.5
18659.9
23750.1
29240.6
31133.4
25360.6
20965.8
26895.2
34286.8
21688.3
25786.6
15425
24075.8
22508.7
22454.9
30791.4
25645
20003
37080.9
23189.3
25476.2
18468.8
34473.9
22721.5
33443.6
19849.7
23817.8
22896.6
23423.2
27638.1
19706.9
17288.6
29533.9
30873.9
22582.1
29732
34686.7
28770.7
21249.7
19528
31575.8
23256.7
19464.6
32713.8
20641
29549.8
27524.5
19233.1
22515.7
24847.4
28805
26648.4
29113.5
22525
27943
21424.2
19222
19266.1
35171.8
16555.8
20728.6
17140.9
19699.9
35359.1
21225.4
23682.5
19734.9
19231.4
23821.1
32572.6
24385.7
19221.2
29507.1
29445
27698.9
19066.4
25141.6
24833
28210.6
48247
34359.9
27703.3
19893.3
23418.9
28304.6
27235.8
27420.9
26642.1
30225.7
21717.9
18732
23361.1
33081.9
33760.5
28670.9
27901.3
23121.3
21604.6
33395
32490.8
22862.5
25785.5
36605.9
24688.2
19636.6
22407.9
15196.2
36237.4
32833.3
15639.4
24472.5
13724.9
15417.1
21197.8
22538.2
23524.9
19833.2
14900.2
17237.3
22024.5
18948.7
26083.1
15704.7
18388.4
21010.6
27537.5
24212.7
28734.9
21649
23907.5
19961.3
20616.3
33412.2
24966.3
12492.2
18171.8
28785.1
19087.6
18869.8
26567.6
17826.9
16571.4
25328.2
30095
27409.7
15630.4
22861.5
13584.5
18699.9
38277.1
24265.5
25366
23794.6
19346.4
13003.4
23302.7
23280.9
30907.7
18027.6
21984.1
15759.8
29842.5
16334.3
18890.8
26331.1
13035.5
9491.92
15487.4
21461.9
18984.5
19668.3
32396.9
13991.6
17504.3
22141.7
18070.8
14333.5
13247.4
21201.8
20582.4
24887.8
20112.7
15737.8
16885.4
21603
14264.5
26689.8
25980.1
15546.3
27161.4
17891.4
15114.3
19973.1
19462.9
13136
16774.6
19930.2
11440.7
16685.8
21051.8
16380.9
9413.2
23389.5
14410.2
16622.6
20690.2
19555.4
18816.3
18215.8
20997.8
19976.7
29656.4
20067.6
12573.7
24126.3
20856.2
16793.4
30689.8
15829.9
22614.3
18416.4
14252.2
27496.4
23629.6
18095.6
42264.6
13925
18663.5
27739
33062.2
26397.5
28323.5
24426.6
17826.2
27312.8
32417.4
20192.1
19996.9
35011.9
19048.2
26493.8
20632.1
25241.6
31188.7
22290.5
17717.9
22113.3
23668.1
26954.7
19405
24949.9
25716.2
25200.6
21140.6
33052.3
20887.6
25194.2
23042.2
28644.8
19989.2
22217.8
31642.3
24912
31257.9
33463.1
24227.1
27610.3
24663.7
26649.8
29075.6
22646.2
30146.1
28517.1
22639.7
29515.2
25071.1
34480.2
26189.5
21883
34628.7
32687
28606.3
30860.6
37294.9
27634.3
24238.1
18773.4
31410.6
28832.8
37482
26566.1
32643.4
25492
21246.2
22281.8
24513.9
25069.5
22058
18310
23498.3
28948.7
29711.4
26822.1
17900.2
33254.4
27602.4
27363.9
27257.4
28260.1
27203.6
27669.3
31061.5
19734.6
38911.5
29286.4
20734.4
31703.6
26195
19519.6
38558.5
30825.4
27796.1
33180.6
35092
21366.6
30825
28231.8
33004.7
50318.2
30942
21334.4
28760.1
30263.6
34358.2
31855.3
29669.6
36655.1
26221.9
25355.2
22158.6
26076.3
35134.3
25417.9
19636.9
16641.8
35716.2
27704.9
26838.4
31049.4
29778.7
27228.5
26307
39801.4
31973
33664.9
32890.4
19847.4
21851.9
29176.3
34540.9
30970.5
35449.3
25315.1
34053.1
32725.2
24677.5
25233.9
29401.8
25220
36415.8
27848.5
35716.1
24732.6
25604.2
14507.5
26433.9
26596.5
31362
19164.1
19332.2
31589.4
18397
21357.2
23516.8
16373
29366.4
27616.8
20281.7
21941.5
24223.4
27719.9
26256.9
26764.3
31643.6
29076.8
19050.6
19700
21125.9
27070.2
26051.5
22365.6
24498.1
21863.4
21205.1
33060.4
32577
21042.4
15374.8
21504.6
20864
43737.8
22368.3
12752.4
23639.9
25881.9
23713.8
20912
25148.1
22473.1
21478.6
25841.7
22837.8
31653.7
20749.8
22399.5
30185
25183.6
23021.7
23812.3
19859.8
23994.6
20463.2
23151.8
27651.1
31636.5
21511.4
29966
30036.4
36953.5
21203.4
21393.1
26801.8
17474.2
25955.1
18859.4
19546.3
31852.9
24715.1
20351.8
28879.5
18084.4
23056
24286.6
19082.2
33712.1
22178
22897.5
15485
29113.5
23694.7
20702
36102.1
18639.8
27979.4
27920.7
22567.1
20932.9
21913
25699.9
31210.2
34370.2
19743.8
24181.8
29719.5
29570.6
18116.8
23736.6
33212.9
33913
26645.2
24915.4
20941.8
30269.4
29155.2
29817.6
34221.8
21780.9
24110.2
14321
19186.8
18260.2
31662.3
26552.6
19834.2
15684.8
21148.3
11882.3
32785.4
28210.2
31671.8
14155.5
21208.6
18747.5
24041.9
22891.3
28772.4
22557.2
19337.9
13308
18342.1
28633
24832.2
20436.8
13849.2
16568.8
27907.7
28205.5
38766
18139.8
17600.8
24827
28770.7
10237.8
30500.9
25389.1
14622.5
27432.9
23537.3
28451.4
20069.7
23631.4
38986.5
23651.2
28228.8
28347.1
16559
22525.2
22234.2
27846.4
21674.5
26619.4
31079.6
16242.2
28554
29920.3
21805.4
13788.2
26534.2
26257.5
17829
22004.6
23218.7
17559.1
28400.1
31364.1
26628
30252.2
21623
24464.2
21610.3
28290.3
24843.3
41807.4
13106.2
22359
21698.8
27965.1
22677.3
38523.6
25870.4
27653
24072
22211.1
23687.9
31816.6
49145
31596.6
33724.3
23603.8
37946.6
37042.3
59499
41155.4
24373.4
33608.6
28755.8
36685.4
36831.8
39716.6
24992.5
23532.3
22336.3
27116.8
38346.7
28713.9
26627.8
31811.1
35007
32568
31449.6
40239
26991.7
34491.1
36965.4
29857
36981.7
38298.8
35576.2
29576.4
31659.5
47545
30399.9
26237
28120.4
31870.9
33398.1
38320.5
21982.6
31684.1
26222.2
34593.1
23655
29683.5
23742.4
49584.5
29834.9
26055.4
17524
31421.2
28453.8
33119.4
32372.6
26848.6
21482.1
22185.4
28831.4
51193.8
31785.8
22286.9
20082.2
23395.7
23644.1
29318.6
25124.6
30776.4
23049.3
23235.4
15545.1
21365.4
32326.6
29235.2
27636.7
21830.1
35646.8
23150.4
24810.3
27335.5
24884.1
37438.9
24850.2
22886.2
15847
37269.8
33219.1
34458.7
32840.3
32303.8
22510.3
32397.3
33723.4
32098.4
25833.4
31564
35582.5
39774.4
23774.4
32151.1
35178
33053.8
28836.6
20986.2
25757.7
36588.9
31656
33758.3
29368.3
21697.9
28033.1
12163.8
26337.9
27635.3
31086.2
25575
31587.9
26412
32007.3
24101
25550.3
21296.6
27895.4
28011
25534.7
22388.5
33526.3
28082.2
26399.6
21331
29406.2
29568
26217
33840.7
36111.7
19853.5
17948.8
27628
30050.2
38997.9
22808.6
18706.7
25813.4
21213.5
35478.5
26082
46415.4
27711.1
23071.8
21339.9
31220.6
33761.6
39930.2
37689.3
27211.4
22864.2
31252.8
25697.4
25119.7
25069.1
23166.5
34680.7
21414.2
28568.4
30003.9
22737.3
24610.9
16542.5
30629.4
30563.1
33439.4
31813.4
30685
29783.8
21966.2
33067.4
32023.8
28215.8
23516.5
33665.8
24858.6
20299.8
24355.9
33128.2
46406.7
24603.4
30534.6
16797.9
19449
25118.2
36245.9
20434
26700.6
21190.3
33345.8
34173.6
21521.8
28558.9
21155.1
33830.6
36494.7
45609.8
35336.6
22159.9
32941.3
40898.2
28367.8
29691.9
27244.1
36522.1
24058.6
26841.4
28445.7
23695.4
19997.1
42261.4
27842.7
31133.9
29742.4
34612.6
37264.8
25359.9
33827
28102.6
26409.9
35289.4
15354.6
26745.8
24993.3
29769.5
19668.1
29488.4
41905.7
18068.9
32814.4
36274.7
19363.2
22083.7
16103.8
28063.7
30790.4
43481.8
28479.2
28488.5
26893.7
24743.8
24192.9
32191.4
42125.7
27447.8
25749.2
16269.2
29041
19658.2
28935.4
26556.1
39615.4
27557.2
17196.2
20299.8
26376.5
36093.4
27455.6
28293.8
24678.9
33350.9
22251.9
29632.1
29942.4
26523.8
21436.2
33994.8
23221.4
18056.4
25401.7
28945.9
14712.7
24819.1
23665.4
29004.6
14621.8
23960.6
20675.3
16064.9
22993.2
31008.5
15639.5
18434.3
18307.1
18456.8
26944.3
11702.5
21702
34215.8
23708.5
36028.5
24163.8
29055.5
20893.7
23921
19933.4
23877.4
35375.5
35731.5
40862.3
20761.6
30227.4
26006.9
44358.2
25005
19458.8
26715.4
33934.5
32753.8
23561.2
25257.9
11806.1
25469.8
28166.2
24797.8
30982.9
25747.4
25233.3
18361.9
30954.4
17943.8
12546.5
32434.9
24204.4
37292.6
22895
22962.3
23707.4
28775.7
28985.5
24730.3
22628.6
22234.5
19577.5
21875.3
32788.5
35120
22629.8
19144.4
23226.3
30065.9
26968.3
45691.8
17523.8
19895
26308.2
31403.4
25634.8
25966.3
22623.6
22983.2
17911.1
33309.6
24409
26072.2
31862.3
18268.9
21457.6
38302.5
27435.5
23423.8
23360.2
38142.1
21957.4
28772.2
24684
32558.8
24204
16102.2
28814.6
32663.9
26609.3
30039.5
25056.1
19289.3
28063.3
20988.4
26693.4
28912.2
15533.2
16373.4
32689.4
17170
21860.3
31358.4
34112.9
22202.2
23548.9
24580.4
45199.7
17320.1
37115.4
25559.1
22467
25862.9
22753
29735.5
36194.6
17397
30211.7
32990.2
23913.2
24236.6
21410.8
18019.1
19794.7
25362.7
26178.4
29048
22146.2
17282.6
24844.6
19620.2
20761.6
37334.2
32880.8
16309.5
14276.5
22464.3
30912.9
29097.3
37891
26263.7
20182.7
19405.5
26971.2
15049
24293.9
24079.1
29706.5
15025.4
30648.5
17330.3
14350.2
21083.5
24166.2
21408.5
22162.2
22318.3
23366.6
19926.5
19514.2
23782.6
24460.5
27492.1
19711.3
33865.1
22062.5
23873.2
28397.7
30543
23141.8
27901
28951
26737.2
28177.8
28235.7
33790
27872
18835.5
33587.8
22537.5
23287.4
26391.4
18834
28463.3
22227.3
32944
29940.7
32534
19025.9
20685.5
22514.6
44347.7
23559.9
30986.5
23904.6
21592.7
20824.5
19505.9
24010.8
27281.7
45049.3
21852.7
28497
22075.8
26367.6
28950.6
33505.4
32393.9
28989.3
31963.4
19936.9
36273.8
35164.9
20650.6
32622.2
18905.8
30091.9
22853.7
27073
32945.8
21156.7
24066.9
24897.9
15941.1
32259.4
24422.5
30056.6
15504.2
32239.9
23089.7
33057.1
29819
21867
23894.6
33567.4
29987.2
32969.3
25504.2
22461.8
22218.6
19355.6
29818.3
32188.2
15431
22520.5
21451.8
30724.6
18074
23867.8
23798.2
31061.8
20636.7
17778.2
26545.8
35378.6
15723.4
22357.6
26351.3
17373.2
21672.6
32702.5
33590.6
28478.1
23011.1
20858.3
18769.9
17232.2
34611.2
29933.4
15346.1
25151.1
25576.5
25589.1
36515
23855.2
29511
19525.5
21448.2
26210.2
39997.4
22873.1
23557.4
25452.2
24441.4
20757.1
36666.3
25713.4
26439.9
25369.7
28163.8
30240.6
29220.1
22206.6
25556.4
26917.1
30187
19144.9
26815.4
33037.9
29195.4
27720.4
20489.5
15565
27379
22555.4
28722.1
20091.9
34548.4
21679.3
28174.6
17807
30840.2
21023.8
24051
24845.1
24087.1
33536.6
27898.9
18150.7
25413
24217.8
29123.7
33489.1
28100.7
24057.9
26665.1
19304.2
21742.2
32110
21974
20750.6
28013.7
30557.6
20233.4
31906
24967.8
23901.7
18777.4
21217
37863.8
21960.2
25304.4
19925.8
30409.8
31756.6
27730.3
14736.3
31470.7
19239.1
32282.2
22542.2
29513
29265.7
22616.1
26766.9
21468.2
23063.1
31221
26412.6
49332.2
26760.2
29775.3
24033
29598.6
30460.3
26767
24656.1
19473
28332.3
23352.9
34428.2
41302.8
34411.4
24929.2
24496.7
25503.4
37657
25535.9
33797.7
19254.5
23843.1
18185
21987.8
23567
30839.9
20491.4
37223.8
34778.9
30481
25058
22967.4
32561.4
26682.3
27033.9
22540.8
19705.7
21685.7
17301.2
21822.3
26051.2
25291.9
15288.4
25904
25053.1
27316.2
20262.8
32354.4
28288.1
17999
41120.6
21347.7
27770.5
23397.5
30493
19686.2
29199.4
25973
34779.9
22998.2
29642.2
35162.2
22406.9
27954.6
32091.6
21117.9
21545
26181.7
30156.3
37664.7
25546.9
30344.9
28633.4
28433.1
23872.6
22113.6
25610.7
23415.4
27941
24379.4
19211.6
24493.4
33885.4
21335.5
22470.2
30460.8
18377.6
22794.6
34057.4
21030
21291.2
29656.6
27213.1
38554.3
24324.6
32323.8
22875.3
30232.7
24465.3
37635.7
21311.5
29669.3
28849.9
18695.3
40577.1
26128.4
23384.5
23256.8
18777.2
25125.6
42518.2
37777.9
26544.2
29114.4
27512.5
37201.4
29779.8
29126.2
26727.6
28042.6
27307.1
28398.7
33788.7
21532.9
24828.8
23414.7
19278.6
19246.5
20432.4
26229.7
27521
16207.1
19241.1
20040.8
18840.3
25492.2
28355.1
19556.6
24442
21128.1
26246.1
18193.4
40483.4
18041.6
22224.2
18751.5
14248.8
21249
35502.8
27617.4
19505
20912.3
19175.4
27287.7
27256.8
31476.7
16349.8
17378.4
22685.1
19691
20234.9
28126
26567.3
23572.1
26618.9
23301.1
30038.9
19557.8
19043.4
16689.1
18424.2
23301.6
23396
21841.1
26035
19726.3
15998.2
28230.2
30839
27900.8
33693.9
13344.6
21595.1
30496
14276.1
25689.6
18458.6
18461.4
17413
25070.7
21606
28331.8
25525
29251.3
25448.6
18893.8
26304.3
20537.3
19798.8
26912.4
19083.9
33377.9
20009.8
29328.7
26711
24042.2
20367.6
35305.4
20424.2
24449.2
14871.4
20118.2
21898
24175.1
23974.8
26526.7
19560.7
19511.8
23902.4
18967.6
15112.6
26174.4
19450.2
21934.1
22265.2
22433.6
26777.4
19975.3
21749.6
16609.4
27572.6
20850.8
24901.4
18352.3
41329
36993.6
32708.2
26334.7
19773.6
13554.5
26417.3
24912.2
24004.8
45714.1
17608.3
20002.3
23365.5
29045.6
21032.8
25685.8
15043.8
25162.7
20660.2
26289.8
30016.1
35079
34347
22226.1
18621
29787.9
20354
24767.6
27101.8
30708.8
26017.8
31794.6
23996.2
18015.4
22500.3
18654.2
27357.1
27829.4
30822.5
26942.6
16031
21624.9
29922.4
16083.8
23341.8
35756.3
22956.7
24973.4
29463.5
31660.1
19268.6
24837.7
36357.1
20937.9
31045.3
21383.7
22015.5
22290.1
25172.8
32357.8
28599.1
22532.5
20740.1
23053.6
19291.3
25424.9
34423.3
28113.6
23675
15252.9
18918.4
27725.7
21831.4
30723.3
28053.7
23275.7
25170.3
30864.5
24613.4
22035.5
35943.5
24684.7
24252.6
22807.5
16246.7
26977.7
30321
21577
33059.7
22787
29182.9
24089.3
16412.1
19684.2
22686.8
31112.3
26962.6
18771.4
21754.3
20409.7
15872
24673.2
18425
18387.4
33417.8
17325.4
25480.6
12156.1
18284.4
21223.9
30822.9
16479.7
28722.8
17851.5
19849.5
20555.5
21753.4
12207.2
45603.8
21736.7
24340.3
28628.2
29107.2
17471.8
24069.8
28901
21075
35564.7
20230.8
25689
23476.9
25313.9
22851.8
42766.7
32215.4
20012.2
25199.4
20843.1
30907
25494.2
37523.9
32665.1
30543
23901.2
23610
29599.4
28862.3
28756.6
33975.8
27527.8
28388.5
13376.2
24640
31849.1
27880.4
24781.2
26002.9
24894.4
28334.4
25252.9
16725.9
21019.3
31904.2
17377
27449
35925
22714.3
24776.8
29360.8
24739.4
22822.2
32736.1
25258.6
28046.7
26798.1
31415.5
23988.7
36689.4
22310.5
22835.4
21882.6
27957.3
19783.1
32542.9
21192.1
20322.3
27080.9
24852.2
20048
26063
20534.1
29680.3
27739.4
26083.6
23329.9
24119.7
24528.5
39202.6
20265.2
22088
30468.3
19698.2
16085
16359.8
30685.7
38702.3
10465
21515.9
15488.6
21601.4
15461.6
31043.3
14949.6
33139.8
23257.1
17607.7
15893.4
25915
28050.6
27330.3
34638.7
24460.6
26218.7
15272.6
26952.7
27133.6
22851
34609.3
20028.4
24635.9
39002.4
36201
22803.3
32582.1
20157.4
21412.2
21699.1
29477.4
31046.9
32838.9
15583.7
30899.5
22589.5
30359.6
33897.5
28006.5
34051.4
23700.2
16733.4
26694.3
31720.6
32675.4
16345.1
24753.2
22008.5
21523
31807.1
28467.7
27104.3
25721.2
28715.5
23294.6
25273.9
24585
39025
23178
31537.2
28285.2
15162.2
25839
43627.4
16720.5
32423.7
29253.6
25200.6
22953.3
23655.2
28555.6
21838.1
36747.6
17133.4
21238.1
26272
30653.8
28794.8
21898.2
24601.4
30351.5
28973.3
24434.4
13058
19733.8
16987.8
25205
25140.9
11737.4
22773.8
15026.9
31053.8
17860.2
25551.8
18432.2
20471.6
26327
25605.8
25917.3
26286.4
24777
20707.2
24233.8
25837
33956.8
29150.9
25399.1
21654.2
23293.4
35251
29661.8
19385
25425.4
23470.6
26107.5
26897.9
30683
27549
27033.8
23244.3
23701.7
25783.5
23829.7
31899.6
20995.4
32908.2
28889
18206.5
26351.5
33442.6
34285.9
30691.1
28875.4
24821.8
18086.2
19078.3
25663.7
30604.7
22914.6
25245
14491.4
23917.4
18705
26807.1
18441.8
21651.9
23407.4
22083.9
22641.3
16154.3
43572.2
21291.3
25299.8
27916
18551.7
22711.8
25821.8
16485.8
16887.4
11755.8
20165.8
48003.8
18739.5
28236.1
21320.2
16723.2
27450.5
10044.1
21996.2
37428.2
25839.4
24004.6
26904.6
20123
21202.7
25654.3
18991.4
24335
26528.1
31698.1
18608.3
18925.4
20119.7
20447
29892.4
17927.6
20127.8
31996.7
16872.8
33815.4
23221.4
28605
18377.9
13011.8
22336
23553.8
34473
26639.6
21312.8
22405.6
17103
31220.6
21475.4
29135.1
28247.8
23334.5
27947.7
33159.1
22605.8
17977.4
30640.3
36039.9
23349.2
23487.8
18076.3
34251
17437.5
28012.2
19964.7
22255
24242.2
21697.4
29401.8
33290.2
23469.1
26694.6
31546.8
27159.6
27369.2
25112.6
28055.8
32505.7
28351.1
21379.6
31927.4
21122.6
34117.8
20467.9
21152.6
28892.8
29814.6
27791.9
20792.9
18281.1
24768.2
28792.6
29564.6
29336.5
21409.3
21379
21325.2
25178.1
29916.6
21659.3
26636.2
25736.8
39393.1
20917.8
24837.2
22281.2
31400.3
23028.6
26735.5
28338
33787.3
20278.9
31117.6
23411.7
24329.5
28522.8
22847.5
27018.2
24977.4
23292.9
27399
21878.5
14054.1
26849.8
19701.8
33900.3
23907
24546.7
34998.4
18825.7
36540
24422.2
23934.3
20875.8
26909.4
29225.9
20339.5
22966
30499.2
23080.2
29593.5
38229.4
38367.6
23829
19194.2
24877.8
24962.5
27423.6
30645.5
47227.3
18462.1
30787.1
33727
38267.2
30825.8
26990.6
27203.8
27637
28767.9
34066.1
25858.4
28742
25437.1
28591.5
26765.2
21756.4
29186.5
34063.5
35360.8
22550.2
22806.2
42754.5
45244.3
34973.3
31276.3
26592.1
24161.4
31987.3
29465.2
36101.9
24635.9
20175.4
36647.1
31326.1
31231
32182
25642.7
26711.6
19786.5
28653.6
26797
34140.2
24254.6
35596.8
25925.3
21746.2
24729.8
31325.4
24285.9
34833.2
20044.8
29398.2
36334.6
42813.9
29934.3
30219
27753.4
25595.8
36013
39064.1
23315.4
31920.6
27833.2
29972.6
31548.2
23836.3
37471.4
31289.9
35524.8
33748.6
26456.6
29258.1
41035.3
33429.2
28271
31260.5
26798.3
38213
18743
25269.8
24064.2
42445.9
23236.5
23860.6
30016.5
21879.3
26878.6
29798.1
23352.1
19357.9
25622.5
35472.5
29128.7
34629.9
25658.2
26744.8
27305.3
30499
33067
19767.9
20244.6
23896.1
37187.3
30867.1
43610.9
35117.3
24289
25382.5
23172.1
31448.6
26347.4
26042.5
33443.7
19259.4
22717.4
29098.5
19564.2
28663
24057
25592.6
27986.2
23057.5
23098.2
22598.2
32247.1
20284.9
29430.8
19752.6
26216
27243
20657
27994.2
19195
21101.3
20778.8
16564.6
24685.8
40389.8
21795.3
17696
24640.3
27354.3
22932.7
33310.4
20309
26886.9
21383.3
20269.9
19094.1
22429.3
28489.9
35449.4
23210.1
16495.9
26609.4
21229.4
19377
23020.6
26202.5
12851
27413.2
22481.6
16005.6
20098.9
19872.7
26054.5
18460.3
31941
23165.8
28236.2
25616.3
24905.2
26385
18617.4
24071.8
19605.7
29880
13244.8
28136.6
18039.4
37622.6
27258.6
16983.8
24851.9
18979.9
23796.9
37748.6
24335.1
26342.3
22009.3
29101.4
25380.2
19574.2
25633.8
35061.2
22174.2
27357.3
32277.1
26746.1
17283.4
29829.1
37537
25783.8
30777.5
27911.3
14507.9
26894.8
34563.6
20394.6
30224.2
37103.6
26226.6
19732.5
44038.2
25381.8
32103.6
24115
36845.4
27447.1
23514.9
25596.5
27088.3
19927.2
33135.9
17551.9
18319.4
31979.4
36099.4
22362.4
18801.7
24673.3
25777.7
21609
60060.9
24213
24703.8
29441.1
16905.8
38618.9
30605.9
30906.1
34503.2
13908.7
27509
26884.2
40602.6
21755.3
26901
27853
22743.7
27078.6
22442.9
29257.1
24879.1
33105.1
18498.1
37116.2
16681
19750.2
32425.7
29117.8
26002.7
27613.8
17373
22074.7
23982.7
31372.7
25261.8
32758.9
29931.3
22503.8
30929.5
34570.3
34362.5
24003.4
35523.1
26152.3
30246.3
29117
28957.8
27699.7
22932.8
30150.8
25667.5
27135.7
24272
19315.8
22084.6
37381.5
21408.4
28892.8
22174.3
35381.5
22028.2
28873.5
32853.4
23684.5
20749.4
25055.5
43378.6
32389.3
22922.1
29922.7
17019.4
30260
26411.4
37706.6
31447.9
22030.8
22783.8
24050.9
27161.2
32409.8
20393.4
20612.5
20451.4
26926.4
27086.4
30452.2
33374.6
23020.7
22663
23372.3
19891
34896.2
35007.7
24529.4
39655.5
24427.6
39592.6
30713.4
37665.7
27811.5
24185.9
36894.2
27086.2
41469.8
23730.4
23020.3
44835.4
40948.9
34901.8
28793.7
24116.8
36871.7
30106.2
34486.1
23223
29253.8
24214.2
30109.1
25536
14874
30379.8
25936.9
40950.4
36305.6
23479.9
17270
23225.8
22136.6
31313.8
29432.8
25359.8
25144.8
30484.7
37739.8
28529.8
24809.4
27884.2
17470.2
20776.8
41702.3
30130.3
29671.4
49609
25231.3
26828.3
24757.8
31501.5
27941.4
23554.8
24485.9
25654.6
33334.2
31123
19487.7
21371.5
33282.4
27984.4
23825.2
24267.7
26178.6
24918.3
29459.1
19009.4
25961.9
35515.7
25004
37790.2
27781.9
31346.4
21256.7
21759.8
28454.3
32146.9
27877.8
32069.3
32386.1
28370.4
31702.4
36364.7
23474.2
26572.5
16411.9
27329.8
38931.4
22823.4
23874.5
22359.8
19491.8
34302.6
29717
30873.5
40610
17857
22665.9
31360.7
29446.2
24175.5
23175.8
34004.8
26993.1
32137.4
27546.2
36681.1
20587.8
25840.4
23415.6
34431.1
29439.3
24825.5
34263.1
19560.9
27180.1
38994.9
30137.8
24143.8
34296.6
12014.5
28871.3
29413.1
41219.8
23018
21359.4
31156.6
39633.1
26126.9
49869.1
27465.6
20266.6
24375.8
27382.9
40816.4
34141.6
31172
28938.8
27125.4
30406.1
39748.5
27438.5
28295.2
24522.2
27161
29634.8
34184.2
28677.5
39554
20970.4
36910.5
20715
26571.3
28945.8
33705.8
36183.4
26118.9
19760.6
20634.2
26839.1
26307.2
26171.5
22710.4
32286.1
29564.2
16051
22615
24496.5
18759
22220
24859.4
22781.8
23016.6
20172
28726.5
32756.1
14280.2
24347.2
23294.9
18467.4
28519.3
16790.5
26421.1
28164.4
23582.4
22491.4
27083.3
16979.6
28104.6
34417
29574.5
22127.7
28536.6
27667
15634.7
19166.8
31004.7
30525.5
15376.2
27174.1
21829.3
22260.1
26289
36137.8
18808.9
21445.9
25428.4
27798.5
25121.8
39597.7
24897
13560
22657
23335.1
23499.1
27097.2
18682.9
21108
18796.2
16538.1
23222.1
30661.5
27724.2
27634.2
19100.6
15023.3
30828.9
25989.6
22259
26561
15684.7
12862.2
28979.2
20821.5
20225.8
15045
18061.7
18290.4
25591
22134.4
17061.7
18929
12737
21890.7
26545.9
34326.2
17314.4
25556.1
12753.5
23207.4
19650
29007.7
27482.6
31897.1
22062.6
25868.5
27504.9
20009.3
21309
31281.5
29259.1
23869.2
30981.4
27796.8
20476.6
37279.4
25890
25159.7
28594.2
29460.7
21609
22873
27855.6
17288.2
18791.4
29705.5
23400.4
39681.4
18090.2
24424.2
25109.3
19283.4
38164.3
24771
21949.3
19152.2
15510.6
24624.3
28135.9
26209.7
17009.8
32748.4
26711.1
9715.92
17518.6
19023.5
16281.1
29355.1
20032.3
18597.7
17830.2
12323
21933.8
22825.8
24865
23838.9
34796.7
24313.4
31752.3
20357.8
21824.4
23082.8
26261.1
30977.4
24682.6
20905.6
27777.4
20860.7
31503.9
27856.2
21552.6
19840
21725.1
19147
22004.6
21903
30213.5
25800.8
14979.4
18652.9
20130.4
16459.4
33177.5
29368
19630.1
28133.8
19506
19985.3
17001.8
21470.7
23609
25505
31612.2
16051
14564.6
18736.4
35873.3
12972.9
36804
34047.7
21267.8
24257
35038.2
20925.4
14199.6
15308.7
32672.8
32603.9
40090
22209.1
24255
23071
24562.3
24907.4
28213.2
19587.8
20522
14640.2
23655.3
28046.6
20487.4
29719.7
17807.8
29753.2
20024.6
29120.2
24677.1
29848.6
20572.5
39275.2
21146.7
44166.4
21876
23237.4
26636.2
22808.2
31799.4
22820.2
34287.6
25598
35529.4
23637.2
32965.4
28122
25612
28468.7
24544.6
22499.1
28057.8
24092.4
36616.2
24459.7
29078.8
24427.8
12653.6
19188.7
24896.4
25003.4
16920.3
21157.3
13909.3
19854.7
26566.4
27554.4
33446.1
11610.4
22241.6
29544.6
20630.2
18765
22596.5
21570.9
16260.2
17313.8
31247.3
25685
29226.6
22369.6
17721.1
20744.2
24990.6
28788.8
32373.4
22484.4
29295
19866.1
27636.5
29735
36351
16474.5
20011.7
23427.3
33378.6
30119
30970.8
26532.8
16812.3
26217
27554.1
22503
25095.3
19912.1
24662.3
33807.2
20390.7
23534
26520.8
27511.2
25820.1
22475.4
22843.7
32496.5
16218.7
17608.2
32881
31018.6
27269.4
14912.7
31819.1
29246.6
30143.8
26768.6
16270
28085.2
37022.8
38484.7
25536.8
32431.6
15117
20357.2
31964.6
22019.8
25792.6
25505.2
15254.4
27190.2
35902.7
22330.5
25728.7
22507.3
22345.9
25851.1
29193.7
30685.7
46386.4
26741.9
12977.7
21538.9
25039.7
25515.8
23942
41395.2
22197.2
36612.9
19015.6
29444.3
28439.1
20047.4
36082.6
35100.8
17113.2
28989.4
21006.3
27157.2
27591.4
29723
20946.2
23221.2
32492.2
19594.9
27699
20000.5
28206.2
21930.6
36507.7
23200.8
22419
21968.8
31514.6
26262.7
33348.2
22384.2
36289.7
17382.2
24324.5
27781.6
23094.3
27851.1
19038
24674.9
21049.9
21803.3
25767
24679.2
22807
28418.5
26879.7
30333.4
24067
26887
18223.3
23477.5
32957.8
20802.2
25030.6
20703.7
24251.1
30509.1
15866
45322.1
31127
27737.3
25438.1
27873.7
32758.1
26370.2
26023.1
24515
26284
23901.9
29014.9
22184.9
25864.2
20694.7
21964.6
20112
23805
25582.6
17821.4
23820.8
23008.8
27832.3
21924.8
23834.3
20709.9
26734.3
25051.4
24421.2
22473.3
20248.7
31923.7
26392.2
21969
29211.7
22185.8
33632.2
20100
22617
29053.5
24602
24616.5
20084.4
30005.8
29042.7
29163
28811.6
18068.6
18660.6
27595.1
29625
30965.4
25207.4
27756.6
34427
15661.5
31730.8
28065.1
35348.1
22812.5
20865.5
29028.3
24775.2
33487.4
24483.3
19868.6
18737.2
25808.8
27722.4
23711.2
20675.6
23513.9
23277.1
18273.4
29295.1
29156.4
21422.9
21680.8
20930.1
19826.7
31821.5
20901.7
24771.9
11081
21342.9
26777.9
21227.3
16401
25409.4
15162.6
16749
25103.6
24482
25656.1
23073.4
24729.8
26756.2
22425.7
24602.6
21411.4
11999.5
17388.4
27338.5
24517.7
25660.6
13961.2
30864.6
26286.8
32632.5
22555.6
20117.8
28991
23106.5
27845.8
20125.4
14596.2
27122.3
22925.3
20423.9
22745.2
20102.8
16496.2
14947.4
24985.5
21361.8
19586.2
18884.5
27504.2
20437
21060.4
19963
22648
19039.3
17449.3
23071
25965.2
19338.6
22069.9
19186.7
29252.2
14735.6
20629.8
30727.3
24369.3
22140.4
24318.8
14986.6
24374.1
11454.2
24621.1
22923.6
29179.5
17880.2
31371.9
19775.7
23111.8
26255.1
15892.1
29698.5
12201
16424.2
22836.6
28789.7
31195
17066.7
20654.3
13517.5
19695.7
26437.8
20865.7
24405.4
28712.6
17091.4
30930.6
23415
25605.8
17576.5
20638.6
17459.6
19707.3
20052
20347.4
19922.1
16718.2
25235.9
19859.6
31206.2
10338.7
29332.9
12812.2
24485.2
21277.7
24105.3
22617.8
23712.5
26167.4
19225.3
13401.3
27528.8
19980.3
23418.3
15603.9
16520.3
23689
20926.6
26801.5
24155.7
12324.8
34734.2
17579.8
13937.4
29906.4
22085.7
23143.7
27410
21241.3
27767.4
20411.8
27641.4
17436.6
28125.6
18885.8
16110.8
28398.3
22231.8
20241.9
19116.5
30689.2
8669.28
23416.3
28935
18616.5
25692
19908.3
16256.2
21381.1
26703.2
28311.5
23853.5
19503.3
16250.2
31515.2
17422
29894.4
39017.6
15843.7
21945.2
33977.7
19938.2
26695
27048.1
16792.2
27091.3
29626.2
28362.6
31138.4
18304.9
26699.8
35204.2
29900.7
28395.3
24401.5
43297.2
16980.3
21087.7
21290.3
22470.8
31567.4
27095
27256.1
38379.8
28126.7
30265.8
23738.6
32899.7
31490.2
26045.8
31272.6
35761.4
20424.4
31624.6
29757.8
35571
25887.7
25574.7
23027.5
24087.2
30350.2
42821.4
19683.5
19107.1
36894.3
24015
26404.2
40975.4
24999.7
23826.2
21264.5
23767.6
28514.1
29771.9
24677.8
23789.2
28474.2
29468
15923.8
14017
26901.1
21326.2
30548.9
30006.1
25433.6
15844.9
28738.6
27766.4
25313.5
30251.1
30941.8
20624.2
26959.8
25493.9
28251.2
22940.3
39709.3
23565.2
25509.2
19767.5
25317.2
30691.4
23777
21624.6
24975.1
22026.8
28074.4
23031.3
22835.3
18433.3
28624.8
29145.1
21596.4
15751.5
36410.8
38182.5
25740.9
33836.8
30142.6
27799
36228
23209.2
24515.7
23270.8
35614.7
23520.1
25227.1
32284.2
21775.4
20159.4
24894.5
20157.8
25588.4
33184.2
25554.3
27844.3
16698
25299.9
37183
24648.5
34562.2
18652.6
22307.4
29915.5
37903.3
22673.6
25284.1
22029.5
19809
22637.4
18132.1
28137.1
29233.1
16497.2
32073.6
43727.8
18773.5
25595.5
35316.7
26283.7
39265.2
35494
21173.8
19276.6
28246
28629
30311
20977.1
26599
25469.4
26810.6
34892.8
23416.6
31997.1
18284.2
27769.8
24231.5
25528.6
22303.3
14374
23757.4
27303.8
20251.8
39096.4
28768.4
18175.5
22355
26128.9
38195.1
33549.5
31056.6
17609.9
27657.5
32511.4
33499.8
22696.9
34879.8
24426
21397.7
29238.1
34513
35791.1
25681
22187.3
38557.8
28217.1
20506.1
30697.6
29771.7
20756.2
25471.7
41547.4
18773.4
33648.2
32644
23908.2
30529.6
33412.7
17950.7
34656.2
29808.2
28330.2
21769.1
37510.3
23757.4
31360.8
27235.9
29944.2
40787.4
23443.4
25143.7
30228.8
22362.9
35292.9
29720.6
25542
33805
27595.7
33951
37609.3
30735.6
20680.1
25264.4
24810.5
36280.4
44226.9
24732.9
22377.2
25118.6
33896.3
25623.1
29909
28158.2
41084.5
21034.6
30304.8
23306.5
33125.2
23035.6
28900
31259.8
34062.9
23868.7
30923.9
39194.8
20647.8
24300
34843.9
19760.2
29410.5
23351
30334.6
43901.4
24296.1
42489.1
35703.8
31177.8
29566.6
26939
25535.5
27741
44069
49532
29499.9
28987
30860
39842.2
37950.8
41124
25543.5
19702.8
28581.3
27897
33001.8
35287.4
25783.4
26959.6
29566.7
27766.2
40662.2
20496.2
22876.6
32327.1
19584.8
27931
27138.3
29121.3
17816.6
19890.3
25562.7
31667.6
25106.2
33687.5
23001.8
26252.1
27795.8
28891.9
31453.1
38300.2
26208.6
36884.3
27695.2
33976.6
24708.4
26474.4
37404.5
26042
26375.1
23727.4
35300.1
35398.6
42068.6
31375.7
32436.5
31295
24648.6
26105.2
42221.2
45617
35309.9
28809.4
36985.6
30922
36581.2
30481.8
26323.3
35931.3
32808.1
47252.1
46929
26909.7
35595.5
29965.3
24058.2
36151.8
31198.7
23587.5
30570.3
45953.9
20782.5
40675.1
30213.5
28382.2
28304.2
39919.6
49181.9
27889
23421.3
30802.6
48367
38345.8
40288.4
30157.1
28285.8
33689.9
26701.8
28552.6
28313.4
52237.7
22515.8
22513.7
37367.8
24820.5
23685.3
31973.9
26116.4
34224.5
20198.9
30005.3
25504.3
38093.2
35742.5
28688.6
41925.4
27781.6
25411.2
31407.8
31140.2
26372.6
27294.9
32493.5
35490.5
33531.5
42778.6
36701
30706
24307
25902.3
26419.8
22214.5
27727.4
36177.4
46680.3
32813.7
17617
29318.6
26377.7
21309
32747.5
26464.7
16791
30348.9
23189
23659
26911.8
21747.6
35501.4
34346
20796.6
22055.9
24753.4
21216.5
40349.4
44023.5
21211.4
25827.2
21416.2
29968.1
29052.1
25368
28091.8
23746.9
22991.7
21179
13658.2
33416.4
38127
32489
23946
16469.1
20381.6
24708.9
30408.8
34927.8
28421.1
18258.4
23740.4
22880.2
20330.5
30171.7
22118.7
32257.8
41951.3
18889.2
21891.8
35875.4
29481.3
30087.1
36713
24286.2
21873
22386.2
18093.8
23597.5
34612.2
21755.1
20537.7
19884.4
27514.4
30817.6
26789.4
31157.2
13107
27177.6
22807.7
20623.8
28267
13392.6
22135.8
23590.5
31155
20687.3
41757.8
26896.5
27433.9
23568.2
21699.5
32875.1
31917.8
19118.4
25394.8
27442.5
29876.8
22755.1
21526.7
17747.6
25180.6
31324.9
31971.7
16242.3
20229.5
21211
14085.8
14167.6
30914.2
32196
22485.4
29438.6
23175.4
30789.1
27303.1
20978.6
23161.5
23769.8
17558
35327
30177.4
32244.6
22245.4
21779.3
19855
15670.2
26318.3
33673.9
26422.3
24018.6
34734.9
24630.2
35293.2
26765.4
22580.1
28852.7
35122.4
24029
31025
29498.4
31777.4
19037
18388.4
21696.6
29002.9
31000.6
36669
16054.6
14917.2
31116.5
32191.1
23798.6
33068.2
18561.9
16629.7
27622
28881.8
21042.3
27297.8
16088.1
23117.2
27377.3
38009.3
38962.2
27631.7
23189.2
28552.7
32820.6
38122.2
36111.2
21266.7
25971.1
36528
28891.5
39375.2
32584.8
25550.3
17913.1
35456.2
30730.2
18669.8
45023.6
20130.2
37151.6
31611.6
22523.8
31447.7
22619.6
19462.9
31159.4
28012
33141.5
26628.9
35809.5
21163.1
31672.8
20712.7
32386.2
18533.8
25866.7
23488.4
31391.8
20801.8
19791.4
17267.8
15734.2
29763.4
20660.3
27166.9
29811.2
18605.6
21797.2
18718.5
29293.7
25980.5
19465.7
32507.8
16966.6
21713.2
31490.9
26792.2
22019.1
20673
33782.6
33161
18367.8
20095.3
25673.5
46950.3
30279.8
29074.3
24559.5
23317
24335.5
35773.5
33044
33477.7
30952.2
23438
32298.2
30895.8
34526.2
28808.6
32873.7
20710.4
24287.5
23642.3
32753
24804.2
26617.2
13137.1
25283.7
21267.8
38745.8
24879.3
25931
14550.1
17606.3
16246
24000.2
28442.1
21571.2
17176.2
9866.48
22222.4
16552.6
17704.6
25363
11725.1
13182.5
27364.4
26060.2
22517.9
18282.2
14164.6
16816.9
18876.4
18728.7
19758.6
16931.2
23963.8
35684.4
31823.4
19528.8
22969.1
18372.3
21071.6
17610.1
33576.1
25449.1
29125
25179.7
18740.9
23896.6
22398.4
24831.7
25602.1
22908.6
22579.1
22350.9
19608.7
34423.8
31706.3
24759.8
24052.6
23728.3
19362.2
27035.1
29148.9
21635.7
19836.5
18312.2
18997.3
17567.1
25901.8
20854.5
22306.8
24404
13628.3
28911.1
21667
32873
43015
25906.1
19947
16302
20074.7
22125.4
33483.5
26138.8
18497.8
16104.7
25844.8
26544.1
15764.2
35135.5
20409.9
19404.8
18941.8
22493.4
17317.8
22245.1
18192.7
18932.2
23602.4
18985.5
37687.2
34771.4
17066.3
21245.9
27349.7
21884.6
29392.8
28499.6
22620.7
27113.1
26251.8
20102.9
19441.4
33984.9
23554.8
20903.5
24053.2
30097.4
25845.7
20148.1
21709.2
15042.6
23474
18273.7
31268.9
21946.6
26535.4
34213.8
28176.7
14053.6
21644.1
26009.3
30520.1
17808.8
22274.2
19198.2
33137.2
24893.1
27990.8
21151.2
25008.2
36529.9
22828.1
35170.6
28065.6
27169.4
18453.7
22919.8
25818.4
30956.5
17760.7
26686.8
23970.6
19673.4
27186.7
24625.4
38716.9
19597.3
27536.3
32105.6
27212.5
38989.2
28033.4
25005.5
21413.8
24999.4
25440.2
21348.1
23031.8
31245.7
14833.3
26961.9
20856
22135.8
22282.8
36306.6
23163.2
27839.1
17070.3
30250.4
20148.7
27768.9
36719.4
27637.2
13883.5
24734.4
26938.9
26997.9
27937.1
28774.6
26532.4
22424
21015.2
14653.9
35550.9
20097.8
34958
26690.8
23843.4
22476.7
14642.8
20504.6
21587.2
29090.1
23127.9
17417.2
29705.6
29243.8
20849.9
25673
29017
27770.7
22032.2
22878.3
22876.6
22701.4
29795.6
27781
20794.8
30337
23022.6
30847.8
29410.7
24388.4
32743.8
25924.7
20161.3
35228.2
21231.9
22809.3
24682.7
39461.8
26960.2
28690.6
34352.2
17115.4
21628.8
31323.6
30677.2
30908.1
20320.2
24733.8
28620.7
25446.3
29293.4
30917
21327.8
23985
36483.4
30724.3
23261
24384.4
23888.8
19264.4
31545
31484.7
18439.3
20441.8
25834.3
21656.6
49438.5
25865
26956.7
30023
32738.1
28344.5
29603.7
32452
31274.7
23734.8
19376.1
31303.2
26851.4
32809.4
19904.1
28207.6
27524.4
15467.8
41112.3
23754.5
17335.2
18209.3
26699.1
20192.3
16977
25358.9
35409.8
26830.6
22038.8
40693
29589.6
25636.9
35186.3
29879.8
41576.2
25485.8
22771.3
21491
23399.7
37129.5
37403.4
23895.1
29668.6
34531
29547.2
24011.4
32327.4
19087.5
34992.9
25141.2
29882.6
36632.4
25589.8
27314.7
33432.8
42008.3
42817.3
24399.5
24368.2
29429.4
17598.5
25182.9
41087.4
21786.1
36492.1
35095.5
24684.9
34427
19869.4
20921.2
21343.7
26851.5
31062.4
34400.3
22023.8
41629
28526.5
20331.4
32155.2
24272.2
34674.3
36278.8
21108
30207.6
28447
23637.1
26534.9
25923.6
36650.5
24193.6
25343.4
42155.6
29266.8
26077.9
29497.4
19923.6
15391.7
19208.8
31601
24281.7
34302.6
19846.6
25319.2
27596
22212.9
32911.1
35945.4
23358.3
27014
43259.1
21301.7
24885.9
19295.4
30610.4
30241.6
38220.1
43169.1
31543.7
24362.4
39840.4
23608
33159
38103.8
38797.5
39099.4
34832.3
30435.6
40187.4
27032.2
37644.3
28883.9
32090.5
49735.4
34292
23320.5
40681.2
32752.7
33094.6
27755.4
34579.2
25752
26268.8
30361.8
25257.2
31847.9
33501.4
27537.3
25268.8
29704.9
21220.6
24989.4
49838
16888.3
25235.8
19295
27160.2
25108
19619.1
33230.3
34192.8
30849.4
29313.8
29152.2
38234.8
38515.4
20375.6
28356.9
28532.3
31295.4
34854.6
30732.9
23475.5
24058.3
23453.6
28356.1
32315.6
19995.9
25911.5
18619
23125.3
21294.1
18588.5
38339.3
26934.1
28221.8
27444.2
21358.8
29781.5
25925
21444.6
29208.3
24735.4
20103.6
21449.8
38615.8
36158.2
22514.2
23759.3
18860.6
28515
38654
27759.1
19177.2
25727.8
21283.9
22741.4
31845.5
39544.5
27120.7
33809.3
23109.7
26758.9
24147.4
39345.8
25441
37045
23857.4
18714.7
26306.3
34924.2
28005.5
23859
27860.6
28514.7
36086
31889.2
20913.2
15514.4
14726.3
27038.1
29818.9
27235.9
33601.1
22914
20606.6
27769.5
38682
15362.2
34138.1
21988.2
17941
26559
24489.4
36536.2
31607.9
31194.2
28631.6
27642.7
25071.8
28819.5
24657.1
20537.1
25352.3
22903.9
16817.4
24081.9
30933.6
25372.7
27193.1
19556.2
31750.4
21401.4
22630.5
31485
22151.2
21513
29361.2
27383.2
33070.9
30106.4
22751.5
32073.4
18555.6
36299
32552
22087.4
24921.4
30546.7
28810.6
30884.8
32915.1
21665
26807.8
26397.1
21300.5
28298.2
31751.8
40977.3
23464.7
31311.8
25138.8
26829
30726.5
32045.1
37030.2
27421.3
23393.3
26165.2
22980.8
36839.4
30841
29766
23663
31590
31300
30572.8
43520
25739.4
22146.5
22278.4
25121
30030.6
41969.8
30747.8
31755.4
24832.3
20698.4
22683.1
19707.4
42862.3
34860.8
40773.2
25790.2
30639.7
19311.7
25005.1
24843.7
23408.4
30053.2
18438.6
29462.3
31317.1
32364.6
27683.2
31364.3
18791
19644.9
21180.1
27042.7
27296.5
18470.2
27768.6
26101.7
20305
16109.4
23216
20067.8
15859.4
22876.9
44427
22200
15724.3
28038.6
23940.4
31642.7
32590.7
24110.8
24496.6
29001.9
19438.3
30479.2
25109
21423.9
24095.4
21131.9
21754.2
16022.4
31582.7
24683.7
19347.3
39281.9
20521.6
21871.2
23150.7
33374.9
26909.8
23291.1
27694.6
33637
24301.9
36629.3
34221.6
15222.8
18802.2
14627.5
17170
21730
30839.1
28834.2
13981.5
26426.6
20333
24323.6
25721.9
24372.2
26110.3
26226.5
20094.8
23268
16014.7
22244.6
33356.9
18755.8
19437.7
25991.8
12713.8
26645.8
29270.4
17652.5
24966.2
27136.4
16943
33995.7
24200.4
22680
22330.4
22156.6
27082.8
39517.5
24056.8
23298
24245
24597.3
19567.7
24315.5
36816.2
23714.2
31018.6
24528
30976.2
27466.5
37197.8
25112.6
16971.8
32476.3
23332.4
28841.8
30461.1
25533.6
37177.4
21901.8
28604.2
24708.5
26295.6
21114.2
41770.6
50522.6
28058.7
35160.8
32306.2
19565.3
32273.1
26799.6
29280.8
31043.9
31905.1
23335
24733.4
25133.8
25175.3
29323.4
29634.9
30403.6
32688.2
25742
21710.2
28888.5
27787.6
27918.3
29543.1
36306.2
26053.4
30975
14925.6
42127.8
27412.5
43525.9
48375.4
31109.1
30360.1
25280.1
25064.4
35540.4
36343.5
33609
23782.7
31123.9
22403.7
32939.2
33436.4
37048.4
26902.7
25447.4
22787.8
25052
26722.6
32169.8
19547.3
18110.3
19261
25226.2
32178.6
32974.2
19397
20817.8
21800.6
26234.3
25690.2
26977.3
22895.8
21886.7
23550.2
30297
25426.3
21617.8
17616.2
23835.8
31511.7
35241.7
20631.3
26225.4
19421.2
19434.4
18090.1
25214
18382.7
18778.9
13553.2
18500.3
45910.2
26780.7
20078.6
18169
23053.1
20210.9
28821.4
22395
35415.9
20390.2
15846
35220.2
30482.7
26746.3
20535.8
22628.5
29069.4
25616.9
21249.2
17591.2
26215.9
10429.6
25971.7
32008.5
18567.3
21669
19184.7
22495
23111.4
30882.9
26315.6
20143.8
25381.7
41266.3
19627.8
15196.7
19207.8
21396.4
16728
21124.9
32876.6
32401.7
26740.2
15899.7
22439
22766
18032.2
24758.4
15431.1
30797.1
23213
18045.1
24039.6
17210.5
19985.8
24465.2
19209.9
24036.9
15764.4
16516.8
17269.4
20411.8
32379.9
21496.2
17364.2
29869.4
21732.3
21309
47552.1
32193.6
22275.1
24314.4
11104.1
22547.8
31337.1
23690.3
24273.7
22332.3
13385.6
24713.4
20406.8
16643.8
35462.4
15254.9
23598.8
19095.9
30703.7
24116.2
23184.1
18165
20771.9
20462.7
21516.4
19584.4
26810.2
23417.4
20077.8
27616.4
15849.8
27977.4
17207.1
27080.6
19046.5
25516.6
16698.9
19846.8
20905
32739.7
15032.7
18239.6
24291.2
19517.3
27178.5
14467.4
15248.5
17929
16129.8
14622.2
18410.7
18566.3
24182.6
21120.5
14492.6
24240.8
32888.6
25542.3
20440.9
15523.5
22170.9
24273.7
27568.1
12389.1
28214.4
20976.7
16134.2
28484.9
37110.8
25790.6
19360.7
25774
21435.6
23958.1
13312.8
21517.3
28586.5
24703.2
26956.2
19561
15259.1
17221.2
28849.6
30011.1
21426.7
22649
15703.4
14050
21153.8
20012.7
32601
15673.9
18398.5
21196.2
23405.6
21928.8
23812.6
25872.2
23075
27221
31048.5
19471.7
12306.2
28786.2
20025.8
33090.8
24479.9
22479.5
16441
22620.7
26712.3
29082.3
24804.6
18509.1
17870.2
20370
18843.8
28230.8
24176.2
15220.2
16608.1
47792.8
17825.7
15110.2
25330.5
29263.9
20870
23454.8
22893.2
14460
23241.9
18231.6
15308.3
21645.4
27698.4
23737.5
26031.1
27110
19409.9
16773.8
21961
24205.4
30963.6
11609.2
11696.3
27906.3
12780.8
14894.7
27822.7
18172.9
22829.4
26262.3
15379.7
14182.1
31643.5
25870.2
20311.5
18384.6
15960.5
15567
22072.2
20237.5
28338.3
25512.6
12247.8
18181.6
16609.4
21517.6
31851.8
21346.2
21799.2
17077.3
14712.8
21488.1
17826.4
21914.3
25076.2
16768.2
20893.7
22099.4
17666.7
17662.6
13800.8
25632.6
23127.5
22883
30742.2
22911.4
18791.4
24970.6
12807.9
21360.3
20852.9
15240.7
25441.4
21553.4
22043.1
18911.9
17945.2
17515.3
29623.9
27015.6
19554.6
16221.5
29044.9
29007.5
26065.7
35188.6
27776.3
18359.9
14879.2
18209.3
20382.2
19626.3
25153.7
12358.8
19616.6
23721.6
27010.2
23313.4
16383
17726.7
27749.1
20982.2
19269.7
17001.4
27446
19412.9
25533.3
23154.5
25832.2
22650.8
18647
28071.7
16544.6
16762.2
19244.2
27219.9
22893.2
16957.8
15766
16027.4
35779.7
22775
34288.6
22811.7
21412.6
18277.8
16401.9
20107
23018.3
21908
17084.6
30658.8
20598.4
23383.2
22967.2
19414
10550.7
26913.5
22714.9
32917.4
27370.2
20703.8
21757
8499.12
31496.7
17555.6
40051
18593.9
19764.7
20798.2
22083.8
20632.7
17958.6
24136
20184.3
29872.1
26911.3
21797.1
21523.5
22104.6
35987.7
23434.2
25511.2
41601.7
14470.2
20858.8
17162.4
32088.2
26904.3
31562.6
26189.6
20721.3
32073.1
24309.5
24699.8
26708.3
26452.8
32294.2
30741
24312.6
37099.4
30788.7
16450.4
18089.2
22746.5
39073
27126.7
30422.7
30371.1
18344.7
24836.3
29561
37807.2
21620.8
26396
32079.7
33909.4
25100.1
33869.5
20281.7
33200.9
31729.9
28199.3
16352.8
19216.2
31431.8
25131.3
28211.6
22364.9
16174.8
32017
26135.2
30759.5
32037.7
14327.1
26594
23537.2
22737.8
29578
39303
19610.9
28288.6
18915
29424.3
34640.9
32659.8
27635.2
34140.6
23800.8
19871.5
25440
28732.4
27080.5
42225.2
26247.4
33567.4
25592.2
21176.6
22458.9
21279.1
33250.2
34769.5
25810.2
25530.7
19861.8
20230.3
32785.1
24601.8
36688.1
30173.6
17899.5
26811.3
30694.6
37740.7
32213.4
25272.1
32749.6
31068.1
28159.3
39122
34751.8
26324.2
23908.5
20827
33635.2
32415.2
31917
19933.8
24136.2
22572.5
25196.6
22617
28943.2
22285.8
29562.6
19905.4
22478.8
29214.1
26800.8
28010.6
30310.2
24621.9
24550.8
20474.3
32453.3
24100.5
33732.2
27095.4
20829.6
39331
24875.5
21932.2
39171.4
25313.3
28349.3
33589.3
38124.7
16586
17107.3
28158.6
16598
31796.8
30300
30892.9
28317.2
26126.4
36727.1
30877
25597.9
30716.5
28022.6
18599
26844.4
28945.5
21157.4
23294.2
23410.8
28217.2
30276.5
28421.3
24763.8
38435.4
24930.2
33485.8
20811.7
14785.2
30439.9
24427.8
33986.2
25222.6
29768.1
24431
26545.3
29149.8
33662.4
36753.9
20541.8
19902
18292.3
22600.8
29534.4
32547
27834.8
15525.4
20245.6
26816.4
45259.4
34188.5
29895
21939.4
28784.2
36174.7
24697.2
31702.2
26956.6
23918.2
37697.7
42645.3
33506.4
25770
24828.9
21762.6
19734.2
25983.2
28291
24250.5
37052.2
23681.8
20784.2
23745.4
24675.2
20269.2
29423.8
36612.6
20575.8
23102.7
28842.6
16297.4
19628.4
20661.4
25599.9
34891.9
32083.2
15553.2
25907.8
24453
20525.5
19365
17080.7
23915.4
31016.9
37357.1
25127.4
40954.5
22108.4
17458.6
35349.8
23224.5
22747.3
34107.9
32355.4
33446.6
28370.6
25881.8
25831.1
36324.7
30184.6
27349.6
40037.4
25132
30771.9
28422.2
29019.8
30180.5
24840.6
20841
33081.4
21132.3
30261
29548.1
27103.8
32953.3
28257.8
25787.3
18684.6
26453.8
30172.6
16172.1
24277
23695.3
28450.6
33714.5
22506.7
25239
29128.3
22434.5
36985.1
23059.6
35566.7
33371.8
24511.9
18243.5
29138.6
21120
29222.8
39866.5
23132.1
32179.2
12341.4
36969.4
26141.7
27392.1
26554.7
42023.8
20678.2
34163
25045.2
29721.4
32349.5
31929.8
21590
28926
16905
24929.1
27915.4
15647.4
18052.5
28949.6
19325.8
26359
17958.8
27801.9
23913.9
18057
22233.4
37253.9
18563.8
31979
20602.4
22960.4
32491.7
24717.8
27280
33119
29082.6
27918.3
19160.2
33671
28140.4
36969.5
24694.1
20664.4
26906.1
22902.5
17085.1
22086.6
27007.8
16564.6
27980.6
21582.9
26338
31121.3
18512.1
26213.1
29884.1
26607.9
28313
32736.2
21436.1
35245.1
23609.4
21208.1
30723.9
18470.1
22493.3
26586.7
22762.8
17117.6
28110.9
24540.4
38990.7
27844.8
33437.6
20615.7
16817.6
33648.5
40983
28111.5
22674.3
20828.4
24867.9
20870.4
23653
22517
28246.9
26842.6
23731.2
27359.4
25184.2
23649.1
20310.6
37445.3
18291.9
30138
21474.8
14428.6
20411.3
32685.4
26704.7
30429.8
24107.9
29247.1
21760.5
22067.8
22724.5
26892.5
23850.2
21530
21866.6
23147
19085
34479.4
21947.6
26226.4
37380.6
19463.5
18917
22087.2
26680.6
28315.4
18881
22267.7
22235.8
27844
40387.7
34903.7
19276.5
21801.4
24038.8
32740.7
26809.8
27425.4
23246.2
20921.8
22287.9
23361.8
31453
29137.3
24039.4
27316.7
32376.6
21575.3
21749.8
27184.1
21821.4
26018
23203.7
22114.4
20713.6
25455.1
21477.4
18211
31911.8
27388.8
18346.6
22395.8
26780.8
31430.8
18165.6
18638.5
23829.4
22221.8
24151.5
31877.4
23313.7
24745.3
25521.5
29472.3
27279.7
17199.4
21628.4
27499.9
18337.7
19570.2
18723.4
18431.1
29311.4
25188.6
25846.8
18364.8
17922.8
27513.7
31787.4
18040.6
27183.9
26030.1
26716.5
18143.6
15909.7
24999.1
24513.4
24642.8
22328.5
28206.6
19980.9
31225.8
21711.6
23759.9
21439.5
13980
39119.4
25194.2
22173.4
31003
15983.6
27622.7
34067
31406.7
33063.8
26780.9
21319.6
28304
21213.4
28293.2
32058.3
21906.3
28940.6
27151.2
16253.1
34508.1
29251.8
29579.2
28849.8
15863.1
29482.8
30255.4
27171.5
34827
31900.2
21762.8
26865.3
28476.3
44088.5
27693.3
31370.2
36630.7
22181.6
32455.8
30949.7
19203.8
26359.2
35074.5
20431
28596.4
29850.7
22041.1
18912.7
24187.9
32559.7
27687.8
21629.4
26380.4
28139.1
34823.6
34059.2
33488.6
20106.1
21143.4
23421.1
25165.8
31399
20651.4
26109.2
26247.2
21704.5
25866
30639.1
23499.2
22976.2
19294
23012.4
17640.4
38574.4
22084.5
19526.3
16528.6
21107.1
21714.7
29066.3
23342.2
31631.2
37277.6
12245.7
40134.2
24444.2
28831.4
18519.8
27780.6
24935.4
32618.2
25854.4
26173
16951.8
23112.6
21175.9
27761.4
26523.8
16831.9
19065.8
19200.8
24909.5
29586.2
23990.1
23013.8
36834.3
34360
24016
21428.2
24380.6
27311.9
31089
30618.2
35254
23400.6
34309.8
32186.6
23527
26678.4
33609
31003.1
25887
22683.4
31781.8
21004.6
31600.2
37885.7
25261.5
18969.8
25436.5
26969.7
18339
24667.7
23980.4
38865.8
26687.5
29598.6
21433.7
22667.8
26610
33681.3
33138.7
25012.2
24114.4
29695.1
19279.4
22921.3
37842.5
21987.8
17240.3
21034.6
28951.9
37844.6
26803.3
21945.1
22317.9
21252.1
37104.7
35416.8
25931.7
21119.3
26260.7
20011.9
36925.6
29964.4
33781.2
26434.2
20552.8
22498.8
21052.6
32499.9
27293.6
16755
21689.8
37268
28277.5
31175
15305.2
18894.8
21213
24766.1
30913.3
18470.8
21423
33237.9
20281.8
18195.3
24028.5
25354.5
30465.8
24877.9
20069.2
27207
22120.8
28410.2
32798.6
20109
22183.7
26901.8
23248.9
28883.8
29144.2
39724.6
25863.4
21921.4
33190.8
22893.6
36620.8
25175.9
20239.8
20580.6
23338.9
21764.7
27365.5
22201.3
22140.5
14031.6
33590.6
16786.2
19687.7
22811.6
22356.2
21597.1
29058.8
25459
19943.3
28543.4
26292.9
37718.2
24342
34097
16817.5
17647.9
27083.8
25991.5
26852.2
27840.4
21828.3
29392.1
23273.7
19825.9
31623.7
28675.4
24962.4
22530.4
16972.2
31787.3
26021.9
18704.3
27391.2
21377.4
29037.4
27529.5
21060.4
20188.5
25511.3
19162.3
25600.6
16516
23238
30573.1
13545.2
27368.9
27189.1
19827.3
28065.9
49503.3
19450.4
18297
28088.5
34365.4
35289.9
19468.8
14880.3
18411.4
26561
30117.3
26372.3
27418
14985.8
17076.9
44859.5
17950.9
36492.9
19605.9
20583.7
24777.4
22536.6
21558.4
31760.6
25100.3
19546.2
23792.8
29487.4
21715.8
27556.5
20899.9
25626.5
20354.6
23431.4
27575.6
22271
27789.6
20369.6
20798.3
32286.2
18294.8
27849.4
32004.9
24821.4
21563.3
20336.3
25027.2
26386.1
27227.4
17058.5
31565.8
26042.2
26555.4
36269.4
18467.1
25774.2
37163.5
24714.2
29524.6
24138.3
31072.8
19944.9
22379.7
27144.6
22136.3
25511.8
25842
37204.5
23711.4
24112.8
31543.7
32474.9
35011
27888.7
21895.2
28108.6
28677.8
29785.8
29938.6
16133.8
24376.5
28399
22414.7
28529.5
23353
24086.6
24557
20053.3
15386.2
38192.8
20308.4
22888.8
16885.1
36271.4
21893.4
13786.1
26611.9
21578.2
21531
24144.7
25502.9
18320.2
26629.6
27648.6
21869.2
32044.8
14506.6
23503.8
22813.9
30897
36084
28750.5
14752.9
33114.6
25643
27047.4
25633
28665.9
31227
17391
29550.2
15813.4
18346.3
17840.2
29457.1
25112
29351
18779.6
21467
22032.9
25430.2
30849.6
24966.4
31977.6
34306.6
29232.6
21435.6
27365.3
21835.4
36009
24161.3
22193.2
17212.4
20182.9
27995.8
22967.9
22591.9
20056.4
20106.9
38275.7
25728.1
27900.5
33064.2
18935.8
30218
28660.2
30567.8
24552.1
30865.4
17903.8
29033.4
20970.5
34862.4
29779
21868.6
24628.8
28711.4
32927.7
36786.8
27435.2
36742.2
26388.6
22670.8
26894.9
49238.8
22466.3
32798.1
26524.2
31820.2
31607.7
29611.4
36690.6
33502.9
19656.4
20566.7
27761
31460.6
33489.4
25925.1
39073.8
27717.9
17486.2
40365.8
31445.5
26881.2
36032.9
25614.6
29877.8
31441
23112.6
23609.1
27167.8
24164.2
29454.8
17871.6
26027
27787.3
29470.4
29453.8
28301.9
23512.2
19573
20427.6
40907
49829.8
19927.4
26143.8
24969.4
30286.8
29636.6
34140.2
28281.1
25192.6
19709.2
26212.9
15628.8
23294.5
31800.6
18808.5
23597.9
22947.3
20834.7
27761
29635.8
26825.9
25579.9
24282.2
21180
28530.7
28412.5
38657
34047
22860.6
18966.1
22873.4
24914.8
36710.7
29046.6
24114.8
25580.5
38103
27630.2
31203.5
32155
42666.6
26082.8
32157.3
35195.8
27519.3
21829.4
31220
23263.8
24411.4
35798.5
36902.6
33532.6
18478.7
32707.8
28561.3
38337.7
31175.3
44019.4
29666.1
34661.8
17441.4
24693.8
37143.8
24353.2
27505
34426.3
21587.3
24309.6
34720.2
28761.2
35361.7
31996.6
18859.4
25165.6
24480.2
20081.8
37433.9
25716
25352.8
21833.8
23501.8
24066.9
24003
32305.7
26820.6
37350.7
24647.8
38090.6
33332.5
23761
25064.6
27671.3
20514.9
26598.5
23571.6
16671
24266.2
26308.7
37770.2
35708.9
17768.6
19833
33897.1
17333.4
22112.2
36958.2
46358.6
25037
30945
26510.2
32888.6
28164.7
32536
19181.4
26568
22227.4
42119
30503.2
32884
17104.8
21919.6
20080.3
32426.3
32198
31641.5
22782.5
19681.3
26877.8
22095.6
30303.8
35353.4
24508.4
18731.5
18115.6
32195.5
19149.3
37581.8
33648.9
21162.5
29445.7
19036.3
29816.8
33894.1
27984.8
30955.7
16703.4
22068.9
31102.2
23685
33368
25558.4
17584.5
32039.2
30243.4
48733.4
24319.8
27703.4
34466.6
25873.6
28635
22993.6
42764.8
30781.3
24705.8
40396.1
32026.3
34409.4
33463.9
18181
27180.2
19776.2
32965.5
42726.4
25472.5
17740.4
34647.1
24429.8
24686.7
36895
37485.8
23853
26253.4
32950.6
23836.6
23787.6
28555.8
23136.2
23700.2
15024.4
21242.1
23629.1
24702.6
22044.9
21240.6
14357.8
24850.6
11695.1
18630.6
25912.2
26037.8
24908.4
28027.8
20839.4
22001.8
16200.5
20225.4
26283.5
24970.2
15704.9
26030.6
24675.8
28844.9
19293.3
20887.8
22428.6
24834
25383
27119
21866.2
17624.5
20974.7
22763.8
30735.9
22770.3
20974.5
14571.1
28793.4
42020
20211.6
27010.3
23266.6
14864.4
22250.2
30960.7
29302.9
19770.2
17160.4
20913.6
21794
24811.6
30481.8
32877
18939
18230.7
18390.2
32348
28003.6
16684.1
28796.4
23393.6
17792.5
34867
23183.9
28135.8
20704.1
18256.8
28477
46178.2
28968.5
45632.2
21380.2
29522.5
25045.2
26056
29645.1
34206.8
25258.2
28397.6
23421.8
28125.4
35811.8
31304.6
30465.5
30721
30082.6
24144.6
30322.7
26887.1
24127.2
28298.5
29321.9
20907.2
22987.2
22459.8
34088.8
26652.2
24089
18722.9
21327.9
21906.1
30145.4
22011.3
25900.7
25340.4
21482.3
21614.6
33169.9
15363.7
19558.4
20072.6
14921.7
30350.7
27144.1
16889.1
19763.3
25188.4
19429.6
26937
25178.2
23033.4
26860.2
36587
21224.5
20199.5
26573.8
22421.9
18659.8
27421.8
31681.5
23613.6
25294.6
22456.9
27988.6
30315.7
25477.7
27528.7
25910.6
22297.9
29983.8
30368.1
20898.4
22654.1
24925.1
13262
22023
22818.2
15640.6
22487.7
30454.5
33866.8
20204.9
7981.2
20791.1
25697.8
25030.4
25241.8
17614.8
16325.1
22652
24434.9
19359.7
22247.8
29021.5
30943.3
22811
24977.8
19331.5
23641.5
23712.1
26541.8
17333.8
35982.2
21567
11726.2
28712.2
22928.6
21365.9
26788.6
15803.1
11383.1
17075.9
19893
13485.5
22519.4
19252.4
15091.8
18135.7
15697.9
20979.3
16580.8
19224.6
20253.4
15860.8
18684.8
23103.4
20068.8
22501
22886.5
18230.8
15105.6
30094.9
21281.2
25972.2
13450.2
23286.1
28950.3
33676.7
34831.5
15552
26310.2
27109.8
32125.7
29964.1
31596.2
26323.9
22910.8
34215.1
40178.9
16619.4
25629.6
35515.5
31970.4
20928.6
20055.8
39194.5
24593
25750.3
27473.2
39849.4
30553.9
11640.5
21875.8
21254.8
30625.2
34298.2
27641.8
35344
25424.5
23289.8
37171.7
15884.7
24356.8
36498
23817.4
26837.4
25571.6
22368.1
19561.1
33412.4
25743.2
24427
18267.2
17275.5
28086.6
23252.9
30376.5
27125.4
17584.1
13283.4
24794.9
18881.8
30703.5
26177
27133.9
18100.7
20687.6
21401.4
23422
29699.3
22256.3
15212.8
31194.2
40294.1
23985.3
25830.9
18774.4
15666.2
26565.4
34620.3
31776.6
23365.8
24931.4
27031.3
21570.7
28108.4
26551.8
26908.3
17851
23580.5
26444.4
16945.3
23980.4
17919.2
28782
19157.4
20510.2
25106.2
22689.6
20031.4
22734.9
16003.8
20202.9
10465.8
21770.6
21707.4
20625.5
30803
15726
19914.7
21020.3
33036.6
14123.8
33020.6
10667.8
27595
23425.2
25760.8
21653.7
20685.4
15595.9
12456.6
27917.8
36127.4
33935.5
19322.6
31020.2
14424.7
33162.6
29669
25099.4
25696.1
24140.6
20994.4
16783
33619.3
19731.1
46483.8
24309.4
25386
16396.1
22607.1
20746.9
23917.6
20456.2
27603.2
22263.8
20143.9
23783.8
18800.5
13377.4
25200.5
19981.5
16327.5
23978.8
30363.4
32405.3
35029.4
19950.2
13168.8
20863.2
23512.7
23562.6
20948.2
23420.9
16113.5
18242.8
26856.4
19030.2
25651
23606.2
24216.1
31846.5
20934.2
19981.4
17654.7
26169.8
23009.4
16863.4
18364.6
21445.6
23163.4
13563.4
17826.5
21564.1
15227.4
28922.8
17860.4
16674.9
20690.3
41112.5
19659.8
34673.4
27168.2
19495.9
24263.4
24709.3
19537
20503.4
23405.1
16233
27641.7
18181.1
17311.4
33084
13230
28118.2
26909.8
24270.8
19867.1
16973.2
23505.3
13775.5
12412.6
23192.9
31869.4
17439
22168.6
21589.7
18443.8
23992.6
27828.1
23012.4
42015.6
14883.3
22884.1
29403.5
21147
27191.6
21359.6
22535.8
15286.7
15005
19763.7
29987
21796.6
11623
27210.5
15945
23639.4
16836.6
27385.1
16596.6
28065.8
16326.2
42076.6
20115.4
18343.1
17829.8
22390
30545.7
12368.5
28033.1
17986
30339.7
12977.7
22453.5
22976.5
17342.2
27414.2
20154.5
25866.7
17058.3
18546.2
21018.2
17776.9
22745.1
20948.7
13300.7
18821.1
15133.9
17929.7
32309.8
17431.6
19133.2
16541.9
23698.6
15509.7
28291.9
18489.4
22314.3
14260.5
19020.6
25450.7
17643.6
26475.5
26267.5
16057.3
28858.2
24085.7
11567.5
23863.5
19079.6
13271
33411
16613.4
19493.8
20896.9
18616.6
34917.9
25751.4
18857
20927.7
21988.9
30749.8
16552.6
21414.2
28287
30470.4
20368.9
18647.8
20373.2
22024.9
20432.6
31018.2
28238
17605.8
14005
16619.6
26878
21445
23821.7
30001.9
11730.9
20616.2
33880.6
24942.9
33753
22081.8
28769
18856.6
22804.6
32807
27790.2
18277.5
43075.2
12604.6
26442.7
21830.2
15971.3
21707.9
22445.8
30877.8
17760.4
22745.2
22209.9
34252.2
15646.6
25615
25230.9
33040.8
42114.4
14402.5
24304.3
34307.8
21699.5
36884.6
25711
22903.9
32145.2
26838.6
18601.4
24079.2
29571.2
29215.7
26031.6
23973.7
25299.4
20172.3
26171.8
30218
28468.8
29538
27344.9
17392.2
25101.8
26542.9
33514.1
25287.3
25735.4
20124.4
21934.6
21461.2
27203
26397.5
20664
31550.8
23549.6
21868.6
26226.4
26401.1
17825.7
21409.4
36521.3
34223
22949.2
21471.3
20558.6
32639.6
32984.4
24833.5
36273.3
30935
39797.4
28932
25572.1
29525.1
30209.3
18676.6
27573.4
35706.1
27979.3
24668.9
33728.2
25097
23190.7
30096.9
21536.6
23410.2
16071
27077
33813.2
33486.3
32746.2
33009.3
27224.2
18047.8
31777.1
31713.8
26185.2
22149.4
23015.9
20231.2
31363.4
41854.8
33941.8
25653.8
21097.8
27029.3
33421.2
29658.8
19549.7
20376.4
20943
29124.8
36755.4
23013.9
25001.1
18602.9
16095.5
21471.1
24836.5
28910.6
21601.1
14312.2
31840
26754.7
27710
36443
22821.9
25874.6
29923.8
26661.6
30232.9
26181
25303.2
19252.1
21559.8
21347.6
37285.7
27016.9
31258.4
26023.6
17284.1
27570.3
17048.8
44710.6
23225.9
29165.4
21524.6
24504.9
26544.7
46392.8
26770.2
31592.2
25756.2
28233.1
37658.2
34795.8
26703.4
28748.6
22711.8
24806.6
31628.6
31121.9
33904.4
32709.5
23876.2
19501.1
35435.2
25905.4
30353.4
30956.2
28764.4
32833.7
41308.2
27380.3
25989.5
24354
30446.2
33038.3
32812.2
39249.4
21943
34352.3
34110.7
22999.5
27784.3
42718.2
30923.8
24838.1
22290.2
27659.2
37390.8
41135.6
20522.5
35313.1
22367.4
32772.9
32677.8
33288.8
25292.6
26624.8
22903.1
33540.2
21589.7
32945.7
33253.5
49013.5
25592
28462
18089.8
29316.7
35415.9
39496.8
26806.2
17522.6
25153
28155.9
29116.2
34940.6
38798.7
25833.2
24404.2
23282.9
43070.7
28758.3
28593.8
38747.2
23327.6
24146.2
29669.3
36062.5
29350.2
29616.1
30744.6
31028.1
40471.7
28784
29695.3
24079
39607.9
27218.4
33289.6
33422.9
30123.7
28644.1
45288.7
24574.9
30198.2
35904
35625
31158.2
24958.7
26717.4
32331.6
34135.2
24444.9
22917.7
27840.1
32030.4
29369.7
30448.8
27170.3
29741.5
22585.6
28383.4
26212.3
29600
30255.9
35711.8
23062.8
18924.1
26651.2
36741.5
22190.7
37148.3
31291
34972.9
23699.4
22900.2
26637.4
24210.1
23159.9
26198.2
21972.2
19447.4
20828.3
29434.2
34711.5
19044.1
22889.8
28138.1
26442.6
38313.7
24908.1
22699.8
31395.9
24179.3
33136.5
39043.8
28099.7
31245.9
36980.9
28834
31499.8
42134.4
23500.5
29089
24952.8
28316.2
36016.4
27429.1
34092.6
32625.9
28185.5
42730.9
25862.7
29433.7
38681.7
35991.1
28587.8
23923.3
38252.2
28997.1
38569.2
22485.6
25709.8
24847.6
31476.9
24538.1
31944.1
24543
34815.1
24740.6
29363
26502.1
40358.3
26360.2
29418.3
33253.1
24432.6
26863.8
32516.8
28196.6
23953.8
32469
22944.3
23237.1
23599.1
36151.2
34799.9
36182.2
25647.6
25629.4
22377.8
39001.1
30610.5
27047.5
33094.8
24513.3
24667.9
25544.5
33626.2
25922
32835.4
25723.7
33110.6
38607.6
33249.1
19377
20300
32093
27444.7
26671
32271.7
27421.7
34285.8
25602.8
20347.6
23921.9
21785.9
31338
20062.8
21974.1
26782.2
23102.2
24537.1
25232.6
26754.8
25154
16039
28893.5
28126.3
30815.4
24500.3
21541.5
23837.5
30322.7
33338.7
13283.4
31704.6
17971.5
31543.2
30797
33646.1
24955.8
22405.5
19671.8
32156.2
31936.2
27868.4
31799.8
23995
21384.2
30510.3
22981.6
30643.8
24921.4
29877.1
36391.1
29103.4
22133.9
18395
31905.4
38115.4
18382.9
30464.9
21842
29061.3
28525.6
31485.3
27586.6
14411.6
17048
24566.4
27199.7
18759.4
20499.4
18546.6
26254.6
27692.3
26402.4
38684.1
22096.3
15387.8
33934.7
33068.6
18419.8
24104.2
26520.2
27778.7
14295.2
32169.7
29094.2
29901.1
33329.4
14386.1
29669.1
23959.7
27720.9
19060.6
33635.6
20130.2
26429
22888.3
24876.6
21680.3
19763.7
16679.9
29863.4
22113.8
32092.9
24243.4
17349.2
32955.4
27729.9
26064.2
28085.4
24051.4
18944.2
30012
17066.3
26884.9
30046.1
20187.4
17478.6
24775.8
20029.1
20791.4
25711.7
20533.5
26210.3
21929.6
17022.2
19104.1
25151.5
23926.9
32756
16208.8
21384.5
21431
21142
25542.3
32277.4
23835.4
16829.8
24347.7
21149
27793.6
34124.8
14202.9
18550.4
27468.3
23521.9
25454.2
25303.7
21635.4
27074.5
25742
32695.6
22011.4
29742.6
30208
23946.7
25975
27617
23052.6
22935.4
22049.4
26105.7
24785.4
20310.2
21729.2
18679.7
30600
25554.2
18288.2
16126.4
23872.9
19141.6
32460.7
28120.6
28940.6
22874
17532.1
37162.4
24383.9
26092
43824.9
21236.6
28774.5
19551
23267.4
28168.2
25652
29790.2
23958.8
23170.2
23859.4
34354.3
19457.4
29271.2
23385.5
23202.1
33705.6
29796.4
32170.6
17492.6
21804.4
39790.5
31402.6
23855.1
22724.5
40908.4
34514.8
31288.5
26801.7
29898.2
20495.4
25538.1
29351
31192
23787.8
27095.1
24985.9
26228.6
32234.8
29646.1
29312
23916.5
19155.5
18567.8
34920.4
29934.2
34209.3
22724.4
16691.1
22947.7
33184.6
22125.5
29550.2
26055.8
20183.5
26638.6
22850.6
28944.5
18046.2
19528.8
12559
20221.2
33770.3
23972.6
23356.1
28018.5
32176.6
25430.4
23024.5
19199.6
35030.5
34314.8
22749
17757.6
24561.2
17770.9
26064.8
17324.6
17491.4
19707
17918.2
16803.9
19895.6
35851.1
21352.4
16882.8
44309.3
22077
21788.2
28922.2
17845.6
18437.9
27367.4
26385.1
26331
25231.2
20683
27317.9
37556.1
25654.5
29665.2
32298.7
27776.9
16615
28696.2
32341
32913
24785.7
25479
12419.4
37981.4
26697.1
32171
26333.7
23312.9
27906
21960.7
35996.8
40683.8
26278.9
33806.9
29971.9
36617.2
20742.6
24088.3
30586.2
27993.2
15601
37598.2
18815.6
25077.2
35384
28529.1
31109.3
24908.2
25593.9
31530.7
31451.1
36656.2
25249.1
14111.4
23323.6
28527
27885.2
26364.7
16295.4
18620.7
18610
19977.9
28233.7
27736.2
16463.7
19534.1
12669.4
28495.9
25088.2
45680.7
16352.2
11721.3
18847.8
24111.7
23425.4
19178.1
20758
18187.5
17727.5
12180
14181.1
22970.5
13019.2
23082.6
23052.8
18297.1
16527.8
18269.6
18964
17928.9
20176.2
19599.8
20347.2
22886.5
24841.1
11691.3
18877.4
19703.2
24602.1
15980.9
26899.4
19270.2
36817.5
24925.4
31756.8
16549.6
13967.8
29765.6
29394.9
26346.9
26017.1
21319.1
25945.7
22987.7
25254.7
29984.4
19424.2
17846.3
25062.6
26891.5
17434.7
24059
14823.4
13621.2
27877.8
25321.2
35216
29455.1
14164.5
19617.6
24914.6
26240.6
28456
39562.3
30150.1
23516.6
26610.9
17793.9
18783.8
25095.7
31530.6
31930.2
19600.6
23498
33207.2
27173.8
18537.8
27337.5
22983.7
25263.2
29415.5
11305
20421.4
40391.4
29372.6
21088.2
29313.4
14028.7
27371
32715.6
25105.5
31113.8
24813
33598.5
24803.6
16614.1
37094.3
19956.5
47874.2
20534.6
35760.7
31090.6
30453.4
23350.6
28138.1
22583
39152.8
30358.6
25799
25726.3
32620.2
33371.3
27227
25864.3
21004.6
41273.4
40011.4
32515
29614.6
23810.9
27980.8
23879
40773.9
30234
31411.1
30581.9
21206.3
22552.7
24160.3
27561.5
28294.2
21761.4
30970.4
22012.8
47509.9
24403.9
18909
19639.8
34406.1
21625.1
32623.1
30815.6
23309.4
29400.5
27134.3
31387.4
45761.5
30341.7
34267.6
28847
24983.2
27348
31364.2
29656.1
35441.6
25298.2
28353.8
29805.9
17461.1
26809.4
30261.6
28168.8
28096.3
39653.1
26694.7
27551.8
30873.4
22541.1
22586.5
47962.9
22507.4
32864.3
28465
33911.7
26709.3
38983.8
17300.6
35155.9
27528
30593.1
29621.3
36183.7
22961.6
29287.9
19624.5
27355.8
37488.3
33608.4
25884.5
20730.6
14858.8
30495.9
22789.6
32608.3
30018.1
27590
23983.1
17961.9
29082.2
29555.2
30841.4
42510.3
19391.2
24575.3
29219.3
30253.7
26961.7
23786.1
14152.3
22313.4
24378.6
38303.5
24045.5
21383.8
18743
15169.1
19949.2
18357.4
32233
21303.8
21328.8
34744.5
21901.1
29275.3
26690.2
19249.8
12619.7
34303.8
34626.2
16463
27800.3
23126.5
26881.4
32942.5
35369.2
22093.7
23051.8
18270.8
24425.2
17819.2
35344.9
18837.7
27473.1
27753.4
21581.5
21810.8
24767.4
23330.4
17803.6
19125.4
25472.4
31669.8
23378.6
27690.4
12610.6
25097.4
19083.9
19460
26314
30182.6
15743.4
34079.7
22761.6
17147.4
27236.2
25234.4
16682.2
19290.6
19439.8
16066.9
16400
20219.1
15083.9
21693.8
16475
19352.2
20661.4
27338
11710.9
20949.3
11507.6
22843.4
14581.6
19800.7
18248.6
25981.6
22181.5
16038.5
23074
26783.7
20419.1
16022.2
17913.4
24469
17998.4
23966.7
14926.3
20942.9
25422.7
21406.5
30614.8
12383.4
13368.7
25329.4
35593.2
16912.9
18762.5
11264.1
29095.2
30674.6
18135.7
22596.6
18434.4
24610.2
25552.4
27686.1
27371.4
20532.3
14654.7
11591.9
17565.1
24350.1
35536.9
24114.9
15828.1
14327
22170
25821
30230.2
30695.8
17317.4
21657
25450.6
31809.1
30279
35765
20090.1
11941.9
23045
17574.2
36158.8
24731.7
17311.5
19930.5
16187.5
13551.2
41617.8
21250.2
25882.2
37351.7
21308.7
13586.2
13954
41611.4
17946.8
19443.4
30869.7
22410.6
26876.3
30487.5
26947.5
24777
17151
25580.1
27617.8
16358.6
19899.4
28014.5
12792.9
23570.9
22513.7
22430.4
17817.9
25524.1
13413.5
26690.2
17991
20305
20651.8
30434.7
26679
21089.4
28761.9
26535
14953.4
25722.9
24085.1
31191.6
20038.2
24829
15878.2
15902.6
22711.7
15274.3
20297
16299.9
21455
31437.8
24046.8
20374.3
20029.1
15448.7
23788
19677.3
21243.7
26237.2
15475.6
14490.4
22015
23746.3
17821.6
20005.6
17701.7
15965
18723.3
25951
21895.4
18383
24103.8
32523.5
16452.4
15660.5
13704.2
25056.3
24214.4
30627.7
21837
20272.6
24077.1
22786.6
23365.4
47132.9
21167.9
17790.1
27131.5
24155.5
28063.4
23316.3
29493.8
20871.9
24371.2
30800.7
53540.4
21288.1
26130.3
32017.7
12538
21137
32102.8
37665.8
31587.4
25892.6
29160.3
27787.3
21832.5
35662.2
27477.4
24205.8
26431.4
21367.8
17876.6
18370.6
27438.2
25656.1
27788.7
23931.2
19884.7
23386.5
30440.7
13700.8
46983.9
22875.8
21173.1
30311.9
25140.7
17336.1
31995.3
23416.6
26732.7
17988
43760.2
20984.8
26747.5
27669.8
20457
20350.2
28526
25589.2
20729.4
24961.2
36442.2
33426.2
28537.5
23550.2
19816.7
22047.2
19323.9
28560.7
34138.7
20395.7
27013.4
20384.8
23628.7
23032
33051
19433.7
23657.3
22001.6
23588.9
18670.4
33630.6
19313.5
16709.7
17943.2
29985.6
23965.3
23648.5
20273.2
16959.4
32527.7
23455.6
23073.8
20866.2
24678.1
21762.2
25037
26835.4
24122.6
20734.6
20299
23534.6
31127.8
28896.2
25021.5
26038.1
15545.7
19298.6
30045.6
29711.6
29144.7
33496.6
26079
23176.5
23121.1
23862.7
29770.6
25104.6
19734.6
32333.6
19764.9
38193
22979.7
32117.3
33356.2
16823.8
22957.2
27637
24895.7
24154.8
22192.2
16850.6
18229.5
23513.2
11410.8
30636.2
24985
19638
14219
12113.5
23992.1
23734.6
21946.7
22249.4
26048.6
26988
18817.4
18300.2
25046.6
20358.8
29337.9
20473.6
31336.2
22086.5
17570.6
27575.3
16283
24303.3
21449.8
29478.8
21537.4
17785.1
16227.8
31153.8
19203.6
31220.9
9626.88
19024.9
24092.3
18676.3
24993.9
16303.4
13001.8
12946.6
27013.4
30638.6
31162.6
9655.52
22412.2
21442.2
21831.4
23687
21896.4
19627.2
17299.5
25054.3
31728.2
17630.6
26503.9
20940.5
21804.8
19307.8
25707.3
27958.2
32232.2
30999.6
32417.2
21026.2
19362.2
26292.1
21655
31625
28209.1
23687.4
25591.4
31732.9
24009.3
29510.2
37794.6
27559
22137.4
13178.6
24362.8
24837.8
30200.7
22667.4
17302.4
24862.2
23235.4
23247.6
20423
32186.9
19713.9
24267.8
28881.4
19864.6
31627.4
32912.6
30170.8
25162.2
26883.4
25297.7
21315.7
17247.1
31201.8
39665.2
33243.9
18777.8
30820.3
22638.5
15346.4
39204.3
22671
17474.1
21969.3
20490.5
18592.1
31450.6
24566.8
32443.8
32893.8
24920.9
24767.4
35131.4
41407.2
22898.8
21180.5
24628.3
21780.5
30588.4
29784
30910.2
29365.8
22867.6
26519.1
23195.5
35577
29071.8
17872.2
20278.6
17510
26457.8
29189.3
22130
25656.9
31590.3
29556.2
27424.3
28379
21135.4
25831
24733.4
25071.8
18733
21410.5
38172.2
31616.5
25429.9
19867.3
29007
23731.4
25985.2
36506.3
35618.7
19899.8
44557.6
27016.7
22568.6
28759.4
25898.4
17029.2
30682
23273.7
26949.2
27831.3
33126.9
30243.4
33868.6
31311
37465.4
23531.4
20803.8
27132.6
25783.4
23777.8
26345.8
24815.6
38465
25388.6
29172.6
30966.2
25407.9
33536.4
27801.4
27870.1
18787.5
32163.7
26302.2
21228.2
32168.4
23823.3
20362.8
27548.3
28037.4
30927.2
28447.9
30818.4
13584.3
25644.3
35654.8
28754.7
28651.8
18851.2
14185
35673.8
33503.7
22755
31096.6
28626.8
20284.6
25964.2
34145.4
22961.6
23179.9
21326.1
15482.3
23208.4
39893.4
27547.3
18691.1
20485.2
30104.7
14840.7
34440.9
25943.8
15884.3
15255.4
18336.2
27266.5
20728.6
26368.9
21885.8
27507.8
23975.1
21557.1
19422.2
22845.5
29457
29067
18459.3
16304.5
34604.2
20298.3
23752.4
16254.2
31248.8
21222.4
39665.4
24478.8
28554.1
19812.6
29544.2
29325.8
26594.8
32650.7
31839
19025.5
33759.9
32995
33545.3
45628.8
20736.6
27690.5
28000.2
30365.1
34103.8
24467.8
27875
33757.8
31250.9
27936
24419.9
23710
30531.4
21423.9
34750.6
36650.6
18309
25897.4
27324.4
24995.1
30693.3
29967.4
31937.3
17727.2
32509.3
28474.2
39652.2
29375.1
36604.6
22950.9
29690.9
20841.8
28811.6
27068
29489
27376.8
29200.8
26439.1
27918.6
37252.5
21943.8
36526.5
27879.4
27948.6
26320.3
17516
28673.8
32783
31109.6
34086.6
34605.5
28155.8
33490.6
23327.3
24197.4
32844.2
19225
33061.8
30941.8
30171.3
15078.2
30258.5
18121.6
30332.7
21428.2
32187
14041.1
31994.2
25625.4
23191.8
24312.2
16665.3
37424.2
41772.1
26971
40016.3
30333.9
23543.1
44805.4
35690.6
21190.2
35000.8
26278.3
29673
30774.7
22036.2
44729.9
24670
18933.2
24067
24315.9
33057.9
36544.9
24020.8
25892.6
16704.6
21359.6
32236.6
19579.8
29553.7
38416.2
25167.3
23805.4
32174.1
37483.8
33736.1
25079.8
25182.6
24947.5
28791.4
30448.7
32681.8
39537.9
28036.8
25429.9
20767.7
30674.8
31537.8
39022.6
26041.2
39314.9
31994.2
29548
38373.5
23854.5
31153.7
31616.9
25240.7
31420.9
38339.1
30819.8
32556.7
18821.8
20597
34276.4
37039
26180.5
23417
21724.8
24289.3
24741.6
29045
34145.7
22880.6
20998.8
28176.2
36276.1
44900.5
30386.7
25696.4
31735
14130.8
38758.3
32073.8
19949.4
26897
32817.5
21421.7
26603.5
25484.8
23070
29770.1
21865
25361.7
19564
28449.4
27759.7
30174.4
26797.8
23297
23958.1
20056.2
27958.2
22718.8
16502.7
29856.4
22830.6
11150.7
18263.8
28321
34552.3
23642.4
17096.9
22553.8
24974.9
22763.9
25281.4
24535.7
19085
28105.1
18386.8
18351.8
20361.4
27292.5
30007.8
18311.3
31201.5
35692.1
24651.8
30667.3
22445
24329.4
28401
35197.2
23078.8
28238.6
19402.9
26819.3
21032.4
36041.2
30932
38941.2
16791
27765
20199.8
21456.3
24991.9
29971.8
26918.9
31102.5
25647.8
19349.2
31111.4
27700.7
20395
21223.8
29069.8
19320.7
29870.8
29150.1
24323.3
28631.2
31942.1
19519.1
23385.7
19901.1
26043.1
26453.3
26261.4
21371.1
27963.3
19428.5
23934.6
30277.5
25805
23880
32233.8
16602.2
15103.4
42465
35101.7
39369.9
24142.8
34407.2
37279.8
16776.2
41108.9
34487.2
44582.2
27490.8
19229.5
31843.4
38818.3
28303.6
47455.6
23303.6
36179.7
36520
42582.9
23235
34102.6
21547.1
17714.1
34632.2
21660.8
29279.2
24301.8
17693.2
24177.4
27245
25383.2
36575.7
33207.8
29453.7
23482
30112.2
14254.1
20557.1
20810.6
18677.8
19121.3
19982.8
26787.4
16927
19406.1
18935.8
18883.3
21819.3
30378.6
22537.6
24880.2
27244.4
24846.5
18660.6
24111.4
29507.6
26423.4
30826.2
29742.6
17601.4
17415.8
31264.4
27373
24217.7
23122.5
15713.7
24730.2
25754
20905.6
29902.6
25939.8
31583.3
18241.8
22532.3
19021.4
33242.2
27572.9
25246
25763.8
38904.3
31136.7
20022.6
21477.7
27265.8
26319.6
42207.7
23561.8
24598.1
31483.4
23194
22352.2
30981
31965.8
19263.9
26064.5
27200.2
27173.8
25052.4
21442.3
29547.1
22455
33974.3
39752.3
23815.6
19819.8
24140.6
45315.4
20276.7
31404.2
29778.8
19420
31679.2
29033.8
31191
36018.6
33727.4
23336.6
22952
24187
33220.8
28596
31398.2
25852.1
24566.8
27252.3
31448
30542.6
39218.6
27400
19717.4
29207.9
54059.3
29596.6
27784.6
23468
22271.4
32196.4
29580.6
27905.5
28262.2
35069
22898.4
33511
39688.3
23470.1
28678.2
27509.1
24909.3
28993.5
33929.1
21413.8
16939.5
32359.8
18940.8
32955
33892.1
20180
25966.2
20119.9
34857.4
26366.8
32967.1
36946.2
22946.9
36540.5
31599.3
28456.6
28952.6
27648.2
32120.5
38986.8
25219.8
33596.1
31031.2
23978.8
26233.8
41039.9
28381
39420.6
27698
30668.7
29153.6
25954.2
25636.9
18309.1
22998.8
40026.6
31565.1
39927
23865.3
23980.3
23634.8
21411.3
27583
33573.6
40682.9
28495.3
20720.5
29247.5
37671.1
34810.1
30855.2
34479.4
29134.3
20727.4
35192
30900.9
42227
21539
22556.2
34623.4
27498.4
37424.9
51198.3
25396.6
32262.6
25560.6
31641.1
25961
36010.6
35761.5
27990
21860.6
27245
50013.6
30817.8
28366.4
28590.1
22407.6
28790
35417.4
26047.4
38247.2
32173
23013.8
26680.9
31178.4
22271.5
33975.4
18374.9
19802.4
28976.2
37517
23146.6
28881
21708
28685.4
19663.3
27691.5
32695
36744.4
36593.9
11899.3
22652.1
25359
20126.3
30249.4
14972.8
28871.8
27560
27128.5
28713
25800.6
19586.7
42907.5
26249.7
30192.6
29365.3
26062.3
24857.1
37975.3
32971.4
29663.8
24096.8
20531.5
25906.9
25349.8
33339.5
39018.4
27211.5
17789.4
41477
25533.7
30915
37300.3
36573.5
20929.1
32053.5
21756.2
39772.3
39155.9
21219.8
20741.3
28430.7
34504.8
29797.8
26891.7
25904.6
21515.1
31824.2
27581
22894.3
20139.5
32515.9
21796.3
28001.2
29337.2
30341.9
23825.8
24703.8
26078.6
22124.8
31698.8
22237.8
25463.7
18991.2
27188
14655.4
25552.2
26625.5
17561.6
32397
20758.6
24515.5
36798.5
22289.7
19785.8
38175
19593.2
26698.8
27603.8
15566.2
26073.6
31139.3
24253
29350.2
29319
25895.9
29034.4
19875
31760.1
27352.8
28773
23318.5
20972.8
33759
31319.8
24041.8
24425.6
46426
26152.7
26119.6
31053.1
33114.6
27439.3
25829.2
22432.4
39428.2
34190.9
30774.6
26860.2
24425.8
27115
23307.4
24323.4
31771.2
28823.8
19420.1
31081.8
30131.4
27105.5
31371.8
23290.6
23195.9
23913.9
26049.4
27905.6
27729.5
20347.2
25097
31529.3
27478.3
20759.8
28523.5
24340.9
18545
26959.9
21501.4
22516.7
19910.4
21726.3
19111.4
31367
35073.8
15015.9
19914.6
32728.3
20607.1
23729.6
34509.4
26174.3
23514.5
23465.6
24854.2
27134.8
26517.6
42293.2
19812.2
17802.2
33543.4
30200.1
24010
24556.4
20328.5
18145.3
25360.2
26828
19598
17137.9
15607.1
22197.9
20640.1
29155.1
24908.7
13069.2
20146.2
29307.4
27594.2
36777.3
24736
25941.5
32260.7
23966.8
20333.3
23364.3
26576.5
19094.2
26487.2
16835.8
15279.8
23304.6
19151.7
13615.3
15360.4
8345.04
27392.3
28517.1
21099.1
22109
22164.7
22333.2
26308.7
30741.1
20147.4
23632.6
20360
31755.4
23160.3
32694.7
34323.4
28862.6
20756.3
21504.4
28716.2
32175.3
34118.1
28289
22741.1
31247.7
28714.9
33370.8
31820.3
32357.2
29409.4
33612.2
28270.3
39323.8
33649.8
26835.8
30152.3
21298.6
25856.8
26440.3
38233.8
26359.3
35315
27236.9
22451.9
34229.4
41162
23687
30210.6
17691
30141.1
19102.3
30961.4
35864.6
29340.6
24418.2
21738.8
21779.8
21189.8
38219.8
26606.7
29596.2
13124.5
18270
21724.9
31479.8
37396
26979.2
22567.1
15805
14671.4
27211.4
34863.4
24092.2
16938.2
20081.5
17295.8
24600.6
40621.6
31948.8
12668.2
21570.3
14503.2
33059.5
27509.5
29414.6
22880.2
26908.6
20242
18743.6
17815.5
32440.9
17237.7
22345.6
22964.8
25617
26011.4
18649.2
11777.8
20212.1
23585.3
26265.1
23364.7
8709.76
21167.8
21361.5
41424.3
23434.2
33183.9
11710.9
13453.9
18095.9
29657.8
23225.9
24077.7
13941.6
12872.2
26237.1
33125.8
17333.9
38351.4
22209.4
21504.8
21640.2
24848.2
28931.4
23918.2
32627.9
26049.2
30891.8
30735.9
33025.2
20140.6
21705.3
