scenario;link_type;freq;beam_name;horizon;model_name;mae;rmse;mape;r2;execution_time
scenario1;forward;1s;beam_1;1;AR/MA;5.947539836993124;7.2127537631290375;0.4128903020391245;-0.46560460271676174;0.005918979644775391
scenario1;forward;1s;beam_1;1;ARIMA(5,1,0);6.013864841568559;7.614159878968949;0.29093149092535664;-0.6332722812797211;0.09332990646362305
scenario1;forward;1s;beam_1;1;Random Forest;5.1463658965436725;6.258394499430394;0.3343173090223611;-0.0999916775334384;0.3574960231781006
scenario1;forward;1s;beam_1;1;SVM;21.478031496686775;22.69350498695792;1.374558835250439;-13.463276305173409;0.004590034484863281
scenario1;forward;1s;beam_1;1;GRU PyTorch;6.106806232385845;7.359144994217422;0.4137332027285216;-0.5209615938968368;0.4113430976867676
scenario1;forward;1s;beam_1;1;LSTM PyTorch;5.169455537998177;6.323844886652393;0.31106946619855413;-0.12311944393972163;0.3517940044403076
scenario1;forward;1s;beam_1;5;AR/MA;5.935461521069088;7.227123733471691;0.4123850849007534;-0.49224569075277547;0.00521397590637207
scenario1;forward;1s;beam_1;5;ARIMA(5,1,0);6.035079118875526;7.630146682142439;0.2928499848371759;-0.6633173852386383;0.08726906776428223
scenario1;forward;1s;beam_1;5;Random Forest;5.1044945794986365;6.321075190099907;0.3333833267722866;-0.1221358591426176;0.35396623611450195
scenario1;forward;1s;beam_1;5;SVM;12.022661463943308;14.019931181719773;0.6458031193106543;-4.5202060912889905;0.0021393299102783203
scenario1;forward;1s;beam_1;5;GRU PyTorch;4.893834675515155;6.018671912551603;0.3120636142514357;-0.01733706602212237;0.3462257385253906
scenario1;forward;1s;beam_1;5;LSTM PyTorch;4.8554073056811635;5.971553336656443;0.29487758049212803;-0.0014704969731555995;0.3486499786376953
scenario1;forward;1s;beam_2;1;AR/MA;3.586573579595028;4.3515138147385;0.4150197230278535;-0.480012111789335;0.004463911056518555
scenario1;forward;1s;beam_2;1;ARIMA(5,1,0);3.8957194547587095;4.91705518234428;0.3069955469257064;-0.8897079961655137;0.09311580657958984
scenario1;forward;1s;beam_2;1;Random Forest;3.0934158485629943;3.7464790173673306;0.33512414240629207;-0.09359391391898253;0.3657522201538086
scenario1;forward;1s;beam_2;1;SVM;12.969309511327797;13.690831290478442;1.3861988831568395;-13.603908825338815;0.0016121864318847656
scenario1;forward;1s;beam_2;1;GRU PyTorch;4.832257612829578;5.66214069903878;0.5592806873972812;-1.4978755059859652;0.38729095458984375
scenario1;forward;1s;beam_2;1;LSTM PyTorch;3.1360864465306224;3.8370149634293527;0.32805769234727267;-0.14708727249856857;0.3993818759918213
scenario1;forward;1s;beam_2;5;AR/MA;3.5849182721792268;4.371893099730288;0.4149375509110923;-0.5114038179303642;0.0044307708740234375
scenario1;forward;1s;beam_2;5;ARIMA(5,1,0);3.9062470095110453;4.931760911838657;0.3082486809004388;-0.9232931061841079;0.08661413192749023
scenario1;forward;1s;beam_2;5;Random Forest;3.0558955108967125;3.743181279100856;0.3308364753508019;-0.09166954745734057;0.36527109146118164
scenario1;forward;1s;beam_2;5;SVM;7.510216233658057;8.815646821779517;0.6766002835631348;-5.055051497515871;0.0020241737365722656
scenario1;forward;1s;beam_2;5;GRU PyTorch;3.7481728559578498;4.49758383486376;0.43783308198982024;-0.5760428100424957;0.3449060916900635
scenario1;forward;1s;beam_2;5;LSTM PyTorch;3.087586600658905;3.7833475806734014;0.34502746472929174;-0.11522362233244943;0.3483560085296631
scenario1;forward;1s;beam_3;1;AR/MA;2.3897668471019635;2.8897085185257376;0.4139016611914971;-0.4703931171823108;0.004383087158203125
scenario1;forward;1s;beam_3;1;ARIMA(5,1,0);2.4365244473226637;3.0967817890957727;0.2930463982066691;-0.688677020600212;0.08019518852233887
scenario1;forward;1s;beam_3;1;Random Forest;2.0846075953398016;2.5284068133748825;0.33774680451788913;-0.12245173290418476;0.3593926429748535
scenario1;forward;1s;beam_3;1;SVM;8.722187616050622;9.21330243335064;1.3983483740260263;-13.90405435283374;0.0016598701477050781
scenario1;forward;1s;beam_3;1;GRU PyTorch;2.3959078311676096;3.0745007969938274;0.2922831321341237;-0.6596747652866146;0.3589808940887451
scenario1;forward;1s;beam_3;1;LSTM PyTorch;2.3081099253029955;2.7694016179483887;0.38568207023564993;-0.3466218409034494;0.34940600395202637
scenario1;forward;1s;beam_3;5;AR/MA;2.384086276241483;2.8967579767047713;0.4130708734450226;-0.49826551116057005;0.004641056060791016
scenario1;forward;1s;beam_3;5;ARIMA(5,1,0);2.44514167295026;3.1040905004697823;0.2948720777255803;-0.7204145581675889;0.07995176315307617
scenario1;forward;1s;beam_3;5;Random Forest;2.0380156901129256;2.5176682005677136;0.3298102015125173;-0.11293745885057138;0.35131287574768066
scenario1;forward;1s;beam_3;5;SVM;5.299536422996102;6.180466543707717;0.71632975233256;-5.706814436718766;0.002162933349609375
scenario1;forward;1s;beam_3;5;GRU PyTorch;2.2503605048824467;2.7305074095416435;0.3882920814313492;-0.30906282420876674;0.3535041809082031
scenario1;forward;1s;beam_3;5;LSTM PyTorch;2.2892529624044835;2.769973187015585;0.39615461276444736;-0.3471777493071264;0.3438131809234619
scenario1;forward;1min;beam_1;1;AR/MA;2.5022988954973693;2.789455543882121;0.16750361925149343;-3.8972899361831432;0.0037620067596435547
scenario1;forward;1min;beam_1;1;ARIMA(5,1,0);1.0720624125278244;1.3456404096785375;0.07112201507848939;-0.13965911633216788;0.0556330680847168
scenario1;forward;1min;beam_1;1;Random Forest;1.2017956018498086;1.502330953059547;0.08022942971016793;-0.44899875285772506;0.26122093200683594
scenario1;forward;1min;beam_1;1;SVM;1.3459180038891188;1.670995128764297;0.09008332187168823;-0.7926155065773808;0.026027917861938477
scenario1;forward;1min;beam_1;1;GRU PyTorch;0.9910805094493764;1.2882426270395715;0.06530573421264275;-0.0654476412589502;0.2705559730529785
scenario1;forward;1min;beam_1;1;LSTM PyTorch;1.1128269959614425;1.411616378486552;0.07415951795992125;-0.2792933976304752;0.27432894706726074
scenario1;forward;1min;beam_1;5;AR/MA;2.4971961053308482;2.790232923608409;0.16741304298569504;-4.084387447283224;0.004103899002075195
scenario1;forward;1min;beam_1;5;ARIMA(5,1,0);1.057265517584835;1.3310549903076108;0.07040851735525501;-0.15704357750432152;0.055841922760009766
scenario1;forward;1min;beam_1;5;Random Forest;1.3730121106418294;1.6587097360285532;0.09228416183872314;-0.7663532786496114;0.2663910388946533
scenario1;forward;1min;beam_1;5;SVM;1.3854062824871562;1.706063758537905;0.09331365580941665;-0.8686471209630902;0.02653789520263672
scenario1;forward;1min;beam_1;5;GRU PyTorch;1.4108222667453891;1.6975462347425168;0.09464519861054851;-0.850035254546704;0.2735152244567871
scenario1;forward;1min;beam_1;5;LSTM PyTorch;1.1490716744352514;1.4230893874635986;0.0762917043331561;-0.30017299413092124;0.275892972946167
scenario1;forward;1min;beam_2;1;AR/MA;1.503270882127269;1.6750347472586673;0.16768242757508017;-3.950155058722723;0.0038230419158935547
scenario1;forward;1min;beam_2;1;ARIMA(5,1,0);0.6483025906864924;0.8080306484274067;0.0716545723275038;-0.15193196432029232;0.0671989917755127
scenario1;forward;1min;beam_2;1;Random Forest;0.7278311501406322;0.8986810238816236;0.08105395274212195;-0.4545218689974708;0.2654557228088379
scenario1;forward;1min;beam_2;1;SVM;0.8079135522980377;0.9896964735476255;0.08997596333315613;-0.76405921038798;0.026297807693481445
scenario1;forward;1min;beam_2;1;GRU PyTorch;0.7252730916385841;0.8953381379978176;0.08060881298305755;-0.44372102381028244;0.28942322731018066
scenario1;forward;1min;beam_2;1;LSTM PyTorch;0.6546355964239646;0.8281057205410749;0.07252164980704803;-0.23503902850507075;0.31331562995910645
scenario1;forward;1min;beam_2;5;AR/MA;1.5004004473165828;1.675299113966062;0.1676066605847871;-4.141264848809928;0.004035234451293945
scenario1;forward;1min;beam_2;5;ARIMA(5,1,0);0.6397785052272835;0.7992948329165345;0.0709716220256506;-0.17030556490011306;0.0677042007446289
scenario1;forward;1min;beam_2;5;Random Forest;0.8317591327202428;1.0073648386320067;0.09320238478850011;-0.8276064771017213;0.265491247177124
scenario1;forward;1min;beam_2;5;SVM;0.8435115216099843;1.0317037574605887;0.0946257958783845;-0.9169868641239094;0.026275157928466797
scenario1;forward;1min;beam_2;5;GRU PyTorch;0.9666563275211006;1.1399115766886572;0.10824981192283327;-1.340191734089795;0.2719571590423584
scenario1;forward;1min;beam_2;5;LSTM PyTorch;1.129778087330223;1.3011691564346042;0.1264463303348473;-2.049134854966418;0.27329182624816895
scenario1;forward;1min;beam_3;1;AR/MA;1.0038135519193774;1.1184215009792782;0.16804531116042223;-3.9118166898352724;0.004016876220703125
scenario1;forward;1min;beam_3;1;ARIMA(5,1,0);0.43351507288813595;0.5395807493031515;0.07190765947324636;-0.1432574211898101;0.07049703598022461
scenario1;forward;1min;beam_3;1;Random Forest;0.48594863846690045;0.597707249129088;0.08098028719323441;-0.43077469755950304;0.2601621150970459
scenario1;forward;1min;beam_3;1;SVM;0.5284219408683833;0.6497442164926079;0.08839758119258233;-0.6907486526431617;0.026148080825805664
scenario1;forward;1min;beam_3;1;GRU PyTorch;0.40603796245223783;0.5183147412538781;0.06716062604223981;-0.0759233342894392;0.2810811996459961
scenario1;forward;1min;beam_3;1;LSTM PyTorch;0.43578016734575437;0.5499724687259573;0.07254284337899133;-0.21136802009551103;0.27337074279785156
scenario1;forward;1min;beam_3;5;AR/MA;1.0017159287748267;1.1184207300525146;0.16794006761886157;-4.103649650032183;0.004022836685180664
scenario1;forward;1min;beam_3;5;ARIMA(5,1,0);0.42754831763545315;0.5333171586940784;0.07118220038886382;-0.1604903963181894;0.0710761547088623
scenario1;forward;1min;beam_3;5;Random Forest;0.5454005348315446;0.6587818399751285;0.09167314845754287;-0.7381107388979726;0.2605719566345215
scenario1;forward;1min;beam_3;5;SVM;0.5549626190199674;0.681663632204814;0.0934042468325198;-0.8609489250630697;0.025552988052368164
scenario1;forward;1min;beam_3;5;GRU PyTorch;0.5367692950140407;0.6511265798441316;0.08994232390258411;-0.6979506105844338;0.27259397506713867
scenario1;forward;1min;beam_3;5;LSTM PyTorch;0.7070620716427705;0.8233385489367898;0.11882517949419569;-1.7148829149676783;0.29189467430114746
scenario1;forward;10min;beam_1;1;AR/MA;0.5650338389545947;0.6433245753292839;0.03571694612348215;-0.2041906556996187;0.0016262531280517578
scenario1;forward;10min;beam_1;1;ARIMA(5,1,0);0.5758285987008575;0.6760253374368519;0.03755546482688566;-0.3297221896483802;0.0236971378326416
scenario1;forward;10min;beam_1;1;Random Forest;0.6961959201070921;0.828536796671828;0.045694991855820544;-1.207464332446588;0.0733637809753418
scenario1;forward;10min;beam_1;1;SVM;0.9528025557172172;1.1630373111953034;0.06257162994591858;-3.349680806825214;0.000621795654296875
scenario1;forward;10min;beam_1;1;GRU PyTorch;0.4111513427680473;0.48651519139478544;0.02638521370164467;0.2388628766587586;0.4214789867401123
scenario1;forward;10min;beam_1;1;LSTM PyTorch;0.39303638500383087;0.45989470372157704;0.02532518931858781;0.3198778648279914;0.4879889488220215
scenario1;forward;10min;beam_1;5;AR/MA;0.40597355948720626;0.48157110517928453;0.025982031245061026;0.12612642600312918;0.0018990039825439453
scenario1;forward;10min;beam_1;5;ARIMA(5,1,0);0.584845200891481;0.697581026919915;0.03859062580771218;-0.8336527100817603;0.026379108428955078
scenario1;forward;10min;beam_1;5;Random Forest;0.5936908439612665;0.7224447496012698;0.03907382275478577;-0.6783377830957171;0.09022188186645508
scenario1;forward;10min;beam_1;5;SVM;1.0885504704456725;1.2910897945232478;0.07142062675999716;-4.360224627322909;0.0009496212005615234
scenario1;forward;10min;beam_1;5;GRU PyTorch;0.41776817374836483;0.47340516792899545;0.026937568465796508;0.27933059934315263;0.45969104766845703
scenario1;forward;10min;beam_1;5;LSTM PyTorch;0.4329456234044975;0.4894912098159026;0.027626003670246074;0.22952262937388457;0.4207499027252197
scenario1;forward;10min;beam_2;1;AR/MA;0.3314864069475056;0.37465172760520055;0.03495793961531162;-0.15441846538718962;0.001875162124633789
scenario1;forward;10min;beam_2;1;ARIMA(5,1,0);0.34733899459525897;0.4075002444462345;0.03777576926821138;-0.3657258601856146;0.027325153350830078
scenario1;forward;10min;beam_2;1;Random Forest;0.4139945410610309;0.4900383259638175;0.04523575514159055;-1.1841628442893377;0.07214999198913574
scenario1;forward;10min;beam_2;1;SVM;0.5722463564242816;0.6971592843230181;0.06264462188330096;-3.4206786945012544;0.0006086826324462891
scenario1;forward;10min;beam_2;1;GRU PyTorch;0.22468358119011803;0.2813970672727492;0.02427962583389059;0.2797818636261068;0.4142279624938965
scenario1;forward;10min;beam_2;1;LSTM PyTorch;0.2226764699309893;0.2769781643289646;0.0240564068825785;0.3022240687832263;0.4322669506072998
scenario1;forward;10min;beam_2;5;AR/MA;0.23776977966776114;0.28101490024469516;0.025403918344639786;0.16380498399686638;0.0017998218536376953
scenario1;forward;10min;beam_2;5;ARIMA(5,1,0);0.35339539865767;0.4214899755813617;0.03887129053920735;-0.8811497914221054;0.027712106704711914
scenario1;forward;10min;beam_2;5;Random Forest;0.35696570783338105;0.44213050056093817;0.039189583423988414;-0.777975906651019;0.07222604751586914
scenario1;forward;10min;beam_2;5;SVM;0.6713889756387753;0.7908813171105811;0.07336033379296976;-4.689152199865904;0.0006680488586425781
scenario1;forward;10min;beam_2;5;GRU PyTorch;0.2598827147466098;0.2927810638172094;0.02765244301612222;0.22032988372478213;0.4025418758392334
scenario1;forward;10min;beam_2;5;LSTM PyTorch;0.25365301131899004;0.2880166133974526;0.027018112149780588;0.24549868909766903;0.4268832206726074
scenario1;forward;10min;beam_3;1;AR/MA;0.21490493339069947;0.2441105260759187;0.03399277758062741;-0.10217987961265851;0.002148151397705078
scenario1;forward;10min;beam_3;1;ARIMA(5,1,0);0.23043178932402844;0.27214810435196474;0.03763503401402107;-0.3699038699401529;0.03088998794555664
scenario1;forward;10min;beam_3;1;Random Forest;0.2813786816696799;0.3315210461731498;0.04613976426719243;-1.240214750773124;0.07338070869445801
scenario1;forward;10min;beam_3;1;SVM;0.39478630107710505;0.4788743770402962;0.06482285928900855;-3.6742360882417184;0.0006039142608642578
scenario1;forward;10min;beam_3;1;GRU PyTorch;0.170648829061851;0.201096233651445;0.02742054258404077;0.17571894637753327;0.40839123725891113
scenario1;forward;10min;beam_3;1;LSTM PyTorch;0.15774760474066368;0.18763686389621245;0.02545192487373844;0.2823647293865713;0.41995787620544434
scenario1;forward;10min;beam_3;5;AR/MA;0.15875152728855585;0.188753079824813;0.02547262704726405;0.15545193151421022;0.0022001266479492188
scenario1;forward;10min;beam_3;5;ARIMA(5,1,0);0.23682045797247403;0.2828746633789636;0.03909642193651226;-0.8968124000843583;0.03178882598876953
scenario1;forward;10min;beam_3;5;Random Forest;0.2349966988147824;0.2910770216054886;0.03872401401319251;-0.7269640179441672;0.07451319694519043
scenario1;forward;10min;beam_3;5;SVM;0.43015356421940154;0.507928303877672;0.07054598753519024;-4.258625856277115;0.0010349750518798828
scenario1;forward;10min;beam_3;5;GRU PyTorch;0.17579291028460217;0.19841110295895154;0.028074426173934627;0.19758435672149888;0.41815900802612305
scenario1;forward;10min;beam_3;5;LSTM PyTorch;0.17986483009900223;0.20225527011045336;0.02867118404875732;0.16618992673956157;0.4058356285095215
scenario1;return;1s;beam_1;1;AR/MA;5.657168360701362;6.600601456696744;0.34765907026884585;-1.1680886756207176;0.00430607795715332
scenario1;return;1s;beam_1;1;ARIMA(5,1,0);4.335293499237618;5.238859689497426;0.26302875856919494;-0.36578881981906486;0.07918810844421387
scenario1;return;1s;beam_1;1;Random Forest;3.788118334176292;4.763272225566942;0.2178078060703773;-0.1257763112725081;0.347261905670166
scenario1;return;1s;beam_1;1;SVM;3.7584001345119646;4.66669908434858;0.21623681473330914;-0.08058988134684997;0.031951189041137695
scenario1;return;1s;beam_1;1;GRU PyTorch;3.6578256949512546;4.677099988771501;0.19852135635732682;-0.08541197784676013;0.3394129276275635
scenario1;return;1s;beam_1;1;LSTM PyTorch;3.8227289549962937;4.774297786758086;0.21596370337193094;-0.13099401894571194;0.3498868942260742
scenario1;return;1s;beam_1;5;AR/MA;5.663114578404321;6.602093944707499;0.34766404323461414;-1.1565952946821154;0.00450897216796875
scenario1;return;1s;beam_1;5;ARIMA(5,1,0);4.340451327525912;5.240580848645448;0.2630612096705426;-0.35882680197454575;0.07930898666381836
scenario1;return;1s;beam_1;5;Random Forest;3.7651707390091262;4.654018398234922;0.21577280991669723;-0.07472534884192084;0.3391108512878418
scenario1;return;1s;beam_1;5;SVM;3.7930816710404147;4.629237193858381;0.21690871944786805;-0.06331066155706355;0.03110504150390625
scenario1;return;1s;beam_1;5;GRU PyTorch;3.825390391038374;4.738147724600108;0.22372918552270055;-0.11393152417552543;0.3556859493255615
scenario1;return;1s;beam_1;5;LSTM PyTorch;3.5106488703667322;4.470836974833614;0.19566822437763784;0.00821172714112206;0.35733485221862793
scenario1;return;1s;beam_2;1;AR/MA;3.426462356028014;4.031427330795556;0.35758624241414816;-1.1082552823910068;0.0045032501220703125
scenario1;return;1s;beam_2;1;ARIMA(5,1,0);2.538030232101751;3.133669708980287;0.26095806883786915;-0.2738314433623654;0.062352895736694336
scenario1;return;1s;beam_2;1;Random Forest;2.2879407780485885;2.9210972076915125;0.2248475853997223;-0.10373167493163393;0.34689903259277344
scenario1;return;1s;beam_2;1;SVM;2.300043379722081;2.8840182952974955;0.22551863236861777;-0.07588910372499047;0.030886173248291016
scenario1;return;1s;beam_2;1;GRU PyTorch;2.2701187276046704;2.892498382525488;0.21184568276952484;-0.08222543446271247;0.3501932621002197
scenario1;return;1s;beam_2;1;LSTM PyTorch;2.342290713193029;2.9381019352043296;0.22709327914506464;-0.11661949378497805;0.3679029941558838
scenario1;return;1s;beam_2;5;AR/MA;3.4311860605268594;4.033479712519177;0.3576869619447391;-1.098257630926191;0.004429817199707031
scenario1;return;1s;beam_2;5;ARIMA(5,1,0);2.541583545352593;3.135286783925941;0.2610088499036395;-0.26780833035272567;0.062100887298583984
scenario1;return;1s;beam_2;5;Random Forest;2.277789268369571;2.842404344104683;0.2233565063935476;-0.045064760029532414;0.3364088535308838
scenario1;return;1s;beam_2;5;SVM;2.4682680543798687;3.0078686059044464;0.24219734330269038;-0.17027845228038951;0.0310060977935791
scenario1;return;1s;beam_2;5;GRU PyTorch;2.1262048956877124;2.7462233865138375;0.19678624909564363;0.024464205038556064;0.3412208557128906
scenario1;return;1s;beam_2;5;LSTM PyTorch;2.381504643571739;2.9600857545634507;0.23908843514116668;-0.1333918169676922;0.3568766117095947
scenario1;return;1s;beam_3;1;AR/MA;2.285343337071134;2.6618182378377506;0.352753942478081;-1.1350235973946883;0.004322052001953125
scenario1;return;1s;beam_3;1;ARIMA(5,1,0);1.7224113878862637;2.093456003771237;0.2618546229647895;-0.3206069028600056;0.061654090881347656
scenario1;return;1s;beam_3;1;Random Forest;1.5173948279023362;1.9011673435653385;0.21913296774180616;-0.08567045013725649;0.3380119800567627
scenario1;return;1s;beam_3;1;SVM;1.5458458072326933;1.9268306512351685;0.22357824450296354;-0.11517857808965926;0.030445098876953125
scenario1;return;1s;beam_3;1;GRU PyTorch;1.478958205734304;1.9000850276251111;0.2018969752952352;-0.08443467889485667;0.34236788749694824
scenario1;return;1s;beam_3;1;LSTM PyTorch;1.610467593328367;1.9962014227263065;0.23438586727324467;-0.19692254490460792;0.3452110290527344
scenario1;return;1s;beam_3;5;AR/MA;2.2863966330168783;2.6620166696788403;0.35253227547511035;-1.123794642465974;0.0044171810150146484
scenario1;return;1s;beam_3;5;ARIMA(5,1,0);1.7242545309924575;2.0935664213192595;0.26177451323247825;-0.31360401610544875;0.06057596206665039
scenario1;return;1s;beam_3;5;Random Forest;1.5350946709183582;1.8830735321433005;0.22122674892623576;-0.06510367698558661;0.3320658206939697
scenario1;return;1s;beam_3;5;SVM;1.549155229099622;1.9059096875066133;0.2229116578342115;-0.09109348052828459;0.030295133590698242
scenario1;return;1s;beam_3;5;GRU PyTorch;1.5624538966531567;1.9354488566652635;0.23046207061913457;-0.12517668710177676;0.35909128189086914
scenario1;return;1s;beam_3;5;LSTM PyTorch;1.4701680354630433;1.8375738495508227;0.21136031507390102;-0.014254467556847228;0.34851598739624023
scenario1;return;1min;beam_1;1;AR/MA;2.4874249033768803;2.780152482736682;0.16652143244520498;-4.04179511841402;0.003719329833984375
scenario1;return;1min;beam_1;1;ARIMA(5,1,0);1.0623098944145484;1.332520951645978;0.07079312498987499;-0.15823331718150202;0.055589914321899414
scenario1;return;1min;beam_1;1;Random Forest;1.0822047339721055;1.344714959310615;0.07217999151134762;-0.20241498627391286;0.2608320713043213
scenario1;return;1min;beam_1;1;SVM;1.205297949147311;1.4789138758807057;0.08051949262772717;-0.4543859667660288;0.023997068405151367
scenario1;return;1min;beam_1;1;GRU PyTorch;0.9857009405108116;1.247690615792324;0.06498272098215721;-0.03516058011638323;0.26872706413269043
scenario1;return;1min;beam_1;1;LSTM PyTorch;1.3815811717766782;1.691079379065353;0.09273791714362813;-0.9016119399671845;0.27607083320617676
scenario1;return;1min;beam_1;5;AR/MA;2.478470268797688;2.7795865133162345;0.16623802609425264;-4.277059525737959;0.004202842712402344
scenario1;return;1min;beam_1;5;ARIMA(5,1,0);1.042547237356892;1.3118725821688448;0.06981467744539077;-0.17547910197254102;0.05636715888977051
scenario1;return;1min;beam_1;5;Random Forest;1.347468540203281;1.6505995084982228;0.09085233327849893;-0.8116626503067006;0.26293110847473145
scenario1;return;1min;beam_1;5;SVM;1.4364621063497958;1.7523741886278486;0.09680130693079914;-1.0419617532809515;0.025981903076171875
scenario1;return;1min;beam_1;5;GRU PyTorch;1.3169041028510546;1.5963603204623105;0.08849744275760592;-0.6945553408684524;0.27307605743408203
scenario1;return;1min;beam_1;5;LSTM PyTorch;1.3721755764757013;1.6594021003602222;0.09234637037120012;-0.8310372473545189;0.2747619152069092
scenario1;return;1min;beam_2;1;AR/MA;1.4942003535929396;1.6680870034465005;0.16663089998256186;-4.11630701165304;0.0040149688720703125
scenario1;return;1min;beam_2;1;ARIMA(5,1,0);0.6376063480209002;0.797953315388728;0.0707996409746992;-0.1707769586714334;0.06600594520568848
scenario1;return;1min;beam_2;1;Random Forest;0.6800564079141309;0.83178940824976;0.07560971009818819;-0.2979787214313119;0.2603330612182617
scenario1;return;1min;beam_2;1;SVM;0.7286730759279259;0.886195882808637;0.08112827018847106;-0.47333076340198765;0.023954153060913086
scenario1;return;1min;beam_2;1;GRU PyTorch;0.7432504252066529;0.9138423409192211;0.08290832440855932;-0.5666910182719145;0.27014827728271484
scenario1;return;1min;beam_2;1;LSTM PyTorch;0.5659901364070449;0.7132902205344654;0.061439661909522464;0.045505697150583946;0.2928459644317627
scenario1;return;1min;beam_2;5;AR/MA;1.4887183091898548;1.6675476056602359;0.16633109326254022;-4.3582565205477986;0.0038671493530273438
scenario1;return;1min;beam_2;5;ARIMA(5,1,0);0.6260772699930537;0.7856292389578731;0.0698481405803124;-0.1893297856229854;0.06643414497375488
scenario1;return;1min;beam_2;5;Random Forest;0.8199423587961561;1.0006855877323035;0.09204619227888772;-0.8786076692808635;0.2608170509338379
scenario1;return;1min;beam_2;5;SVM;0.8514978510653504;1.039653012570829;0.095680225984636;-1.0277650517298285;0.02574014663696289
scenario1;return;1min;beam_2;5;GRU PyTorch;0.7043012272330055;0.8598354364260379;0.07820996243195504;-0.3869840939162985;0.2684497833251953
scenario1;return;1min;beam_2;5;LSTM PyTorch;1.078305488242601;1.2594045895573953;0.12102547117951408;-1.9755780361214628;0.27257800102233887
scenario1;return;1min;beam_3;1;AR/MA;0.9967569522444503;1.1139471746380054;0.16685681708693703;-4.07783115115539;0.004008054733276367
scenario1;return;1min;beam_3;1;ARIMA(5,1,0);0.4260276008058298;0.5334417245926304;0.07100081987043527;-0.1644558508255256;0.0654149055480957
scenario1;return;1min;beam_3;1;Random Forest;0.4475239756048491;0.5532905727736268;0.0747156934149103;-0.277031001139173;0.26093196868896484
scenario1;return;1min;beam_3;1;SVM;0.47081791736129425;0.5738762875124742;0.07852282179791337;-0.3738251401661532;0.02414393424987793
scenario1;return;1min;beam_3;1;GRU PyTorch;0.3992426738907688;0.5015114817718215;0.06611258989194436;-0.049196081380004975;0.275162935256958
scenario1;return;1min;beam_3;1;LSTM PyTorch;0.3953400776830297;0.4979826650454511;0.0653347516404388;-0.03448297897750541;0.27785491943359375
scenario1;return;1min;beam_3;5;AR/MA;0.9930698676168351;1.1133454506805618;0.1665501274608795;-4.320439739683252;0.003804922103881836
scenario1;return;1min;beam_3;5;ARIMA(5,1,0);0.41803071146801973;0.5247283104726844;0.0700034251597904;-0.1818344443280877;0.06587886810302734
scenario1;return;1min;beam_3;5;Random Forest;0.5439132963477586;0.6659181726724516;0.09162731041583;-0.8498505062906265;0.26064372062683105
scenario1;return;1min;beam_3;5;SVM;0.5850327094264478;0.7102540023306193;0.09855576861725918;-1.1043708561677845;0.025176048278808594
scenario1;return;1min;beam_3;5;GRU PyTorch;0.6514392436211048;0.7745900669168249;0.10962763321516324;-1.502872612275901;0.27016377449035645
scenario1;return;1min;beam_3;5;LSTM PyTorch;0.49755675086102197;0.6064117557280567;0.08328802292105954;-0.5340168244928445;0.28752899169921875
scenario1;return;10min;beam_1;1;AR/MA;0.5733740795589437;0.6553728022331985;0.03623850375415274;-0.2485539533867731;0.0016777515411376953
scenario1;return;10min;beam_1;1;ARIMA(5,1,0);0.5691724398516068;0.6717871023731636;0.03710688106592327;-0.3118790860619045;0.02123403549194336
scenario1;return;10min;beam_1;1;Random Forest;0.5444795655272667;0.6700105292586136;0.03579446334287531;-0.4372086931781225;0.0745851993560791
scenario1;return;10min;beam_1;1;SVM;0.9753526782459044;1.1995991400403287;0.06401920499516231;-3.6071130748360662;0.0005788803100585938
scenario1;return;10min;beam_1;1;GRU PyTorch;0.39159197362387343;0.4776989400397904;0.02529459129424188;0.2694244473472017;0.4113447666168213
scenario1;return;10min;beam_1;1;LSTM PyTorch;0.383061904616231;0.4646612335925367;0.024822036548742644;0.30875904406694743;0.41521692276000977
scenario1;return;10min;beam_1;5;AR/MA;0.4150183587979123;0.48557691895110466;0.02660052690953036;0.09176144410179743;0.001840829849243164
scenario1;return;10min;beam_1;5;ARIMA(5,1,0);0.5686365167318688;0.6842134917632829;0.03755737934067448;-0.8032964649181964;0.021561145782470703
scenario1;return;10min;beam_1;5;Random Forest;0.5414841212268283;0.6700146957054788;0.035600092784415775;-0.4372265677398228;0.07140827178955078
scenario1;return;10min;beam_1;5;SVM;1.0211714483285352;1.224883355569961;0.06708096601771146;-3.8033700570939972;0.0006840229034423828
scenario1;return;10min;beam_1;5;GRU PyTorch;0.4166387740658847;0.4733309555293957;0.026761517622646287;0.2827238409315731;0.4069249629974365
scenario1;return;10min;beam_1;5;LSTM PyTorch;0.4218003058463237;0.48370625605454676;0.026975905184039434;0.25093416582069816;0.41373109817504883
scenario1;return;10min;beam_2;1;AR/MA;0.3365177760256308;0.3811679695163068;0.035486415268698356;-0.1985945207219737;0.0023920536041259766
scenario1;return;10min;beam_2;1;ARIMA(5,1,0);0.3434318357379331;0.4043764207164445;0.03733124586607121;-0.3489974799892419;0.028532981872558594
scenario1;return;10min;beam_2;1;Random Forest;0.34934565762105135;0.42496625316190656;0.0382533592670448;-0.6428596694042052;0.07278990745544434
scenario1;return;10min;beam_2;1;SVM;0.5875013362208411;0.7204489894820617;0.06428079589893025;-3.7216963425192997;0.0005490779876708984
scenario1;return;10min;beam_2;1;GRU PyTorch;0.24187255627260254;0.29229600512468756;0.0260536135287851;0.2227918605228172;0.4076380729675293
scenario1;return;10min;beam_2;1;LSTM PyTorch;0.2262601817709722;0.2841164650316206;0.02454886907672842;0.2656816420377489;0.4089338779449463
scenario1;return;10min;beam_2;5;AR/MA;0.24331212719654527;0.2825518444046378;0.026034483076276253;0.13103111486094154;0.001741170883178711
scenario1;return;10min;beam_2;5;ARIMA(5,1,0);0.3435828612657755;0.4125520685479534;0.03782078086206006;-0.8525309439435522;0.03436398506164551
scenario1;return;10min;beam_2;5;Random Forest;0.3358373051669192;0.4270069573688494;0.03692222805082835;-0.6586757030211077;0.07373499870300293
scenario1;return;10min;beam_2;5;SVM;0.6163910796201525;0.736101503395337;0.06744949911479721;-3.929092747290917;0.0007069110870361328
scenario1;return;10min;beam_2;5;GRU PyTorch;0.2537872909907958;0.2866592610224927;0.027072739729136742;0.25247876453808926;0.4026620388031006
scenario1;return;10min;beam_2;5;LSTM PyTorch;0.2498563081232713;0.28393892911853075;0.026675623590664627;0.26659906263611566;0.411884069442749
scenario1;return;10min;beam_3;1;AR/MA;0.21830930336627594;0.24844218096169696;0.03452719635808271;-0.14338537796822837;0.0017731189727783203
scenario1;return;10min;beam_3;1;ARIMA(5,1,0);0.22783624437990024;0.2701283021583773;0.037195180851864164;-0.3517057016407825;0.033685922622680664
scenario1;return;10min;beam_3;1;Random Forest;0.2254631334058371;0.2747472065973361;0.03706370039514675;-0.5362096689542464;0.07413101196289062
scenario1;return;10min;beam_3;1;SVM;0.4072248059029437;0.4960836094309887;0.06682277760615936;-4.008338564037915;0.0005631446838378906
scenario1;return;10min;beam_3;1;GRU PyTorch;0.1616849358063925;0.19619494706755095;0.026151977290111122;0.2166433054009852;0.4065108299255371
scenario1;return;10min;beam_3;1;LSTM PyTorch;0.1558060647774157;0.19673886647374553;0.02543568298103886;0.21229381997111096;0.4085519313812256
scenario1;return;10min;beam_3;5;AR/MA;0.16244592492647952;0.1897855692797675;0.026103889113619754;0.12470171013924813;0.0018188953399658203
scenario1;return;10min;beam_3;5;ARIMA(5,1,0);0.2304634094367855;0.2773841733867906;0.03807865410053625;-0.869790988003535;0.032440185546875
scenario1;return;10min;beam_3;5;Random Forest;0.21896300926112486;0.2729321813066183;0.036080926319707524;-0.5159798032166802;0.07204365730285645
scenario1;return;10min;beam_3;5;SVM;0.40010734588736124;0.48165290806222033;0.06573274040435252;-3.721198893006772;0.0006589889526367188
scenario1;return;10min;beam_3;5;GRU PyTorch;0.1762816380647077;0.1987242534146661;0.02817116806533043;0.19631535435971192;0.4067809581756592
scenario1;return;10min;beam_3;5;LSTM PyTorch;0.16772952076736558;0.18931913943945897;0.027021394498283263;0.2705878948450331;0.4109790325164795
scenario2;forward;1s;beam_1;1;AR/MA;4.017452066923084;4.78241342423031;0.5847426117217821;-0.2961550589638191;0.004267692565917969
scenario2;forward;1s;beam_1;1;ARIMA(5,1,0);4.817628669827666;5.654559757891223;0.7166407332034502;-0.8120088811081869;0.09166502952575684
scenario2;forward;1s;beam_1;1;Random Forest;3.6696782250544757;4.414710213880233;0.4946405553104924;-0.10118232231169344;0.35957980155944824
scenario2;forward;1s;beam_1;1;SVM;6.236709081102094;7.4587249032265905;0.8903006899999035;-2.1432867900766768;0.0016789436340332031
scenario2;forward;1s;beam_1;1;GRU PyTorch;3.5645176252421065;4.383336349713233;0.4669395131269564;-0.08558647062985791;0.3381969928741455
scenario2;forward;1s;beam_1;1;LSTM PyTorch;3.540768456204275;4.345553741545959;0.4713318680380472;-0.0669524836464368;0.35002708435058594
scenario2;forward;1s;beam_1;5;AR/MA;3.9942279797198195;4.762937076523742;0.5821528050889555;-0.2967573938903283;0.0043981075286865234
scenario2;forward;1s;beam_1;5;ARIMA(5,1,0);4.7924725604848035;5.633632381083461;0.7129381429779162;-0.814203718605564;0.08648896217346191
scenario2;forward;1s;beam_1;5;Random Forest;3.586455164713903;4.360681631228667;0.4833302425049969;-0.07439403668060485;0.3567318916320801
scenario2;forward;1s;beam_1;5;SVM;6.427931204942876;7.847054728050937;0.710754048702288;-2.479110249644751;0.0017528533935546875
scenario2;forward;1s;beam_1;5;GRU PyTorch;3.487720104168806;4.250805470236813;0.4678228030401476;-0.02093311267722142;0.33873510360717773
scenario2;forward;1s;beam_1;5;LSTM PyTorch;3.7459670816095767;4.49188546203284;0.5326785343925134;-0.1400192262091191;0.34261488914489746
scenario2;forward;1s;beam_2;1;AR/MA;2.409804335415512;2.9009407536982796;0.6299524662567312;-0.30554965543236023;0.004522085189819336
scenario2;forward;1s;beam_2;1;ARIMA(5,1,0);2.644545588059398;3.142687421034101;0.697878096484631;-0.5322091462889176;0.0604400634765625
scenario2;forward;1s;beam_2;1;Random Forest;2.1584823385677034;2.655214152738861;0.5232653935776984;-0.09034845119603241;0.3619039058685303
scenario2;forward;1s;beam_2;1;SVM;3.9853424136403857;4.754890090331499;0.9986112958516579;-2.496609778339546;0.0016560554504394531
scenario2;forward;1s;beam_2;1;GRU PyTorch;2.0847354336628667;2.6353296837579654;0.4769741827270909;-0.07407871477243777;0.36142992973327637
scenario2;forward;1s;beam_2;1;LSTM PyTorch;2.0650086273432047;2.626897362303165;0.46131163618889065;-0.06721620558146113;0.34732890129089355
scenario2;forward;1s;beam_2;5;AR/MA;2.3981561438595596;2.893143202456096;0.6292999945283864;-0.30408773021455704;0.0045239925384521484
scenario2;forward;1s;beam_2;5;ARIMA(5,1,0);2.6326453711481554;3.1365305105400054;0.697135999424793;-0.5327311391702458;0.060144901275634766
scenario2;forward;1s;beam_2;5;Random Forest;2.163585062067509;2.674050161396151;0.5262570520853063;-0.10587312001091842;0.3493378162384033
scenario2;forward;1s;beam_2;5;SVM;3.8019570540491943;4.5580495076114085;0.7369502225626003;-2.2131002687742285;0.0020880699157714844
scenario2;forward;1s;beam_2;5;GRU PyTorch;2.0299530018171708;2.565600026486249;0.44387284194739973;-0.017991391065377282;0.3416898250579834
scenario2;forward;1s;beam_2;5;LSTM PyTorch;2.0994210014414825;2.5764612602687946;0.5112538002188535;-0.026628782721527466;0.35005903244018555
scenario2;forward;1s;beam_3;1;AR/MA;1.609381982451089;1.9383032647124363;0.6230018445229568;-0.2944131882635379;0.004446983337402344
scenario2;forward;1s;beam_3;1;ARIMA(5,1,0);1.875278819093043;2.219212575169501;0.736610391535992;-0.6967868273988649;0.06790280342102051
scenario2;forward;1s;beam_3;1;Random Forest;1.4595746284945532;1.7943967754352657;0.5261015601357562;-0.1064309334305098;0.3580780029296875
scenario2;forward;1s;beam_3;1;SVM;2.5271247690422878;3.057746219342477;0.9496442702123763;-2.212848333900096;0.0017511844635009766
scenario2;forward;1s;beam_3;1;GRU PyTorch;1.3788160055105432;1.7694023701917052;0.43262395687598215;-0.07582233982425612;0.33983826637268066
scenario2;forward;1s;beam_3;1;LSTM PyTorch;1.5732633842556734;1.8895891248827164;0.5903644390540715;-0.2269365680213995;0.3462958335876465
scenario2;forward;1s;beam_3;5;AR/MA;1.599017726509577;1.929651086355849;0.6197098515476104;-0.29396858511188406;0.004769802093505859
scenario2;forward;1s;beam_3;5;ARIMA(5,1,0);1.8647573367253294;2.211170885042426;0.7328985496666923;-0.6990680396404445;0.06830167770385742
scenario2;forward;1s;beam_3;5;Random Forest;1.4412446303639836;1.7868922117800772;0.5175755269856737;-0.09719560888569867;0.3655390739440918
scenario2;forward;1s;beam_3;5;SVM;2.5431283007377377;3.038416374133577;0.671756482281169;-2.1723560505758557;0.002012968063354492
scenario2;forward;1s;beam_3;5;GRU PyTorch;1.4992660186452846;1.8171017045559383;0.5646281841005978;-0.13460794535777598;0.34264612197875977
scenario2;forward;1s;beam_3;5;LSTM PyTorch;1.4048017204008807;1.7230735424513468;0.5030443657345259;-0.020222686994896044;0.34398698806762695
scenario2;forward;1min;beam_1;1;AR/MA;0.8001858848790316;0.9989619196856759;0.08272254992249538;-0.05092259636704832;0.003798961639404297
scenario2;forward;1min;beam_1;1;ARIMA(5,1,0);0.9555252559753289;1.172408835794788;0.10130556589582948;-0.4475415188825125;0.050004005432128906
scenario2;forward;1min;beam_1;1;Random Forest;0.7663108466453848;0.9648717274463607;0.07860738100947079;0.023664826692019414;0.26601386070251465
scenario2;forward;1min;beam_1;1;SVM;0.7451932993827094;0.9364738887165026;0.07606849612606015;0.08028955480799094;0.026481151580810547
scenario2;forward;1min;beam_1;1;GRU PyTorch;0.7411623844609815;0.9401859494580695;0.07678988224260175;0.07298387881171131;0.27375102043151855
scenario2;forward;1min;beam_1;1;LSTM PyTorch;0.7267097394363718;0.9188805835079333;0.07467826060690957;0.11452169923997513;0.27701783180236816
scenario2;forward;1min;beam_1;5;AR/MA;0.811598523887838;1.0092043327463927;0.08392060067449716;-0.05606134457001044;0.003966808319091797
scenario2;forward;1min;beam_1;5;ARIMA(5,1,0);0.9618754967463988;1.178306205866467;0.10203754019264161;-0.43961798476835745;0.051180124282836914
scenario2;forward;1min;beam_1;5;Random Forest;0.7964462820724048;1.0076579134376;0.08166951905236831;-0.06484406167766243;0.276425838470459
scenario2;forward;1min;beam_1;5;SVM;0.8158531247130024;1.0276996275276122;0.08369006689159762;-0.10762352642480533;0.027856826782226562
scenario2;forward;1min;beam_1;5;GRU PyTorch;0.8139590963524103;1.0178184203737188;0.08439194242905171;-0.08642659019025567;0.26877903938293457
scenario2;forward;1min;beam_1;5;LSTM PyTorch;0.7996379898322806;1.001783429422738;0.08238217674918077;-0.05246451239079697;0.2850837707519531
scenario2;forward;1min;beam_2;1;AR/MA;0.48020962777519843;0.5989991515923612;0.08272495538951577;-0.05297250982552071;0.0038628578186035156
scenario2;forward;1min;beam_2;1;ARIMA(5,1,0);0.5810655468919046;0.7077515672341855;0.10262087064527124;-0.47003033930192273;0.0659329891204834
scenario2;forward;1min;beam_2;1;Random Forest;0.45614542990807005;0.5764802517461973;0.07784228983722771;0.028772698361291926;0.26927709579467773
scenario2;forward;1min;beam_2;1;SVM;0.44361042799390843;0.5615840766300385;0.07551556919845619;0.07831698656802533;0.026834726333618164
scenario2;forward;1min;beam_2;1;GRU PyTorch;0.43365885519549063;0.5501078151238704;0.07415206523395085;0.11560222178140855;0.2745511531829834
scenario2;forward;1min;beam_2;1;LSTM PyTorch;0.43921900294425664;0.5566478301648178;0.07566023691671012;0.09444870856019871;0.2760140895843506
scenario2;forward;1min;beam_2;5;AR/MA;0.4862579868383461;0.605065191069568;0.08378795469920387;-0.058209028585083145;0.003790140151977539
scenario2;forward;1min;beam_2;5;ARIMA(5,1,0);0.5842698693565025;0.7109886533349461;0.10324593744211355;-0.4611421336565589;0.06535673141479492
scenario2;forward;1min;beam_2;5;Random Forest;0.49103391437816163;0.6066997369145869;0.0838741397194827;-0.07572094941177632;0.271881103515625
scenario2;forward;1min;beam_2;5;SVM;0.49218606797121783;0.6149300965840117;0.08412257240666433;-0.1051049184552475;0.02714991569519043
scenario2;forward;1min;beam_2;5;GRU PyTorch;0.4793995014393788;0.599150006693489;0.0820929548664947;-0.049115129836112104;0.2691810131072998
scenario2;forward;1min;beam_2;5;LSTM PyTorch;0.5123074507283353;0.6332296315526862;0.0892144350471803;-0.17185660341254372;0.2757742404937744
scenario2;forward;1min;beam_3;1;AR/MA;0.3239074328536988;0.40116868698815467;0.08367575333652093;-0.05394283131327149;0.0038518905639648438
scenario2;forward;1min;beam_3;1;ARIMA(5,1,0);0.3842155992326537;0.4694265983101566;0.10178319226105298;-0.44310651522109756;0.07682609558105469
scenario2;forward;1min;beam_3;1;Random Forest;0.31204277246062256;0.38693003403106613;0.0798883928966183;0.023628518796050435;0.26959681510925293
scenario2;forward;1min;beam_3;1;SVM;0.3004972382267054;0.3768212563352856;0.07679046490841296;0.07397867306315731;0.0266268253326416
scenario2;forward;1min;beam_3;1;GRU PyTorch;0.29459327386590106;0.37181332486856966;0.0758570420577522;0.09842865056369843;0.2744021415710449
scenario2;forward;1min;beam_3;1;LSTM PyTorch;0.292606533068995;0.3685177098787799;0.07497325744669192;0.11434020567985648;0.286456823348999
scenario2;forward;1min;beam_3;5;AR/MA;0.32752297277298853;0.40486322143461645;0.08463493624692059;-0.05798074102775863;0.0038340091705322266
scenario2;forward;1min;beam_3;5;ARIMA(5,1,0);0.38596546443090796;0.471516824202206;0.10231011798976117;-0.43501187885297443;0.07535123825073242
scenario2;forward;1min;beam_3;5;Random Forest;0.3313045950747288;0.41162278854327644;0.08486310721486363;-0.10496627619613674;0.2722930908203125
scenario2;forward;1min;beam_3;5;SVM;0.33155080498777917;0.41507698428;0.08497303120592761;-0.12358907557268495;0.027742862701416016
scenario2;forward;1min;beam_3;5;GRU PyTorch;0.3232047083466143;0.4019303333312805;0.08321698094714103;-0.05354179471715903;0.27063584327697754
scenario2;forward;1min;beam_3;5;LSTM PyTorch;0.3362911458864389;0.4154505085432268;0.08747056301128765;-0.1256122020492907;0.2778167724609375
scenario2;forward;10min;beam_1;1;AR/MA;0.4964293736889925;0.607647292275055;0.04840766689289803;-0.8619185260196134;0.0021080970764160156
scenario2;forward;10min;beam_1;1;ARIMA(5,1,0);0.511081557038506;0.6248585180744627;0.04968701005249254;-0.9688876198561676;0.025810956954956055
scenario2;forward;10min;beam_1;1;Random Forest;0.41000789168440155;0.49264279489362983;0.041092165392804636;-0.185841495216154;0.07545995712280273
scenario2;forward;10min;beam_1;1;SVM;0.4597660286757554;0.5598193497686221;0.04575324925926534;-0.5312925982238172;0.0007770061492919922
scenario2;forward;10min;beam_1;1;GRU PyTorch;0.492972807311199;0.5649322266590237;0.049191794820532216;-0.5593911747191287;0.4078230857849121
scenario2;forward;10min;beam_1;1;LSTM PyTorch;0.4971337871404642;0.5641677991779893;0.04975115349473293;-0.555173907878576;0.4081888198852539
scenario2;forward;10min;beam_1;5;AR/MA;0.5559031913924046;0.6709380110966463;0.05411409078764551;-1.0209077429586375;0.00180816650390625
scenario2;forward;10min;beam_1;5;ARIMA(5,1,0);0.549760376137647;0.6668198822779798;0.05330528913506638;-0.9961757483152469;0.02453899383544922
scenario2;forward;10min;beam_1;5;Random Forest;0.4123151972579584;0.5071745140000073;0.041136641092017166;-0.2568319597173536;0.07311177253723145
scenario2;forward;10min;beam_1;5;SVM;0.4181822065271394;0.508799645864339;0.04170843403921245;-0.26489936063790753;0.0007948875427246094
scenario2;forward;10min;beam_1;5;GRU PyTorch;0.5350893010815647;0.6063267127718752;0.053280581333644945;-0.7962872067259903;0.40487122535705566
scenario2;forward;10min;beam_1;5;LSTM PyTorch;0.4228998249867198;0.4904204756000944;0.04198987081017809;-0.17516692743613027;0.4302408695220947
scenario2;forward;10min;beam_2;1;AR/MA;0.29645202494000555;0.3586797661910153;0.04824492581454553;-0.8309379195663693;0.0017750263214111328
scenario2;forward;10min;beam_2;1;ARIMA(5,1,0);0.30201841216681574;0.3660909386016198;0.04899603573457343;-0.9073826248606658;0.025682926177978516
scenario2;forward;10min;beam_2;1;Random Forest;0.25792747030843444;0.30501127661891264;0.04305699774071568;-0.28227997116685377;0.07471370697021484
scenario2;forward;10min;beam_2;1;SVM;0.2714692567642815;0.32725245681861365;0.04509773021104866;-0.4761037993510844;0.0008101463317871094
scenario2;forward;10min;beam_2;1;GRU PyTorch;0.29941324480149917;0.34681614586855847;0.049592258331259666;-0.657866981297607;0.402285099029541
scenario2;forward;10min;beam_2;1;LSTM PyTorch;0.2997099186396656;0.3338626452989129;0.04995663699809416;-0.5363378386195803;0.4070148468017578
scenario2;forward;10min;beam_2;5;AR/MA;0.32784971660720075;0.3939640991101095;0.05321928089632583;-0.9828926156893727;0.0018150806427001953
scenario2;forward;10min;beam_2;5;ARIMA(5,1,0);0.3241213953248899;0.38987833022781404;0.05243577018102622;-0.9419770589554199;0.024764060974121094
scenario2;forward;10min;beam_2;5;Random Forest;0.24218376683930298;0.29688377371807767;0.0402833340746;-0.21485372654367962;0.073577880859375
scenario2;forward;10min;beam_2;5;SVM;0.24640334479281292;0.302588162891532;0.04089947448619896;-0.26198715929046146;0.0008449554443359375
scenario2;forward;10min;beam_2;5;GRU PyTorch;0.27517132595492744;0.31448479084630754;0.04555760283990005;-0.3631710694982657;0.40790295600891113
scenario2;forward;10min;beam_2;5;LSTM PyTorch;0.2543687866270572;0.29671156020165457;0.042202910863610166;-0.21344473372425243;0.41045284271240234
scenario2;forward;10min;beam_3;1;AR/MA;0.19380592992434612;0.2365142367096518;0.04732020953009906;-0.7447519369765412;0.001978158950805664
scenario2;forward;10min;beam_3;1;ARIMA(5,1,0);0.20219831463578167;0.24620046485240207;0.049197601701268016;-0.8905877991401467;0.025468111038208008
scenario2;forward;10min;beam_3;1;Random Forest;0.17025549355709768;0.20802973832809432;0.0425487888061511;-0.30551047732372183;0.07392621040344238
scenario2;forward;10min;beam_3;1;SVM;0.18093074506614967;0.21904974588266338;0.045009247833408934;-0.44748817122533935;0.0007829666137695312
scenario2;forward;10min;beam_3;1;GRU PyTorch;0.1965410568768401;0.23038526569248544;0.048914149631935654;-0.60117542764013;0.4021298885345459
scenario2;forward;10min;beam_3;1;LSTM PyTorch;0.19465595373406028;0.22753008140541742;0.04798830407979083;-0.5617343420490755;0.42722415924072266
scenario2;forward;10min;beam_3;5;AR/MA;0.21464275267579652;0.26098539258227155;0.0522660267323275;-0.9047268120441734;0.001811981201171875
scenario2;forward;10min;beam_3;5;ARIMA(5,1,0);0.21642458015109872;0.26234690987178144;0.05249994238020746;-0.9246519344105801;0.02541494369506836
scenario2;forward;10min;beam_3;5;Random Forest;0.16955748003848897;0.2062723469076234;0.04220421783277503;-0.28354629009875243;0.07428503036499023
scenario2;forward;10min;beam_3;5;SVM;0.17270956184767403;0.21178320170866766;0.0429341759447388;-0.3530459175238838;0.0007889270782470703
scenario2;forward;10min;beam_3;5;GRU PyTorch;0.19590407272231433;0.22198227483549576;0.04859020322719229;-0.48650409972989417;0.4082350730895996
scenario2;forward;10min;beam_3;5;LSTM PyTorch;0.16153752725244977;0.19238970525264687;0.03998196116955373;-0.11658856152432229;0.40647292137145996
scenario2;return;1s;beam_1;1;AR/MA;3.5748805322873354;4.284205179411947;0.49773137734843337;-0.5174976177104038;0.0045621395111083984
scenario2;return;1s;beam_1;1;ARIMA(5,1,0);2.846604575529207;3.5428519956471796;0.3751585218210628;-0.037751844169115145;0.08545303344726562
scenario2;return;1s;beam_1;1;Random Forest;2.8292723620039;3.5160744586855577;0.36923612613691414;-0.046981223476826095;0.3337829113006592
scenario2;return;1s;beam_1;1;SVM;2.869669053358325;3.5648091777582644;0.3787075764794045;-0.07620583122273183;0.029473066329956055
scenario2;return;1s;beam_1;1;GRU PyTorch;3.2808855713994878;4.00377144820639;0.45248813720521164;-0.35756715687883944;0.3451578617095947
scenario2;return;1s;beam_1;1;LSTM PyTorch;2.8405208995211018;3.5341187254333666;0.3752714281089733;-0.057754877437697694;0.350449800491333
scenario2;return;1s;beam_1;5;AR/MA;3.5403029936039827;4.246975935058743;0.49800636646850643;-0.5362711470361785;0.004410982131958008
scenario2;return;1s;beam_1;5;ARIMA(5,1,0);2.813317098850225;3.493098021951276;0.375485264855916;-0.03927341842890364;0.08591222763061523
scenario2;return;1s;beam_1;5;Random Forest;2.8534636000063736;3.5875231642587884;0.35693601388983154;-0.0899641008398393;0.32938098907470703
scenario2;return;1s;beam_1;5;SVM;2.940504174754057;3.6552671706039317;0.3777853132555304;-0.1315168303289378;0.03640604019165039
scenario2;return;1s;beam_1;5;GRU PyTorch;2.8998237539116585;3.606308544540143;0.34611957728290216;-0.10140876442718838;0.33730602264404297
scenario2;return;1s;beam_1;5;LSTM PyTorch;2.780933036308395;3.479728856327062;0.32814782712662854;-0.025447842305867274;0.3477010726928711
scenario2;return;1s;beam_2;1;AR/MA;2.145868366670891;2.588957942790473;0.4907846540075741;-0.5193958718319638;0.004441022872924805
scenario2;return;1s;beam_2;1;ARIMA(5,1,0);1.7009638466741737;2.113601564284364;0.35852176529799434;-0.012668251758549465;0.06791424751281738
scenario2;return;1s;beam_2;1;Random Forest;1.703786903420187;2.1298332038133716;0.36138908102323175;-0.054093696644441636;0.33962512016296387
scenario2;return;1s;beam_2;1;SVM;1.7274964218594113;2.1365178303593084;0.36856602744690475;-0.060720769805621355;0.029932737350463867
scenario2;return;1s;beam_2;1;GRU PyTorch;1.6444243325493413;2.0710009165518892;0.33214086703550555;0.0033363667188875956;0.3390538692474365
scenario2;return;1s;beam_2;1;LSTM PyTorch;1.6884794952883313;2.105364316656909;0.3621158142158077;-0.030012619031104082;0.3441181182861328
scenario2;return;1s;beam_2;5;AR/MA;2.127997905730299;2.565505909685526;0.49113783916640297;-0.533923769715773;0.0044460296630859375
scenario2;return;1s;beam_2;5;ARIMA(5,1,0);1.6813221723665879;2.083022342069805;0.35871414896085735;-0.011219870201074622;0.06714200973510742
scenario2;return;1s;beam_2;5;Random Forest;1.7255743639527652;2.1518143211538314;0.3550830742254678;-0.07596369279353477;0.332226037979126
scenario2;return;1s;beam_2;5;SVM;1.7651128624338084;2.1721080981170098;0.36930313984765406;-0.09635423647761598;0.02960991859436035
scenario2;return;1s;beam_2;5;GRU PyTorch;1.745461295834926;2.1403611967573903;0.35996078466820003;-0.06454044808223158;0.34471893310546875
scenario2;return;1s;beam_2;5;LSTM PyTorch;1.7739418960746207;2.2431761469129117;0.3107073337770796;-0.1692699431369804;0.36109185218811035
scenario2;return;1s;beam_3;1;AR/MA;1.4265628262180132;1.721236623760833;0.5026914850986919;-0.5117712447015128;0.004536151885986328
scenario2;return;1s;beam_3;1;ARIMA(5,1,0);1.140390800135149;1.4178992130923058;0.3766522535059166;-0.025877835652773795;0.0733342170715332
scenario2;return;1s;beam_3;1;Random Forest;1.1368611267977546;1.4170970319896625;0.36729551884713296;-0.04564774329167842;0.33481669425964355
scenario2;return;1s;beam_3;1;SVM;1.1436020408612855;1.4342619566631751;0.38032612369545105;-0.07113247279714252;0.028790950775146484
scenario2;return;1s;beam_3;1;GRU PyTorch;1.0975353851659158;1.384455952209871;0.350045031216948;0.0019678922118387954;0.3406989574432373
scenario2;return;1s;beam_3;1;LSTM PyTorch;1.0920408690367922;1.4015691600211317;0.31771938153658125;-0.022857874984125726;0.3508141040802002
scenario2;return;1s;beam_3;5;AR/MA;1.4136068630326104;1.707603585395226;0.5028489414133547;-0.5261701904474063;0.004802703857421875
scenario2;return;1s;beam_3;5;ARIMA(5,1,0);1.1253359758711476;1.3995607872313054;0.3764145439958872;-0.02520893480682118;0.07459688186645508
scenario2;return;1s;beam_3;5;Random Forest;1.1442423909803792;1.4327414625270645;0.36580120487481876;-0.06886261218863488;0.331373929977417
scenario2;return;1s;beam_3;5;SVM;1.171139687720393;1.446802512160999;0.38156997865883463;-0.08994538282877906;0.027806997299194336
scenario2;return;1s;beam_3;5;GRU PyTorch;1.1461260255411627;1.423917807986221;0.34571566114514934;-0.05573779790348077;0.3395838737487793
scenario2;return;1s;beam_3;5;LSTM PyTorch;1.1499489166681438;1.4559925697755145;0.3217780997222733;-0.10383597755023155;0.34447288513183594
scenario2;return;1min;beam_1;1;AR/MA;0.7732630623127582;0.9593741626586361;0.07927136103325301;-0.05217174858984963;0.0038270950317382812
scenario2;return;1min;beam_1;1;ARIMA(5,1,0);0.864560519069313;1.0468625165903866;0.09016471517005777;-0.25282352640378547;0.06661415100097656
scenario2;return;1min;beam_1;1;Random Forest;0.7073877298259533;0.8859330352679706;0.07204070449741931;0.1042272268519534;0.27687978744506836
scenario2;return;1min;beam_1;1;SVM;0.6920274553329732;0.860137720808336;0.07019448164386896;0.15563144177196497;0.02635979652404785
scenario2;return;1min;beam_1;1;GRU PyTorch;0.6737510172079545;0.8481884082478268;0.0686765700585391;0.17892896590261886;0.27486395835876465
scenario2;return;1min;beam_1;1;LSTM PyTorch;0.6898576478529654;0.8594778282292834;0.07072057462664964;0.15692653392911748;0.27410292625427246
scenario2;return;1min;beam_1;5;AR/MA;0.7818424812624298;0.9675089187121483;0.08017743316172982;-0.055298265699395666;0.0038907527923583984
scenario2;return;1min;beam_1;5;ARIMA(5,1,0);0.869894926250233;1.0515844892009516;0.09077479331629129;-0.24667604194047144;0.0660250186920166
scenario2;return;1min;beam_1;5;Random Forest;0.7918383828657258;0.9781387447729183;0.08068759162183826;-0.09193550961184593;0.27426695823669434
scenario2;return;1min;beam_1;5;SVM;0.774805372536588;0.9604985169681609;0.07896095637919064;-0.052905666040901744;0.0270538330078125
scenario2;return;1min;beam_1;5;GRU PyTorch;0.7567976496310522;0.9473771590540937;0.07605286886909063;-0.024334700419310185;0.26822900772094727
scenario2;return;1min;beam_1;5;LSTM PyTorch;0.7510133964503277;0.9467510490919722;0.075106137498068;-0.02298120730320452;0.277968168258667
scenario2;return;1min;beam_2;1;AR/MA;0.4648721401813568;0.5757267415436237;0.07941358770198557;-0.05385456127372579;0.003961086273193359
scenario2;return;1min;beam_2;1;ARIMA(5,1,0);0.522385566181464;0.6303404434533276;0.09080008807144865;-0.26327592917276244;0.0773768424987793
scenario2;return;1min;beam_2;1;Random Forest;0.42312991680407913;0.5227906726442076;0.07164566733540595;0.13226640589796812;0.2705819606781006
scenario2;return;1min;beam_2;1;SVM;0.4159876880272234;0.5189062604186414;0.07031613820517063;0.14511327941083096;0.02648019790649414
scenario2;return;1min;beam_2;1;GRU PyTorch;0.40689300834455283;0.5073743752512834;0.06897967769863891;0.18268812408231028;0.27111387252807617
scenario2;return;1min;beam_2;1;LSTM PyTorch;0.4291335785108378;0.5273049070710202;0.07363815665050295;0.11721615676001662;0.27301597595214844
scenario2;return;1min;beam_2;5;AR/MA;0.4696799379191123;0.5806200087744335;0.08025934794119388;-0.05758805425193625;0.003818988800048828
scenario2;return;1min;beam_2;5;ARIMA(5,1,0);0.5250124071619487;0.6329286972817534;0.0913102000039289;-0.2567303840406663;0.0765080451965332
scenario2;return;1min;beam_2;5;Random Forest;0.473233712013759;0.581297675154194;0.08036838094540708;-0.07282262139746054;0.27442312240600586
scenario2;return;1min;beam_2;5;SVM;0.46927042048707857;0.583784900156204;0.07972320615939396;-0.08202293290510099;0.028321027755737305
scenario2;return;1min;beam_2;5;GRU PyTorch;0.4820337089756051;0.5908211465141736;0.08252758406926229;-0.10826294430591932;0.29012298583984375
scenario2;return;1min;beam_2;5;LSTM PyTorch;0.4541006486618756;0.5681662844949477;0.07667810073874642;-0.024900412156577012;0.27773404121398926
scenario2;return;1min;beam_3;1;AR/MA;0.3111808776244505;0.3854398204131622;0.07971341760916051;-0.05538957976127157;0.003966331481933594
scenario2;return;1min;beam_3;1;ARIMA(5,1,0);0.3472516501473616;0.418976662949184;0.09043293038703466;-0.24703691025997743;0.08217477798461914
scenario2;return;1min;beam_3;1;Random Forest;0.287451303761111;0.35490966707309024;0.07287985467795165;0.10669831959509146;0.26674985885620117
scenario2;return;1min;beam_3;1;SVM;0.28377151029333764;0.3492338860779962;0.07191095209540105;0.1350415488825376;0.025742292404174805
scenario2;return;1min;beam_3;1;GRU PyTorch;0.28129864724926895;0.3466310424727452;0.07191212762510678;0.14788659050047703;0.2714691162109375
scenario2;return;1min;beam_3;1;LSTM PyTorch;0.2753830365955793;0.3419558928415185;0.07000489265206841;0.17071716221197575;0.2727038860321045
scenario2;return;1min;beam_3;5;AR/MA;0.3139722378814723;0.388354525841311;0.08045247719050054;-0.057417262800382174;0.0038619041442871094
scenario2;return;1min;beam_3;5;ARIMA(5,1,0);0.34900845369913264;0.42073073768966235;0.09093911923557244;-0.24107531706268048;0.08105206489562988
scenario2;return;1min;beam_3;5;Random Forest;0.3191973925380072;0.39389953886170076;0.08119143291455959;-0.10035656260938297;0.27665090560913086
scenario2;return;1min;beam_3;5;SVM;0.31303636400603807;0.3890022964806757;0.0797709381519395;-0.07316579903814802;0.027344226837158203
scenario2;return;1min;beam_3;5;GRU PyTorch;0.3294537479331918;0.4014873489432683;0.08503394273068603;-0.14315790327721967;0.2741248607635498
scenario2;return;1min;beam_3;5;LSTM PyTorch;0.3105040676220793;0.3838747480562665;0.07903713112648351;-0.04506085841554608;0.2747352123260498
scenario2;return;10min;beam_1;1;AR/MA;0.5021867419378092;0.6151237827936036;0.0489281398963101;-0.9568470250867938;0.001767873764038086
scenario2;return;10min;beam_1;1;ARIMA(5,1,0);0.5210783849548799;0.6395649719615386;0.05062845612269857;-1.1154422755107518;0.023758888244628906
scenario2;return;10min;beam_1;1;Random Forest;0.4001819288038876;0.47565608374060947;0.04008548859681741;-0.13632739825320805;0.07349300384521484
scenario2;return;10min;beam_1;1;SVM;0.46739868346260804;0.5624989770745888;0.04653030335555999;-0.5891351742079269;0.0009171962738037109
scenario2;return;10min;beam_1;1;GRU PyTorch;0.4948551217558547;0.5741145406798571;0.04952648842991921;-0.6554438676539782;0.403505802154541
scenario2;return;10min;beam_1;1;LSTM PyTorch;0.4832054509476431;0.5524970615521326;0.04814979564401615;-0.5331241037165864;0.41326117515563965
scenario2;return;10min;beam_1;5;AR/MA;0.5585262314209448;0.6721457444158806;0.05435953474287023;-1.0687131516166257;0.0017948150634765625
scenario2;return;10min;beam_1;5;ARIMA(5,1,0);0.5600488215699271;0.6776492455918575;0.054305286473206385;-1.1027289167556078;0.02536606788635254
scenario2;return;10min;beam_1;5;Random Forest;0.41356510285198234;0.5022138022172538;0.04127994452607445;-0.2667609142511267;0.07389092445373535
scenario2;return;10min;beam_1;5;SVM;0.4327379113481244;0.5085030599575179;0.04322727240800613;-0.2986870437352902;0.0008800029754638672
scenario2;return;10min;beam_1;5;GRU PyTorch;0.396683126240397;0.48339667382337753;0.03913516188338895;-0.17361237993939294;0.4080619812011719
scenario2;return;10min;beam_1;5;LSTM PyTorch;0.39590662802633875;0.48599859639131066;0.03895732155825984;-0.18628051342499874;0.4208970069885254
scenario2;return;10min;beam_2;1;AR/MA;0.2993941143908068;0.36282042396345987;0.04867238821720924;-0.9132588830219108;0.001798868179321289
scenario2;return;10min;beam_2;1;ARIMA(5,1,0);0.30705709365192857;0.37477276073467397;0.0497637859206933;-1.041391590221921;0.03615903854370117
scenario2;return;10min;beam_2;1;Random Forest;0.23220774949880618;0.27301346116148917;0.038732558337041936;-0.05145145026430753;0.0738680362701416
scenario2;return;10min;beam_2;1;SVM;0.27743046625977613;0.32775569156725565;0.046122182250404715;-0.5153801246376961;0.0007941722869873047
scenario2;return;10min;beam_2;1;GRU PyTorch;0.2983200954739077;0.3371997169107567;0.04961984694238377;-0.6039672826740512;0.40327906608581543
scenario2;return;10min;beam_2;1;LSTM PyTorch;0.2963380492636602;0.33888863424787424;0.04905782885150527;-0.620074961063334;0.4149000644683838
scenario2;return;10min;beam_2;5;AR/MA;0.3293503499021971;0.39492469572054084;0.05344633084270065;-1.021802553274623;0.0017969608306884766
scenario2;return;10min;beam_2;5;ARIMA(5,1,0);0.3290310620234977;0.3965954432023843;0.05320909097344888;-1.038945399944962;0.03676891326904297
scenario2;return;10min;beam_2;5;Random Forest;0.25079589824233023;0.3002525663572838;0.041731959415589014;-0.2717289535177929;0.07418513298034668
scenario2;return;10min;beam_2;5;SVM;0.2580385401336459;0.303487647647158;0.04293808027167811;-0.299281161301191;0.0008168220520019531
scenario2;return;10min;beam_2;5;GRU PyTorch;0.25578668148178635;0.3055038105268341;0.04214581832593748;-0.3166015613391435;0.40366315841674805
scenario2;return;10min;beam_2;5;LSTM PyTorch;0.29320711420956375;0.3412272520062809;0.04835406177650111;-0.6425118823931204;0.40555286407470703
scenario2;return;10min;beam_3;1;AR/MA;0.1950887779778682;0.23932180450719576;0.04756698268476158;-0.8255199568542542;0.0017790794372558594
scenario2;return;10min;beam_3;1;ARIMA(5,1,0);0.20565038169563385;0.2518164026422702;0.049991996524266946;-1.021110593565849;0.04291701316833496
scenario2;return;10min;beam_3;1;Random Forest;0.15508021145562356;0.1837888495764498;0.0386896302336437;-0.0433652613825688;0.07499003410339355
scenario2;return;10min;beam_3;1;SVM;0.1828740286450577;0.22092231413746927;0.04555533930148239;-0.5075690808063247;0.0008029937744140625
scenario2;return;10min;beam_3;1;GRU PyTorch;0.19975240991804502;0.22526099453136875;0.04974634143262759;-0.5673646539832524;0.4091670513153076
scenario2;return;10min;beam_3;1;LSTM PyTorch;0.20624155204570402;0.23564287724024002;0.05123439127215862;-0.7151680894522212;0.41552734375
scenario2;return;10min;beam_3;5;AR/MA;0.21586044263393944;0.26172227377783996;0.05254699953040045;-0.944620774126413;0.0017800331115722656
scenario2;return;10min;beam_3;5;ARIMA(5,1,0);0.21994468488875132;0.2666967070041628;0.053341650525145515;-1.0192442658220497;0.041895151138305664
scenario2;return;10min;beam_3;5;Random Forest;0.1705701760995769;0.20295509245358262;0.04247069604959125;-0.2723247050573796;0.08241009712219238
scenario2;return;10min;beam_3;5;SVM;0.17618843649309152;0.20876106972781688;0.04391848384906025;-0.3461612389959603;0.0008828639984130859
scenario2;return;10min;beam_3;5;GRU PyTorch;0.19712105690545184;0.22684493203915707;0.04865568331662185;-0.5894842044948243;0.4000229835510254
scenario2;return;10min;beam_3;5;LSTM PyTorch;0.14739355460488313;0.1856387495299674;0.036534527437884635;-0.06447464893201693;0.4052410125732422
scenario3;forward;1s;beam_1;1;AR/MA;4.356361705904479;5.120667786769984;0.7362738954226238;-0.339325044124718;0.004507780075073242
scenario3;forward;1s;beam_1;1;ARIMA(5,1,0);3.6933164393381186;4.515800374846076;0.5796925067716947;-0.041603086835156455;0.09349775314331055
scenario3;forward;1s;beam_1;1;Random Forest;3.7283797261980753;4.629857173407748;0.5931991750704735;-0.0915883370845485;0.36530208587646484
scenario3;forward;1s;beam_1;1;SVM;10.098675745807597;11.294013145588535;1.6452608287471224;-5.49561501942525;0.0017058849334716797
scenario3;forward;1s;beam_1;1;GRU PyTorch;3.93419468085027;4.758881074128045;0.6302693356271694;-0.15327639508926194;0.3413670063018799
scenario3;forward;1s;beam_1;1;LSTM PyTorch;4.052101141267803;4.830341509030583;0.662668114425523;-0.18817216253554903;0.3431248664855957
scenario3;forward;1s;beam_1;5;AR/MA;4.357711230087171;5.122331055508326;0.7376009525189992;-0.33338163707823787;0.0044171810150146484
scenario3;forward;1s;beam_1;5;ARIMA(5,1,0);3.6904620616688604;4.516207874061348;0.5802702146755702;-0.036494567582932014;0.0913240909576416
scenario3;forward;1s;beam_1;5;Random Forest;3.7988479421278476;4.579852786868456;0.5945952738047843;-0.06813645205366603;0.3576929569244385
scenario3;forward;1s;beam_1;5;SVM;6.897260595354175;8.610699976081326;0.9492534584082057;-2.775727248680042;0.0017900466918945312
scenario3;forward;1s;beam_1;5;GRU PyTorch;3.4601205003739284;4.396497902658347;0.4970449281067559;0.015677437235043445;0.3606250286102295
scenario3;forward;1s;beam_1;5;LSTM PyTorch;3.5354509407167147;4.421095207094846;0.5308472182446271;0.004632550407051572;0.3478240966796875
scenario3;forward;1s;beam_2;1;AR/MA;2.6335241748112277;3.0744753820739645;0.726924132732699;-0.35776013329000333;0.004406929016113281
scenario3;forward;1s;beam_2;1;ARIMA(5,1,0);2.1306441145376755;2.644245225239799;0.516006510634279;-0.004348581484184377;0.07284975051879883
scenario3;forward;1s;beam_2;1;Random Forest;2.262282874539635;2.785716027214221;0.5867196966414114;-0.11145512457063744;0.35828089714050293
scenario3;forward;1s;beam_2;1;SVM;6.179100413182407;6.8593624786216685;1.6508899090728515;-5.7388494463483966;0.002009868621826172
scenario3;forward;1s;beam_2;1;GRU PyTorch;2.122645693424705;2.6669207146882354;0.5000356610814681;-0.01868158702715661;0.3385190963745117
scenario3;forward;1s;beam_2;1;LSTM PyTorch;2.18645203588776;2.68873333461311;0.5374987998948882;-0.03541323022727094;0.34906792640686035
scenario3;forward;1s;beam_2;5;AR/MA;2.6354195588981795;3.079366595100338;0.7287133680323403;-0.3531580208336962;0.004515171051025391
scenario3;forward;1s;beam_2;5;ARIMA(5,1,0);2.131347511967518;2.647280347779655;0.5169923810724409;-5.8945548765398925e-05;0.07440900802612305
scenario3;forward;1s;beam_2;5;Random Forest;2.265010930506014;2.734463713813037;0.5770155725494405;-0.07093367817494656;0.35686397552490234
scenario3;forward;1s;beam_2;5;SVM;4.126199581431216;5.127105474613858;0.9510899963866425;-2.764980667572467;0.0018949508666992188
scenario3;forward;1s;beam_2;5;GRU PyTorch;3.2251537223884026;3.6884260601816496;0.903411161681415;-0.9485000017955354;0.3388028144836426
scenario3;forward;1s;beam_2;5;LSTM PyTorch;3.2686044067525724;3.7389350782060258;0.9197131325729152;-1.0022306046187617;0.343336820602417
scenario3;forward;1s;beam_3;1;AR/MA;1.7639759979593237;2.066573584523606;0.7507225548535874;-0.33938248924628023;0.0044519901275634766
scenario3;forward;1s;beam_3;1;ARIMA(5,1,0);1.4749408548428453;1.8071167715729042;0.5725664527509219;-0.02417766875071159;0.07341480255126953
scenario3;forward;1s;beam_3;1;Random Forest;1.5466892619292494;1.8947557509744661;0.6121858321764596;-0.12227243276443733;0.3660149574279785
scenario3;forward;1s;beam_3;1;SVM;4.177112976488201;4.670952152346668;1.7209587055483728;-5.820287221495458;0.0018870830535888672
scenario3;forward;1s;beam_3;1;GRU PyTorch;1.5199424838481617;1.848780973952412;0.5995348269393712;-0.06847103523624987;0.34447383880615234
scenario3;forward;1s;beam_3;1;LSTM PyTorch;1.4126327292320462;1.8300748425308284;0.47265957059377334;-0.04695864954852724;0.3449580669403076
scenario3;forward;1s;beam_3;5;AR/MA;1.764123335742278;2.067400112740717;0.7517719264934091;-0.33310551314535686;0.004565000534057617
scenario3;forward;1s;beam_3;5;ARIMA(5,1,0);1.4746085601942505;1.8076763123117987;0.5731082380043999;-0.019193833642928038;0.06687092781066895
scenario3;forward;1s;beam_3;5;Random Forest;1.5810710000239612;1.9283324580941161;0.6250011824218036;-0.16240013094332117;0.3555269241333008
scenario3;forward;1s;beam_3;5;SVM;2.936826505440615;3.584171711491742;0.9658738904527823;-3.0157756581341566;0.0020291805267333984
scenario3;forward;1s;beam_3;5;GRU PyTorch;1.4218779500805956;1.778910100048775;0.5252422765287119;0.010764190387689054;0.3424558639526367
scenario3;forward;1s;beam_3;5;LSTM PyTorch;1.4063660097795718;1.815303779591873;0.4706486282727345;-0.03012624275357001;0.3495450019836426
scenario3;forward;1min;beam_1;1;AR/MA;1.7532597939988706;2.050404140212352;0.130269895585318;-2.2698483157542175;0.0038766860961914062
scenario3;forward;1min;beam_1;1;ARIMA(5,1,0);1.601078969633845;1.9051275717228522;0.11869381580345924;-1.8229084335497134;0.05624580383300781
scenario3;forward;1min;beam_1;1;Random Forest;1.0761859392786075;1.355732107849101;0.08043909596018987;-0.4361795048429844;0.26275205612182617
scenario3;forward;1min;beam_1;1;SVM;1.172662702811557;1.4902364755045188;0.08762339493250142;-0.7352871063369226;0.025875329971313477
scenario3;forward;1min;beam_1;1;GRU PyTorch;1.0168955434100793;1.2728799106729944;0.07613483957310331;-0.26600618127341047;0.2691631317138672
scenario3;forward;1min;beam_1;1;LSTM PyTorch;0.9275425474879273;1.164623610422014;0.07001748547712287;-0.05982007655488264;0.27260279655456543
scenario3;forward;1min;beam_1;5;AR/MA;1.7583161093828632;2.051927712936601;0.1306152947266261;-2.3212163907466126;0.0038988590240478516
scenario3;forward;1min;beam_1;5;ARIMA(5,1,0);1.6086584058725164;1.9090927248688028;0.11923674684177354;-1.8749288684248286;0.05544114112854004
scenario3;forward;1min;beam_1;5;Random Forest;1.3287057834735612;1.6514111413620716;0.09879385393195998;-1.1309407876305455;0.2705388069152832
scenario3;forward;1min;beam_1;5;SVM;1.5295823415093228;1.873580048384725;0.11432961217439605;-1.7428715356465583;0.027456998825073242
scenario3;forward;1min;beam_1;5;GRU PyTorch;1.3899158366727982;1.707425747139439;0.10320475629292632;-1.2779522371220495;0.274442195892334
scenario3;forward;1min;beam_1;5;LSTM PyTorch;1.4177592428372836;1.7341727022668025;0.1051421422130929;-1.349879826954147;0.2909879684448242
scenario3;forward;1min;beam_2;1;AR/MA;1.0516938547630101;1.2289105991543616;0.13028960227501024;-2.2442965292746995;0.0039119720458984375
scenario3;forward;1min;beam_2;1;ARIMA(5,1,0);0.9570203689406942;1.137960017978431;0.11831131915142858;-1.7818516669903262;0.06543421745300293
scenario3;forward;1min;beam_2;1;Random Forest;0.6375241201853109;0.8103437653896115;0.07942800533593236;-0.41666150511575606;0.26134300231933594
scenario3;forward;1min;beam_2;1;SVM;0.6982621337383705;0.8954655726018023;0.0867940909830052;-0.7299170923442833;0.026072978973388672
scenario3;forward;1min;beam_2;1;GRU PyTorch;0.6349744126191257;0.7910528683338476;0.07914929662333328;-0.35001477638205536;0.2685420513153076
scenario3;forward;1min;beam_2;1;LSTM PyTorch;0.5420323453166999;0.6838304852523487;0.06833750958647357;-0.00884493608626169;0.2749209403991699
scenario3;forward;1min;beam_2;5;AR/MA;1.0555744064837076;1.2301999954663816;0.13074510438274473;-2.294738872777691;0.004227161407470703
scenario3;forward;1min;beam_2;5;ARIMA(5,1,0);0.9622139645726937;1.14079296280124;0.1189334596926629;-1.833239087605116;0.06685090065002441
scenario3;forward;1min;beam_2;5;Random Forest;0.8008668486659751;0.9932600567909889;0.09930245159527037;-1.1284009533824504;0.2719600200653076
scenario3;forward;1min;beam_2;5;SVM;0.8938653774361279;1.0997867169989746;0.11115541610053094;-1.6094227409283932;0.028126001358032227
scenario3;forward;1min;beam_2;5;GRU PyTorch;0.682332093687271;0.8625597364842592;0.08515865993801539;-0.6051139396746554;0.27420783042907715
scenario3;forward;1min;beam_2;5;LSTM PyTorch;0.6706461044258;0.8504762455888945;0.0838280567132754;-0.5604572622438957;0.2723088264465332
scenario3;forward;1min;beam_3;1;AR/MA;0.6996455768142974;0.8189388264668085;0.12999845786855868;-2.2367896047888314;0.003958940505981445
scenario3;forward;1min;beam_3;1;ARIMA(5,1,0);0.6444585163353946;0.7650478147032366;0.1195495317321705;-1.8248065069937667;0.07072091102600098
scenario3;forward;1min;beam_3;1;Random Forest;0.4218626801377398;0.5382506123487092;0.07883397169892638;-0.4047232329084831;0.26127004623413086
scenario3;forward;1min;beam_3;1;SVM;0.47307545797922324;0.607342852363062;0.08846182487313198;-0.788502492488057;0.02529597282409668
scenario3;forward;1min;beam_3;1;GRU PyTorch;0.39269122111417415;0.4925904355273337;0.07372500891566061;-0.17650465601394427;0.2710399627685547
scenario3;forward;1min;beam_3;1;LSTM PyTorch;0.4795710767645538;0.5861446065520977;0.08939475248339088;-0.6658321765343607;0.2789289951324463
scenario3;forward;1min;beam_3;5;AR/MA;0.7029318225951533;0.8203623902983447;0.1305927449695638;-2.286624627575976;0.004282236099243164
scenario3;forward;1min;beam_3;5;ARIMA(5,1,0);0.6483762739578847;0.7673223049210544;0.12026220666551414;-1.8753735069481605;0.07196211814880371
scenario3;forward;1min;beam_3;5;Random Forest;0.5316860645573634;0.6599323031512758;0.09887233941227819;-1.1116428910311598;0.2780110836029053
scenario3;forward;1min;beam_3;5;SVM;0.6168288514830786;0.7606238497950866;0.1151767196986885;-1.8051854515429047;0.027239084243774414
scenario3;forward;1min;beam_3;5;GRU PyTorch;0.5173293675405425;0.6426670539502085;0.09627114039581582;-1.0025979778954994;0.26888132095336914
scenario3;forward;1min;beam_3;5;LSTM PyTorch;0.622209810487376;0.7522650488284913;0.11539117574289015;-1.7438696061412307;0.2723391056060791
scenario3;forward;10min;beam_1;1;AR/MA;0.49876407840776643;0.5764208774305706;0.038301237418894275;-0.6171293396975002;0.0019116401672363281
scenario3;forward;10min;beam_1;1;ARIMA(5,1,0);0.6929401855173046;0.81244943583483;0.0527643959409149;-2.212610209290179;0.019031047821044922
scenario3;forward;10min;beam_1;1;Random Forest;0.6857642313587375;0.802960407308038;0.05225917888438201;-2.013113591296408;0.07311105728149414
scenario3;forward;10min;beam_1;1;SVM;1.3928210974827957;1.4966257384236894;0.10714354726612586;-9.467757694758122;0.0007219314575195312
scenario3;forward;10min;beam_1;1;GRU PyTorch;0.48990793808169425;0.5594554814034876;0.038432658831068764;-0.4627102616001453;0.40944385528564453
scenario3;forward;10min;beam_1;1;LSTM PyTorch;0.5037892497322704;0.5777634729594406;0.03891864991425116;-0.5600100810968585;0.4154691696166992
scenario3;forward;10min;beam_1;5;AR/MA;0.5046761263918739;0.5883456050463843;0.03868009889555764;-0.43112931703615454;0.0018322467803955078
scenario3;forward;10min;beam_1;5;ARIMA(5,1,0);0.6850312974876402;0.8211198921372861;0.052081161306642906;-1.7875778041765957;0.019914865493774414
scenario3;forward;10min;beam_1;5;Random Forest;0.7598421365071784;0.8798540321775458;0.05794366558577748;-2.617832858451321;0.07381892204284668
scenario3;forward;10min;beam_1;5;SVM;1.1328397915038961;1.2786378672676346;0.0868023173908556;-6.640510302636474;0.0007932186126708984
scenario3;forward;10min;beam_1;5;GRU PyTorch;0.5616248297540822;0.7314719121473169;0.04471942618754975;-1.50047519179705;0.3992030620574951
scenario3;forward;10min;beam_1;5;LSTM PyTorch;0.40467534378513326;0.5175138776819662;0.03205491350994947;-0.2516163918221761;0.40575623512268066
scenario3;forward;10min;beam_2;1;AR/MA;0.2953068910413604;0.33963942389525026;0.03784466967004946;-0.5334108580311474;0.0017998218536376953
scenario3;forward;10min;beam_2;1;ARIMA(5,1,0);0.41192707698459036;0.4812814189341401;0.05230293464303881;-2.0790768820865657;0.024654865264892578
scenario3;forward;10min;beam_2;1;Random Forest;0.4027033117505317;0.47687244333812456;0.05112753337356139;-1.9017599923155086;0.07460188865661621
scenario3;forward;10min;beam_2;1;SVM;0.8479418724015133;0.9125101316489291;0.10873237954670048;-9.625085294224956;0.0007128715515136719
scenario3;forward;10min;beam_2;1;GRU PyTorch;0.302747118409155;0.3431089868074949;0.03956864309560338;-0.5021773921144705;0.40935516357421875
scenario3;forward;10min;beam_2;1;LSTM PyTorch;0.2935344489662753;0.3379185946545872;0.038081376114487496;-0.4570726808039369;0.4133141040802002
scenario3;forward;10min;beam_2;5;AR/MA;0.2981237155904644;0.34874335262385914;0.038087086560607414;-0.3684181089897185;0.0018198490142822266
scenario3;forward;10min;beam_2;5;ARIMA(5,1,0);0.408269002361088;0.488045325331325;0.05174490255148313;-1.679953451718764;0.0248110294342041
scenario3;forward;10min;beam_2;5;Random Forest;0.4104601062566196;0.4760494972837243;0.05218217181768608;-1.8917534110053214;0.08131575584411621
scenario3;forward;10min;beam_2;5;SVM;0.675291627027706;0.7573177672180299;0.08625036750103636;-6.318352538166563;0.0007300376892089844
scenario3;forward;10min;beam_2;5;GRU PyTorch;0.2703015676615939;0.3118139930376204;0.034982324814355474;-0.24064701900819196;0.40036797523498535
scenario3;forward;10min;beam_2;5;LSTM PyTorch;0.2391649359507963;0.30048205499822606;0.03152154518103871;-0.1521104511618927;0.4098818302154541
scenario3;forward;10min;beam_3;1;AR/MA;0.19874573974986678;0.2275940808513212;0.0382099415832042;-0.5093693696460126;0.0018267631530761719
scenario3;forward;10min;beam_3;1;ARIMA(5,1,0);0.2745352321608499;0.32033243453489707;0.05229416102928794;-1.990029239133313;0.03371691703796387
scenario3;forward;10min;beam_3;1;Random Forest;0.27089384082611945;0.3174891509105247;0.05163612314915377;-1.8182451420313908;0.07394886016845703
scenario3;forward;10min;beam_3;1;SVM;0.5286209782981659;0.5773441777584101;0.10154019263338318;-8.319456152499379;0.0007610321044921875
scenario3;forward;10min;beam_3;1;GRU PyTorch;0.1864178056073115;0.21024776540672024;0.03633413586510314;-0.23590123324948764;0.41242289543151855
scenario3;forward;10min;beam_3;1;LSTM PyTorch;0.1912817913605331;0.22006068156578198;0.03764465022277799;-0.3539601918447379;0.410006046295166
scenario3;forward;10min;beam_3;5;AR/MA;0.19833627508610427;0.23329538016878584;0.03798102560830179;-0.3419128289916462;0.0018041133880615234
scenario3;forward;10min;beam_3;5;ARIMA(5,1,0);0.2736986365739043;0.32530851282181084;0.052058108172920226;-1.6091730485738056;0.0326688289642334
scenario3;forward;10min;beam_3;5;Random Forest;0.295499808144849;0.3415395045640883;0.056354077624806105;-2.261391060819746;0.0727989673614502
scenario3;forward;10min;beam_3;5;SVM;0.45664585438578204;0.5129047517855079;0.0874770025318538;-6.355199103672724;0.0007669925689697266
scenario3;forward;10min;beam_3;5;GRU PyTorch;0.1673977988276263;0.21520098008501612;0.03306785292026415;-0.2948202359296077;0.40187692642211914
scenario3;forward;10min;beam_3;5;LSTM PyTorch;0.17735269617230073;0.21246019877375144;0.03474565867496829;-0.2620488203523026;0.41294193267822266
scenario3;return;1s;beam_1;1;AR/MA;3.9737641898223637;4.667482953074676;0.5964182722887322;-0.6582579243172066;0.0044591426849365234
scenario3;return;1s;beam_1;1;ARIMA(5,1,0);3.616725135832212;4.295193104595183;0.5359419309621869;-0.4042744297699261;0.09504985809326172
scenario3;return;1s;beam_1;1;Random Forest;3.0027084801424615;3.735470372588829;0.42017963215374377;-0.05955705941448586;0.3496429920196533
scenario3;return;1s;beam_1;1;SVM;3.077001737314221;3.823507264821286;0.4290874028662775;-0.11008848151386852;0.031928062438964844
scenario3;return;1s;beam_1;1;GRU PyTorch;3.2776173400753836;3.9987765789619587;0.46945878641273253;-0.21419387142918445;0.33881115913391113
scenario3;return;1s;beam_1;1;LSTM PyTorch;2.932421220892042;3.682179455657849;0.3916829914698331;-0.029541027592221214;0.344404935836792
scenario3;return;1s;beam_1;5;AR/MA;3.9784233703432244;4.675856275299793;0.5989068667532603;-0.6477394928353002;0.004530906677246094
scenario3;return;1s;beam_1;5;ARIMA(5,1,0);3.6245573503438333;4.308430453165172;0.5387065339098958;-0.398957167805009;0.08708596229553223
scenario3;return;1s;beam_1;5;Random Forest;3.047796512555402;3.809514228736101;0.41758349018725444;-0.10197808296194188;0.33614420890808105
scenario3;return;1s;beam_1;5;SVM;3.053037057822149;3.820628494925691;0.4179329865314243;-0.10841750978968512;0.031430959701538086
scenario3;return;1s;beam_1;5;GRU PyTorch;2.7993025596076717;3.5755490685480327;0.36258714188742874;0.029223528816032962;0.34237098693847656
scenario3;return;1s;beam_1;5;LSTM PyTorch;3.1139781218994296;3.784880453331141;0.4391209258051029;-0.08777253802827323;0.3440370559692383
scenario3;return;1s;beam_2;1;AR/MA;2.404838417455603;2.810700752310821;0.6059032803216072;-0.668022349012013;0.004510164260864258
scenario3;return;1s;beam_2;1;ARIMA(5,1,0);2.1227330438375223;2.5092544858576287;0.5239022947725542;-0.329419558518121;0.06736898422241211
scenario3;return;1s;beam_2;1;Random Forest;1.863473588269792;2.2759251276312584;0.43389853501974984;-0.09124848559145016;0.34863805770874023
scenario3;return;1s;beam_2;1;SVM;1.8644509110705345;2.2801729911565345;0.43354348613714;-0.0953257730960686;0.03866696357727051
scenario3;return;1s;beam_2;1;GRU PyTorch;1.897460599126414;2.323557369079195;0.4476828757315851;-0.13740337362836397;0.3457169532775879
scenario3;return;1s;beam_2;1;LSTM PyTorch;1.7275017303324907;2.1730358123646627;0.3714487797910346;0.005186935760609024;0.3520939350128174
scenario3;return;1s;beam_2;5;AR/MA;2.4144224475055696;2.817745348112824;0.609363866639648;-0.6605968332708374;0.0046079158782958984
scenario3;return;1s;beam_2;5;ARIMA(5,1,0);2.1295488215911376;2.5189931029932735;0.5269065606055531;-0.32713370573881306;0.06659269332885742
scenario3;return;1s;beam_2;5;Random Forest;1.7872329332023995;2.22292700003404;0.4130735512185795;-0.04101770148493045;0.3330240249633789
scenario3;return;1s;beam_2;5;SVM;1.8371944272800473;2.2855577567161935;0.4231672934622298;-0.10050523697781877;0.030920982360839844
scenario3;return;1s;beam_2;5;GRU PyTorch;1.8070833526325123;2.2167890427878314;0.41519989353607883;-0.03527671180991687;0.3376119136810303
scenario3;return;1s;beam_2;5;LSTM PyTorch;1.6790811326000172;2.2121366832843496;0.32160371382773995;-0.03093581585603289;0.3508260250091553
scenario3;return;1s;beam_3;1;AR/MA;1.594258527126437;1.8591708950382118;0.5846052583016484;-0.6723270647682729;0.004659891128540039
scenario3;return;1s;beam_3;1;ARIMA(5,1,0);1.4299990185763036;1.6915316601503985;0.5166170892024777;-0.3843402813266752;0.06780219078063965
scenario3;return;1s;beam_3;1;Random Forest;1.2460529798537472;1.5173043976322018;0.4198003778242235;-0.11058863713066014;0.35187292098999023
scenario3;return;1s;beam_3;1;SVM;1.234565844010335;1.51887836372896;0.41794399725812853;-0.11289395637753796;0.0333559513092041
scenario3;return;1s;beam_3;1;GRU PyTorch;1.2490684966365029;1.5208121898675844;0.425556741545114;-0.11572961922105485;0.3390829563140869
scenario3;return;1s;beam_3;1;LSTM PyTorch;1.1753045737917343;1.4635290621265127;0.3634218221773812;-0.033262087192491796;0.344696044921875
scenario3;return;1s;beam_3;5;AR/MA;1.5979096540287148;1.8623505537468206;0.5873175156237815;-0.6617161509133886;0.00444483757019043
scenario3;return;1s;beam_3;5;ARIMA(5,1,0);1.4338279411852295;1.695741589769099;0.5191638935226316;-0.37769575351002804;0.0671849250793457
scenario3;return;1s;beam_3;5;Random Forest;1.224194038605438;1.5094890773927019;0.40908306527113186;-0.0991772783521534;0.3358011245727539
scenario3;return;1s;beam_3;5;SVM;1.221603406795705;1.5184317917139982;0.4103202916767859;-0.11223963902374634;0.03250622749328613
scenario3;return;1s;beam_3;5;GRU PyTorch;1.0800085411244424;1.4507951018106968;0.3035699612407152;-0.015359774357665223;0.3615272045135498
scenario3;return;1s;beam_3;5;LSTM PyTorch;1.1570612340094073;1.4350559648023102;0.38609864006775535;0.006551247027928975;0.34470415115356445
scenario3;return;1min;beam_1;1;AR/MA;1.7542608690491845;2.049027410361269;0.13046850801910298;-2.3098313088734437;0.003724813461303711
scenario3;return;1min;beam_1;1;ARIMA(5,1,0);1.6467758788087627;1.9457330324300586;0.12229506041247706;-1.9845360385525748;0.05588197708129883
scenario3;return;1min;beam_1;1;Random Forest;1.0258629684845153;1.2931620960889776;0.07697814022242927;-0.32351470794662096;0.2601778507232666
scenario3;return;1min;beam_1;1;SVM;1.1886476297615076;1.5227754136337066;0.08863900015224672;-0.8352471201004037;0.024909019470214844
scenario3;return;1min;beam_1;1;GRU PyTorch;0.868679470970092;1.0833919810913692;0.0661609888836852;0.07104629243145111;0.27068614959716797
scenario3;return;1min;beam_1;1;LSTM PyTorch;1.180465725222651;1.4341531569866939;0.08824142429060695;-0.6278482065604585;0.27802395820617676
scenario3;return;1min;beam_1;5;AR/MA;1.7633670753096766;2.0546886200255146;0.13108930944341213;-2.363194859227386;0.004304170608520508
scenario3;return;1min;beam_1;5;ARIMA(5,1,0);1.656673574742456;1.9534522325916146;0.12296518657355603;-2.0399440554120107;0.056197166442871094
scenario3;return;1min;beam_1;5;Random Forest;1.3908217714309528;1.7115396455176135;0.10369404422661137;-1.3184448295801627;0.2691059112548828
scenario3;return;1min;beam_1;5;SVM;1.4533366754535635;1.7759318706752163;0.10864599517796146;-1.4961773669426046;0.02696704864501953
scenario3;return;1min;beam_1;5;GRU PyTorch;1.0687813365344556;1.3585179023631464;0.08071766955923722;-0.4606749138536266;0.27024173736572266
scenario3;return;1min;beam_1;5;LSTM PyTorch;1.4923583222986143;1.8160795633582347;0.11073683363763528;-1.6103129706787191;0.2723348140716553
scenario3;return;1min;beam_2;1;AR/MA;1.0489838155732243;1.2281434228117454;0.12996241600837066;-2.2795183322902286;0.003957033157348633
scenario3;return;1min;beam_2;1;ARIMA(5,1,0);0.982082967403111;1.1626845382210271;0.12151094045426661;-1.9392442930329215;0.07069778442382812
scenario3;return;1min;beam_2;1;Random Forest;0.6179136076149028;0.777091362600247;0.07720065709150381;-0.31766663355814684;0.25981593132019043
scenario3;return;1min;beam_2;1;SVM;0.7337253804629809;0.9298437747472088;0.09128351694577409;-0.8866066495121874;0.025571823120117188
scenario3;return;1min;beam_2;1;GRU PyTorch;0.49278916685960344;0.6170519563881138;0.06325211063525843;0.16918399871230405;0.27580904960632324
scenario3;return;1min;beam_2;1;LSTM PyTorch;0.49678337203310924;0.6212404662289602;0.06370979798672623;0.1578666645145408;0.2785940170288086
scenario3;return;1min;beam_2;5;AR/MA;1.0551741400463308;1.2318318759582811;0.13067799754521894;-2.3328809774585184;0.004511833190917969
scenario3;return;1min;beam_2;5;ARIMA(5,1,0);0.9884186565175281;1.1676868742869286;0.1222268606849115;-1.99481310761879;0.07186293601989746
scenario3;return;1min;beam_2;5;Random Forest;0.8101961963444855;1.0041924295604947;0.10056733478348927;-1.200367750322596;0.2669332027435303
scenario3;return;1min;beam_2;5;SVM;0.8435973074417553;1.0416958282669322;0.10496736334886812;-1.3677902885814057;0.026427030563354492
scenario3;return;1min;beam_2;5;GRU PyTorch;0.694156259463541;0.8777806160420157;0.086496311147256;-0.6812541036532529;0.28449010848999023
scenario3;return;1min;beam_2;5;LSTM PyTorch;0.744077206005812;0.9300857574472042;0.09233644509685175;-0.8875887189447131;0.2727692127227783
scenario3;return;1min;beam_3;1;AR/MA;0.6998303318354394;0.8183647208480747;0.1301273398129618;-2.2783951777715905;0.0038840770721435547
scenario3;return;1min;beam_3;1;ARIMA(5,1,0);0.6614655792705713;0.7806438230545701;0.12286425197351987;-1.983138105232472;0.08103108406066895
scenario3;return;1min;beam_3;1;Random Forest;0.40945739795690017;0.5190555680095565;0.07674453777405293;-0.32406494728577306;0.26331305503845215
scenario3;return;1min;beam_3;1;SVM;0.48743496971732536;0.6225903863257994;0.09099950551674367;-0.9049623675243137;0.025555849075317383
scenario3;return;1min;beam_3;1;GRU PyTorch;0.47303634675211764;0.573672010934256;0.08841659947285879;-0.6173682113732721;0.2749028205871582
scenario3;return;1min;beam_3;1;LSTM PyTorch;0.36843086282024673;0.45768460971959835;0.06967847652337988;-0.029471191451400758;0.2764270305633545
scenario3;return;1min;beam_3;5;AR/MA;0.7045403345826385;0.8214026810591368;0.13095603790988877;-2.332341046498337;0.0039288997650146484
scenario3;return;1min;beam_3;5;ARIMA(5,1,0);0.6661902278872455;0.7843542033659392;0.12368065647091579;-2.0385169760576085;0.0803840160369873
scenario3;return;1min;beam_3;5;Random Forest;0.536584189566474;0.6667951297284429;0.09991084771617778;-1.1850753524040574;0.26418113708496094
scenario3;return;1min;beam_3;5;SVM;0.5944655085415118;0.7275461226212742;0.11112347969298929;-1.601373076640475;0.026602983474731445
scenario3;return;1min;beam_3;5;GRU PyTorch;0.4084220068444404;0.520187302547395;0.07782781583473848;-0.3298451517838732;0.2687089443206787
scenario3;return;1min;beam_3;5;LSTM PyTorch;0.43973243397913714;0.5597622649983198;0.08260481647698348;-0.5398868719879237;0.2751779556274414
scenario3;return;10min;beam_1;1;AR/MA;0.48989929171472957;0.5647367496518294;0.0376025715810955;-0.6067636160360692;0.0016658306121826172
scenario3;return;10min;beam_1;1;ARIMA(5,1,0);0.6758657765876587;0.7917102798206258;0.05148240135095572;-2.157856981657355;0.021357059478759766
scenario3;return;10min;beam_1;1;Random Forest;0.7197692096222966;0.85002758474251;0.05479960687520902;-2.488776844047855;0.07483911514282227
scenario3;return;10min;beam_1;1;SVM;1.3549234152050211;1.4560572033835917;0.10423520407914028;-9.236795479224671;0.0007348060607910156
scenario3;return;10min;beam_1;1;GRU PyTorch;0.49771291341577323;0.5819379438085623;0.03927288092333501;-0.6351609333404413;0.42811131477355957
scenario3;return;10min;beam_1;1;LSTM PyTorch;0.5468866376579532;0.6893122603342489;0.043509868164439934;-1.2942416423981422;0.40860891342163086
scenario3;return;10min;beam_1;5;AR/MA;0.4954949592344577;0.5743180836539676;0.03795410728543827;-0.4177363012514408;0.0017611980438232422
scenario3;return;10min;beam_1;5;ARIMA(5,1,0);0.6673527400402104;0.7992548153917582;0.05076030069324079;-1.7457500505239891;0.020394086837768555
scenario3;return;10min;beam_1;5;Random Forest;0.7404224642662761;0.8630972535488931;0.05644015572841275;-2.5968855693062016;0.07294487953186035
scenario3;return;10min;beam_1;5;SVM;1.224707443287172;1.3585921679887478;0.0939666347471843;-7.912209058997288;0.0007772445678710938
scenario3;return;10min;beam_1;5;GRU PyTorch;0.42453421132274943;0.4964282133055889;0.033077249248181985;-0.18992629971854935;0.3998379707336426
scenario3;return;10min;beam_1;5;LSTM PyTorch;0.4878329340105865;0.5666112006724234;0.03757827729772095;-0.550163342978073;0.4133272171020508
scenario3;return;10min;beam_2;1;AR/MA;0.2898389191974244;0.332581146751487;0.037124867782948774;-0.5182210081241871;0.0018069744110107422
scenario3;return;10min;beam_2;1;ARIMA(5,1,0);0.4010234107019752;0.4690188642383107;0.05092875776652006;-2.0193980140212466;0.026318788528442383
scenario3;return;10min;beam_2;1;Random Forest;0.411532034986479;0.48710755021787083;0.05221598879636863;-2.1211725252295777;0.07383012771606445
scenario3;return;10min;beam_2;1;SVM;0.8140582641130081;0.8778152263549691;0.1043618180111288;-9.136179021465562;0.0007290840148925781
scenario3;return;10min;beam_2;1;GRU PyTorch;0.28050812410521025;0.3189623855666632;0.03639768513116451;-0.33828002092769416;0.40784621238708496
scenario3;return;10min;beam_2;1;LSTM PyTorch;0.3047085534559533;0.35088392146587366;0.04002772404667263;-0.6195523435374835;0.4089179039001465
scenario3;return;10min;beam_2;5;AR/MA;0.2922808832857466;0.33995811421486233;0.03731537922213274;-0.34782309483508955;0.001817941665649414
scenario3;return;10min;beam_2;5;ARIMA(5,1,0);0.39777066083521595;0.47522470949875345;0.05043476674254075;-1.6337836568670823;0.026092052459716797
scenario3;return;10min;beam_2;5;Random Forest;0.4410136439797575;0.5160412031028304;0.05599300911735599;-2.502973170058548;0.07265210151672363
scenario3;return;10min;beam_2;5;SVM;0.7352822697882139;0.8121228789820565;0.09403629591679379;-7.675840194489242;0.0007753372192382812
scenario3;return;10min;beam_2;5;GRU PyTorch;0.25207269740037785;0.3132988901681974;0.03311019495031777;-0.2911769537071618;0.4174230098724365
scenario3;return;10min;beam_2;5;LSTM PyTorch;0.24770302708168512;0.302135837909594;0.03256589839254188;-0.20080513761063146;0.4125847816467285
scenario3;return;10min;beam_3;1;AR/MA;0.19512736979000314;0.22297533094115848;0.037498297389060346;-0.49689232095202907;0.0018169879913330078
scenario3;return;10min;beam_3;1;ARIMA(5,1,0);0.2684323238387773;0.31253851099962704;0.0511544842080577;-1.9409253684674894;0.03039717674255371
scenario3;return;10min;beam_3;1;Random Forest;0.2727253705658788;0.31888689396013487;0.05198450519236057;-1.9340456610839292;0.07359695434570312
scenario3;return;10min;beam_3;1;SVM;0.5044794016840352;0.552634982379398;0.09687421519472336;-7.811914466355985;0.0007541179656982422
scenario3;return;10min;beam_3;1;GRU PyTorch;0.20068830035800883;0.22937565370200264;0.03953628466575685;-0.5180573052536213;0.40302586555480957
scenario3;return;10min;beam_3;1;LSTM PyTorch;0.20636112836889964;0.2472734870244285;0.040848836050616934;-0.7642033157742185;0.41016173362731934
scenario3;return;10min;beam_3;5;AR/MA;0.19443669736245578;0.2274035964930427;0.03721176858113577;-0.32313422024135185;0.0018382072448730469
scenario3;return;10min;beam_3;5;ARIMA(5,1,0);0.2668741077299866;0.3170353767173613;0.050781521728874714;-1.5717260026906228;0.030189990997314453
scenario3;return;10min;beam_3;5;Random Forest;0.3134046074494302;0.3640268684755403;0.059735136048222316;-2.823493945887717;0.07353496551513672
scenario3;return;10min;beam_3;5;SVM;0.4811718605841292;0.533904988611151;0.09225920313904021;-7.224726876991058;0.0007419586181640625
scenario3;return;10min;beam_3;5;GRU PyTorch;0.1880490805089269;0.21459585870050668;0.036452661295007384;-0.3287283483529717;0.40811896324157715
scenario3;return;10min;beam_3;5;LSTM PyTorch;0.16827907214432566;0.20737335761368023;0.033223552496188635;-0.2407933190551148;0.4089999198913574
scenario4;forward;1s;beam_1;1;AR/MA;4.949394921743771;5.877382691948176;0.42216424562380683;-0.3827755395544472;0.004358053207397461
scenario4;forward;1s;beam_1;1;ARIMA(5,1,0);3.904439711526765;5.025939059522563;0.28666760069175395;-0.01115605282565868;0.07975339889526367
scenario4;forward;1s;beam_1;1;Random Forest;4.216184454088656;5.236788238831652;0.329779023616076;-0.09552210667549588;0.3514900207519531
scenario4;forward;1s;beam_1;1;SVM;10.673197434253588;11.947222285205081;0.8879319697528799;-4.70197105851421;0.0017590522766113281
scenario4;forward;1s;beam_1;1;GRU PyTorch;4.1627576746053;5.2501131944846655;0.3056373321384816;-0.1011042897920491;0.3558032512664795
scenario4;forward;1s;beam_1;1;LSTM PyTorch;4.504485303556888;5.463146914127062;0.36602550186572114;-0.19227621386956373;0.35022902488708496
scenario4;forward;1s;beam_1;5;AR/MA;4.969192660261738;5.897870040920339;0.42391499354230866;-0.38399020911530024;0.0044879913330078125
scenario4;forward;1s;beam_1;5;ARIMA(5,1,0);3.9126886052680603;5.041212289961804;0.2874064773826748;-0.01114303135431327;0.08024191856384277
scenario4;forward;1s;beam_1;5;Random Forest;4.207606660556432;5.204371363617399;0.32980150718356627;-0.08200103845255269;0.34760189056396484
scenario4;forward;1s;beam_1;5;SVM;10.358571190996992;12.371848075965463;0.6975569367814153;-5.114490535425872;0.0021491050720214844
scenario4;forward;1s;beam_1;5;GRU PyTorch;4.807198473723389;6.2628583212115805;0.29093641367472967;-0.5668820119880935;0.3386878967285156
scenario4;forward;1s;beam_1;5;LSTM PyTorch;3.978596122147051;5.119495168660743;0.28933308132792795;-0.046996899150943294;0.3455698490142822
scenario4;forward;1s;beam_2;1;AR/MA;2.987225255782185;3.536607514086702;0.43061579897921815;-0.4013649153506178;0.004739046096801758
scenario4;forward;1s;beam_2;1;ARIMA(5,1,0);2.360478871687354;3.1016084870054144;0.27661739420870024;-0.07783296555463592;0.07564902305603027
scenario4;forward;1s;beam_2;1;Random Forest;2.5301881609280095;3.1241640509172237;0.3346446533687981;-0.09152077656062474;0.3561058044433594
scenario4;forward;1s;beam_2;1;SVM;6.143917678788382;6.913041008083115;0.8657483329153464;-4.344444992078375;0.0018758773803710938
scenario4;forward;1s;beam_2;1;GRU PyTorch;2.5081755992023744;3.193191003162864;0.3003354829536617;-0.14028691079524536;0.3442418575286865
scenario4;forward;1s;beam_2;1;LSTM PyTorch;2.559444550875983;3.1677205362608336;0.33381228040166894;-0.12216847892544447;0.3604891300201416
scenario4;forward;1s;beam_2;5;AR/MA;3.0030502774748227;3.5549158512293757;0.4331976929782586;-0.40525258640630346;0.0044629573822021484
scenario4;forward;1s;beam_2;5;ARIMA(5,1,0);2.367569478213706;3.1140132332978814;0.2777444053755768;-0.07829266509131538;0.07333683967590332
scenario4;forward;1s;beam_2;5;Random Forest;2.5635204256378996;3.143952287723682;0.339889340496168;-0.10539179958706968;0.3485908508300781
scenario4;forward;1s;beam_2;5;SVM;5.987797533119677;7.108438459686176;0.6755185013779573;-4.650836751735569;0.0019636154174804688
scenario4;forward;1s;beam_2;5;GRU PyTorch;2.368760915847432;3.0093480918490645;0.3047828750799424;-0.012766194253923224;0.34401893615722656
scenario4;forward;1s;beam_2;5;LSTM PyTorch;2.9253272929685594;3.4691725892373553;0.41913858776608676;-0.34591042711352826;0.3513829708099365
scenario4;forward;1s;beam_3;1;AR/MA;1.9895276197163048;2.3551624753305496;0.43036158251838574;-0.38980389226453793;0.004472017288208008
scenario4;forward;1s;beam_3;1;ARIMA(5,1,0);1.5559197849443744;2.0249989409640623;0.284560968901953;-0.02745161285764941;0.06692099571228027
scenario4;forward;1s;beam_3;1;Random Forest;1.6936834778005343;2.1029460217801934;0.33743411144301694;-0.10526712652602233;0.35453200340270996
scenario4;forward;1s;beam_3;1;SVM;4.229136033127278;4.737809866021918;0.8906147077304906;-4.610043882064805;0.0019099712371826172
scenario4;forward;1s;beam_3;1;GRU PyTorch;1.6943137654752114;2.16769349593704;0.3010917008503291;-0.17437487561308562;0.337360143661499
scenario4;forward;1s;beam_3;1;LSTM PyTorch;2.0216765543856274;2.4103650514146078;0.4284055801604481;-0.45203353261478063;0.34965085983276367
scenario4;forward;1s;beam_3;5;AR/MA;1.9970086119947033;2.3634091495147125;0.4319782022600618;-0.39166647807737687;0.004511833190917969
scenario4;forward;1s;beam_3;5;ARIMA(5,1,0);1.5591046873330305;2.03120147219131;0.28515860097002954;-0.02792953957408728;0.06864190101623535
scenario4;forward;1s;beam_3;5;Random Forest;1.6816444921382978;2.0774712079223567;0.3319170981755111;-0.07865119621430061;0.35134124755859375
scenario4;forward;1s;beam_3;5;SVM;4.016187275988761;4.861477234343066;0.6830676595902341;-4.906735380737093;0.0021829605102539062
scenario4;forward;1s;beam_3;5;GRU PyTorch;2.064563225289763;2.4516636736555015;0.44744631659165085;-0.5022173952971365;0.33829402923583984
scenario4;forward;1s;beam_3;5;LSTM PyTorch;1.5780883970078268;2.0311830717562502;0.2955614863735876;-0.031119830217156474;0.35670900344848633
scenario4;forward;1min;beam_1;1;AR/MA;1.1620942224777309;1.4782150520802564;0.0646523902018456;-0.44280223451742495;0.003615140914916992
scenario4;forward;1min;beam_1;1;ARIMA(5,1,0);0.9914543861935782;1.2609541101555373;0.05642346068016078;-0.04985695348683028;0.05064678192138672
scenario4;forward;1min;beam_1;1;Random Forest;1.0424754274668158;1.3013461776753732;0.059051825355749564;-0.11389998743374163;0.2667689323425293
scenario4;forward;1min;beam_1;1;SVM;1.01689409317248;1.2905862842113156;0.05753083913823145;-0.09555606650650827;0.026409149169921875
scenario4;forward;1min;beam_1;1;GRU PyTorch;0.946817484026266;1.1988989357650282;0.05433237645417856;0.05457808124000407;0.27488207817077637
scenario4;forward;1min;beam_1;1;LSTM PyTorch;1.172419040662195;1.4590985060727488;0.06538912447589715;-0.4003279041918242;0.27783775329589844
scenario4;forward;1min;beam_1;5;AR/MA;1.162722733730474;1.4774173107080737;0.06473031034732785;-0.4366910203046195;0.003982067108154297
scenario4;forward;1min;beam_1;5;ARIMA(5,1,0);0.9929739169261612;1.2622365593303988;0.05655578912934977;-0.04866921886555153;0.04987692832946777
scenario4;forward;1min;beam_1;5;Random Forest;1.1048433975566465;1.4107973290591305;0.061930326088253614;-0.3091511001077045;0.2678489685058594
scenario4;forward;1min;beam_1;5;SVM;1.1174971363619584;1.4500442287511142;0.06243609617467066;-0.38300266098551816;0.026897907257080078
scenario4;forward;1min;beam_1;5;GRU PyTorch;1.0212010576548263;1.3080402543511767;0.05787079398916136;-0.1253891824161688;0.2684788703918457
scenario4;forward;1min;beam_1;5;LSTM PyTorch;1.1793293584621625;1.5034609195828634;0.06561037137102765;-0.4867734764587459;0.2736339569091797
scenario4;forward;1min;beam_2;1;AR/MA;0.7001894095254396;0.8884290350398609;0.06496456061705731;-0.4328697632291838;0.004001140594482422
scenario4;forward;1min;beam_2;1;ARIMA(5,1,0);0.5970371285375466;0.7576406745720466;0.056731536227948756;-0.04204817060419108;0.06114792823791504
scenario4;forward;1min;beam_2;1;Random Forest;0.6399939287885059;0.796777994089509;0.060489179921510976;-0.14812694671721904;0.26970481872558594
scenario4;forward;1min;beam_2;1;SVM;0.6129901124127242;0.7778444311086609;0.05791741023803709;-0.09421015660815968;0.026607036590576172
scenario4;forward;1min;beam_2;1;GRU PyTorch;0.6203914345019823;0.7734697482691559;0.05845576812529598;-0.0819368500302129;0.29018211364746094
scenario4;forward;1min;beam_2;1;LSTM PyTorch;0.7144317512608498;0.8877789838865342;0.0663893617984091;-0.4253613157260425;0.2736191749572754
scenario4;forward;1min;beam_2;5;AR/MA;0.7006358822542179;0.8877954537548688;0.06505045205704431;-0.4277876414885067;0.003931999206542969
scenario4;forward;1min;beam_2;5;ARIMA(5,1,0);0.5972239136099426;0.758106209375317;0.05679370571852439;-0.04111305569895585;0.06029629707336426
scenario4;forward;1min;beam_2;5;Random Forest;0.6762349879335565;0.8645011957467781;0.06306918123010843;-0.35159458983613057;0.26935505867004395
scenario4;forward;1min;beam_2;5;SVM;0.6760220940038021;0.8774140244904405;0.06296927231178902;-0.3922729702313619;0.026921987533569336
scenario4;forward;1min;beam_2;5;GRU PyTorch;0.7574123071386677;0.9584431585936113;0.0700031195020324;-0.6612996421831712;0.2705647945404053
scenario4;forward;1min;beam_2;5;LSTM PyTorch;0.6272331910843891;0.804272032316285;0.05895543340147334;-0.16982576357325496;0.27985215187072754
scenario4;forward;1min;beam_3;1;AR/MA;0.4687246435418108;0.5934101568393937;0.06528018556030259;-0.4278743239523344;0.003962039947509766
scenario4;forward;1min;beam_3;1;ARIMA(5,1,0);0.39918144251219423;0.508463872118706;0.05686645527801084;-0.04833535876374051;0.07095980644226074
scenario4;forward;1min;beam_3;1;Random Forest;0.4211195745361607;0.5219702893530641;0.059764870670289905;-0.1005092254990374;0.27056002616882324
scenario4;forward;1min;beam_3;1;SVM;0.40797791941644496;0.517101661899843;0.05777796723259851;-0.0800751833114628;0.027393102645874023
scenario4;forward;1min;beam_3;1;GRU PyTorch;0.4501931658839181;0.5577103091548472;0.06307796993901998;-0.2563755184628649;0.27013397216796875
scenario4;forward;1min;beam_3;1;LSTM PyTorch;0.4101418210260831;0.5113948396062925;0.05802666785229796;-0.05636694476841386;0.2731740474700928
scenario4;forward;1min;beam_3;5;AR/MA;0.46897022672508465;0.5927403930220367;0.06536539937344135;-0.4237328125498292;0.003859996795654297
scenario4;forward;1min;beam_3;5;ARIMA(5,1,0);0.39904697528770317;0.5084437418091969;0.05689467323732691;-0.047575321968617024;0.07157111167907715
scenario4;forward;1min;beam_3;5;Random Forest;0.44118281538869397;0.5680118006486622;0.06185709691625875;-0.30321730219503573;0.26904296875
scenario4;forward;1min;beam_3;5;SVM;0.4509474525387675;0.5850517283647357;0.06306304470167964;-0.38258122103663394;0.026764869689941406
scenario4;forward;1min;beam_3;5;GRU PyTorch;0.46105476454866656;0.5870419720877449;0.06436115169901016;-0.3920038201655627;0.2741680145263672
scenario4;forward;1min;beam_3;5;LSTM PyTorch;0.4096536261955205;0.5246292115611048;0.058167840822892225;-0.11174979396128593;0.29337620735168457
scenario4;forward;10min;beam_1;1;AR/MA;0.5819334743447802;0.6968210803413809;0.032953784796852265;-1.2518820250094498;0.0018303394317626953
scenario4;forward;10min;beam_1;1;ARIMA(5,1,0);0.6037676510403144;0.7176662340865347;0.03415434180920859;-1.3886256953978657;0.021988868713378906
scenario4;forward;10min;beam_1;1;Random Forest;0.5847904289201437;0.6973013362122855;0.033088400274645026;-1.207927966232245;0.07380199432373047
scenario4;forward;10min;beam_1;1;SVM;0.6382135009665487;0.7645798746519468;0.03608265519410687;-1.6545421773853803;0.0007789134979248047
scenario4;forward;10min;beam_1;1;GRU PyTorch;0.4708689208713089;0.5803867303862827;0.02665988361069183;-0.5296034497720399;0.40575218200683594
scenario4;forward;10min;beam_1;1;LSTM PyTorch;0.4594631204024046;0.5687560493739409;0.02601895999622016;-0.468912624511032;0.4082350730895996
scenario4;forward;10min;beam_1;5;AR/MA;0.6184062293618225;0.7279458917161564;0.03485940973268008;-2.053510964850215;0.001806020736694336
scenario4;forward;10min;beam_1;5;ARIMA(5,1,0);0.640160034567882;0.7558291134548134;0.03605576927936967;-2.2919142790298292;0.022357940673828125
scenario4;forward;10min;beam_1;5;Random Forest;0.5598896312765065;0.6700483062965462;0.031778380965448924;-1.038713191578617;0.07329201698303223
scenario4;forward;10min;beam_1;5;SVM;0.5936032751384812;0.7093240623179936;0.0337153033542713;-1.284721616901586;0.0007607936859130859
scenario4;forward;10min;beam_1;5;GRU PyTorch;0.4595557116923913;0.5672718602463368;0.026076902026240578;-0.46125626791570884;0.4086589813232422
scenario4;forward;10min;beam_1;5;LSTM PyTorch;0.5335597312098143;0.658433370221021;0.030174812268983577;-0.9686457438599683;0.41160011291503906
scenario4;forward;10min;beam_2;1;AR/MA;0.3489715809492586;0.4191913745661253;0.03293938509484182;-1.1572353521498262;0.0018229484558105469
scenario4;forward;10min;beam_2;1;ARIMA(5,1,0);0.3579073130951768;0.4274348612111334;0.03374237790295561;-1.2429145741444834;0.023034095764160156
scenario4;forward;10min;beam_2;1;Random Forest;0.34249295187109186;0.4139607584530702;0.032291989713112285;-1.0595203763422196;0.0726771354675293
scenario4;forward;10min;beam_2;1;SVM;0.3670220670084446;0.448216215816528;0.034573957708726996;-1.414475897440366;0.0007061958312988281
scenario4;forward;10min;beam_2;1;GRU PyTorch;0.2939370742846696;0.363169796823611;0.027728843972422465;-0.5851384159439139;0.40849995613098145
scenario4;forward;10min;beam_2;1;LSTM PyTorch;0.2520573258078487;0.3134250435817792;0.02387045693087127;-0.18063358970424992;0.4119148254394531
scenario4;forward;10min;beam_2;5;AR/MA;0.36981258523701854;0.4370356906133804;0.03473565694348538;-1.9228352548530059;0.0018551349639892578
scenario4;forward;10min;beam_2;5;ARIMA(5,1,0);0.37806542444226887;0.4494374741896105;0.035472280036481396;-2.0910717717053515;0.02328014373779297
scenario4;forward;10min;beam_2;5;Random Forest;0.35493305779264867;0.42746748255445194;0.03358936698581993;-1.1961091035469908;0.0742499828338623
scenario4;forward;10min;beam_2;5;SVM;0.35285678247013746;0.41838553607801016;0.03345034776288783;-1.1037836208793288;0.0007522106170654297
scenario4;forward;10min;beam_2;5;GRU PyTorch;0.34724794966250366;0.41955147474716864;0.032775854913465366;-1.1155254248225885;0.40767621994018555
scenario4;forward;10min;beam_2;5;LSTM PyTorch;0.2757307721419004;0.3391936047089004;0.026052927752399792;-0.38274805336959394;0.4063072204589844
scenario4;forward;10min;beam_3;1;AR/MA;0.23522871224881126;0.28190911346846187;0.033315275090818136;-1.162090214754365;0.0017750263214111328
scenario4;forward;10min;beam_3;1;ARIMA(5,1,0);0.23872240024790858;0.2852710720211031;0.033767491665869065;-1.2139665137729532;0.04993772506713867
scenario4;forward;10min;beam_3;1;Random Forest;0.24644132867124796;0.2893617077554268;0.03489396789565974;-1.2326556696920759;0.0767509937286377
scenario4;forward;10min;beam_3;1;SVM;0.24673379163253137;0.2991961837509547;0.03486591784979532;-1.38699621964465;0.0007500648498535156
scenario4;forward;10min;beam_3;1;GRU PyTorch;0.18506288404556137;0.22762544172731738;0.02623061474127426;-0.38159653315966335;0.4012589454650879
scenario4;forward;10min;beam_3;1;LSTM PyTorch;0.18030249430291742;0.2231370209191062;0.025570339092019025;-0.3276478384241872;0.4159717559814453
scenario4;forward;10min;beam_3;5;AR/MA;0.24894419538293774;0.29379483781018934;0.035081572276805764;-1.936107528252332;0.001856088638305664
scenario4;forward;10min;beam_3;5;ARIMA(5,1,0);0.25136544691272167;0.2992538478170024;0.03538056621254049;-2.046233023221963;0.04502296447753906
scenario4;forward;10min;beam_3;5;Random Forest;0.24063788127625696;0.2891252171464927;0.03415770935707165;-1.2290077347997674;0.07431602478027344
scenario4;forward;10min;beam_3;5;SVM;0.2370667506864703;0.28365667791012633;0.03369947889921414;-1.1454858577314213;0.0007660388946533203
scenario4;forward;10min;beam_3;5;GRU PyTorch;0.2189442800735597;0.2688303005289872;0.03101318490352077;-0.927063682238285;0.4041740894317627
scenario4;forward;10min;beam_3;5;LSTM PyTorch;0.18283906580236345;0.22685807539450423;0.0259412194721858;-0.37229701364837986;0.404904842376709
scenario4;return;1s;beam_1;1;AR/MA;4.830665921584218;5.669291361609835;0.38563103784682395;-1.130476269024809;0.0043070316314697266
scenario4;return;1s;beam_1;1;ARIMA(5,1,0);4.01707233289894;4.814253384461146;0.31851563629850166;-0.5363035543876244;0.08597803115844727
scenario4;return;1s;beam_1;1;Random Forest;3.304255414409932;4.112501153709834;0.2414560247765023;-0.11734803865449095;0.339540958404541
scenario4;return;1s;beam_1;1;SVM;3.336488298772137;4.12680792484871;0.24508052585260617;-0.12513573178462356;0.03142595291137695
scenario4;return;1s;beam_1;1;GRU PyTorch;3.320315107926238;4.121162839538441;0.24105034723360436;-0.12205967727061195;0.3471958637237549
scenario4;return;1s;beam_1;1;LSTM PyTorch;3.252990324160385;4.058783960972578;0.23190197351346922;-0.08834923522874827;0.3468937873840332
scenario4;return;1s;beam_1;5;AR/MA;4.854409696508567;5.688170215743689;0.3880428157076289;-1.1283683976831176;0.004470109939575195
scenario4;return;1s;beam_1;5;ARIMA(5,1,0);4.047045862173832;4.839211892556146;0.321281232157749;-0.540461722793748;0.08586311340332031
scenario4;return;1s;beam_1;5;Random Forest;3.305324838474762;4.0716511174286145;0.24026137541396764;-0.09526074256660877;0.3365209102630615
scenario4;return;1s;beam_1;5;SVM;3.2433662965357497;4.045738309107931;0.23386839495006656;-0.08136418376574772;0.031216859817504883
scenario4;return;1s;beam_1;5;GRU PyTorch;3.3201976958754758;4.135903470169516;0.24609006114151366;-0.13010082871429351;0.3419170379638672
scenario4;return;1s;beam_1;5;LSTM PyTorch;3.2030348777609716;4.093357792146402;0.21743307252378827;-0.10696991944845813;0.35100793838500977
scenario4;return;1s;beam_2;1;AR/MA;2.9079415802293065;3.3999983459280667;0.385923891076871;-1.1449953113073468;0.00481104850769043
scenario4;return;1s;beam_2;1;ARIMA(5,1,0);2.2991252578735955;2.780554010998464;0.3025463632713111;-0.4346025769683757;0.061280012130737305
scenario4;return;1s;beam_2;1;Random Forest;1.9720122474422015;2.4495620673642344;0.24072243002465804;-0.10967631058397953;0.34084415435791016
scenario4;return;1s;beam_2;1;SVM;1.9428431029911482;2.427545007835472;0.23690162901173753;-0.08981805821531474;0.030672073364257812
scenario4;return;1s;beam_2;1;GRU PyTorch;1.9620662364715322;2.516825301218249;0.2180993398680546;-0.17145486651403719;0.33960795402526855
scenario4;return;1s;beam_2;1;LSTM PyTorch;1.91737246625403;2.428972169410937;0.2246791163496468;-0.09109985002434162;0.34491586685180664
scenario4;return;1s;beam_2;5;AR/MA;2.9249173086597398;3.412616052773782;0.3886046965087641;-1.1424687654257655;0.004745960235595703
scenario4;return;1s;beam_2;5;ARIMA(5,1,0);2.3213249286733273;2.7973928001513726;0.3057059804820517;-0.43961560627529717;0.06127619743347168
scenario4;return;1s;beam_2;5;Random Forest;1.9755115726665362;2.473593547675;0.24204989384082162;-0.13155611853455973;0.33637404441833496
scenario4;return;1s;beam_2;5;SVM;1.8993281669313846;2.3952723333691335;0.22946348791279852;-0.06103379021428679;0.031835317611694336
scenario4;return;1s;beam_2;5;GRU PyTorch;1.9146460000024768;2.495957293028808;0.20748182407921612;-0.15210939646395882;0.3440101146697998
scenario4;return;1s;beam_2;5;LSTM PyTorch;1.884353367844239;2.442656357867105;0.21053341218371086;-0.10342841788531554;0.34324216842651367
scenario4;return;1s;beam_3;1;AR/MA;1.9472120286466892;2.2722663543365913;0.3880115410611493;-1.123725001933483;0.004391908645629883
scenario4;return;1s;beam_3;1;ARIMA(5,1,0);1.5894584372966343;1.8965682524184762;0.31354589968931523;-0.4795060893016536;0.06709003448486328
scenario4;return;1s;beam_3;1;Random Forest;1.323359336783137;1.6488519477346442;0.24108127700797372;-0.11474213049852566;0.3382129669189453
scenario4;return;1s;beam_3;1;SVM;1.3099434161464965;1.6412706793998226;0.24012374283754517;-0.10451473512335618;0.030219078063964844
scenario4;return;1s;beam_3;1;GRU PyTorch;1.3416752298122396;1.680110738005024;0.2431354750828192;-0.15740913815019097;0.36080503463745117
scenario4;return;1s;beam_3;1;LSTM PyTorch;1.328912072650835;1.6610056868574519;0.24363666008690443;-0.13123629478990329;0.3514549732208252
scenario4;return;1s;beam_3;5;AR/MA;1.956496793563891;2.2794909935354433;0.39029947959704625;-1.1212006684332958;0.004540920257568359
scenario4;return;1s;beam_3;5;ARIMA(5,1,0);1.6008288784434004;1.9059626227242357;0.31610934555578274;-0.4829781533345394;0.06794595718383789
scenario4;return;1s;beam_3;5;Random Forest;1.321830830290774;1.6540167719723795;0.2409368060803948;-0.12173665105201414;0.3322429656982422
scenario4;return;1s;beam_3;5;SVM;1.276480390225101;1.6010862372728951;0.2312306135981539;-0.05109154039833963;0.03059077262878418
scenario4;return;1s;beam_3;5;GRU PyTorch;1.2715725465091061;1.6010228583226822;0.2269599750108251;-0.0510083271917805;0.3372001647949219
scenario4;return;1s;beam_3;5;LSTM PyTorch;1.2536127903408147;1.606807672093476;0.2164165070213332;-0.058617052243412626;0.34763336181640625
scenario4;return;1min;beam_1;1;AR/MA;1.1733245267505743;1.4677828953527687;0.06535688991342864;-0.4460949530914007;0.003679037094116211
scenario4;return;1min;beam_1;1;ARIMA(5,1,0);0.9895562165781243;1.244971746335493;0.05647016009027956;-0.040380387936961304;0.05609703063964844
scenario4;return;1min;beam_1;1;Random Forest;1.0223084335091515;1.2691427791493306;0.05794264386139758;-0.07691412665242647;0.27020883560180664
scenario4;return;1min;beam_1;1;SVM;1.0121249103163337;1.260316865854156;0.057258556757012094;-0.06198798635812719;0.025730133056640625
scenario4;return;1min;beam_1;1;GRU PyTorch;1.1255032011948902;1.3991904862749769;0.06292537504518488;-0.3089220824856902;0.27285003662109375
scenario4;return;1min;beam_1;1;LSTM PyTorch;1.0378649980693422;1.2895073897745586;0.058471430476836846;-0.11175163850003966;0.27282094955444336
scenario4;return;1min;beam_1;5;AR/MA;1.1699495061754852;1.4645644690269062;0.06520615022097258;-0.44005692525516005;0.0039038658142089844
scenario4;return;1min;beam_1;5;ARIMA(5,1,0);0.9888552552554862;1.2435949055076225;0.05647574381539387;-0.03829447018722165;0.05529928207397461
scenario4;return;1min;beam_1;5;Random Forest;1.1045787318011075;1.400860620724361;0.06187070319394725;-0.312048719752676;0.26776981353759766
scenario4;return;1min;beam_1;5;SVM;1.1399064533304974;1.4481029647523744;0.0637741221957631;-0.4020354442341685;0.02584695816040039
scenario4;return;1min;beam_1;5;GRU PyTorch;1.164081502444742;1.4636473217603527;0.06491567426407205;-0.43229670351612026;0.2748677730560303
scenario4;return;1min;beam_1;5;LSTM PyTorch;1.1304641655975194;1.424575151618727;0.06321488927143909;-0.3568468703237424;0.2928619384765625
scenario4;return;1min;beam_2;1;AR/MA;0.7034544539192988;0.8812652134577081;0.06531994141557745;-0.436741946381634;0.003936052322387695
scenario4;return;1min;beam_2;1;ARIMA(5,1,0);0.5930843354993439;0.7478191745036363;0.05646705052733999;-0.03456721019341158;0.06151318550109863
scenario4;return;1min;beam_2;1;Random Forest;0.6168246486076351;0.7637765929515611;0.058242364064074674;-0.0749965283334817;0.26958584785461426
scenario4;return;1min;beam_2;1;SVM;0.607218612188077;0.757801958166326;0.05730534769602365;-0.05824400956742348;0.025283098220825195
scenario4;return;1min;beam_2;1;GRU PyTorch;0.5856204305777855;0.7192991848502093;0.05581032267241591;0.04655969133853799;0.27060890197753906
scenario4;return;1min;beam_2;1;LSTM PyTorch;0.5949503864275246;0.7341108175961577;0.056338741271224804;0.0068893943037363625;0.2724590301513672
scenario4;return;1min;beam_2;5;AR/MA;0.7015466296116734;0.879444022263178;0.06517843254601774;-0.43217460839209143;0.0040781497955322266
scenario4;return;1min;beam_2;5;ARIMA(5,1,0);0.5928010170822342;0.7467934080781647;0.05648558419428479;-0.03271507987673217;0.06081795692443848
scenario4;return;1min;beam_2;5;Random Forest;0.6743689722812772;0.8500076887553036;0.06289613618443222;-0.3314353416906688;0.270676851272583
scenario4;return;1min;beam_2;5;SVM;0.6846615937041146;0.8673725515391435;0.06383556227645833;-0.38639097157961966;0.02695012092590332
scenario4;return;1min;beam_2;5;GRU PyTorch;0.7113831551999494;0.893876904823015;0.06602961725574324;-0.4724135500721769;0.2753617763519287
scenario4;return;1min;beam_2;5;LSTM PyTorch;0.7148342157922083;0.8990635416783481;0.06633910168963504;-0.4895502060641683;0.2780611515045166
scenario4;return;1min;beam_3;1;AR/MA;0.4700765787497406;0.5890432584616632;0.06551112685140627;-0.43093783200041025;0.0040187835693359375
scenario4;return;1min;beam_3;1;ARIMA(5,1,0);0.39776809999109;0.5018714168512226;0.05679619816102101;-0.03875065365983854;0.10091996192932129
scenario4;return;1min;beam_3;1;Random Forest;0.41808776217304366;0.5238106505791116;0.05916763540711393;-0.12708473873900128;0.26689982414245605
scenario4;return;1min;beam_3;1;SVM;0.40440839591374333;0.5033570457725546;0.05727006059718052;-0.04078308195682534;0.02517414093017578
scenario4;return;1min;beam_3;1;GRU PyTorch;0.41811483211250405;0.5200436793657988;0.05886333279998759;-0.11093222502597255;0.2688319683074951
scenario4;return;1min;beam_3;1;LSTM PyTorch;0.3926318662265951;0.4882512361813891;0.055808561435876085;0.02074764859287881;0.2742042541503906
scenario4;return;1min;beam_3;5;AR/MA;0.46870762946479927;0.5874831960088255;0.06536124309490522;-0.42702214437427255;0.003876209259033203
scenario4;return;1min;beam_3;5;ARIMA(5,1,0);0.39744435998125655;0.5008040721934603;0.056798582114450456;-0.036992267509498244;0.1029198169708252
scenario4;return;1min;beam_3;5;Random Forest;0.4489096780785036;0.5691759122254475;0.06283147485432616;-0.33076369593224997;0.2792387008666992
scenario4;return;1min;beam_3;5;SVM;0.4563139923756184;0.5785590505879347;0.06386988354550578;-0.3750019167329286;0.02649998664855957
scenario4;return;1min;beam_3;5;GRU PyTorch;0.467342490520086;0.588151523439633;0.06521147075410062;-0.4209747884161392;0.27500176429748535
scenario4;return;1min;beam_3;5;LSTM PyTorch;0.566608067322017;0.6929449240410267;0.07848853103320307;-0.9724470598207873;0.272705078125
scenario4;return;10min;beam_1;1;AR/MA;0.5853649816934333;0.6976356683169262;0.03317575577201436;-1.2572489809119065;0.001689910888671875
scenario4;return;10min;beam_1;1;ARIMA(5,1,0);0.6135559583369966;0.7212379159323571;0.03473484278449012;-1.4125660467752272;0.020195960998535156
scenario4;return;10min;beam_1;1;Random Forest;0.6115919469839066;0.705961668909114;0.034674546145219635;-1.2581377185541758;0.07361173629760742
scenario4;return;10min;beam_1;1;SVM;0.6318283032122032;0.7485399722335415;0.035791766646727965;-1.5387397106374254;0.0007481575012207031
scenario4;return;10min;beam_1;1;GRU PyTorch;0.5721396650791677;0.6854788667238598;0.03235567999724122;-1.1290032425322254;0.40357398986816406
scenario4;return;10min;beam_1;1;LSTM PyTorch;0.4324030082592802;0.5212962484332797;0.02457676291955162;-0.23128157796454518;0.4166579246520996
scenario4;return;10min;beam_1;5;AR/MA;0.6231028954816903;0.7219907640469311;0.03516947317232218;-2.125529568584467;0.0017669200897216797
scenario4;return;10min;beam_1;5;ARIMA(5,1,0);0.6445612096391267;0.7560989797479415;0.036325876551216794;-2.4278170291525427;0.021418094635009766
scenario4;return;10min;beam_1;5;Random Forest;0.6238342767832903;0.7307908570854782;0.03547433204773896;-1.4197717004660237;0.07453107833862305
scenario4;return;10min;beam_1;5;SVM;0.5783081181846085;0.6840049635842009;0.03289848370789643;-1.119857603935844;0.0006756782531738281
scenario4;return;10min;beam_1;5;GRU PyTorch;0.4983991706320591;0.6078327293634259;0.028310203474931187;-0.6740034378669086;0.40563511848449707
scenario4;return;10min;beam_1;5;LSTM PyTorch;0.47655422812459;0.5921957867217146;0.02698111881393609;-0.5889813839657085;0.404630184173584
scenario4;return;10min;beam_2;1;AR/MA;0.3531302766787257;0.41969254121309574;0.033369458582632835;-1.163663003451517;0.0018270015716552734
scenario4;return;10min;beam_2;1;ARIMA(5,1,0);0.363596394818072;0.429301345372524;0.034306675490134685;-1.2638706868224467;0.023070812225341797
scenario4;return;10min;beam_2;1;Random Forest;0.3682357613522124;0.42022972013878396;0.03482514751602463;-1.11900243954066;0.07274603843688965
scenario4;return;10min;beam_2;1;SVM;0.36391581584534116;0.43587799053333204;0.03435246508615184;-1.2797530678973836;0.0007040500640869141
scenario4;return;10min;beam_2;1;GRU PyTorch;0.31666022281369977;0.3876833893398728;0.029843349253756063;-0.8034840924234739;0.40709590911865234
scenario4;return;10min;beam_2;1;LSTM PyTorch;0.27362550550076864;0.335669206098469;0.025860641756856123;-0.35201319926846697;0.41712307929992676
scenario4;return;10min;beam_2;5;AR/MA;0.3725734708110302;0.43355432390389526;0.03504269486841295;-1.9940586999363075;0.0018420219421386719
scenario4;return;10min;beam_2;5;ARIMA(5,1,0);0.38131806573740346;0.44911976482021615;0.03580474373218617;-2.212902915565964;0.023062944412231445
scenario4;return;10min;beam_2;5;Random Forest;0.37684654935332207;0.4487080277903213;0.035707452558740284;-1.4159370148232955;0.08446192741394043
scenario4;return;10min;beam_2;5;SVM;0.3478625010732057;0.4075669249182365;0.03303031202653224;-0.993222560061205;0.0007581710815429688
scenario4;return;10min;beam_2;5;GRU PyTorch;0.29020510302875385;0.3578453870728665;0.027388705087762314;-0.5365573523090288;0.40107083320617676
scenario4;return;10min;beam_2;5;LSTM PyTorch;0.2898287333865791;0.3577986836857635;0.027351735882677305;-0.5361562978175265;0.4042189121246338
scenario4;return;10min;beam_3;1;AR/MA;0.23803278482532678;0.28214386900338595;0.03375085430479381;-1.1703856664819852;0.002340078353881836
scenario4;return;10min;beam_3;1;ARIMA(5,1,0);0.24263652700005622;0.286490900224514;0.0343507287723944;-1.2377797618585098;0.03591299057006836
scenario4;return;10min;beam_3;1;Random Forest;0.25180188939792614;0.286788281089981;0.035726808236321635;-1.193071212026187;0.07332706451416016
scenario4;return;10min;beam_3;1;SVM;0.2515652519617921;0.2977073197052526;0.03563351022408572;-1.3632461420870157;0.0007107257843017578
scenario4;return;10min;beam_3;1;GRU PyTorch;0.1800663851568101;0.22049187172180787;0.025565790264604756;-0.29632859318082616;0.4103260040283203
scenario4;return;10min;beam_3;1;LSTM PyTorch;0.20227444676591697;0.2457535545023361;0.028641315654258842;-0.6103843754462341;0.41318702697753906
scenario4;return;10min;beam_3;5;AR/MA;0.25085974976901093;0.29131466555380153;0.035400331913928544;-2.0121965561628024;0.001840829849243164
scenario4;return;10min;beam_3;5;ARIMA(5,1,0);0.2542238098746556;0.2990081981313599;0.035816102158100445;-2.1733998871334004;0.03526616096496582
scenario4;return;10min;beam_3;5;Random Forest;0.24573978055772017;0.2912227308918807;0.03493483508199024;-1.2614160609147542;0.07320380210876465
scenario4;return;10min;beam_3;5;SVM;0.2310960425690946;0.27189888852319066;0.03291905264197894;-0.971264026901717;0.0007078647613525391
scenario4;return;10min;beam_3;5;GRU PyTorch;0.2580521289674762;0.3044793471134811;0.036694257259866726;-1.4719837499648425;0.39874815940856934
scenario4;return;10min;beam_3;5;LSTM PyTorch;0.18241973411887588;0.22539996170603172;0.025872549852387836;-0.3546827726587085;0.4193909168243408
scenario5;forward;1s;beam_1;1;AR/MA;6.356712300122319;7.682219478108407;0.3836807739908446;-0.5129090078863063;0.0047490596771240234
scenario5;forward;1s;beam_1;1;ARIMA(5,1,0);5.610669594407881;6.896144187456689;0.3321828223973378;-0.21913571442333724;0.09971499443054199
scenario5;forward;1s;beam_1;1;Random Forest;5.247906531209792;6.56284219696896;0.3041361089923821;-0.101379676536967;0.3657989501953125
scenario5;forward;1s;beam_1;1;SVM;19.037768464816;20.501313400687174;1.0741203911823076;-9.747723969669021;0.0016379356384277344
scenario5;forward;1s;beam_1;1;GRU PyTorch;5.475655080761797;6.898200942381192;0.3165545278367931;-0.21681573435059454;0.3520238399505615
scenario5;forward;1s;beam_1;1;LSTM PyTorch;5.3005201890341445;6.686472597067767;0.26754585839817824;-0.14326596006691306;0.34279704093933105
scenario5;forward;1s;beam_1;5;AR/MA;6.359423248608837;7.687441502902765;0.38422219714860434;-0.5009805572646073;0.004410982131958008
scenario5;forward;1s;beam_1;5;ARIMA(5,1,0);5.6318801650630865;6.914945861401943;0.3333861866293275;-0.21447614057243136;0.09816598892211914
scenario5;forward;1s;beam_1;5;Random Forest;5.299741457895773;6.686729872329027;0.30739948997614547;-0.14335394059864792;0.3606259822845459
scenario5;forward;1s;beam_1;5;SVM;13.735007997082134;16.282925660632984;0.6521500178571207;-5.779817676332324;0.0024199485778808594
scenario5;forward;1s;beam_1;5;GRU PyTorch;7.331354534186257;8.68136702800246;0.4446827018617285;-0.9272114614864457;0.34458303451538086
scenario5;forward;1s;beam_1;5;LSTM PyTorch;5.094319199640959;6.391052238829165;0.28974115209629847;-0.04447456720123033;0.3462228775024414
scenario5;forward;1s;beam_2;1;AR/MA;3.8126405788357625;4.6150947124307296;0.38484548421158576;-0.5223571033266206;0.004436016082763672
scenario5;forward;1s;beam_2;1;ARIMA(5,1,0);3.147772534592734;3.930615757246746;0.30537920120654594;-0.10427307555778387;0.08499789237976074
scenario5;forward;1s;beam_2;1;Random Forest;3.1005476422346994;3.903019802427211;0.3012224368285927;-0.08599175076245125;0.36273980140686035
scenario5;forward;1s;beam_2;1;SVM;12.381915533051284;13.193161326004779;1.1592594897355135;-11.408599369592382;0.0015978813171386719
scenario5;forward;1s;beam_2;1;GRU PyTorch;3.3900700419884107;4.2519022794211425;0.33499398377868855;-0.2888179207205168;0.34149694442749023
scenario5;forward;1s;beam_2;1;LSTM PyTorch;3.6448457537830317;4.512606220471695;0.36596532365718;-0.4517100798376883;0.350693941116333
scenario5;forward;1s;beam_2;5;AR/MA;3.8152007339675413;4.6192627141883404;0.3853868068386351;-0.5121353280354266;0.004502058029174805
scenario5;forward;1s;beam_2;5;ARIMA(5,1,0);3.1622397976198027;3.9417554417115053;0.30654185459845545;-0.10109473482383957;0.08704400062561035
scenario5;forward;1s;beam_2;5;Random Forest;3.1696770303546624;4.003869005693442;0.30748252937896253;-0.14283817082366235;0.35726165771484375
scenario5;forward;1s;beam_2;5;SVM;8.041409205432169;9.586406402561126;0.6486115219189674;-5.551438817871341;0.0022759437561035156
scenario5;forward;1s;beam_2;5;GRU PyTorch;3.452608889405482;4.236212436816336;0.34423725766856855;-0.2793237979321479;0.33869004249572754
scenario5;forward;1s;beam_2;5;LSTM PyTorch;3.2264321941554184;4.010439048520491;0.31639828094234246;-0.14659186813475555;0.3428957462310791
scenario5;forward;1s;beam_3;1;AR/MA;2.551051062396508;3.0896966956743985;0.38784583111241305;-0.5106654124476813;0.004559993743896484
scenario5;forward;1s;beam_3;1;ARIMA(5,1,0);2.211537016333644;2.733009501017527;0.32811149593975775;-0.18200379807764744;0.08058786392211914
scenario5;forward;1s;beam_3;1;Random Forest;2.1137107892636884;2.6512563337327255;0.30958493478873106;-0.10997572674586054;0.36633777618408203
scenario5;forward;1s;beam_3;1;SVM;8.022738118301996;8.567859476296308;1.131498599437034;-10.591902333144947;0.0016391277313232422
scenario5;forward;1s;beam_3;1;GRU PyTorch;2.0950990987362568;2.6298720642055526;0.2878452794726129;-0.09214244834143792;0.3416459560394287
scenario5;forward;1s;beam_3;1;LSTM PyTorch;2.6121091217320025;3.24206846326686;0.3957318584854267;-0.6597948277101622;0.3442080020904541
scenario5;forward;1s;beam_3;5;AR/MA;2.551565906852282;3.090863729737131;0.38821420214087954;-0.4986754425866404;0.004388093948364258
scenario5;forward;1s;beam_3;5;ARIMA(5,1,0);2.2197253131795684;2.7394886846004622;0.3291729786119634;-0.17729932846990093;0.07868123054504395
scenario5;forward;1s;beam_3;5;Random Forest;2.15962574091056;2.7112428205625037;0.3155261802484788;-0.16077186634116858;0.357684850692749
scenario5;forward;1s;beam_3;5;SVM;5.598569249873648;6.610207381615529;0.6745222091760282;-5.899858955504839;0.0018551349639892578
scenario5;forward;1s;beam_3;5;GRU PyTorch;2.7619195490172683;3.3226663792127002;0.42261680151132436;-0.7433457108662789;0.3439650535583496
scenario5;forward;1s;beam_3;5;LSTM PyTorch;1.9959925040945874;2.5191921130523585;0.27509520664023634;-0.002149743099862933;0.3509559631347656
scenario5;forward;1min;beam_1;1;AR/MA;1.4019830877252784;1.7699524984371482;0.05646684632204728;-0.09120230914146399;0.003679990768432617
scenario5;forward;1min;beam_1;1;ARIMA(5,1,0);1.6030376728250526;1.9938888962201455;0.06357898996000703;-0.3847901442544597;0.059825897216796875
scenario5;forward;1min;beam_1;1;Random Forest;1.2431848742456284;1.592392221488832;0.05045548127035225;0.12027476902682743;0.26969289779663086
scenario5;forward;1min;beam_1;1;SVM;1.2321225364751776;1.5907633513571662;0.049872618555581304;0.12207360381334964;0.028026819229125977
scenario5;forward;1min;beam_1;1;GRU PyTorch;1.3645355812380022;1.7287881345359326;0.054491663836141374;-0.036884778890815095;0.26955485343933105
scenario5;forward;1min;beam_1;1;LSTM PyTorch;1.2309445707155313;1.5757003340815405;0.050259189570107894;0.13862114378608104;0.27386903762817383
scenario5;forward;1min;beam_1;5;AR/MA;1.4031890677008187;1.7713154525287975;0.05644770699176521;-0.09110874174219208;0.0038509368896484375
scenario5;forward;1min;beam_1;5;ARIMA(5,1,0);1.6080321029945317;2.002628956029132;0.06370897752027978;-0.3946884209537873;0.06183290481567383
scenario5;forward;1min;beam_1;5;Random Forest;1.4572470811344937;1.8308902336594084;0.05891860641256093;-0.1629781870251359;0.27829504013061523
scenario5;forward;1min;beam_1;5;SVM;1.4624764154126877;1.855684623291902;0.05917094776944816;-0.19469017232206665;0.027600765228271484
scenario5;forward;1min;beam_1;5;GRU PyTorch;1.4242983123776642;1.797441796715967;0.05717281767508725;-0.12087356204227695;0.27336788177490234
scenario5;forward;1min;beam_1;5;LSTM PyTorch;1.3644785933247643;1.7300434228251724;0.05526820900993458;-0.03839110791049727;0.27316784858703613
scenario5;forward;1min;beam_2;1;AR/MA;0.8400659121201599;1.0632815652645196;0.05638380676407997;-0.08924953753540632;0.003957986831665039
scenario5;forward;1min;beam_2;1;ARIMA(5,1,0);0.9562737344523493;1.1934221588917069;0.06320882722813864;-0.37220504049799286;0.05545806884765625
scenario5;forward;1min;beam_2;1;Random Forest;0.7485229103178702;0.9549973073898465;0.05064941242632589;0.1247864515797239;0.2704477310180664
scenario5;forward;1min;beam_2;1;SVM;0.7472404687349512;0.9655108494053233;0.050412949315229466;0.10540996872215547;0.027850866317749023
scenario5;forward;1min;beam_2;1;GRU PyTorch;0.7365616999224655;0.9481167672731763;0.050011238677840575;0.1373524525887556;0.27185678482055664
scenario5;forward;1min;beam_2;1;LSTM PyTorch;0.7496846071349067;0.9644351914883201;0.05067881742902482;0.1074021510470834;0.2770650386810303
scenario5;forward;1min;beam_2;5;AR/MA;0.8399960982637201;1.0631363960530342;0.05630272993514304;-0.08896816307120625;0.003831148147583008
scenario5;forward;1min;beam_2;5;ARIMA(5,1,0);0.9585048987650759;1.1981805190970978;0.06327915523584415;-0.3831896125445049;0.05610990524291992
scenario5;forward;1min;beam_2;5;Random Forest;0.8723637829024562;1.0980335616606496;0.058743478518197674;-0.1570202688517477;0.2776939868927002
scenario5;forward;1min;beam_2;5;SVM;0.878200831353187;1.1100842543660867;0.059216810309748846;-0.18255574683908016;0.028554916381835938
scenario5;forward;1min;beam_2;5;GRU PyTorch;0.8044926034964468;1.019618438485611;0.055030134130272385;0.002334167872906634;0.27080512046813965
scenario5;forward;1min;beam_2;5;LSTM PyTorch;0.840078363526661;1.0644694875319238;0.05634377178797619;-0.08736705853032922;0.27235889434814453
scenario5;forward;1min;beam_3;1;AR/MA;0.5631909143367271;0.7113777516998343;0.056736615742095875;-0.08760055348089679;0.00397801399230957
scenario5;forward;1min;beam_3;1;ARIMA(5,1,0);0.6425128898827229;0.7997661657867575;0.06372839436147315;-0.37465880280556596;0.06560301780700684
scenario5;forward;1min;beam_3;1;Random Forest;0.5017475799266529;0.6399026579072408;0.05091914351918821;0.12348729561911487;0.2703738212585449
scenario5;forward;1min;beam_3;1;SVM;0.5018469182831298;0.6490411756437441;0.05079886763763582;0.09827338904299976;0.027897119522094727
scenario5;forward;1min;beam_3;1;GRU PyTorch;0.5001113293765962;0.6396098629609409;0.050793938991050995;0.12428922939159803;0.2751312255859375
scenario5;forward;1min;beam_3;1;LSTM PyTorch;0.5299000046642802;0.6731200173543923;0.05317625401267998;0.030125817406719158;0.27716898918151855
scenario5;forward;1min;beam_3;5;AR/MA;0.5628346273061745;0.7112894829082023;0.05661983055508556;-0.08776627784541113;0.003947019577026367
scenario5;forward;1min;beam_3;5;ARIMA(5,1,0);0.6436565364107304;0.8026830507255143;0.06376153614159095;-0.3852590676154848;0.0667428970336914
scenario5;forward;1min;beam_3;5;Random Forest;0.5864856488865631;0.736000770456575;0.05932705798773345;-0.15954317775753912;0.27486205101013184
scenario5;forward;1min;beam_3;5;SVM;0.5876365895807827;0.7460578709216207;0.05946686113666809;-0.19144889878613847;0.02752995491027832
scenario5;forward;1min;beam_3;5;GRU PyTorch;0.5743772815813445;0.7256751643779656;0.057612923611890104;-0.12723614763686486;0.268280029296875
scenario5;forward;1min;beam_3;5;LSTM PyTorch;0.6402400085098711;0.7974863422416819;0.06350727612679402;-0.36137225460859534;0.2728309631347656
scenario5;forward;10min;beam_1;1;AR/MA;0.7044744333329885;0.8990349024546763;0.02838633181946076;-0.42148346587120233;0.001657724380493164
scenario5;forward;10min;beam_1;1;ARIMA(5,1,0);0.8502897456096554;1.021905242414125;0.03429017471830442;-0.8365804715328953;0.023030996322631836
scenario5;forward;10min;beam_1;1;Random Forest;0.6778470795720767;0.8468849827118726;0.027623259824806377;-0.2826035942284111;0.0741729736328125
scenario5;forward;10min;beam_1;1;SVM;0.687260959484842;0.9032604513929899;0.027927109202195925;-0.45904800007088076;0.0008656978607177734
scenario5;forward;10min;beam_1;1;GRU PyTorch;0.5605374962169997;0.6991176915473015;0.023025564881738726;0.12593410779657854;0.4095277786254883
scenario5;forward;10min;beam_1;1;LSTM PyTorch;0.665117359939367;0.773702588529679;0.02702762163278316;-0.07051236646057246;0.41293907165527344
scenario5;forward;10min;beam_1;5;AR/MA;0.7212118201654375;0.889982426499655;0.029026163474539533;-0.43675349496856164;0.0018908977508544922
scenario5;forward;10min;beam_1;5;ARIMA(5,1,0);0.8458055301524607;1.020087069348333;0.03410231594027895;-0.8875300950035936;0.023138046264648438
scenario5;forward;10min;beam_1;5;Random Forest;0.6696295356181581;0.8791580643059013;0.027276567610636942;-0.38222109630944456;0.07364296913146973
scenario5;forward;10min;beam_1;5;SVM;0.678017467605418;0.8984535064271622;0.027681520553383673;-0.44355988445594474;0.0008487701416015625
scenario5;forward;10min;beam_1;5;GRU PyTorch;0.6884151264089395;0.9257204498626338;0.02789954058364155;-0.5325099550543786;0.4003739356994629
scenario5;forward;10min;beam_1;5;LSTM PyTorch;0.6685202096754921;0.9069489978435712;0.027065935876265167;-0.47098864195424506;0.4214811325073242
scenario5;forward;10min;beam_2;1;AR/MA;0.4185978908043691;0.5406126502108972;0.02808652932760808;-0.4078018797746663;0.0018498897552490234
scenario5;forward;10min;beam_2;1;ARIMA(5,1,0);0.5048538059214225;0.6127391012820621;0.033915797169303034;-0.8085075389972194;0.025004148483276367
scenario5;forward;10min;beam_2;1;Random Forest;0.4101538585451064;0.5195352496411793;0.027800053985488574;-0.31971026796058033;0.07587099075317383
scenario5;forward;10min;beam_2;1;SVM;0.4151235964156857;0.5449613994972173;0.02810473716395028;-0.452044883056808;0.0008060932159423828
scenario5;forward;10min;beam_2;1;GRU PyTorch;0.3366003640525439;0.41832688027829834;0.023034513763093428;0.14438162826994327;0.4093749523162842
scenario5;forward;10min;beam_2;1;LSTM PyTorch;0.3404504301960774;0.41941582087910134;0.023213783758115735;0.13992133514521854;0.4077281951904297
scenario5;forward;10min;beam_2;5;AR/MA;0.4291706262921454;0.5352755093475098;0.02875909617279246;-0.4176767693591439;0.001878976821899414
scenario5;forward;10min;beam_2;5;ARIMA(5,1,0);0.5009312760935397;0.6120948156165444;0.033636302597986806;-0.853787196231131;0.023900985717773438
scenario5;forward;10min;beam_2;5;Random Forest;0.3931033709753158;0.5243176294108659;0.026623073636483533;-0.34411825204763535;0.07397794723510742
scenario5;forward;10min;beam_2;5;SVM;0.39052309844377414;0.5266611594423305;0.02653992584289213;-0.35616065158210763;0.0008459091186523438
scenario5;forward;10min;beam_2;5;GRU PyTorch;0.41338916149278854;0.5600245569120688;0.02787847613045501;-0.5334255661046305;0.4015989303588867
scenario5;forward;10min;beam_2;5;LSTM PyTorch;0.3970915659173975;0.5410198652062256;0.026777286917783225;-0.4311164747497278;0.4138069152832031
scenario5;forward;10min;beam_3;1;AR/MA;0.2816507613366297;0.3618106469938296;0.02836052084562818;-0.39791150776304285;0.0023140907287597656
scenario5;forward;10min;beam_3;1;ARIMA(5,1,0);0.3370849886379195;0.40834159652763413;0.033976925807286264;-0.7805912692753849;0.026892900466918945
scenario5;forward;10min;beam_3;1;Random Forest;0.27065271982428935;0.3420479376933153;0.027543129630435977;-0.2650937954820076;0.07530903816223145
scenario5;forward;10min;beam_3;1;SVM;0.280101834067308;0.36811319217512367;0.02844450843240767;-0.465249347124145;0.0008161067962646484
scenario5;forward;10min;beam_3;1;GRU PyTorch;0.2569858803236265;0.30414179242673905;0.026141901337902767;-0.00023253146342483433;0.40820789337158203
scenario5;forward;10min;beam_3;1;LSTM PyTorch;0.24863903896410386;0.2993323383524612;0.02528114582054316;0.03115110128842291;0.40959978103637695
scenario5;forward;10min;beam_3;5;AR/MA;0.28621073904459216;0.3587055638728288;0.02877697002201996;-0.40315066093614504;0.00183868408203125
scenario5;forward;10min;beam_3;5;ARIMA(5,1,0);0.33403584939894876;0.40828182992733464;0.033653131572304054;-0.8178087279354429;0.025967836380004883
scenario5;forward;10min;beam_3;5;Random Forest;0.268926153834296;0.35171007082059597;0.027345119327063776;-0.3375757339645922;0.07364416122436523
scenario5;forward;10min;beam_3;5;SVM;0.2663380362993064;0.36194318408726556;0.027158409922708498;-0.4165424005111089;0.0008258819580078125
scenario5;forward;10min;beam_3;5;GRU PyTorch;0.26236918424112865;0.34439194875005225;0.026683174710196485;-0.28249226072698663;0.4034550189971924
scenario5;forward;10min;beam_3;5;LSTM PyTorch;0.2726182655176349;0.3657959922770909;0.02760327020193351;-0.4468604960063318;0.41204285621643066
scenario5;return;1s;beam_1;1;AR/MA;5.675499575864439;6.737425374559889;0.3087956953448775;-1.0700529548893036;0.004384040832519531
scenario5;return;1s;beam_1;1;ARIMA(5,1,0);3.826737789916812;4.809726728581913;0.17916564102812288;-0.05495594480461108;0.0853278636932373
scenario5;return;1s;beam_1;1;Random Forest;4.041389726746731;5.023447137305418;0.21009554476931397;-0.1472885686804517;0.33330368995666504
scenario5;return;1s;beam_1;1;SVM;4.0603219073625185;5.00124723736617;0.2119221557301167;-0.1371706507704702;0.03399085998535156
scenario5;return;1s;beam_1;1;GRU PyTorch;4.38766652232111;5.363649346047769;0.2298274694138324;-0.30794580362831336;0.3506488800048828
scenario5;return;1s;beam_1;1;LSTM PyTorch;4.265065714455011;5.247658073562685;0.22200654913634182;-0.25198767232135255;0.34935903549194336
scenario5;return;1s;beam_1;5;AR/MA;5.676797813880873;6.743269228658025;0.3091095224724123;-1.067883455312451;0.004498720169067383
scenario5;return;1s;beam_1;5;ARIMA(5,1,0);3.8172095504376915;4.808816774573264;0.17892617456829443;-0.05162649525311269;0.08606410026550293
scenario5;return;1s;beam_1;5;Random Forest;4.081696347593687;5.0146294566540375;0.20842782112897607;-0.14326442142317308;0.3278219699859619
scenario5;return;1s;beam_1;5;SVM;4.091951424337496;4.99066120289828;0.21073917496692995;-0.1323616954404203;0.0325930118560791
scenario5;return;1s;beam_1;5;GRU PyTorch;3.943827964880361;4.982974819815496;0.19556595522324594;-0.12887636038790706;0.33834195137023926
scenario5;return;1s;beam_1;5;LSTM PyTorch;3.7636102803503535;4.866559456702845;0.17932602538792358;-0.07674548874929821;0.3424248695373535
scenario5;return;1s;beam_2;1;AR/MA;3.412182130760703;4.0907457948921175;0.31293321906801724;-1.0683167303135086;0.004492044448852539
scenario5;return;1s;beam_2;1;ARIMA(5,1,0);2.3457169679286554;2.965676755192368;0.18181121263399697;-0.0870754453675977;0.060662031173706055
scenario5;return;1s;beam_2;1;Random Forest;2.4703879981681385;3.031347159782263;0.2156348048944862;-0.13238508860320963;0.33574509620666504
scenario5;return;1s;beam_2;1;SVM;2.4785260517470546;3.0612515636540354;0.2167281565370386;-0.15483737195008818;0.032781124114990234
scenario5;return;1s;beam_2;1;GRU PyTorch;2.357365891991439;2.9705310523021717;0.19450491985248847;-0.08740414225856452;0.3443598747253418
scenario5;return;1s;beam_2;1;LSTM PyTorch;2.548350868168908;3.121958204788631;0.22133971214820006;-0.20109389385926613;0.3468441963195801
scenario5;return;1s;beam_2;5;AR/MA;3.4160013499429156;4.097540007053538;0.31354614731493213;-1.0636088865718576;0.004500150680541992
scenario5;return;1s;beam_2;5;ARIMA(5,1,0);2.3425977239666893;2.9676901813519363;0.18182016211403546;-0.08247557057651078;0.06028008460998535
scenario5;return;1s;beam_2;5;Random Forest;2.5187953254559927;3.061873755662446;0.2180994054537135;-0.15530685548563206;0.3247568607330322
scenario5;return;1s;beam_2;5;SVM;2.510955543873748;3.049213860616722;0.2173341509239197;-0.14577293763633858;0.03102588653564453
scenario5;return;1s;beam_2;5;GRU PyTorch;2.338592844473925;3.0274332165676063;0.17986014593517466;-0.12946280392961884;0.33883023262023926
scenario5;return;1s;beam_2;5;LSTM PyTorch;3.0651859659598544;3.678680582392418;0.27492411334104794;-0.667657840670552;0.3489861488342285
scenario5;return;1s;beam_3;1;AR/MA;2.256183794511111;2.6989945870840155;0.30947666595203843;-1.0730566582827143;0.004445314407348633
scenario5;return;1s;beam_3;1;ARIMA(5,1,0);1.5310190962007686;1.9369313407997477;0.17922535457430808;-0.06766645412835248;0.06789588928222656
scenario5;return;1s;beam_3;1;Random Forest;1.620018653183847;2.013271084495873;0.21172976567958987;-0.14973255723546863;0.3344438076019287
scenario5;return;1s;beam_3;1;SVM;1.646872451566206;2.025222050207157;0.21601032578643295;-0.16342291087743455;0.0327301025390625
scenario5;return;1s;beam_3;1;GRU PyTorch;1.9813772935367155;2.381797740492597;0.2672213571634503;-0.6091705481987693;0.33846402168273926
scenario5;return;1s;beam_3;1;LSTM PyTorch;1.556662777632393;1.9851074266299262;0.18654750362356168;-0.11779032359360109;0.3441050052642822
scenario5;return;1s;beam_3;5;AR/MA;2.254962596171468;2.7007414691876366;0.3095412400822138;-1.071249816316878;0.004693031311035156
scenario5;return;1s;beam_3;5;ARIMA(5,1,0);1.5268698617389058;1.935995646586712;0.17889909931462808;-0.06432731915738654;0.06748509407043457
scenario5;return;1s;beam_3;5;Random Forest;1.6530403015545825;2.01185268392394;0.21289209138066564;-0.1481130963830335;0.3310573101043701
scenario5;return;1s;beam_3;5;SVM;1.683735568905446;2.038176964952786;0.21749275923356012;-0.17835485471441181;0.03176617622375488
scenario5;return;1s;beam_3;5;GRU PyTorch;1.541980240779815;1.9800813691961145;0.18147476739182491;-0.11213726307426586;0.3460838794708252
scenario5;return;1s;beam_3;5;LSTM PyTorch;1.6115084638177029;2.0056120687328587;0.2046765937176074;-0.14100142309967567;0.3450307846069336
scenario5;return;1min;beam_1;1;AR/MA;1.4028992837078917;1.7669769870423055;0.05645213084141876;-0.09360718695533854;0.0038509368896484375
scenario5;return;1min;beam_1;1;ARIMA(5,1,0);1.6534101071176652;2.067416797278307;0.06531603631368511;-0.49711668325457237;0.05519366264343262
scenario5;return;1min;beam_1;1;Random Forest;1.1998299325971997;1.5509908935564136;0.04859707192676003;0.15934753767681242;0.2707252502441406
scenario5;return;1min;beam_1;1;SVM;1.2421372176434422;1.5899077786717466;0.05036789828105614;0.11663159531580636;0.02801990509033203
scenario5;return;1min;beam_1;1;GRU PyTorch;1.2357635498694628;1.5969061275703074;0.049819968983256344;0.10883777682483353;0.2751607894897461
scenario5;return;1min;beam_1;1;LSTM PyTorch;1.2003192365902762;1.5570319713579057;0.04873359650777702;0.1527861359645284;0.27959609031677246
scenario5;return;1min;beam_1;5;AR/MA;1.4010891562674526;1.764269465154419;0.05631829741279575;-0.09015007600765035;0.003985881805419922
scenario5;return;1min;beam_1;5;ARIMA(5,1,0);1.6584729310513717;2.0730183549426395;0.06546272527206;-0.5050909656969527;0.05698204040527344
scenario5;return;1min;beam_1;5;Random Forest;1.434921564706138;1.8055120478979445;0.05792851537194213;-0.13919684903844765;0.27730298042297363
scenario5;return;1min;beam_1;5;SVM;1.4249084503302152;1.8291479550824645;0.05754393068831705;-0.16921846473686086;0.0283050537109375
scenario5;return;1min;beam_1;5;GRU PyTorch;1.415219617726142;1.7798342817170276;0.05683638017195627;-0.10702423517864945;0.26915717124938965
scenario5;return;1min;beam_1;5;LSTM PyTorch;1.455799140288287;1.830534181575762;0.05817782842219352;-0.17099132928069616;0.27347517013549805
scenario5;return;1min;beam_2;1;AR/MA;0.8399959506475893;1.0620837369214047;0.05633633879168244;-0.09167150434438098;0.003838062286376953
scenario5;return;1min;beam_2;1;ARIMA(5,1,0);0.9882556492888573;1.2381916266107316;0.06507486613419801;-0.4837139570570941;0.05528378486633301
scenario5;return;1min;beam_2;1;Random Forest;0.7188155332810059;0.9279761343384112;0.04858124141899855;0.1684522509793306;0.27080488204956055
scenario5;return;1min;beam_2;1;SVM;0.7488982013821273;0.9559145402316541;0.05067208950741631;0.1176280105540819;0.029122114181518555
scenario5;return;1min;beam_2;1;GRU PyTorch;0.799620212493051;1.0253105219690637;0.05313177851493841;-0.015136413274099425;0.2893490791320801
scenario5;return;1min;beam_2;1;LSTM PyTorch;0.7217683694580699;0.9257377825985474;0.04963372553246415;0.17245893064509932;0.2764749526977539
scenario5;return;1min;beam_2;5;AR/MA;0.8380273951961441;1.0593418616647012;0.056134212033022664;-0.08777758262592994;0.004191160202026367
scenario5;return;1min;beam_2;5;ARIMA(5,1,0);0.9906300402602048;1.24112244695765;0.06516894503536512;-0.49312819412553854;0.05501532554626465
scenario5;return;1min;beam_2;5;Random Forest;0.8715027901845906;1.1023277517356862;0.05860926551920762;-0.1733702160605275;0.2711491584777832
scenario5;return;1min;beam_2;5;SVM;0.8606895697599014;1.1051417740293612;0.05797082518699639;-0.17936862165970502;0.028432846069335938
scenario5;return;1min;beam_2;5;GRU PyTorch;0.8494368098314942;1.072152825270873;0.05681977495771592;-0.11001019235130527;0.2684049606323242
scenario5;return;1min;beam_2;5;LSTM PyTorch;0.8168817959339916;1.036785098244229;0.055087302104732574;-0.037984983821009344;0.2716059684753418
scenario5;return;1min;beam_3;1;AR/MA;0.5649489711835938;0.710562591488075;0.056870741727593294;-0.09003081066464569;0.004045009613037109
scenario5;return;1min;beam_3;1;ARIMA(5,1,0);0.6629071536993616;0.8295663042658173;0.06548762764634318;-0.48571771269465924;0.06638097763061523
scenario5;return;1min;beam_3;1;Random Forest;0.486045377071788;0.6249231600460728;0.04918502195590927;0.15886284157648534;0.27403807640075684
scenario5;return;1min;beam_3;1;SVM;0.5014701347273176;0.6388449487300426;0.05086710965374178;0.12096835670689099;0.028365135192871094
scenario5;return;1min;beam_3;1;GRU PyTorch;0.479226406596424;0.6212414567905784;0.04888427986440044;0.1687446806253441;0.27509212493896484
scenario5;return;1min;beam_3;1;LSTM PyTorch;0.5047792108662147;0.6497032888389437;0.05078165438409401;0.09083290535212951;0.2743048667907715
scenario5;return;1min;beam_3;5;AR/MA;0.563576784216632;0.7088263791016595;0.056658147379482014;-0.08654331516437552;0.003977060317993164
scenario5;return;1min;beam_3;5;ARIMA(5,1,0);0.6639887624138069;0.8311942101665483;0.06552776696823766;-0.49407472851241163;0.06552600860595703
scenario5;return;1min;beam_3;5;Random Forest;0.5854793893473862;0.7400138721319903;0.05914801804576723;-0.17948738566942501;0.27551889419555664
scenario5;return;1min;beam_3;5;SVM;0.5788631898298593;0.7436120264640375;0.05854972728336202;-0.19098526566723506;0.028276920318603516
scenario5;return;1min;beam_3;5;GRU PyTorch;0.5433961306512445;0.6878434870183356;0.05520030810063476;-0.019043768152881668;0.2691459655761719
scenario5;return;1min;beam_3;5;LSTM PyTorch;0.5469795363718202;0.6911647302357492;0.05543034348836236;-0.028908405254978176;0.2789149284362793
scenario5;return;10min;beam_1;1;AR/MA;0.7053033195299445;0.9010316247530856;0.028403355977260198;-0.4261934236953411;0.0016551017761230469
scenario5;return;10min;beam_1;1;ARIMA(5,1,0);0.846574950643575;1.016040198987077;0.03412240402092635;-0.8135107851960002;0.02187967300415039
scenario5;return;10min;beam_1;1;Random Forest;0.6783688968194268;0.871450162847966;0.027623577454769337;-0.33824809735471706;0.07528305053710938
scenario5;return;10min;beam_1;1;SVM;0.6884919569434814;0.9030278305964154;0.02793744461786676;-0.43699015940427355;0.0011169910430908203
scenario5;return;10min;beam_1;1;GRU PyTorch;0.597047004000205;0.7263904230449499;0.02442327642199544;0.07019528708182976;0.41146087646484375
scenario5;return;10min;beam_1;1;LSTM PyTorch;0.5653504544079514;0.6990060517512149;0.02318599654956268;0.13897969111700614;0.4091830253601074
scenario5;return;10min;beam_1;5;AR/MA;0.7308797160554844;0.8957684493994514;0.029409914500236937;-0.4384758168035472;0.0018091201782226562
scenario5;return;10min;beam_1;5;ARIMA(5,1,0);0.8468693157797202;1.0175088715973546;0.03412622070582998;-0.8560405086772829;0.02145099639892578
scenario5;return;10min;beam_1;5;Random Forest;0.6938917967498187;0.9008352345780744;0.028257787542839485;-0.430020465402124;0.07371187210083008
scenario5;return;10min;beam_1;5;SVM;0.6521087666283956;0.8917367738038924;0.02658255163123845;-0.4012798501171584;0.0009028911590576172
scenario5;return;10min;beam_1;5;GRU PyTorch;0.7095738120740612;0.9564306182935695;0.028666736717444904;-0.6119756060302233;0.40023112297058105
scenario5;return;10min;beam_1;5;LSTM PyTorch;0.6930541489395751;0.9369661961657366;0.028011215575847993;-0.5470322570338195;0.4100801944732666
scenario5;return;10min;beam_2;1;AR/MA;0.4191966422046755;0.542141084093426;0.028110618668885142;-0.41392700579803243;0.002103090286254883
scenario5;return;10min;beam_2;1;ARIMA(5,1,0);0.5026089089028916;0.609116306034379;0.033747303274096224;-0.7848544287380721;0.025238990783691406
scenario5;return;10min;beam_2;1;Random Forest;0.40182977060305625;0.5078118455731598;0.027252710248337444;-0.24257470149821114;0.07492399215698242
scenario5;return;10min;beam_2;1;SVM;0.4180675789803945;0.5490677977688515;0.028264986522961007;-0.45267612784971845;0.0008220672607421875
scenario5;return;10min;beam_2;1;GRU PyTorch;0.36440347303645376;0.43525550054327833;0.024803377350243384;0.08713745322920419;0.4046192169189453
scenario5;return;10min;beam_2;1;LSTM PyTorch;0.3557238757623369;0.43114039168025653;0.02420067144030532;0.10431711328299009;0.4084129333496094
scenario5;return;10min;beam_2;5;AR/MA;0.4354693946237965;0.5389495193964017;0.02917726978032058;-0.4207571213188501;0.0017993450164794922
scenario5;return;10min;beam_2;5;ARIMA(5,1,0);0.5018423005283656;0.6105500466073158;0.03367955380941455;-0.8233338767608649;0.024632692337036133
scenario5;return;10min;beam_2;5;Random Forest;0.4208470228744074;0.5311372704299849;0.028506070358171615;-0.3593472324731499;0.07357311248779297
scenario5;return;10min;beam_2;5;SVM;0.3869839236812938;0.5338801468812793;0.02625872929055306;-0.3734232503206194;0.0009438991546630859
scenario5;return;10min;beam_2;5;GRU PyTorch;0.41376998726948744;0.5557489716924798;0.027890226617742726;-0.48824416406796023;0.40881824493408203
scenario5;return;10min;beam_2;5;LSTM PyTorch;0.3844696026339823;0.507927458804154;0.026034567853648872;-0.2431405584411721;0.4104170799255371
scenario5;return;10min;beam_3;1;AR/MA;0.28151818703704196;0.36262065565353874;0.02833098648731545;-0.40275121586529905;0.0017879009246826172
scenario5;return;10min;beam_3;1;ARIMA(5,1,0);0.3356061167888296;0.40586603098373164;0.0338113848085583;-0.7572800765715544;0.029727935791015625
scenario5;return;10min;beam_3;1;Random Forest;0.27206275027577226;0.34942086419649676;0.027640074528719378;-0.30203793791290123;0.0740048885345459
scenario5;return;10min;beam_3;1;SVM;0.28207646064398195;0.36690470273959397;0.028618111600615177;-0.43559695402642284;0.0008449554443359375
scenario5;return;10min;beam_3;1;GRU PyTorch;0.23082289471437092;0.2844920839554944;0.02361878217496951;0.13688960968874453;0.40303587913513184
scenario5;return;10min;beam_3;1;LSTM PyTorch;0.23606173493418187;0.28767734611582346;0.024094256503532096;0.11745410580685689;0.4105870723724365
scenario5;return;10min;beam_3;5;AR/MA;0.29010596056579124;0.36077493390507404;0.029164240699565903;-0.40511528386451845;0.0017910003662109375
scenario5;return;10min;beam_3;5;ARIMA(5,1,0);0.33436827260703417;0.4070100111305235;0.03366864011631466;-0.7883372772625465;0.030155181884765625
scenario5;return;10min;beam_3;5;Random Forest;0.2831654095408928;0.36265993905395566;0.028806168679033097;-0.40257192053767255;0.07467508316040039
scenario5;return;10min;beam_3;5;SVM;0.2556768069035346;0.3611532521233753;0.026027160973399188;-0.39094203376810044;0.0008618831634521484
scenario5;return;10min;beam_3;5;GRU PyTorch;0.27763479917314154;0.36651716657252315;0.02809674001695645;-0.4325659112405118;0.4212770462036133
scenario5;return;10min;beam_3;5;LSTM PyTorch;0.26449267057409187;0.357286757457023;0.026766759117765472;-0.36131870237303154;0.40783190727233887
scenario6;forward;1s;beam_1;1;AR/MA;6.8518512886231155;8.114378573490889;0.399092225311124;-0.5721617242031274;0.004479885101318359
scenario6;forward;1s;beam_1;1;ARIMA(5,1,0);5.395004280642905;6.5941801674769165;0.29193458661186467;-0.038265217294684906;0.09121417999267578
scenario6;forward;1s;beam_1;1;Random Forest;5.694786113056627;6.9081288595952355;0.31647444464497826;-0.13599039714565797;0.3557469844818115
scenario6;forward;1s;beam_1;1;SVM;13.54707626848153;15.33659684129516;0.7647336769088838;-4.599017213628178;0.0018901824951171875
scenario6;forward;1s;beam_1;1;GRU PyTorch;5.8873422757348015;7.3695080611883785;0.2653617852004293;-0.2927983723568015;0.3451259136199951
scenario6;forward;1s;beam_1;1;LSTM PyTorch;6.443873173441803;8.081137330284802;0.27536531565722305;-0.554528807652293;0.35091590881347656
scenario6;forward;1s;beam_1;5;AR/MA;6.870308309839914;8.141949908720195;0.40096780135296706;-0.5708449692080457;0.004538297653198242
scenario6;forward;1s;beam_1;5;ARIMA(5,1,0);5.416032408941916;6.6178015103395715;0.29357052465533207;-0.03777677552619951;0.09221601486206055
scenario6;forward;1s;beam_1;5;Random Forest;5.729992831942082;7.0235284495882615;0.31592905981417313;-0.1742606074779962;0.3500251770019531
scenario6;forward;1s;beam_1;5;SVM;12.5900413555465;15.333103541331933;0.5925472357028204;-4.5964668669908235;0.0026710033416748047
scenario6;forward;1s;beam_1;5;GRU PyTorch;5.647020195951615;6.833642124672479;0.3149952012012077;-0.11162489061481073;0.33704495429992676
scenario6;forward;1s;beam_1;5;LSTM PyTorch;5.405679317107431;6.607517974497859;0.29367732933762847;-0.03927506279561066;0.3485097885131836
scenario6;forward;1s;beam_2;1;AR/MA;4.151756524427397;4.9064291738605235;0.40441621273099687;-0.5828415008843502;0.004561185836791992
scenario6;forward;1s;beam_2;1;ARIMA(5,1,0);3.1846741388446316;3.9252969724165845;0.282282685023961;-0.013097862871820354;0.08620786666870117
scenario6;forward;1s;beam_2;1;Random Forest;3.4753341019088526;4.2188169125486485;0.32379076560501086;-0.16649387155412332;0.3598439693450928
scenario6;forward;1s;beam_2;1;SVM;7.864462422780131;8.961227725179366;0.745211835274275;-4.263033477304553;0.0019681453704833984
scenario6;forward;1s;beam_2;1;GRU PyTorch;3.3023106959306285;4.077562097956417;0.2741042165179865;-0.08968826057548118;0.33959317207336426
scenario6;forward;1s;beam_2;1;LSTM PyTorch;3.3529810934962443;4.056376849712454;0.3021643691390603;-0.07839457817478479;0.3447380065917969
scenario6;forward;1s;beam_2;5;AR/MA;4.163009631289634;4.920806002876696;0.4062401241811336;-0.5788404077099711;0.004534721374511719
scenario6;forward;1s;beam_2;5;ARIMA(5,1,0);3.201938891087268;3.940339165620384;0.2841608377557657;-0.012355288957294208;0.08524298667907715
scenario6;forward;1s;beam_2;5;Random Forest;3.470669290308665;4.2642068426521;0.31995589102894256;-0.191729335987048;0.35271573066711426
scenario6;forward;1s;beam_2;5;SVM;8.04083144797033;9.65483875145303;0.6338750074546122;-5.109295816941393;0.0027883052825927734
scenario6;forward;1s;beam_2;5;GRU PyTorch;4.229082899126761;4.989840911188507;0.41282054117949585;-0.6318284615786287;0.34545111656188965
scenario6;forward;1s;beam_2;5;LSTM PyTorch;3.491440621190298;4.191540266602275;0.3278822991003593;-0.1514587649574426;0.34726810455322266
scenario6;forward;1s;beam_3;1;AR/MA;2.768090867424258;3.270156660020621;0.4041263111997749;-0.5705761387825077;0.004605770111083984
scenario6;forward;1s;beam_3;1;ARIMA(5,1,0);2.173749949955952;2.663294301127672;0.29553947645230105;-0.041742056961744156;0.07911396026611328
scenario6;forward;1s;beam_3;1;Random Forest;2.313425325983309;2.813888150576169;0.3232449692126101;-0.15961110267867884;0.3565220832824707
scenario6;forward;1s;beam_3;1;SVM;5.808750369159083;6.511491547156925;0.8176193192895763;-5.209543385458089;0.002051830291748047
scenario6;forward;1s;beam_3;1;GRU PyTorch;2.2459087745830257;2.7374146883858295;0.2971167807126976;-0.09743773728658334;0.33930397033691406
scenario6;forward;1s;beam_3;1;LSTM PyTorch;3.1004515503684713;3.6987670309701692;0.45694573129914473;-1.0036075490683047;0.3491048812866211
scenario6;forward;1s;beam_3;5;AR/MA;2.7746230274434525;3.279748488526935;0.4057950494147042;-0.5674584165321135;0.004686117172241211
scenario6;forward;1s;beam_3;5;ARIMA(5,1,0);2.1815066356290482;2.6721974402808626;0.29700651189874755;-0.04052383819681693;0.08087277412414551
scenario6;forward;1s;beam_3;5;Random Forest;2.259455776763945;2.7871088538073474;0.31354679937909796;-0.13764448395057527;0.3523731231689453
scenario6;forward;1s;beam_3;5;SVM;5.186386341661412;6.260428272204887;0.6117618966803676;-4.739932584984548;0.0028181076049804688
scenario6;forward;1s;beam_3;5;GRU PyTorch;2.156794774319249;2.650134910036314;0.2922970387570548;-0.028571933698137597;0.33952784538269043
scenario6;forward;1s;beam_3;5;LSTM PyTorch;2.5563092934583995;3.0342877115822566;0.3688025533344967;-0.34837974516989756;0.3419458866119385
scenario6;forward;1min;beam_1;1;AR/MA;1.3473801545289148;1.7147376679759443;0.05447652087635837;-0.004850622373164137;0.004297971725463867
scenario6;forward;1min;beam_1;1;ARIMA(5,1,0);1.4466958043156264;1.8321742204406157;0.05942936895140476;-0.14720139306573343;0.06745409965515137
scenario6;forward;1min;beam_1;1;Random Forest;1.2576594720491556;1.5988932513800975;0.05056368706356532;0.12876548495822993;0.33233094215393066
scenario6;forward;1min;beam_1;1;SVM;1.2401974905693294;1.564322152502444;0.04967377199680761;0.16603365637854772;0.04124808311462402
scenario6;forward;1min;beam_1;1;GRU PyTorch;1.2453964276624654;1.5941792371942172;0.049078861535204604;0.13389523018873528;0.3617279529571533
scenario6;forward;1min;beam_1;1;LSTM PyTorch;1.2000244973283039;1.5216161084244166;0.04824254748910708;0.21094672310957607;0.34482884407043457
scenario6;forward;1min;beam_1;5;AR/MA;1.361795206917102;1.7270523323414166;0.0550643995704258;-0.009293346411444414;0.004409074783325195
scenario6;forward;1min;beam_1;5;ARIMA(5,1,0);1.4598472247248924;1.842782465601219;0.05997892915058851;-0.14909135564618126;0.06652498245239258
scenario6;forward;1min;beam_1;5;Random Forest;1.3338838339466739;1.7295144109117102;0.053993576812519525;-0.019399704652435235;0.34348487854003906
scenario6;forward;1min;beam_1;5;SVM;1.3327461639192797;1.741433897113822;0.053912581657101;-0.033499143051574976;0.041226863861083984
scenario6;forward;1min;beam_1;5;GRU PyTorch;1.3131565637560667;1.68531742731414;0.05262627521156324;0.03203521732735237;0.3450291156768799
scenario6;forward;1min;beam_1;5;LSTM PyTorch;1.3306352675252762;1.6937181673331625;0.05384160445369821;0.02236120927402474;0.3495001792907715
scenario6;forward;1min;beam_2;1;AR/MA;0.8047675184425629;1.0265855878855528;0.05424682821288618;-0.004579852724295952;0.0047070980072021484
scenario6;forward;1min;beam_2;1;ARIMA(5,1,0);0.8651862889134039;1.0979167561009513;0.05925806620122506;-0.1490342243002034;0.06734800338745117
scenario6;forward;1min;beam_2;1;Random Forest;0.7566287834745085;0.9596294603664688;0.05076010690203085;0.12452848596171473;0.32732701301574707
scenario6;forward;1min;beam_2;1;SVM;0.7554848624864103;0.9517233854418868;0.050454022524775204;0.13889451263543517;0.04162096977233887
scenario6;forward;1min;beam_2;1;GRU PyTorch;0.7260892210643815;0.9211546633788757;0.04900084954790808;0.1933224226324225;0.33919405937194824
scenario6;forward;1min;beam_2;1;LSTM PyTorch;0.723131104064972;0.9185300358971517;0.04857474036628486;0.19791277414383623;0.3519260883331299
scenario6;forward;1min;beam_2;5;AR/MA;0.8134844181422398;1.0339617639200602;0.054836335159507456;-0.008377891516849534;0.0047588348388671875
scenario6;forward;1min;beam_2;5;ARIMA(5,1,0);0.8726537647810769;1.1041498765478068;0.05977789363119303;-0.14992737859724903;0.06753396987915039
scenario6;forward;1min;beam_2;5;Random Forest;0.7922793392940818;1.030714751330745;0.05350444196269651;-0.009977871163792784;0.34780192375183105
scenario6;forward;1min;beam_2;5;SVM;0.8028278076682287;1.0501784997111043;0.05411086085945488;-0.04848234192247225;0.041825056076049805
scenario6;forward;1min;beam_2;5;GRU PyTorch;0.8733812336967969;1.116929160421022;0.05677869754278408;-0.186003946577306;0.33834385871887207
scenario6;forward;1min;beam_2;5;LSTM PyTorch;0.7896296347197396;1.0100406720928914;0.05304334203075948;0.030132068713241034;0.3433499336242676
scenario6;forward;1min;beam_3;1;AR/MA;0.5383934511317156;0.6855151553690426;0.054422612195683166;-0.004888587527098087;0.004373073577880859
scenario6;forward;1min;beam_3;1;ARIMA(5,1,0);0.5919602335741171;0.7491052274733043;0.060956137106847726;-0.1999674017614148;0.079376220703125
scenario6;forward;1min;beam_3;1;Random Forest;0.5042464921033087;0.6393501518387581;0.050692461474501446;0.12798785408289115;0.3308529853820801
scenario6;forward;1min;beam_3;1;SVM;0.5039827925209404;0.6311434047610943;0.0504826023228837;0.15023060532403065;0.04118776321411133
scenario6;forward;1min;beam_3;1;GRU PyTorch;0.4885002617165867;0.6164215068923142;0.049209727689052116;0.18941128277407038;0.34385180473327637
scenario6;forward;1min;beam_3;1;LSTM PyTorch;0.5093612909964133;0.6522362046353265;0.04998482412799139;0.09248294998338602;0.3460872173309326
scenario6;forward;1min;beam_3;5;AR/MA;0.5442437186168416;0.6902415518188847;0.05501501503678803;-0.008605743387817277;0.004405021667480469
scenario6;forward;1min;beam_3;5;ARIMA(5,1,0);0.5966398862380757;0.7531187602447352;0.06144731785027632;-0.20073223338293822;0.0800318717956543
scenario6;forward;1min;beam_3;5;Random Forest;0.532030918221793;0.6875910933357057;0.05383254034573341;-0.008568671153922569;0.3419029712677002
scenario6;forward;1min;beam_3;5;SVM;0.5371093989405765;0.7020655138674027;0.05433452797761248;-0.051478192660803446;0.04152202606201172
scenario6;forward;1min;beam_3;5;GRU PyTorch;0.5293230168397757;0.6805146135385061;0.05256848010637945;0.012084270323721502;0.34305405616760254
scenario6;forward;1min;beam_3;5;LSTM PyTorch;0.5280518577737778;0.6747305043647136;0.05316818221270578;0.028806697826878502;0.35311007499694824
scenario6;forward;10min;beam_1;1;AR/MA;0.9513080734182977;1.189066468342683;0.038792556567695965;-0.500421846418623;0.0017690658569335938
scenario6;forward;10min;beam_1;1;ARIMA(5,1,0);1.1959132132914307;1.4697484894721944;0.0488571918380315;-1.2923828968884;0.023391008377075195
scenario6;forward;10min;beam_1;1;Random Forest;0.840901837707871;1.041822677308741;0.033740564461819965;-0.16362822005411304;0.07988810539245605
scenario6;forward;10min;beam_1;1;SVM;0.8775721812920115;1.1385107719232797;0.03522866835109699;-0.38963556405162514;0.0009808540344238281
scenario6;forward;10min;beam_1;1;GRU PyTorch;0.7925749709603569;0.973971236354165;0.03191418525503684;-0.01699518057224636;0.5330181121826172
scenario6;forward;10min;beam_1;1;LSTM PyTorch;0.809638992652308;1.007512540210357;0.03270811021859527;-0.08824718628683814;0.5403521060943604
scenario6;forward;10min;beam_1;5;AR/MA;1.0233737970689827;1.2669760868686246;0.041990913977763826;-0.8273282881191457;0.001987934112548828
scenario6;forward;10min;beam_1;5;ARIMA(5,1,0);1.2696705137174669;1.548614996649654;0.05211427626293485;-1.7300252422916667;0.02286505699157715
scenario6;forward;10min;beam_1;5;Random Forest;0.8037136367648557;1.0155744753148954;0.03251401385231717;-0.10573278441762302;0.07922101020812988
scenario6;forward;10min;beam_1;5;SVM;0.7295481175876264;0.9380562784486495;0.029411369538029336;0.05662487341308564;0.0008890628814697266
scenario6;forward;10min;beam_1;5;GRU PyTorch;0.8327366436952147;1.0494643006500615;0.03367794149984927;-0.18076092330532978;0.5498559474945068
scenario6;forward;10min;beam_1;5;LSTM PyTorch;0.8746495347407683;1.100790807961874;0.035522016249450325;-0.29908097004080725;0.532325029373169
scenario6;forward;10min;beam_2;1;AR/MA;0.5645040945467698;0.7078297025682653;0.038364693429830746;-0.4942419922779593;0.001889944076538086
scenario6;forward;10min;beam_2;1;ARIMA(5,1,0);0.7150973233608435;0.8782526367721316;0.04868014509311232;-1.3003943695092932;0.023237228393554688
scenario6;forward;10min;beam_2;1;Random Forest;0.5022463588781731;0.642310375891112;0.033624215940762724;-0.24407695835008436;0.07860088348388672
scenario6;forward;10min;beam_2;1;SVM;0.5153731059927125;0.6683028621092448;0.034488888433685264;-0.3468028084380277;0.0010249614715576172
scenario6;forward;10min;beam_2;1;GRU PyTorch;0.474716595613068;0.5874180711494922;0.03189515560985796;-0.04052370101041336;0.5352878570556641
scenario6;forward;10min;beam_2;1;LSTM PyTorch;0.46789769270947834;0.5742281163629819;0.031332737113906814;0.005679764314744928;0.5436201095581055
scenario6;forward;10min;beam_2;5;AR/MA;0.6058419902232844;0.7542358375881032;0.041435425710445346;-0.8159878942533967;0.0018451213836669922
scenario6;forward;10min;beam_2;5;ARIMA(5,1,0);0.7596049791680246;0.9255002728638732;0.051947645205134556;-1.734335010110847;0.023067712783813477
scenario6;forward;10min;beam_2;5;Random Forest;0.4713415278269658;0.6022015364216263;0.03179950695363801;-0.09355615579557486;0.07812190055847168
scenario6;forward;10min;beam_2;5;SVM;0.4421245176980108;0.5716262359448815;0.029727067451526618;0.014670063039688208;0.0008602142333984375
scenario6;forward;10min;beam_2;5;GRU PyTorch;0.4881726484621498;0.6244122764823478;0.03293036170617016;-0.17571006839592207;0.525238037109375
scenario6;forward;10min;beam_2;5;LSTM PyTorch;0.5076187499212242;0.642905646510431;0.034326838470657456;-0.24638396023852316;0.540565013885498
scenario6;forward;10min;beam_3;1;AR/MA;0.3793337613959791;0.4752280506853743;0.03868082537414018;-0.5149792030094116;0.0019910335540771484
scenario6;forward;10min;beam_3;1;ARIMA(5,1,0);0.4836004836109636;0.5920964392525041;0.04938376889397413;-1.3517298692862894;0.026907920837402344
scenario6;forward;10min;beam_3;1;Random Forest;0.3288601000562118;0.42056655433444573;0.03301323008114737;-0.1961882668559376;0.07995486259460449
scenario6;forward;10min;beam_3;1;SVM;0.3472943395089529;0.4509503166457142;0.034861071483585186;-0.375268405591612;0.0010769367218017578
scenario6;forward;10min;beam_3;1;GRU PyTorch;0.3201045374964991;0.3974182068125686;0.03230581138808244;-0.06813363846085885;0.5302603244781494
scenario6;forward;10min;beam_3;1;LSTM PyTorch;0.31685534361255213;0.3906596879696303;0.031901954940680065;-0.03211305457230673;0.53672194480896
scenario6;forward;10min;beam_3;5;AR/MA;0.40997683042617816;0.5068447910823171;0.04204770049396005;-0.8401084810785555;0.0019109249114990234
scenario6;forward;10min;beam_3;5;ARIMA(5,1,0);0.5144954317850732;0.6237061023954354;0.05276956829645725;-1.7864640121059248;0.026961803436279297
scenario6;forward;10min;beam_3;5;Random Forest;0.3172498851634959;0.4052805264822047;0.032144193492220224;-0.11081451684377108;0.07873702049255371
scenario6;forward;10min;beam_3;5;SVM;0.2939627839788598;0.38145941461075994;0.029659448228060464;0.015928284270538384;0.0008890628814697266
scenario6;forward;10min;beam_3;5;GRU PyTorch;0.35099098481912344;0.44153175101414693;0.035636571656413304;-0.31842051678371663;0.5346560478210449
scenario6;forward;10min;beam_3;5;LSTM PyTorch;0.3263432771691066;0.4098548106837525;0.03302043504007617;-0.1360309083253386;0.5309090614318848
scenario6;return;1s;beam_1;1;AR/MA;5.993940509986161;7.035126644931298;0.3168634280840632;-0.975799799041279;0.004583835601806641
scenario6;return;1s;beam_1;1;ARIMA(5,1,0);4.201583232406775;5.386494971774041;0.18334819490840729;-0.15827481841303626;0.08448600769042969
scenario6;return;1s;beam_1;1;Random Forest;4.411876063244227;5.290686214859428;0.21918099798900031;-0.11373869615379184;0.3343191146850586
scenario6;return;1s;beam_1;1;SVM;4.29075866509899;5.284783155904845;0.20962844890744087;-0.11125478491739793;0.029944181442260742
scenario6;return;1s;beam_1;1;GRU PyTorch;4.833339148697356;5.775267366177859;0.24292161663702241;-0.32709951100108725;0.3600640296936035
scenario6;return;1s;beam_1;1;LSTM PyTorch;4.881520665110801;5.795902906261972;0.24799703397915515;-0.3366001414198174;0.34809231758117676
scenario6;return;1s;beam_1;5;AR/MA;6.001684847519782;7.039332119298668;0.31718480697814266;-0.9755960985491614;0.004448890686035156
scenario6;return;1s;beam_1;5;ARIMA(5,1,0);4.196669345313964;5.390236277208154;0.18313984437532857;-0.15837947340922187;0.0850377082824707
scenario6;return;1s;beam_1;5;Random Forest;4.257895521137378;5.238050482866664;0.21154227251357616;-0.09168830836001707;0.325714111328125
scenario6;return;1s;beam_1;5;SVM;4.005114328782883;4.955121940805375;0.1933751103157792;0.02305977282623428;0.02900099754333496
scenario6;return;1s;beam_1;5;GRU PyTorch;4.091050688015261;5.078542016222118;0.1917687961084787;-0.0262127340673306;0.33887195587158203
scenario6;return;1s;beam_1;5;LSTM PyTorch;4.015986022689889;5.026327691872718;0.1915190577624551;-0.005219483930418711;0.35113072395324707
scenario6;return;1s;beam_2;1;AR/MA;3.647797574665962;4.273726679609221;0.3223931685115328;-1.0035059208619947;0.004792213439941406
scenario6;return;1s;beam_2;1;ARIMA(5,1,0);2.51262646046222;3.217129618609186;0.18364793833989676;-0.13530946955881418;0.061532020568847656
scenario6;return;1s;beam_2;1;Random Forest;2.6593559395722592;3.2045475010732503;0.22162449339693083;-0.12270293582612268;0.3372960090637207
scenario6;return;1s;beam_2;1;SVM;2.617931889148525;3.2012980824238926;0.2140754067495939;-0.12042724339277333;0.030017852783203125
scenario6;return;1s;beam_2;1;GRU PyTorch;2.881630362526872;3.4477522446540028;0.239983549287844;-0.2995815318962185;0.33760690689086914
scenario6;return;1s;beam_2;1;LSTM PyTorch;2.5050544532520953;3.142647194754577;0.1942876180629284;-0.07974869481005631;0.34243297576904297
scenario6;return;1s;beam_2;5;AR/MA;3.6490750117683044;4.275466692349286;0.32238652863916145;-1.0041689419799074;0.0046079158782958984
scenario6;return;1s;beam_2;5;ARIMA(5,1,0);2.5067005625255185;3.2171152775662373;0.18313618274733992;-0.13475085584143387;0.060031890869140625
scenario6;return;1s;beam_2;5;Random Forest;2.5486438528930764;3.130757349357427;0.21208195901826524;-0.07159393952311799;0.32964396476745605
scenario6;return;1s;beam_2;5;SVM;2.5212295549818524;3.0651857708809205;0.2055280812770878;-0.027176400573079684;0.02969813346862793
scenario6;return;1s;beam_2;5;GRU PyTorch;2.6127785003565296;3.335384801114274;0.1879286302720917;-0.21625131288720056;0.34398818016052246
scenario6;return;1s;beam_2;5;LSTM PyTorch;2.458836774685697;3.028110389598187;0.19964341949330316;-0.002477970740335955;0.3437838554382324
scenario6;return;1s;beam_3;1;AR/MA;2.4405151202500317;2.8512000086770044;0.3233234027054094;-0.9804660292046381;0.004416942596435547
scenario6;return;1s;beam_3;1;ARIMA(5,1,0);1.680057590043742;2.1505963965847963;0.18450830073867375;-0.12675594350898822;0.06005716323852539
scenario6;return;1s;beam_3;1;Random Forest;1.7984677544781293;2.2034167658055286;0.22468476109018923;-0.17904818987609872;0.3351578712463379
scenario6;return;1s;beam_3;1;SVM;1.7557239697382085;2.1452264262082315;0.21459005654171223;-0.11759521331739964;0.03058624267578125
scenario6;return;1s;beam_3;1;GRU PyTorch;1.8513924701133748;2.2209278364298295;0.22892456193548721;-0.197863002692253;0.34073591232299805
scenario6;return;1s;beam_3;1;LSTM PyTorch;1.748155908033989;2.1244482871211283;0.21099520279047987;-0.09605055082508529;0.34981679916381836
scenario6;return;1s;beam_3;5;AR/MA;2.4438917398071984;2.8532585545778573;0.32357398302263907;-0.9814098140928482;0.004436969757080078
scenario6;return;1s;beam_3;5;ARIMA(5,1,0);1.6782389663052961;2.152554837493069;0.18423245696973567;-0.12771797285637776;0.06115412712097168
scenario6;return;1s;beam_3;5;Random Forest;1.7350734612412162;2.115450548926553;0.21594782315709166;-0.0867859416501029;0.3286762237548828
scenario6;return;1s;beam_3;5;SVM;1.6401692458809416;2.0342197494341594;0.19803195053313316;-0.004925784027534075;0.029416799545288086
scenario6;return;1s;beam_3;5;GRU PyTorch;2.0135244081225565;2.389146373683205;0.25928680145582556;-0.38619322768897435;0.3827521800994873
scenario6;return;1s;beam_3;5;LSTM PyTorch;1.6116012389470662;2.024454348659736;0.19078211517573404;0.004699476823281645;0.34703612327575684
scenario6;return;1min;beam_1;1;AR/MA;1.3267489264583394;1.70214866473136;0.05373381117428025;-0.00592571093745331;0.004235029220581055
scenario6;return;1min;beam_1;1;ARIMA(5,1,0);1.4384072051665457;1.8346828436928546;0.059235797402644945;-0.16867278697395127;0.06773710250854492
scenario6;return;1min;beam_1;1;Random Forest;1.226318365066468;1.5447253284779154;0.04938509253860936;0.17370003943263235;0.33310508728027344
scenario6;return;1min;beam_1;1;SVM;1.241141043327277;1.5647256132030871;0.050016175506367375;0.1521645332361442;0.03941011428833008
scenario6;return;1min;beam_1;1;GRU PyTorch;1.1952963898663513;1.520418562849935;0.04780909949640343;0.1994996551499576;0.35246896743774414
scenario6;return;1min;beam_1;1;LSTM PyTorch;1.187537923191227;1.51319228430444;0.047657959684506875;0.20709084343277162;0.3452637195587158
scenario6;return;1min;beam_1;5;AR/MA;1.3399646854973017;1.713683041835388;0.05427561785159095;-0.009610014379824339;0.004546165466308594
scenario6;return;1min;beam_1;5;ARIMA(5,1,0);1.4508206689524938;1.8451548941789848;0.059757609196717666;-0.17046467353797778;0.06673836708068848
scenario6;return;1min;beam_1;5;Random Forest;1.320409624320563;1.7178487264683684;0.05349103360640858;-0.02189207546301053;0.3387730121612549
scenario6;return;1min;beam_1;5;SVM;1.336654571780348;1.7632514155489427;0.054163435025688274;-0.07662306364024829;0.04119420051574707
scenario6;return;1min;beam_1;5;GRU PyTorch;1.2984140201346537;1.667885156987067;0.05249897262692698;0.03668685987126041;0.34540319442749023
scenario6;return;1min;beam_1;5;LSTM PyTorch;1.2935274985230847;1.6660482880836869;0.05183822357530642;0.03880751615921241;0.3493671417236328
scenario6;return;1min;beam_2;1;AR/MA;0.7906285371305259;1.018607254351106;0.05339170649849579;-0.0056472592832219615;0.004513978958129883
scenario6;return;1min;beam_2;1;ARIMA(5,1,0);0.859846563241324;1.0993555338914318;0.059042040139908776;-0.17140878978175889;0.06651496887207031
scenario6;return;1min;beam_2;1;Random Forest;0.7279601526061484;0.9267002432224177;0.0488891503421468;0.16970267333339517;0.3278059959411621
scenario6;return;1min;beam_2;1;SVM;0.7405004797420958;0.9365219007319395;0.04979705328864276;0.15200954985370263;0.0411381721496582
scenario6;return;1min;beam_2;1;GRU PyTorch;0.7041335194927174;0.9067995121654246;0.047417929280641;0.20498075591694487;0.33882808685302734
scenario6;return;1min;beam_2;1;LSTM PyTorch;0.7334574747125506;0.9286592513420222;0.04859577323663194;0.16618853063655425;0.34917497634887695
scenario6;return;1min;beam_2;5;AR/MA;0.7982606513808436;1.0255175515307648;0.05391225529277514;-0.008736617793944523;0.004489898681640625
scenario6;return;1min;beam_2;5;ARIMA(5,1,0);0.8667621839889563;1.1054513026831823;0.05952670602173291;-0.17211661615300966;0.06665921211242676
scenario6;return;1min;beam_2;5;Random Forest;0.7824612452857617;1.0227291828914262;0.05285534403626428;-0.011291559346224833;0.3419153690338135
scenario6;return;1min;beam_2;5;SVM;0.8048820298597474;1.0578037906150306;0.05431829540219986;-0.08184570077159559;0.04174208641052246
scenario6;return;1min;beam_2;5;GRU PyTorch;0.7705163064180331;0.9958314804941624;0.05147388978534043;0.041202731777920554;0.34044575691223145
scenario6;return;1min;beam_2;5;LSTM PyTorch;0.8030515205506069;1.0310763378133512;0.05475161123883024;-0.027866534136620658;0.3450310230255127
scenario6;return;1min;beam_3;1;AR/MA;0.5298432551852439;0.6796014444786713;0.05365864015448627;-0.005920100884315493;0.004405975341796875
scenario6;return;1min;beam_3;1;ARIMA(5,1,0);0.5904939578884584;0.7499637139134561;0.0609356942727481;-0.22499806353457674;0.07280397415161133
scenario6;return;1min;beam_3;1;Random Forest;0.49301914817091935;0.620470444647138;0.04966481015434693;0.1633245138800028;0.33032917976379395
scenario6;return;1min;beam_3;1;SVM;0.49788417177546346;0.6260796040093323;0.050122483857796905;0.14812875669858805;0.04008603096008301
scenario6;return;1min;beam_3;1;GRU PyTorch;0.4808468831253309;0.6207693674686819;0.04904986693020171;0.1625181526919267;0.3491201400756836
scenario6;return;1min;beam_3;1;LSTM PyTorch;0.4864707486928729;0.6282294613523961;0.04968411797269954;0.1422683325405324;0.34487009048461914
scenario6;return;1min;beam_3;5;AR/MA;0.5346165065699813;0.6839975498013132;0.05414717203806482;-0.008921255778478354;0.004549264907836914
scenario6;return;1min;beam_3;5;ARIMA(5,1,0);0.5948448892333185;0.7538574428358474;0.06139523712137405;-0.22553758192750006;0.07208418846130371
scenario6;return;1min;beam_3;5;Random Forest;0.5237439105554402;0.6823666481405745;0.053077447717908954;-0.011929903205558645;0.337202787399292
scenario6;return;1min;beam_3;5;SVM;0.5363090375230671;0.7052614079371005;0.05430605747749026;-0.08097359572697349;0.04180288314819336
scenario6;return;1min;beam_3;5;GRU PyTorch;0.5178150364732524;0.6657779430502406;0.05209373893390492;0.03667317844421791;0.342883825302124
scenario6;return;1min;beam_3;5;LSTM PyTorch;0.5256789814663384;0.6749905453046082;0.05347154321573483;0.009828947783588116;0.37015295028686523
scenario6;return;10min;beam_1;1;AR/MA;0.9540621617889397;1.190566192901284;0.038906886238047264;-0.5040910406335535;0.001714944839477539
scenario6;return;10min;beam_1;1;ARIMA(5,1,0);1.1929623708922028;1.4660051485066021;0.048734595913615536;-1.2805417267219577;0.021967172622680664
scenario6;return;10min;beam_1;1;Random Forest;0.8430008509393601;1.0536792509846484;0.03381721990109926;-0.19058753004014473;0.08116722106933594
scenario6;return;10min;beam_1;1;SVM;0.8993090362734576;1.1506570503407718;0.0360342798096272;-0.41982977402821353;0.0010366439819335938
scenario6;return;10min;beam_1;1;GRU PyTorch;0.7841711846200764;0.9560382625665933;0.03144353065953992;0.019844409351108427;0.5348899364471436
scenario6;return;10min;beam_1;1;LSTM PyTorch;0.7951206154146278;0.9737501598577262;0.03198687725881649;-0.016809411695209997;0.541287899017334
scenario6;return;10min;beam_1;5;AR/MA;1.0327436977721984;1.270821636935688;0.04236333889717832;-0.8446923787039418;0.0018870830535888672
scenario6;return;10min;beam_1;5;ARIMA(5,1,0);1.2648711865490228;1.544137884801682;0.051921495848077384;-1.7234970499762032;0.021399974822998047
scenario6;return;10min;beam_1;5;Random Forest;0.8426136969101109;1.0420633642530452;0.03408495263242687;-0.16448186348610028;0.07772684097290039
scenario6;return;10min;beam_1;5;SVM;0.7387352102850094;0.9417167035915327;0.029764689372946775;0.048990137232155284;0.000843048095703125
scenario6;return;10min;beam_1;5;GRU PyTorch;0.7953682045720116;0.999193923320158;0.03200764227725092;-0.07064142216092595;0.5452308654785156
scenario6;return;10min;beam_1;5;LSTM PyTorch;0.8274336947685027;1.0242045600184289;0.03344446144746106;-0.124910275001203;0.539172887802124
scenario6;return;10min;beam_2;1;AR/MA;0.5659360194123977;0.7087637653887371;0.038464847197879765;-0.4983469940882581;0.0019998550415039062
scenario6;return;10min;beam_2;1;ARIMA(5,1,0);0.7133579043107171;0.8759894435443669;0.04855910452179334;-1.2887962467233849;0.024361848831176758
scenario6;return;10min;beam_2;1;Random Forest;0.501397819335418;0.6400140268923141;0.03353795621474521;-0.23577797941517065;0.07930994033813477
scenario6;return;10min;beam_2;1;SVM;0.5322707353951138;0.6789112583547212;0.03554435444277209;-0.3905528155829341;0.001026153564453125
scenario6;return;10min;beam_2;1;GRU PyTorch;0.47368927952684203;0.5799352823771529;0.03174256965459703;-0.014659977408765679;0.5350227355957031
scenario6;return;10min;beam_2;1;LSTM PyTorch;0.46923118095085536;0.5744497825885202;0.03142370970521009;0.004444201190299535;0.544287919998169
scenario6;return;10min;beam_2;5;AR/MA;0.6111233609609472;0.7565818898022875;0.04178634703564352;-0.8338138304961429;0.001878976821899414
scenario6;return;10min;beam_2;5;ARIMA(5,1,0);0.7567284529043211;0.9228248576127341;0.05175472126270028;-1.7282359646498304;0.024037837982177734
scenario6;return;10min;beam_2;5;Random Forest;0.4745558414083455;0.6095290231263129;0.0319964620465193;-0.120857099173453;0.07872772216796875
scenario6;return;10min;beam_2;5;SVM;0.4434433917748611;0.5708977743098171;0.029816330203049655;0.016717822816444294;0.000823974609375
scenario6;return;10min;beam_2;5;GRU PyTorch;0.49405653552365303;0.6281825724463125;0.033308042926826986;-0.19051051303213917;0.5590720176696777
scenario6;return;10min;beam_2;5;LSTM PyTorch;0.4883292109897822;0.6094489508485185;0.03286114651761928;-0.1205626302227687;0.5394332408905029
scenario6;return;10min;beam_3;1;AR/MA;0.38031172047490264;0.47581367741093616;0.038782850234233994;-0.5193552495430878;0.001953125
scenario6;return;10min;beam_3;1;ARIMA(5,1,0);0.4824056037783231;0.5905179119412849;0.049259189188249335;-1.34019279533194;0.025418996810913086
scenario6;return;10min;beam_3;1;Random Forest;0.3363270849613893;0.4181849309163477;0.03372081376537106;-0.18360872835138808;0.07953000068664551
scenario6;return;10min;beam_3;1;SVM;0.3553472473632671;0.4552418487643616;0.03559354158729232;-0.40267080429980107;0.0009808540344238281
scenario6;return;10min;beam_3;1;GRU PyTorch;0.3310670691553225;0.4044080344901941;0.033379309057600455;-0.10690653458516297;0.5351321697235107
scenario6;return;10min;beam_3;1;LSTM PyTorch;0.3162996178400781;0.38632934619101683;0.03178830331073803;-0.010152165004848612;0.5639119148254395
scenario6;return;10min;beam_3;5;AR/MA;0.4135092531092518;0.5083100829597359;0.04239916288886714;-0.8580574594134869;0.002779245376586914
scenario6;return;10min;beam_3;5;ARIMA(5,1,0);0.5125662355872812;0.6218735272064356;0.052575295004325465;-1.7810310013567654;0.0262448787689209
scenario6;return;10min;beam_3;5;Random Forest;0.33328465395474827;0.42134142134425734;0.03370004741591304;-0.2015440929808019;0.08103489875793457
scenario6;return;10min;beam_3;5;SVM;0.2988806083798589;0.3842737947389618;0.03014167715302722;0.0005687172827245623;0.0008640289306640625
scenario6;return;10min;beam_3;5;GRU PyTorch;0.3293633487485466;0.41928446295949057;0.03328740091879732;-0.18984102669943348;0.5355629920959473
scenario6;return;10min;beam_3;5;LSTM PyTorch;0.32578020411950215;0.40385706196369653;0.032932082768259444;-0.10389245184805573;0.5390846729278564
